window_id,modality,pps,metric,value
W000,depth,4,f1@0.5,0.5845062807358252
W000,depth,4,f1@0.75,0.3587634526267874
W000,depth,4,miou,0.4521209947492483
W000,depth,4,n_gt,8.0
W000,depth,4,n_pred,6.333333333333333
W000,depth,4,n_reg,6.523809523809524
W000,depth,6,f1@0.5,0.6970045491717318
W000,depth,6,f1@0.75,0.4327985968852841
W000,depth,6,miou,0.5443351837340576
W000,depth,6,n_gt,8.0
W000,depth,6,n_pred,6.142857142857143
W000,depth,6,n_reg,6.285714285714286
W000,depth,8,f1@0.5,0.6539242123054595
W000,depth,8,f1@0.75,0.4088248033847326
W000,depth,8,miou,0.5497793423697975
W000,depth,8,n_gt,8.0
W000,depth,8,n_pred,6.857142857142857
W000,depth,8,n_reg,7.238095238095238
W000,depth,12,f1@0.5,0.6628720150391977
W000,depth,12,f1@0.75,0.4204220845087718
W000,depth,12,miou,0.5417560839416746
W000,depth,12,n_gt,8.0
W000,depth,12,n_pred,6.285714285714286
W000,depth,12,n_reg,6.285714285714286
W000,depth,16,f1@0.5,0.6523416678657723
W000,depth,16,f1@0.75,0.3507779589159509
W000,depth,16,miou,0.5403662734972775
W000,depth,16,n_gt,8.0
W000,depth,16,n_pred,7.0
W000,depth,16,n_reg,7.238095238095238
W000,depth,24,f1@0.5,0.6868387603681722
W000,depth,24,f1@0.75,0.4128729658141423
W000,depth,24,miou,0.5450727943588547
W000,depth,24,n_gt,8.0
W000,depth,24,n_pred,6.523809523809524
W000,depth,24,n_reg,7.285714285714286
W000,depth,32,f1@0.5,0.5514759537315929
W000,depth,32,f1@0.75,0.2581315092593288
W000,depth,32,miou,0.5439303825974827
W000,depth,32,n_gt,8.0
W000,depth,32,n_pred,7.857142857142857
W000,depth,32,n_reg,8.095238095238095
W000,depth,48,f1@0.5,0.6570708846250641
W000,depth,48,f1@0.75,0.408951660654447
W000,depth,48,miou,0.5416368596267751
W000,depth,48,n_gt,8.0
W000,depth,48,n_pred,6.9523809523809526
W000,depth,48,n_reg,8.095238095238095
W000,normal,4,f1@0.5,0.5699937256217663
W000,normal,4,f1@0.75,0.319340785837911
W000,normal,4,miou,0.4548578164045286
W000,normal,4,n_gt,8.0
W000,normal,4,n_pred,6.714285714285714
W000,normal,4,n_reg,6.761904761904762
W000,normal,6,f1@0.5,0.6609988527690391
W000,normal,6,f1@0.75,0.4004886935011159
W000,normal,6,miou,0.6953107968404434
W000,normal,6,n_gt,8.0
W000,normal,6,n_pred,9.904761904761903
W000,normal,6,n_reg,10.523809523809524
W000,normal,8,f1@0.5,0.6596912627420483
W000,normal,8,f1@0.75,0.4358039739661953
W000,normal,8,miou,0.7281730456010748
W000,normal,8,n_gt,8.0
W000,normal,8,n_pred,9.952380952380953
W000,normal,8,n_reg,10.142857142857142
W000,normal,12,f1@0.5,0.6292295287088857
W000,normal,12,f1@0.75,0.4156504904586746
W000,normal,12,miou,0.7353212998954879
W000,normal,12,n_gt,8.0
W000,normal,12,n_pred,10.80952380952381
W000,normal,12,n_reg,11.047619047619047
W000,normal,16,f1@0.5,0.6281005707879158
W000,normal,16,f1@0.75,0.4375836690684873
W000,normal,16,miou,0.8065117698495812
W000,normal,16,n_gt,8.0
W000,normal,16,n_pred,11.476190476190476
W000,normal,16,n_reg,11.80952380952381
W000,normal,24,f1@0.5,0.6522914307441161
W000,normal,24,f1@0.75,0.4366457994974619
W000,normal,24,miou,0.8026326691015012
W000,normal,24,n_gt,8.0
W000,normal,24,n_pred,11.238095238095235
W000,normal,24,n_reg,11.428571428571429
W000,normal,32,f1@0.5,0.6488071158330566
W000,normal,32,f1@0.75,0.4277180467808893
W000,normal,32,miou,0.7100913683024842
W000,normal,32,n_gt,8.0
W000,normal,32,n_pred,10.333333333333334
W000,normal,32,n_reg,10.571428571428571
W000,normal,48,f1@0.5,0.6528249115936364
W000,normal,48,f1@0.75,0.4385830829747527
W000,normal,48,miou,0.7998653736237461
W000,normal,48,n_gt,8.0
W000,normal,48,n_pred,11.476190476190476
W000,normal,48,n_reg,11.714285714285714
W000,rgb,4,f1@0.5,0.3306699913842771
W000,rgb,4,f1@0.75,0.0443630443630443
W000,rgb,4,miou,0.3661044928895938
W000,rgb,4,n_gt,8.0
W000,rgb,4,n_pred,3.761904761904762
W000,rgb,4,n_reg,3.761904761904762
W000,rgb,6,f1@0.5,0.5955174999292646
W000,rgb,6,f1@0.75,0.233502390855332
W000,rgb,6,miou,0.6253184257983504
W000,rgb,6,n_gt,8.0
W000,rgb,6,n_pred,5.571428571428571
W000,rgb,6,n_reg,5.809523809523809
W000,rgb,8,f1@0.5,0.4451043681693837
W000,rgb,8,f1@0.75,0.1047168575032352
W000,rgb,8,miou,0.502863499912827
W000,rgb,8,n_gt,8.0
W000,rgb,8,n_pred,5.523809523809524
W000,rgb,8,n_reg,6.238095238095238
W000,rgb,12,f1@0.5,0.4432369545372641
W000,rgb,12,f1@0.75,0.1040943862925287
W000,rgb,12,miou,0.4835068555343406
W000,rgb,12,n_gt,8.0
W000,rgb,12,n_pred,5.619047619047619
W000,rgb,12,n_reg,6.380952380952381
W000,rgb,16,f1@0.5,0.4088590689209884
W000,rgb,16,f1@0.75,0.0877008898680725
W000,rgb,16,miou,0.5036966602650049
W000,rgb,16,n_gt,8.0
W000,rgb,16,n_pred,6.571428571428571
W000,rgb,16,n_reg,7.380952380952381
W000,rgb,24,f1@0.5,0.3790068744955963
W000,rgb,24,f1@0.75,0.077207086981523
W000,rgb,24,miou,0.5147786678609833
W000,rgb,24,n_gt,8.0
W000,rgb,24,n_pred,8.428571428571429
W000,rgb,24,n_reg,8.666666666666666
W000,rgb,32,f1@0.5,0.4284852435228375
W000,rgb,32,f1@0.75,0.1463416561160922
W000,rgb,32,miou,0.5827284123177331
W000,rgb,32,n_gt,8.0
W000,rgb,32,n_pred,7.619047619047619
W000,rgb,32,n_reg,7.857142857142857
W000,rgb,48,f1@0.5,0.4439276679878183
W000,rgb,48,f1@0.75,0.1440418395305613
W000,rgb,48,miou,0.5945669807901472
W000,rgb,48,n_gt,8.0
W000,rgb,48,n_pred,8.285714285714286
W000,rgb,48,n_reg,8.619047619047619
W001,depth,4,f1@0.5,0.5315205289008575
W001,depth,4,f1@0.75,0.4279069294072866
W001,depth,4,miou,0.4519597218928542
W001,depth,4,n_gt,9.538461538461538
W001,depth,4,n_pred,7.769230769230769
W001,depth,4,n_reg,7.769230769230769
W001,depth,6,f1@0.5,0.5277497898360008
W001,depth,6,f1@0.75,0.4188571556516305
W001,depth,6,miou,0.4475363917784968
W001,depth,6,n_gt,9.538461538461538
W001,depth,6,n_pred,7.769230769230769
W001,depth,6,n_reg,7.769230769230769
W001,depth,8,f1@0.5,0.6200678261168855
W001,depth,8,f1@0.75,0.393865635304073
W001,depth,8,miou,0.5176307816572046
W001,depth,8,n_gt,9.538461538461538
W001,depth,8,n_pred,7.538461538461538
W001,depth,8,n_reg,7.6923076923076925
W001,depth,12,f1@0.5,0.5934772829509671
W001,depth,12,f1@0.75,0.4787931366878735
W001,depth,12,miou,0.5778136775721616
W001,depth,12,n_gt,9.538461538461538
W001,depth,12,n_pred,8.692307692307692
W001,depth,12,n_reg,8.692307692307692
W001,depth,16,f1@0.5,0.6020242914979756
W001,depth,16,f1@0.75,0.4864854443801812
W001,depth,16,miou,0.5772157060401457
W001,depth,16,n_gt,9.538461538461538
W001,depth,16,n_pred,8.692307692307692
W001,depth,16,n_reg,8.692307692307692
W001,depth,24,f1@0.5,0.5934772829509671
W001,depth,24,f1@0.75,0.4864854443801812
W001,depth,24,miou,0.5776368492183633
W001,depth,24,n_gt,9.538461538461538
W001,depth,24,n_pred,8.692307692307692
W001,depth,24,n_reg,8.692307692307692
W001,depth,32,f1@0.5,0.6020242914979756
W001,depth,32,f1@0.75,0.4864854443801812
W001,depth,32,miou,0.5784519873687767
W001,depth,32,n_gt,9.538461538461538
W001,depth,32,n_pred,8.692307692307692
W001,depth,32,n_reg,8.692307692307692
W001,depth,48,f1@0.5,0.6208660276771731
W001,depth,48,f1@0.75,0.5136640105680353
W001,depth,48,miou,0.5386802739440691
W001,depth,48,n_gt,9.538461538461538
W001,depth,48,n_pred,7.769230769230769
W001,depth,48,n_reg,7.769230769230769
W001,normal,4,f1@0.5,0.3260897222435683
W001,normal,4,f1@0.75,0.1820036800806031
W001,normal,4,miou,0.2665690129732275
W001,normal,4,n_gt,9.538461538461538
W001,normal,4,n_pred,4.0
W001,normal,4,n_reg,4.0
W001,normal,6,f1@0.5,0.5901472545078166
W001,normal,6,f1@0.75,0.4870550634303909
W001,normal,6,miou,0.4335921092123571
W001,normal,6,n_gt,9.538461538461538
W001,normal,6,n_pred,6.769230769230769
W001,normal,6,n_reg,6.923076923076923
W001,normal,8,f1@0.5,0.6266509468938619
W001,normal,8,f1@0.75,0.455893678970602
W001,normal,8,miou,0.6126744377414624
W001,normal,8,n_gt,9.538461538461538
W001,normal,8,n_pred,8.846153846153847
W001,normal,8,n_reg,8.846153846153847
W001,normal,12,f1@0.5,0.6351258992125864
W001,normal,12,f1@0.75,0.3748968953303319
W001,normal,12,miou,0.5555550739421979
W001,normal,12,n_gt,9.538461538461538
W001,normal,12,n_pred,8.692307692307692
W001,normal,12,n_reg,8.692307692307692
W001,normal,16,f1@0.5,0.6574533309827427
W001,normal,16,f1@0.75,0.4641550691422814
W001,normal,16,miou,0.7337438662266684
W001,normal,16,n_gt,9.538461538461538
W001,normal,16,n_pred,11.615384615384617
W001,normal,16,n_reg,11.615384615384617
W001,normal,24,f1@0.5,0.626669658843572
W001,normal,24,f1@0.75,0.3605095629008673
W001,normal,24,miou,0.7303250022403145
W001,normal,24,n_gt,9.538461538461538
W001,normal,24,n_pred,12.615384615384617
W001,normal,24,n_reg,12.615384615384617
W001,normal,32,f1@0.5,0.6300992358025606
W001,normal,32,f1@0.75,0.4310707621449309
W001,normal,32,miou,0.7394175000432328
W001,normal,32,n_gt,9.538461538461538
W001,normal,32,n_pred,12.538461538461538
W001,normal,32,n_reg,12.615384615384617
W001,normal,48,f1@0.5,0.6282711530714677
W001,normal,48,f1@0.75,0.407109383501278
W001,normal,48,miou,0.7369807778712605
W001,normal,48,n_gt,9.538461538461538
W001,normal,48,n_pred,12.846153846153848
W001,normal,48,n_reg,13.076923076923077
W001,rgb,4,f1@0.5,0.552562859463312
W001,rgb,4,f1@0.75,0.3210722158685959
W001,rgb,4,miou,0.3798836693431829
W001,rgb,4,n_gt,9.538461538461538
W001,rgb,4,n_pred,4.615384615384615
W001,rgb,4,n_reg,4.615384615384615
W001,rgb,6,f1@0.5,0.660931354507206
W001,rgb,6,f1@0.75,0.549287829473588
W001,rgb,6,miou,0.5457495545781166
W001,rgb,6,n_gt,9.538461538461538
W001,rgb,6,n_pred,7.538461538461538
W001,rgb,6,n_reg,7.615384615384615
W001,rgb,8,f1@0.5,0.66681447207763
W001,rgb,8,f1@0.75,0.5408199987147355
W001,rgb,8,miou,0.6445973156794161
W001,rgb,8,n_gt,9.538461538461538
W001,rgb,8,n_pred,8.692307692307692
W001,rgb,8,n_reg,8.76923076923077
W001,rgb,12,f1@0.5,0.5693339598138359
W001,rgb,12,f1@0.75,0.4504721628560638
W001,rgb,12,miou,0.5751929091415547
W001,rgb,12,n_gt,9.538461538461538
W001,rgb,12,n_pred,7.6923076923076925
W001,rgb,12,n_reg,7.6923076923076925
W001,rgb,16,f1@0.5,0.6138542616803486
W001,rgb,16,f1@0.75,0.458454444106618
W001,rgb,16,miou,0.712877606412352
W001,rgb,16,n_gt,9.538461538461538
W001,rgb,16,n_pred,12.461538461538462
W001,rgb,16,n_reg,12.923076923076923
W001,rgb,24,f1@0.5,0.6574910596649727
W001,rgb,24,f1@0.75,0.5307265198569546
W001,rgb,24,miou,0.7130172330980977
W001,rgb,24,n_gt,9.538461538461538
W001,rgb,24,n_pred,11.384615384615383
W001,rgb,24,n_reg,12.076923076923077
W001,rgb,32,f1@0.5,0.6514705209125206
W001,rgb,32,f1@0.75,0.5328131236246004
W001,rgb,32,miou,0.6707521334020201
W001,rgb,32,n_gt,9.538461538461538
W001,rgb,32,n_pred,10.23076923076923
W001,rgb,32,n_reg,11.076923076923077
W001,rgb,48,f1@0.5,0.6514705209125206
W001,rgb,48,f1@0.75,0.5618464091796251
W001,rgb,48,miou,0.6761306607888914
W001,rgb,48,n_gt,9.538461538461538
W001,rgb,48,n_pred,10.23076923076923
W001,rgb,48,n_reg,10.923076923076923
W002,depth,4,f1@0.5,0.6206708354238304
W002,depth,4,f1@0.75,0.4037702370317796
W002,depth,4,miou,0.5613602497717414
W002,depth,4,n_gt,11.588235294117649
W002,depth,4,n_pred,8.0
W002,depth,4,n_reg,8.0
W002,depth,6,f1@0.5,0.4773109243697478
W002,depth,6,f1@0.75,0.3358763113088372
W002,depth,6,miou,0.4334579997448152
W002,depth,6,n_gt,11.588235294117649
W002,depth,6,n_pred,6.0
W002,depth,6,n_reg,6.0
W002,depth,8,f1@0.5,0.2756522216729828
W002,depth,8,f1@0.75,0.1299829735815894
W002,depth,8,miou,0.215501959782949
W002,depth,8,n_gt,11.588235294117649
W002,depth,8,n_pred,3.0
W002,depth,8,n_reg,3.0
W002,depth,12,f1@0.5,0.3867131062951496
W002,depth,12,f1@0.75,0.2578087375300997
W002,depth,12,miou,0.2400881280891124
W002,depth,12,n_gt,11.588235294117649
W002,depth,12,n_pred,4.0
W002,depth,12,n_reg,4.0
W002,depth,16,f1@0.5,0.5244496383949877
W002,depth,16,f1@0.75,0.4096525899729561
W002,depth,16,miou,0.4621418348952751
W002,depth,16,n_gt,11.588235294117649
W002,depth,16,n_pred,8.0
W002,depth,16,n_reg,8.0
W002,depth,24,f1@0.5,0.3867131062951496
W002,depth,24,f1@0.75,0.2578087375300997
W002,depth,24,miou,0.2392746338725775
W002,depth,24,n_gt,11.588235294117649
W002,depth,24,n_pred,4.0
W002,depth,24,n_reg,4.0
W002,depth,32,f1@0.5,0.2756522216729828
W002,depth,32,f1@0.75,0.2756522216729828
W002,depth,32,miou,0.2059120545861751
W002,depth,32,n_gt,11.588235294117649
W002,depth,32,n_pred,3.0
W002,depth,32,n_reg,3.0
W002,depth,48,f1@0.5,0.4449001291106554
W002,depth,48,f1@0.75,0.4318282336858188
W002,depth,48,miou,0.4289672709003831
W002,depth,48,n_gt,11.588235294117649
W002,depth,48,n_pred,7.0
W002,depth,48,n_reg,7.0
W002,normal,4,f1@0.5,0.5363453196270535
W002,normal,4,f1@0.75,0.4228843052372464
W002,normal,4,miou,0.5307823976528387
W002,normal,4,n_gt,11.588235294117649
W002,normal,4,n_pred,7.117647058823529
W002,normal,4,n_reg,7.117647058823529
W002,normal,6,f1@0.5,0.5687647608062832
W002,normal,6,f1@0.75,0.4484758609326083
W002,normal,6,miou,0.5259022265099831
W002,normal,6,n_gt,11.588235294117649
W002,normal,6,n_pred,6.0588235294117645
W002,normal,6,n_reg,6.0588235294117645
W002,normal,8,f1@0.5,0.5306415888593841
W002,normal,8,f1@0.75,0.4183213206231109
W002,normal,8,miou,0.533193434552907
W002,normal,8,n_gt,11.588235294117649
W002,normal,8,n_pred,7.352941176470588
W002,normal,8,n_reg,7.352941176470588
W002,normal,12,f1@0.5,0.5643862020332608
W002,normal,12,f1@0.75,0.4314990891461479
W002,normal,12,miou,0.5349585488835766
W002,normal,12,n_gt,11.588235294117649
W002,normal,12,n_pred,10.117647058823527
W002,normal,12,n_reg,10.235294117647058
W002,normal,16,f1@0.5,0.5902736788495302
W002,normal,16,f1@0.75,0.4450937504188278
W002,normal,16,miou,0.5354853276618564
W002,normal,16,n_gt,11.588235294117649
W002,normal,16,n_pred,9.176470588235292
W002,normal,16,n_reg,10.0
W002,normal,24,f1@0.5,0.6549513231866173
W002,normal,24,f1@0.75,0.5167420814479637
W002,normal,24,miou,0.575818270046768
W002,normal,24,n_gt,11.588235294117649
W002,normal,24,n_pred,10.176470588235292
W002,normal,24,n_reg,10.235294117647058
W002,normal,32,f1@0.5,0.628117856378726
W002,normal,32,f1@0.75,0.5118741966568053
W002,normal,32,miou,0.572713207302313
W002,normal,32,n_gt,11.588235294117649
W002,normal,32,n_pred,11.117647058823527
W002,normal,32,n_reg,11.941176470588236
W002,normal,48,f1@0.5,0.4944753595217991
W002,normal,48,f1@0.75,0.2687642904051572
W002,normal,48,miou,0.379146678319315
W002,normal,48,n_gt,11.588235294117649
W002,normal,48,n_pred,9.058823529411764
W002,normal,48,n_reg,9.882352941176473
W002,rgb,4,f1@0.5,0.5043257993856998
W002,rgb,4,f1@0.75,0.3121930028512341
W002,rgb,4,miou,0.6713837860363359
W002,rgb,4,n_gt,11.588235294117649
W002,rgb,4,n_pred,8.058823529411764
W002,rgb,4,n_reg,8.764705882352942
W002,rgb,6,f1@0.5,0.4606641184902054
W002,rgb,6,f1@0.75,0.3231245140196547
W002,rgb,6,miou,0.6950790679428809
W002,rgb,6,n_gt,11.588235294117649
W002,rgb,6,n_pred,12.470588235294118
W002,rgb,6,n_reg,12.882352941176473
W002,rgb,8,f1@0.5,0.4477168895327463
W002,rgb,8,f1@0.75,0.3522767845018484
W002,rgb,8,miou,0.6951539671400573
W002,rgb,8,n_gt,11.588235294117649
W002,rgb,8,n_pred,11.529411764705882
W002,rgb,8,n_reg,11.941176470588236
W002,rgb,12,f1@0.5,0.524285444400884
W002,rgb,12,f1@0.75,0.3513406884051795
W002,rgb,12,miou,0.7369876976180622
W002,rgb,12,n_gt,11.588235294117649
W002,rgb,12,n_pred,17.647058823529413
W002,rgb,12,n_reg,18.11764705882353
W002,rgb,16,f1@0.5,0.6326360334879605
W002,rgb,16,f1@0.75,0.4118347256379711
W002,rgb,16,miou,0.7218292976315612
W002,rgb,16,n_gt,11.588235294117649
W002,rgb,16,n_pred,15.647058823529411
W002,rgb,16,n_reg,16.41176470588235
W002,rgb,24,f1@0.5,0.5464854280270102
W002,rgb,24,f1@0.75,0.4245360003980694
W002,rgb,24,miou,0.7285869814098541
W002,rgb,24,n_gt,11.588235294117649
W002,rgb,24,n_pred,16.470588235294116
W002,rgb,24,n_reg,17.11764705882353
W002,rgb,32,f1@0.5,0.6311014685862556
W002,rgb,32,f1@0.75,0.4422996554943816
W002,rgb,32,miou,0.7277328451243728
W002,rgb,32,n_gt,11.588235294117649
W002,rgb,32,n_pred,15.882352941176473
W002,rgb,32,n_reg,17.058823529411764
W002,rgb,48,f1@0.5,0.6663154492566257
W002,rgb,48,f1@0.75,0.4801170724700137
W002,rgb,48,miou,0.7249500137247678
W002,rgb,48,n_gt,11.588235294117649
W002,rgb,48,n_pred,14.235294117647058
W002,rgb,48,n_reg,15.0
W003,depth,4,f1@0.5,0.2559134765017117
W003,depth,4,f1@0.75,0.1645969498910675
W003,depth,4,miou,0.349653391297005
W003,depth,4,n_gt,11.714285714285714
W003,depth,4,n_pred,4.0
W003,depth,4,n_reg,4.0
W003,depth,6,f1@0.5,0.3802987861811391
W003,depth,6,f1@0.75,0.3802987861811391
W003,depth,6,miou,0.3673910321843378
W003,depth,6,n_gt,11.714285714285714
W003,depth,6,n_pred,4.142857142857143
W003,depth,6,n_reg,4.238095238095238
W003,depth,8,f1@0.5,0.3838702147525678
W003,depth,8,f1@0.75,0.3838702147525678
W003,depth,8,miou,0.366458216440737
W003,depth,8,n_gt,11.714285714285714
W003,depth,8,n_pred,4.0
W003,depth,8,n_reg,4.0
W003,depth,12,f1@0.5,0.4809233634974458
W003,depth,12,f1@0.75,0.4809233634974458
W003,depth,12,miou,0.3899713244092044
W003,depth,12,n_gt,11.714285714285714
W003,depth,12,n_pred,5.0
W003,depth,12,n_reg,5.0
W003,depth,16,f1@0.5,0.3575412621188826
W003,depth,16,f1@0.75,0.3575412621188826
W003,depth,16,miou,0.3682950202549873
W003,depth,16,n_gt,11.714285714285714
W003,depth,16,n_pred,5.142857142857143
W003,depth,16,n_reg,5.142857142857143
W003,depth,24,f1@0.5,0.3575412621188826
W003,depth,24,f1@0.75,0.3575412621188826
W003,depth,24,miou,0.3596883470917068
W003,depth,24,n_gt,11.714285714285714
W003,depth,24,n_pred,5.142857142857143
W003,depth,24,n_reg,5.142857142857143
W003,depth,32,f1@0.5,0.3802987861811391
W003,depth,32,f1@0.75,0.3802987861811391
W003,depth,32,miou,0.3511141763787879
W003,depth,32,n_gt,11.714285714285714
W003,depth,32,n_pred,4.142857142857143
W003,depth,32,n_reg,4.190476190476191
W003,depth,48,f1@0.5,0.3575412621188826
W003,depth,48,f1@0.75,0.3575412621188826
W003,depth,48,miou,0.3605459316564379
W003,depth,48,n_gt,11.714285714285714
W003,depth,48,n_pred,5.142857142857143
W003,depth,48,n_reg,5.142857142857143
W003,normal,4,f1@0.5,0.4291342573134007
W003,normal,4,f1@0.75,0.2401504105328884
W003,normal,4,miou,0.3978580246569081
W003,normal,4,n_gt,11.714285714285714
W003,normal,4,n_pred,7.0
W003,normal,4,n_reg,7.0
W003,normal,6,f1@0.5,0.7216243039224406
W003,normal,6,f1@0.75,0.5330963032826387
W003,normal,6,miou,0.6929484545043464
W003,normal,6,n_gt,11.714285714285714
W003,normal,6,n_pred,10.0
W003,normal,6,n_reg,10.0
W003,normal,8,f1@0.5,0.5597452237203789
W003,normal,8,f1@0.75,0.3704029579805977
W003,normal,8,miou,0.5399457162760927
W003,normal,8,n_gt,11.714285714285714
W003,normal,8,n_pred,9.952380952380953
W003,normal,8,n_reg,10.0
W003,normal,12,f1@0.5,0.6975020700486539
W003,normal,12,f1@0.75,0.54993187626728
W003,normal,12,miou,0.7089966693824482
W003,normal,12,n_gt,11.714285714285714
W003,normal,12,n_pred,11.952380952380953
W003,normal,12,n_reg,12.0
W003,normal,16,f1@0.5,0.7331215527767252
W003,normal,16,f1@0.75,0.5380262351526719
W003,normal,16,miou,0.7128902486152269
W003,normal,16,n_gt,11.714285714285714
W003,normal,16,n_pred,13.0
W003,normal,16,n_reg,13.0
W003,normal,24,f1@0.5,0.683268718858781
W003,normal,24,f1@0.75,0.4073809903002449
W003,normal,24,miou,0.5507661382857326
W003,normal,24,n_gt,11.714285714285714
W003,normal,24,n_pred,12.0
W003,normal,24,n_reg,12.0
W003,normal,32,f1@0.5,0.6419224085476674
W003,normal,32,f1@0.75,0.342254328755364
W003,normal,32,miou,0.4408452901300298
W003,normal,32,n_gt,11.714285714285714
W003,normal,32,n_pred,10.904761904761903
W003,normal,32,n_reg,11.0
W003,normal,48,f1@0.5,0.6825400272605242
W003,normal,48,f1@0.75,0.5446438792401526
W003,normal,48,miou,0.7101196046579639
W003,normal,48,n_gt,11.714285714285714
W003,normal,48,n_pred,12.333333333333334
W003,normal,48,n_reg,12.952380952380953
W003,rgb,4,f1@0.5,0.6108290206034567
W003,rgb,4,f1@0.75,0.3678709761416528
W003,rgb,4,miou,0.6412590122526245
W003,rgb,4,n_gt,11.714285714285714
W003,rgb,4,n_pred,8.0
W003,rgb,4,n_reg,8.0
W003,rgb,6,f1@0.5,0.6470638356352643
W003,rgb,6,f1@0.75,0.3822125225437854
W003,rgb,6,miou,0.6993833600693412
W003,rgb,6,n_gt,11.714285714285714
W003,rgb,6,n_pred,11.285714285714286
W003,rgb,6,n_reg,12.142857142857142
W003,rgb,8,f1@0.5,0.6591015747537486
W003,rgb,8,f1@0.75,0.5120803420182302
W003,rgb,8,miou,0.6455034684016147
W003,rgb,8,n_gt,11.714285714285714
W003,rgb,8,n_pred,9.333333333333334
W003,rgb,8,n_reg,9.666666666666666
W003,rgb,12,f1@0.5,0.6163782638331079
W003,rgb,12,f1@0.75,0.4437022504345985
W003,rgb,12,miou,0.7144086604618842
W003,rgb,12,n_gt,11.714285714285714
W003,rgb,12,n_pred,17.095238095238095
W003,rgb,12,n_reg,17.666666666666668
W003,rgb,16,f1@0.5,0.5049521968008117
W003,rgb,16,f1@0.75,0.2745038845266611
W003,rgb,16,miou,0.6884365906821851
W003,rgb,16,n_gt,11.714285714285714
W003,rgb,16,n_pred,15.38095238095238
W003,rgb,16,n_reg,17.19047619047619
W003,rgb,24,f1@0.5,0.6171374389765194
W003,rgb,24,f1@0.75,0.5079752091246343
W003,rgb,24,miou,0.7254176605615995
W003,rgb,24,n_gt,11.714285714285714
W003,rgb,24,n_pred,17.047619047619047
W003,rgb,24,n_reg,18.142857142857142
W003,rgb,32,f1@0.5,0.574160816749937
W003,rgb,32,f1@0.75,0.3909398544633462
W003,rgb,32,miou,0.7021000997398767
W003,rgb,32,n_gt,11.714285714285714
W003,rgb,32,n_pred,15.428571428571429
W003,rgb,32,n_reg,17.095238095238095
W003,rgb,48,f1@0.5,0.5648186770354258
W003,rgb,48,f1@0.75,0.382390998285908
W003,rgb,48,miou,0.72408009633025
W003,rgb,48,n_gt,11.714285714285714
W003,rgb,48,n_pred,16.047619047619047
W003,rgb,48,n_reg,18.285714285714285
W004,depth,4,f1@0.5,0.4460058345507262
W004,depth,4,f1@0.75,0.1014747206697671
W004,depth,4,miou,0.4552253233461588
W004,depth,4,n_gt,11.818181818181818
W004,depth,4,n_pred,6.0
W004,depth,4,n_reg,6.0
W004,depth,6,f1@0.5,0.5437457279562543
W004,depth,6,f1@0.75,0.2950245488945179
W004,depth,6,miou,0.4797449893478098
W004,depth,6,n_gt,11.818181818181818
W004,depth,6,n_pred,6.0
W004,depth,6,n_reg,6.0
W004,depth,8,f1@0.5,0.5201674986363982
W004,depth,8,f1@0.75,0.4764711365189834
W004,depth,8,miou,0.5092017521830428
W004,depth,8,n_gt,11.818181818181818
W004,depth,8,n_pred,7.136363636363637
W004,depth,8,n_reg,7.272727272727272
W004,depth,12,f1@0.5,0.6927470040534321
W004,depth,12,f1@0.75,0.5484238803980847
W004,depth,12,miou,0.6284198736935688
W004,depth,12,n_gt,11.818181818181818
W004,depth,12,n_pred,7.954545454545454
W004,depth,12,n_reg,7.954545454545454
W004,depth,16,f1@0.5,0.6927470040534321
W004,depth,16,f1@0.75,0.567106951712735
W004,depth,16,miou,0.6304441648692165
W004,depth,16,n_gt,11.818181818181818
W004,depth,16,n_pred,7.954545454545454
W004,depth,16,n_reg,7.954545454545454
W004,depth,24,f1@0.5,0.5189713263875944
W004,depth,24,f1@0.75,0.4853759743711897
W004,depth,24,miou,0.5102096254847959
W004,depth,24,n_gt,11.818181818181818
W004,depth,24,n_pred,7.181818181818182
W004,depth,24,n_reg,7.772727272727272
W004,depth,32,f1@0.5,0.5189713263875944
W004,depth,32,f1@0.75,0.4613993661840551
W004,depth,32,miou,0.5095515376256856
W004,depth,32,n_gt,11.818181818181818
W004,depth,32,n_pred,7.181818181818182
W004,depth,32,n_reg,8.136363636363637
W004,depth,48,f1@0.5,0.6910723629051069
W004,depth,48,f1@0.75,0.5611260904687158
W004,depth,48,miou,0.6309498062708805
W004,depth,48,n_gt,11.818181818181818
W004,depth,48,n_pred,8.0
W004,depth,48,n_reg,8.772727272727273
W004,normal,4,f1@0.5,0.6532707082114196
W004,normal,4,f1@0.75,0.4941331724928562
W004,normal,4,miou,0.6724475600170555
W004,normal,4,n_gt,11.818181818181818
W004,normal,4,n_pred,9.0
W004,normal,4,n_reg,9.181818181818182
W004,normal,6,f1@0.5,0.6512836636354423
W004,normal,6,f1@0.75,0.5229288169011489
W004,normal,6,miou,0.7049190526398533
W004,normal,6,n_gt,11.818181818181818
W004,normal,6,n_pred,11.0
W004,normal,6,n_reg,11.0
W004,normal,8,f1@0.5,0.7144371965320583
W004,normal,8,f1@0.75,0.5647245793293224
W004,normal,8,miou,0.7090008920537851
W004,normal,8,n_gt,11.818181818181818
W004,normal,8,n_pred,11.909090909090908
W004,normal,8,n_reg,11.954545454545457
W004,normal,12,f1@0.5,0.6568268687833906
W004,normal,12,f1@0.75,0.5417491928361494
W004,normal,12,miou,0.7060349511944424
W004,normal,12,n_gt,11.818181818181818
W004,normal,12,n_pred,12.590909090909092
W004,normal,12,n_reg,12.954545454545457
W004,normal,16,f1@0.5,0.6821207119626091
W004,normal,16,f1@0.75,0.5379772328388929
W004,normal,16,miou,0.7106988893387913
W004,normal,16,n_gt,11.818181818181818
W004,normal,16,n_pred,13.136363636363637
W004,normal,16,n_reg,14.0
W004,normal,24,f1@0.5,0.6825742424754282
W004,normal,24,f1@0.75,0.5631944559612544
W004,normal,24,miou,0.7066618795418029
W004,normal,24,n_gt,11.818181818181818
W004,normal,24,n_pred,11.681818181818182
W004,normal,24,n_reg,11.909090909090908
W004,normal,32,f1@0.5,0.7331795981795982
W004,normal,32,f1@0.75,0.5340626040626041
W004,normal,32,miou,0.7152392711776404
W004,normal,32,n_gt,11.818181818181818
W004,normal,32,n_pred,14.5
W004,normal,32,n_reg,15.272727272727272
W004,normal,48,f1@0.5,0.6532612234786147
W004,normal,48,f1@0.75,0.5389102684754858
W004,normal,48,miou,0.7102761177097435
W004,normal,48,n_gt,11.818181818181818
W004,normal,48,n_pred,12.727272727272728
W004,normal,48,n_reg,12.909090909090908
W004,rgb,4,f1@0.5,0.6314194577352472
W004,rgb,4,f1@0.75,0.3923082499637523
W004,rgb,4,miou,0.6738518246356662
W004,rgb,4,n_gt,11.818181818181818
W004,rgb,4,n_pred,7.0
W004,rgb,4,n_reg,7.0
W004,rgb,6,f1@0.5,0.7045385202135773
W004,rgb,6,f1@0.75,0.4973748600750889
W004,rgb,6,miou,0.689425150603574
W004,rgb,6,n_gt,11.818181818181818
W004,rgb,6,n_pred,8.0
W004,rgb,6,n_reg,8.0
W004,rgb,8,f1@0.5,0.6812951800990078
W004,rgb,8,f1@0.75,0.4847076368607469
W004,rgb,8,miou,0.6889181792593599
W004,rgb,8,n_gt,11.818181818181818
W004,rgb,8,n_pred,8.681818181818182
W004,rgb,8,n_reg,8.681818181818182
W004,rgb,12,f1@0.5,0.6989113098952916
W004,rgb,12,f1@0.75,0.5005076921552895
W004,rgb,12,miou,0.6903029123734314
W004,rgb,12,n_gt,11.818181818181818
W004,rgb,12,n_pred,8.045454545454545
W004,rgb,12,n_reg,8.363636363636363
W004,rgb,16,f1@0.5,0.6922127453019902
W004,rgb,16,f1@0.75,0.4954837687103133
W004,rgb,16,miou,0.6895664778977616
W004,rgb,16,n_gt,11.818181818181818
W004,rgb,16,n_pred,8.227272727272727
W004,rgb,16,n_reg,8.318181818181818
W004,rgb,24,f1@0.5,0.6449134199134199
W004,rgb,24,f1@0.75,0.4597697756788665
W004,rgb,24,miou,0.6876171899197376
W004,rgb,24,n_gt,11.818181818181818
W004,rgb,24,n_pred,9.409090909090908
W004,rgb,24,n_reg,10.181818181818182
W004,rgb,32,f1@0.5,0.7254849140027005
W004,rgb,32,f1@0.75,0.5041610490227092
W004,rgb,32,miou,0.8453291359385555
W004,rgb,32,n_gt,11.818181818181818
W004,rgb,32,n_pred,12.181818181818182
W004,rgb,32,n_reg,12.909090909090908
W004,rgb,48,f1@0.5,0.6901455790586225
W004,rgb,48,f1@0.75,0.4594662422923292
W004,rgb,48,miou,0.8435862728585451
W004,rgb,48,n_gt,11.818181818181818
W004,rgb,48,n_pred,13.136363636363637
W004,rgb,48,n_reg,13.363636363636363
W005,depth,4,f1@0.5,0.5755265068990559
W005,depth,4,f1@0.75,0.2810457516339869
W005,depth,4,miou,0.6353700176943102
W005,depth,4,n_gt,11.27777777777778
W005,depth,4,n_pred,6.111111111111111
W005,depth,4,n_reg,6.111111111111111
W005,depth,6,f1@0.5,0.5773420479302832
W005,depth,6,f1@0.75,0.2817719680464778
W005,depth,6,miou,0.6355967004641445
W005,depth,6,n_gt,11.27777777777778
W005,depth,6,n_pred,6.055555555555555
W005,depth,6,n_reg,6.111111111111111
W005,depth,8,f1@0.5,0.4464912280701754
W005,depth,8,f1@0.75,0.2520467836257309
W005,depth,8,miou,0.6379189797416714
W005,depth,8,n_gt,11.27777777777778
W005,depth,8,n_pred,8.11111111111111
W005,depth,8,n_reg,8.11111111111111
W005,depth,12,f1@0.5,0.4464912280701754
W005,depth,12,f1@0.75,0.2520467836257309
W005,depth,12,miou,0.6376879132921844
W005,depth,12,n_gt,11.27777777777778
W005,depth,12,n_pred,8.11111111111111
W005,depth,12,n_reg,8.11111111111111
W005,depth,16,f1@0.5,0.4464912280701754
W005,depth,16,f1@0.75,0.2520467836257309
W005,depth,16,miou,0.6381333108441533
W005,depth,16,n_gt,11.27777777777778
W005,depth,16,n_pred,8.11111111111111
W005,depth,16,n_reg,8.11111111111111
W005,depth,24,f1@0.5,0.4513181100900398
W005,depth,24,f1@0.75,0.2513738048825768
W005,depth,24,miou,0.6378944787982201
W005,depth,24,n_gt,11.27777777777778
W005,depth,24,n_pred,8.166666666666666
W005,depth,24,n_reg,8.277777777777779
W005,depth,32,f1@0.5,0.4539636127355426
W005,depth,32,f1@0.75,0.2526965562053281
W005,depth,32,miou,0.6381020843201094
W005,depth,32,n_gt,11.27777777777778
W005,depth,32,n_pred,8.055555555555555
W005,depth,32,n_reg,8.11111111111111
W005,depth,48,f1@0.5,0.4640350877192982
W005,depth,48,f1@0.75,0.315204678362573
W005,depth,48,miou,0.6595814480413089
W005,depth,48,n_gt,11.27777777777778
W005,depth,48,n_pred,8.11111111111111
W005,depth,48,n_reg,8.166666666666666
W005,normal,4,f1@0.5,0.5285899935022742
W005,normal,4,f1@0.75,0.3102664067576348
W005,normal,4,miou,0.6096014093471785
W005,normal,4,n_gt,11.27777777777778
W005,normal,4,n_pred,7.0
W005,normal,4,n_reg,7.0
W005,normal,6,f1@0.5,0.5894736842105263
W005,normal,6,f1@0.75,0.3701754385964912
W005,normal,6,miou,0.5689083817164771
W005,normal,6,n_gt,11.27777777777778
W005,normal,6,n_pred,7.944444444444445
W005,normal,6,n_reg,8.0
W005,normal,8,f1@0.5,0.5910192147034252
W005,normal,8,f1@0.75,0.4422862712336396
W005,normal,8,miou,0.6536754361723056
W005,normal,8,n_gt,11.27777777777778
W005,normal,8,n_pred,8.833333333333334
W005,normal,8,n_reg,9.0
W005,normal,12,f1@0.5,0.6811928811928811
W005,normal,12,f1@0.75,0.486050986050986
W005,normal,12,miou,0.6999336265249986
W005,normal,12,n_gt,11.27777777777778
W005,normal,12,n_pred,9.77777777777778
W005,normal,12,n_reg,10.0
W005,normal,16,f1@0.5,0.631328320802005
W005,normal,16,f1@0.75,0.4682678919521025
W005,normal,16,miou,0.657933194269157
W005,normal,16,n_gt,11.27777777777778
W005,normal,16,n_pred,8.61111111111111
W005,normal,16,n_reg,9.166666666666666
W005,normal,24,f1@0.5,0.6120718462823725
W005,normal,24,f1@0.75,0.4411166805903648
W005,normal,24,miou,0.6586522179656842
W005,normal,24,n_gt,11.27777777777778
W005,normal,24,n_pred,8.88888888888889
W005,normal,24,n_reg,9.0
W005,normal,32,f1@0.5,0.6229184071289334
W005,normal,32,f1@0.75,0.4411166805903648
W005,normal,32,miou,0.6615723144210324
W005,normal,32,n_gt,11.27777777777778
W005,normal,32,n_pred,8.88888888888889
W005,normal,32,n_reg,9.0
W005,normal,48,f1@0.5,0.6246727930938456
W005,normal,48,f1@0.75,0.4422862712336396
W005,normal,48,miou,0.6618398192032613
W005,normal,48,n_gt,11.27777777777778
W005,normal,48,n_pred,8.833333333333334
W005,normal,48,n_reg,9.0
W005,rgb,4,f1@0.5,0.3688725490196078
W005,rgb,4,f1@0.75,0.2459150326797385
W005,rgb,4,miou,0.4835798613530515
W005,rgb,4,n_gt,11.27777777777778
W005,rgb,4,n_pred,5.0
W005,rgb,4,n_reg,5.0
W005,rgb,6,f1@0.5,0.4993873572820941
W005,rgb,6,f1@0.75,0.381704260651629
W005,rgb,6,miou,0.4938575048385671
W005,rgb,6,n_gt,11.27777777777778
W005,rgb,6,n_pred,8.555555555555555
W005,rgb,6,n_reg,9.0
W005,rgb,8,f1@0.5,0.616318574213311
W005,rgb,8,f1@0.75,0.3731133389028125
W005,rgb,8,miou,0.707304110344905
W005,rgb,8,n_gt,11.27777777777778
W005,rgb,8,n_pred,8.38888888888889
W005,rgb,8,n_reg,8.555555555555555
W005,rgb,12,f1@0.5,0.3932302265635599
W005,rgb,12,f1@0.75,0.1730063763397096
W005,rgb,12,miou,0.5247448125617691
W005,rgb,12,n_gt,11.27777777777778
W005,rgb,12,n_pred,14.444444444444445
W005,rgb,12,n_reg,14.77777777777778
W005,rgb,16,f1@0.5,0.4618545705502227
W005,rgb,16,f1@0.75,0.3082899387247213
W005,rgb,16,miou,0.4955926215952704
W005,rgb,16,n_gt,11.27777777777778
W005,rgb,16,n_pred,10.38888888888889
W005,rgb,16,n_reg,10.61111111111111
W005,rgb,24,f1@0.5,0.4731528535876362
W005,rgb,24,f1@0.75,0.3264121546730242
W005,rgb,24,miou,0.499408263893171
W005,rgb,24,n_gt,11.27777777777778
W005,rgb,24,n_pred,9.88888888888889
W005,rgb,24,n_reg,10.61111111111111
W005,rgb,32,f1@0.5,0.4476572139615618
W005,rgb,32,f1@0.75,0.29893918480875
W005,rgb,32,miou,0.4966728670726388
W005,rgb,32,n_gt,11.27777777777778
W005,rgb,32,n_pred,11.11111111111111
W005,rgb,32,n_reg,11.61111111111111
W005,rgb,48,f1@0.5,0.601540770019031
W005,rgb,48,f1@0.75,0.3872236861367296
W005,rgb,48,miou,0.7160292122324479
W005,rgb,48,n_gt,11.27777777777778
W005,rgb,48,n_pred,11.444444444444445
W005,rgb,48,n_reg,11.555555555555555
W006,depth,4,f1@0.5,0.3488583998423815
W006,depth,4,f1@0.75,0.2203109396606727
W006,depth,4,miou,0.223087498045478
W006,depth,4,n_gt,16.916666666666668
W006,depth,4,n_pred,5.833333333333333
W006,depth,4,n_reg,6.0
W006,depth,6,f1@0.5,0.3791927434375947
W006,depth,6,f1@0.75,0.263725671734825
W006,depth,6,miou,0.2694269205330354
W006,depth,6,n_gt,16.916666666666668
W006,depth,6,n_pred,6.083333333333333
W006,depth,6,n_reg,6.416666666666667
W006,depth,8,f1@0.5,0.384546568356637
W006,depth,8,f1@0.75,0.2495073779513138
W006,depth,8,miou,0.2666744626962681
W006,depth,8,n_gt,16.916666666666668
W006,depth,8,n_pred,6.166666666666667
W006,depth,8,n_reg,6.416666666666667
W006,depth,12,f1@0.5,0.3861338699439385
W006,depth,12,f1@0.75,0.256711285155221
W006,depth,12,miou,0.2668618545190122
W006,depth,12,n_gt,16.916666666666668
W006,depth,12,n_pred,6.083333333333333
W006,depth,12,n_reg,6.416666666666667
W006,depth,16,f1@0.5,0.3835202957786403
W006,depth,16,f1@0.75,0.2559327367005107
W006,depth,16,miou,0.268428463935296
W006,depth,16,n_gt,16.916666666666668
W006,depth,16,n_pred,6.25
W006,depth,16,n_reg,6.416666666666667
W006,depth,24,f1@0.5,0.3065038078642566
W006,depth,24,f1@0.75,0.2411091783391923
W006,depth,24,miou,0.2674243102446392
W006,depth,24,n_gt,16.916666666666668
W006,depth,24,n_pred,7.666666666666667
W006,depth,24,n_reg,7.833333333333333
W006,depth,32,f1@0.5,0.384546568356637
W006,depth,32,f1@0.75,0.2655256845874694
W006,depth,32,miou,0.271319077828984
W006,depth,32,n_gt,16.916666666666668
W006,depth,32,n_pred,6.166666666666667
W006,depth,32,n_reg,6.416666666666667
W006,depth,48,f1@0.5,0.3787403022597925
W006,depth,48,f1@0.75,0.2488819971466148
W006,depth,48,miou,0.2798579368150536
W006,depth,48,n_gt,16.916666666666668
W006,depth,48,n_pred,6.916666666666667
W006,depth,48,n_reg,7.166666666666667
W006,normal,4,f1@0.5,0.2917276168775419
W006,normal,4,f1@0.75,0.1926970830269181
W006,normal,4,miou,0.3056008172561438
W006,normal,4,n_gt,16.916666666666668
W006,normal,4,n_pred,6.416666666666667
W006,normal,4,n_reg,6.416666666666667
W006,normal,6,f1@0.5,0.4475912569115967
W006,normal,6,f1@0.75,0.2688182645828822
W006,normal,6,miou,0.3729481093520717
W006,normal,6,n_gt,16.916666666666668
W006,normal,6,n_pred,7.25
W006,normal,6,n_reg,7.333333333333333
W006,normal,8,f1@0.5,0.3736385553477008
W006,normal,8,f1@0.75,0.261677353131626
W006,normal,8,miou,0.3048671778320271
W006,normal,8,n_gt,16.916666666666668
W006,normal,8,n_pred,6.833333333333333
W006,normal,8,n_reg,7.333333333333333
W006,normal,12,f1@0.5,0.3605260926731951
W006,normal,12,f1@0.75,0.1913936940981151
W006,normal,12,miou,0.3425352388730256
W006,normal,12,n_gt,16.916666666666668
W006,normal,12,n_pred,11.25
W006,normal,12,n_reg,11.583333333333334
W006,normal,16,f1@0.5,0.3668502273725669
W006,normal,16,f1@0.75,0.1956548212478412
W006,normal,16,miou,0.3911768616837258
W006,normal,16,n_gt,16.916666666666668
W006,normal,16,n_pred,12.083333333333334
W006,normal,16,n_reg,12.25
W006,normal,24,f1@0.5,0.3671250100702215
W006,normal,24,f1@0.75,0.2675799326630315
W006,normal,24,miou,0.3936418879600605
W006,normal,24,n_gt,16.916666666666668
W006,normal,24,n_pred,12.583333333333334
W006,normal,24,n_reg,12.833333333333334
W006,normal,32,f1@0.5,0.4135985502364812
W006,normal,32,f1@0.75,0.2000341652281307
W006,normal,32,miou,0.3960957132479119
W006,normal,32,n_gt,16.916666666666668
W006,normal,32,n_pred,12.583333333333334
W006,normal,32,n_reg,13.666666666666666
W006,normal,48,f1@0.5,0.4600833117499784
W006,normal,48,f1@0.75,0.2081781798448465
W006,normal,48,miou,0.3976625933611878
W006,normal,48,n_gt,16.916666666666668
W006,normal,48,n_pred,10.666666666666666
W006,normal,48,n_reg,11.25
W006,rgb,4,f1@0.5,0.3316021498630194
W006,rgb,4,f1@0.75,0.1712684470655485
W006,rgb,4,miou,0.2494995631103416
W006,rgb,4,n_gt,16.916666666666668
W006,rgb,4,n_pred,5.916666666666667
W006,rgb,4,n_reg,6.0
W006,rgb,6,f1@0.5,0.4085628902720357
W006,rgb,6,f1@0.75,0.2284553129880466
W006,rgb,6,miou,0.3198218942384674
W006,rgb,6,n_gt,16.916666666666668
W006,rgb,6,n_pred,6.833333333333333
W006,rgb,6,n_reg,6.833333333333333
W006,rgb,8,f1@0.5,0.5008256431295647
W006,rgb,8,f1@0.75,0.2656671020519059
W006,rgb,8,miou,0.3405560411517281
W006,rgb,8,n_gt,16.916666666666668
W006,rgb,8,n_pred,11.833333333333334
W006,rgb,8,n_reg,12.666666666666666
W006,rgb,12,f1@0.5,0.4121772836077537
W006,rgb,12,f1@0.75,0.1864555815019565
W006,rgb,12,miou,0.4110305902591731
W006,rgb,12,n_gt,16.916666666666668
W006,rgb,12,n_pred,15.916666666666666
W006,rgb,12,n_reg,16.666666666666668
W006,rgb,16,f1@0.5,0.4596912104011495
W006,rgb,16,f1@0.75,0.1948340598442018
W006,rgb,16,miou,0.399966045843088
W006,rgb,16,n_gt,16.916666666666668
W006,rgb,16,n_pred,13.666666666666666
W006,rgb,16,n_reg,15.083333333333334
W006,rgb,24,f1@0.5,0.4663493264080604
W006,rgb,24,f1@0.75,0.2199461287421508
W006,rgb,24,miou,0.379516906620618
W006,rgb,24,n_gt,16.916666666666668
W006,rgb,24,n_pred,16.333333333333332
W006,rgb,24,n_reg,17.583333333333332
W006,rgb,32,f1@0.5,0.468974796013373
W006,rgb,32,f1@0.75,0.2351154745296933
W006,rgb,32,miou,0.4268402513196236
W006,rgb,32,n_gt,16.916666666666668
W006,rgb,32,n_pred,19.666666666666668
W006,rgb,32,n_reg,20.666666666666668
W006,rgb,48,f1@0.5,0.4813821850251216
W006,rgb,48,f1@0.75,0.2487223940783451
W006,rgb,48,miou,0.3773665260773268
W006,rgb,48,n_gt,16.916666666666668
W006,rgb,48,n_pred,15.666666666666666
W006,rgb,48,n_reg,17.666666666666668
W007,depth,4,f1@0.5,0.2856747304982599
W007,depth,4,f1@0.75,0.1405781059898707
W007,depth,4,miou,0.2185708604508368
W007,depth,4,n_gt,16.666666666666668
W007,depth,4,n_pred,4.0
W007,depth,4,n_reg,4.0
W007,depth,6,f1@0.5,0.3777424668729016
W007,depth,6,f1@0.75,0.2106551258725172
W007,depth,6,miou,0.2283230522352883
W007,depth,6,n_gt,16.666666666666668
W007,depth,6,n_pred,6.066666666666666
W007,depth,6,n_reg,6.2
W007,depth,8,f1@0.5,0.4033174447667201
W007,depth,8,f1@0.75,0.2348015323377642
W007,depth,8,miou,0.2607206305487913
W007,depth,8,n_gt,16.666666666666668
W007,depth,8,n_pred,5.8
W007,depth,8,n_reg,6.0
W007,depth,12,f1@0.5,0.3901661277954184
W007,depth,12,f1@0.75,0.2152630642516226
W007,depth,12,miou,0.2264120989294866
W007,depth,12,n_gt,16.666666666666668
W007,depth,12,n_pred,5.0
W007,depth,12,n_reg,5.0
W007,depth,16,f1@0.5,0.2973572701807995
W007,depth,16,f1@0.75,0.146927312339077
W007,depth,16,miou,0.1444370580055541
W007,depth,16,n_gt,16.666666666666668
W007,depth,16,n_pred,4.0
W007,depth,16,n_reg,4.0
W007,depth,24,f1@0.5,0.4087239824051418
W007,depth,24,f1@0.75,0.2498397919847195
W007,depth,24,miou,0.3098066207375178
W007,depth,24,n_gt,16.666666666666668
W007,depth,24,n_pred,7.133333333333334
W007,depth,24,n_reg,7.533333333333333
W007,depth,32,f1@0.5,0.2870236719801937
W007,depth,32,f1@0.75,0.1957054346619564
W007,depth,32,miou,0.2274945219211183
W007,depth,32,n_gt,16.666666666666668
W007,depth,32,n_pred,7.866666666666666
W007,depth,32,n_reg,7.933333333333334
W007,depth,48,f1@0.5,0.3390209917212205
W007,depth,48,f1@0.75,0.2076639709133988
W007,depth,48,miou,0.2144700634496113
W007,depth,48,n_gt,16.666666666666668
W007,depth,48,n_pred,5.8
W007,depth,48,n_reg,5.933333333333334
W007,normal,4,f1@0.5,0.3920695266538134
W007,normal,4,f1@0.75,0.2260946652861221
W007,normal,4,miou,0.2530928275657269
W007,normal,4,n_gt,16.666666666666668
W007,normal,4,n_pred,5.866666666666666
W007,normal,4,n_reg,5.866666666666666
W007,normal,6,f1@0.5,0.4616177148411031
W007,normal,6,f1@0.75,0.2730845349146198
W007,normal,6,miou,0.3444545290059002
W007,normal,6,n_gt,16.666666666666668
W007,normal,6,n_pred,8.866666666666667
W007,normal,6,n_reg,9.0
W007,normal,8,f1@0.5,0.4348606523080576
W007,normal,8,f1@0.75,0.2485959817890626
W007,normal,8,miou,0.3864762192471322
W007,normal,8,n_gt,16.666666666666668
W007,normal,8,n_pred,10.066666666666666
W007,normal,8,n_reg,10.666666666666666
W007,normal,12,f1@0.5,0.5312793138006338
W007,normal,12,f1@0.75,0.3015612472230937
W007,normal,12,miou,0.4163361564515131
W007,normal,12,n_gt,16.666666666666668
W007,normal,12,n_pred,10.733333333333333
W007,normal,12,n_reg,11.4
W007,normal,16,f1@0.5,0.4849343713730069
W007,normal,16,f1@0.75,0.2755902920669327
W007,normal,16,miou,0.4118305994309349
W007,normal,16,n_gt,16.666666666666668
W007,normal,16,n_pred,11.4
W007,normal,16,n_reg,13.2
W007,normal,24,f1@0.5,0.4053854213735563
W007,normal,24,f1@0.75,0.190867772966401
W007,normal,24,miou,0.4070910865311354
W007,normal,24,n_gt,16.666666666666668
W007,normal,24,n_pred,12.733333333333333
W007,normal,24,n_reg,14.066666666666666
W007,normal,32,f1@0.5,0.4935079051189544
W007,normal,32,f1@0.75,0.2885071470297647
W007,normal,32,miou,0.4400210360676309
W007,normal,32,n_gt,16.666666666666668
W007,normal,32,n_pred,12.0
W007,normal,32,n_reg,13.933333333333334
W007,normal,48,f1@0.5,0.4364209085933224
W007,normal,48,f1@0.75,0.2449696223316912
W007,normal,48,miou,0.4305399065546441
W007,normal,48,n_gt,16.666666666666668
W007,normal,48,n_pred,12.133333333333333
W007,normal,48,n_reg,13.866666666666667
W007,rgb,4,f1@0.5,0.3886054332141288
W007,rgb,4,f1@0.75,0.2812210301775519
W007,rgb,4,miou,0.2626753375578486
W007,rgb,4,n_gt,16.666666666666668
W007,rgb,4,n_pred,7.533333333333333
W007,rgb,4,n_reg,7.733333333333333
W007,rgb,6,f1@0.5,0.3608624408796822
W007,rgb,6,f1@0.75,0.2460769558240822
W007,rgb,6,miou,0.3346640672516398
W007,rgb,6,n_gt,16.666666666666668
W007,rgb,6,n_pred,11.466666666666669
W007,rgb,6,n_reg,12.0
W007,rgb,8,f1@0.5,0.4104198255979865
W007,rgb,8,f1@0.75,0.2689313970405924
W007,rgb,8,miou,0.3287702383360369
W007,rgb,8,n_gt,16.666666666666668
W007,rgb,8,n_pred,11.533333333333331
W007,rgb,8,n_reg,12.2
W007,rgb,12,f1@0.5,0.4559463770469463
W007,rgb,12,f1@0.75,0.2421750650782909
W007,rgb,12,miou,0.4367343221904182
W007,rgb,12,n_gt,16.666666666666668
W007,rgb,12,n_pred,17.933333333333334
W007,rgb,12,n_reg,19.466666666666665
W007,rgb,16,f1@0.5,0.4941835016835016
W007,rgb,16,f1@0.75,0.2727147525676938
W007,rgb,16,miou,0.4561171835930749
W007,rgb,16,n_gt,16.666666666666668
W007,rgb,16,n_pred,18.466666666666665
W007,rgb,16,n_reg,19.133333333333333
W007,rgb,24,f1@0.5,0.485933251922164
W007,rgb,24,f1@0.75,0.240227556401507
W007,rgb,24,miou,0.5273865791975273
W007,rgb,24,n_gt,16.666666666666668
W007,rgb,24,n_pred,21.0
W007,rgb,24,n_reg,22.666666666666668
W007,rgb,32,f1@0.5,0.4658260557958022
W007,rgb,32,f1@0.75,0.2367762505312327
W007,rgb,32,miou,0.5100340752623602
W007,rgb,32,n_gt,16.666666666666668
W007,rgb,32,n_pred,25.133333333333333
W007,rgb,32,n_reg,27.266666666666666
W007,rgb,48,f1@0.5,0.4642895762899187
W007,rgb,48,f1@0.75,0.2176325652897897
W007,rgb,48,miou,0.5595430712040458
W007,rgb,48,n_gt,16.666666666666668
W007,rgb,48,n_pred,27.0
W007,rgb,48,n_reg,30.33333333333333
W008,depth,4,f1@0.5,0.4316087133478437
W008,depth,4,f1@0.75,0.2419327210631558
W008,depth,4,miou,0.2477527064771662
W008,depth,4,n_gt,16.53846153846154
W008,depth,4,n_pred,5.769230769230769
W008,depth,4,n_reg,6.076923076923077
W008,depth,6,f1@0.5,0.3061277931276535
W008,depth,6,f1@0.75,0.1258252482725468
W008,depth,6,miou,0.2169308418889386
W008,depth,6,n_gt,16.53846153846154
W008,depth,6,n_pred,6.6923076923076925
W008,depth,6,n_reg,6.923076923076923
W008,depth,8,f1@0.5,0.3674567907009379
W008,depth,8,f1@0.75,0.2919752018079777
W008,depth,8,miou,0.2838355530007933
W008,depth,8,n_gt,16.53846153846154
W008,depth,8,n_pred,8.23076923076923
W008,depth,8,n_reg,8.461538461538462
W008,depth,12,f1@0.5,0.3429744839332601
W008,depth,12,f1@0.75,0.191267143799612
W008,depth,12,miou,0.3042540425901504
W008,depth,12,n_gt,16.53846153846154
W008,depth,12,n_pred,8.461538461538462
W008,depth,12,n_reg,8.846153846153847
W008,depth,16,f1@0.5,0.3331306075234111
W008,depth,16,f1@0.75,0.1800925910671038
W008,depth,16,miou,0.26849507926432
W008,depth,16,n_gt,16.53846153846154
W008,depth,16,n_pred,7.923076923076923
W008,depth,16,n_reg,8.461538461538462
W008,depth,24,f1@0.5,0.294393974064139
W008,depth,24,f1@0.75,0.1818225064401976
W008,depth,24,miou,0.2383022241698355
W008,depth,24,n_gt,16.53846153846154
W008,depth,24,n_pred,7.615384615384615
W008,depth,24,n_reg,8.23076923076923
W008,depth,32,f1@0.5,0.3200472813620086
W008,depth,32,f1@0.75,0.1784319997075158
W008,depth,32,miou,0.2672336614430126
W008,depth,32,n_gt,16.53846153846154
W008,depth,32,n_pred,8.076923076923077
W008,depth,32,n_reg,8.76923076923077
W008,depth,48,f1@0.5,0.3200472813620086
W008,depth,48,f1@0.75,0.1784319997075158
W008,depth,48,miou,0.2668239558700664
W008,depth,48,n_gt,16.53846153846154
W008,depth,48,n_pred,8.076923076923077
W008,depth,48,n_reg,8.692307692307692
W008,normal,4,f1@0.5,0.3320478821528297
W008,normal,4,f1@0.75,0.2760692231306924
W008,normal,4,miou,0.275600629738978
W008,normal,4,n_gt,16.53846153846154
W008,normal,4,n_pred,6.384615384615385
W008,normal,4,n_reg,6.384615384615385
W008,normal,6,f1@0.5,0.3047434007529765
W008,normal,6,f1@0.75,0.2536062220895611
W008,normal,6,miou,0.2800881000063296
W008,normal,6,n_gt,16.53846153846154
W008,normal,6,n_pred,8.538461538461538
W008,normal,6,n_reg,9.615384615384617
W008,normal,8,f1@0.5,0.3634908689551813
W008,normal,8,f1@0.75,0.2750682877872117
W008,normal,8,miou,0.2749301933492217
W008,normal,8,n_gt,16.53846153846154
W008,normal,8,n_pred,6.538461538461538
W008,normal,8,n_reg,7.153846153846154
W008,normal,12,f1@0.5,0.3242763543339061
W008,normal,12,f1@0.75,0.2628021308506872
W008,normal,12,miou,0.307318263147461
W008,normal,12,n_gt,16.53846153846154
W008,normal,12,n_pred,8.692307692307692
W008,normal,12,n_reg,8.692307692307692
W008,normal,16,f1@0.5,0.3116697908143531
W008,normal,16,f1@0.75,0.2481272975967936
W008,normal,16,miou,0.3103239436683759
W008,normal,16,n_gt,16.53846153846154
W008,normal,16,n_pred,9.615384615384617
W008,normal,16,n_reg,9.76923076923077
W008,normal,24,f1@0.5,0.2891085360811527
W008,normal,24,f1@0.75,0.2331475781374361
W008,normal,24,miou,0.3211507946062154
W008,normal,24,n_gt,16.53846153846154
W008,normal,24,n_pred,10.923076923076923
W008,normal,24,n_reg,12.0
W008,normal,32,f1@0.5,0.2884096295133084
W008,normal,32,f1@0.75,0.2335512471549261
W008,normal,32,miou,0.3093201437846817
W008,normal,32,n_gt,16.53846153846154
W008,normal,32,n_pred,11.384615384615383
W008,normal,32,n_reg,12.384615384615383
W008,normal,48,f1@0.5,0.2884540145978336
W008,normal,48,f1@0.75,0.2642218365195017
W008,normal,48,miou,0.3454506490815368
W008,normal,48,n_gt,16.53846153846154
W008,normal,48,n_pred,11.846153846153848
W008,normal,48,n_reg,12.846153846153848
W008,rgb,4,f1@0.5,0.5628251710101109
W008,rgb,4,f1@0.75,0.4366720047500625
W008,rgb,4,miou,0.4597423409039546
W008,rgb,4,n_gt,16.53846153846154
W008,rgb,4,n_pred,9.538461538461538
W008,rgb,4,n_reg,9.76923076923077
W008,rgb,6,f1@0.5,0.5066781510099501
W008,rgb,6,f1@0.75,0.4076819046432091
W008,rgb,6,miou,0.4366536617985081
W008,rgb,6,n_gt,16.53846153846154
W008,rgb,6,n_pred,11.384615384615383
W008,rgb,6,n_reg,12.384615384615383
W008,rgb,8,f1@0.5,0.6117348275018688
W008,rgb,8,f1@0.75,0.3983538018715365
W008,rgb,8,miou,0.5230063217243598
W008,rgb,8,n_gt,16.53846153846154
W008,rgb,8,n_pred,13.307692307692308
W008,rgb,8,n_reg,14.076923076923077
W008,rgb,12,f1@0.5,0.5590664806021911
W008,rgb,12,f1@0.75,0.3362181458382524
W008,rgb,12,miou,0.5371441071408471
W008,rgb,12,n_gt,16.53846153846154
W008,rgb,12,n_pred,15.846153846153848
W008,rgb,12,n_reg,16.384615384615383
W008,rgb,16,f1@0.5,0.5263833480368001
W008,rgb,16,f1@0.75,0.3542885492858187
W008,rgb,16,miou,0.52309017538928
W008,rgb,16,n_gt,16.53846153846154
W008,rgb,16,n_pred,15.923076923076923
W008,rgb,16,n_reg,16.53846153846154
W008,rgb,24,f1@0.5,0.4701736500412118
W008,rgb,24,f1@0.75,0.2849962893584428
W008,rgb,24,miou,0.533701930739864
W008,rgb,24,n_gt,16.53846153846154
W008,rgb,24,n_pred,17.153846153846153
W008,rgb,24,n_reg,17.846153846153847
W008,rgb,32,f1@0.5,0.5264775488613942
W008,rgb,32,f1@0.75,0.3703830661518691
W008,rgb,32,miou,0.5366495931791213
W008,rgb,32,n_gt,16.53846153846154
W008,rgb,32,n_pred,15.23076923076923
W008,rgb,32,n_reg,16.076923076923077
W008,rgb,48,f1@0.5,0.5414350983017022
W008,rgb,48,f1@0.75,0.3742292199980229
W008,rgb,48,miou,0.5416005332341766
W008,rgb,48,n_gt,16.53846153846154
W008,rgb,48,n_pred,15.23076923076923
W008,rgb,48,n_reg,16.076923076923077
W009,depth,4,f1@0.5,0.4407734801470004
W009,depth,4,f1@0.75,0.2074153976903931
W009,depth,4,miou,0.4381538151152189
W009,depth,4,n_gt,13.058823529411764
W009,depth,4,n_pred,3.764705882352941
W009,depth,4,n_reg,4.0
W009,depth,6,f1@0.5,0.4353909349720677
W009,depth,6,f1@0.75,0.20126391749047
W009,depth,6,miou,0.4381422935647879
W009,depth,6,n_gt,13.058823529411764
W009,depth,6,n_pred,3.7058823529411766
W009,depth,6,n_reg,4.0
W009,depth,8,f1@0.5,0.545949649209529
W009,depth,8,f1@0.75,0.3580120283407481
W009,depth,8,miou,0.4638160796101277
W009,depth,8,n_gt,13.058823529411764
W009,depth,8,n_pred,4.941176470588236
W009,depth,8,n_reg,4.941176470588236
W009,depth,12,f1@0.5,0.5168133582356856
W009,depth,12,f1@0.75,0.4176798292259956
W009,depth,12,miou,0.5549340463345737
W009,depth,12,n_gt,13.058823529411764
W009,depth,12,n_pred,5.941176470588236
W009,depth,12,n_reg,5.941176470588236
W009,depth,16,f1@0.5,0.545949649209529
W009,depth,16,f1@0.75,0.3580120283407481
W009,depth,16,miou,0.4642453261910755
W009,depth,16,n_gt,13.058823529411764
W009,depth,16,n_pred,4.941176470588236
W009,depth,16,n_reg,4.941176470588236
W009,depth,24,f1@0.5,0.545949649209529
W009,depth,24,f1@0.75,0.3580120283407481
W009,depth,24,miou,0.4641721749310674
W009,depth,24,n_gt,13.058823529411764
W009,depth,24,n_pred,4.941176470588236
W009,depth,24,n_reg,4.941176470588236
W009,depth,32,f1@0.5,0.545949649209529
W009,depth,32,f1@0.75,0.3580120283407481
W009,depth,32,miou,0.4642372647512588
W009,depth,32,n_gt,13.058823529411764
W009,depth,32,n_pred,4.941176470588236
W009,depth,32,n_reg,4.941176470588236
W009,depth,48,f1@0.5,0.5168133582356856
W009,depth,48,f1@0.75,0.4176798292259956
W009,depth,48,miou,0.5584542598718247
W009,depth,48,n_gt,13.058823529411764
W009,depth,48,n_pred,5.941176470588236
W009,depth,48,n_reg,5.941176470588236
W009,normal,4,f1@0.5,0.4486055825839107
W009,normal,4,f1@0.75,0.1951176962012875
W009,normal,4,miou,0.4520765639512346
W009,normal,4,n_gt,13.058823529411764
W009,normal,4,n_pred,4.705882352941177
W009,normal,4,n_reg,5.0
W009,normal,6,f1@0.5,0.4654664342517192
W009,normal,6,f1@0.75,0.1926147548802802
W009,normal,6,miou,0.4430208363347152
W009,normal,6,n_gt,13.058823529411764
W009,normal,6,n_pred,4.0
W009,normal,6,n_reg,4.0
W009,normal,8,f1@0.5,0.4468754787776823
W009,normal,8,f1@0.75,0.2035258272555668
W009,normal,8,miou,0.452404825823795
W009,normal,8,n_gt,13.058823529411764
W009,normal,8,n_pred,4.764705882352941
W009,normal,8,n_reg,5.0
W009,normal,12,f1@0.5,0.4486055825839107
W009,normal,12,f1@0.75,0.204390879158681
W009,normal,12,miou,0.451918706017977
W009,normal,12,n_gt,13.058823529411764
W009,normal,12,n_pred,4.705882352941177
W009,normal,12,n_reg,5.0
W009,normal,16,f1@0.5,0.4468754787776823
W009,normal,16,f1@0.75,0.1858492829536355
W009,normal,16,miou,0.4522521653337895
W009,normal,16,n_gt,13.058823529411764
W009,normal,16,n_pred,4.764705882352941
W009,normal,16,n_reg,5.0
W009,normal,24,f1@0.5,0.4210793314417427
W009,normal,24,f1@0.75,0.1893589483828056
W009,normal,24,miou,0.4709363851090086
W009,normal,24,n_gt,13.058823529411764
W009,normal,24,n_pred,5.823529411764706
W009,normal,24,n_reg,6.0
W009,normal,32,f1@0.5,0.4210793314417427
W009,normal,32,f1@0.75,0.1893589483828056
W009,normal,32,miou,0.4696374923103339
W009,normal,32,n_gt,13.058823529411764
W009,normal,32,n_pred,5.823529411764706
W009,normal,32,n_reg,6.0
W009,normal,48,f1@0.5,0.4210793314417427
W009,normal,48,f1@0.75,0.1828230006703873
W009,normal,48,miou,0.4658535568816598
W009,normal,48,n_gt,13.058823529411764
W009,normal,48,n_pred,5.823529411764706
W009,normal,48,n_reg,6.0
W009,rgb,4,f1@0.5,0.4534338636640426
W009,rgb,4,f1@0.75,0.1994501094245339
W009,rgb,4,miou,0.5127540885147824
W009,rgb,4,n_gt,13.058823529411764
W009,rgb,4,n_pred,6.705882352941177
W009,rgb,4,n_reg,6.764705882352941
W009,rgb,6,f1@0.5,0.4265596950854645
W009,rgb,6,f1@0.75,0.2117533597546345
W009,rgb,6,miou,0.4615624421915315
W009,rgb,6,n_gt,13.058823529411764
W009,rgb,6,n_pred,5.0
W009,rgb,6,n_reg,5.0
W009,rgb,8,f1@0.5,0.489276539987189
W009,rgb,8,f1@0.75,0.3363308914934895
W009,rgb,8,miou,0.6101486790341194
W009,rgb,8,n_gt,13.058823529411764
W009,rgb,8,n_pred,9.0
W009,rgb,8,n_reg,9.588235294117649
W009,rgb,12,f1@0.5,0.495498431420768
W009,rgb,12,f1@0.75,0.3229762547298507
W009,rgb,12,miou,0.6015619621565359
W009,rgb,12,n_gt,13.058823529411764
W009,rgb,12,n_pred,11.294117647058824
W009,rgb,12,n_reg,12.0
W009,rgb,16,f1@0.5,0.5425255963634179
W009,rgb,16,f1@0.75,0.3021561117784978
W009,rgb,16,miou,0.5606122946744493
W009,rgb,16,n_gt,13.058823529411764
W009,rgb,16,n_pred,9.294117647058824
W009,rgb,16,n_reg,9.588235294117649
W009,rgb,24,f1@0.5,0.4692424195871094
W009,rgb,24,f1@0.75,0.265803277389009
W009,rgb,24,miou,0.5434359597210073
W009,rgb,24,n_gt,13.058823529411764
W009,rgb,24,n_pred,12.882352941176473
W009,rgb,24,n_reg,14.058823529411764
W009,rgb,32,f1@0.5,0.484953707158487
W009,rgb,32,f1@0.75,0.2750862678263683
W009,rgb,32,miou,0.5440989024999173
W009,rgb,32,n_gt,13.058823529411764
W009,rgb,32,n_pred,12.058823529411764
W009,rgb,32,n_reg,13.0
W009,rgb,48,f1@0.5,0.4779743279348291
W009,rgb,48,f1@0.75,0.2658491633925818
W009,rgb,48,miou,0.5624789213388962
W009,rgb,48,n_gt,13.058823529411764
W009,rgb,48,n_pred,12.941176470588236
W009,rgb,48,n_reg,14.0
W010,depth,4,f1@0.5,0.360436377348142
W010,depth,4,f1@0.75,0.0717646732352614
W010,depth,4,miou,0.3867496140366324
W010,depth,4,n_gt,12.136363636363637
W010,depth,4,n_pred,3.0
W010,depth,4,n_reg,3.0
W010,depth,6,f1@0.5,0.3683774945384853
W010,depth,6,f1@0.75,0.1919881030562145
W010,depth,6,miou,0.4543648589997507
W010,depth,6,n_gt,12.136363636363637
W010,depth,6,n_pred,4.0
W010,depth,6,n_reg,4.0
W010,depth,8,f1@0.5,0.3435445230723868
W010,depth,8,f1@0.75,0.0702369783639133
W010,depth,8,miou,0.4113534462593088
W010,depth,8,n_gt,12.136363636363637
W010,depth,8,n_pred,4.318181818181818
W010,depth,8,n_reg,4.545454545454546
W010,depth,12,f1@0.5,0.3533335902143952
W010,depth,12,f1@0.75,0.183209639517689
W010,depth,12,miou,0.4589729345754529
W010,depth,12,n_gt,12.136363636363637
W010,depth,12,n_pred,5.227272727272728
W010,depth,12,n_reg,5.545454545454546
W010,depth,16,f1@0.5,0.3562514240145819
W010,depth,16,f1@0.75,0.0760174723797014
W010,depth,16,miou,0.4086039918914023
W010,depth,16,n_gt,12.136363636363637
W010,depth,16,n_pred,4.2727272727272725
W010,depth,16,n_reg,4.545454545454546
W010,depth,24,f1@0.5,0.3684071526247152
W010,depth,24,f1@0.75,0.1910724743717988
W010,depth,24,miou,0.4645544396550087
W010,depth,24,n_gt,12.136363636363637
W010,depth,24,n_pred,6.045454545454546
W010,depth,24,n_reg,6.318181818181818
W010,depth,32,f1@0.5,0.3533335902143952
W010,depth,32,f1@0.75,0.183209639517689
W010,depth,32,miou,0.4549096095126096
W010,depth,32,n_gt,12.136363636363637
W010,depth,32,n_pred,5.227272727272728
W010,depth,32,n_reg,5.545454545454546
W010,depth,48,f1@0.5,0.3533335902143952
W010,depth,48,f1@0.75,0.183209639517689
W010,depth,48,miou,0.4522328304945894
W010,depth,48,n_gt,12.136363636363637
W010,depth,48,n_pred,5.227272727272728
W010,depth,48,n_reg,5.545454545454546
W010,normal,4,f1@0.5,0.3470459236326109
W010,normal,4,f1@0.75,0.2172358257497576
W010,normal,4,miou,0.3351058880544456
W010,normal,4,n_gt,12.136363636363637
W010,normal,4,n_pred,4.681818181818182
W010,normal,4,n_reg,4.909090909090909
W010,normal,6,f1@0.5,0.1756189888542829
W010,normal,6,f1@0.75,0.1425853558206499
W010,normal,6,miou,0.2286407388279613
W010,normal,6,n_gt,12.136363636363637
W010,normal,6,n_pred,2.0
W010,normal,6,n_reg,2.0
W010,normal,8,f1@0.5,0.3610722997332904
W010,normal,8,f1@0.75,0.2315157322897261
W010,normal,8,miou,0.3301346128861627
W010,normal,8,n_gt,12.136363636363637
W010,normal,8,n_pred,4.0
W010,normal,8,n_reg,4.0
W010,normal,12,f1@0.5,0.4626016355505519
W010,normal,12,f1@0.75,0.2133216843356162
W010,normal,12,miou,0.4236771756349685
W010,normal,12,n_gt,12.136363636363637
W010,normal,12,n_pred,4.636363636363637
W010,normal,12,n_reg,5.136363636363637
W010,normal,16,f1@0.5,0.4518544578916096
W010,normal,16,f1@0.75,0.3245043312380773
W010,normal,16,miou,0.4827824704651524
W010,normal,16,n_gt,12.136363636363637
W010,normal,16,n_pred,5.0
W010,normal,16,n_reg,5.0
W010,normal,24,f1@0.5,0.4961573385334995
W010,normal,24,f1@0.75,0.3414089479491956
W010,normal,24,miou,0.505490670638771
W010,normal,24,n_gt,12.136363636363637
W010,normal,24,n_pred,6.590909090909091
W010,normal,24,n_reg,7.409090909090909
W010,normal,32,f1@0.5,0.0271228771228771
W010,normal,32,f1@0.75,0.0
W010,normal,32,miou,0.099780814118373
W010,normal,32,n_gt,12.136363636363637
W010,normal,32,n_pred,1.318181818181818
W010,normal,32,n_reg,1.818181818181818
W010,normal,48,f1@0.5,0.3099879265900938
W010,normal,48,f1@0.75,0.1459547934006138
W010,normal,48,miou,0.2802930463747886
W010,normal,48,n_gt,12.136363636363637
W010,normal,48,n_pred,4.863636363636363
W010,normal,48,n_reg,5.454545454545454
W010,rgb,4,f1@0.5,0.4966409704377618
W010,rgb,4,f1@0.75,0.2868950298692769
W010,rgb,4,miou,0.4865221659747256
W010,rgb,4,n_gt,12.136363636363637
W010,rgb,4,n_pred,6.227272727272728
W010,rgb,4,n_reg,6.363636363636363
W010,rgb,6,f1@0.5,0.4828779278856678
W010,rgb,6,f1@0.75,0.2506969853332082
W010,rgb,6,miou,0.5085547278879359
W010,rgb,6,n_gt,12.136363636363637
W010,rgb,6,n_pred,5.0
W010,rgb,6,n_reg,5.0
W010,rgb,8,f1@0.5,0.48009150016015
W010,rgb,8,f1@0.75,0.2851033545655971
W010,rgb,8,miou,0.5852876030259515
W010,rgb,8,n_gt,12.136363636363637
W010,rgb,8,n_pred,9.045454545454543
W010,rgb,8,n_reg,9.409090909090908
W010,rgb,12,f1@0.5,0.5331774014611543
W010,rgb,12,f1@0.75,0.2859166327358547
W010,rgb,12,miou,0.5972497811824562
W010,rgb,12,n_gt,12.136363636363637
W010,rgb,12,n_pred,11.454545454545457
W010,rgb,12,n_reg,11.772727272727272
W010,rgb,16,f1@0.5,0.5481899889014513
W010,rgb,16,f1@0.75,0.2870784858531894
W010,rgb,16,miou,0.5965751091969445
W010,rgb,16,n_gt,12.136363636363637
W010,rgb,16,n_pred,10.954545454545457
W010,rgb,16,n_reg,11.136363636363637
W010,rgb,24,f1@0.5,0.4788603475169851
W010,rgb,24,f1@0.75,0.2513598863276865
W010,rgb,24,miou,0.5983982665402597
W010,rgb,24,n_gt,12.136363636363637
W010,rgb,24,n_pred,14.363636363636363
W010,rgb,24,n_reg,15.363636363636363
W010,rgb,32,f1@0.5,0.4636051318588857
W010,rgb,32,f1@0.75,0.2369423299614703
W010,rgb,32,miou,0.6035114831548046
W010,rgb,32,n_gt,12.136363636363637
W010,rgb,32,n_pred,15.727272727272728
W010,rgb,32,n_reg,16.90909090909091
W010,rgb,48,f1@0.5,0.4815667216026695
W010,rgb,48,f1@0.75,0.2515723892851806
W010,rgb,48,miou,0.5960799063314893
W010,rgb,48,n_gt,12.136363636363637
W010,rgb,48,n_pred,14.363636363636363
W010,rgb,48,n_reg,15.363636363636363
W011,depth,4,f1@0.5,0.32309890067888
W011,depth,4,f1@0.75,0.132539693040209
W011,depth,4,miou,0.4014587912781844
W011,depth,4,n_gt,12.22222222222222
W011,depth,4,n_pred,3.0
W011,depth,4,n_reg,3.0
W011,depth,6,f1@0.5,0.32309890067888
W011,depth,6,f1@0.75,0.132539693040209
W011,depth,6,miou,0.4020157918797618
W011,depth,6,n_gt,12.22222222222222
W011,depth,6,n_pred,3.0
W011,depth,6,n_reg,3.0
W011,depth,8,f1@0.5,0.3370505372139359
W011,depth,8,f1@0.75,0.1251842142365018
W011,depth,8,miou,0.4104656709467504
W011,depth,8,n_gt,12.22222222222222
W011,depth,8,n_pred,3.851851851851852
W011,depth,8,n_reg,3.962962962962963
W011,depth,12,f1@0.5,0.3381799948449415
W011,depth,12,f1@0.75,0.125651477165065
W011,depth,12,miou,0.4096195288168881
W011,depth,12,n_gt,12.22222222222222
W011,depth,12,n_pred,3.7777777777777777
W011,depth,12,n_reg,3.962962962962963
W011,depth,16,f1@0.5,0.3376353325355733
W011,depth,16,f1@0.75,0.1253791460103809
W011,depth,16,miou,0.4098955220601201
W011,depth,16,n_gt,12.22222222222222
W011,depth,16,n_pred,3.814814814814815
W011,depth,16,n_reg,3.962962962962963
W011,depth,24,f1@0.5,0.3381799948449415
W011,depth,24,f1@0.75,0.125651477165065
W011,depth,24,miou,0.4095423679633858
W011,depth,24,n_gt,12.22222222222222
W011,depth,24,n_pred,3.7777777777777777
W011,depth,24,n_reg,3.962962962962963
W011,depth,32,f1@0.5,0.4312639433468466
W011,depth,32,f1@0.75,0.3058171854009487
W011,depth,32,miou,0.4494967304402193
W011,depth,32,n_gt,12.22222222222222
W011,depth,32,n_pred,5.7407407407407405
W011,depth,32,n_reg,6.148148148148148
W011,depth,48,f1@0.5,0.4347912802075168
W011,depth,48,f1@0.75,0.3058171854009487
W011,depth,48,miou,0.4500704656944502
W011,depth,48,n_gt,12.22222222222222
W011,depth,48,n_pred,5.7407407407407405
W011,depth,48,n_reg,6.592592592592593
W011,normal,4,f1@0.5,0.3538563953596633
W011,normal,4,f1@0.75,0.2558677222075914
W011,normal,4,miou,0.4215507781054192
W011,normal,4,n_gt,12.22222222222222
W011,normal,4,n_pred,4.0
W011,normal,4,n_reg,4.0
W011,normal,6,f1@0.5,0.4538049462800064
W011,normal,6,f1@0.75,0.3193641784199059
W011,normal,6,miou,0.4972495213115704
W011,normal,6,n_gt,12.22222222222222
W011,normal,6,n_pred,5.0
W011,normal,6,n_reg,5.0
W011,normal,8,f1@0.5,0.5065041498908028
W011,normal,8,f1@0.75,0.3606131093231197
W011,normal,8,miou,0.5136434125074628
W011,normal,8,n_gt,12.22222222222222
W011,normal,8,n_pred,5.777777777777778
W011,normal,8,n_reg,5.777777777777778
W011,normal,12,f1@0.5,0.348381840865501
W011,normal,12,f1@0.75,0.2522180192114832
W011,normal,12,miou,0.4211528250360726
W011,normal,12,n_gt,12.22222222222222
W011,normal,12,n_pred,4.222222222222222
W011,normal,12,n_reg,4.7407407407407405
W011,normal,16,f1@0.5,0.3618353639251472
W011,normal,16,f1@0.75,0.2498465313050796
W011,normal,16,miou,0.4237322582297775
W011,normal,16,n_gt,12.22222222222222
W011,normal,16,n_pred,4.407407407407407
W011,normal,16,n_reg,4.962962962962963
W011,normal,24,f1@0.5,0.3538563953596633
W011,normal,24,f1@0.75,0.2558677222075914
W011,normal,24,miou,0.4208313576724182
W011,normal,24,n_gt,12.22222222222222
W011,normal,24,n_pred,4.0
W011,normal,24,n_reg,4.0
W011,normal,32,f1@0.5,0.423587283666403
W011,normal,32,f1@0.75,0.3004043437737968
W011,normal,32,miou,0.4491392841745813
W011,normal,32,n_gt,12.22222222222222
W011,normal,32,n_pred,4.777777777777778
W011,normal,32,n_reg,4.777777777777778
W011,normal,48,f1@0.5,0.4398088457427982
W011,normal,48,f1@0.75,0.3092740971395942
W011,normal,48,miou,0.5028238300732074
W011,normal,48,n_gt,12.22222222222222
W011,normal,48,n_pred,5.555555555555555
W011,normal,48,n_reg,6.0
W011,rgb,4,f1@0.5,0.3337813487968287
W011,rgb,4,f1@0.75,0.164442469645428
W011,rgb,4,miou,0.4300047025262979
W011,rgb,4,n_gt,12.22222222222222
W011,rgb,4,n_pred,4.925925925925926
W011,rgb,4,n_reg,4.925925925925926
W011,rgb,6,f1@0.5,0.3108732251835107
W011,rgb,6,f1@0.75,0.1551004872384301
W011,rgb,6,miou,0.4305096708104031
W011,rgb,6,n_gt,12.22222222222222
W011,rgb,6,n_pred,5.962962962962963
W011,rgb,6,n_reg,6.111111111111111
W011,rgb,8,f1@0.5,0.4953301422169671
W011,rgb,8,f1@0.75,0.2597730875680652
W011,rgb,8,miou,0.5935641772696627
W011,rgb,8,n_gt,12.22222222222222
W011,rgb,8,n_pred,7.888888888888889
W011,rgb,8,n_reg,7.888888888888889
W011,rgb,12,f1@0.5,0.505815821793447
W011,rgb,12,f1@0.75,0.2858011659969453
W011,rgb,12,miou,0.6298939694709211
W011,rgb,12,n_gt,12.22222222222222
W011,rgb,12,n_pred,10.48148148148148
W011,rgb,12,n_reg,11.148148148148149
W011,rgb,16,f1@0.5,0.5048506568720147
W011,rgb,16,f1@0.75,0.2825211114939058
W011,rgb,16,miou,0.6163143116875583
W011,rgb,16,n_gt,12.22222222222222
W011,rgb,16,n_pred,10.407407407407408
W011,rgb,16,n_reg,10.851851851851851
W011,rgb,24,f1@0.5,0.4832586239586832
W011,rgb,24,f1@0.75,0.2687987326024447
W011,rgb,24,miou,0.6240780368129372
W011,rgb,24,n_gt,12.22222222222222
W011,rgb,24,n_pred,11.51851851851852
W011,rgb,24,n_reg,12.62962962962963
W011,rgb,32,f1@0.5,0.4742366219254091
W011,rgb,32,f1@0.75,0.2656639464724896
W011,rgb,32,miou,0.6105203105044169
W011,rgb,32,n_gt,12.22222222222222
W011,rgb,32,n_pred,11.48148148148148
W011,rgb,32,n_reg,12.62962962962963
W011,rgb,48,f1@0.5,0.4722158705648832
W011,rgb,48,f1@0.75,0.2739069326551316
W011,rgb,48,miou,0.6191167108538225
W011,rgb,48,n_gt,12.22222222222222
W011,rgb,48,n_pred,11.407407407407408
W011,rgb,48,n_reg,12.88888888888889
W012,depth,4,f1@0.5,0.3789244553020801
W012,depth,4,f1@0.75,0.2250217179421985
W012,depth,4,miou,0.4227172288705989
W012,depth,4,n_gt,13.125
W012,depth,4,n_pred,4.0
W012,depth,4,n_reg,4.0
W012,depth,6,f1@0.5,0.3995165982395084
W012,depth,6,f1@0.75,0.1743551773447284
W012,depth,6,miou,0.3879932034718372
W012,depth,6,n_gt,13.125
W012,depth,6,n_pred,3.9166666666666665
W012,depth,6,n_reg,4.0
W012,depth,8,f1@0.5,0.3937979272563335
W012,depth,8,f1@0.75,0.1734838592823348
W012,depth,8,miou,0.3920223760845409
W012,depth,8,n_gt,13.125
W012,depth,8,n_pred,4.0
W012,depth,8,n_reg,4.0
W012,depth,12,f1@0.5,0.2957387280045949
W012,depth,12,f1@0.75,0.1630552300153693
W012,depth,12,miou,0.3566343291710236
W012,depth,12,n_gt,13.125
W012,depth,12,n_pred,3.0
W012,depth,12,n_reg,3.0
W012,depth,16,f1@0.5,0.3930768878524296
W012,depth,16,f1@0.75,0.1730610924593122
W012,depth,16,miou,0.3861844041432027
W012,depth,16,n_gt,13.125
W012,depth,16,n_pred,3.9583333333333335
W012,depth,16,n_reg,4.0
W012,depth,24,f1@0.5,0.2957387280045949
W012,depth,24,f1@0.75,0.16744119492765
W012,depth,24,miou,0.3568506395092903
W012,depth,24,n_gt,13.125
W012,depth,24,n_pred,3.0
W012,depth,24,n_reg,3.0
W012,depth,32,f1@0.5,0.2957387280045949
W012,depth,32,f1@0.75,0.1790597846712397
W012,depth,32,miou,0.3584678400216952
W012,depth,32,n_gt,13.125
W012,depth,32,n_pred,3.0
W012,depth,32,n_reg,3.0
W012,depth,48,f1@0.5,0.2995266067924736
W012,depth,48,f1@0.75,0.2002099648287728
W012,depth,48,miou,0.3597681860504171
W012,depth,48,n_gt,13.125
W012,depth,48,n_pred,3.0
W012,depth,48,n_reg,3.0
W012,normal,4,f1@0.5,0.0890319511643041
W012,normal,4,f1@0.75,0.0107638888888888
W012,normal,4,miou,0.1040162819517639
W012,normal,4,n_gt,13.125
W012,normal,4,n_pred,1.9166666666666667
W012,normal,4,n_reg,2.0
W012,normal,6,f1@0.5,0.0275141525141525
W012,normal,6,f1@0.75,0.0
W012,normal,6,miou,0.0916704942631935
W012,normal,6,n_gt,13.125
W012,normal,6,n_pred,1.0
W012,normal,6,n_reg,1.0
W012,normal,8,f1@0.5,0.3658645304774494
W012,normal,8,f1@0.75,0.2838014916600527
W012,normal,8,miou,0.40787353095461
W012,normal,8,n_gt,13.125
W012,normal,8,n_pred,3.9583333333333335
W012,normal,8,n_reg,4.0
W012,normal,12,f1@0.5,0.351976526372054
W012,normal,12,f1@0.75,0.2460899113014135
W012,normal,12,miou,0.4212572093513978
W012,normal,12,n_gt,13.125
W012,normal,12,n_pred,4.0
W012,normal,12,n_reg,4.0
W012,normal,16,f1@0.5,0.2853220613379282
W012,normal,16,f1@0.75,0.2481458592720202
W012,normal,16,miou,0.3785422356702081
W012,normal,16,n_gt,13.125
W012,normal,16,n_pred,3.0
W012,normal,16,n_reg,3.0
W012,normal,24,f1@0.5,0.1703973790370849
W012,normal,24,f1@0.75,0.1345838869735928
W012,normal,24,miou,0.2640818718116462
W012,normal,24,n_gt,13.125
W012,normal,24,n_pred,2.0
W012,normal,24,n_reg,2.0
W012,normal,32,f1@0.5,0.2745453720685918
W012,normal,32,f1@0.75,0.2426923530832199
W012,normal,32,miou,0.3795869196232973
W012,normal,32,n_gt,13.125
W012,normal,32,n_pred,3.333333333333333
W012,normal,32,n_reg,3.8333333333333335
W012,normal,48,f1@0.5,0.1509529345926404
W012,normal,48,f1@0.75,0.0720811935885465
W012,normal,48,miou,0.2136484401400969
W012,normal,48,n_gt,13.125
W012,normal,48,n_pred,2.0
W012,normal,48,n_reg,2.0
W012,rgb,4,f1@0.5,0.4198141391059347
W012,rgb,4,f1@0.75,0.2272163763166085
W012,rgb,4,miou,0.3150771265065225
W012,rgb,4,n_gt,13.125
W012,rgb,4,n_pred,4.791666666666667
W012,rgb,4,n_reg,4.875
W012,rgb,6,f1@0.5,0.4560834736340637
W012,rgb,6,f1@0.75,0.2831190734457773
W012,rgb,6,miou,0.5527869093644876
W012,rgb,6,n_gt,13.125
W012,rgb,6,n_pred,9.166666666666666
W012,rgb,6,n_reg,9.75
W012,rgb,8,f1@0.5,0.4954883582600973
W012,rgb,8,f1@0.75,0.2861272081380777
W012,rgb,8,miou,0.5515580821504754
W012,rgb,8,n_gt,13.125
W012,rgb,8,n_pred,7.583333333333333
W012,rgb,8,n_reg,8.041666666666666
W012,rgb,12,f1@0.5,0.4849860266899908
W012,rgb,12,f1@0.75,0.2727439835930211
W012,rgb,12,miou,0.5245143517875782
W012,rgb,12,n_gt,13.125
W012,rgb,12,n_pred,8.625
W012,rgb,12,n_reg,8.875
W012,rgb,16,f1@0.5,0.4478440651362085
W012,rgb,16,f1@0.75,0.2485976829693458
W012,rgb,16,miou,0.5766506422412406
W012,rgb,16,n_gt,13.125
W012,rgb,16,n_pred,11.125
W012,rgb,16,n_reg,12.0
W012,rgb,24,f1@0.5,0.436456671116841
W012,rgb,24,f1@0.75,0.2549663528486617
W012,rgb,24,miou,0.566265169681418
W012,rgb,24,n_gt,13.125
W012,rgb,24,n_pred,10.666666666666666
W012,rgb,24,n_reg,11.958333333333334
W012,rgb,32,f1@0.5,0.424978379982966
W012,rgb,32,f1@0.75,0.2458217680138966
W012,rgb,32,miou,0.5918581359411085
W012,rgb,32,n_gt,13.125
W012,rgb,32,n_pred,12.208333333333334
W012,rgb,32,n_reg,14.333333333333334
W012,rgb,48,f1@0.5,0.4246538709198508
W012,rgb,48,f1@0.75,0.2390317534930712
W012,rgb,48,miou,0.5927297529753928
W012,rgb,48,n_gt,13.125
W012,rgb,48,n_pred,12.333333333333334
W012,rgb,48,n_reg,14.333333333333334
W013,depth,4,f1@0.5,0.4448083841014697
W013,depth,4,f1@0.75,0.2190443925222047
W013,depth,4,miou,0.4003118175075184
W013,depth,4,n_gt,12.333333333333334
W013,depth,4,n_pred,4.388888888888889
W013,depth,4,n_reg,4.944444444444445
W013,depth,6,f1@0.5,0.4333740868312591
W013,depth,6,f1@0.75,0.2092210187282426
W013,depth,6,miou,0.3997226807905142
W013,depth,6,n_gt,12.333333333333334
W013,depth,6,n_pred,4.611111111111111
W013,depth,6,n_reg,5.0
W013,depth,8,f1@0.5,0.4448083841014697
W013,depth,8,f1@0.75,0.2116369851147973
W013,depth,8,miou,0.399740383067913
W013,depth,8,n_gt,12.333333333333334
W013,depth,8,n_pred,4.388888888888889
W013,depth,8,n_reg,4.944444444444445
W013,depth,12,f1@0.5,0.4291879679392579
W013,depth,12,f1@0.75,0.2066105300883422
W013,depth,12,miou,0.4005201212218159
W013,depth,12,n_gt,12.333333333333334
W013,depth,12,n_pred,4.722222222222222
W013,depth,12,n_reg,5.0
W013,depth,16,f1@0.5,0.4390534478898772
W013,depth,16,f1@0.75,0.2084817845266761
W013,depth,16,miou,0.4019990680511887
W013,depth,16,n_gt,12.333333333333334
W013,depth,16,n_pred,4.611111111111111
W013,depth,16,n_reg,4.833333333333333
W013,depth,24,f1@0.5,0.4291879679392579
W013,depth,24,f1@0.75,0.2066105300883422
W013,depth,24,miou,0.4007135599775841
W013,depth,24,n_gt,12.333333333333334
W013,depth,24,n_pred,4.722222222222222
W013,depth,24,n_reg,5.0
W013,depth,32,f1@0.5,0.4283130893683009
W013,depth,32,f1@0.75,0.2064068122375656
W013,depth,32,miou,0.4016168552161234
W013,depth,32,n_gt,12.333333333333334
W013,depth,32,n_pred,4.722222222222222
W013,depth,32,n_reg,4.888888888888889
W013,depth,48,f1@0.5,0.4328916716429616
W013,depth,48,f1@0.75,0.20938830786612
W013,depth,48,miou,0.4006168765648003
W013,depth,48,n_gt,12.333333333333334
W013,depth,48,n_pred,4.611111111111111
W013,depth,48,n_reg,5.0
W013,normal,4,f1@0.5,0.283970286679265
W013,normal,4,f1@0.75,0.1405930713593252
W013,normal,4,miou,0.3539076405528682
W013,normal,4,n_gt,12.333333333333334
W013,normal,4,n_pred,4.277777777777778
W013,normal,4,n_reg,4.611111111111111
W013,normal,6,f1@0.5,0.2928030799418828
W013,normal,6,f1@0.75,0.1399258941570603
W013,normal,6,miou,0.3501553313207808
W013,normal,6,n_gt,12.333333333333334
W013,normal,6,n_pred,4.277777777777778
W013,normal,6,n_reg,4.555555555555555
W013,normal,8,f1@0.5,0.2733706605094634
W013,normal,8,f1@0.75,0.1402305277950272
W013,normal,8,miou,0.3454154530868545
W013,normal,8,n_gt,12.333333333333334
W013,normal,8,n_pred,4.333333333333333
W013,normal,8,n_reg,4.722222222222222
W013,normal,12,f1@0.5,0.2877649244443788
W013,normal,12,f1@0.75,0.1345514424478618
W013,normal,12,miou,0.3485482319224101
W013,normal,12,n_gt,12.333333333333334
W013,normal,12,n_pred,5.055555555555555
W013,normal,12,n_reg,5.555555555555555
W013,normal,16,f1@0.5,0.2787226657453696
W013,normal,16,f1@0.75,0.1407590636821803
W013,normal,16,miou,0.3450650062393826
W013,normal,16,n_gt,12.333333333333334
W013,normal,16,n_pred,4.277777777777778
W013,normal,16,n_reg,4.722222222222222
W013,normal,24,f1@0.5,0.2948232819620848
W013,normal,24,f1@0.75,0.1414650956962618
W013,normal,24,miou,0.3470184189661643
W013,normal,24,n_gt,12.333333333333334
W013,normal,24,n_pred,4.166666666666667
W013,normal,24,n_reg,4.777777777777778
W013,normal,32,f1@0.5,0.2977874474262503
W013,normal,32,f1@0.75,0.1393967936279597
W013,normal,32,miou,0.3522227730139393
W013,normal,32,n_gt,12.333333333333334
W013,normal,32,n_pred,4.333333333333333
W013,normal,32,n_reg,4.5
W013,normal,48,f1@0.5,0.2886484382872412
W013,normal,48,f1@0.75,0.1398777941089602
W013,normal,48,miou,0.345264795068262
W013,normal,48,n_gt,12.333333333333334
W013,normal,48,n_pred,4.277777777777778
W013,normal,48,n_reg,4.722222222222222
W013,rgb,4,f1@0.5,0.5145347027699968
W013,rgb,4,f1@0.75,0.2539698920503874
W013,rgb,4,miou,0.551032941012282
W013,rgb,4,n_gt,12.333333333333334
W013,rgb,4,n_pred,6.5
W013,rgb,4,n_reg,6.888888888888889
W013,rgb,6,f1@0.5,0.4173659584287603
W013,rgb,6,f1@0.75,0.2046127159653729
W013,rgb,6,miou,0.5837762723627774
W013,rgb,6,n_gt,12.333333333333334
W013,rgb,6,n_pred,9.166666666666666
W013,rgb,6,n_reg,10.11111111111111
W013,rgb,8,f1@0.5,0.4390262180117252
W013,rgb,8,f1@0.75,0.2215508150163629
W013,rgb,8,miou,0.6194866966555213
W013,rgb,8,n_gt,12.333333333333334
W013,rgb,8,n_pred,9.77777777777778
W013,rgb,8,n_reg,10.944444444444445
W013,rgb,12,f1@0.5,0.4968268880251485
W013,rgb,12,f1@0.75,0.287910484729619
W013,rgb,12,miou,0.6455253309299809
W013,rgb,12,n_gt,12.333333333333334
W013,rgb,12,n_pred,10.22222222222222
W013,rgb,12,n_reg,10.88888888888889
W013,rgb,16,f1@0.5,0.4119182434494876
W013,rgb,16,f1@0.75,0.2078966705411326
W013,rgb,16,miou,0.6851248372057677
W013,rgb,16,n_gt,12.333333333333334
W013,rgb,16,n_pred,14.72222222222222
W013,rgb,16,n_reg,16.22222222222222
W013,rgb,24,f1@0.5,0.4971040720747446
W013,rgb,24,f1@0.75,0.2801958560984311
W013,rgb,24,miou,0.6063340020747966
W013,rgb,24,n_gt,12.333333333333334
W013,rgb,24,n_pred,10.27777777777778
W013,rgb,24,n_reg,11.72222222222222
W013,rgb,32,f1@0.5,0.4844907943992612
W013,rgb,32,f1@0.75,0.2692051219396757
W013,rgb,32,miou,0.609563437419702
W013,rgb,32,n_gt,12.333333333333334
W013,rgb,32,n_pred,10.77777777777778
W013,rgb,32,n_reg,11.833333333333334
W013,rgb,48,f1@0.5,0.4958204069514101
W013,rgb,48,f1@0.75,0.2529392896159023
W013,rgb,48,miou,0.65117601325512
W013,rgb,48,n_gt,12.333333333333334
W013,rgb,48,n_pred,12.72222222222222
W013,rgb,48,n_reg,13.944444444444445
W014,depth,4,f1@0.5,0.3574494949494949
W014,depth,4,f1@0.75,0.0125
W014,depth,4,miou,0.3139206478047531
W014,depth,4,n_gt,6.375
W014,depth,4,n_pred,3.125
W014,depth,4,n_reg,3.9375
W014,depth,6,f1@0.5,0.3731060606060606
W014,depth,6,f1@0.75,0.0227272727272727
W014,depth,6,miou,0.3412172185635373
W014,depth,6,n_gt,6.375
W014,depth,6,n_pred,4.0
W014,depth,6,n_reg,4.375
W014,depth,8,f1@0.5,0.3140297202797202
W014,depth,8,f1@0.75,0.0
W014,depth,8,miou,0.3350724217378446
W014,depth,8,n_gt,6.375
W014,depth,8,n_pred,5.125
W014,depth,8,n_reg,5.6875
W014,depth,12,f1@0.5,0.502518315018315
W014,depth,12,f1@0.75,0.1230540293040293
W014,depth,12,miou,0.4409489643033079
W014,depth,12,n_gt,6.375
W014,depth,12,n_pred,6.8125
W014,depth,12,n_reg,6.875
W014,depth,16,f1@0.5,0.4892113095238095
W014,depth,16,f1@0.75,0.11944826007326
W014,depth,16,miou,0.4403029147411258
W014,depth,16,n_gt,6.375
W014,depth,16,n_pred,7.1875
W014,depth,16,n_reg,8.0
W014,depth,24,f1@0.5,0.4902873168498168
W014,depth,24,f1@0.75,0.1296760531135531
W014,depth,24,miou,0.4174251047955475
W014,depth,24,n_gt,6.375
W014,depth,24,n_pred,7.1875
W014,depth,24,n_reg,8.125
W014,depth,32,f1@0.5,0.5282842157842158
W014,depth,32,f1@0.75,0.1280074092574092
W014,depth,32,miou,0.4301514066112101
W014,depth,32,n_gt,6.375
W014,depth,32,n_pred,6.1875
W014,depth,32,n_reg,6.5
W014,depth,48,f1@0.5,0.4854567307692308
W014,depth,48,f1@0.75,0.1175709706959707
W014,depth,48,miou,0.4386588371514606
W014,depth,48,n_gt,6.375
W014,depth,48,n_pred,7.3125
W014,depth,48,n_reg,8.5
W014,normal,4,f1@0.5,0.7266483516483516
W014,normal,4,f1@0.75,0.3151327838827839
W014,normal,4,miou,0.7367101164244372
W014,normal,4,n_gt,6.375
W014,normal,4,n_pred,6.0
W014,normal,4,n_reg,6.0
W014,normal,6,f1@0.5,0.7361263736263737
W014,normal,6,f1@0.75,0.3312271062271062
W014,normal,6,miou,0.7362442617500956
W014,normal,6,n_gt,6.375
W014,normal,6,n_pred,6.875
W014,normal,6,n_reg,7.0
W014,normal,8,f1@0.5,0.6746066433566433
W014,normal,8,f1@0.75,0.3841054778554779
W014,normal,8,miou,0.7424132364623733
W014,normal,8,n_gt,6.375
W014,normal,8,n_pred,5.6875
W014,normal,8,n_reg,5.6875
W014,normal,12,f1@0.5,0.7960164835164836
W014,normal,12,f1@0.75,0.4028159340659341
W014,normal,12,miou,0.6756940709639722
W014,normal,12,n_gt,6.375
W014,normal,12,n_pred,6.6875
W014,normal,12,n_reg,6.6875
W014,normal,16,f1@0.5,0.7953296703296704
W014,normal,16,f1@0.75,0.5657051282051282
W014,normal,16,miou,0.7413809349740976
W014,normal,16,n_gt,6.375
W014,normal,16,n_pred,6.6875
W014,normal,16,n_reg,6.6875
W014,normal,24,f1@0.5,0.786401098901099
W014,normal,24,f1@0.75,0.4028159340659341
W014,normal,24,miou,0.6761616148438302
W014,normal,24,n_gt,6.375
W014,normal,24,n_pred,6.6875
W014,normal,24,n_reg,6.6875
W014,normal,32,f1@0.5,0.7420787545787546
W014,normal,32,f1@0.75,0.465521978021978
W014,normal,32,miou,0.7355373827663194
W014,normal,32,n_gt,6.375
W014,normal,32,n_pred,7.625
W014,normal,32,n_reg,7.6875
W014,normal,48,f1@0.5,0.786401098901099
W014,normal,48,f1@0.75,0.4028159340659341
W014,normal,48,miou,0.6754686432445212
W014,normal,48,n_gt,6.375
W014,normal,48,n_pred,6.6875
W014,normal,48,n_reg,6.6875
W014,rgb,4,f1@0.5,0.652014652014652
W014,rgb,4,f1@0.75,0.4706959706959707
W014,rgb,4,miou,0.7112401873288423
W014,rgb,4,n_gt,6.375
W014,rgb,4,n_pred,5.875
W014,rgb,4,n_reg,5.9375
W014,rgb,6,f1@0.5,0.68254662004662
W014,rgb,6,f1@0.75,0.4824446386946387
W014,rgb,6,miou,0.7004544821848427
W014,rgb,6,n_gt,6.375
W014,rgb,6,n_pred,5.5625
W014,rgb,6,n_reg,6.0
W014,rgb,8,f1@0.5,0.6895604395604396
W014,rgb,8,f1@0.75,0.4508928571428571
W014,rgb,8,miou,0.7272250110415803
W014,rgb,8,n_gt,6.375
W014,rgb,8,n_pred,6.6875
W014,rgb,8,n_reg,6.6875
W014,rgb,12,f1@0.5,0.7760989010989011
W014,rgb,12,f1@0.75,0.5849358974358975
W014,rgb,12,miou,0.7369729158599216
W014,rgb,12,n_gt,6.375
W014,rgb,12,n_pred,6.6875
W014,rgb,12,n_reg,6.6875
W014,rgb,16,f1@0.5,0.668040293040293
W014,rgb,16,f1@0.75,0.5056032509157509
W014,rgb,16,miou,0.737325383199702
W014,rgb,16,n_gt,6.375
W014,rgb,16,n_pred,8.75
W014,rgb,16,n_reg,9.6875
W014,rgb,24,f1@0.5,0.7760989010989011
W014,rgb,24,f1@0.75,0.5849358974358975
W014,rgb,24,miou,0.7368407326231923
W014,rgb,24,n_gt,6.375
W014,rgb,24,n_pred,6.6875
W014,rgb,24,n_reg,6.6875
W014,rgb,32,f1@0.5,0.7435897435897436
W014,rgb,32,f1@0.75,0.5584249084249084
W014,rgb,32,miou,0.7375219108226874
W014,rgb,32,n_gt,6.375
W014,rgb,32,n_pred,7.3125
W014,rgb,32,n_reg,7.6875
W014,rgb,48,f1@0.5,0.6419730392156863
W014,rgb,48,f1@0.75,0.4829963235294118
W014,rgb,48,miou,0.7369930388226635
W014,rgb,48,n_gt,6.375
W014,rgb,48,n_pred,9.4375
W014,rgb,48,n_reg,9.6875
W015,depth,4,f1@0.5,0.6333333333333333
W015,depth,4,f1@0.75,0.2986111111111111
W015,depth,4,miou,0.4463532414108939
W015,depth,4,n_gt,6.3125
W015,depth,4,n_pred,3.0
W015,depth,4,n_reg,3.0
W015,depth,6,f1@0.5,0.765909090909091
W015,depth,6,f1@0.75,0.4295454545454545
W015,depth,6,miou,0.483890999840024
W015,depth,6,n_gt,6.3125
W015,depth,6,n_pred,4.0
W015,depth,6,n_reg,4.0
W015,depth,8,f1@0.5,0.765909090909091
W015,depth,8,f1@0.75,0.4295454545454545
W015,depth,8,miou,0.4845013350366245
W015,depth,8,n_gt,6.3125
W015,depth,8,n_pred,4.0
W015,depth,8,n_reg,4.0
W015,depth,12,f1@0.5,0.765909090909091
W015,depth,12,f1@0.75,0.4295454545454545
W015,depth,12,miou,0.4846609092382308
W015,depth,12,n_gt,6.3125
W015,depth,12,n_pred,4.0
W015,depth,12,n_reg,4.0
W015,depth,16,f1@0.5,0.765909090909091
W015,depth,16,f1@0.75,0.4295454545454545
W015,depth,16,miou,0.4846133961227998
W015,depth,16,n_gt,6.3125
W015,depth,16,n_pred,4.0
W015,depth,16,n_reg,4.0
W015,depth,24,f1@0.5,0.765909090909091
W015,depth,24,f1@0.75,0.4295454545454545
W015,depth,24,miou,0.4844388731768317
W015,depth,24,n_gt,6.3125
W015,depth,24,n_pred,4.0
W015,depth,24,n_reg,4.0
W015,depth,32,f1@0.5,0.765909090909091
W015,depth,32,f1@0.75,0.4295454545454545
W015,depth,32,miou,0.4844301772359147
W015,depth,32,n_gt,6.3125
W015,depth,32,n_pred,4.0
W015,depth,32,n_reg,4.0
W015,depth,48,f1@0.5,0.765909090909091
W015,depth,48,f1@0.75,0.4295454545454545
W015,depth,48,miou,0.4845185304611454
W015,depth,48,n_gt,6.3125
W015,depth,48,n_pred,4.0
W015,depth,48,n_reg,4.0
W015,normal,4,f1@0.5,0.7916666666666666
W015,normal,4,f1@0.75,0.4142628205128205
W015,normal,4,miou,0.7168667190080964
W015,normal,4,n_gt,6.3125
W015,normal,4,n_pred,6.0
W015,normal,4,n_reg,6.0
W015,normal,6,f1@0.5,0.8221153846153846
W015,normal,6,f1@0.75,0.4567307692307692
W015,normal,6,miou,0.7108020655145012
W015,normal,6,n_gt,6.3125
W015,normal,6,n_pred,6.0
W015,normal,6,n_reg,6.0
W015,normal,8,f1@0.5,0.7786172161172161
W015,normal,8,f1@0.75,0.4126602564102564
W015,normal,8,miou,0.7153961058606481
W015,normal,8,n_gt,6.3125
W015,normal,8,n_pred,6.6875
W015,normal,8,n_reg,6.875
W015,normal,12,f1@0.5,0.8125
W015,normal,12,f1@0.75,0.4503205128205128
W015,normal,12,miou,0.7096262708103895
W015,normal,12,n_gt,6.3125
W015,normal,12,n_pred,6.1875
W015,normal,12,n_reg,7.0
W015,normal,16,f1@0.5,0.7513736263736264
W015,normal,16,f1@0.75,0.4320054945054945
W015,normal,16,miou,0.7262727115140586
W015,normal,16,n_gt,6.3125
W015,normal,16,n_pred,7.0
W015,normal,16,n_reg,7.0
W015,normal,24,f1@0.5,0.8221153846153846
W015,normal,24,f1@0.75,0.4559294871794871
W015,normal,24,miou,0.7133565123998882
W015,normal,24,n_gt,6.3125
W015,normal,24,n_pred,6.0
W015,normal,24,n_reg,6.0
W015,normal,32,f1@0.5,0.8028846153846154
W015,normal,32,f1@0.75,0.4703525641025641
W015,normal,32,miou,0.7119438124380981
W015,normal,32,n_gt,6.3125
W015,normal,32,n_pred,6.1875
W015,normal,32,n_reg,6.75
W015,normal,48,f1@0.5,0.7449175824175824
W015,normal,48,f1@0.75,0.3948717948717948
W015,normal,48,miou,0.7300880701015712
W015,normal,48,n_gt,6.3125
W015,normal,48,n_pred,7.3125
W015,normal,48,n_reg,7.875
W015,rgb,4,f1@0.5,0.5375
W015,rgb,4,f1@0.75,0.2568181818181818
W015,rgb,4,miou,0.4840001349900967
W015,rgb,4,n_gt,6.3125
W015,rgb,4,n_pred,4.0
W015,rgb,4,n_reg,4.0
W015,rgb,6,f1@0.5,0.6130208333333333
W015,rgb,6,f1@0.75,0.36875
W015,rgb,6,miou,0.7669625669329382
W015,rgb,6,n_gt,6.3125
W015,rgb,6,n_pred,9.0
W015,rgb,6,n_reg,9.0
W015,rgb,8,f1@0.5,0.6195054945054945
W015,rgb,8,f1@0.75,0.2829670329670329
W015,rgb,8,miou,0.5903074767104878
W015,rgb,8,n_gt,6.3125
W015,rgb,8,n_pred,7.0
W015,rgb,8,n_reg,7.0
W015,rgb,12,f1@0.5,0.4895833333333333
W015,rgb,12,f1@0.75,0.2339015151515151
W015,rgb,12,miou,0.4905799909841001
W015,rgb,12,n_gt,6.3125
W015,rgb,12,n_pred,5.0
W015,rgb,12,n_reg,5.0
W015,rgb,16,f1@0.5,0.7451923076923077
W015,rgb,16,f1@0.75,0.467032967032967
W015,rgb,16,miou,0.6817348934137639
W015,rgb,16,n_gt,6.3125
W015,rgb,16,n_pred,7.125
W015,rgb,16,n_reg,7.5625
W015,rgb,24,f1@0.5,0.4895833333333333
W015,rgb,24,f1@0.75,0.2339015151515151
W015,rgb,24,miou,0.4914371120166507
W015,rgb,24,n_gt,6.3125
W015,rgb,24,n_pred,5.0
W015,rgb,24,n_reg,5.0
W015,rgb,32,f1@0.5,0.7451923076923077
W015,rgb,32,f1@0.75,0.4759615384615384
W015,rgb,32,miou,0.6855117630903002
W015,rgb,32,n_gt,6.3125
W015,rgb,32,n_pred,7.125
W015,rgb,32,n_reg,7.5
W015,rgb,48,f1@0.5,0.5826465201465201
W015,rgb,48,f1@0.75,0.2794184981684982
W015,rgb,48,miou,0.5241043514337854
W015,rgb,48,n_gt,6.3125
W015,rgb,48,n_pred,6.875
W015,rgb,48,n_reg,7.5625
W016,depth,4,f1@0.5,0.8598484848484849
W016,depth,4,f1@0.75,0.6865530303030303
W016,depth,4,miou,0.6697867039853866
W016,depth,4,n_gt,6.375
W016,depth,4,n_pred,5.0
W016,depth,4,n_reg,5.0
W016,depth,6,f1@0.5,0.7995337995337995
W016,depth,6,f1@0.75,0.6478001165501166
W016,depth,6,miou,0.6725620652879827
W016,depth,6,n_gt,6.375
W016,depth,6,n_pred,5.875
W016,depth,6,n_reg,6.0
W016,depth,8,f1@0.5,0.7900641025641026
W016,depth,8,f1@0.75,0.6306089743589743
W016,depth,8,miou,0.6715144149963034
W016,depth,8,n_gt,6.375
W016,depth,8,n_pred,6.0
W016,depth,8,n_reg,6.0
W016,depth,12,f1@0.5,0.9072802197802198
W016,depth,12,f1@0.75,0.7012362637362638
W016,depth,12,miou,0.8304198769812676
W016,depth,12,n_gt,6.375
W016,depth,12,n_pred,6.875
W016,depth,12,n_reg,7.0
W016,depth,16,f1@0.5,0.8702651515151515
W016,depth,16,f1@0.75,0.6875
W016,depth,16,miou,0.6683258855262018
W016,depth,16,n_gt,6.375
W016,depth,16,n_pred,5.0
W016,depth,16,n_reg,5.0
W016,depth,24,f1@0.5,0.8983516483516484
W016,depth,24,f1@0.75,0.7115384615384616
W016,depth,24,miou,0.834845773119512
W016,depth,24,n_gt,6.375
W016,depth,24,n_pred,7.0
W016,depth,24,n_reg,7.0
W016,depth,32,f1@0.5,0.8218968531468531
W016,depth,32,f1@0.75,0.6475815850815851
W016,depth,32,miou,0.6717392798330464
W016,depth,32,n_gt,6.375
W016,depth,32,n_pred,5.6875
W016,depth,32,n_reg,6.0
W016,depth,48,f1@0.5,0.971153846153846
W016,depth,48,f1@0.75,0.7692307692307693
W016,depth,48,miou,0.8332277176235658
W016,depth,48,n_gt,6.375
W016,depth,48,n_pred,6.0
W016,depth,48,n_reg,6.0
W016,normal,4,f1@0.5,0.8734702797202797
W016,normal,4,f1@0.75,0.5337266899766899
W016,normal,4,miou,0.6285432885290423
W016,normal,4,n_gt,6.375
W016,normal,4,n_pred,5.25
W016,normal,4,n_reg,5.3125
W016,normal,6,f1@0.5,0.8734702797202797
W016,normal,6,f1@0.75,0.5223630536130536
W016,normal,6,miou,0.6293203626832339
W016,normal,6,n_gt,6.375
W016,normal,6,n_pred,5.25
W016,normal,6,n_reg,5.3125
W016,normal,8,f1@0.5,0.8734702797202797
W016,normal,8,f1@0.75,0.5223630536130536
W016,normal,8,miou,0.6290474788465699
W016,normal,8,n_gt,6.375
W016,normal,8,n_pred,5.25
W016,normal,8,n_reg,5.3125
W016,normal,12,f1@0.5,0.7867216117216118
W016,normal,12,f1@0.75,0.4446428571428572
W016,normal,12,miou,0.7421973274043353
W016,normal,12,n_gt,6.375
W016,normal,12,n_pred,7.25
W016,normal,12,n_reg,7.3125
W016,normal,16,f1@0.5,0.8319368131868132
W016,normal,16,f1@0.75,0.4524954212454212
W016,normal,16,miou,0.7036661479756353
W016,normal,16,n_gt,6.375
W016,normal,16,n_pred,6.5
W016,normal,16,n_reg,7.1875
W016,normal,24,f1@0.5,0.8734702797202797
W016,normal,24,f1@0.75,0.512747668997669
W016,normal,24,miou,0.6292805294043711
W016,normal,24,n_gt,6.375
W016,normal,24,n_pred,5.25
W016,normal,24,n_reg,5.3125
W016,normal,32,f1@0.5,0.8491300366300366
W016,normal,32,f1@0.75,0.460279304029304
W016,normal,32,miou,0.6981961441737562
W016,normal,32,n_gt,6.375
W016,normal,32,n_pred,6.25
W016,normal,32,n_reg,6.3125
W016,normal,48,f1@0.5,0.8734702797202797
W016,normal,48,f1@0.75,0.5223630536130536
W016,normal,48,miou,0.6289497762358774
W016,normal,48,n_gt,6.375
W016,normal,48,n_pred,5.25
W016,normal,48,n_reg,5.3125
W016,rgb,4,f1@0.5,0.676510989010989
W016,rgb,4,f1@0.75,0.415521978021978
W016,rgb,4,miou,0.7358685209526328
W016,rgb,4,n_gt,6.375
W016,rgb,4,n_pred,6.9375
W016,rgb,4,n_reg,7.0
W016,rgb,6,f1@0.5,0.6291666666666667
W016,rgb,6,f1@0.75,0.3863095238095237
W016,rgb,6,miou,0.7801217424790107
W016,rgb,6,n_gt,6.375
W016,rgb,6,n_pred,7.9375
W016,rgb,6,n_reg,8.0
W016,rgb,8,f1@0.5,0.5905448717948718
W016,rgb,8,f1@0.75,0.3632211538461538
W016,rgb,8,miou,0.7806617533281919
W016,rgb,8,n_gt,6.375
W016,rgb,8,n_pred,8.875
W016,rgb,8,n_reg,9.0
W016,rgb,12,f1@0.5,0.5880208333333333
W016,rgb,12,f1@0.75,0.3609375
W016,rgb,12,miou,0.7807366391820995
W016,rgb,12,n_gt,6.375
W016,rgb,12,n_pred,8.9375
W016,rgb,12,n_reg,9.0
W016,rgb,16,f1@0.5,0.5659007352941177
W016,rgb,16,f1@0.75,0.3472426470588235
W016,rgb,16,miou,0.7820137227170577
W016,rgb,16,n_gt,6.375
W016,rgb,16,n_pred,9.5625
W016,rgb,16,n_reg,10.0
W016,rgb,24,f1@0.5,0.5653799019607844
W016,rgb,24,f1@0.75,0.3472426470588235
W016,rgb,24,miou,0.7817284305915441
W016,rgb,24,n_gt,6.375
W016,rgb,24,n_pred,9.5625
W016,rgb,24,n_reg,10.0
W016,rgb,32,f1@0.5,0.5589985994397759
W016,rgb,32,f1@0.75,0.3436055672268907
W016,rgb,32,miou,0.7815336369998764
W016,rgb,32,n_gt,6.375
W016,rgb,32,n_pred,9.75
W016,rgb,32,n_reg,10.0
W016,rgb,48,f1@0.5,0.5636029411764706
W016,rgb,48,f1@0.75,0.3463235294117647
W016,rgb,48,miou,0.7817817251671875
W016,rgb,48,n_gt,6.375
W016,rgb,48,n_pred,9.625
W016,rgb,48,n_reg,10.0
W017,depth,4,f1@0.5,0.2701638918357184
W017,depth,4,f1@0.75,0.2198754032345363
W017,depth,4,miou,0.272729173867177
W017,depth,4,n_gt,13.090909090909092
W017,depth,4,n_pred,4.090909090909091
W017,depth,4,n_reg,4.363636363636363
W017,depth,6,f1@0.5,0.3531609773095841
W017,depth,6,f1@0.75,0.2406752174554031
W017,depth,6,miou,0.3184533558453316
W017,depth,6,n_gt,13.090909090909092
W017,depth,6,n_pred,5.818181818181818
W017,depth,6,n_reg,5.909090909090909
W017,depth,8,f1@0.5,0.3768783709183126
W017,depth,8,f1@0.75,0.2709285340552243
W017,depth,8,miou,0.3081664358726435
W017,depth,8,n_gt,13.090909090909092
W017,depth,8,n_pred,7.363636363636363
W017,depth,8,n_reg,7.363636363636363
W017,depth,12,f1@0.5,0.3503373825275708
W017,depth,12,f1@0.75,0.2217315816013793
W017,depth,12,miou,0.3335103567648463
W017,depth,12,n_gt,13.090909090909092
W017,depth,12,n_pred,8.363636363636363
W017,depth,12,n_reg,8.363636363636363
W017,depth,16,f1@0.5,0.367308992927882
W017,depth,16,f1@0.75,0.2413830795097697
W017,depth,16,miou,0.3141844699739728
W017,depth,16,n_gt,13.090909090909092
W017,depth,16,n_pred,7.363636363636363
W017,depth,16,n_reg,7.363636363636363
W017,depth,24,f1@0.5,0.3270762563020177
W017,depth,24,f1@0.75,0.1962366549206818
W017,depth,24,miou,0.3367140731800489
W017,depth,24,n_gt,13.090909090909092
W017,depth,24,n_pred,7.909090909090909
W017,depth,24,n_reg,7.909090909090909
W017,depth,32,f1@0.5,0.4560242711314066
W017,depth,32,f1@0.75,0.2976455324718274
W017,depth,32,miou,0.4161719518940071
W017,depth,32,n_gt,13.090909090909092
W017,depth,32,n_pred,10.363636363636363
W017,depth,32,n_reg,10.363636363636363
W017,depth,48,f1@0.5,0.3179853472111086
W017,depth,48,f1@0.75,0.1962366549206818
W017,depth,48,miou,0.3241562207125174
W017,depth,48,n_gt,13.090909090909092
W017,depth,48,n_pred,7.909090909090909
W017,depth,48,n_reg,7.909090909090909
W017,normal,4,f1@0.5,0.5226467174043624
W017,normal,4,f1@0.75,0.304707195585082
W017,normal,4,miou,0.4137203461680325
W017,normal,4,n_gt,13.090909090909092
W017,normal,4,n_pred,9.454545454545457
W017,normal,4,n_reg,9.454545454545457
W017,normal,6,f1@0.5,0.602177869976913
W017,normal,6,f1@0.75,0.3064393341905304
W017,normal,6,miou,0.5083202111513914
W017,normal,6,n_gt,13.090909090909092
W017,normal,6,n_pred,10.0
W017,normal,6,n_reg,11.363636363636363
W017,normal,8,f1@0.5,0.6244717279499888
W017,normal,8,f1@0.75,0.344847696586827
W017,normal,8,miou,0.5233009959336287
W017,normal,8,n_gt,13.090909090909092
W017,normal,8,n_pred,11.818181818181818
W017,normal,8,n_reg,12.909090909090908
W017,normal,12,f1@0.5,0.6407743999984482
W017,normal,12,f1@0.75,0.3531574922546422
W017,normal,12,miou,0.5198173380163117
W017,normal,12,n_gt,13.090909090909092
W017,normal,12,n_pred,10.363636363636363
W017,normal,12,n_reg,11.272727272727272
W017,normal,16,f1@0.5,0.6152064083398415
W017,normal,16,f1@0.75,0.3381002932876996
W017,normal,16,miou,0.5259284708584482
W017,normal,16,n_gt,13.090909090909092
W017,normal,16,n_pred,12.272727272727272
W017,normal,16,n_reg,13.363636363636363
W017,normal,24,f1@0.5,0.6152635916272279
W017,normal,24,f1@0.75,0.331651479833298
W017,normal,24,miou,0.5202656200632366
W017,normal,24,n_gt,13.090909090909092
W017,normal,24,n_pred,11.363636363636363
W017,normal,24,n_reg,12.363636363636363
W017,normal,32,f1@0.5,0.6225477260259868
W017,normal,32,f1@0.75,0.3358914676305981
W017,normal,32,miou,0.5245031656731866
W017,normal,32,n_gt,13.090909090909092
W017,normal,32,n_pred,11.909090909090908
W017,normal,32,n_reg,13.181818181818182
W017,normal,48,f1@0.5,0.6189217223999832
W017,normal,48,f1@0.75,0.3340784658175962
W017,normal,48,miou,0.5253841353713311
W017,normal,48,n_gt,13.090909090909092
W017,normal,48,n_pred,12.090909090909092
W017,normal,48,n_reg,13.272727272727272
W017,rgb,4,f1@0.5,0.4500424089460217
W017,rgb,4,f1@0.75,0.3156227024897528
W017,rgb,4,miou,0.5218271848934845
W017,rgb,4,n_gt,13.090909090909092
W017,rgb,4,n_pred,13.818181818181818
W017,rgb,4,n_reg,15.454545454545457
W017,rgb,6,f1@0.5,0.4732595369557092
W017,rgb,6,f1@0.75,0.3498373007942386
W017,rgb,6,miou,0.7489522443144794
W017,rgb,6,n_gt,13.090909090909092
W017,rgb,6,n_pred,20.90909090909091
W017,rgb,6,n_reg,22.181818181818183
W017,rgb,8,f1@0.5,0.4476227360406948
W017,rgb,8,f1@0.75,0.3223548083304859
W017,rgb,8,miou,0.7812511288280232
W017,rgb,8,n_gt,13.090909090909092
W017,rgb,8,n_pred,26.363636363636363
W017,rgb,8,n_reg,28.363636363636363
W017,rgb,12,f1@0.5,0.4706946359671015
W017,rgb,12,f1@0.75,0.3301536616878889
W017,rgb,12,miou,0.8469579035444427
W017,rgb,12,n_gt,13.090909090909092
W017,rgb,12,n_pred,31.181818181818183
W017,rgb,12,n_reg,33.18181818181818
W017,rgb,16,f1@0.5,0.4566418294498606
W017,rgb,16,f1@0.75,0.2621335306804034
W017,rgb,16,miou,0.8245435748370243
W017,rgb,16,n_gt,13.090909090909092
W017,rgb,16,n_pred,31.727272727272727
W017,rgb,16,n_reg,33.81818181818182
W017,rgb,24,f1@0.5,0.4204914640135176
W017,rgb,24,f1@0.75,0.2837501417768888
W017,rgb,24,miou,0.8472771935411146
W017,rgb,24,n_gt,13.090909090909092
W017,rgb,24,n_pred,35.18181818181818
W017,rgb,24,n_reg,39.0
W017,rgb,32,f1@0.5,0.4096223813231262
W017,rgb,32,f1@0.75,0.244147352667962
W017,rgb,32,miou,0.8477572756785534
W017,rgb,32,n_gt,13.090909090909092
W017,rgb,32,n_pred,37.0
W017,rgb,32,n_reg,42.27272727272727
W017,rgb,48,f1@0.5,0.4141279477690213
W017,rgb,48,f1@0.75,0.2765131767802831
W017,rgb,48,miou,0.8442192308634074
W017,rgb,48,n_gt,13.090909090909092
W017,rgb,48,n_pred,35.90909090909091
W017,rgb,48,n_reg,41.27272727272727
W018,depth,4,f1@0.5,0.3163467492260062
W018,depth,4,f1@0.75,0.1773890608875128
W018,depth,4,miou,0.3502984180808728
W018,depth,4,n_gt,13.5
W018,depth,4,n_pred,5.0
W018,depth,4,n_reg,5.0
W018,depth,6,f1@0.5,0.4369096538136786
W018,depth,6,f1@0.75,0.3473459048691246
W018,depth,6,miou,0.3288683380020322
W018,depth,6,n_gt,13.5
W018,depth,6,n_pred,6.9
W018,depth,6,n_reg,7.0
W018,depth,8,f1@0.5,0.2859639741063889
W018,depth,8,f1@0.75,0.2486912468336616
W018,depth,8,miou,0.3131374625731828
W018,depth,8,n_gt,13.5
W018,depth,8,n_pred,6.9
W018,depth,8,n_reg,7.0
W018,depth,12,f1@0.5,0.4055536568694463
W018,depth,12,f1@0.75,0.2817156527682843
W018,depth,12,miou,0.3566861480618973
W018,depth,12,n_gt,13.5
W018,depth,12,n_pred,8.9
W018,depth,12,n_reg,9.0
W018,depth,16,f1@0.5,0.4248102139406488
W018,depth,16,f1@0.75,0.3308212560386473
W018,depth,16,miou,0.3568208440197526
W018,depth,16,n_gt,13.5
W018,depth,16,n_pred,7.9
W018,depth,16,n_reg,8.0
W018,depth,24,f1@0.5,0.4876984126984126
W018,depth,24,f1@0.75,0.3696608946608947
W018,depth,24,miou,0.4424709163446413
W018,depth,24,n_gt,13.5
W018,depth,24,n_pred,8.8
W018,depth,24,n_reg,8.9
W018,depth,32,f1@0.5,0.4876984126984126
W018,depth,32,f1@0.75,0.3696608946608947
W018,depth,32,miou,0.439935943380102
W018,depth,32,n_gt,13.5
W018,depth,32,n_pred,8.8
W018,depth,32,n_reg,8.9
W018,depth,48,f1@0.5,0.4314574314574314
W018,depth,48,f1@0.75,0.3696608946608947
W018,depth,48,miou,0.4049805131906595
W018,depth,48,n_gt,13.5
W018,depth,48,n_pred,8.8
W018,depth,48,n_reg,8.9
W018,normal,4,f1@0.5,0.4184451324389405
W018,normal,4,f1@0.75,0.1992225662194702
W018,normal,4,miou,0.3711758412915684
W018,normal,4,n_gt,13.5
W018,normal,4,n_pred,4.9
W018,normal,4,n_reg,4.9
W018,normal,6,f1@0.5,0.4567695977912696
W018,normal,6,f1@0.75,0.2323777357833085
W018,normal,6,miou,0.4484540068658423
W018,normal,6,n_gt,13.5
W018,normal,6,n_pred,7.0
W018,normal,6,n_reg,7.0
W018,normal,8,f1@0.5,0.510103519668737
W018,normal,8,f1@0.75,0.2873429951690821
W018,normal,8,miou,0.4867771814346189
W018,normal,8,n_gt,13.5
W018,normal,8,n_pred,7.9
W018,normal,8,n_reg,8.0
W018,normal,12,f1@0.5,0.4974937343358395
W018,normal,12,f1@0.75,0.2665641376167692
W018,normal,12,miou,0.4815101745178475
W018,normal,12,n_gt,13.5
W018,normal,12,n_pred,8.9
W018,normal,12,n_reg,8.9
W018,normal,16,f1@0.5,0.3223232323232323
W018,normal,16,f1@0.75,0.1852525252525252
W018,normal,16,miou,0.2924833331444898
W018,normal,16,n_gt,13.5
W018,normal,16,n_pred,7.1
W018,normal,16,n_reg,7.3
W018,normal,24,f1@0.5,0.4758498023715415
W018,normal,24,f1@0.75,0.270798418972332
W018,normal,24,miou,0.4998451174455462
W018,normal,24,n_gt,13.5
W018,normal,24,n_pred,9.9
W018,normal,24,n_reg,9.9
W018,normal,32,f1@0.5,0.4865454545454545
W018,normal,32,f1@0.75,0.2627694334650856
W018,normal,32,miou,0.4962924298536612
W018,normal,32,n_gt,13.5
W018,normal,32,n_pred,9.8
W018,normal,32,n_reg,9.8
W018,normal,48,f1@0.5,0.3867036662803252
W018,normal,48,f1@0.75,0.1833620612796814
W018,normal,48,miou,0.3750665054901445
W018,normal,48,n_gt,13.5
W018,normal,48,n_pred,8.5
W018,normal,48,n_reg,8.8
W018,rgb,4,f1@0.5,0.3229541244415386
W018,rgb,4,f1@0.75,0.2013227238055613
W018,rgb,4,miou,0.4087516558615685
W018,rgb,4,n_gt,13.5
W018,rgb,4,n_pred,8.4
W018,rgb,4,n_reg,8.6
W018,rgb,6,f1@0.5,0.365378366865781
W018,rgb,6,f1@0.75,0.2876727391601533
W018,rgb,6,miou,0.4105433406975479
W018,rgb,6,n_gt,13.5
W018,rgb,6,n_pred,9.0
W018,rgb,6,n_reg,9.0
W018,rgb,8,f1@0.5,0.3273604914428051
W018,rgb,8,f1@0.75,0.2224536556015977
W018,rgb,8,miou,0.4376035306813704
W018,rgb,8,n_gt,13.5
W018,rgb,8,n_pred,15.3
W018,rgb,8,n_reg,16.0
W018,rgb,12,f1@0.5,0.3012153888854788
W018,rgb,12,f1@0.75,0.1580573873962834
W018,rgb,12,miou,0.4892005937808582
W018,rgb,12,n_gt,13.5
W018,rgb,12,n_pred,25.7
W018,rgb,12,n_reg,26.9
W018,rgb,16,f1@0.5,0.3085941865210158
W018,rgb,16,f1@0.75,0.1616337189507921
W018,rgb,16,miou,0.5250703382215932
W018,rgb,16,n_gt,13.5
W018,rgb,16,n_pred,26.1
W018,rgb,16,n_reg,26.9
W018,rgb,24,f1@0.5,0.3063816371725715
W018,rgb,24,f1@0.75,0.1727598837589587
W018,rgb,24,miou,0.6108153516303838
W018,rgb,24,n_gt,13.5
W018,rgb,24,n_pred,31.6
W018,rgb,24,n_reg,33.4
W018,rgb,32,f1@0.5,0.2436842099348337
W018,rgb,32,f1@0.75,0.1477700829234656
W018,rgb,32,miou,0.5294855790739345
W018,rgb,32,n_gt,13.5
W018,rgb,32,n_pred,35.0
W018,rgb,32,n_reg,37.4
W018,rgb,48,f1@0.5,0.2693196719336462
W018,rgb,48,f1@0.75,0.170180222411602
W018,rgb,48,miou,0.5195417322783021
W018,rgb,48,n_gt,13.5
W018,rgb,48,n_pred,31.1
W018,rgb,48,n_reg,32.4
W019,depth,4,f1@0.5,0.1592169748744143
W019,depth,4,f1@0.75,0.0860754105563794
W019,depth,4,miou,0.2742316942847884
W019,depth,4,n_gt,9.470588235294118
W019,depth,4,n_pred,5.882352941176471
W019,depth,4,n_reg,5.941176470588236
W019,depth,6,f1@0.5,0.1463084781423881
W019,depth,6,f1@0.75,0.0726767177459219
W019,depth,6,miou,0.2627819245851093
W019,depth,6,n_gt,9.470588235294118
W019,depth,6,n_pred,5.823529411764706
W019,depth,6,n_reg,5.882352941176471
W019,depth,8,f1@0.5,0.1592169748744143
W019,depth,8,f1@0.75,0.0860754105563794
W019,depth,8,miou,0.2728846614092843
W019,depth,8,n_gt,9.470588235294118
W019,depth,8,n_pred,5.882352941176471
W019,depth,8,n_reg,5.941176470588236
W019,depth,12,f1@0.5,0.1940246988689895
W019,depth,12,f1@0.75,0.1394028501294937
W019,depth,12,miou,0.2951063843271206
W019,depth,12,n_gt,9.470588235294118
W019,depth,12,n_pred,5.588235294117647
W019,depth,12,n_reg,5.764705882352941
W019,depth,16,f1@0.5,0.1191667617273153
W019,depth,16,f1@0.75,0.0293183940242763
W019,depth,16,miou,0.1707871809260106
W019,depth,16,n_gt,9.470588235294118
W019,depth,16,n_pred,5.235294117647059
W019,depth,16,n_reg,5.294117647058823
W019,depth,24,f1@0.5,0.2232139493885988
W019,depth,24,f1@0.75,0.1271540909767098
W019,depth,24,miou,0.2919820067162595
W019,depth,24,n_gt,9.470588235294118
W019,depth,24,n_pred,6.294117647058823
W019,depth,24,n_reg,6.588235294117647
W019,depth,32,f1@0.5,0.2009650045617993
W019,depth,32,f1@0.75,0.1306836039170769
W019,depth,32,miou,0.2615773825270264
W019,depth,32,n_gt,9.470588235294118
W019,depth,32,n_pred,5.764705882352941
W019,depth,32,n_reg,6.0588235294117645
W019,depth,48,f1@0.5,0.2009650045617993
W019,depth,48,f1@0.75,0.1306836039170769
W019,depth,48,miou,0.2609999918734248
W019,depth,48,n_gt,9.470588235294118
W019,depth,48,n_pred,5.764705882352941
W019,depth,48,n_reg,6.0588235294117645
W019,normal,4,f1@0.5,0.3134100278199713
W019,normal,4,f1@0.75,0.2555507302547914
W019,normal,4,miou,0.4156355344268634
W019,normal,4,n_gt,9.470588235294118
W019,normal,4,n_pred,6.235294117647059
W019,normal,4,n_reg,6.294117647058823
W019,normal,6,f1@0.5,0.3268133458035115
W019,normal,6,f1@0.75,0.2439554213365905
W019,normal,6,miou,0.4154655727812223
W019,normal,6,n_gt,9.470588235294118
W019,normal,6,n_pred,7.0
W019,normal,6,n_reg,7.352941176470588
W019,normal,8,f1@0.5,0.3207896360099966
W019,normal,8,f1@0.75,0.2423544610350292
W019,normal,8,miou,0.4089154607270465
W019,normal,8,n_gt,9.470588235294118
W019,normal,8,n_pred,6.588235294117647
W019,normal,8,n_reg,6.588235294117647
W019,normal,12,f1@0.5,0.1618912613722302
W019,normal,12,f1@0.75,0.1388520456859557
W019,normal,12,miou,0.2015076310755224
W019,normal,12,n_gt,9.470588235294118
W019,normal,12,n_pred,5.176470588235294
W019,normal,12,n_reg,5.588235294117647
W019,normal,16,f1@0.5,0.1579602730986813
W019,normal,16,f1@0.75,0.1349210574124069
W019,normal,16,miou,0.2025461565066774
W019,normal,16,n_gt,9.470588235294118
W019,normal,16,n_pred,5.529411764705882
W019,normal,16,n_reg,5.588235294117647
W019,normal,24,f1@0.5,0.3709702345652081
W019,normal,24,f1@0.75,0.2480096746168499
W019,normal,24,miou,0.4110498790358684
W019,normal,24,n_gt,9.470588235294118
W019,normal,24,n_pred,6.705882352941177
W019,normal,24,n_reg,6.823529411764706
W019,normal,32,f1@0.5,0.2243642165924081
W019,normal,32,f1@0.75,0.1399520171647288
W019,normal,32,miou,0.2852655407144593
W019,normal,32,n_gt,9.470588235294118
W019,normal,32,n_pred,5.705882352941177
W019,normal,32,n_reg,5.823529411764706
W019,normal,48,f1@0.5,0.2649317375596741
W019,normal,48,f1@0.75,0.1546990757881305
W019,normal,48,miou,0.3428110476009912
W019,normal,48,n_gt,9.470588235294118
W019,normal,48,n_pred,6.647058823529412
W019,normal,48,n_reg,6.823529411764706
W019,rgb,4,f1@0.5,0.4391849722345078
W019,rgb,4,f1@0.75,0.2928958064133806
W019,rgb,4,miou,0.4999472961081297
W019,rgb,4,n_gt,9.470588235294118
W019,rgb,4,n_pred,8.882352941176471
W019,rgb,4,n_reg,9.0
W019,rgb,6,f1@0.5,0.4100465940484785
W019,rgb,6,f1@0.75,0.2534653012442756
W019,rgb,6,miou,0.5299672227929668
W019,rgb,6,n_gt,9.470588235294118
W019,rgb,6,n_pred,11.647058823529411
W019,rgb,6,n_reg,12.0
W019,rgb,8,f1@0.5,0.2949604709962766
W019,rgb,8,f1@0.75,0.1926997564337717
W019,rgb,8,miou,0.5015669597993345
W019,rgb,8,n_gt,9.470588235294118
W019,rgb,8,n_pred,14.529411764705882
W019,rgb,8,n_reg,15.0
W019,rgb,12,f1@0.5,0.3676109362736853
W019,rgb,12,f1@0.75,0.237543687668971
W019,rgb,12,miou,0.6924747811979133
W019,rgb,12,n_gt,9.470588235294118
W019,rgb,12,n_pred,20.705882352941178
W019,rgb,12,n_reg,21.58823529411765
W019,rgb,16,f1@0.5,0.4143723124571125
W019,rgb,16,f1@0.75,0.2725288996786739
W019,rgb,16,miou,0.6386810201189153
W019,rgb,16,n_gt,9.470588235294118
W019,rgb,16,n_pred,17.470588235294116
W019,rgb,16,n_reg,17.647058823529413
W019,rgb,24,f1@0.5,0.3332415547623708
W019,rgb,24,f1@0.75,0.1830747289198285
W019,rgb,24,miou,0.6962922638232928
W019,rgb,24,n_gt,9.470588235294118
W019,rgb,24,n_pred,23.529411764705884
W019,rgb,24,n_reg,24.11764705882353
W019,rgb,32,f1@0.5,0.3366819326162241
W019,rgb,32,f1@0.75,0.1365523461784124
W019,rgb,32,miou,0.6847304489986484
W019,rgb,32,n_gt,9.470588235294118
W019,rgb,32,n_pred,23.647058823529413
W019,rgb,32,n_reg,24.94117647058824
W019,rgb,48,f1@0.5,0.3265111835903629
W019,rgb,48,f1@0.75,0.1391672380578714
W019,rgb,48,miou,0.6703210120207018
W019,rgb,48,n_gt,9.470588235294118
W019,rgb,48,n_pred,23.647058823529413
W019,rgb,48,n_reg,24.823529411764707
W020,depth,4,f1@0.5,0.1237413380270523
W020,depth,4,f1@0.75,0.1237413380270523
W020,depth,4,miou,0.1687379696258379
W020,depth,4,n_gt,10.095238095238097
W020,depth,4,n_pred,2.857142857142857
W020,depth,4,n_reg,2.857142857142857
W020,depth,6,f1@0.5,0.1169544740973312
W020,depth,6,f1@0.75,0.1169544740973312
W020,depth,6,miou,0.1647684994948894
W020,depth,6,n_gt,10.095238095238097
W020,depth,6,n_pred,3.523809523809524
W020,depth,6,n_reg,3.857142857142857
W020,depth,8,f1@0.5,0.2020582592011163
W020,depth,8,f1@0.75,0.1149311006453863
W020,depth,8,miou,0.1578479535032903
W020,depth,8,n_gt,10.095238095238097
W020,depth,8,n_pred,3.6666666666666665
W020,depth,8,n_reg,3.761904761904762
W020,depth,12,f1@0.5,0.2397915576487005
W020,depth,12,f1@0.75,0.1174995639281353
W020,depth,12,miou,0.1592310944762348
W020,depth,12,n_gt,10.095238095238097
W020,depth,12,n_pred,4.047619047619048
W020,depth,12,n_reg,4.238095238095238
W020,depth,16,f1@0.5,0.2214067678353392
W020,depth,16,f1@0.75,0.1316980638409209
W020,depth,16,miou,0.1663095535068707
W020,depth,16,n_gt,10.095238095238097
W020,depth,16,n_pred,4.714285714285714
W020,depth,16,n_reg,5.238095238095238
W020,depth,24,f1@0.5,0.2723320232276446
W020,depth,24,f1@0.75,0.1453915034299819
W020,depth,24,miou,0.1881983337946372
W020,depth,24,n_gt,10.095238095238097
W020,depth,24,n_pred,4.523809523809524
W020,depth,24,n_reg,4.761904761904762
W020,depth,32,f1@0.5,0.240795891005975
W020,depth,32,f1@0.75,0.139453388192884
W020,depth,32,miou,0.1911057769777986
W020,depth,32,n_gt,10.095238095238097
W020,depth,32,n_pred,5.476190476190476
W020,depth,32,n_reg,5.761904761904762
W020,depth,48,f1@0.5,0.2320073463483459
W020,depth,48,f1@0.75,0.1404042948713448
W020,depth,48,miou,0.1798981420251504
W020,depth,48,n_gt,10.095238095238097
W020,depth,48,n_pred,5.333333333333333
W020,depth,48,n_reg,5.857142857142857
W020,normal,4,f1@0.5,0.1996034777547382
W020,normal,4,f1@0.75,0.1322501961157423
W020,normal,4,miou,0.2422381570622038
W020,normal,4,n_gt,10.095238095238097
W020,normal,4,n_pred,3.0
W020,normal,4,n_reg,3.0
W020,normal,6,f1@0.5,0.1996034777547382
W020,normal,6,f1@0.75,0.1322501961157423
W020,normal,6,miou,0.2418423113870356
W020,normal,6,n_gt,10.095238095238097
W020,normal,6,n_pred,3.0
W020,normal,6,n_reg,3.0
W020,normal,8,f1@0.5,0.2209361133730881
W020,normal,8,f1@0.75,0.1352852562936596
W020,normal,8,miou,0.2419720208532719
W020,normal,8,n_gt,10.095238095238097
W020,normal,8,n_pred,3.4285714285714284
W020,normal,8,n_reg,3.4285714285714284
W020,normal,12,f1@0.5,0.1870221048792477
W020,normal,12,f1@0.75,0.146362764219907
W020,normal,12,miou,0.1683842975601719
W020,normal,12,n_gt,10.095238095238097
W020,normal,12,n_pred,2.4285714285714284
W020,normal,12,n_reg,2.4285714285714284
W020,normal,16,f1@0.5,0.2209361133730881
W020,normal,16,f1@0.75,0.1352852562936596
W020,normal,16,miou,0.2422533670854643
W020,normal,16,n_gt,10.095238095238097
W020,normal,16,n_pred,3.4285714285714284
W020,normal,16,n_reg,3.4285714285714284
W020,normal,24,f1@0.5,0.1932817182817182
W020,normal,24,f1@0.75,0.1498905856048713
W020,normal,24,miou,0.1769391025229827
W020,normal,24,n_gt,10.095238095238097
W020,normal,24,n_pred,3.2857142857142856
W020,normal,24,n_reg,3.4285714285714284
W020,normal,32,f1@0.5,0.2245993269102512
W020,normal,32,f1@0.75,0.1393485599367952
W020,normal,32,miou,0.251645000382734
W020,normal,32,n_gt,10.095238095238097
W020,normal,32,n_pred,4.285714285714286
W020,normal,32,n_reg,4.428571428571429
W020,normal,48,f1@0.5,0.1932817182817182
W020,normal,48,f1@0.75,0.1498905856048713
W020,normal,48,miou,0.1769862305953813
W020,normal,48,n_gt,10.095238095238097
W020,normal,48,n_pred,3.2857142857142856
W020,normal,48,n_reg,3.4285714285714284
W020,rgb,4,f1@0.5,0.3094667957560483
W020,rgb,4,f1@0.75,0.1981106318125336
W020,rgb,4,miou,0.4778080565256913
W020,rgb,4,n_gt,10.095238095238097
W020,rgb,4,n_pred,8.619047619047619
W020,rgb,4,n_reg,8.666666666666666
W020,rgb,6,f1@0.5,0.2828724046769159
W020,rgb,6,f1@0.75,0.1886067983812344
W020,rgb,6,miou,0.4833840064561463
W020,rgb,6,n_gt,10.095238095238097
W020,rgb,6,n_pred,10.0
W020,rgb,6,n_reg,10.61904761904762
W020,rgb,8,f1@0.5,0.4488820347499654
W020,rgb,8,f1@0.75,0.3107494550417073
W020,rgb,8,miou,0.6374474987334112
W020,rgb,8,n_gt,10.095238095238097
W020,rgb,8,n_pred,11.952380952380953
W020,rgb,8,n_reg,12.761904761904765
W020,rgb,12,f1@0.5,0.4488705152680308
W020,rgb,12,f1@0.75,0.3117277477525925
W020,rgb,12,miou,0.5889490505881243
W020,rgb,12,n_gt,10.095238095238097
W020,rgb,12,n_pred,12.761904761904765
W020,rgb,12,n_reg,13.714285714285714
W020,rgb,16,f1@0.5,0.4091140176440383
W020,rgb,16,f1@0.75,0.2757591645376324
W020,rgb,16,miou,0.6273764974140433
W020,rgb,16,n_gt,10.095238095238097
W020,rgb,16,n_pred,15.666666666666666
W020,rgb,16,n_reg,16.523809523809526
W020,rgb,24,f1@0.5,0.324741402281722
W020,rgb,24,f1@0.75,0.2363300988570439
W020,rgb,24,miou,0.6125415362990864
W020,rgb,24,n_gt,10.095238095238097
W020,rgb,24,n_pred,18.761904761904763
W020,rgb,24,n_reg,20.38095238095238
W020,rgb,32,f1@0.5,0.3450569465435189
W020,rgb,32,f1@0.75,0.2134499045476851
W020,rgb,32,miou,0.6174449992883451
W020,rgb,32,n_gt,10.095238095238097
W020,rgb,32,n_pred,19.52380952380953
W020,rgb,32,n_reg,21.476190476190474
W020,rgb,48,f1@0.5,0.3615580371799324
W020,rgb,48,f1@0.75,0.2272165400560016
W020,rgb,48,miou,0.629406330239934
W020,rgb,48,n_gt,10.095238095238097
W020,rgb,48,n_pred,19.285714285714285
W020,rgb,48,n_reg,21.285714285714285
W021,depth,4,f1@0.5,0.252830745629238
W021,depth,4,f1@0.75,0.2027454941373369
W021,depth,4,miou,0.2870583547295047
W021,depth,4,n_gt,10.173913043478262
W021,depth,4,n_pred,5.913043478260869
W021,depth,4,n_reg,6.565217391304348
W021,depth,6,f1@0.5,0.1613859349994765
W021,depth,6,f1@0.75,0.1151381223732818
W021,depth,6,miou,0.2831419122241347
W021,depth,6,n_gt,10.173913043478262
W021,depth,6,n_pred,7.695652173913044
W021,depth,6,n_reg,7.956521739130435
W021,depth,8,f1@0.5,0.2379220643253487
W021,depth,8,f1@0.75,0.174031679796251
W021,depth,8,miou,0.3266259272475597
W021,depth,8,n_gt,10.173913043478262
W021,depth,8,n_pred,8.043478260869565
W021,depth,8,n_reg,8.608695652173912
W021,depth,12,f1@0.5,0.2979875092676277
W021,depth,12,f1@0.75,0.2125702149662305
W021,depth,12,miou,0.3940304438851035
W021,depth,12,n_gt,10.173913043478262
W021,depth,12,n_pred,9.304347826086955
W021,depth,12,n_reg,9.869565217391305
W021,depth,16,f1@0.5,0.292902332557737
W021,depth,16,f1@0.75,0.2079681300437795
W021,depth,16,miou,0.3938882808194276
W021,depth,16,n_gt,10.173913043478262
W021,depth,16,n_pred,9.347826086956522
W021,depth,16,n_reg,9.91304347826087
W021,depth,24,f1@0.5,0.3025641683065293
W021,depth,24,f1@0.75,0.216918041053187
W021,depth,24,miou,0.3940615503634724
W021,depth,24,n_gt,10.173913043478262
W021,depth,24,n_pred,9.304347826086955
W021,depth,24,n_reg,9.869565217391305
W021,depth,32,f1@0.5,0.2765285442933848
W021,depth,32,f1@0.75,0.2214871150596012
W021,depth,32,miou,0.31259620939042
W021,depth,32,n_gt,10.173913043478262
W021,depth,32,n_pred,7.826086956521739
W021,depth,32,n_reg,8.565217391304348
W021,depth,48,f1@0.5,0.3020556506355402
W021,depth,48,f1@0.75,0.2166637822176925
W021,depth,48,miou,0.3941739533701908
W021,depth,48,n_gt,10.173913043478262
W021,depth,48,n_pred,9.347826086956522
W021,depth,48,n_reg,9.869565217391305
W021,normal,4,f1@0.5,0.3414532174425834
W021,normal,4,f1@0.75,0.3088663688206022
W021,normal,4,miou,0.4748789014098639
W021,normal,4,n_gt,10.173913043478262
W021,normal,4,n_pred,7.739130434782608
W021,normal,4,n_reg,7.956521739130435
W021,normal,6,f1@0.5,0.3667334897345666
W021,normal,6,f1@0.75,0.3268966854476344
W021,normal,6,miou,0.497087692654318
W021,normal,6,n_gt,10.173913043478262
W021,normal,6,n_pred,8.0
W021,normal,6,n_reg,8.217391304347826
W021,normal,8,f1@0.5,0.3088198601625712
W021,normal,8,f1@0.75,0.2591582898488269
W021,normal,8,miou,0.2901099298172115
W021,normal,8,n_gt,10.173913043478262
W021,normal,8,n_pred,4.739130434782608
W021,normal,8,n_reg,5.0
W021,normal,12,f1@0.5,0.3404267517977304
W021,normal,12,f1@0.75,0.3136039014454683
W021,normal,12,miou,0.4787003660942983
W021,normal,12,n_gt,10.173913043478262
W021,normal,12,n_pred,8.73913043478261
W021,normal,12,n_reg,9.347826086956522
W021,normal,16,f1@0.5,0.3420105570832452
W021,normal,16,f1@0.75,0.3099722345078382
W021,normal,16,miou,0.4821335608370177
W021,normal,16,n_gt,10.173913043478262
W021,normal,16,n_pred,8.0
W021,normal,16,n_reg,8.217391304347826
W021,normal,24,f1@0.5,0.3100275896311702
W021,normal,24,f1@0.75,0.2541548391932023
W021,normal,24,miou,0.2917742478222233
W021,normal,24,n_gt,10.173913043478262
W021,normal,24,n_pred,4.652173913043479
W021,normal,24,n_reg,5.0
W021,normal,32,f1@0.5,0.4073807420051867
W021,normal,32,f1@0.75,0.3459263485949446
W021,normal,32,miou,0.4146203744256331
W021,normal,32,n_gt,10.173913043478262
W021,normal,32,n_pred,5.956521739130435
W021,normal,32,n_reg,6.0
W021,normal,48,f1@0.5,0.4191160494431459
W021,normal,48,f1@0.75,0.3318520668096654
W021,normal,48,miou,0.4875359121292447
W021,normal,48,n_gt,10.173913043478262
W021,normal,48,n_pred,8.26086956521739
W021,normal,48,n_reg,9.173913043478262
W021,rgb,4,f1@0.5,0.4566414933522684
W021,rgb,4,f1@0.75,0.3251747937003135
W021,rgb,4,miou,0.6586167514036642
W021,rgb,4,n_gt,10.173913043478262
W021,rgb,4,n_pred,13.0
W021,rgb,4,n_reg,13.478260869565217
W021,rgb,6,f1@0.5,0.4527997039717267
W021,rgb,6,f1@0.75,0.3240162239217059
W021,rgb,6,miou,0.6566169423178022
W021,rgb,6,n_gt,10.173913043478262
W021,rgb,6,n_pred,13.08695652173913
W021,rgb,6,n_reg,14.0
W021,rgb,8,f1@0.5,0.3596371289324812
W021,rgb,8,f1@0.75,0.274355032495962
W021,rgb,8,miou,0.6795498002797656
W021,rgb,8,n_gt,10.173913043478262
W021,rgb,8,n_pred,17.434782608695652
W021,rgb,8,n_reg,20.695652173913043
W021,rgb,12,f1@0.5,0.3169822604832092
W021,rgb,12,f1@0.75,0.2451927253965039
W021,rgb,12,miou,0.6790282564034049
W021,rgb,12,n_gt,10.173913043478262
W021,rgb,12,n_pred,21.130434782608692
W021,rgb,12,n_reg,23.47826086956522
W021,rgb,16,f1@0.5,0.3215628540056648
W021,rgb,16,f1@0.75,0.2372325031800535
W021,rgb,16,miou,0.6617411744988181
W021,rgb,16,n_gt,10.173913043478262
W021,rgb,16,n_pred,18.91304347826087
W021,rgb,16,n_reg,21.17391304347826
W021,rgb,24,f1@0.5,0.3097016712673424
W021,rgb,24,f1@0.75,0.218130529585855
W021,rgb,24,miou,0.6622248431841762
W021,rgb,24,n_gt,10.173913043478262
W021,rgb,24,n_pred,21.47826086956522
W021,rgb,24,n_reg,24.0
W021,rgb,32,f1@0.5,0.280295530584995
W021,rgb,32,f1@0.75,0.2004864855276917
W021,rgb,32,miou,0.6590405752292293
W021,rgb,32,n_gt,10.173913043478262
W021,rgb,32,n_pred,23.565217391304348
W021,rgb,32,n_reg,26.0
W021,rgb,48,f1@0.5,0.3135731962012725
W021,rgb,48,f1@0.75,0.1821346365833847
W021,rgb,48,miou,0.6590387392910368
W021,rgb,48,n_gt,10.173913043478262
W021,rgb,48,n_pred,22.73913043478261
W021,rgb,48,n_reg,25.695652173913043
W022,depth,4,f1@0.5,0.2375724357342004
W022,depth,4,f1@0.75,0.1786550119270707
W022,depth,4,miou,0.2833880596493326
W022,depth,4,n_gt,10.958333333333334
W022,depth,4,n_pred,4.375
W022,depth,4,n_reg,4.541666666666667
W022,depth,6,f1@0.5,0.2314651439748188
W022,depth,6,f1@0.75,0.1713548498571718
W022,depth,6,miou,0.2914516493179924
W022,depth,6,n_gt,10.958333333333334
W022,depth,6,n_pred,5.416666666666667
W022,depth,6,n_reg,6.291666666666667
W022,depth,8,f1@0.5,0.3621087968880404
W022,depth,8,f1@0.75,0.2852066703207502
W022,depth,8,miou,0.4245136198619474
W022,depth,8,n_gt,10.958333333333334
W022,depth,8,n_pred,6.958333333333333
W022,depth,8,n_reg,7.666666666666667
W022,depth,12,f1@0.5,0.3552529773437702
W022,depth,12,f1@0.75,0.2699771470951138
W022,depth,12,miou,0.4307036170607028
W022,depth,12,n_gt,10.958333333333334
W022,depth,12,n_pred,7.833333333333333
W022,depth,12,n_reg,8.916666666666666
W022,depth,16,f1@0.5,0.4188485694881239
W022,depth,16,f1@0.75,0.2574833040259073
W022,depth,16,miou,0.502207643125026
W022,depth,16,n_gt,10.958333333333334
W022,depth,16,n_pred,8.875
W022,depth,16,n_reg,9.916666666666666
W022,depth,24,f1@0.5,0.4011664966589923
W022,depth,24,f1@0.75,0.2346734300763275
W022,depth,24,miou,0.4792713156369548
W022,depth,24,n_gt,10.958333333333334
W022,depth,24,n_pred,8.708333333333334
W022,depth,24,n_reg,9.916666666666666
W022,depth,32,f1@0.5,0.3233672302406318
W022,depth,32,f1@0.75,0.2492319200998868
W022,depth,32,miou,0.3967171797023241
W022,depth,32,n_gt,10.958333333333334
W022,depth,32,n_pred,7.625
W022,depth,32,n_reg,8.916666666666666
W022,depth,48,f1@0.5,0.3545314766222694
W022,depth,48,f1@0.75,0.265632457967816
W022,depth,48,miou,0.429269606659709
W022,depth,48,n_gt,10.958333333333334
W022,depth,48,n_pred,7.875
W022,depth,48,n_reg,8.958333333333334
W022,normal,4,f1@0.5,0.3456699006331359
W022,normal,4,f1@0.75,0.2370645966234201
W022,normal,4,miou,0.3535652433784924
W022,normal,4,n_gt,10.958333333333334
W022,normal,4,n_pred,4.25
W022,normal,4,n_reg,4.958333333333333
W022,normal,6,f1@0.5,0.3520507542566366
W022,normal,6,f1@0.75,0.2480852548867254
W022,normal,6,miou,0.3534073363955886
W022,normal,6,n_gt,10.958333333333334
W022,normal,6,n_pred,4.0
W022,normal,6,n_reg,4.0
W022,normal,8,f1@0.5,0.3747271569446492
W022,normal,8,f1@0.75,0.2888012908717243
W022,normal,8,miou,0.411222488653131
W022,normal,8,n_gt,10.958333333333334
W022,normal,8,n_pred,5.0
W022,normal,8,n_reg,5.0
W022,normal,12,f1@0.5,0.3767112839287762
W022,normal,12,f1@0.75,0.2888012908717243
W022,normal,12,miou,0.410995641532961
W022,normal,12,n_gt,10.958333333333334
W022,normal,12,n_pred,5.0
W022,normal,12,n_reg,5.0
W022,normal,16,f1@0.5,0.3862350934525857
W022,normal,16,f1@0.75,0.2888012908717243
W022,normal,16,miou,0.4166420820054805
W022,normal,16,n_gt,10.958333333333334
W022,normal,16,n_pred,5.0
W022,normal,16,n_reg,5.0
W022,normal,24,f1@0.5,0.4815007368063802
W022,normal,24,f1@0.75,0.3510480743587487
W022,normal,24,miou,0.4836000567615523
W022,normal,24,n_gt,10.958333333333334
W022,normal,24,n_pred,6.25
W022,normal,24,n_reg,6.541666666666667
W022,normal,32,f1@0.5,0.4908027281885641
W022,normal,32,f1@0.75,0.3449769253794021
W022,normal,32,miou,0.5152472534932432
W022,normal,32,n_gt,10.958333333333334
W022,normal,32,n_pred,7.916666666666667
W022,normal,32,n_reg,8.541666666666666
W022,normal,48,f1@0.5,0.4797069517599703
W022,normal,48,f1@0.75,0.3494210012553666
W022,normal,48,miou,0.5136668103588687
W022,normal,48,n_gt,10.958333333333334
W022,normal,48,n_pred,7.75
W022,normal,48,n_reg,8.541666666666666
W022,rgb,4,f1@0.5,0.4091887168135653
W022,rgb,4,f1@0.75,0.3324228706798702
W022,rgb,4,miou,0.5904290085731553
W022,rgb,4,n_gt,10.958333333333334
W022,rgb,4,n_pred,10.125
W022,rgb,4,n_reg,10.625
W022,rgb,6,f1@0.5,0.4584765577983036
W022,rgb,6,f1@0.75,0.3309252161733428
W022,rgb,6,miou,0.5898867167422305
W022,rgb,6,n_gt,10.958333333333334
W022,rgb,6,n_pred,10.583333333333334
W022,rgb,6,n_reg,12.5
W022,rgb,8,f1@0.5,0.4750181370032628
W022,rgb,8,f1@0.75,0.3450434934941037
W022,rgb,8,miou,0.6295481082811073
W022,rgb,8,n_gt,10.958333333333334
W022,rgb,8,n_pred,12.125
W022,rgb,8,n_reg,12.916666666666666
W022,rgb,12,f1@0.5,0.4543252789483663
W022,rgb,12,f1@0.75,0.3188078894720905
W022,rgb,12,miou,0.6788341882507436
W022,rgb,12,n_gt,10.958333333333334
W022,rgb,12,n_pred,14.791666666666666
W022,rgb,12,n_reg,16.416666666666668
W022,rgb,16,f1@0.5,0.4253994763061855
W022,rgb,16,f1@0.75,0.2887305497079027
W022,rgb,16,miou,0.6352747611716413
W022,rgb,16,n_gt,10.958333333333334
W022,rgb,16,n_pred,14.75
W022,rgb,16,n_reg,16.375
W022,rgb,24,f1@0.5,0.3413090582202925
W022,rgb,24,f1@0.75,0.2667197097046269
W022,rgb,24,miou,0.6440797442875742
W022,rgb,24,n_gt,10.958333333333334
W022,rgb,24,n_pred,17.458333333333332
W022,rgb,24,n_reg,20.125
W022,rgb,32,f1@0.5,0.3755253664686955
W022,rgb,32,f1@0.75,0.2579718328758481
W022,rgb,32,miou,0.6471383609645469
W022,rgb,32,n_gt,10.958333333333334
W022,rgb,32,n_pred,17.75
W022,rgb,32,n_reg,20.45833333333333
W022,rgb,48,f1@0.5,0.3478212112061715
W022,rgb,48,f1@0.75,0.2560382146349562
W022,rgb,48,miou,0.6916883550851575
W022,rgb,48,n_gt,10.958333333333334
W022,rgb,48,n_pred,18.83333333333333
W022,rgb,48,n_reg,21.25
W023,depth,4,f1@0.5,0.3960467623648189
W023,depth,4,f1@0.75,0.2354677383265207
W023,depth,4,miou,0.4992695647309405
W023,depth,4,n_gt,13.36842105263158
W023,depth,4,n_pred,8.526315789473685
W023,depth,4,n_reg,9.263157894736842
W023,depth,6,f1@0.5,0.4054852315500841
W023,depth,6,f1@0.75,0.2429872450436243
W023,depth,6,miou,0.4696721833405506
W023,depth,6,n_gt,13.36842105263158
W023,depth,6,n_pred,8.31578947368421
W023,depth,6,n_reg,8.421052631578947
W023,depth,8,f1@0.5,0.3733829645325136
W023,depth,8,f1@0.75,0.2169549475068387
W023,depth,8,miou,0.4493551828378859
W023,depth,8,n_gt,13.36842105263158
W023,depth,8,n_pred,9.63157894736842
W023,depth,8,n_reg,10.31578947368421
W023,depth,12,f1@0.5,0.4592857428625458
W023,depth,12,f1@0.75,0.2637306180796046
W023,depth,12,miou,0.5380839614303369
W023,depth,12,n_gt,13.36842105263158
W023,depth,12,n_pred,10.842105263157896
W023,depth,12,n_reg,11.210526315789474
W023,depth,16,f1@0.5,0.4572061944282828
W023,depth,16,f1@0.75,0.2543473874161577
W023,depth,16,miou,0.4904303238823313
W023,depth,16,n_gt,13.36842105263158
W023,depth,16,n_pred,9.947368421052632
W023,depth,16,n_reg,10.842105263157896
W023,depth,24,f1@0.5,0.4160392250142112
W023,depth,24,f1@0.75,0.2419298580199708
W023,depth,24,miou,0.4936661330276279
W023,depth,24,n_gt,13.36842105263158
W023,depth,24,n_pred,10.526315789473683
W023,depth,24,n_reg,11.68421052631579
W023,depth,32,f1@0.5,0.3213879408158585
W023,depth,32,f1@0.75,0.2383247530501535
W023,depth,32,miou,0.3653515767410998
W023,depth,32,n_gt,13.36842105263158
W023,depth,32,n_pred,8.157894736842104
W023,depth,32,n_reg,8.421052631578947
W023,depth,48,f1@0.5,0.2923862276130414
W023,depth,48,f1@0.75,0.2179017941422033
W023,depth,48,miou,0.3632468012811419
W023,depth,48,n_gt,13.36842105263158
W023,depth,48,n_pred,9.526315789473683
W023,depth,48,n_reg,10.157894736842104
W023,normal,4,f1@0.5,0.4856341542087657
W023,normal,4,f1@0.75,0.343196290775479
W023,normal,4,miou,0.5315152826993267
W023,normal,4,n_gt,13.36842105263158
W023,normal,4,n_pred,6.7368421052631575
W023,normal,4,n_reg,6.7368421052631575
W023,normal,6,f1@0.5,0.4399710009369169
W023,normal,6,f1@0.75,0.3477729498143806
W023,normal,6,miou,0.5195956999479203
W023,normal,6,n_gt,13.36842105263158
W023,normal,6,n_pred,6.7368421052631575
W023,normal,6,n_reg,6.7368421052631575
W023,normal,8,f1@0.5,0.4594001524307367
W023,normal,8,f1@0.75,0.3478186579757946
W023,normal,8,miou,0.5233008435323366
W023,normal,8,n_gt,13.36842105263158
W023,normal,8,n_pred,7.631578947368421
W023,normal,8,n_reg,7.684210526315789
W023,normal,12,f1@0.5,0.4494217670425774
W023,normal,12,f1@0.75,0.3559623842602709
W023,normal,12,miou,0.551106485528053
W023,normal,12,n_gt,13.36842105263158
W023,normal,12,n_pred,7.315789473684211
W023,normal,12,n_reg,7.526315789473684
W023,normal,16,f1@0.5,0.4877940786937534
W023,normal,16,f1@0.75,0.357696336921918
W023,normal,16,miou,0.5717704676700085
W023,normal,16,n_gt,13.36842105263158
W023,normal,16,n_pred,9.052631578947368
W023,normal,16,n_reg,9.31578947368421
W023,normal,24,f1@0.5,0.433835967528963
W023,normal,24,f1@0.75,0.3543280103365402
W023,normal,24,miou,0.4968478426718833
W023,normal,24,n_gt,13.36842105263158
W023,normal,24,n_pred,8.0
W023,normal,24,n_reg,8.31578947368421
W023,normal,32,f1@0.5,0.4877940786937534
W023,normal,32,f1@0.75,0.3663215789567711
W023,normal,32,miou,0.5711667121250222
W023,normal,32,n_gt,13.36842105263158
W023,normal,32,n_pred,9.052631578947368
W023,normal,32,n_reg,9.31578947368421
W023,normal,48,f1@0.5,0.433835967528963
W023,normal,48,f1@0.75,0.3495433213413249
W023,normal,48,miou,0.4965466283178814
W023,normal,48,n_gt,13.36842105263158
W023,normal,48,n_pred,8.0
W023,normal,48,n_reg,8.31578947368421
W023,rgb,4,f1@0.5,0.4437243363824117
W023,rgb,4,f1@0.75,0.3437343162767708
W023,rgb,4,miou,0.5748215780398498
W023,rgb,4,n_gt,13.36842105263158
W023,rgb,4,n_pred,9.36842105263158
W023,rgb,4,n_reg,9.842105263157896
W023,rgb,6,f1@0.5,0.3958952653729459
W023,rgb,6,f1@0.75,0.2494009211202736
W023,rgb,6,miou,0.6270802451080429
W023,rgb,6,n_gt,13.36842105263158
W023,rgb,6,n_pred,12.894736842105264
W023,rgb,6,n_reg,13.526315789473683
W023,rgb,8,f1@0.5,0.4456666880114099
W023,rgb,8,f1@0.75,0.2757563565762238
W023,rgb,8,miou,0.7308746026828389
W023,rgb,8,n_gt,13.36842105263158
W023,rgb,8,n_pred,16.473684210526315
W023,rgb,8,n_reg,17.894736842105264
W023,rgb,12,f1@0.5,0.4768696561279412
W023,rgb,12,f1@0.75,0.3135561874331055
W023,rgb,12,miou,0.7258668238929854
W023,rgb,12,n_gt,13.36842105263158
W023,rgb,12,n_pred,14.68421052631579
W023,rgb,12,n_reg,15.894736842105264
W023,rgb,16,f1@0.5,0.3819541517117354
W023,rgb,16,f1@0.75,0.226746952423493
W023,rgb,16,miou,0.6844776758387556
W023,rgb,16,n_gt,13.36842105263158
W023,rgb,16,n_pred,18.105263157894736
W023,rgb,16,n_reg,19.57894736842105
W023,rgb,24,f1@0.5,0.4123283223834015
W023,rgb,24,f1@0.75,0.2393214193145056
W023,rgb,24,miou,0.7273275469721339
W023,rgb,24,n_gt,13.36842105263158
W023,rgb,24,n_pred,18.94736842105263
W023,rgb,24,n_reg,20.73684210526316
W023,rgb,32,f1@0.5,0.4040986667356139
W023,rgb,32,f1@0.75,0.2326041825899105
W023,rgb,32,miou,0.736936208435825
W023,rgb,32,n_gt,13.36842105263158
W023,rgb,32,n_pred,20.26315789473684
W023,rgb,32,n_reg,23.105263157894736
W023,rgb,48,f1@0.5,0.4375205143808984
W023,rgb,48,f1@0.75,0.2844767430489018
W023,rgb,48,miou,0.6655894976137843
W023,rgb,48,n_gt,13.36842105263158
W023,rgb,48,n_pred,15.263157894736842
W023,rgb,48,n_reg,16.68421052631579
W024,depth,4,f1@0.5,0.3627243741088135
W024,depth,4,f1@0.75,0.2285584944337804
W024,depth,4,miou,0.475309564715863
W024,depth,4,n_gt,14.5
W024,depth,4,n_pred,7.083333333333333
W024,depth,4,n_reg,7.333333333333333
W024,depth,6,f1@0.5,0.3622522302035023
W024,depth,6,f1@0.75,0.2385184595993587
W024,depth,6,miou,0.4649726361008868
W024,depth,6,n_gt,14.5
W024,depth,6,n_pred,6.25
W024,depth,6,n_reg,6.333333333333333
W024,depth,8,f1@0.5,0.3875653948842354
W024,depth,8,f1@0.75,0.2900147303045854
W024,depth,8,miou,0.5888399849061844
W024,depth,8,n_gt,14.5
W024,depth,8,n_pred,9.5
W024,depth,8,n_reg,10.5
W024,depth,12,f1@0.5,0.4578656019235729
W024,depth,12,f1@0.75,0.3224017823293185
W024,depth,12,miou,0.5826873287397839
W024,depth,12,n_gt,14.5
W024,depth,12,n_pred,10.75
W024,depth,12,n_reg,12.083333333333334
W024,depth,16,f1@0.5,0.5131800187869028
W024,depth,16,f1@0.75,0.3596544551798175
W024,depth,16,miou,0.6235824288986787
W024,depth,16,n_gt,14.5
W024,depth,16,n_pred,11.666666666666666
W024,depth,16,n_reg,14.166666666666666
W024,depth,24,f1@0.5,0.4403927456559035
W024,depth,24,f1@0.75,0.2788993787239401
W024,depth,24,miou,0.5200358469113406
W024,depth,24,n_gt,14.5
W024,depth,24,n_pred,8.333333333333334
W024,depth,24,n_reg,10.333333333333334
W024,depth,32,f1@0.5,0.5170169868445731
W024,depth,32,f1@0.75,0.2857633267116026
W024,depth,32,miou,0.5462594697073658
W024,depth,32,n_gt,14.5
W024,depth,32,n_pred,10.166666666666666
W024,depth,32,n_reg,11.5
W024,depth,48,f1@0.5,0.485450815495793
W024,depth,48,f1@0.75,0.2991113531368404
W024,depth,48,miou,0.5943644002077259
W024,depth,48,n_gt,14.5
W024,depth,48,n_pred,10.666666666666666
W024,depth,48,n_reg,12.583333333333334
W024,normal,4,f1@0.5,0.3465754743753128
W024,normal,4,f1@0.75,0.2121007271919238
W024,normal,4,miou,0.4695600334383509
W024,normal,4,n_gt,14.5
W024,normal,4,n_pred,6.666666666666667
W024,normal,4,n_reg,6.916666666666667
W024,normal,6,f1@0.5,0.3378760032802748
W024,normal,6,f1@0.75,0.1891676786642462
W024,normal,6,miou,0.5066082649971654
W024,normal,6,n_gt,14.5
W024,normal,6,n_pred,9.166666666666666
W024,normal,6,n_reg,9.5
W024,normal,8,f1@0.5,0.3497273671606242
W024,normal,8,f1@0.75,0.1888382979000828
W024,normal,8,miou,0.5085046666759175
W024,normal,8,n_gt,14.5
W024,normal,8,n_pred,9.25
W024,normal,8,n_reg,9.583333333333334
W024,normal,12,f1@0.5,0.5020374548749834
W024,normal,12,f1@0.75,0.297000215085646
W024,normal,12,miou,0.5408765970210853
W024,normal,12,n_gt,14.5
W024,normal,12,n_pred,8.916666666666666
W024,normal,12,n_reg,9.25
W024,normal,16,f1@0.5,0.4518788377484029
W024,normal,16,f1@0.75,0.2810058366217786
W024,normal,16,miou,0.5547104580058464
W024,normal,16,n_gt,14.5
W024,normal,16,n_pred,10.333333333333334
W024,normal,16,n_reg,11.25
W024,normal,24,f1@0.5,0.4552284108805848
W024,normal,24,f1@0.75,0.3021749037328747
W024,normal,24,miou,0.5587353557477234
W024,normal,24,n_gt,14.5
W024,normal,24,n_pred,9.666666666666666
W024,normal,24,n_reg,10.5
W024,normal,32,f1@0.5,0.4527894247459464
W024,normal,32,f1@0.75,0.3021615716543253
W024,normal,32,miou,0.5565561700404861
W024,normal,32,n_gt,14.5
W024,normal,32,n_pred,9.083333333333334
W024,normal,32,n_reg,10.166666666666666
W024,normal,48,f1@0.5,0.4396364019628703
W024,normal,48,f1@0.75,0.2925942560420058
W024,normal,48,miou,0.5222030875308622
W024,normal,48,n_gt,14.5
W024,normal,48,n_pred,9.333333333333334
W024,normal,48,n_reg,10.25
W024,rgb,4,f1@0.5,0.4345789587168897
W024,rgb,4,f1@0.75,0.2691914354270676
W024,rgb,4,miou,0.6790838733831773
W024,rgb,4,n_gt,14.5
W024,rgb,4,n_pred,11.333333333333334
W024,rgb,4,n_reg,12.166666666666666
W024,rgb,6,f1@0.5,0.5220764569736194
W024,rgb,6,f1@0.75,0.3329241940193106
W024,rgb,6,miou,0.7872019691851797
W024,rgb,6,n_gt,14.5
W024,rgb,6,n_pred,16.333333333333332
W024,rgb,6,n_reg,18.08333333333333
W024,rgb,8,f1@0.5,0.4515092635694473
W024,rgb,8,f1@0.75,0.28377869038691
W024,rgb,8,miou,0.7883938752230569
W024,rgb,8,n_gt,14.5
W024,rgb,8,n_pred,18.33333333333333
W024,rgb,8,n_reg,19.08333333333333
W024,rgb,12,f1@0.5,0.4550799361395662
W024,rgb,12,f1@0.75,0.2937572982613896
W024,rgb,12,miou,0.7958902945287821
W024,rgb,12,n_gt,14.5
W024,rgb,12,n_pred,21.75
W024,rgb,12,n_reg,24.08333333333333
W024,rgb,16,f1@0.5,0.4579864333153153
W024,rgb,16,f1@0.75,0.3012812546159384
W024,rgb,16,miou,0.79868758287164
W024,rgb,16,n_gt,14.5
W024,rgb,16,n_pred,21.75
W024,rgb,16,n_reg,23.25
W024,rgb,24,f1@0.5,0.3989345590901066
W024,rgb,24,f1@0.75,0.2599077295820185
W024,rgb,24,miou,0.7881974018216789
W024,rgb,24,n_gt,14.5
W024,rgb,24,n_pred,24.0
W024,rgb,24,n_reg,26.83333333333333
W024,rgb,32,f1@0.5,0.4379610329419328
W024,rgb,32,f1@0.75,0.2837636330685991
W024,rgb,32,miou,0.782913465104392
W024,rgb,32,n_gt,14.5
W024,rgb,32,n_pred,21.25
W024,rgb,32,n_reg,23.58333333333333
W024,rgb,48,f1@0.5,0.4394172553283877
W024,rgb,48,f1@0.75,0.2819363824653387
W024,rgb,48,miou,0.7886313768257228
W024,rgb,48,n_gt,14.5
W024,rgb,48,n_pred,21.5
W024,rgb,48,n_reg,23.666666666666668
W025,depth,4,f1@0.5,0.6724164373351681
W025,depth,4,f1@0.75,0.5370786033711731
W025,depth,4,miou,0.692065459067882
W025,depth,4,n_gt,9.916666666666666
W025,depth,4,n_pred,7.666666666666667
W025,depth,4,n_reg,7.666666666666667
W025,depth,6,f1@0.5,0.7347940930758269
W025,depth,6,f1@0.75,0.5306714498664963
W025,depth,6,miou,0.7836920203904464
W025,depth,6,n_gt,9.916666666666666
W025,depth,6,n_pred,8.916666666666666
W025,depth,6,n_reg,9.083333333333334
W025,depth,8,f1@0.5,0.6315846806558881
W025,depth,8,f1@0.75,0.4734656289416351
W025,depth,8,miou,0.6693647798498183
W025,depth,8,n_gt,9.916666666666666
W025,depth,8,n_pred,8.0
W025,depth,8,n_reg,8.083333333333334
W025,depth,12,f1@0.5,0.6635477582846003
W025,depth,12,f1@0.75,0.4949874686716791
W025,depth,12,miou,0.7075718655661426
W025,depth,12,n_gt,9.916666666666666
W025,depth,12,n_pred,9.666666666666666
W025,depth,12,n_reg,9.916666666666666
W025,depth,16,f1@0.5,0.659735122119023
W025,depth,16,f1@0.75,0.4889961832686291
W025,depth,16,miou,0.7068915705756211
W025,depth,16,n_gt,9.916666666666666
W025,depth,16,n_pred,9.5
W025,depth,16,n_reg,9.916666666666666
W025,depth,24,f1@0.5,0.635761752867016
W025,depth,24,f1@0.75,0.4111237690185058
W025,depth,24,miou,0.7055326689739476
W025,depth,24,n_gt,9.916666666666666
W025,depth,24,n_pred,10.5
W025,depth,24,n_reg,10.916666666666666
W025,depth,32,f1@0.5,0.6635477582846003
W025,depth,32,f1@0.75,0.4949874686716791
W025,depth,32,miou,0.7071005515384057
W025,depth,32,n_gt,9.916666666666666
W025,depth,32,n_pred,9.666666666666666
W025,depth,32,n_reg,9.916666666666666
W025,depth,48,f1@0.5,0.659735122119023
W025,depth,48,f1@0.75,0.4889961832686291
W025,depth,48,miou,0.70764272878595
W025,depth,48,n_gt,9.916666666666666
W025,depth,48,n_pred,9.5
W025,depth,48,n_reg,9.916666666666666
W025,normal,4,f1@0.5,0.6025341130604288
W025,normal,4,f1@0.75,0.3629629629629629
W025,normal,4,miou,0.6176724923472471
W025,normal,4,n_gt,9.916666666666666
W025,normal,4,n_pred,8.833333333333334
W025,normal,4,n_reg,9.25
W025,normal,6,f1@0.5,0.6270711500974658
W025,normal,6,f1@0.75,0.4811095344570577
W025,normal,6,miou,0.6003267934340256
W025,normal,6,n_gt,9.916666666666666
W025,normal,6,n_pred,7.416666666666667
W025,normal,6,n_reg,8.416666666666666
W025,normal,8,f1@0.5,0.6831867492622642
W025,normal,8,f1@0.75,0.4304176669165227
W025,normal,8,miou,0.7127295415917315
W025,normal,8,n_gt,9.916666666666666
W025,normal,8,n_pred,10.416666666666666
W025,normal,8,n_reg,11.75
W025,normal,12,f1@0.5,0.6880490367332474
W025,normal,12,f1@0.75,0.424582921951343
W025,normal,12,miou,0.7132681997916809
W025,normal,12,n_gt,9.916666666666666
W025,normal,12,n_pred,10.25
W025,normal,12,n_reg,11.25
W025,normal,16,f1@0.5,0.6772970249514872
W025,normal,16,f1@0.75,0.4190198542029206
W025,normal,16,miou,0.7154571972724336
W025,normal,16,n_gt,9.916666666666666
W025,normal,16,n_pred,10.583333333333334
W025,normal,16,n_reg,11.666666666666666
W025,normal,24,f1@0.5,0.6589316671124451
W025,normal,24,f1@0.75,0.4136174593268415
W025,normal,24,miou,0.7129806789146986
W025,normal,24,n_gt,9.916666666666666
W025,normal,24,n_pred,10.916666666666666
W025,normal,24,n_reg,12.333333333333334
W025,normal,32,f1@0.5,0.6703703703703704
W025,normal,32,f1@0.75,0.4117364117364117
W025,normal,32,miou,0.7197186571706057
W025,normal,32,n_gt,9.916666666666666
W025,normal,32,n_pred,11.083333333333334
W025,normal,32,n_reg,12.583333333333334
W025,normal,48,f1@0.5,0.6435542578448757
W025,normal,48,f1@0.75,0.411376580449807
W025,normal,48,miou,0.7220783090059925
W025,normal,48,n_gt,9.916666666666666
W025,normal,48,n_pred,12.0
W025,normal,48,n_reg,13.666666666666666
W025,rgb,4,f1@0.5,0.6371518889320748
W025,rgb,4,f1@0.75,0.5545237499571865
W025,rgb,4,miou,0.7295825806101065
W025,rgb,4,n_gt,9.916666666666666
W025,rgb,4,n_pred,9.5
W025,rgb,4,n_reg,10.583333333333334
W025,rgb,6,f1@0.5,0.7124578849407225
W025,rgb,6,f1@0.75,0.597215508027865
W025,rgb,6,miou,0.7303694537305613
W025,rgb,6,n_gt,9.916666666666666
W025,rgb,6,n_pred,10.5
W025,rgb,6,n_reg,11.583333333333334
W025,rgb,8,f1@0.5,0.6534230846702243
W025,rgb,8,f1@0.75,0.4633537781821535
W025,rgb,8,miou,0.7791619554234318
W025,rgb,8,n_gt,9.916666666666666
W025,rgb,8,n_pred,13.083333333333334
W025,rgb,8,n_reg,14.25
W025,rgb,12,f1@0.5,0.6898782953493098
W025,rgb,12,f1@0.75,0.496636574643821
W025,rgb,12,miou,0.8175767349889566
W025,rgb,12,n_gt,9.916666666666666
W025,rgb,12,n_pred,13.5
W025,rgb,12,n_reg,15.0
W025,rgb,16,f1@0.5,0.7428522558042009
W025,rgb,16,f1@0.75,0.6101389508025664
W025,rgb,16,miou,0.8192339350501058
W025,rgb,16,n_gt,9.916666666666666
W025,rgb,16,n_pred,12.083333333333334
W025,rgb,16,n_reg,13.0
W025,rgb,24,f1@0.5,0.7259750997794475
W025,rgb,24,f1@0.75,0.5844382308512743
W025,rgb,24,miou,0.8256745994424284
W025,rgb,24,n_gt,9.916666666666666
W025,rgb,24,n_pred,12.833333333333334
W025,rgb,24,n_reg,14.166666666666666
W025,rgb,32,f1@0.5,0.7042812704712018
W025,rgb,32,f1@0.75,0.5431039053750725
W025,rgb,32,miou,0.7457018348048846
W025,rgb,32,n_gt,9.916666666666666
W025,rgb,32,n_pred,11.666666666666666
W025,rgb,32,n_reg,14.166666666666666
W025,rgb,48,f1@0.5,0.6995446528779863
W025,rgb,48,f1@0.75,0.5235662177328844
W025,rgb,48,miou,0.8076475811489577
W025,rgb,48,n_gt,9.916666666666666
W025,rgb,48,n_pred,13.166666666666666
W025,rgb,48,n_reg,14.75
W026,depth,4,f1@0.5,0.6949953314659197
W026,depth,4,f1@0.75,0.5674183006535948
W026,depth,4,miou,0.6313396936566401
W026,depth,4,n_gt,9.8
W026,depth,4,n_pred,5.933333333333334
W026,depth,4,n_reg,5.933333333333334
W026,depth,6,f1@0.5,0.672063492063492
W026,depth,6,f1@0.75,0.5400964830376596
W026,depth,6,miou,0.6348719045842992
W026,depth,6,n_gt,9.8
W026,depth,6,n_pred,6.466666666666667
W026,depth,6,n_reg,6.466666666666667
W026,depth,8,f1@0.5,0.6955360623781677
W026,depth,8,f1@0.75,0.55265565875473
W026,depth,8,miou,0.7027411037409893
W026,depth,8,n_gt,9.8
W026,depth,8,n_pred,7.466666666666667
W026,depth,8,n_reg,7.466666666666667
W026,depth,12,f1@0.5,0.7385471849558537
W026,depth,12,f1@0.75,0.581901731452815
W026,depth,12,miou,0.7113879245481852
W026,depth,12,n_gt,9.8
W026,depth,12,n_pred,8.4
W026,depth,12,n_reg,8.4
W026,depth,16,f1@0.5,0.7315296410962046
W026,depth,16,f1@0.75,0.581901731452815
W026,depth,16,miou,0.7109945284700896
W026,depth,16,n_gt,9.8
W026,depth,16,n_pred,8.4
W026,depth,16,n_reg,8.4
W026,depth,24,f1@0.5,0.7385471849558537
W026,depth,24,f1@0.75,0.5810761380575623
W026,depth,24,miou,0.7123970493375833
W026,depth,24,n_gt,9.8
W026,depth,24,n_pred,8.4
W026,depth,24,n_reg,8.4
W026,depth,32,f1@0.5,0.7385471849558537
W026,depth,32,f1@0.75,0.574058594197913
W026,depth,32,miou,0.711642200093644
W026,depth,32,n_gt,9.8
W026,depth,32,n_pred,8.4
W026,depth,32,n_reg,8.4
W026,depth,48,f1@0.5,0.7290694055399938
W026,depth,48,f1@0.75,0.5265035136861762
W026,depth,48,miou,0.7469805502951522
W026,depth,48,n_gt,9.8
W026,depth,48,n_pred,9.333333333333334
W026,depth,48,n_reg,9.333333333333334
W026,normal,4,f1@0.5,0.5058119658119657
W026,normal,4,f1@0.75,0.27008547008547
W026,normal,4,miou,0.3480917329649636
W026,normal,4,n_gt,9.8
W026,normal,4,n_pred,4.0
W026,normal,4,n_reg,4.0
W026,normal,6,f1@0.5,0.6501198257080609
W026,normal,6,f1@0.75,0.3889869281045752
W026,normal,6,miou,0.5011132606982509
W026,normal,6,n_gt,9.8
W026,normal,6,n_pred,6.866666666666666
W026,normal,6,n_reg,6.866666666666666
W026,normal,8,f1@0.5,0.7188883155601421
W026,normal,8,f1@0.75,0.5121947024423804
W026,normal,8,miou,0.6352408994373409
W026,normal,8,n_gt,9.8
W026,normal,8,n_pred,7.866666666666666
W026,normal,8,n_reg,7.866666666666666
W026,normal,12,f1@0.5,0.6368954248366012
W026,normal,12,f1@0.75,0.3764310285517716
W026,normal,12,miou,0.5309140049366451
W026,normal,12,n_gt,9.8
W026,normal,12,n_pred,7.866666666666666
W026,normal,12,n_reg,8.266666666666667
W026,normal,16,f1@0.5,0.7131737841335364
W026,normal,16,f1@0.75,0.4907572853702884
W026,normal,16,miou,0.6685380069443564
W026,normal,16,n_gt,9.8
W026,normal,16,n_pred,9.0
W026,normal,16,n_reg,9.666666666666666
W026,normal,24,f1@0.5,0.7090802168820745
W026,normal,24,f1@0.75,0.4952017298147329
W026,normal,24,miou,0.6682979972000075
W026,normal,24,n_gt,9.8
W026,normal,24,n_pred,9.133333333333333
W026,normal,24,n_reg,10.066666666666666
W026,normal,32,f1@0.5,0.7047527315019575
W026,normal,32,f1@0.75,0.4963713204580077
W026,normal,32,miou,0.6687930507570925
W026,normal,32,n_gt,9.8
W026,normal,32,n_pred,9.066666666666666
W026,normal,32,n_reg,10.0
W026,normal,48,f1@0.5,0.7059712188969154
W026,normal,48,f1@0.75,0.5107046210296985
W026,normal,48,miou,0.6390954549717262
W026,normal,48,n_gt,9.8
W026,normal,48,n_pred,8.266666666666667
W026,normal,48,n_reg,9.133333333333333
W026,rgb,4,f1@0.5,0.5581868131868132
W026,rgb,4,f1@0.75,0.4582478632478632
W026,rgb,4,miou,0.4740509789784771
W026,rgb,4,n_gt,9.8
W026,rgb,4,n_pred,4.933333333333334
W026,rgb,4,n_reg,4.933333333333334
W026,rgb,6,f1@0.5,0.7103204907694072
W026,rgb,6,f1@0.75,0.5624945533769063
W026,rgb,6,miou,0.6207914922429597
W026,rgb,6,n_gt,9.8
W026,rgb,6,n_pred,7.4
W026,rgb,6,n_reg,7.4
W026,rgb,8,f1@0.5,0.7261111111111112
W026,rgb,8,f1@0.75,0.5748039215686274
W026,rgb,8,miou,0.6835369000625031
W026,rgb,8,n_gt,9.8
W026,rgb,8,n_pred,7.733333333333333
W026,rgb,8,n_reg,7.866666666666666
W026,rgb,12,f1@0.5,0.7447199245368581
W026,rgb,12,f1@0.75,0.5418617030058678
W026,rgb,12,miou,0.7371189453214309
W026,rgb,12,n_gt,9.8
W026,rgb,12,n_pred,10.933333333333334
W026,rgb,12,n_reg,11.266666666666667
W026,rgb,16,f1@0.5,0.6724706694271911
W026,rgb,16,f1@0.75,0.4199680030114813
W026,rgb,16,miou,0.7341714089993788
W026,rgb,16,n_gt,9.8
W026,rgb,16,n_pred,12.533333333333331
W026,rgb,16,n_reg,13.2
W026,rgb,24,f1@0.5,0.6389413510466142
W026,rgb,24,f1@0.75,0.3853854332801701
W026,rgb,24,miou,0.7305407385745639
W026,rgb,24,n_gt,9.8
W026,rgb,24,n_pred,13.133333333333333
W026,rgb,24,n_reg,15.666666666666666
W026,rgb,32,f1@0.5,0.6842579703540802
W026,rgb,32,f1@0.75,0.4264635964086765
W026,rgb,32,miou,0.7449411752100228
W026,rgb,32,n_gt,9.8
W026,rgb,32,n_pred,12.533333333333331
W026,rgb,32,n_reg,13.0
W026,rgb,48,f1@0.5,0.7344796774545058
W026,rgb,48,f1@0.75,0.5539016843822336
W026,rgb,48,miou,0.7461589535699455
W026,rgb,48,n_gt,9.8
W026,rgb,48,n_pred,11.0
W026,rgb,48,n_reg,11.133333333333333
W027,depth,4,f1@0.5,0.7151163584342118
W027,depth,4,f1@0.75,0.5214346459831496
W027,depth,4,miou,0.6307930890464424
W027,depth,4,n_gt,8.833333333333334
W027,depth,4,n_pred,6.277777777777778
W027,depth,4,n_reg,6.277777777777778
W027,depth,6,f1@0.5,0.7151163584342118
W027,depth,6,f1@0.75,0.5214346459831496
W027,depth,6,miou,0.6316213184932105
W027,depth,6,n_gt,8.833333333333334
W027,depth,6,n_pred,6.277777777777778
W027,depth,6,n_reg,6.277777777777778
W027,depth,8,f1@0.5,0.7151163584342118
W027,depth,8,f1@0.75,0.5094138532606025
W027,depth,8,miou,0.6317702125463002
W027,depth,8,n_gt,8.833333333333334
W027,depth,8,n_pred,6.277777777777778
W027,depth,8,n_reg,6.277777777777778
W027,depth,12,f1@0.5,0.7151163584342118
W027,depth,12,f1@0.75,0.5152618064769767
W027,depth,12,miou,0.6311479131011212
W027,depth,12,n_gt,8.833333333333334
W027,depth,12,n_pred,6.277777777777778
W027,depth,12,n_reg,6.277777777777778
W027,depth,16,f1@0.5,0.7151163584342118
W027,depth,16,f1@0.75,0.5155866927667753
W027,depth,16,miou,0.6320005682567315
W027,depth,16,n_gt,8.833333333333334
W027,depth,16,n_pred,6.277777777777778
W027,depth,16,n_reg,6.277777777777778
W027,depth,24,f1@0.5,0.7070591784472073
W027,depth,24,f1@0.75,0.4809538142742477
W027,depth,24,miou,0.6311760845541347
W027,depth,24,n_gt,8.833333333333334
W027,depth,24,n_pred,6.611111111111111
W027,depth,24,n_reg,6.611111111111111
W027,depth,32,f1@0.5,0.7151163584342118
W027,depth,32,f1@0.75,0.5155866927667753
W027,depth,32,miou,0.6321372922576395
W027,depth,32,n_gt,8.833333333333334
W027,depth,32,n_pred,6.277777777777778
W027,depth,32,n_reg,6.277777777777778
W027,depth,48,f1@0.5,0.7151163584342118
W027,depth,48,f1@0.75,0.5155866927667753
W027,depth,48,miou,0.6323578051687551
W027,depth,48,n_gt,8.833333333333334
W027,depth,48,n_pred,6.277777777777778
W027,depth,48,n_reg,6.277777777777778
W027,normal,4,f1@0.5,0.4441692203947106
W027,normal,4,f1@0.75,0.275144944017493
W027,normal,4,miou,0.3593439598831278
W027,normal,4,n_gt,8.833333333333334
W027,normal,4,n_pred,5.0
W027,normal,4,n_reg,5.055555555555555
W027,normal,6,f1@0.5,0.5589194937234153
W027,normal,6,f1@0.75,0.3857415188297541
W027,normal,6,miou,0.4932642961362157
W027,normal,6,n_gt,8.833333333333334
W027,normal,6,n_pred,5.611111111111111
W027,normal,6,n_reg,5.611111111111111
W027,normal,8,f1@0.5,0.5605975723622783
W027,normal,8,f1@0.75,0.3065424317875298
W027,normal,8,miou,0.4605614430486425
W027,normal,8,n_gt,8.833333333333334
W027,normal,8,n_pred,6.055555555555555
W027,normal,8,n_reg,6.277777777777778
W027,normal,12,f1@0.5,0.6191864465084279
W027,normal,12,f1@0.75,0.3858416466001605
W027,normal,12,miou,0.5901566609283871
W027,normal,12,n_gt,8.833333333333334
W027,normal,12,n_pred,6.777777777777778
W027,normal,12,n_reg,6.944444444444445
W027,normal,16,f1@0.5,0.4836993764367345
W027,normal,16,f1@0.75,0.276756433567579
W027,normal,16,miou,0.4147306161447166
W027,normal,16,n_gt,8.833333333333334
W027,normal,16,n_pred,6.166666666666667
W027,normal,16,n_reg,6.222222222222222
W027,normal,24,f1@0.5,0.4936223319737252
W027,normal,24,f1@0.75,0.2865783057862521
W027,normal,24,miou,0.4358853960329968
W027,normal,24,n_gt,8.833333333333334
W027,normal,24,n_pred,5.333333333333333
W027,normal,24,n_reg,5.444444444444445
W027,normal,32,f1@0.5,0.4791316526610644
W027,normal,32,f1@0.75,0.2795181035377114
W027,normal,32,miou,0.4373003256881518
W027,normal,32,n_gt,8.833333333333334
W027,normal,32,n_pred,5.833333333333333
W027,normal,32,n_reg,6.222222222222222
W027,normal,48,f1@0.5,0.5443458865027492
W027,normal,48,f1@0.75,0.2820948749870318
W027,normal,48,miou,0.4563896384210229
W027,normal,48,n_gt,8.833333333333334
W027,normal,48,n_pred,6.277777777777778
W027,normal,48,n_reg,6.611111111111111
W027,rgb,4,f1@0.5,0.754392653747659
W027,rgb,4,f1@0.75,0.5876600542751214
W027,rgb,4,miou,0.714185713584266
W027,rgb,4,n_gt,8.833333333333334
W027,rgb,4,n_pred,7.277777777777778
W027,rgb,4,n_reg,7.388888888888889
W027,rgb,6,f1@0.5,0.8197256609537311
W027,rgb,6,f1@0.75,0.6494240652135388
W027,rgb,6,miou,0.7915460391711796
W027,rgb,6,n_gt,8.833333333333334
W027,rgb,6,n_pred,8.38888888888889
W027,rgb,6,n_reg,8.666666666666666
W027,rgb,8,f1@0.5,0.7836649084585101
W027,rgb,8,f1@0.75,0.6107594694797998
W027,rgb,8,miou,0.6994886788088952
W027,rgb,8,n_gt,8.833333333333334
W027,rgb,8,n_pred,7.277777777777778
W027,rgb,8,n_reg,7.277777777777778
W027,rgb,12,f1@0.5,0.7722411470347487
W027,rgb,12,f1@0.75,0.5998648085851388
W027,rgb,12,miou,0.698383626168657
W027,rgb,12,n_gt,8.833333333333334
W027,rgb,12,n_pred,7.555555555555555
W027,rgb,12,n_reg,8.0
W027,rgb,16,f1@0.5,0.7554789752158173
W027,rgb,16,f1@0.75,0.5880998793279495
W027,rgb,16,miou,0.7183867545326802
W027,rgb,16,n_gt,8.833333333333334
W027,rgb,16,n_pred,8.0
W027,rgb,16,n_reg,8.0
W027,rgb,24,f1@0.5,0.7781428758545463
W027,rgb,24,f1@0.75,0.6104146326877067
W027,rgb,24,miou,0.8099343748024279
W027,rgb,24,n_gt,8.833333333333334
W027,rgb,24,n_pred,9.333333333333334
W027,rgb,24,n_reg,9.555555555555555
W027,rgb,32,f1@0.5,0.7865969821347396
W027,rgb,32,f1@0.75,0.6226797964021458
W027,rgb,32,miou,0.8102597747038831
W027,rgb,32,n_gt,8.833333333333334
W027,rgb,32,n_pred,9.166666666666666
W027,rgb,32,n_reg,9.38888888888889
W027,rgb,48,f1@0.5,0.7865969821347396
W027,rgb,48,f1@0.75,0.6171242408465901
W027,rgb,48,miou,0.8096717453745699
W027,rgb,48,n_gt,8.833333333333334
W027,rgb,48,n_pred,9.166666666666666
W027,rgb,48,n_reg,9.38888888888889
W028,depth,4,f1@0.5,0.1804861804861804
W028,depth,4,f1@0.75,0.0279720279720279
W028,depth,4,miou,0.1548560143550227
W028,depth,4,n_gt,8.272727272727273
W028,depth,4,n_pred,1.4545454545454546
W028,depth,4,n_reg,1.818181818181818
W028,depth,6,f1@0.5,0.1804861804861804
W028,depth,6,f1@0.75,0.0419580419580419
W028,depth,6,miou,0.1574295505172497
W028,depth,6,n_gt,8.272727272727273
W028,depth,6,n_pred,1.4545454545454546
W028,depth,6,n_reg,1.818181818181818
W028,depth,8,f1@0.5,0.1804861804861804
W028,depth,8,f1@0.75,0.0279720279720279
W028,depth,8,miou,0.148534714563455
W028,depth,8,n_gt,8.272727272727273
W028,depth,8,n_pred,1.3636363636363635
W028,depth,8,n_reg,1.7272727272727273
W028,depth,12,f1@0.5,0.1385281385281385
W028,depth,12,f1@0.75,0.0
W028,depth,12,miou,0.1086444078034078
W028,depth,12,n_gt,8.272727272727273
W028,depth,12,n_pred,1.0
W028,depth,12,n_reg,1.0
W028,depth,16,f1@0.5,0.1804861804861804
W028,depth,16,f1@0.75,0.0419580419580419
W028,depth,16,miou,0.1578781175809804
W028,depth,16,n_gt,8.272727272727273
W028,depth,16,n_pred,1.4545454545454546
W028,depth,16,n_reg,1.818181818181818
W028,depth,24,f1@0.5,0.1804861804861804
W028,depth,24,f1@0.75,0.0419580419580419
W028,depth,24,miou,0.1575654526678807
W028,depth,24,n_gt,8.272727272727273
W028,depth,24,n_pred,1.4545454545454546
W028,depth,24,n_reg,1.818181818181818
W028,depth,32,f1@0.5,0.1804861804861804
W028,depth,32,f1@0.75,0.0419580419580419
W028,depth,32,miou,0.1574886246442526
W028,depth,32,n_gt,8.272727272727273
W028,depth,32,n_pred,1.4545454545454546
W028,depth,32,n_reg,1.818181818181818
W028,depth,48,f1@0.5,0.1804861804861804
W028,depth,48,f1@0.75,0.0419580419580419
W028,depth,48,miou,0.1574708998525104
W028,depth,48,n_gt,8.272727272727273
W028,depth,48,n_pred,1.4545454545454546
W028,depth,48,n_reg,1.818181818181818
W028,normal,4,f1@0.5,0.5327036599763872
W028,normal,4,f1@0.75,0.2927981109799292
W028,normal,4,miou,0.5076554782728517
W028,normal,4,n_gt,8.272727272727273
W028,normal,4,n_pred,4.2727272727272725
W028,normal,4,n_reg,4.727272727272728
W028,normal,6,f1@0.5,0.5079920079920079
W028,normal,6,f1@0.75,0.2636252636252636
W028,normal,6,miou,0.4501522116548749
W028,normal,6,n_gt,8.272727272727273
W028,normal,6,n_pred,3.0
W028,normal,6,n_reg,3.0
W028,normal,8,f1@0.5,0.5089133089133089
W028,normal,8,f1@0.75,0.2864246864246864
W028,normal,8,miou,0.4621120538385979
W028,normal,8,n_gt,8.272727272727273
W028,normal,8,n_pred,3.5454545454545454
W028,normal,8,n_reg,3.909090909090909
W028,normal,12,f1@0.5,0.52081857536403
W028,normal,12,f1@0.75,0.2931654204381477
W028,normal,12,miou,0.5078065446796282
W028,normal,12,n_gt,8.272727272727273
W028,normal,12,n_pred,4.2727272727272725
W028,normal,12,n_reg,4.727272727272728
W028,normal,16,f1@0.5,0.5147579693034238
W028,normal,16,f1@0.75,0.3093270365997638
W028,normal,16,miou,0.5041230641132867
W028,normal,16,n_gt,8.272727272727273
W028,normal,16,n_pred,4.363636363636363
W028,normal,16,n_reg,4.727272727272728
W028,normal,24,f1@0.5,0.4886446886446886
W028,normal,24,f1@0.75,0.2874014874014874
W028,normal,24,miou,0.4345537526556564
W028,normal,24,n_gt,8.272727272727273
W028,normal,24,n_pred,3.4545454545454546
W028,normal,24,n_reg,3.727272727272727
W028,normal,32,f1@0.5,0.5147579693034238
W028,normal,32,f1@0.75,0.2911452184179456
W028,normal,32,miou,0.5004374320045883
W028,normal,32,n_gt,8.272727272727273
W028,normal,32,n_pred,4.363636363636363
W028,normal,32,n_reg,4.727272727272728
W028,normal,48,f1@0.5,0.5147579693034238
W028,normal,48,f1@0.75,0.2911452184179456
W028,normal,48,miou,0.4922725092224392
W028,normal,48,n_gt,8.272727272727273
W028,normal,48,n_pred,4.363636363636363
W028,normal,48,n_reg,4.727272727272728
W028,rgb,4,f1@0.5,0.5848484848484848
W028,rgb,4,f1@0.75,0.3325757575757576
W028,rgb,4,miou,0.536928600684404
W028,rgb,4,n_gt,8.272727272727273
W028,rgb,4,n_pred,5.2727272727272725
W028,rgb,4,n_reg,5.454545454545454
W028,rgb,6,f1@0.5,0.4991327300150829
W028,rgb,6,f1@0.75,0.2877823157234921
W028,rgb,6,miou,0.5665618024713777
W028,rgb,6,n_gt,8.272727272727273
W028,rgb,6,n_pred,7.0
W028,rgb,6,n_reg,7.636363636363637
W028,rgb,8,f1@0.5,0.3652014652014652
W028,rgb,8,f1@0.75,0.2265401265401265
W028,rgb,8,miou,0.3683782795594008
W028,rgb,8,n_gt,8.272727272727273
W028,rgb,8,n_pred,5.181818181818182
W028,rgb,8,n_reg,5.636363636363637
W028,rgb,12,f1@0.5,0.4632316084328468
W028,rgb,12,f1@0.75,0.2759927894602817
W028,rgb,12,miou,0.5045755203703446
W028,rgb,12,n_gt,8.272727272727273
W028,rgb,12,n_pred,8.272727272727273
W028,rgb,12,n_reg,8.727272727272727
W028,rgb,16,f1@0.5,0.3880687733319312
W028,rgb,16,f1@0.75,0.233900660742766
W028,rgb,16,miou,0.4772946268686233
W028,rgb,16,n_gt,8.272727272727273
W028,rgb,16,n_pred,8.909090909090908
W028,rgb,16,n_reg,10.090909090909092
W028,rgb,24,f1@0.5,0.4555785123966942
W028,rgb,24,f1@0.75,0.3240102321920504
W028,rgb,24,miou,0.5762728219664252
W028,rgb,24,n_gt,8.272727272727273
W028,rgb,24,n_pred,9.272727272727272
W028,rgb,24,n_reg,10.181818181818182
W028,rgb,32,f1@0.5,0.5113478816687373
W028,rgb,32,f1@0.75,0.3659117917139307
W028,rgb,32,miou,0.6821934679393362
W028,rgb,32,n_gt,8.272727272727273
W028,rgb,32,n_pred,10.909090909090908
W028,rgb,32,n_reg,12.272727272727272
W028,rgb,48,f1@0.5,0.4757153464583805
W028,rgb,48,f1@0.75,0.3388349352745637
W028,rgb,48,miou,0.6784053583518047
W028,rgb,48,n_gt,8.272727272727273
W028,rgb,48,n_pred,12.545454545454543
W028,rgb,48,n_reg,13.909090909090908
W029,depth,4,f1@0.5,0.5868534080298786
W029,depth,4,f1@0.75,0.3680485527544351
W029,depth,4,miou,0.5577151882583821
W029,depth,4,n_gt,10.4
W029,depth,4,n_pred,5.0
W029,depth,4,n_reg,5.0
W029,depth,6,f1@0.5,0.6649922600619196
W029,depth,6,f1@0.75,0.47906346749226
W029,depth,6,miou,0.5883347301210601
W029,depth,6,n_gt,10.4
W029,depth,6,n_pred,6.5
W029,depth,6,n_reg,7.0
W029,depth,8,f1@0.5,0.6273879551820729
W029,depth,8,f1@0.75,0.4517553688141923
W029,depth,8,miou,0.6090490127027903
W029,depth,8,n_gt,10.4
W029,depth,8,n_pred,7.5
W029,depth,8,n_reg,8.0
W029,depth,12,f1@0.5,0.6871755368814192
W029,depth,12,f1@0.75,0.4965429505135387
W029,depth,12,miou,0.6348511335445381
W029,depth,12,n_gt,10.4
W029,depth,12,n_pred,7.1
W029,depth,12,n_reg,7.6
W029,depth,16,f1@0.5,0.64947579510273
W029,depth,16,f1@0.75,0.4690802317737302
W029,depth,16,miou,0.6546897036582575
W029,depth,16,n_gt,10.4
W029,depth,16,n_pred,8.1
W029,depth,16,n_reg,8.6
W029,depth,24,f1@0.5,0.6871755368814192
W029,depth,24,f1@0.75,0.4965429505135387
W029,depth,24,miou,0.6368449819218966
W029,depth,24,n_gt,10.4
W029,depth,24,n_pred,7.1
W029,depth,24,n_reg,7.6
W029,depth,32,f1@0.5,0.6871755368814192
W029,depth,32,f1@0.75,0.4965429505135387
W029,depth,32,miou,0.6392816730318466
W029,depth,32,n_gt,10.4
W029,depth,32,n_pred,7.1
W029,depth,32,n_reg,7.6
W029,depth,48,f1@0.5,0.6871755368814192
W029,depth,48,f1@0.75,0.4965429505135387
W029,depth,48,miou,0.6392281483955761
W029,depth,48,n_gt,10.4
W029,depth,48,n_pred,7.1
W029,depth,48,n_reg,7.6
W029,normal,4,f1@0.5,0.2461624649859944
W029,normal,4,f1@0.75,0.131484593837535
W029,normal,4,miou,0.2389456419054549
W029,normal,4,n_gt,10.4
W029,normal,4,n_pred,4.9
W029,normal,4,n_reg,4.9
W029,normal,6,f1@0.5,0.2844977640178878
W029,normal,6,f1@0.75,0.2399157206742346
W029,normal,6,miou,0.3158050106286613
W029,normal,6,n_gt,10.4
W029,normal,6,n_pred,6.4
W029,normal,6,n_reg,6.8
W029,normal,8,f1@0.5,0.2632539682539682
W029,normal,8,f1@0.75,0.2521428571428571
W029,normal,8,miou,0.2551196786475319
W029,normal,8,n_gt,10.4
W029,normal,8,n_pred,5.6
W029,normal,8,n_reg,5.9
W029,normal,12,f1@0.5,0.4655252212527754
W029,normal,12,f1@0.75,0.3231391312505863
W029,normal,12,miou,0.3226647860397563
W029,normal,12,n_gt,10.4
W029,normal,12,n_pred,9.0
W029,normal,12,n_reg,9.0
W029,normal,16,f1@0.5,0.5051199677515467
W029,normal,16,f1@0.75,0.3519397970450602
W029,normal,16,miou,0.4158671468538134
W029,normal,16,n_gt,10.4
W029,normal,16,n_pred,12.2
W029,normal,16,n_reg,12.7
W029,normal,24,f1@0.5,0.4566749375719627
W029,normal,24,f1@0.75,0.3153107030269501
W029,normal,24,miou,0.5827601569133555
W029,normal,24,n_gt,10.4
W029,normal,24,n_pred,11.8
W029,normal,24,n_reg,12.1
W029,normal,32,f1@0.5,0.4192751039809863
W029,normal,32,f1@0.75,0.277361853832442
W029,normal,32,miou,0.413836710445947
W029,normal,32,n_gt,10.4
W029,normal,32,n_pred,10.4
W029,normal,32,n_reg,10.7
W029,normal,48,f1@0.5,0.4511574682627314
W029,normal,48,f1@0.75,0.3392225708015182
W029,normal,48,miou,0.5521137059207851
W029,normal,48,n_gt,10.4
W029,normal,48,n_pred,12.6
W029,normal,48,n_reg,12.8
W029,rgb,4,f1@0.5,0.6252708978328173
W029,rgb,4,f1@0.75,0.4212074303405573
W029,rgb,4,miou,0.5261939917177461
W029,rgb,4,n_gt,10.4
W029,rgb,4,n_pred,6.9
W029,rgb,4,n_reg,7.0
W029,rgb,6,f1@0.5,0.5354118993135011
W029,rgb,6,f1@0.75,0.3949286259126076
W029,rgb,6,miou,0.5674288469628099
W029,rgb,6,n_gt,10.4
W029,rgb,6,n_pred,10.5
W029,rgb,6,n_reg,11.0
W029,rgb,8,f1@0.5,0.5094278482768185
W029,rgb,8,f1@0.75,0.3511393800707302
W029,rgb,8,miou,0.5683308532004718
W029,rgb,8,n_gt,10.4
W029,rgb,8,n_pred,11.6
W029,rgb,8,n_reg,12.5
W029,rgb,12,f1@0.5,0.5972673381369034
W029,rgb,12,f1@0.75,0.437325154716459
W029,rgb,12,miou,0.624013598922885
W029,rgb,12,n_gt,10.4
W029,rgb,12,n_pred,13.7
W029,rgb,12,n_reg,15.0
W029,rgb,16,f1@0.5,0.6761144652449
W029,rgb,16,f1@0.75,0.4946075663466968
W029,rgb,16,miou,0.7470962183030807
W029,rgb,16,n_gt,10.4
W029,rgb,16,n_pred,14.2
W029,rgb,16,n_reg,15.2
W029,rgb,24,f1@0.5,0.6252772874141062
W029,rgb,24,f1@0.75,0.4633569382045467
W029,rgb,24,miou,0.7458963374454404
W029,rgb,24,n_gt,10.4
W029,rgb,24,n_pred,15.7
W029,rgb,24,n_reg,17.3
W029,rgb,32,f1@0.5,0.611722010695532
W029,rgb,32,f1@0.75,0.4473417594721701
W029,rgb,32,miou,0.752584477972531
W029,rgb,32,n_gt,10.4
W029,rgb,32,n_pred,16.6
W029,rgb,32,n_reg,18.3
W029,rgb,48,f1@0.5,0.5739260429845985
W029,rgb,48,f1@0.75,0.4306938859410809
W029,rgb,48,miou,0.7545059026671729
W029,rgb,48,n_gt,10.4
W029,rgb,48,n_pred,17.6
W029,rgb,48,n_reg,19.3
W030,depth,4,f1@0.5,0.6214198598099526
W030,depth,4,f1@0.75,0.4184203825070698
W030,depth,4,miou,0.5714087308647499
W030,depth,4,n_gt,10.363636363636363
W030,depth,4,n_pred,5.0
W030,depth,4,n_reg,5.0
W030,depth,6,f1@0.5,0.7303030303030303
W030,depth,6,f1@0.75,0.4580808080808081
W030,depth,6,miou,0.5929390484944694
W030,depth,6,n_gt,10.363636363636363
W030,depth,6,n_pred,6.0
W030,depth,6,n_reg,6.0
W030,depth,8,f1@0.5,0.7303030303030303
W030,depth,8,f1@0.75,0.4785353535353536
W030,depth,8,miou,0.592505807722867
W030,depth,8,n_gt,10.363636363636363
W030,depth,8,n_pred,6.0
W030,depth,8,n_reg,6.0
W030,depth,12,f1@0.5,0.6473938857839786
W030,depth,12,f1@0.75,0.4883411737900902
W030,depth,12,miou,0.4874383486951485
W030,depth,12,n_gt,10.363636363636363
W030,depth,12,n_pred,5.0
W030,depth,12,n_reg,5.0
W030,depth,16,f1@0.5,0.7303030303030303
W030,depth,16,f1@0.75,0.4671717171717172
W030,depth,16,miou,0.5895766411495681
W030,depth,16,n_gt,10.363636363636363
W030,depth,16,n_pred,6.0
W030,depth,16,n_reg,6.0
W030,depth,24,f1@0.5,0.7303030303030303
W030,depth,24,f1@0.75,0.4671717171717172
W030,depth,24,miou,0.5897583368063635
W030,depth,24,n_gt,10.363636363636363
W030,depth,24,n_pred,6.0
W030,depth,24,n_reg,6.0
W030,depth,32,f1@0.5,0.7303030303030303
W030,depth,32,f1@0.75,0.4580808080808081
W030,depth,32,miou,0.5927429469250812
W030,depth,32,n_gt,10.363636363636363
W030,depth,32,n_pred,6.0
W030,depth,32,n_reg,6.0
W030,depth,48,f1@0.5,0.6961923525391017
W030,depth,48,f1@0.75,0.4313742243308807
W030,depth,48,miou,0.5975247648044825
W030,depth,48,n_gt,10.363636363636363
W030,depth,48,n_pred,7.0
W030,depth,48,n_reg,7.0
W030,normal,4,f1@0.5,0.5380543401933777
W030,normal,4,f1@0.75,0.3573596931885702
W030,normal,4,miou,0.5498148339083516
W030,normal,4,n_gt,10.363636363636363
W030,normal,4,n_pred,8.0
W030,normal,4,n_reg,8.0
W030,normal,6,f1@0.5,0.7019393014816355
W030,normal,6,f1@0.75,0.4928493830095661
W030,normal,6,miou,0.5687689177546106
W030,normal,6,n_gt,10.363636363636363
W030,normal,6,n_pred,9.0
W030,normal,6,n_reg,9.0
W030,normal,8,f1@0.5,0.6368400339692205
W030,normal,8,f1@0.75,0.4573140841083425
W030,normal,8,miou,0.5185588625878722
W030,normal,8,n_gt,10.363636363636363
W030,normal,8,n_pred,8.909090909090908
W030,normal,8,n_reg,9.0
W030,normal,12,f1@0.5,0.6565638314254915
W030,normal,12,f1@0.75,0.4845579453484591
W030,normal,12,miou,0.6378507228671673
W030,normal,12,n_gt,10.363636363636363
W030,normal,12,n_pred,10.909090909090908
W030,normal,12,n_reg,11.0
W030,normal,16,f1@0.5,0.6565638314254915
W030,normal,16,f1@0.75,0.4845579453484591
W030,normal,16,miou,0.6415230217426736
W030,normal,16,n_gt,10.363636363636363
W030,normal,16,n_pred,10.909090909090908
W030,normal,16,n_reg,11.0
W030,normal,24,f1@0.5,0.6816568010035869
W030,normal,24,f1@0.75,0.5007571930184787
W030,normal,24,miou,0.6208329185445911
W030,normal,24,n_gt,10.363636363636363
W030,normal,24,n_pred,9.818181818181818
W030,normal,24,n_reg,10.0
W030,normal,32,f1@0.5,0.6577759526376127
W030,normal,32,f1@0.75,0.48546703625755
W030,normal,32,miou,0.6405130566474423
W030,normal,32,n_gt,10.363636363636363
W030,normal,32,n_pred,10.818181818181818
W030,normal,32,n_reg,11.0
W030,normal,48,f1@0.5,0.690747710094496
W030,normal,48,f1@0.75,0.5007571930184787
W030,normal,48,miou,0.6284590642805059
W030,normal,48,n_gt,10.363636363636363
W030,normal,48,n_pred,9.818181818181818
W030,normal,48,n_reg,10.0
W030,rgb,4,f1@0.5,0.6200711084214309
W030,rgb,4,f1@0.75,0.4444957164740813
W030,rgb,4,miou,0.5510921468046605
W030,rgb,4,n_gt,10.363636363636363
W030,rgb,4,n_pred,9.909090909090908
W030,rgb,4,n_reg,10.0
W030,rgb,6,f1@0.5,0.5530095990965557
W030,rgb,6,f1@0.75,0.3351628082062864
W030,rgb,6,miou,0.5511972264727635
W030,rgb,6,n_gt,10.363636363636363
W030,rgb,6,n_pred,11.0
W030,rgb,6,n_reg,11.0
W030,rgb,8,f1@0.5,0.5530095990965557
W030,rgb,8,f1@0.75,0.3351628082062864
W030,rgb,8,miou,0.5513530067164661
W030,rgb,8,n_gt,10.363636363636363
W030,rgb,8,n_pred,11.0
W030,rgb,8,n_reg,11.0
W030,rgb,12,f1@0.5,0.5014296814296815
W030,rgb,12,f1@0.75,0.3289107189107189
W030,rgb,12,miou,0.670741138787151
W030,rgb,12,n_gt,10.363636363636363
W030,rgb,12,n_pred,14.727272727272728
W030,rgb,12,n_reg,15.0
W030,rgb,16,f1@0.5,0.5538470956652776
W030,rgb,16,f1@0.75,0.3485152221515858
W030,rgb,16,miou,0.6847345925191991
W030,rgb,16,n_gt,10.363636363636363
W030,rgb,16,n_pred,14.272727272727272
W030,rgb,16,n_reg,14.818181818181818
W030,rgb,24,f1@0.5,0.5309042809042809
W030,rgb,24,f1@0.75,0.3246105746105746
W030,rgb,24,miou,0.6834234944804707
W030,rgb,24,n_gt,10.363636363636363
W030,rgb,24,n_pred,16.0
W030,rgb,24,n_reg,16.818181818181817
W030,rgb,32,f1@0.5,0.4650701533460154
W030,rgb,32,f1@0.75,0.2972826407309166
W030,rgb,32,miou,0.6684774072073341
W030,rgb,32,n_gt,10.363636363636363
W030,rgb,32,n_pred,16.727272727272727
W030,rgb,32,n_reg,17.0
W030,rgb,48,f1@0.5,0.474026714026714
W030,rgb,48,f1@0.75,0.2988500388500388
W030,rgb,48,miou,0.6590057423856819
W030,rgb,48,n_gt,10.363636363636363
W030,rgb,48,n_pred,16.545454545454547
W030,rgb,48,n_reg,17.0
W031,depth,4,f1@0.5,0.2626677244324303
W031,depth,4,f1@0.75,0.1926842765078059
W031,depth,4,miou,0.3225080950536323
W031,depth,4,n_gt,12.363636363636363
W031,depth,4,n_pred,3.0
W031,depth,4,n_reg,3.0
W031,depth,6,f1@0.5,0.2626677244324303
W031,depth,6,f1@0.75,0.1926842765078059
W031,depth,6,miou,0.3202072356125683
W031,depth,6,n_gt,12.363636363636363
W031,depth,6,n_pred,3.0
W031,depth,6,n_reg,3.0
W031,depth,8,f1@0.5,0.2626677244324303
W031,depth,8,f1@0.75,0.2626677244324303
W031,depth,8,miou,0.3476306183563398
W031,depth,8,n_gt,12.363636363636363
W031,depth,8,n_pred,3.0
W031,depth,8,n_reg,3.0
W031,depth,12,f1@0.5,0.2496807114454173
W031,depth,12,f1@0.75,0.2496807114454173
W031,depth,12,miou,0.341914577435797
W031,depth,12,n_gt,12.363636363636363
W031,depth,12,n_pred,3.0
W031,depth,12,n_reg,3.0
W031,depth,16,f1@0.5,0.3574102368220015
W031,depth,16,f1@0.75,0.3574102368220015
W031,depth,16,miou,0.3425734986722217
W031,depth,16,n_gt,12.363636363636363
W031,depth,16,n_pred,4.0
W031,depth,16,n_reg,4.0
W031,depth,24,f1@0.5,0.2496807114454173
W031,depth,24,f1@0.75,0.2496807114454173
W031,depth,24,miou,0.3418139297714067
W031,depth,24,n_gt,12.363636363636363
W031,depth,24,n_pred,3.0
W031,depth,24,n_reg,3.0
W031,depth,32,f1@0.5,0.2496807114454173
W031,depth,32,f1@0.75,0.2496807114454173
W031,depth,32,miou,0.3419382080837737
W031,depth,32,n_gt,12.363636363636363
W031,depth,32,n_pred,3.0
W031,depth,32,n_reg,3.0
W031,depth,48,f1@0.5,0.3574102368220015
W031,depth,48,f1@0.75,0.3574102368220015
W031,depth,48,miou,0.3426067047294025
W031,depth,48,n_gt,12.363636363636363
W031,depth,48,n_pred,4.0
W031,depth,48,n_reg,4.0
W031,normal,4,f1@0.5,0.6939780580928906
W031,normal,4,f1@0.75,0.6939780580928906
W031,normal,4,miou,0.6649027888983219
W031,normal,4,n_gt,12.363636363636363
W031,normal,4,n_pred,7.909090909090909
W031,normal,4,n_reg,8.0
W031,normal,6,f1@0.5,0.6679715818471799
W031,normal,6,f1@0.75,0.5410350946236113
W031,normal,6,miou,0.4892711480410534
W031,normal,6,n_gt,12.363636363636363
W031,normal,6,n_pred,7.818181818181818
W031,normal,6,n_reg,8.0
W031,normal,8,f1@0.5,0.6360407480376521
W031,normal,8,f1@0.75,0.5479211620852488
W031,normal,8,miou,0.4794716341246483
W031,normal,8,n_gt,12.363636363636363
W031,normal,8,n_pred,6.0
W031,normal,8,n_reg,6.0
W031,normal,12,f1@0.5,0.7523451099902109
W031,normal,12,f1@0.75,0.6396416841600948
W031,normal,12,miou,0.7932457433995638
W031,normal,12,n_gt,12.363636363636363
W031,normal,12,n_pred,9.0
W031,normal,12,n_reg,9.0
W031,normal,16,f1@0.5,0.760893280032036
W031,normal,16,f1@0.75,0.6233773138079358
W031,normal,16,miou,0.6215950531056249
W031,normal,16,n_gt,12.363636363636363
W031,normal,16,n_pred,8.0
W031,normal,16,n_reg,8.0
W031,normal,24,f1@0.5,0.7142480707698099
W031,normal,24,f1@0.75,0.5600037643515905
W031,normal,24,miou,0.6617525019003042
W031,normal,24,n_gt,12.363636363636363
W031,normal,24,n_pred,9.363636363636363
W031,normal,24,n_reg,10.0
W031,normal,32,f1@0.5,0.6802457094947214
W031,normal,32,f1@0.75,0.578106017829338
W031,normal,32,miou,0.6629303753231857
W031,normal,32,n_gt,12.363636363636363
W031,normal,32,n_pred,9.909090909090908
W031,normal,32,n_reg,10.0
W031,normal,48,f1@0.5,0.7195387858795389
W031,normal,48,f1@0.75,0.5941415702389282
W031,normal,48,miou,0.6619457839901289
W031,normal,48,n_gt,12.363636363636363
W031,normal,48,n_pred,9.0
W031,normal,48,n_reg,9.0
W031,rgb,4,f1@0.5,0.650794991042669
W031,rgb,4,f1@0.75,0.5677312711368439
W031,rgb,4,miou,0.6048354893580687
W031,rgb,4,n_gt,12.363636363636363
W031,rgb,4,n_pred,7.0
W031,rgb,4,n_reg,7.0
W031,rgb,6,f1@0.5,0.6136755831367856
W031,rgb,6,f1@0.75,0.5290527342430816
W031,rgb,6,miou,0.5151415351532544
W031,rgb,6,n_gt,12.363636363636363
W031,rgb,6,n_pred,9.090909090909092
W031,rgb,6,n_reg,9.545454545454543
W031,rgb,8,f1@0.5,0.637732356403045
W031,rgb,8,f1@0.75,0.5618410921302538
W031,rgb,8,miou,0.523102379856395
W031,rgb,8,n_gt,12.363636363636363
W031,rgb,8,n_pred,9.090909090909092
W031,rgb,8,n_reg,9.727272727272728
W031,rgb,12,f1@0.5,0.7406521146837353
W031,rgb,12,f1@0.75,0.6175176207192018
W031,rgb,12,miou,0.6581941507394856
W031,rgb,12,n_gt,12.363636363636363
W031,rgb,12,n_pred,11.272727272727272
W031,rgb,12,n_reg,12.0
W031,rgb,16,f1@0.5,0.7076445820319338
W031,rgb,16,f1@0.75,0.5969219917836518
W031,rgb,16,miou,0.6627682712848839
W031,rgb,16,n_gt,12.363636363636363
W031,rgb,16,n_pred,12.363636363636363
W031,rgb,16,n_reg,13.181818181818182
W031,rgb,24,f1@0.5,0.7459244181378569
W031,rgb,24,f1@0.75,0.6222304836138828
W031,rgb,24,miou,0.6639272384120265
W031,rgb,24,n_gt,12.363636363636363
W031,rgb,24,n_pred,11.363636363636363
W031,rgb,24,n_reg,12.181818181818182
W031,rgb,32,f1@0.5,0.6924367727134526
W031,rgb,32,f1@0.75,0.5154869153683382
W031,rgb,32,miou,0.6651418704270399
W031,rgb,32,n_gt,12.363636363636363
W031,rgb,32,n_pred,12.363636363636363
W031,rgb,32,n_reg,13.181818181818182
W031,rgb,48,f1@0.5,0.7809418907837881
W031,rgb,48,f1@0.75,0.6608773966481476
W031,rgb,48,miou,0.7357191897198097
W031,rgb,48,n_gt,12.363636363636363
W031,rgb,48,n_pred,11.909090909090908
W031,rgb,48,n_reg,12.181818181818182
W032,depth,4,f1@0.5,0.7019548765349007
W032,depth,4,f1@0.75,0.5775586825119063
W032,depth,4,miou,0.6515500875513934
W032,depth,4,n_gt,12.5
W032,depth,4,n_pred,6.7
W032,depth,4,n_reg,6.7
W032,depth,6,f1@0.5,0.6667183332663209
W032,depth,6,f1@0.75,0.4486370114233891
W032,depth,6,miou,0.6522853381623829
W032,depth,6,n_gt,12.5
W032,depth,6,n_pred,7.7
W032,depth,6,n_reg,7.7
W032,depth,8,f1@0.5,0.6667183332663209
W032,depth,8,f1@0.75,0.4486370114233891
W032,depth,8,miou,0.6522277850338165
W032,depth,8,n_gt,12.5
W032,depth,8,n_pred,7.7
W032,depth,8,n_reg,7.7
W032,depth,12,f1@0.5,0.7299622706304628
W032,depth,12,f1@0.75,0.5302658094511641
W032,depth,12,miou,0.6645224180376765
W032,depth,12,n_gt,12.5
W032,depth,12,n_pred,8.7
W032,depth,12,n_reg,8.7
W032,depth,16,f1@0.5,0.6667183332663209
W032,depth,16,f1@0.75,0.4486370114233891
W032,depth,16,miou,0.652454547184443
W032,depth,16,n_gt,12.5
W032,depth,16,n_pred,7.7
W032,depth,16,n_reg,7.7
W032,depth,24,f1@0.5,0.7299622706304628
W032,depth,24,f1@0.75,0.5302658094511641
W032,depth,24,miou,0.6643842075838051
W032,depth,24,n_gt,12.5
W032,depth,24,n_pred,8.7
W032,depth,24,n_reg,8.7
W032,depth,32,f1@0.5,0.6667183332663209
W032,depth,32,f1@0.75,0.4486370114233891
W032,depth,32,miou,0.652136116166214
W032,depth,32,n_gt,12.5
W032,depth,32,n_pred,7.7
W032,depth,32,n_reg,7.7
W032,depth,48,f1@0.5,0.6667183332663209
W032,depth,48,f1@0.75,0.4486370114233891
W032,depth,48,miou,0.6519186925797481
W032,depth,48,n_gt,12.5
W032,depth,48,n_pred,7.7
W032,depth,48,n_reg,7.7
W032,normal,4,f1@0.5,0.4320118924762887
W032,normal,4,f1@0.75,0.3926281389748882
W032,normal,4,miou,0.3215163322922141
W032,normal,4,n_gt,12.5
W032,normal,4,n_pred,4.7
W032,normal,4,n_reg,4.7
W032,normal,6,f1@0.5,0.4990166165627197
W032,normal,6,f1@0.75,0.4636407995692556
W032,normal,6,miou,0.4515995238055064
W032,normal,6,n_gt,12.5
W032,normal,6,n_pred,6.4
W032,normal,6,n_reg,6.6
W032,normal,8,f1@0.5,0.6872446490557945
W032,normal,8,f1@0.75,0.6255091829395234
W032,normal,8,miou,0.6619026215228689
W032,normal,8,n_gt,12.5
W032,normal,8,n_pred,7.7
W032,normal,8,n_reg,7.7
W032,normal,12,f1@0.5,0.6872446490557945
W032,normal,12,f1@0.75,0.6255091829395234
W032,normal,12,miou,0.6642135465852494
W032,normal,12,n_gt,12.5
W032,normal,12,n_pred,7.7
W032,normal,12,n_reg,7.7
W032,normal,16,f1@0.5,0.7299622706304628
W032,normal,16,f1@0.75,0.5946237992874148
W032,normal,16,miou,0.6220909533502312
W032,normal,16,n_gt,12.5
W032,normal,16,n_pred,8.7
W032,normal,16,n_reg,8.7
W032,normal,24,f1@0.5,0.7008212362262706
W032,normal,24,f1@0.75,0.5946237992874148
W032,normal,24,miou,0.5760072534424383
W032,normal,24,n_gt,12.5
W032,normal,24,n_pred,8.7
W032,normal,24,n_reg,8.7
W032,normal,32,f1@0.5,0.5668443390115216
W032,normal,32,f1@0.75,0.5339685220180577
W032,normal,32,miou,0.5749405135718771
W032,normal,32,n_gt,12.5
W032,normal,32,n_pred,7.7
W032,normal,32,n_reg,7.7
W032,normal,48,f1@0.5,0.5668443390115216
W032,normal,48,f1@0.75,0.5256351886847244
W032,normal,48,miou,0.5507499417544571
W032,normal,48,n_gt,12.5
W032,normal,48,n_pred,7.7
W032,normal,48,n_reg,7.7
W032,rgb,4,f1@0.5,0.7231640268616981
W032,rgb,4,f1@0.75,0.6198548801671698
W032,rgb,4,miou,0.6402716884819287
W032,rgb,4,n_gt,12.5
W032,rgb,4,n_pred,7.0
W032,rgb,4,n_reg,7.0
W032,rgb,6,f1@0.5,0.8572167954090151
W032,rgb,6,f1@0.75,0.7032115672275856
W032,rgb,6,miou,0.739199974861526
W032,rgb,6,n_gt,12.5
W032,rgb,6,n_pred,9.5
W032,rgb,6,n_reg,9.7
W032,rgb,8,f1@0.5,0.8124742191446996
W032,rgb,8,f1@0.75,0.6210530960691144
W032,rgb,8,miou,0.7372939316293831
W032,rgb,8,n_gt,12.5
W032,rgb,8,n_pred,10.5
W032,rgb,8,n_reg,10.6
W032,rgb,12,f1@0.5,0.7232718762718763
W032,rgb,12,f1@0.75,0.5158612128612129
W032,rgb,12,miou,0.7436253903439567
W032,rgb,12,n_gt,12.5
W032,rgb,12,n_pred,13.5
W032,rgb,12,n_reg,13.6
W032,rgb,16,f1@0.5,0.7010499786736668
W032,rgb,16,f1@0.75,0.5290760785663334
W032,rgb,16,miou,0.7452803070511131
W032,rgb,16,n_gt,12.5
W032,rgb,16,n_pred,14.3
W032,rgb,16,n_reg,14.6
W032,rgb,24,f1@0.5,0.7374563050365149
W032,rgb,24,f1@0.75,0.6207845697530855
W032,rgb,24,miou,0.7447482981292772
W032,rgb,24,n_gt,12.5
W032,rgb,24,n_pred,13.3
W032,rgb,24,n_reg,13.6
W032,rgb,32,f1@0.5,0.6782559733957906
W032,rgb,32,f1@0.75,0.4766909248908572
W032,rgb,32,miou,0.7426447433730903
W032,rgb,32,n_gt,12.5
W032,rgb,32,n_pred,15.2
W032,rgb,32,n_reg,15.5
W032,rgb,48,f1@0.5,0.7010499786736668
W032,rgb,48,f1@0.75,0.5224094118996667
W032,rgb,48,miou,0.7446389791946195
W032,rgb,48,n_gt,12.5
W032,rgb,48,n_pred,14.3
W032,rgb,48,n_reg,14.6
W033,depth,4,f1@0.5,0.4634920634920634
W033,depth,4,f1@0.75,0.2362103174603174
W033,depth,4,miou,0.3790736959102891
W033,depth,4,n_gt,3.5
W033,depth,4,n_pred,2.625
W033,depth,4,n_reg,2.625
W033,depth,6,f1@0.5,0.4204365079365079
W033,depth,6,f1@0.75,0.2268518518518518
W033,depth,6,miou,0.3848996608287845
W033,depth,6,n_gt,3.5
W033,depth,6,n_pred,3.333333333333333
W033,depth,6,n_reg,3.8333333333333335
W033,depth,8,f1@0.5,0.4277777777777778
W033,depth,8,f1@0.75,0.2362103174603174
W033,depth,8,miou,0.3694105698858662
W033,depth,8,n_gt,3.5
W033,depth,8,n_pred,2.583333333333333
W033,depth,8,n_reg,2.625
W033,depth,12,f1@0.5,0.4634920634920634
W033,depth,12,f1@0.75,0.2362103174603174
W033,depth,12,miou,0.3791127305910147
W033,depth,12,n_gt,3.5
W033,depth,12,n_pred,2.625
W033,depth,12,n_reg,2.625
W033,depth,16,f1@0.5,0.4277777777777778
W033,depth,16,f1@0.75,0.2362103174603174
W033,depth,16,miou,0.3694204994150003
W033,depth,16,n_gt,3.5
W033,depth,16,n_pred,2.583333333333333
W033,depth,16,n_reg,2.625
W033,depth,24,f1@0.5,0.4277777777777778
W033,depth,24,f1@0.75,0.2362103174603174
W033,depth,24,miou,0.36935410571786
W033,depth,24,n_gt,3.5
W033,depth,24,n_pred,2.583333333333333
W033,depth,24,n_reg,2.625
W033,depth,32,f1@0.5,0.4277777777777778
W033,depth,32,f1@0.75,0.2362103174603174
W033,depth,32,miou,0.3693562352502726
W033,depth,32,n_gt,3.5
W033,depth,32,n_pred,2.583333333333333
W033,depth,32,n_reg,2.625
W033,depth,48,f1@0.5,0.4634920634920634
W033,depth,48,f1@0.75,0.2362103174603174
W033,depth,48,miou,0.3760910459286
W033,depth,48,n_gt,3.5
W033,depth,48,n_pred,2.583333333333333
W033,depth,48,n_reg,2.625
W033,normal,4,f1@0.5,0.7525252525252526
W033,normal,4,f1@0.75,0.4368476430976431
W033,normal,4,miou,0.8034331369402251
W033,normal,4,n_gt,3.5
W033,normal,4,n_pred,4.541666666666667
W033,normal,4,n_reg,4.583333333333333
W033,normal,6,f1@0.5,0.7421717171717171
W033,normal,6,f1@0.75,0.4171717171717171
W033,normal,6,miou,0.7868517945571916
W033,normal,6,n_gt,3.5
W033,normal,6,n_pred,4.583333333333333
W033,normal,6,n_reg,4.583333333333333
W033,normal,8,f1@0.5,0.7525252525252526
W033,normal,8,f1@0.75,0.4451809764309764
W033,normal,8,miou,0.8014726303966638
W033,normal,8,n_gt,3.5
W033,normal,8,n_pred,4.541666666666667
W033,normal,8,n_reg,4.583333333333333
W033,normal,12,f1@0.5,0.7525252525252526
W033,normal,12,f1@0.75,0.4368476430976431
W033,normal,12,miou,0.8015997816343412
W033,normal,12,n_gt,3.5
W033,normal,12,n_pred,4.541666666666667
W033,normal,12,n_reg,4.583333333333333
W033,normal,16,f1@0.5,0.7525252525252526
W033,normal,16,f1@0.75,0.4285143097643097
W033,normal,16,miou,0.7965383880595743
W033,normal,16,n_gt,3.5
W033,normal,16,n_pred,4.541666666666667
W033,normal,16,n_reg,4.583333333333333
W033,normal,24,f1@0.5,0.7580808080808081
W033,normal,24,f1@0.75,0.4359217171717172
W033,normal,24,miou,0.7969146762313036
W033,normal,24,n_gt,3.5
W033,normal,24,n_pred,4.583333333333333
W033,normal,24,n_reg,4.583333333333333
W033,normal,32,f1@0.5,0.7525252525252526
W033,normal,32,f1@0.75,0.4180976430976431
W033,normal,32,miou,0.7959240852631219
W033,normal,32,n_gt,3.5
W033,normal,32,n_pred,4.541666666666667
W033,normal,32,n_reg,4.583333333333333
W033,normal,48,f1@0.5,0.7135942760942761
W033,normal,48,f1@0.75,0.4031144781144781
W033,normal,48,miou,0.8012419516532612
W033,normal,48,n_gt,3.5
W033,normal,48,n_pred,5.041666666666667
W033,normal,48,n_reg,5.5
W033,rgb,4,f1@0.5,0.6261784511784512
W033,rgb,4,f1@0.75,0.4861952861952862
W033,rgb,4,miou,0.6730366030689297
W033,rgb,4,n_gt,3.5
W033,rgb,4,n_pred,4.458333333333333
W033,rgb,4,n_reg,4.541666666666667
W033,rgb,6,f1@0.5,0.5352464664964666
W033,rgb,6,f1@0.75,0.3279648592148592
W033,rgb,6,miou,0.7443485323600267
W033,rgb,6,n_gt,3.5
W033,rgb,6,n_pred,6.625
W033,rgb,6,n_reg,7.125
W033,rgb,8,f1@0.5,0.5530030155030156
W033,rgb,8,f1@0.75,0.3593281718281718
W033,rgb,8,miou,0.6681887015952045
W033,rgb,8,n_gt,3.5
W033,rgb,8,n_pred,5.208333333333333
W033,rgb,8,n_reg,5.75
W033,rgb,12,f1@0.5,0.455518093018093
W033,rgb,12,f1@0.75,0.3032777407777408
W033,rgb,12,miou,0.6669185266509823
W033,rgb,12,n_gt,3.5
W033,rgb,12,n_pred,7.291666666666667
W033,rgb,12,n_reg,8.25
W033,rgb,16,f1@0.5,0.4442732920674097
W033,rgb,16,f1@0.75,0.3121875673346261
W033,rgb,16,miou,0.668640484791192
W033,rgb,16,n_gt,3.5
W033,rgb,16,n_pred,7.916666666666667
W033,rgb,16,n_reg,9.458333333333334
W033,rgb,24,f1@0.5,0.4467015827309945
W033,rgb,24,f1@0.75,0.2994600171070759
W033,rgb,24,miou,0.6686874511753488
W033,rgb,24,n_gt,3.5
W033,rgb,24,n_pred,7.666666666666667
W033,rgb,24,n_reg,9.208333333333334
W033,rgb,32,f1@0.5,0.4945546555840673
W033,rgb,32,f1@0.75,0.3070175059145647
W033,rgb,32,miou,0.6711645774158327
W033,rgb,32,n_gt,3.5
W033,rgb,32,n_pred,6.916666666666667
W033,rgb,32,n_reg,7.708333333333333
W033,rgb,48,f1@0.5,0.4944213802766434
W033,rgb,48,f1@0.75,0.2834972045498361
W033,rgb,48,miou,0.7486121639246696
W033,rgb,48,n_gt,3.5
W033,rgb,48,n_pred,7.708333333333333
W033,rgb,48,n_reg,8.666666666666666
W034,depth,4,f1@0.5,0.8388888888888889
W034,depth,4,f1@0.75,0.8222222222222223
W034,depth,4,miou,0.7029244171569323
W034,depth,4,n_gt,2.7916666666666665
W034,depth,4,n_pred,2.0
W034,depth,4,n_reg,2.0
W034,depth,6,f1@0.5,0.8527777777777779
W034,depth,6,f1@0.75,0.8194444444444445
W034,depth,6,miou,0.7077425449475526
W034,depth,6,n_gt,2.7916666666666665
W034,depth,6,n_pred,2.0
W034,depth,6,n_reg,2.0
W034,depth,8,f1@0.5,0.8527777777777779
W034,depth,8,f1@0.75,0.8194444444444445
W034,depth,8,miou,0.7079661896684465
W034,depth,8,n_gt,2.7916666666666665
W034,depth,8,n_pred,2.0
W034,depth,8,n_reg,2.0
W034,depth,12,f1@0.5,0.8527777777777779
W034,depth,12,f1@0.75,0.8194444444444445
W034,depth,12,miou,0.7074034956777967
W034,depth,12,n_gt,2.7916666666666665
W034,depth,12,n_pred,2.0
W034,depth,12,n_reg,2.0
W034,depth,16,f1@0.5,0.8527777777777779
W034,depth,16,f1@0.75,0.8194444444444445
W034,depth,16,miou,0.7083452210254696
W034,depth,16,n_gt,2.7916666666666665
W034,depth,16,n_pred,2.0
W034,depth,16,n_reg,2.0
W034,depth,24,f1@0.5,0.8527777777777779
W034,depth,24,f1@0.75,0.8194444444444445
W034,depth,24,miou,0.707297801004517
W034,depth,24,n_gt,2.7916666666666665
W034,depth,24,n_pred,2.0
W034,depth,24,n_reg,2.0
W034,depth,32,f1@0.5,0.8527777777777779
W034,depth,32,f1@0.75,0.8194444444444445
W034,depth,32,miou,0.707521162222123
W034,depth,32,n_gt,2.7916666666666665
W034,depth,32,n_pred,2.0
W034,depth,32,n_reg,2.0
W034,depth,48,f1@0.5,0.4875
W034,depth,48,f1@0.75,0.3541666666666667
W034,depth,48,miou,0.2982586297688684
W034,depth,48,n_gt,2.7916666666666665
W034,depth,48,n_pred,1.0
W034,depth,48,n_reg,1.0
W034,normal,4,f1@0.5,0.8388888888888889
W034,normal,4,f1@0.75,0.8180555555555555
W034,normal,4,miou,0.7080651964872082
W034,normal,4,n_gt,2.7916666666666665
W034,normal,4,n_pred,2.0
W034,normal,4,n_reg,2.0
W034,normal,6,f1@0.5,0.8527777777777779
W034,normal,6,f1@0.75,0.7986111111111112
W034,normal,6,miou,0.7026054988922996
W034,normal,6,n_gt,2.7916666666666665
W034,normal,6,n_pred,2.0
W034,normal,6,n_reg,2.0
W034,normal,8,f1@0.5,0.6753968253968253
W034,normal,8,f1@0.75,0.6426587301587302
W034,normal,8,miou,0.7034322131505082
W034,normal,8,n_gt,2.7916666666666665
W034,normal,8,n_pred,3.208333333333333
W034,normal,8,n_reg,4.125
W034,normal,12,f1@0.5,0.7321428571428572
W034,normal,12,f1@0.75,0.7113095238095238
W034,normal,12,miou,0.7013138718839147
W034,normal,12,n_gt,2.7916666666666665
W034,normal,12,n_pred,2.6666666666666665
W034,normal,12,n_reg,2.958333333333333
W034,normal,16,f1@0.5,0.8376984126984127
W034,normal,16,f1@0.75,0.7597222222222223
W034,normal,16,miou,0.7117146902524606
W034,normal,16,n_gt,2.7916666666666665
W034,normal,16,n_pred,2.25
W034,normal,16,n_reg,2.333333333333333
W034,normal,24,f1@0.5,0.7091269841269842
W034,normal,24,f1@0.75,0.6525793650793651
W034,normal,24,miou,0.7146355599155045
W034,normal,24,n_gt,2.7916666666666665
W034,normal,24,n_pred,3.083333333333333
W034,normal,24,n_reg,3.25
W034,normal,32,f1@0.5,0.6853174603174602
W034,normal,32,f1@0.75,0.6525793650793651
W034,normal,32,miou,0.7057406313485601
W034,normal,32,n_gt,2.7916666666666665
W034,normal,32,n_pred,3.083333333333333
W034,normal,32,n_reg,3.25
W034,normal,48,f1@0.5,0.6863095238095238
W034,normal,48,f1@0.75,0.6654761904761904
W034,normal,48,miou,0.7059784420114138
W034,normal,48,n_gt,2.7916666666666665
W034,normal,48,n_pred,3.083333333333333
W034,normal,48,n_reg,4.083333333333333
W034,rgb,4,f1@0.5,0.7898809523809524
W034,rgb,4,f1@0.75,0.7293650793650794
W034,rgb,4,miou,0.7997364654512609
W034,rgb,4,n_gt,2.7916666666666665
W034,rgb,4,n_pred,3.125
W034,rgb,4,n_reg,3.583333333333333
W034,rgb,6,f1@0.5,0.6577380952380952
W034,rgb,6,f1@0.75,0.6038359788359788
W034,rgb,6,miou,0.8584809026569161
W034,rgb,6,n_gt,2.7916666666666665
W034,rgb,6,n_pred,4.791666666666667
W034,rgb,6,n_reg,5.25
W034,rgb,8,f1@0.5,0.6383928571428571
W034,rgb,8,f1@0.75,0.59755291005291
W034,rgb,8,miou,0.8483059013149097
W034,rgb,8,n_gt,2.7916666666666665
W034,rgb,8,n_pred,4.75
W034,rgb,8,n_reg,5.208333333333333
W034,rgb,12,f1@0.5,0.5515873015873015
W034,rgb,12,f1@0.75,0.5099206349206349
W034,rgb,12,miou,0.7688921720982428
W034,rgb,12,n_gt,2.7916666666666665
W034,rgb,12,n_pred,4.583333333333333
W034,rgb,12,n_reg,4.875
W034,rgb,16,f1@0.5,0.621031746031746
W034,rgb,16,f1@0.75,0.5620039682539683
W034,rgb,16,miou,0.7734391276705918
W034,rgb,16,n_gt,2.7916666666666665
W034,rgb,16,n_pred,4.0
W034,rgb,16,n_reg,4.25
W034,rgb,24,f1@0.5,0.498015873015873
W034,rgb,24,f1@0.75,0.4563492063492063
W034,rgb,24,miou,0.787314077748659
W034,rgb,24,n_gt,2.7916666666666665
W034,rgb,24,n_pred,5.5
W034,rgb,24,n_reg,5.833333333333333
W034,rgb,32,f1@0.5,0.5468253968253968
W034,rgb,32,f1@0.75,0.4833333333333333
W034,rgb,32,miou,0.7832420528374642
W034,rgb,32,n_gt,2.7916666666666665
W034,rgb,32,n_pred,5.0
W034,rgb,32,n_reg,6.041666666666667
W034,rgb,48,f1@0.5,0.5415764790764791
W034,rgb,48,f1@0.75,0.4880050505050504
W034,rgb,48,miou,0.7760492194765907
W034,rgb,48,n_gt,2.7916666666666665
W034,rgb,48,n_pred,4.875
W034,rgb,48,n_reg,5.291666666666667
W035,depth,4,f1@0.5,0.5685185185185184
W035,depth,4,f1@0.75,0.4722222222222222
W035,depth,4,miou,0.3346288881964316
W035,depth,4,n_gt,2.6666666666666665
W035,depth,4,n_pred,1.0
W035,depth,4,n_reg,1.0
W035,depth,6,f1@0.5,0.5685185185185184
W035,depth,6,f1@0.75,0.4722222222222222
W035,depth,6,miou,0.3346288881964316
W035,depth,6,n_gt,2.6666666666666665
W035,depth,6,n_pred,1.0
W035,depth,6,n_reg,1.0
W035,depth,8,f1@0.5,0.55
W035,depth,8,f1@0.75,0.4537037037037036
W035,depth,8,miou,0.3346126887340503
W035,depth,8,n_gt,2.6666666666666665
W035,depth,8,n_pred,1.1111111111111112
W035,depth,8,n_reg,1.1111111111111112
W035,depth,12,f1@0.5,0.55
W035,depth,12,f1@0.75,0.4537037037037036
W035,depth,12,miou,0.3346126310673958
W035,depth,12,n_gt,2.6666666666666665
W035,depth,12,n_pred,1.1111111111111112
W035,depth,12,n_reg,1.1111111111111112
W035,depth,16,f1@0.5,0.5444444444444445
W035,depth,16,f1@0.75,0.4481481481481481
W035,depth,16,miou,0.3346292109785735
W035,depth,16,n_gt,2.6666666666666665
W035,depth,16,n_pred,1.1666666666666667
W035,depth,16,n_reg,1.1666666666666667
W035,depth,24,f1@0.5,0.5444444444444445
W035,depth,24,f1@0.75,0.4481481481481481
W035,depth,24,miou,0.3346133246542103
W035,depth,24,n_gt,2.6666666666666665
W035,depth,24,n_pred,1.1666666666666667
W035,depth,24,n_reg,1.1666666666666667
W035,depth,32,f1@0.5,0.5444444444444445
W035,depth,32,f1@0.75,0.4481481481481481
W035,depth,32,miou,0.3345801004025939
W035,depth,32,n_gt,2.6666666666666665
W035,depth,32,n_pred,1.1666666666666667
W035,depth,32,n_reg,1.1666666666666667
W035,depth,48,f1@0.5,0.5444444444444445
W035,depth,48,f1@0.75,0.4481481481481481
W035,depth,48,miou,0.3345894414365954
W035,depth,48,n_gt,2.6666666666666665
W035,depth,48,n_pred,1.1666666666666667
W035,depth,48,n_reg,1.1666666666666667
W035,normal,4,f1@0.5,0.5685185185185184
W035,normal,4,f1@0.75,0.4722222222222222
W035,normal,4,miou,0.336047273035976
W035,normal,4,n_gt,2.6666666666666665
W035,normal,4,n_pred,1.0
W035,normal,4,n_reg,1.0
W035,normal,6,f1@0.5,0.87989417989418
W035,normal,6,f1@0.75,0.6695767195767196
W035,normal,6,miou,0.6866017315536618
W035,normal,6,n_gt,2.6666666666666665
W035,normal,6,n_pred,2.0
W035,normal,6,n_reg,2.0
W035,normal,8,f1@0.5,0.87989417989418
W035,normal,8,f1@0.75,0.6695767195767196
W035,normal,8,miou,0.6870722948611667
W035,normal,8,n_gt,2.6666666666666665
W035,normal,8,n_pred,2.0
W035,normal,8,n_reg,2.0
W035,normal,12,f1@0.5,0.4798941798941799
W035,normal,12,f1@0.75,0.414021164021164
W035,normal,12,miou,0.368203222672439
W035,normal,12,n_gt,2.6666666666666665
W035,normal,12,n_pred,1.9444444444444444
W035,normal,12,n_reg,2.0
W035,normal,16,f1@0.5,0.5288359788359789
W035,normal,16,f1@0.75,0.4351851851851852
W035,normal,16,miou,0.3361526916852536
W035,normal,16,n_gt,2.6666666666666665
W035,normal,16,n_pred,1.2777777777777777
W035,normal,16,n_reg,1.9444444444444444
W035,normal,24,f1@0.5,0.87989417989418
W035,normal,24,f1@0.75,0.741005291005291
W035,normal,24,miou,0.6971345412878303
W035,normal,24,n_gt,2.6666666666666665
W035,normal,24,n_pred,2.0
W035,normal,24,n_reg,2.0
W035,normal,32,f1@0.5,0.87989417989418
W035,normal,32,f1@0.75,0.6695767195767196
W035,normal,32,miou,0.6869363204870099
W035,normal,32,n_gt,2.6666666666666665
W035,normal,32,n_pred,2.0
W035,normal,32,n_reg,2.0
W035,normal,48,f1@0.5,0.87989417989418
W035,normal,48,f1@0.75,0.6695767195767196
W035,normal,48,miou,0.6878678695127013
W035,normal,48,n_gt,2.6666666666666665
W035,normal,48,n_pred,2.0
W035,normal,48,n_reg,2.0
W035,rgb,4,f1@0.5,0.6814814814814816
W035,rgb,4,f1@0.75,0.6814814814814816
W035,rgb,4,miou,0.7255715520882376
W035,rgb,4,n_gt,2.6666666666666665
W035,rgb,4,n_pred,2.833333333333333
W035,rgb,4,n_reg,2.833333333333333
W035,rgb,6,f1@0.5,0.6547619047619047
W035,rgb,6,f1@0.75,0.6223544973544973
W035,rgb,6,miou,0.7814989078724253
W035,rgb,6,n_gt,2.6666666666666665
W035,rgb,6,n_pred,3.6666666666666665
W035,rgb,6,n_reg,3.8333333333333335
W035,rgb,8,f1@0.5,0.4368606701940035
W035,rgb,8,f1@0.75,0.401058201058201
W035,rgb,8,miou,0.7867346277876947
W035,rgb,8,n_gt,2.6666666666666665
W035,rgb,8,n_pred,6.333333333333333
W035,rgb,8,n_reg,6.5
W035,rgb,12,f1@0.5,0.5198412698412699
W035,rgb,12,f1@0.75,0.4797178130511463
W035,rgb,12,miou,0.800516792920398
W035,rgb,12,n_gt,2.6666666666666665
W035,rgb,12,n_pred,5.444444444444445
W035,rgb,12,n_reg,5.555555555555555
W035,rgb,16,f1@0.5,0.411672278338945
W035,rgb,16,f1@0.75,0.3993265993265993
W035,rgb,16,miou,0.7571968006927582
W035,rgb,16,n_gt,2.6666666666666665
W035,rgb,16,n_pred,7.222222222222222
W035,rgb,16,n_reg,7.388888888888889
W035,rgb,24,f1@0.5,0.4079685746352413
W035,rgb,24,f1@0.75,0.3956228956228956
W035,rgb,24,miou,0.7565035479945835
W035,rgb,24,n_gt,2.6666666666666665
W035,rgb,24,n_pred,7.333333333333333
W035,rgb,24,n_reg,7.777777777777778
W035,rgb,32,f1@0.5,0.3913419913419913
W035,rgb,32,f1@0.75,0.3789963123296457
W035,rgb,32,miou,0.7734944548772762
W035,rgb,32,n_gt,2.6666666666666665
W035,rgb,32,n_pred,7.722222222222222
W035,rgb,32,n_reg,8.38888888888889
W035,rgb,48,f1@0.5,0.3772511439178105
W035,rgb,48,f1@0.75,0.3649054649054649
W035,rgb,48,miou,0.7551198947074088
W035,rgb,48,n_gt,2.6666666666666665
W035,rgb,48,n_pred,8.277777777777779
W035,rgb,48,n_reg,9.11111111111111
W036,depth,4,f1@0.5,0.6041666666666666
W036,depth,4,f1@0.75,0.46875
W036,depth,4,miou,0.2629206503492163
W036,depth,4,n_gt,2.375
W036,depth,4,n_pred,1.0
W036,depth,4,n_reg,1.0
W036,depth,6,f1@0.5,0.6041666666666666
W036,depth,6,f1@0.75,0.46875
W036,depth,6,miou,0.2629766711694501
W036,depth,6,n_gt,2.375
W036,depth,6,n_pred,1.0
W036,depth,6,n_reg,1.0
W036,depth,8,f1@0.5,0.6041666666666666
W036,depth,8,f1@0.75,0.46875
W036,depth,8,miou,0.2629908460658018
W036,depth,8,n_gt,2.375
W036,depth,8,n_pred,1.0
W036,depth,8,n_reg,1.0
W036,depth,12,f1@0.5,0.6041666666666666
W036,depth,12,f1@0.75,0.46875
W036,depth,12,miou,0.2629848198417852
W036,depth,12,n_gt,2.375
W036,depth,12,n_pred,1.0
W036,depth,12,n_reg,1.0
W036,depth,16,f1@0.5,0.6041666666666666
W036,depth,16,f1@0.75,0.46875
W036,depth,16,miou,0.2629680557689115
W036,depth,16,n_gt,2.375
W036,depth,16,n_pred,1.0
W036,depth,16,n_reg,1.0
W036,depth,24,f1@0.5,0.6041666666666666
W036,depth,24,f1@0.75,0.46875
W036,depth,24,miou,0.2629908460658018
W036,depth,24,n_gt,2.375
W036,depth,24,n_pred,1.0
W036,depth,24,n_reg,1.0
W036,depth,32,f1@0.5,0.6041666666666666
W036,depth,32,f1@0.75,0.46875
W036,depth,32,miou,0.2629861464045637
W036,depth,32,n_gt,2.375
W036,depth,32,n_pred,1.0
W036,depth,32,n_reg,1.0
W036,depth,48,f1@0.5,0.6041666666666666
W036,depth,48,f1@0.75,0.46875
W036,depth,48,miou,0.2629862601186665
W036,depth,48,n_gt,2.375
W036,depth,48,n_pred,1.0
W036,depth,48,n_reg,1.0
W036,normal,4,f1@0.5,0.925
W036,normal,4,f1@0.75,0.925
W036,normal,4,miou,0.6301151361886247
W036,normal,4,n_gt,2.375
W036,normal,4,n_pred,2.0
W036,normal,4,n_reg,2.0
W036,normal,6,f1@0.5,0.925
W036,normal,6,f1@0.75,0.925
W036,normal,6,miou,0.6301528394128558
W036,normal,6,n_gt,2.375
W036,normal,6,n_pred,2.0
W036,normal,6,n_reg,2.0
W036,normal,8,f1@0.5,0.925
W036,normal,8,f1@0.75,0.925
W036,normal,8,miou,0.6279279927614528
W036,normal,8,n_gt,2.375
W036,normal,8,n_pred,2.0
W036,normal,8,n_reg,2.0
W036,normal,12,f1@0.5,0.6041666666666666
W036,normal,12,f1@0.75,0.46875
W036,normal,12,miou,0.2627314643418369
W036,normal,12,n_gt,2.375
W036,normal,12,n_pred,1.0
W036,normal,12,n_reg,1.0
W036,normal,16,f1@0.5,0.925
W036,normal,16,f1@0.75,0.925
W036,normal,16,miou,0.6300404757663982
W036,normal,16,n_gt,2.375
W036,normal,16,n_pred,2.0
W036,normal,16,n_reg,2.0
W036,normal,24,f1@0.5,0.6041666666666666
W036,normal,24,f1@0.75,0.46875
W036,normal,24,miou,0.2627402550883677
W036,normal,24,n_gt,2.375
W036,normal,24,n_pred,1.0
W036,normal,24,n_reg,1.0
W036,normal,32,f1@0.5,0.6041666666666666
W036,normal,32,f1@0.75,0.46875
W036,normal,32,miou,0.2627249742580747
W036,normal,32,n_gt,2.375
W036,normal,32,n_pred,1.0
W036,normal,32,n_reg,1.0
W036,normal,48,f1@0.5,0.6041666666666666
W036,normal,48,f1@0.75,0.46875
W036,normal,48,miou,0.262748414620494
W036,normal,48,n_gt,2.375
W036,normal,48,n_pred,1.0
W036,normal,48,n_reg,1.0
W036,rgb,4,f1@0.5,0.925
W036,rgb,4,f1@0.75,0.925
W036,rgb,4,miou,0.6345898046538059
W036,rgb,4,n_gt,2.375
W036,rgb,4,n_pred,2.0
W036,rgb,4,n_reg,2.0
W036,rgb,6,f1@0.5,0.7416666666666667
W036,rgb,6,f1@0.75,0.7416666666666667
W036,rgb,6,miou,0.6374831250620918
W036,rgb,6,n_gt,2.375
W036,rgb,6,n_pred,3.0625
W036,rgb,6,n_reg,3.3125
W036,rgb,8,f1@0.5,0.925
W036,rgb,8,f1@0.75,0.925
W036,rgb,8,miou,0.6313116426167756
W036,rgb,8,n_gt,2.375
W036,rgb,8,n_pred,2.0
W036,rgb,8,n_reg,2.0
W036,rgb,12,f1@0.5,0.7797619047619048
W036,rgb,12,f1@0.75,0.7440476190476191
W036,rgb,12,miou,0.7639551370113625
W036,rgb,12,n_gt,2.375
W036,rgb,12,n_pred,3.6875
W036,rgb,12,n_reg,4.0
W036,rgb,16,f1@0.5,0.7738095238095238
W036,rgb,16,f1@0.75,0.7380952380952381
W036,rgb,16,miou,0.7656150337704617
W036,rgb,16,n_gt,2.375
W036,rgb,16,n_pred,3.75
W036,rgb,16,n_reg,4.1875
W036,rgb,24,f1@0.5,0.2793244949494949
W036,rgb,24,f1@0.75,0.2334911616161616
W036,rgb,24,miou,0.7535279430748623
W036,rgb,24,n_gt,2.375
W036,rgb,24,n_pred,8.4375
W036,rgb,24,n_reg,8.9375
W036,rgb,32,f1@0.5,0.675
W036,rgb,32,f1@0.75,0.64375
W036,rgb,32,miou,0.7589056743065092
W036,rgb,32,n_gt,2.375
W036,rgb,32,n_pred,4.75
W036,rgb,32,n_reg,5.5
W036,rgb,48,f1@0.5,0.3097763347763347
W036,rgb,48,f1@0.75,0.2481601731601731
W036,rgb,48,miou,0.7587904283339778
W036,rgb,48,n_gt,2.375
W036,rgb,48,n_pred,7.75
W036,rgb,48,n_reg,8.4375
W037,depth,4,f1@0.5,0.3761350209593579
W037,depth,4,f1@0.75,0.295307773619121
W037,depth,4,miou,0.490646220774505
W037,depth,4,n_gt,13.0
W037,depth,4,n_pred,7.0
W037,depth,4,n_reg,7.0
W037,depth,6,f1@0.5,0.4227971162114385
W037,depth,6,f1@0.75,0.2730399537944295
W037,depth,6,miou,0.552506640118269
W037,depth,6,n_gt,13.0
W037,depth,6,n_pred,7.833333333333333
W037,depth,6,n_reg,7.833333333333333
W037,depth,8,f1@0.5,0.4033331764853504
W037,depth,8,f1@0.75,0.3237080431645649
W037,depth,8,miou,0.566908543436159
W037,depth,8,n_gt,13.0
W037,depth,8,n_pred,8.833333333333334
W037,depth,8,n_reg,8.833333333333334
W037,depth,12,f1@0.5,0.4563692905111669
W037,depth,12,f1@0.75,0.3370957017810564
W037,depth,12,miou,0.5714676929596675
W037,depth,12,n_gt,13.0
W037,depth,12,n_pred,9.833333333333334
W037,depth,12,n_reg,9.833333333333334
W037,depth,16,f1@0.5,0.4563692905111669
W037,depth,16,f1@0.75,0.3370957017810564
W037,depth,16,miou,0.5651553431387654
W037,depth,16,n_gt,13.0
W037,depth,16,n_pred,9.833333333333334
W037,depth,16,n_reg,9.833333333333334
W037,depth,24,f1@0.5,0.4563692905111669
W037,depth,24,f1@0.75,0.3370957017810564
W037,depth,24,miou,0.5688515787666991
W037,depth,24,n_gt,13.0
W037,depth,24,n_pred,9.833333333333334
W037,depth,24,n_reg,9.833333333333334
W037,depth,32,f1@0.5,0.4496809629475533
W037,depth,32,f1@0.75,0.3310753415158449
W037,depth,32,miou,0.5663792099913506
W037,depth,32,n_gt,13.0
W037,depth,32,n_pred,10.166666666666666
W037,depth,32,n_reg,10.833333333333334
W037,depth,48,f1@0.5,0.6390629213569717
W037,depth,48,f1@0.75,0.4414648968710753
W037,depth,48,miou,0.549656408639085
W037,depth,48,n_gt,13.0
W037,depth,48,n_pred,9.666666666666666
W037,depth,48,n_reg,9.833333333333334
W037,normal,4,f1@0.5,0.1269618317412435
W037,normal,4,f1@0.75,0.1269618317412435
W037,normal,4,miou,0.1712819769668065
W037,normal,4,n_gt,13.0
W037,normal,4,n_pred,2.9166666666666665
W037,normal,4,n_reg,3.0
W037,normal,6,f1@0.5,0.3194757727652464
W037,normal,6,f1@0.75,0.2129838485101642
W037,normal,6,miou,0.3876173523762956
W037,normal,6,n_gt,13.0
W037,normal,6,n_pred,5.916666666666667
W037,normal,6,n_reg,6.0
W037,normal,8,f1@0.5,0.3942813638179771
W037,normal,8,f1@0.75,0.2195138703147856
W037,normal,8,miou,0.462146784593805
W037,normal,8,n_gt,13.0
W037,normal,8,n_pred,6.833333333333333
W037,normal,8,n_reg,6.833333333333333
W037,normal,12,f1@0.5,0.4078580289106605
W037,normal,12,f1@0.75,0.2954868231184021
W037,normal,12,miou,0.4315313101965372
W037,normal,12,n_gt,13.0
W037,normal,12,n_pred,5.833333333333333
W037,normal,12,n_reg,5.833333333333333
W037,normal,16,f1@0.5,0.3259692792587529
W037,normal,16,f1@0.75,0.2749724690514164
W037,normal,16,miou,0.3909704313087827
W037,normal,16,n_gt,13.0
W037,normal,16,n_pred,6.0
W037,normal,16,n_reg,6.0
W037,normal,24,f1@0.5,0.4078580289106605
W037,normal,24,f1@0.75,0.2879110655426445
W037,normal,24,miou,0.4309951943504884
W037,normal,24,n_gt,13.0
W037,normal,24,n_pred,5.833333333333333
W037,normal,24,n_reg,5.833333333333333
W037,normal,32,f1@0.5,0.4721668641105981
W037,normal,32,f1@0.75,0.2743938286777161
W037,normal,32,miou,0.5235499823245758
W037,normal,32,n_gt,13.0
W037,normal,32,n_pred,7.833333333333333
W037,normal,32,n_reg,7.833333333333333
W037,normal,48,f1@0.5,0.4321004531530847
W037,normal,48,f1@0.75,0.2837443988759778
W037,normal,48,miou,0.3997909303916604
W037,normal,48,n_gt,13.0
W037,normal,48,n_pred,6.0
W037,normal,48,n_reg,6.0
W037,rgb,4,f1@0.5,0.5421706935322496
W037,rgb,4,f1@0.75,0.3600487054262797
W037,rgb,4,miou,0.6676209970508965
W037,rgb,4,n_gt,13.0
W037,rgb,4,n_pred,8.916666666666666
W037,rgb,4,n_reg,9.0
W037,rgb,6,f1@0.5,0.7527465744132411
W037,rgb,6,f1@0.75,0.4392436575769909
W037,rgb,6,miou,0.8264013635273323
W037,rgb,6,n_gt,13.0
W037,rgb,6,n_pred,11.666666666666666
W037,rgb,6,n_reg,11.833333333333334
W037,rgb,8,f1@0.5,0.6707644377162844
W037,rgb,8,f1@0.75,0.3131639253764481
W037,rgb,8,miou,0.7584053008292274
W037,rgb,8,n_gt,13.0
W037,rgb,8,n_pred,15.166666666666666
W037,rgb,8,n_reg,16.083333333333332
W037,rgb,12,f1@0.5,0.7542085468809606
W037,rgb,12,f1@0.75,0.4116431142293211
W037,rgb,12,miou,0.9023716092815444
W037,rgb,12,n_gt,13.0
W037,rgb,12,n_pred,14.5
W037,rgb,12,n_reg,14.833333333333334
W037,rgb,16,f1@0.5,0.6798252989907163
W037,rgb,16,f1@0.75,0.3377147735655981
W037,rgb,16,miou,0.7583770969734314
W037,rgb,16,n_gt,13.0
W037,rgb,16,n_pred,14.5
W037,rgb,16,n_reg,14.75
W037,rgb,24,f1@0.5,0.7183146257559051
W037,rgb,24,f1@0.75,0.3365317473538363
W037,rgb,24,miou,0.7580405940123532
W037,rgb,24,n_gt,13.0
W037,rgb,24,n_pred,15.083333333333334
W037,rgb,24,n_reg,15.666666666666666
W037,rgb,32,f1@0.5,0.7240617521926866
W037,rgb,32,f1@0.75,0.3480260002273995
W037,rgb,32,miou,0.7591416414183914
W037,rgb,32,n_gt,13.0
W037,rgb,32,n_pred,15.083333333333334
W037,rgb,32,n_reg,15.666666666666666
W037,rgb,48,f1@0.5,0.6552511880654261
W037,rgb,48,f1@0.75,0.3096361137935109
W037,rgb,48,miou,0.7578082353142359
W037,rgb,48,n_gt,13.0
W037,rgb,48,n_pred,15.5
W037,rgb,48,n_reg,16.666666666666668
W038,depth,4,f1@0.5,0.2733941164184972
W038,depth,4,f1@0.75,0.1854295665634674
W038,depth,4,miou,0.3965449415426447
W038,depth,4,n_gt,12.75
W038,depth,4,n_pred,5.3125
W038,depth,4,n_reg,5.875
W038,depth,6,f1@0.5,0.4129389524948735
W038,depth,6,f1@0.75,0.266893915660363
W038,depth,6,miou,0.4554526288446441
W038,depth,6,n_gt,12.75
W038,depth,6,n_pred,6.625
W038,depth,6,n_reg,7.125
W038,depth,8,f1@0.5,0.4403356946845724
W038,depth,8,f1@0.75,0.3449195557409567
W038,depth,8,miou,0.5389888924864474
W038,depth,8,n_gt,12.75
W038,depth,8,n_pred,6.8125
W038,depth,8,n_reg,7.25
W038,depth,12,f1@0.5,0.4859682164679893
W038,depth,12,f1@0.75,0.3402200326510883
W038,depth,12,miou,0.5405943419983861
W038,depth,12,n_gt,12.75
W038,depth,12,n_pred,7.4375
W038,depth,12,n_reg,7.9375
W038,depth,16,f1@0.5,0.4914029990766849
W038,depth,16,f1@0.75,0.3510895978684796
W038,depth,16,miou,0.539784797505181
W038,depth,16,n_gt,12.75
W038,depth,16,n_pred,7.4375
W038,depth,16,n_reg,7.9375
W038,depth,24,f1@0.5,0.4520781325844255
W038,depth,24,f1@0.75,0.3228497937036266
W038,depth,24,miou,0.5446801113321835
W038,depth,24,n_gt,12.75
W038,depth,24,n_pred,9.1875
W038,depth,24,n_reg,9.9375
W038,depth,32,f1@0.5,0.444514138607388
W038,depth,32,f1@0.75,0.3110412580363953
W038,depth,32,miou,0.5467342387993311
W038,depth,32,n_gt,12.75
W038,depth,32,n_pred,9.3125
W038,depth,32,n_reg,9.625
W038,depth,48,f1@0.5,0.3993563350900307
W038,depth,48,f1@0.75,0.2126962560386473
W038,depth,48,miou,0.548255526795621
W038,depth,48,n_gt,12.75
W038,depth,48,n_pred,8.4375
W038,depth,48,n_reg,8.625
W038,normal,4,f1@0.5,0.4880395758781981
W038,normal,4,f1@0.75,0.4170595271601463
W038,normal,4,miou,0.6083518264116858
W038,normal,4,n_gt,12.75
W038,normal,4,n_pred,7.0625
W038,normal,4,n_reg,7.3125
W038,normal,6,f1@0.5,0.5687011368261368
W038,normal,6,f1@0.75,0.3292761636511636
W038,normal,6,miou,0.7365853912378482
W038,normal,6,n_gt,12.75
W038,normal,6,n_pred,11.625
W038,normal,6,n_reg,12.1875
W038,normal,8,f1@0.5,0.6744369555882713
W038,normal,8,f1@0.75,0.468168322905165
W038,normal,8,miou,0.7951732797310223
W038,normal,8,n_gt,12.75
W038,normal,8,n_pred,10.375
W038,normal,8,n_reg,10.8125
W038,normal,12,f1@0.5,0.583243443352139
W038,normal,12,f1@0.75,0.3913935299804865
W038,normal,12,miou,0.7994394042308719
W038,normal,12,n_gt,12.75
W038,normal,12,n_pred,12.125
W038,normal,12,n_reg,12.875
W038,normal,16,f1@0.5,0.5838810509275277
W038,normal,16,f1@0.75,0.369090156920929
W038,normal,16,miou,0.8023231093674456
W038,normal,16,n_gt,12.75
W038,normal,16,n_pred,13.625
W038,normal,16,n_reg,14.75
W038,normal,24,f1@0.5,0.5836514142236445
W038,normal,24,f1@0.75,0.385011128019147
W038,normal,24,miou,0.8026511558246697
W038,normal,24,n_gt,12.75
W038,normal,24,n_pred,12.75
W038,normal,24,n_reg,14.125
W038,normal,32,f1@0.5,0.5857229092839161
W038,normal,32,f1@0.75,0.3641128758992584
W038,normal,32,miou,0.8037602749664763
W038,normal,32,n_gt,12.75
W038,normal,32,n_pred,14.5
W038,normal,32,n_reg,16.4375
W038,normal,48,f1@0.5,0.586917248697004
W038,normal,48,f1@0.75,0.3693960541631565
W038,normal,48,miou,0.8061741048841807
W038,normal,48,n_gt,12.75
W038,normal,48,n_pred,13.8125
W038,normal,48,n_reg,15.25
W038,rgb,4,f1@0.5,0.631405079464963
W038,rgb,4,f1@0.75,0.4621780665422979
W038,rgb,4,miou,0.7489101474121563
W038,rgb,4,n_gt,12.75
W038,rgb,4,n_pred,11.3125
W038,rgb,4,n_reg,12.0625
W038,rgb,6,f1@0.5,0.6710502898660793
W038,rgb,6,f1@0.75,0.5152159280777702
W038,rgb,6,miou,0.8045970293725198
W038,rgb,6,n_gt,12.75
W038,rgb,6,n_pred,12.5625
W038,rgb,6,n_reg,13.25
W038,rgb,8,f1@0.5,0.5819764737843383
W038,rgb,8,f1@0.75,0.3779003092022593
W038,rgb,8,miou,0.8932390788319611
W038,rgb,8,n_gt,12.75
W038,rgb,8,n_pred,16.8125
W038,rgb,8,n_reg,17.5625
W038,rgb,12,f1@0.5,0.6837954138155751
W038,rgb,12,f1@0.75,0.4891309261974584
W038,rgb,12,miou,0.8880837565490362
W038,rgb,12,n_gt,12.75
W038,rgb,12,n_pred,15.25
W038,rgb,12,n_reg,16.3125
W038,rgb,16,f1@0.5,0.7377201454886877
W038,rgb,16,f1@0.75,0.4958293080415842
W038,rgb,16,miou,0.8981586278156295
W038,rgb,16,n_gt,12.75
W038,rgb,16,n_pred,17.625
W038,rgb,16,n_reg,18.9375
W038,rgb,24,f1@0.5,0.6544354242698026
W038,rgb,24,f1@0.75,0.4041752785008292
W038,rgb,24,miou,0.8927577262599432
W038,rgb,24,n_gt,12.75
W038,rgb,24,n_pred,17.6875
W038,rgb,24,n_reg,18.75
W038,rgb,32,f1@0.5,0.7413647840316815
W038,rgb,32,f1@0.75,0.51718076775043
W038,rgb,32,miou,0.892266580144837
W038,rgb,32,n_gt,12.75
W038,rgb,32,n_pred,15.5625
W038,rgb,32,n_reg,16.375
W038,rgb,48,f1@0.5,0.6566389499108283
W038,rgb,48,f1@0.75,0.4048855057735565
W038,rgb,48,miou,0.8946500104086577
W038,rgb,48,n_gt,12.75
W038,rgb,48,n_pred,17.625
W038,rgb,48,n_reg,18.75
W039,depth,4,f1@0.5,0.2081384503869024
W039,depth,4,f1@0.75,0.1472216977209237
W039,depth,4,miou,0.2775771408768231
W039,depth,4,n_gt,11.9
W039,depth,4,n_pred,3.0
W039,depth,4,n_reg,3.0
W039,depth,6,f1@0.5,0.2081384503869024
W039,depth,6,f1@0.75,0.1472216977209237
W039,depth,6,miou,0.277374844379122
W039,depth,6,n_gt,11.9
W039,depth,6,n_pred,3.0
W039,depth,6,n_reg,3.0
W039,depth,8,f1@0.5,0.3156698873881536
W039,depth,8,f1@0.75,0.2064933308006063
W039,depth,8,miou,0.4210978424798804
W039,depth,8,n_gt,11.9
W039,depth,8,n_pred,3.95
W039,depth,8,n_reg,3.95
W039,depth,12,f1@0.5,0.3046875432788745
W039,depth,12,f1@0.75,0.1882031504786922
W039,depth,12,miou,0.4683857147372107
W039,depth,12,n_gt,11.9
W039,depth,12,n_pred,5.45
W039,depth,12,n_reg,5.5
W039,depth,16,f1@0.5,0.3218305095317479
W039,depth,16,f1@0.75,0.213051454049906
W039,depth,16,miou,0.4229810540103151
W039,depth,16,n_gt,11.9
W039,depth,16,n_pred,4.5
W039,depth,16,n_reg,4.5
W039,depth,24,f1@0.5,0.3218305095317479
W039,depth,24,f1@0.75,0.213051454049906
W039,depth,24,miou,0.4211535357656714
W039,depth,24,n_gt,11.9
W039,depth,24,n_pred,4.5
W039,depth,24,n_reg,4.5
W039,depth,32,f1@0.5,0.4136136799217295
W039,depth,32,f1@0.75,0.2716636008470373
W039,depth,32,miou,0.4621189348108349
W039,depth,32,n_gt,11.9
W039,depth,32,n_pred,5.45
W039,depth,32,n_reg,5.45
W039,depth,48,f1@0.5,0.3869287254115293
W039,depth,48,f1@0.75,0.251301506352489
W039,depth,48,miou,0.5043869773916275
W039,depth,48,n_gt,11.9
W039,depth,48,n_pred,6.35
W039,depth,48,n_reg,6.45
W039,normal,4,f1@0.5,0.3735452816876966
W039,normal,4,f1@0.75,0.219892011153621
W039,normal,4,miou,0.4428299926268005
W039,normal,4,n_gt,11.9
W039,normal,4,n_pred,7.5
W039,normal,4,n_reg,7.85
W039,normal,6,f1@0.5,0.3600287776640583
W039,normal,6,f1@0.75,0.2317888306261573
W039,normal,6,miou,0.4780714263326916
W039,normal,6,n_gt,11.9
W039,normal,6,n_pred,8.15
W039,normal,6,n_reg,8.4
W039,normal,8,f1@0.5,0.3333151785920664
W039,normal,8,f1@0.75,0.2345063515177931
W039,normal,8,miou,0.461006537623426
W039,normal,8,n_gt,11.9
W039,normal,8,n_pred,8.35
W039,normal,8,n_reg,8.4
W039,normal,12,f1@0.5,0.4491077011809277
W039,normal,12,f1@0.75,0.3059671565827172
W039,normal,12,miou,0.615030177440476
W039,normal,12,n_gt,11.9
W039,normal,12,n_pred,9.9
W039,normal,12,n_reg,10.0
W039,normal,16,f1@0.5,0.4746050413693434
W039,normal,16,f1@0.75,0.3031562260944412
W039,normal,16,miou,0.6224825547297309
W039,normal,16,n_gt,11.9
W039,normal,16,n_pred,10.15
W039,normal,16,n_reg,10.45
W039,normal,24,f1@0.5,0.426029186298065
W039,normal,24,f1@0.75,0.2822977937394413
W039,normal,24,miou,0.5914027707204534
W039,normal,24,n_gt,11.9
W039,normal,24,n_pred,9.3
W039,normal,24,n_reg,9.45
W039,normal,32,f1@0.5,0.4445318296840035
W039,normal,32,f1@0.75,0.278599671664889
W039,normal,32,miou,0.6604038524823339
W039,normal,32,n_gt,11.9
W039,normal,32,n_pred,10.3
W039,normal,32,n_reg,10.35
W039,normal,48,f1@0.5,0.4249765547191176
W039,normal,48,f1@0.75,0.2815083200552308
W039,normal,48,miou,0.5907775350742261
W039,normal,48,n_gt,11.9
W039,normal,48,n_pred,9.35
W039,normal,48,n_reg,9.35
W039,rgb,4,f1@0.5,0.465434648453056
W039,rgb,4,f1@0.75,0.2954235375720434
W039,rgb,4,miou,0.5112438347812973
W039,rgb,4,n_gt,11.9
W039,rgb,4,n_pred,6.7
W039,rgb,4,n_reg,6.95
W039,rgb,6,f1@0.5,0.6385625394183746
W039,rgb,6,f1@0.75,0.4128888987950773
W039,rgb,6,miou,0.6230723890822153
W039,rgb,6,n_gt,11.9
W039,rgb,6,n_pred,8.5
W039,rgb,6,n_reg,8.95
W039,rgb,8,f1@0.5,0.597144595805923
W039,rgb,8,f1@0.75,0.4054649482223853
W039,rgb,8,miou,0.6793142925777528
W039,rgb,8,n_gt,11.9
W039,rgb,8,n_pred,8.85
W039,rgb,8,n_reg,9.55
W039,rgb,12,f1@0.5,0.6133320431581301
W039,rgb,12,f1@0.75,0.4060644781949129
W039,rgb,12,miou,0.7134715869962249
W039,rgb,12,n_gt,11.9
W039,rgb,12,n_pred,11.0
W039,rgb,12,n_reg,11.45
W039,rgb,16,f1@0.5,0.6064855704154805
W039,rgb,16,f1@0.75,0.3978768315226336
W039,rgb,16,miou,0.7125090667233551
W039,rgb,16,n_gt,11.9
W039,rgb,16,n_pred,11.95
W039,rgb,16,n_reg,13.45
W039,rgb,24,f1@0.5,0.5707116781605223
W039,rgb,24,f1@0.75,0.3741321326923325
W039,rgb,24,miou,0.7141563680458793
W039,rgb,24,n_gt,11.9
W039,rgb,24,n_pred,13.5
W039,rgb,24,n_reg,16.15
W039,rgb,32,f1@0.5,0.5933964695002926
W039,rgb,32,f1@0.75,0.3968527179550418
W039,rgb,32,miou,0.7129930346976375
W039,rgb,32,n_gt,11.9
W039,rgb,32,n_pred,12.5
W039,rgb,32,n_reg,14.65
W039,rgb,48,f1@0.5,0.6234985029378622
W039,rgb,48,f1@0.75,0.3921881117018416
W039,rgb,48,miou,0.632471397857813
W039,rgb,48,n_gt,11.9
W039,rgb,48,n_pred,10.5
W039,rgb,48,n_reg,11.2
W040,depth,4,f1@0.5,0.2387980627600005
W040,depth,4,f1@0.75,0.2023024841363941
W040,depth,4,miou,0.3405358194410284
W040,depth,4,n_gt,10.470588235294118
W040,depth,4,n_pred,3.0
W040,depth,4,n_reg,3.0
W040,depth,6,f1@0.5,0.3612269526948091
W040,depth,6,f1@0.75,0.2736791224316265
W040,depth,6,miou,0.3554521574439641
W040,depth,6,n_gt,10.470588235294118
W040,depth,6,n_pred,3.7058823529411766
W040,depth,6,n_reg,3.7058823529411766
W040,depth,8,f1@0.5,0.3218336783716496
W040,depth,8,f1@0.75,0.2740231196796485
W040,depth,8,miou,0.4537476029240407
W040,depth,8,n_gt,10.470588235294118
W040,depth,8,n_pred,3.7058823529411766
W040,depth,8,n_reg,3.7058823529411766
W040,depth,12,f1@0.5,0.3218336783716496
W040,depth,12,f1@0.75,0.2740231196796485
W040,depth,12,miou,0.4537534074559555
W040,depth,12,n_gt,10.470588235294118
W040,depth,12,n_pred,3.7058823529411766
W040,depth,12,n_reg,3.7058823529411766
W040,depth,16,f1@0.5,0.3189562425676066
W040,depth,16,f1@0.75,0.2718336783716496
W040,depth,16,miou,0.4557263713392976
W040,depth,16,n_gt,10.470588235294118
W040,depth,16,n_pred,3.882352941176471
W040,depth,16,n_reg,4.294117647058823
W040,depth,24,f1@0.5,0.3188677861324009
W040,depth,24,f1@0.75,0.2710572274403999
W040,depth,24,miou,0.4538000495102001
W040,depth,24,n_gt,10.470588235294118
W040,depth,24,n_pred,3.882352941176471
W040,depth,24,n_reg,4.705882352941177
W040,depth,32,f1@0.5,0.2371012301808149
W040,depth,32,f1@0.75,0.2006056515572086
W040,depth,32,miou,0.340332930272664
W040,depth,32,n_gt,10.470588235294118
W040,depth,32,n_pred,3.176470588235294
W040,depth,32,n_reg,4.0
W040,depth,48,f1@0.5,0.2371012301808149
W040,depth,48,f1@0.75,0.2006056515572086
W040,depth,48,miou,0.3406068479904228
W040,depth,48,n_gt,10.470588235294118
W040,depth,48,n_pred,3.176470588235294
W040,depth,48,n_reg,4.647058823529412
W040,normal,4,f1@0.5,0.5109759870231552
W040,normal,4,f1@0.75,0.3931669319167042
W040,normal,4,miou,0.5640376541854321
W040,normal,4,n_gt,10.470588235294118
W040,normal,4,n_pred,6.588235294117647
W040,normal,4,n_reg,6.705882352941177
W040,normal,6,f1@0.5,0.5585429011834275
W040,normal,6,f1@0.75,0.411619900013556
W040,normal,6,miou,0.6530118039242211
W040,normal,6,n_gt,10.470588235294118
W040,normal,6,n_pred,7.411764705882353
W040,normal,6,n_reg,7.411764705882353
W040,normal,8,f1@0.5,0.6198061914006187
W040,normal,8,f1@0.75,0.4487367506125473
W040,normal,8,miou,0.6491661952977524
W040,normal,8,n_gt,10.470588235294118
W040,normal,8,n_pred,6.647058823529412
W040,normal,8,n_reg,6.705882352941177
W040,normal,12,f1@0.5,0.5655744802601715
W040,normal,12,f1@0.75,0.3802065906454115
W040,normal,12,miou,0.6975061415732968
W040,normal,12,n_gt,10.470588235294118
W040,normal,12,n_pred,9.0
W040,normal,12,n_reg,9.117647058823527
W040,normal,16,f1@0.5,0.6121597839500652
W040,normal,16,f1@0.75,0.4164871616022511
W040,normal,16,miou,0.7200558386143381
W040,normal,16,n_gt,10.470588235294118
W040,normal,16,n_pred,9.764705882352942
W040,normal,16,n_reg,9.823529411764708
W040,normal,24,f1@0.5,0.6146183058203518
W040,normal,24,f1@0.75,0.4178144617530806
W040,normal,24,miou,0.7194494321852736
W040,normal,24,n_gt,10.470588235294118
W040,normal,24,n_pred,9.647058823529411
W040,normal,24,n_reg,9.823529411764708
W040,normal,32,f1@0.5,0.6146183058203518
W040,normal,32,f1@0.75,0.4178144617530806
W040,normal,32,miou,0.72001048985733
W040,normal,32,n_gt,10.470588235294118
W040,normal,32,n_pred,9.647058823529411
W040,normal,32,n_reg,9.823529411764708
W040,normal,48,f1@0.5,0.613245756800744
W040,normal,48,f1@0.75,0.4170301480275905
W040,normal,48,miou,0.718589502330398
W040,normal,48,n_gt,10.470588235294118
W040,normal,48,n_pred,9.705882352941176
W040,normal,48,n_reg,9.823529411764708
W040,rgb,4,f1@0.5,0.4942950834955933
W040,rgb,4,f1@0.75,0.3030692369610599
W040,rgb,4,miou,0.5744196832460842
W040,rgb,4,n_gt,10.470588235294118
W040,rgb,4,n_pred,7.411764705882353
W040,rgb,4,n_reg,7.823529411764706
W040,rgb,6,f1@0.5,0.4636623653813838
W040,rgb,6,f1@0.75,0.2124598015272874
W040,rgb,6,miou,0.5506572323237846
W040,rgb,6,n_gt,10.470588235294118
W040,rgb,6,n_pred,7.647058823529412
W040,rgb,6,n_reg,7.9411764705882355
W040,rgb,8,f1@0.5,0.5782206795761783
W040,rgb,8,f1@0.75,0.3457922299354524
W040,rgb,8,miou,0.813244944631035
W040,rgb,8,n_gt,10.470588235294118
W040,rgb,8,n_pred,10.470588235294118
W040,rgb,8,n_reg,11.294117647058824
W040,rgb,12,f1@0.5,0.5048332910368415
W040,rgb,12,f1@0.75,0.2903387442450177
W040,rgb,12,miou,0.7180491583505516
W040,rgb,12,n_gt,10.470588235294118
W040,rgb,12,n_pred,11.529411764705882
W040,rgb,12,n_reg,12.705882352941176
W040,rgb,16,f1@0.5,0.6297917098884089
W040,rgb,16,f1@0.75,0.4486423211705553
W040,rgb,16,miou,0.8333412371233713
W040,rgb,16,n_gt,10.470588235294118
W040,rgb,16,n_pred,13.235294117647058
W040,rgb,16,n_reg,15.117647058823527
W040,rgb,24,f1@0.5,0.5121391676946869
W040,rgb,24,f1@0.75,0.2170403603100063
W040,rgb,24,miou,0.7105076175985068
W040,rgb,24,n_gt,10.470588235294118
W040,rgb,24,n_pred,12.764705882352942
W040,rgb,24,n_reg,14.764705882352942
W040,rgb,32,f1@0.5,0.5700247522971734
W040,rgb,32,f1@0.75,0.3549952563752595
W040,rgb,32,miou,0.7326634028596238
W040,rgb,32,n_gt,10.470588235294118
W040,rgb,32,n_pred,14.470588235294118
W040,rgb,32,n_reg,15.882352941176473
W040,rgb,48,f1@0.5,0.5278501999090234
W040,rgb,48,f1@0.75,0.2174409250879839
W040,rgb,48,miou,0.7363439707505929
W040,rgb,48,n_gt,10.470588235294118
W040,rgb,48,n_pred,13.117647058823527
W040,rgb,48,n_reg,13.823529411764708
W041,depth,4,f1@0.5,0.4157771715464023
W041,depth,4,f1@0.75,0.3086131816901047
W041,depth,4,miou,0.3359486644761293
W041,depth,4,n_gt,9.23076923076923
W041,depth,4,n_pred,4.0
W041,depth,4,n_reg,4.0
W041,depth,6,f1@0.5,0.3786990535859314
W041,depth,6,f1@0.75,0.2971218073028028
W041,depth,6,miou,0.3617772287973753
W041,depth,6,n_gt,9.23076923076923
W041,depth,6,n_pred,4.923076923076923
W041,depth,6,n_reg,4.923076923076923
W041,depth,8,f1@0.5,0.4869854253338416
W041,depth,8,f1@0.75,0.4104896988381151
W041,depth,8,miou,0.5149019212169917
W041,depth,8,n_gt,9.23076923076923
W041,depth,8,n_pred,5.923076923076923
W041,depth,8,n_reg,5.923076923076923
W041,depth,12,f1@0.5,0.3375064226874181
W041,depth,12,f1@0.75,0.2971218073028028
W041,depth,12,miou,0.4754024827795754
W041,depth,12,n_gt,9.23076923076923
W041,depth,12,n_pred,4.923076923076923
W041,depth,12,n_reg,4.923076923076923
W041,depth,16,f1@0.5,0.4869854253338416
W041,depth,16,f1@0.75,0.4104896988381151
W041,depth,16,miou,0.5158706097813689
W041,depth,16,n_gt,9.23076923076923
W041,depth,16,n_pred,5.923076923076923
W041,depth,16,n_reg,5.923076923076923
W041,depth,24,f1@0.5,0.3375064226874181
W041,depth,24,f1@0.75,0.2971218073028028
W041,depth,24,miou,0.4755715988004113
W041,depth,24,n_gt,9.23076923076923
W041,depth,24,n_pred,4.923076923076923
W041,depth,24,n_reg,4.923076923076923
W041,depth,32,f1@0.5,0.5839759655549129
W041,depth,32,f1@0.75,0.4840531759262409
W041,depth,32,miou,0.6032549004557303
W041,depth,32,n_gt,9.23076923076923
W041,depth,32,n_pred,6.846153846153846
W041,depth,32,n_reg,6.923076923076923
W041,depth,48,f1@0.5,0.3375064226874181
W041,depth,48,f1@0.75,0.2971218073028028
W041,depth,48,miou,0.4751229800049614
W041,depth,48,n_gt,9.23076923076923
W041,depth,48,n_pred,4.923076923076923
W041,depth,48,n_reg,4.923076923076923
W041,normal,4,f1@0.5,0.5321287686672302
W041,normal,4,f1@0.75,0.4017047055508594
W041,normal,4,miou,0.4395453654459481
W041,normal,4,n_gt,9.23076923076923
W041,normal,4,n_pred,4.923076923076923
W041,normal,4,n_reg,5.0
W041,normal,6,f1@0.5,0.4969513643721788
W041,normal,6,f1@0.75,0.3693952729020602
W041,normal,6,miou,0.4924030375311566
W041,normal,6,n_gt,9.23076923076923
W041,normal,6,n_pred,6.461538461538462
W041,normal,6,n_reg,6.6923076923076925
W041,normal,8,f1@0.5,0.5779299304067106
W041,normal,8,f1@0.75,0.4700160091026963
W041,normal,8,miou,0.6590334268233572
W041,normal,8,n_gt,9.23076923076923
W041,normal,8,n_pred,8.0
W041,normal,8,n_reg,8.0
W041,normal,12,f1@0.5,0.5580363049403296
W041,normal,12,f1@0.75,0.4311873197322114
W041,normal,12,miou,0.6703059084157912
W041,normal,12,n_gt,9.23076923076923
W041,normal,12,n_pred,8.76923076923077
W041,normal,12,n_reg,9.461538461538462
W041,normal,16,f1@0.5,0.5796882855706385
W041,normal,16,f1@0.75,0.4571644042232278
W041,normal,16,miou,0.6266937661158559
W041,normal,16,n_gt,9.23076923076923
W041,normal,16,n_pred,7.384615384615385
W041,normal,16,n_reg,7.923076923076923
W041,normal,24,f1@0.5,0.5796882855706385
W041,normal,24,f1@0.75,0.4481146304675716
W041,normal,24,miou,0.625430018833559
W041,normal,24,n_gt,9.23076923076923
W041,normal,24,n_pred,7.384615384615385
W041,normal,24,n_reg,7.923076923076923
W041,normal,32,f1@0.5,0.5771744595274007
W041,normal,32,f1@0.75,0.4556561085972851
W041,normal,32,miou,0.6261167011319753
W041,normal,32,n_gt,9.23076923076923
W041,normal,32,n_pred,7.461538461538462
W041,normal,32,n_reg,7.923076923076923
W041,normal,48,f1@0.5,0.5796882855706385
W041,normal,48,f1@0.75,0.4571644042232278
W041,normal,48,miou,0.6251216876156295
W041,normal,48,n_gt,9.23076923076923
W041,normal,48,n_pred,7.384615384615385
W041,normal,48,n_reg,7.923076923076923
W041,rgb,4,f1@0.5,0.526212437637777
W041,rgb,4,f1@0.75,0.3196049425687434
W041,rgb,4,miou,0.4065411809997145
W041,rgb,4,n_gt,9.23076923076923
W041,rgb,4,n_pred,4.846153846153846
W041,rgb,4,n_reg,5.0
W041,rgb,6,f1@0.5,0.4561596298438403
W041,rgb,6,f1@0.75,0.2772416523964511
W041,rgb,6,miou,0.4474540363660676
W041,rgb,6,n_gt,9.23076923076923
W041,rgb,6,n_pred,6.923076923076923
W041,rgb,6,n_reg,6.923076923076923
W041,rgb,8,f1@0.5,0.5464409515493107
W041,rgb,8,f1@0.75,0.4455558201688233
W041,rgb,8,miou,0.6196514605468445
W041,rgb,8,n_gt,9.23076923076923
W041,rgb,8,n_pred,7.923076923076923
W041,rgb,8,n_reg,7.923076923076923
W041,rgb,12,f1@0.5,0.5503625201767617
W041,rgb,12,f1@0.75,0.4492815749781694
W041,rgb,12,miou,0.5972350682762552
W041,rgb,12,n_gt,9.23076923076923
W041,rgb,12,n_pred,7.6923076923076925
W041,rgb,12,n_reg,8.923076923076923
W041,rgb,16,f1@0.5,0.5054378026514249
W041,rgb,16,f1@0.75,0.40366753989045
W041,rgb,16,miou,0.6069172300777018
W041,rgb,16,n_gt,9.23076923076923
W041,rgb,16,n_pred,9.076923076923077
W041,rgb,16,n_reg,10.615384615384617
W041,rgb,24,f1@0.5,0.4915569466653057
W041,rgb,24,f1@0.75,0.3919459281688384
W041,rgb,24,miou,0.6182834246443142
W041,rgb,24,n_gt,9.23076923076923
W041,rgb,24,n_pred,9.615384615384617
W041,rgb,24,n_reg,11.692307692307692
W041,rgb,32,f1@0.5,0.4893077338897772
W041,rgb,32,f1@0.75,0.3901465579484155
W041,rgb,32,miou,0.6173085594360292
W041,rgb,32,n_gt,9.23076923076923
W041,rgb,32,n_pred,9.692307692307692
W041,rgb,32,n_reg,11.692307692307692
W041,rgb,48,f1@0.5,0.4914027149321267
W041,rgb,48,f1@0.75,0.3917916964356592
W041,rgb,48,miou,0.6167582389212419
W041,rgb,48,n_gt,9.23076923076923
W041,rgb,48,n_pred,9.615384615384617
W041,rgb,48,n_reg,11.615384615384617
W042,depth,4,f1@0.5,0.201320381007881
W042,depth,4,f1@0.75,0.1436814921189921
W042,depth,4,miou,0.2457716706935209
W042,depth,4,n_gt,10.25
W042,depth,4,n_pred,2.1875
W042,depth,4,n_reg,3.0
W042,depth,6,f1@0.5,0.2038095584970585
W042,depth,6,f1@0.75,0.1670040029415029
W042,depth,6,miou,0.2407250725234535
W042,depth,6,n_gt,10.25
W042,depth,6,n_pred,2.0
W042,depth,6,n_reg,2.0
W042,depth,8,f1@0.5,0.2267064532689532
W042,depth,8,f1@0.75,0.1724730130980131
W042,depth,8,miou,0.2623122126418464
W042,depth,8,n_gt,10.25
W042,depth,8,n_pred,2.25
W042,depth,8,n_reg,2.25
W042,depth,12,f1@0.5,0.201320381007881
W042,depth,12,f1@0.75,0.1436814921189921
W042,depth,12,miou,0.2457399880929152
W042,depth,12,n_gt,10.25
W042,depth,12,n_pred,2.1875
W042,depth,12,n_reg,3.0
W042,depth,16,f1@0.5,0.201320381007881
W042,depth,16,f1@0.75,0.1436814921189921
W042,depth,16,miou,0.2457415440937051
W042,depth,16,n_gt,10.25
W042,depth,16,n_pred,2.1875
W042,depth,16,n_reg,3.0
W042,depth,24,f1@0.5,0.201320381007881
W042,depth,24,f1@0.75,0.1436814921189921
W042,depth,24,miou,0.2435431534394004
W042,depth,24,n_gt,10.25
W042,depth,24,n_pred,2.1875
W042,depth,24,n_reg,2.9375
W042,depth,32,f1@0.5,0.201320381007881
W042,depth,32,f1@0.75,0.1436814921189921
W042,depth,32,miou,0.2435216169848993
W042,depth,32,n_gt,10.25
W042,depth,32,n_pred,2.1875
W042,depth,32,n_reg,2.9375
W042,depth,48,f1@0.5,0.201320381007881
W042,depth,48,f1@0.75,0.1436814921189921
W042,depth,48,miou,0.2457533022299517
W042,depth,48,n_gt,10.25
W042,depth,48,n_pred,2.1875
W042,depth,48,n_reg,3.0
W042,normal,4,f1@0.5,0.3620866266086854
W042,normal,4,f1@0.75,0.2922737495347789
W042,normal,4,miou,0.3853265916657162
W042,normal,4,n_gt,10.25
W042,normal,4,n_pred,3.0
W042,normal,4,n_reg,3.0
W042,normal,6,f1@0.5,0.4823344853675736
W042,normal,6,f1@0.75,0.3629260649481238
W042,normal,6,miou,0.3933659662921339
W042,normal,6,n_gt,10.25
W042,normal,6,n_pred,4.0
W042,normal,6,n_reg,4.0
W042,normal,8,f1@0.5,0.4656986723501816
W042,normal,8,f1@0.75,0.3222109229994292
W042,normal,8,miou,0.4136808255871648
W042,normal,8,n_gt,10.25
W042,normal,8,n_pred,4.9375
W042,normal,8,n_reg,5.5
W042,normal,12,f1@0.5,0.4656986723501816
W042,normal,12,f1@0.75,0.3305442563327625
W042,normal,12,miou,0.4170533957082254
W042,normal,12,n_gt,10.25
W042,normal,12,n_pred,4.9375
W042,normal,12,n_reg,5.4375
W042,normal,16,f1@0.5,0.4639442863852693
W042,normal,16,f1@0.75,0.3371232037011836
W042,normal,16,miou,0.4217094554986719
W042,normal,16,n_gt,10.25
W042,normal,16,n_pred,4.9375
W042,normal,16,n_reg,5.4375
W042,normal,24,f1@0.5,0.4981938608776844
W042,normal,24,f1@0.75,0.3552550186741363
W042,normal,24,miou,0.5278716041682991
W042,normal,24,n_gt,10.25
W042,normal,24,n_pred,6.875
W042,normal,24,n_reg,7.125
W042,normal,32,f1@0.5,0.4800770308123249
W042,normal,32,f1@0.75,0.3779732726423903
W042,normal,32,miou,0.5240622628872442
W042,normal,32,n_gt,10.25
W042,normal,32,n_pred,6.5625
W042,normal,32,n_reg,7.125
W042,normal,48,f1@0.5,0.4573653390168483
W042,normal,48,f1@0.75,0.3305442563327625
W042,normal,48,miou,0.417681151914283
W042,normal,48,n_gt,10.25
W042,normal,48,n_pred,4.9375
W042,normal,48,n_reg,5.5
W042,rgb,4,f1@0.5,0.582562983864261
W042,rgb,4,f1@0.75,0.5167709762717503
W042,rgb,4,miou,0.6289865538092673
W042,rgb,4,n_gt,10.25
W042,rgb,4,n_pred,5.0
W042,rgb,4,n_reg,5.0
W042,rgb,6,f1@0.5,0.5740807287827412
W042,rgb,6,f1@0.75,0.5296362843382967
W042,rgb,6,miou,0.6279400181574066
W042,rgb,6,n_gt,10.25
W042,rgb,6,n_pred,6.25
W042,rgb,6,n_reg,7.0
W042,rgb,8,f1@0.5,0.5255182226399332
W042,rgb,8,f1@0.75,0.4747129005110816
W042,rgb,8,miou,0.6292159714270306
W042,rgb,8,n_gt,10.25
W042,rgb,8,n_pred,7.1875
W042,rgb,8,n_reg,8.875
W042,rgb,12,f1@0.5,0.5132491154356479
W042,rgb,12,f1@0.75,0.466281512605042
W042,rgb,12,miou,0.6268002478760801
W042,rgb,12,n_gt,10.25
W042,rgb,12,n_pred,7.5625
W042,rgb,12,n_reg,8.0625
W042,rgb,16,f1@0.5,0.5958852051586184
W042,rgb,16,f1@0.75,0.5258120163934792
W042,rgb,16,miou,0.71732017257952
W042,rgb,16,n_gt,10.25
W042,rgb,16,n_pred,9.125
W042,rgb,16,n_reg,9.6875
W042,rgb,24,f1@0.5,0.5805608470504907
W042,rgb,24,f1@0.75,0.5200943089166185
W042,rgb,24,miou,0.7664643790936811
W042,rgb,24,n_gt,10.25
W042,rgb,24,n_pred,9.625
W042,rgb,24,n_reg,10.375
W042,rgb,32,f1@0.5,0.6119336219336219
W042,rgb,32,f1@0.75,0.5294318181818182
W042,rgb,32,miou,0.8554607811749471
W042,rgb,32,n_gt,10.25
W042,rgb,32,n_pred,10.1875
W042,rgb,32,n_reg,11.0
W042,rgb,48,f1@0.5,0.6328036226012064
W042,rgb,48,f1@0.75,0.5389550736762676
W042,rgb,48,miou,0.8561265777280732
W042,rgb,48,n_gt,10.25
W042,rgb,48,n_pred,11.5
W042,rgb,48,n_reg,12.6875
W043,depth,4,f1@0.5,0.2968561366394184
W043,depth,4,f1@0.75,0.2296047347904933
W043,depth,4,miou,0.3414790726181761
W043,depth,4,n_gt,10.789473684210526
W043,depth,4,n_pred,3.3684210526315788
W043,depth,4,n_reg,3.684210526315789
W043,depth,6,f1@0.5,0.3419410387921061
W043,depth,6,f1@0.75,0.2585519028976744
W043,depth,6,miou,0.4546450339989166
W043,depth,6,n_gt,10.789473684210526
W043,depth,6,n_pred,5.578947368421052
W043,depth,6,n_reg,5.631578947368421
W043,depth,8,f1@0.5,0.4945142490808126
W043,depth,8,f1@0.75,0.4264263306262654
W043,depth,8,miou,0.640199264183622
W043,depth,8,n_gt,10.789473684210526
W043,depth,8,n_pred,7.263157894736842
W043,depth,8,n_reg,7.421052631578948
W043,depth,12,f1@0.5,0.4053685853913978
W043,depth,12,f1@0.75,0.2853003499858641
W043,depth,12,miou,0.5299802337739056
W043,depth,12,n_gt,10.789473684210526
W043,depth,12,n_pred,5.368421052631579
W043,depth,12,n_reg,5.368421052631579
W043,depth,16,f1@0.5,0.4376381137013367
W043,depth,16,f1@0.75,0.3443991567789841
W043,depth,16,miou,0.5411814487217026
W043,depth,16,n_gt,10.789473684210526
W043,depth,16,n_pred,5.947368421052632
W043,depth,16,n_reg,6.368421052631579
W043,depth,24,f1@0.5,0.3998284191864116
W043,depth,24,f1@0.75,0.2853003499858641
W043,depth,24,miou,0.5299643315556548
W043,depth,24,n_gt,10.789473684210526
W043,depth,24,n_pred,5.368421052631579
W043,depth,24,n_reg,5.368421052631579
W043,depth,32,f1@0.5,0.429042151699802
W043,depth,32,f1@0.75,0.3378822990237362
W043,depth,32,miou,0.5739904862320679
W043,depth,32,n_gt,10.789473684210526
W043,depth,32,n_pred,6.315789473684211
W043,depth,32,n_reg,6.368421052631579
W043,depth,48,f1@0.5,0.3901806542632679
W043,depth,48,f1@0.75,0.2889029203555845
W043,depth,48,miou,0.517996936929609
W043,depth,48,n_gt,10.789473684210526
W043,depth,48,n_pred,5.2631578947368425
W043,depth,48,n_reg,5.368421052631579
W043,normal,4,f1@0.5,0.6138081917901047
W043,normal,4,f1@0.75,0.5885311834798554
W043,normal,4,miou,0.5397921512779067
W043,normal,4,n_gt,10.789473684210526
W043,normal,4,n_pred,6.526315789473684
W043,normal,4,n_reg,6.894736842105263
W043,normal,6,f1@0.5,0.6528257563413177
W043,normal,6,f1@0.75,0.5050495821597337
W043,normal,6,miou,0.6187264891129537
W043,normal,6,n_gt,10.789473684210526
W043,normal,6,n_pred,6.947368421052632
W043,normal,6,n_reg,6.947368421052632
W043,normal,8,f1@0.5,0.6245678402310307
W043,normal,8,f1@0.75,0.4927094450640156
W043,normal,8,miou,0.6217013420220971
W043,normal,8,n_gt,10.789473684210526
W043,normal,8,n_pred,7.631578947368421
W043,normal,8,n_reg,7.842105263157895
W043,normal,12,f1@0.5,0.6148182222607838
W043,normal,12,f1@0.75,0.4928963216277864
W043,normal,12,miou,0.6262309405185714
W043,normal,12,n_gt,10.789473684210526
W043,normal,12,n_pred,8.0
W043,normal,12,n_reg,8.842105263157896
W043,normal,16,f1@0.5,0.686840576397859
W043,normal,16,f1@0.75,0.4961907546678466
W043,normal,16,miou,0.7172538519104453
W043,normal,16,n_gt,10.789473684210526
W043,normal,16,n_pred,8.368421052631579
W043,normal,16,n_reg,8.631578947368421
W043,normal,24,f1@0.5,0.6623947302635373
W043,normal,24,f1@0.75,0.4815899788650601
W043,normal,24,miou,0.7199829899570622
W043,normal,24,n_gt,10.789473684210526
W043,normal,24,n_pred,9.105263157894736
W043,normal,24,n_reg,9.473684210526317
W043,normal,32,f1@0.5,0.6494066775867825
W043,normal,32,f1@0.75,0.4638605533052969
W043,normal,32,miou,0.759185506346157
W043,normal,32,n_gt,10.789473684210526
W043,normal,32,n_pred,10.210526315789474
W043,normal,32,n_reg,10.789473684210526
W043,normal,48,f1@0.5,0.6554960898004872
W043,normal,48,f1@0.75,0.4796549943449363
W043,normal,48,miou,0.7122815085177884
W043,normal,48,n_gt,10.789473684210526
W043,normal,48,n_pred,9.157894736842104
W043,normal,48,n_reg,9.473684210526317
W043,rgb,4,f1@0.5,0.6359034851718928
W043,rgb,4,f1@0.75,0.5599645766357302
W043,rgb,4,miou,0.726032162630382
W043,rgb,4,n_gt,10.789473684210526
W043,rgb,4,n_pred,10.157894736842104
W043,rgb,4,n_reg,10.63157894736842
W043,rgb,6,f1@0.5,0.6375602026685618
W043,rgb,6,f1@0.75,0.5513149882378581
W043,rgb,6,miou,0.7828718935423489
W043,rgb,6,n_gt,10.789473684210526
W043,rgb,6,n_pred,12.68421052631579
W043,rgb,6,n_reg,13.473684210526317
W043,rgb,8,f1@0.5,0.7267008296033949
W043,rgb,8,f1@0.75,0.6152801035819222
W043,rgb,8,miou,0.8899534086836001
W043,rgb,8,n_gt,10.789473684210526
W043,rgb,8,n_pred,12.842105263157896
W043,rgb,8,n_reg,14.263157894736842
W043,rgb,12,f1@0.5,0.6721305380814407
W043,rgb,12,f1@0.75,0.5846825169396571
W043,rgb,12,miou,0.8968277094228077
W043,rgb,12,n_gt,10.789473684210526
W043,rgb,12,n_pred,13.842105263157896
W043,rgb,12,n_reg,14.526315789473683
W043,rgb,16,f1@0.5,0.643105043793453
W043,rgb,16,f1@0.75,0.5057441874579842
W043,rgb,16,miou,0.88856657933555
W043,rgb,16,n_gt,10.789473684210526
W043,rgb,16,n_pred,13.63157894736842
W043,rgb,16,n_reg,15.421052631578949
W043,rgb,24,f1@0.5,0.6472251354015333
W043,rgb,24,f1@0.75,0.5607858786242894
W043,rgb,24,miou,0.8882712397853585
W043,rgb,24,n_gt,10.789473684210526
W043,rgb,24,n_pred,14.894736842105264
W043,rgb,24,n_reg,16.842105263157894
W043,rgb,32,f1@0.5,0.6735004694169848
W043,rgb,32,f1@0.75,0.5712996017896199
W043,rgb,32,miou,0.8906006331743332
W043,rgb,32,n_gt,10.789473684210526
W043,rgb,32,n_pred,14.210526315789474
W043,rgb,32,n_reg,15.842105263157896
W043,rgb,48,f1@0.5,0.6603337951020356
W043,rgb,48,f1@0.75,0.579044265995295
W043,rgb,48,miou,0.8888842868710778
W043,rgb,48,n_gt,10.789473684210526
W043,rgb,48,n_pred,14.789473684210526
W043,rgb,48,n_reg,16.473684210526315
W044,depth,4,f1@0.5,0.2814241722329957
W044,depth,4,f1@0.75,0.1724085146879264
W044,depth,4,miou,0.3800015775184702
W044,depth,4,n_gt,11.416666666666666
W044,depth,4,n_pred,4.0
W044,depth,4,n_reg,4.0
W044,depth,6,f1@0.5,0.2789459587253705
W044,depth,6,f1@0.75,0.1711694079341138
W044,depth,6,miou,0.3812877179233531
W044,depth,6,n_gt,11.416666666666666
W044,depth,6,n_pred,4.166666666666667
W044,depth,6,n_reg,5.0
W044,depth,8,f1@0.5,0.2810959178993235
W044,depth,8,f1@0.75,0.181724429537897
W044,depth,8,miou,0.4777347766932578
W044,depth,8,n_gt,11.416666666666666
W044,depth,8,n_pred,6.833333333333333
W044,depth,8,n_reg,6.916666666666667
W044,depth,12,f1@0.5,0.3364742441367828
W044,depth,12,f1@0.75,0.2283459689032444
W044,depth,12,miou,0.503549108215301
W044,depth,12,n_gt,11.416666666666666
W044,depth,12,n_pred,8.333333333333334
W044,depth,12,n_reg,9.0
W044,depth,16,f1@0.5,0.2648852037868056
W044,depth,16,f1@0.75,0.1614541128843188
W044,depth,16,miou,0.5088570108878075
W044,depth,16,n_gt,11.416666666666666
W044,depth,16,n_pred,9.25
W044,depth,16,n_reg,9.583333333333334
W044,depth,24,f1@0.5,0.309164299864596
W044,depth,24,f1@0.75,0.2155789696087852
W044,depth,24,miou,0.5128830640767682
W044,depth,24,n_gt,11.416666666666666
W044,depth,24,n_pred,9.583333333333334
W044,depth,24,n_reg,10.583333333333334
W044,depth,32,f1@0.5,0.3145167372822508
W044,depth,32,f1@0.75,0.2143163433461589
W044,depth,32,miou,0.5129936176042146
W044,depth,32,n_gt,11.416666666666666
W044,depth,32,n_pred,9.75
W044,depth,32,n_reg,10.583333333333334
W044,depth,48,f1@0.5,0.3075303129364914
W044,depth,48,f1@0.75,0.2139449826806806
W044,depth,48,miou,0.5131794998655578
W044,depth,48,n_gt,11.416666666666666
W044,depth,48,n_pred,9.666666666666666
W044,depth,48,n_reg,10.5
W044,normal,4,f1@0.5,0.6815631808278867
W044,normal,4,f1@0.75,0.5982649638802889
W044,normal,4,miou,0.6087378475340663
W044,normal,4,n_gt,11.416666666666666
W044,normal,4,n_pred,7.0
W044,normal,4,n_reg,7.0
W044,normal,6,f1@0.5,0.5905459878285965
W044,normal,6,f1@0.75,0.5383187464709204
W044,normal,6,miou,0.6353842753708842
W044,normal,6,n_gt,11.416666666666666
W044,normal,6,n_pred,10.416666666666666
W044,normal,6,n_reg,10.75
W044,normal,8,f1@0.5,0.5703830227743271
W044,normal,8,f1@0.75,0.5204021582282452
W044,normal,8,miou,0.6342995124060967
W044,normal,8,n_gt,11.416666666666666
W044,normal,8,n_pred,11.25
W044,normal,8,n_reg,11.666666666666666
W044,normal,12,f1@0.5,0.5525713023310277
W044,normal,12,f1@0.75,0.5023884175829255
W044,normal,12,miou,0.6510159361493811
W044,normal,12,n_gt,11.416666666666666
W044,normal,12,n_pred,11.5
W044,normal,12,n_reg,12.583333333333334
W044,normal,16,f1@0.5,0.5503402966217611
W044,normal,16,f1@0.75,0.5122089834904481
W044,normal,16,miou,0.6230586603147251
W044,normal,16,n_gt,11.416666666666666
W044,normal,16,n_pred,10.666666666666666
W044,normal,16,n_reg,11.666666666666666
W044,normal,24,f1@0.5,0.538566583217613
W044,normal,24,f1@0.75,0.4989721532246323
W044,normal,24,miou,0.670175420860545
W044,normal,24,n_gt,11.416666666666666
W044,normal,24,n_pred,12.833333333333334
W044,normal,24,n_reg,13.833333333333334
W044,normal,32,f1@0.5,0.5556124881983006
W044,normal,32,f1@0.75,0.5143800974006923
W044,normal,32,miou,0.6690107947074991
W044,normal,32,n_gt,11.416666666666666
W044,normal,32,n_pred,12.0
W044,normal,32,n_reg,12.916666666666666
W044,normal,48,f1@0.5,0.5701031424715636
W044,normal,48,f1@0.75,0.527090876959298
W044,normal,48,miou,0.6549092829907489
W044,normal,48,n_gt,11.416666666666666
W044,normal,48,n_pred,11.333333333333334
W044,normal,48,n_reg,11.916666666666666
W044,rgb,4,f1@0.5,0.6562833301963736
W044,rgb,4,f1@0.75,0.5649915302089216
W044,rgb,4,miou,0.7408415506566522
W044,rgb,4,n_gt,11.416666666666666
W044,rgb,4,n_pred,10.25
W044,rgb,4,n_reg,10.583333333333334
W044,rgb,6,f1@0.5,0.5766194634672895
W044,rgb,6,f1@0.75,0.4976300336807582
W044,rgb,6,miou,0.7359434890307814
W044,rgb,6,n_gt,11.416666666666666
W044,rgb,6,n_pred,13.083333333333334
W044,rgb,6,n_reg,14.583333333333334
W044,rgb,8,f1@0.5,0.6685459950677343
W044,rgb,8,f1@0.75,0.5790485118745988
W044,rgb,8,miou,0.7797002680111329
W044,rgb,8,n_gt,11.416666666666666
W044,rgb,8,n_pred,12.583333333333334
W044,rgb,8,n_reg,13.583333333333334
W044,rgb,12,f1@0.5,0.679345166327925
W044,rgb,12,f1@0.75,0.5889058397966443
W044,rgb,12,miou,0.8847361792687795
W044,rgb,12,n_gt,11.416666666666666
W044,rgb,12,n_pred,15.416666666666666
W044,rgb,12,n_reg,16.5
W044,rgb,16,f1@0.5,0.5612294070390484
W044,rgb,16,f1@0.75,0.4415543096178034
W044,rgb,16,miou,0.8550705007430023
W044,rgb,16,n_gt,11.416666666666666
W044,rgb,16,n_pred,19.75
W044,rgb,16,n_reg,22.166666666666668
W044,rgb,24,f1@0.5,0.577538019426065
W044,rgb,24,f1@0.75,0.4703197218140292
W044,rgb,24,miou,0.8549673254909549
W044,rgb,24,n_gt,11.416666666666666
W044,rgb,24,n_pred,21.166666666666668
W044,rgb,24,n_reg,24.25
W044,rgb,32,f1@0.5,0.5995220329306814
W044,rgb,32,f1@0.75,0.4984939568539401
W044,rgb,32,miou,0.8805516359945101
W044,rgb,32,n_gt,11.416666666666666
W044,rgb,32,n_pred,20.58333333333333
W044,rgb,32,n_reg,23.58333333333333
W044,rgb,48,f1@0.5,0.5989461343590113
W044,rgb,48,f1@0.75,0.4932922089576542
W044,rgb,48,miou,0.8682884991094442
W044,rgb,48,n_gt,11.416666666666666
W044,rgb,48,n_pred,19.916666666666668
W044,rgb,48,n_reg,23.33333333333333
W045,depth,4,f1@0.5,0.4951460304401481
W045,depth,4,f1@0.75,0.3304969540263658
W045,depth,4,miou,0.5681905828370213
W045,depth,4,n_gt,8.666666666666666
W045,depth,4,n_pred,5.0
W045,depth,4,n_reg,5.0
W045,depth,6,f1@0.5,0.4951460304401481
W045,depth,6,f1@0.75,0.3153454388748506
W045,depth,6,miou,0.563977012403728
W045,depth,6,n_gt,8.666666666666666
W045,depth,6,n_pred,5.0
W045,depth,6,n_reg,5.0
W045,depth,8,f1@0.5,0.4951460304401481
W045,depth,8,f1@0.75,0.3304969540263658
W045,depth,8,miou,0.569593208584337
W045,depth,8,n_gt,8.666666666666666
W045,depth,8,n_pred,5.0
W045,depth,8,n_reg,5.0
W045,depth,12,f1@0.5,0.4951460304401481
W045,depth,12,f1@0.75,0.3304969540263658
W045,depth,12,miou,0.5679618310211574
W045,depth,12,n_gt,8.666666666666666
W045,depth,12,n_pred,5.0
W045,depth,12,n_reg,5.0
W045,depth,16,f1@0.5,0.4951460304401481
W045,depth,16,f1@0.75,0.3304969540263658
W045,depth,16,miou,0.5672273150223875
W045,depth,16,n_gt,8.666666666666666
W045,depth,16,n_pred,5.0
W045,depth,16,n_reg,5.0
W045,depth,24,f1@0.5,0.5024109877051054
W045,depth,24,f1@0.75,0.3319011054305171
W045,depth,24,miou,0.5872846088009788
W045,depth,24,n_gt,8.666666666666666
W045,depth,24,n_pred,5.5
W045,depth,24,n_reg,5.5
W045,depth,32,f1@0.5,0.5527396214896215
W045,depth,32,f1@0.75,0.4055479242979243
W045,depth,32,miou,0.5909462202660211
W045,depth,32,n_gt,8.666666666666666
W045,depth,32,n_pred,4.5
W045,depth,32,n_reg,4.5
W045,depth,48,f1@0.5,0.5527396214896215
W045,depth,48,f1@0.75,0.4055479242979243
W045,depth,48,miou,0.5892072265179207
W045,depth,48,n_gt,8.666666666666666
W045,depth,48,n_pred,4.5
W045,depth,48,n_reg,4.5
W045,normal,4,f1@0.5,0.5326116006456564
W045,normal,4,f1@0.75,0.352241841405928
W045,normal,4,miou,0.6384984765899911
W045,normal,4,n_gt,8.666666666666666
W045,normal,4,n_pred,6.416666666666667
W045,normal,4,n_reg,6.75
W045,normal,6,f1@0.5,0.5403883153883154
W045,normal,6,f1@0.75,0.361062086062086
W045,normal,6,miou,0.6226880598265653
W045,normal,6,n_gt,8.666666666666666
W045,normal,6,n_pred,5.583333333333333
W045,normal,6,n_reg,5.833333333333333
W045,normal,8,f1@0.5,0.5043054941274755
W045,normal,8,f1@0.75,0.3372158951299818
W045,normal,8,miou,0.6273554301373158
W045,normal,8,n_gt,8.666666666666666
W045,normal,8,n_pred,6.583333333333333
W045,normal,8,n_reg,6.833333333333333
W045,normal,12,f1@0.5,0.4296282149223325
W045,normal,12,f1@0.75,0.2295341912988971
W045,normal,12,miou,0.4496941265038277
W045,normal,12,n_gt,8.666666666666666
W045,normal,12,n_pred,5.0
W045,normal,12,n_reg,5.0
W045,normal,16,f1@0.5,0.4296282149223325
W045,normal,16,f1@0.75,0.2295341912988971
W045,normal,16,miou,0.4496061380258842
W045,normal,16,n_gt,8.666666666666666
W045,normal,16,n_pred,5.0
W045,normal,16,n_reg,5.0
W045,normal,24,f1@0.5,0.451081326081326
W045,normal,24,f1@0.75,0.2496549746549746
W045,normal,24,miou,0.4973274806845476
W045,normal,24,n_gt,8.666666666666666
W045,normal,24,n_pred,5.75
W045,normal,24,n_reg,5.833333333333333
W045,normal,32,f1@0.5,0.4920965608465608
W045,normal,32,f1@0.75,0.3299272486772486
W045,normal,32,miou,0.5845084260974974
W045,normal,32,n_gt,8.666666666666666
W045,normal,32,n_pred,6.0
W045,normal,32,n_reg,6.0
W045,normal,48,f1@0.5,0.4362943557989998
W045,normal,48,f1@0.75,0.2033263541583975
W045,normal,48,miou,0.5712545471131025
W045,normal,48,n_gt,8.666666666666666
W045,normal,48,n_pred,7.0
W045,normal,48,n_reg,7.0
W045,rgb,4,f1@0.5,0.7377801120448179
W045,rgb,4,f1@0.75,0.523249299719888
W045,rgb,4,miou,0.7126643224079897
W045,rgb,4,n_gt,8.666666666666666
W045,rgb,4,n_pred,7.583333333333333
W045,rgb,4,n_reg,7.833333333333333
W045,rgb,6,f1@0.5,0.8324463118580766
W045,rgb,6,f1@0.75,0.6285714285714286
W045,rgb,6,miou,0.8010424333289986
W045,rgb,6,n_gt,8.666666666666666
W045,rgb,6,n_pred,8.583333333333334
W045,rgb,6,n_reg,8.75
W045,rgb,8,f1@0.5,0.8121576408341115
W045,rgb,8,f1@0.75,0.6357065048241518
W045,rgb,8,miou,0.8043548183750336
W045,rgb,8,n_gt,8.666666666666666
W045,rgb,8,n_pred,8.583333333333334
W045,rgb,8,n_reg,8.833333333333334
W045,rgb,12,f1@0.5,0.791787270463741
W045,rgb,12,f1@0.75,0.6189438055924124
W045,rgb,12,miou,0.8462815656512243
W045,rgb,12,n_gt,8.666666666666666
W045,rgb,12,n_pred,9.833333333333334
W045,rgb,12,n_reg,10.583333333333334
W045,rgb,16,f1@0.5,0.7874579124579125
W045,rgb,16,f1@0.75,0.6212121212121212
W045,rgb,16,miou,0.8197792516725029
W045,rgb,16,n_gt,8.666666666666666
W045,rgb,16,n_pred,9.333333333333334
W045,rgb,16,n_reg,9.75
W045,rgb,24,f1@0.5,0.7832969790787128
W045,rgb,24,f1@0.75,0.6055903461863213
W045,rgb,24,miou,0.8497797251171342
W045,rgb,24,n_gt,8.666666666666666
W045,rgb,24,n_pred,10.25
W045,rgb,24,n_reg,10.75
W045,rgb,32,f1@0.5,0.7331906154274576
W045,rgb,32,f1@0.75,0.582214216095795
W045,rgb,32,miou,0.8456843715906871
W045,rgb,32,n_gt,8.666666666666666
W045,rgb,32,n_pred,11.333333333333334
W045,rgb,32,n_reg,12.5
W045,rgb,48,f1@0.5,0.7597956332291371
W045,rgb,48,f1@0.75,0.5930064798612046
W045,rgb,48,miou,0.8116031429038612
W045,rgb,48,n_gt,8.666666666666666
W045,rgb,48,n_pred,10.166666666666666
W045,rgb,48,n_reg,10.666666666666666
W046,depth,4,f1@0.5,0.443824925074925
W046,depth,4,f1@0.75,0.310031635031635
W046,depth,4,miou,0.4847811420259654
W046,depth,4,n_gt,8.0625
W046,depth,4,n_pred,4.0
W046,depth,4,n_reg,4.0
W046,depth,6,f1@0.5,0.5714093198468199
W046,depth,6,f1@0.75,0.3320216242091242
W046,depth,6,miou,0.6077148423362478
W046,depth,6,n_gt,8.0625
W046,depth,6,n_pred,5.625
W046,depth,6,n_reg,5.625
W046,depth,8,f1@0.5,0.5741565725940726
W046,depth,8,f1@0.75,0.3251534923409923
W046,depth,8,miou,0.6069130254632286
W046,depth,8,n_gt,8.0625
W046,depth,8,n_pred,5.5625
W046,depth,8,n_reg,5.6875
W046,depth,12,f1@0.5,0.5727829462204462
W046,depth,12,f1@0.75,0.3159673659673659
W046,depth,12,miou,0.6129094724803258
W046,depth,12,n_gt,8.0625
W046,depth,12,n_pred,5.5625
W046,depth,12,n_reg,5.6875
W046,depth,16,f1@0.5,0.5981950341325342
W046,depth,16,f1@0.75,0.3242091242091242
W046,depth,16,miou,0.6108305629827822
W046,depth,16,n_gt,8.0625
W046,depth,16,n_pred,5.625
W046,depth,16,n_reg,5.75
W046,depth,24,f1@0.5,0.5817115176490176
W046,depth,24,f1@0.75,0.3159673659673659
W046,depth,24,miou,0.607503993865293
W046,depth,24,n_gt,8.0625
W046,depth,24,n_pred,5.5625
W046,depth,24,n_reg,5.75
W046,depth,32,f1@0.5,0.5817115176490176
W046,depth,32,f1@0.75,0.3159673659673659
W046,depth,32,miou,0.6107284108394394
W046,depth,32,n_gt,8.0625
W046,depth,32,n_pred,5.5625
W046,depth,32,n_reg,5.6875
W046,depth,48,f1@0.5,0.5817115176490176
W046,depth,48,f1@0.75,0.3159673659673659
W046,depth,48,miou,0.6108102184501231
W046,depth,48,n_gt,8.0625
W046,depth,48,n_pred,5.5625
W046,depth,48,n_reg,5.75
W046,normal,4,f1@0.5,0.3798729048729048
W046,normal,4,f1@0.75,0.2196907259407259
W046,normal,4,miou,0.3621710140942077
W046,normal,4,n_gt,8.0625
W046,normal,4,n_pred,3.8125
W046,normal,4,n_reg,4.0
W046,normal,6,f1@0.5,0.5387029637029637
W046,normal,6,f1@0.75,0.3414855977355977
W046,normal,6,miou,0.5860201257712243
W046,normal,6,n_gt,8.0625
W046,normal,6,n_pred,5.6875
W046,normal,6,n_reg,5.875
W046,normal,8,f1@0.5,0.3602057664557664
W046,normal,8,f1@0.75,0.1523552836052836
W046,normal,8,miou,0.3100898224580603
W046,normal,8,n_gt,8.0625
W046,normal,8,n_pred,3.0
W046,normal,8,n_reg,3.0
W046,normal,12,f1@0.5,0.445987345987346
W046,normal,12,f1@0.75,0.2425220612720612
W046,normal,12,miou,0.4395175370578302
W046,normal,12,n_gt,8.0625
W046,normal,12,n_pred,4.6875
W046,normal,12,n_reg,4.9375
W046,normal,16,f1@0.5,0.4229249916749917
W046,normal,16,f1@0.75,0.2332417582417582
W046,normal,16,miou,0.438969838420952
W046,normal,16,n_gt,8.0625
W046,normal,16,n_pred,4.6875
W046,normal,16,n_reg,4.875
W046,normal,24,f1@0.5,0.3719953657453657
W046,normal,24,f1@0.75,0.1416208791208791
W046,normal,24,miou,0.3854989793937941
W046,normal,24,n_gt,8.0625
W046,normal,24,n_pred,4.0625
W046,normal,24,n_reg,4.375
W046,normal,32,f1@0.5,0.478090139027639
W046,normal,32,f1@0.75,0.2217948717948717
W046,normal,32,miou,0.4363792498610302
W046,normal,32,n_gt,8.0625
W046,normal,32,n_pred,5.125
W046,normal,32,n_reg,5.375
W046,normal,48,f1@0.5,0.3704802142302142
W046,normal,48,f1@0.75,0.1507117882117882
W046,normal,48,miou,0.3930995119552827
W046,normal,48,n_gt,8.0625
W046,normal,48,n_pred,4.125
W046,normal,48,n_reg,4.4375
W046,rgb,4,f1@0.5,0.5226918914418914
W046,rgb,4,f1@0.75,0.3659273018648019
W046,rgb,4,miou,0.4244069228104923
W046,rgb,4,n_gt,8.0625
W046,rgb,4,n_pred,5.0
W046,rgb,4,n_reg,5.25
W046,rgb,6,f1@0.5,0.6971421058301863
W046,rgb,6,f1@0.75,0.4986039051248029
W046,rgb,6,miou,0.646797278069291
W046,rgb,6,n_gt,8.0625
W046,rgb,6,n_pred,7.6875
W046,rgb,6,n_reg,8.25
W046,rgb,8,f1@0.5,0.7226127630539395
W046,rgb,8,f1@0.75,0.536116048983696
W046,rgb,8,miou,0.6572770993955609
W046,rgb,8,n_gt,8.0625
W046,rgb,8,n_pred,8.25
W046,rgb,8,n_reg,8.9375
W046,rgb,12,f1@0.5,0.6944196428571429
W046,rgb,12,f1@0.75,0.5171861946532998
W046,rgb,12,miou,0.6851479776682591
W046,rgb,12,n_gt,8.0625
W046,rgb,12,n_pred,9.125
W046,rgb,12,n_reg,10.5
W046,rgb,16,f1@0.5,0.6903169381787803
W046,rgb,16,f1@0.75,0.5087301587301587
W046,rgb,16,miou,0.6948109936509093
W046,rgb,16,n_gt,8.0625
W046,rgb,16,n_pred,9.375
W046,rgb,16,n_reg,10.875
W046,rgb,24,f1@0.5,0.6973639675168313
W046,rgb,24,f1@0.75,0.5138492677772863
W046,rgb,24,miou,0.6885616874520886
W046,rgb,24,n_gt,8.0625
W046,rgb,24,n_pred,9.0625
W046,rgb,24,n_reg,10.25
W046,rgb,32,f1@0.5,0.6679731275561384
W046,rgb,32,f1@0.75,0.4834202320512305
W046,rgb,32,miou,0.6915837495309234
W046,rgb,32,n_gt,8.0625
W046,rgb,32,n_pred,10.125
W046,rgb,32,n_reg,11.875
W046,rgb,48,f1@0.5,0.688072946790052
W046,rgb,48,f1@0.75,0.5006145170618854
W046,rgb,48,miou,0.6940301001816411
W046,rgb,48,n_gt,8.0625
W046,rgb,48,n_pred,9.5625
W046,rgb,48,n_reg,10.875
W047,depth,4,f1@0.5,0.1499149972834183
W047,depth,4,f1@0.75,0.0613667034719666
W047,depth,4,miou,0.2083305407899994
W047,depth,4,n_gt,9.210526315789474
W047,depth,4,n_pred,3.0
W047,depth,4,n_reg,3.0
W047,depth,6,f1@0.5,0.1675648912491017
W047,depth,6,f1@0.75,0.0598944914734388
W047,depth,6,miou,0.2234418787149936
W047,depth,6,n_gt,9.210526315789474
W047,depth,6,n_pred,3.684210526315789
W047,depth,6,n_reg,3.842105263157895
W047,depth,8,f1@0.5,0.1675648912491017
W047,depth,8,f1@0.75,0.0598944914734388
W047,depth,8,miou,0.2232495562508541
W047,depth,8,n_gt,9.210526315789474
W047,depth,8,n_pred,3.684210526315789
W047,depth,8,n_reg,3.842105263157895
W047,depth,12,f1@0.5,0.1675648912491017
W047,depth,12,f1@0.75,0.0598944914734388
W047,depth,12,miou,0.2226877257897703
W047,depth,12,n_gt,9.210526315789474
W047,depth,12,n_pred,3.684210526315789
W047,depth,12,n_reg,3.842105263157895
W047,depth,16,f1@0.5,0.1675648912491017
W047,depth,16,f1@0.75,0.0598944914734388
W047,depth,16,miou,0.2225174485984632
W047,depth,16,n_gt,9.210526315789474
W047,depth,16,n_pred,3.684210526315789
W047,depth,16,n_reg,3.842105263157895
W047,depth,24,f1@0.5,0.1675648912491017
W047,depth,24,f1@0.75,0.0598944914734388
W047,depth,24,miou,0.2228725354537083
W047,depth,24,n_gt,9.210526315789474
W047,depth,24,n_pred,3.684210526315789
W047,depth,24,n_reg,3.842105263157895
W047,depth,32,f1@0.5,0.1498983472667683
W047,depth,32,f1@0.75,0.0598944914734388
W047,depth,32,miou,0.2210896105180445
W047,depth,32,n_gt,9.210526315789474
W047,depth,32,n_pred,3.684210526315789
W047,depth,32,n_reg,3.842105263157895
W047,depth,48,f1@0.5,0.1498983472667683
W047,depth,48,f1@0.75,0.0598944914734388
W047,depth,48,miou,0.2203908638191362
W047,depth,48,n_gt,9.210526315789474
W047,depth,48,n_pred,3.684210526315789
W047,depth,48,n_reg,3.842105263157895
W047,normal,4,f1@0.5,0.3663277726745219
W047,normal,4,f1@0.75,0.1674496384248706
W047,normal,4,miou,0.3441225711987412
W047,normal,4,n_gt,9.210526315789474
W047,normal,4,n_pred,5.157894736842105
W047,normal,4,n_reg,5.2105263157894735
W047,normal,6,f1@0.5,0.2790831369126953
W047,normal,6,f1@0.75,0.1517018711739259
W047,normal,6,miou,0.32367110379927
W047,normal,6,n_gt,9.210526315789474
W047,normal,6,n_pred,6.052631578947368
W047,normal,6,n_reg,6.2105263157894735
W047,normal,8,f1@0.5,0.2320910084067979
W047,normal,8,f1@0.75,0.1119101658575342
W047,normal,8,miou,0.2378077848088205
W047,normal,8,n_gt,9.210526315789474
W047,normal,8,n_pred,4.947368421052632
W047,normal,8,n_reg,5.315789473684211
W047,normal,12,f1@0.5,0.2729884236850181
W047,normal,12,f1@0.75,0.1071427970034781
W047,normal,12,miou,0.3091173513658174
W047,normal,12,n_gt,9.210526315789474
W047,normal,12,n_pred,5.578947368421052
W047,normal,12,n_reg,5.789473684210527
W047,normal,16,f1@0.5,0.2731897784651573
W047,normal,16,f1@0.75,0.1252023043492817
W047,normal,16,miou,0.32789277348594
W047,normal,16,n_gt,9.210526315789474
W047,normal,16,n_pred,6.2105263157894735
W047,normal,16,n_reg,6.2631578947368425
W047,normal,24,f1@0.5,0.2507013712122071
W047,normal,24,f1@0.75,0.0789583653360743
W047,normal,24,miou,0.2755532537962036
W047,normal,24,n_gt,9.210526315789474
W047,normal,24,n_pred,5.315789473684211
W047,normal,24,n_reg,5.526315789473684
W047,normal,32,f1@0.5,0.1190828069148095
W047,normal,32,f1@0.75,0.0348306664096137
W047,normal,32,miou,0.1914807658149452
W047,normal,32,n_gt,9.210526315789474
W047,normal,32,n_pred,4.842105263157895
W047,normal,32,n_reg,6.105263157894737
W047,normal,48,f1@0.5,0.089070810510439
W047,normal,48,f1@0.75,0.0304834484401047
W047,normal,48,miou,0.1419397009895196
W047,normal,48,n_gt,9.210526315789474
W047,normal,48,n_pred,3.473684210526316
W047,normal,48,n_reg,4.526315789473684
W047,rgb,4,f1@0.5,0.3671439499612874
W047,rgb,4,f1@0.75,0.2113267709242941
W047,rgb,4,miou,0.4190220021349131
W047,rgb,4,n_gt,9.210526315789474
W047,rgb,4,n_pred,5.894736842105263
W047,rgb,4,n_reg,6.2105263157894735
W047,rgb,6,f1@0.5,0.4126927510054445
W047,rgb,6,f1@0.75,0.2584253551745811
W047,rgb,6,miou,0.5424336139604327
W047,rgb,6,n_gt,9.210526315789474
W047,rgb,6,n_pred,9.052631578947368
W047,rgb,6,n_reg,9.842105263157896
W047,rgb,8,f1@0.5,0.4664294249555777
W047,rgb,8,f1@0.75,0.2867885658418492
W047,rgb,8,miou,0.5147971170994456
W047,rgb,8,n_gt,9.210526315789474
W047,rgb,8,n_pred,7.947368421052632
W047,rgb,8,n_reg,8.210526315789474
W047,rgb,12,f1@0.5,0.5246092644948126
W047,rgb,12,f1@0.75,0.3189754281066421
W047,rgb,12,miou,0.6577955048735022
W047,rgb,12,n_gt,9.210526315789474
W047,rgb,12,n_pred,10.947368421052632
W047,rgb,12,n_reg,12.0
W047,rgb,16,f1@0.5,0.462005567457176
W047,rgb,16,f1@0.75,0.3193451058446347
W047,rgb,16,miou,0.6302222021578523
W047,rgb,16,n_gt,9.210526315789474
W047,rgb,16,n_pred,10.36842105263158
W047,rgb,16,n_reg,11.157894736842104
W047,rgb,24,f1@0.5,0.5174694879587157
W047,rgb,24,f1@0.75,0.3424553458858919
W047,rgb,24,miou,0.70483337942801
W047,rgb,24,n_gt,9.210526315789474
W047,rgb,24,n_pred,10.526315789473683
W047,rgb,24,n_reg,11.473684210526317
W047,rgb,32,f1@0.5,0.4133720049810412
W047,rgb,32,f1@0.75,0.2395836484148756
W047,rgb,32,miou,0.635134679444873
W047,rgb,32,n_gt,9.210526315789474
W047,rgb,32,n_pred,13.894736842105264
W047,rgb,32,n_reg,16.05263157894737
W047,rgb,48,f1@0.5,0.4226620153389663
W047,rgb,48,f1@0.75,0.2450102215021612
W047,rgb,48,miou,0.6495507101255295
W047,rgb,48,n_gt,9.210526315789474
W047,rgb,48,n_pred,13.736842105263158
W047,rgb,48,n_reg,15.421052631578949
W048,depth,4,f1@0.5,0.0
W048,depth,4,f1@0.75,0.0
W048,depth,4,miou,0.0760955976279079
W048,depth,4,n_gt,9.416666666666666
W048,depth,4,n_pred,1.0
W048,depth,4,n_reg,1.0
W048,depth,6,f1@0.5,0.1833129833129833
W048,depth,6,f1@0.75,0.1555352055352055
W048,depth,6,miou,0.1792838025964273
W048,depth,6,n_gt,9.416666666666666
W048,depth,6,n_pred,2.25
W048,depth,6,n_reg,2.25
W048,depth,8,f1@0.5,0.3370968900380665
W048,depth,8,f1@0.75,0.1668821374703727
W048,depth,8,miou,0.2106348157671475
W048,depth,8,n_gt,9.416666666666666
W048,depth,8,n_pred,4.666666666666667
W048,depth,8,n_reg,4.75
W048,depth,12,f1@0.5,0.3629576306046894
W048,depth,12,f1@0.75,0.2092120298002651
W048,depth,12,miou,0.3252071712776712
W048,depth,12,n_gt,9.416666666666666
W048,depth,12,n_pred,5.0
W048,depth,12,n_reg,5.0
W048,depth,16,f1@0.5,0.3501371177841766
W048,depth,16,f1@0.75,0.2092120298002651
W048,depth,16,miou,0.326495625278094
W048,depth,16,n_gt,9.416666666666666
W048,depth,16,n_pred,5.0
W048,depth,16,n_reg,5.0
W048,depth,24,f1@0.5,0.2981523922700393
W048,depth,24,f1@0.75,0.1528364881306057
W048,depth,24,miou,0.300785689629007
W048,depth,24,n_gt,9.416666666666666
W048,depth,24,n_pred,4.833333333333333
W048,depth,24,n_reg,5.0
W048,depth,32,f1@0.5,0.2996148459383753
W048,depth,32,f1@0.75,0.2264355742296918
W048,depth,32,miou,0.3124980962737079
W048,depth,32,n_gt,9.416666666666666
W048,depth,32,n_pred,4.0
W048,depth,32,n_reg,4.0
W048,depth,48,f1@0.5,0.3629576306046894
W048,depth,48,f1@0.75,0.198100918689154
W048,depth,48,miou,0.3234794846464498
W048,depth,48,n_gt,9.416666666666666
W048,depth,48,n_pred,5.0
W048,depth,48,n_reg,5.0
W048,normal,4,f1@0.5,0.273082785950433
W048,normal,4,f1@0.75,0.0725986975986976
W048,normal,4,miou,0.2715505151966942
W048,normal,4,n_gt,9.416666666666666
W048,normal,4,n_pred,5.416666666666667
W048,normal,4,n_reg,5.5
W048,normal,6,f1@0.5,0.3233903401666559
W048,normal,6,f1@0.75,0.1343010303536619
W048,normal,6,miou,0.337032067593549
W048,normal,6,n_gt,9.416666666666666
W048,normal,6,n_pred,6.916666666666667
W048,normal,6,n_reg,6.916666666666667
W048,normal,8,f1@0.5,0.3169306728130257
W048,normal,8,f1@0.75,0.1126004306151364
W048,normal,8,miou,0.2778837429285544
W048,normal,8,n_gt,9.416666666666666
W048,normal,8,n_pred,5.083333333333333
W048,normal,8,n_reg,5.083333333333333
W048,normal,12,f1@0.5,0.410296696480907
W048,normal,12,f1@0.75,0.2047560139665402
W048,normal,12,miou,0.4203485533128666
W048,normal,12,n_gt,9.416666666666666
W048,normal,12,n_pred,7.0
W048,normal,12,n_reg,7.0
W048,normal,16,f1@0.5,0.4099342242724595
W048,normal,16,f1@0.75,0.1887930288665582
W048,normal,16,miou,0.455553092467151
W048,normal,16,n_gt,9.416666666666666
W048,normal,16,n_pred,8.583333333333334
W048,normal,16,n_reg,8.583333333333334
W048,normal,24,f1@0.5,0.3941507022389375
W048,normal,24,f1@0.75,0.177157605466429
W048,normal,24,miou,0.4544177642120584
W048,normal,24,n_gt,9.416666666666666
W048,normal,24,n_pred,8.666666666666666
W048,normal,24,n_reg,8.666666666666666
W048,normal,32,f1@0.5,0.4910519627431391
W048,normal,32,f1@0.75,0.2121716110686698
W048,normal,32,miou,0.5652385255015057
W048,normal,32,n_gt,9.416666666666666
W048,normal,32,n_pred,8.916666666666666
W048,normal,32,n_reg,8.916666666666666
W048,normal,48,f1@0.5,0.4656551373463138
W048,normal,48,f1@0.75,0.2219755326372973
W048,normal,48,miou,0.5534556129358555
W048,normal,48,n_gt,9.416666666666666
W048,normal,48,n_pred,8.916666666666666
W048,normal,48,n_reg,8.916666666666666
W048,rgb,4,f1@0.5,0.2997423328305681
W048,rgb,4,f1@0.75,0.1943054358495535
W048,rgb,4,miou,0.301759474187564
W048,rgb,4,n_gt,9.416666666666666
W048,rgb,4,n_pred,8.083333333333334
W048,rgb,4,n_reg,8.583333333333334
W048,rgb,6,f1@0.5,0.3759068674703349
W048,rgb,6,f1@0.75,0.2243473502761428
W048,rgb,6,miou,0.411398866009673
W048,rgb,6,n_gt,9.416666666666666
W048,rgb,6,n_pred,7.833333333333333
W048,rgb,6,n_reg,7.833333333333333
W048,rgb,8,f1@0.5,0.3568611172777839
W048,rgb,8,f1@0.75,0.2408031783031783
W048,rgb,8,miou,0.3842265501578456
W048,rgb,8,n_gt,9.416666666666666
W048,rgb,8,n_pred,11.166666666666666
W048,rgb,8,n_reg,12.333333333333334
W048,rgb,12,f1@0.5,0.3764965127465127
W048,rgb,12,f1@0.75,0.2356505531505531
W048,rgb,12,miou,0.3885177670373238
W048,rgb,12,n_gt,9.416666666666666
W048,rgb,12,n_pred,10.75
W048,rgb,12,n_reg,11.25
W048,rgb,16,f1@0.5,0.3141051378729173
W048,rgb,16,f1@0.75,0.1693073213788765
W048,rgb,16,miou,0.408548788874151
W048,rgb,16,n_gt,9.416666666666666
W048,rgb,16,n_pred,12.75
W048,rgb,16,n_reg,13.416666666666666
W048,rgb,24,f1@0.5,0.314324142513642
W048,rgb,24,f1@0.75,0.1812853397605719
W048,rgb,24,miou,0.4656562516206481
W048,rgb,24,n_gt,9.416666666666666
W048,rgb,24,n_pred,16.416666666666668
W048,rgb,24,n_reg,18.08333333333333
W048,rgb,32,f1@0.5,0.2988871989561718
W048,rgb,32,f1@0.75,0.1812892726888907
W048,rgb,32,miou,0.4654911326944828
W048,rgb,32,n_gt,9.416666666666666
W048,rgb,32,n_pred,15.416666666666666
W048,rgb,32,n_reg,16.75
W048,rgb,48,f1@0.5,0.3051035968056341
W048,rgb,48,f1@0.75,0.1789262414548917
W048,rgb,48,miou,0.4530748048813928
W048,rgb,48,n_gt,9.416666666666666
W048,rgb,48,n_pred,15.25
W048,rgb,48,n_reg,16.583333333333332
W049,depth,4,f1@0.5,0.176010101010101
W049,depth,4,f1@0.75,0.0
W049,depth,4,miou,0.2064083601169145
W049,depth,4,n_gt,8.0
W049,depth,4,n_pred,3.0
W049,depth,4,n_reg,3.0
W049,depth,6,f1@0.5,0.1792395104895105
W049,depth,6,f1@0.75,0.1451486013986014
W049,depth,6,miou,0.2659852974086821
W049,depth,6,n_gt,8.0
W049,depth,6,n_pred,4.0
W049,depth,6,n_reg,4.0
W049,depth,8,f1@0.5,0.1129516317016317
W049,depth,8,f1@0.75,0.1004516317016317
W049,depth,8,miou,0.2117843320889497
W049,depth,8,n_gt,8.0
W049,depth,8,n_pred,3.625
W049,depth,8,n_reg,3.625
W049,depth,12,f1@0.5,0.2454899267399267
W049,depth,12,f1@0.75,0.2010187728937729
W049,depth,12,miou,0.3698018299300107
W049,depth,12,n_gt,8.0
W049,depth,12,n_pred,6.5625
W049,depth,12,n_reg,6.625
W049,depth,16,f1@0.5,0.2535797535797536
W049,depth,16,f1@0.75,0.2147977022977023
W049,depth,16,miou,0.3656557773594812
W049,depth,16,n_gt,8.0
W049,depth,16,n_pred,5.625
W049,depth,16,n_reg,5.625
W049,depth,24,f1@0.5,0.3568766609207786
W049,depth,24,f1@0.75,0.19173198125404
W049,depth,24,miou,0.4735821150638724
W049,depth,24,n_gt,8.0
W049,depth,24,n_pred,8.0
W049,depth,24,n_reg,8.1875
W049,depth,32,f1@0.5,0.2454899267399267
W049,depth,32,f1@0.75,0.2010187728937729
W049,depth,32,miou,0.3691143011020414
W049,depth,32,n_gt,8.0
W049,depth,32,n_pred,6.5625
W049,depth,32,n_reg,6.625
W049,depth,48,f1@0.5,0.5261217948717949
W049,depth,48,f1@0.75,0.3461423992673992
W049,depth,48,miou,0.5566455669328444
W049,depth,48,n_gt,8.0
W049,depth,48,n_pred,6.625
W049,depth,48,n_reg,6.625
W049,normal,4,f1@0.5,0.4406426906426906
W049,normal,4,f1@0.75,0.4010052447552447
W049,normal,4,miou,0.5601222941728908
W049,normal,4,n_gt,8.0
W049,normal,4,n_pred,4.6875
W049,normal,4,n_reg,4.6875
W049,normal,6,f1@0.5,0.4475045787545788
W049,normal,6,f1@0.75,0.4122939560439561
W049,normal,6,miou,0.6153914820436271
W049,normal,6,n_gt,8.0
W049,normal,6,n_pred,6.0
W049,normal,6,n_reg,6.0
W049,normal,8,f1@0.5,0.4495872183372184
W049,normal,8,f1@0.75,0.3855137917637917
W049,normal,8,miou,0.4448020395968221
W049,normal,8,n_gt,8.0
W049,normal,8,n_pred,3.625
W049,normal,8,n_reg,3.625
W049,normal,12,f1@0.5,0.5481705794205795
W049,normal,12,f1@0.75,0.5129599567099568
W049,normal,12,miou,0.7032950663309059
W049,normal,12,n_gt,8.0
W049,normal,12,n_pred,5.625
W049,normal,12,n_reg,5.625
W049,normal,16,f1@0.5,0.5391525141525142
W049,normal,16,f1@0.75,0.4914418914418914
W049,normal,16,miou,0.5961066266912567
W049,normal,16,n_gt,8.0
W049,normal,16,n_pred,5.4375
W049,normal,16,n_reg,5.625
W049,normal,24,f1@0.5,0.4874609459168282
W049,normal,24,f1@0.75,0.3243407940099116
W049,normal,24,miou,0.701830447053003
W049,normal,24,n_gt,8.0
W049,normal,24,n_pred,7.3125
W049,normal,24,n_reg,7.625
W049,normal,32,f1@0.5,0.5170215201465201
W049,normal,32,f1@0.75,0.4841346153846154
W049,normal,32,miou,0.7034039204706767
W049,normal,32,n_gt,8.0
W049,normal,32,n_pred,6.4375
W049,normal,32,n_reg,6.625
W049,normal,48,f1@0.5,0.5104967948717949
W049,normal,48,f1@0.75,0.4776098901098901
W049,normal,48,miou,0.7022086050827367
W049,normal,48,n_gt,8.0
W049,normal,48,n_pred,6.625
W049,normal,48,n_reg,6.625
W049,rgb,4,f1@0.5,0.4042297979797979
W049,rgb,4,f1@0.75,0.2921085858585858
W049,rgb,4,miou,0.2869622154107484
W049,rgb,4,n_gt,8.0
W049,rgb,4,n_pred,2.0
W049,rgb,4,n_reg,2.0
W049,rgb,6,f1@0.5,0.7344405594405594
W049,rgb,6,f1@0.75,0.6074009324009324
W049,rgb,6,miou,0.7014435752786514
W049,rgb,6,n_gt,8.0
W049,rgb,6,n_pred,4.625
W049,rgb,6,n_reg,4.625
W049,rgb,8,f1@0.5,0.6798409923409924
W049,rgb,8,f1@0.75,0.646507659007659
W049,rgb,8,miou,0.7181691999175556
W049,rgb,8,n_gt,8.0
W049,rgb,8,n_pred,5.625
W049,rgb,8,n_reg,5.625
W049,rgb,12,f1@0.5,0.6241550116550116
W049,rgb,12,f1@0.75,0.5254662004662005
W049,rgb,12,miou,0.5411516979702217
W049,rgb,12,n_gt,8.0
W049,rgb,12,n_pred,3.625
W049,rgb,12,n_reg,3.625
W049,rgb,16,f1@0.5,0.6798409923409924
W049,rgb,16,f1@0.75,0.5620983183483184
W049,rgb,16,miou,0.7050732647000876
W049,rgb,16,n_gt,8.0
W049,rgb,16,n_pred,5.625
W049,rgb,16,n_reg,5.625
W049,rgb,24,f1@0.5,0.5497094451815814
W049,rgb,24,f1@0.75,0.5160837141874294
W049,rgb,24,miou,0.7196428509638777
W049,rgb,24,n_gt,8.0
W049,rgb,24,n_pred,9.0625
W049,rgb,24,n_reg,9.3125
W049,rgb,32,f1@0.5,0.6843864468864469
W049,rgb,32,f1@0.75,0.6005723443223443
W049,rgb,32,miou,0.710483983154904
W049,rgb,32,n_gt,8.0
W049,rgb,32,n_pred,5.5625
W049,rgb,32,n_reg,5.625
W049,rgb,48,f1@0.5,0.4929504013143719
W049,rgb,48,f1@0.75,0.4127077273216979
W049,rgb,48,miou,0.5406370725802627
W049,rgb,48,n_gt,8.0
W049,rgb,48,n_pred,6.9375
W049,rgb,48,n_reg,7.3125
W050,depth,4,f1@0.5,0.5339784905496979
W050,depth,4,f1@0.75,0.209193286074091
W050,depth,4,miou,0.4665449180801166
W050,depth,4,n_gt,8.95
W050,depth,4,n_pred,4.85
W050,depth,4,n_reg,4.85
W050,depth,6,f1@0.5,0.5998377353640512
W050,depth,6,f1@0.75,0.2133575123706702
W050,depth,6,miou,0.5785602184220928
W050,depth,6,n_gt,8.95
W050,depth,6,n_pred,6.7
W050,depth,6,n_reg,6.7
W050,depth,8,f1@0.5,0.5118417036180194
W050,depth,8,f1@0.75,0.2028250915750916
W050,depth,8,miou,0.5888106697901817
W050,depth,8,n_gt,8.95
W050,depth,8,n_pred,6.85
W050,depth,8,n_reg,6.85
W050,depth,12,f1@0.5,0.4750568729516097
W050,depth,12,f1@0.75,0.2015665766981556
W050,depth,12,miou,0.4956676559533098
W050,depth,12,n_gt,8.95
W050,depth,12,n_pred,6.85
W050,depth,12,n_reg,6.85
W050,depth,16,f1@0.5,0.4896471910442498
W050,depth,16,f1@0.75,0.1849875288110582
W050,depth,16,miou,0.4948134892790556
W050,depth,16,n_gt,8.95
W050,depth,16,n_pred,7.4
W050,depth,16,n_reg,7.4
W050,depth,24,f1@0.5,0.592694878221194
W050,depth,24,f1@0.75,0.2253019568151147
W050,depth,24,miou,0.5968582281342052
W050,depth,24,n_gt,8.95
W050,depth,24,n_pred,6.85
W050,depth,24,n_reg,6.85
W050,depth,32,f1@0.5,0.5286386480736326
W050,depth,32,f1@0.75,0.2351450750831555
W050,depth,32,miou,0.612989033916002
W050,depth,32,n_gt,8.95
W050,depth,32,n_pred,8.65
W050,depth,32,n_reg,8.7
W050,depth,48,f1@0.5,0.5606548633946332
W050,depth,48,f1@0.75,0.2344886432834003
W050,depth,48,miou,0.6158853924050158
W050,depth,48,n_gt,8.95
W050,depth,48,n_pred,7.95
W050,depth,48,n_reg,7.95
W050,normal,4,f1@0.5,0.4841991805923694
W050,normal,4,f1@0.75,0.3761263426975501
W050,normal,4,miou,0.4851071568703832
W050,normal,4,n_gt,8.95
W050,normal,4,n_pred,4.85
W050,normal,4,n_reg,4.85
W050,normal,6,f1@0.5,0.5304244585823533
W050,normal,6,f1@0.75,0.3834955176402544
W050,normal,6,miou,0.6640347012332947
W050,normal,6,n_gt,8.95
W050,normal,6,n_pred,6.85
W050,normal,6,n_reg,6.85
W050,normal,8,f1@0.5,0.5304244585823533
W050,normal,8,f1@0.75,0.3763526604973973
W050,normal,8,miou,0.6649977200030583
W050,normal,8,n_gt,8.95
W050,normal,8,n_pred,6.85
W050,normal,8,n_reg,6.85
W050,normal,12,f1@0.5,0.5090120822589863
W050,normal,12,f1@0.75,0.3973077838054618
W050,normal,12,miou,0.5931155635749514
W050,normal,12,n_gt,8.95
W050,normal,12,n_pred,6.65
W050,normal,12,n_reg,7.2
W050,normal,16,f1@0.5,0.4691482287921916
W050,normal,16,f1@0.75,0.3559742398983885
W050,normal,16,miou,0.6475634649238743
W050,normal,16,n_gt,8.95
W050,normal,16,n_pred,7.75
W050,normal,16,n_reg,7.8
W050,normal,24,f1@0.5,0.5121483856700575
W050,normal,24,f1@0.75,0.3701678829426507
W050,normal,24,miou,0.6543825573347944
W050,normal,24,n_gt,8.95
W050,normal,24,n_pred,7.45
W050,normal,24,n_reg,7.8
W050,normal,32,f1@0.5,0.4943006206899396
W050,normal,32,f1@0.75,0.351020461736406
W050,normal,32,miou,0.6647700260895409
W050,normal,32,n_gt,8.95
W050,normal,32,n_pred,8.0
W050,normal,32,n_reg,8.15
W050,normal,48,f1@0.5,0.5088091457905699
W050,normal,48,f1@0.75,0.3490508038573053
W050,normal,48,miou,0.6718673301577107
W050,normal,48,n_gt,8.95
W050,normal,48,n_pred,8.35
W050,normal,48,n_reg,8.65
W050,rgb,4,f1@0.5,0.4899991511756217
W050,rgb,4,f1@0.75,0.3867719208895679
W050,rgb,4,miou,0.3883299927044812
W050,rgb,4,n_gt,8.95
W050,rgb,4,n_pred,2.85
W050,rgb,4,n_reg,2.85
W050,rgb,6,f1@0.5,0.6105089355089355
W050,rgb,6,f1@0.75,0.5156177156177156
W050,rgb,6,miou,0.5431546128882074
W050,rgb,6,n_gt,8.95
W050,rgb,6,n_pred,3.85
W050,rgb,6,n_reg,3.85
W050,rgb,8,f1@0.5,0.6002667430608607
W050,rgb,8,f1@0.75,0.543477421271539
W050,rgb,8,miou,0.4475402121100777
W050,rgb,8,n_gt,8.95
W050,rgb,8,n_pred,4.7
W050,rgb,8,n_reg,4.85
W050,rgb,12,f1@0.5,0.6840351392673374
W050,rgb,12,f1@0.75,0.6380626906633099
W050,rgb,12,miou,0.5537549862592867
W050,rgb,12,n_gt,8.95
W050,rgb,12,n_pred,5.45
W050,rgb,12,n_reg,5.7
W050,rgb,16,f1@0.5,0.6430807427866252
W050,rgb,16,f1@0.75,0.5704046688605512
W050,rgb,16,miou,0.5578487070242474
W050,rgb,16,n_gt,8.95
W050,rgb,16,n_pred,6.35
W050,rgb,16,n_reg,6.6
W050,rgb,24,f1@0.5,0.644985504691387
W050,rgb,24,f1@0.75,0.5655832402891227
W050,rgb,24,miou,0.5571760857242457
W050,rgb,24,n_gt,8.95
W050,rgb,24,n_pred,6.3
W050,rgb,24,n_reg,6.6
W050,rgb,32,f1@0.5,0.6427127774186598
W050,rgb,32,f1@0.75,0.5640680887739712
W050,rgb,32,miou,0.5570500188048996
W050,rgb,32,n_gt,8.95
W050,rgb,32,n_pred,6.35
W050,rgb,32,n_reg,6.65
W050,rgb,48,f1@0.5,0.644985504691387
W050,rgb,48,f1@0.75,0.5655832402891227
W050,rgb,48,miou,0.5580675583396031
W050,rgb,48,n_gt,8.95
W050,rgb,48,n_pred,6.3
W050,rgb,48,n_reg,6.6
W051,depth,4,f1@0.5,0.1863816781773438
W051,depth,4,f1@0.75,0.1863816781773438
W051,depth,4,miou,0.2354363437024395
W051,depth,4,n_gt,10.941176470588236
W051,depth,4,n_pred,4.470588235294118
W051,depth,4,n_reg,4.470588235294118
W051,depth,6,f1@0.5,0.1181154243073747
W051,depth,6,f1@0.75,0.0822021116138763
W051,depth,6,miou,0.2360099731868898
W051,depth,6,n_gt,10.941176470588236
W051,depth,6,n_pred,4.0
W051,depth,6,n_reg,4.0
W051,depth,8,f1@0.5,0.4068349607049297
W051,depth,8,f1@0.75,0.2685837897912201
W051,depth,8,miou,0.3717338526930627
W051,depth,8,n_gt,10.941176470588236
W051,depth,8,n_pred,4.470588235294118
W051,depth,8,n_reg,4.470588235294118
W051,depth,12,f1@0.5,0.5171449551480511
W051,depth,12,f1@0.75,0.294036278479003
W051,depth,12,miou,0.4623438489467226
W051,depth,12,n_gt,10.941176470588236
W051,depth,12,n_pred,4.470588235294118
W051,depth,12,n_reg,4.470588235294118
W051,depth,16,f1@0.5,0.5312052923098269
W051,depth,16,f1@0.75,0.2959854109143855
W051,depth,16,miou,0.46616397244178
W051,depth,16,n_gt,10.941176470588236
W051,depth,16,n_pred,4.823529411764706
W051,depth,16,n_reg,5.647058823529412
W051,depth,24,f1@0.5,0.4669060213951854
W051,depth,24,f1@0.75,0.28709914096911
W051,depth,24,miou,0.3730960419420172
W051,depth,24,n_gt,10.941176470588236
W051,depth,24,n_pred,3.5294117647058822
W051,depth,24,n_reg,3.5294117647058822
W051,depth,32,f1@0.5,0.4669060213951854
W051,depth,32,f1@0.75,0.28709914096911
W051,depth,32,miou,0.3749246910549142
W051,depth,32,n_gt,10.941176470588236
W051,depth,32,n_pred,3.5294117647058822
W051,depth,32,n_reg,3.5294117647058822
W051,depth,48,f1@0.5,0.4669060213951854
W051,depth,48,f1@0.75,0.28709914096911
W051,depth,48,miou,0.3749478570569108
W051,depth,48,n_gt,10.941176470588236
W051,depth,48,n_pred,3.5294117647058822
W051,depth,48,n_reg,3.5294117647058822
W051,normal,4,f1@0.5,0.2146437184499468
W051,normal,4,f1@0.75,0.0670621189652331
W051,normal,4,miou,0.2327762303490826
W051,normal,4,n_gt,10.941176470588236
W051,normal,4,n_pred,2.4705882352941178
W051,normal,4,n_reg,2.4705882352941178
W051,normal,6,f1@0.5,0.2729211620852488
W051,normal,6,f1@0.75,0.0204991087344028
W051,normal,6,miou,0.2127623032212405
W051,normal,6,n_gt,10.941176470588236
W051,normal,6,n_pred,3.4705882352941178
W051,normal,6,n_reg,3.4705882352941178
W051,normal,8,f1@0.5,0.2634932920536635
W051,normal,8,f1@0.75,0.0188536953242835
W051,normal,8,miou,0.229384857700491
W051,normal,8,n_gt,10.941176470588236
W051,normal,8,n_pred,4.470588235294118
W051,normal,8,n_reg,4.470588235294118
W051,normal,12,f1@0.5,0.2631172405166213
W051,normal,12,f1@0.75,0.1044688369765769
W051,normal,12,miou,0.2113554281916831
W051,normal,12,n_gt,10.941176470588236
W051,normal,12,n_pred,3.4705882352941178
W051,normal,12,n_reg,3.4705882352941178
W051,normal,16,f1@0.5,0.232764236916486
W051,normal,16,f1@0.75,0.011484593837535
W051,normal,16,miou,0.2276227358395769
W051,normal,16,n_gt,10.941176470588236
W051,normal,16,n_pred,5.470588235294118
W051,normal,16,n_reg,5.470588235294118
W051,normal,24,f1@0.5,0.2467698391573824
W051,normal,24,f1@0.75,0.0302559032662838
W051,normal,24,miou,0.2337151391193084
W051,normal,24,n_gt,10.941176470588236
W051,normal,24,n_pred,5.470588235294118
W051,normal,24,n_reg,5.470588235294118
W051,normal,32,f1@0.5,0.2467698391573824
W051,normal,32,f1@0.75,0.0299757912214659
W051,normal,32,miou,0.2345037341909788
W051,normal,32,n_gt,10.941176470588236
W051,normal,32,n_pred,5.470588235294118
W051,normal,32,n_reg,5.470588235294118
W051,normal,48,f1@0.5,0.2467698391573824
W051,normal,48,f1@0.75,0.0159701889805696
W051,normal,48,miou,0.2303955582745107
W051,normal,48,n_gt,10.941176470588236
W051,normal,48,n_pred,5.470588235294118
W051,normal,48,n_reg,5.470588235294118
W051,rgb,4,f1@0.5,0.4973194231252873
W051,rgb,4,f1@0.75,0.4375107318469183
W051,rgb,4,miou,0.3301630003654536
W051,rgb,4,n_gt,10.941176470588236
W051,rgb,4,n_pred,5.0588235294117645
W051,rgb,4,n_reg,5.117647058823529
W051,rgb,6,f1@0.5,0.7007526912183148
W051,rgb,6,f1@0.75,0.6073973145020234
W051,rgb,6,miou,0.7261755592836865
W051,rgb,6,n_gt,10.941176470588236
W051,rgb,6,n_pred,8.823529411764707
W051,rgb,6,n_reg,9.941176470588236
W051,rgb,8,f1@0.5,0.6558400185537082
W051,rgb,8,f1@0.75,0.5558831541770025
W051,rgb,8,miou,0.7150289821769966
W051,rgb,8,n_gt,10.941176470588236
W051,rgb,8,n_pred,7.352941176470588
W051,rgb,8,n_reg,7.352941176470588
W051,rgb,12,f1@0.5,0.6323842836367284
W051,rgb,12,f1@0.75,0.4780076224863346
W051,rgb,12,miou,0.7123516958780428
W051,rgb,12,n_gt,10.941176470588236
W051,rgb,12,n_pred,8.176470588235293
W051,rgb,12,n_reg,8.411764705882353
W051,rgb,16,f1@0.5,0.6240373875660472
W051,rgb,16,f1@0.75,0.5246794276883039
W051,rgb,16,miou,0.7132174755506016
W051,rgb,16,n_gt,10.941176470588236
W051,rgb,16,n_pred,8.235294117647058
W051,rgb,16,n_reg,8.941176470588236
W051,rgb,24,f1@0.5,0.7067125292339674
W051,rgb,24,f1@0.75,0.6014805038499939
W051,rgb,24,miou,0.7251018795663687
W051,rgb,24,n_gt,10.941176470588236
W051,rgb,24,n_pred,8.764705882352942
W051,rgb,24,n_reg,9.588235294117649
W051,rgb,32,f1@0.5,0.6151080063154367
W051,rgb,32,f1@0.75,0.5285657960890159
W051,rgb,32,miou,0.7286076069928737
W051,rgb,32,n_gt,10.941176470588236
W051,rgb,32,n_pred,11.411764705882351
W051,rgb,32,n_reg,12.352941176470589
W051,rgb,48,f1@0.5,0.6072479040442031
W051,rgb,48,f1@0.75,0.4585413636895508
W051,rgb,48,miou,0.7226321125402371
W051,rgb,48,n_gt,10.941176470588236
W051,rgb,48,n_pred,9.058823529411764
W051,rgb,48,n_reg,10.411764705882351
W052,depth,4,f1@0.5,0.275351910532906
W052,depth,4,f1@0.75,0.0419580419580419
W052,depth,4,miou,0.2088403463757264
W052,depth,4,n_gt,11.615384615384617
W052,depth,4,n_pred,2.0
W052,depth,4,n_reg,2.0
W052,depth,6,f1@0.5,0.4642963424339942
W052,depth,6,f1@0.75,0.257339354302917
W052,depth,6,miou,0.3578594546851227
W052,depth,6,n_gt,11.615384615384617
W052,depth,6,n_pred,3.692307692307693
W052,depth,6,n_reg,3.692307692307693
W052,depth,8,f1@0.5,0.4396167934629473
W052,depth,8,f1@0.75,0.2471541279233587
W052,depth,8,miou,0.3690853922695016
W052,depth,8,n_gt,11.615384615384617
W052,depth,8,n_pred,4.538461538461538
W052,depth,8,n_reg,5.384615384615385
W052,depth,12,f1@0.5,0.4937343298055476
W052,depth,12,f1@0.75,0.3131846348942552
W052,depth,12,miou,0.3753084374811722
W052,depth,12,n_gt,11.615384615384617
W052,depth,12,n_pred,5.384615384615385
W052,depth,12,n_reg,6.307692307692308
W052,depth,16,f1@0.5,0.4642963424339942
W052,depth,16,f1@0.75,0.257339354302917
W052,depth,16,miou,0.3555880484077908
W052,depth,16,n_gt,11.615384615384617
W052,depth,16,n_pred,3.692307692307693
W052,depth,16,n_reg,3.692307692307693
W052,depth,24,f1@0.5,0.4642963424339942
W052,depth,24,f1@0.75,0.257339354302917
W052,depth,24,miou,0.3559335669906026
W052,depth,24,n_gt,11.615384615384617
W052,depth,24,n_pred,3.692307692307693
W052,depth,24,n_reg,3.692307692307693
W052,depth,32,f1@0.5,0.4849605244254074
W052,depth,32,f1@0.75,0.2798363843514345
W052,depth,32,miou,0.3655337655518408
W052,depth,32,n_gt,11.615384615384617
W052,depth,32,n_pred,5.0
W052,depth,32,n_reg,5.846153846153846
W052,depth,48,f1@0.5,0.4906048078967614
W052,depth,48,f1@0.75,0.2972691067212019
W052,depth,48,miou,0.3743060947666751
W052,depth,48,n_gt,11.615384615384617
W052,depth,48,n_pred,6.230769230769231
W052,depth,48,n_reg,7.384615384615385
W052,normal,4,f1@0.5,0.307543266450149
W052,normal,4,f1@0.75,0.205550117898296
W052,normal,4,miou,0.3142557594626775
W052,normal,4,n_gt,11.615384615384617
W052,normal,4,n_pred,3.8461538461538463
W052,normal,4,n_reg,3.923076923076923
W052,normal,6,f1@0.5,0.1396569870551771
W052,normal,6,f1@0.75,0.0655516052574876
W052,normal,6,miou,0.2016390030384272
W052,normal,6,n_gt,11.615384615384617
W052,normal,6,n_pred,3.076923076923077
W052,normal,6,n_reg,3.615384615384616
W052,normal,8,f1@0.5,0.2158232118758434
W052,normal,8,f1@0.75,0.0786340852130325
W052,normal,8,miou,0.2834631925474211
W052,normal,8,n_gt,11.615384615384617
W052,normal,8,n_pred,4.6923076923076925
W052,normal,8,n_reg,4.923076923076923
W052,normal,12,f1@0.5,0.2886895156125925
W052,normal,12,f1@0.75,0.1708099592714977
W052,normal,12,miou,0.3223802731732918
W052,normal,12,n_gt,11.615384615384617
W052,normal,12,n_pred,5.0
W052,normal,12,n_reg,5.230769230769231
W052,normal,16,f1@0.5,0.1831705919498561
W052,normal,16,f1@0.75,0.0715947096381879
W052,normal,16,miou,0.2344612125400909
W052,normal,16,n_gt,11.615384615384617
W052,normal,16,n_pred,5.153846153846154
W052,normal,16,n_reg,6.307692307692308
W052,normal,24,f1@0.5,0.2815072775607893
W052,normal,24,f1@0.75,0.1575135455403014
W052,normal,24,miou,0.3466720346076525
W052,normal,24,n_gt,11.615384615384617
W052,normal,24,n_pred,6.076923076923077
W052,normal,24,n_reg,6.846153846153846
W052,normal,32,f1@0.5,0.2650401215284158
W052,normal,32,f1@0.75,0.1527554608156615
W052,normal,32,miou,0.3274701575893287
W052,normal,32,n_gt,11.615384615384617
W052,normal,32,n_pred,6.6923076923076925
W052,normal,32,n_reg,7.384615384615385
W052,normal,48,f1@0.5,0.3060136008001441
W052,normal,48,f1@0.75,0.1880567805857988
W052,normal,48,miou,0.3896335396786963
W052,normal,48,n_gt,11.615384615384617
W052,normal,48,n_pred,6.846153846153846
W052,normal,48,n_reg,8.23076923076923
W052,rgb,4,f1@0.5,0.4807081807081807
W052,rgb,4,f1@0.75,0.3097069597069597
W052,rgb,4,miou,0.566982348087236
W052,rgb,4,n_gt,11.615384615384617
W052,rgb,4,n_pred,5.6923076923076925
W052,rgb,4,n_reg,5.6923076923076925
W052,rgb,6,f1@0.5,0.5708715913876492
W052,rgb,6,f1@0.75,0.3808655340731408
W052,rgb,6,miou,0.7342215221741989
W052,rgb,6,n_gt,11.615384615384617
W052,rgb,6,n_pred,11.461538461538462
W052,rgb,6,n_reg,12.0
W052,rgb,8,f1@0.5,0.6801358856197566
W052,rgb,8,f1@0.75,0.494141852770885
W052,rgb,8,miou,0.743161188413481
W052,rgb,8,n_gt,11.615384615384617
W052,rgb,8,n_pred,13.23076923076923
W052,rgb,8,n_reg,15.0
W052,rgb,12,f1@0.5,0.6900349187334727
W052,rgb,12,f1@0.75,0.500877042868144
W052,rgb,12,miou,0.7425397536714287
W052,rgb,12,n_gt,11.615384615384617
W052,rgb,12,n_pred,12.76923076923077
W052,rgb,12,n_reg,14.076923076923077
W052,rgb,16,f1@0.5,0.649716862225985
W052,rgb,16,f1@0.75,0.4542772898779321
W052,rgb,16,miou,0.748988276226854
W052,rgb,16,n_gt,11.615384615384617
W052,rgb,16,n_pred,14.23076923076923
W052,rgb,16,n_reg,15.461538461538462
W052,rgb,24,f1@0.5,0.6829300601359425
W052,rgb,24,f1@0.75,0.4769757203580732
W052,rgb,24,miou,0.7501130050238689
W052,rgb,24,n_gt,11.615384615384617
W052,rgb,24,n_pred,14.692307692307692
W052,rgb,24,n_reg,16.846153846153847
W052,rgb,32,f1@0.5,0.5653479853479854
W052,rgb,32,f1@0.75,0.3671328671328671
W052,rgb,32,miou,0.5700898957713174
W052,rgb,32,n_gt,11.615384615384617
W052,rgb,32,n_pred,15.153846153846152
W052,rgb,32,n_reg,17.307692307692307
W052,rgb,48,f1@0.5,0.627537716330286
W052,rgb,48,f1@0.75,0.38810623640345
W052,rgb,48,miou,0.5644914199172973
W052,rgb,48,n_gt,11.615384615384617
W052,rgb,48,n_pred,15.0
W052,rgb,48,n_reg,17.23076923076923
W053,depth,4,f1@0.5,0.6103610278610279
W053,depth,4,f1@0.75,0.3722740222740223
W053,depth,4,miou,0.6111755746419317
W053,depth,4,n_gt,6.8
W053,depth,4,n_pred,4.5
W053,depth,4,n_reg,4.5
W053,depth,6,f1@0.5,0.367027232027232
W053,depth,6,f1@0.75,0.2163956413956413
W053,depth,6,miou,0.4160152130743407
W053,depth,6,n_gt,6.8
W053,depth,6,n_pred,4.166666666666667
W053,depth,6,n_reg,4.5
W053,depth,8,f1@0.5,0.5934884723120017
W053,depth,8,f1@0.75,0.3897498144556968
W053,depth,8,miou,0.6306421722891281
W053,depth,8,n_gt,6.8
W053,depth,8,n_pred,5.366666666666666
W053,depth,8,n_reg,5.466666666666667
W053,depth,12,f1@0.5,0.5882970624147095
W053,depth,12,f1@0.75,0.3855107855107855
W053,depth,12,miou,0.629190197279356
W053,depth,12,n_gt,6.8
W053,depth,12,n_pred,5.4
W053,depth,12,n_reg,5.5
W053,depth,16,f1@0.5,0.1594042994042994
W053,depth,16,f1@0.75,0.0937373737373737
W053,depth,16,miou,0.1856337547075562
W053,depth,16,n_gt,6.8
W053,depth,16,n_pred,1.6
W053,depth,16,n_reg,1.6
W053,depth,24,f1@0.5,0.5882970624147095
W053,depth,24,f1@0.75,0.3855107855107855
W053,depth,24,miou,0.6298532064741678
W053,depth,24,n_gt,6.8
W053,depth,24,n_pred,5.4
W053,depth,24,n_reg,5.5
W053,depth,32,f1@0.5,0.629588467088467
W053,depth,32,f1@0.75,0.3622788322788323
W053,depth,32,miou,0.580563725424354
W053,depth,32,n_gt,6.8
W053,depth,32,n_pred,4.433333333333334
W053,depth,32,n_reg,4.533333333333333
W053,depth,48,f1@0.5,0.1594042994042994
W053,depth,48,f1@0.75,0.0937373737373737
W053,depth,48,miou,0.1851393471140784
W053,depth,48,n_gt,6.8
W053,depth,48,n_pred,1.6
W053,depth,48,n_reg,1.6
W053,normal,4,f1@0.5,0.1072444222444222
W053,normal,4,f1@0.75,0.0656099456099456
W053,normal,4,miou,0.2313368399692977
W053,normal,4,n_gt,6.8
W053,normal,4,n_pred,3.2666666666666666
W053,normal,4,n_reg,3.466666666666667
W053,normal,6,f1@0.5,0.0624098124098124
W053,normal,6,f1@0.75,0.0166666666666666
W053,normal,6,miou,0.1330148539100707
W053,normal,6,n_gt,6.8
W053,normal,6,n_pred,2.3
W053,normal,6,n_reg,2.5
W053,normal,8,f1@0.5,0.0624098124098124
W053,normal,8,f1@0.75,0.0166666666666666
W053,normal,8,miou,0.1330910015554341
W053,normal,8,n_gt,6.8
W053,normal,8,n_pred,2.3
W053,normal,8,n_reg,2.533333333333333
W053,normal,12,f1@0.5,0.0185897435897435
W053,normal,12,f1@0.75,0.0051282051282051
W053,normal,12,miou,0.1409748859779561
W053,normal,12,n_gt,6.8
W053,normal,12,n_pred,2.966666666666667
W053,normal,12,n_reg,3.3666666666666667
W053,normal,16,f1@0.5,0.1514141414141414
W053,normal,16,f1@0.75,0.0701683501683501
W053,normal,16,miou,0.2188024749000186
W053,normal,16,n_gt,6.8
W053,normal,16,n_pred,2.7
W053,normal,16,n_reg,3.2666666666666666
W053,normal,24,f1@0.5,0.0227920227920227
W053,normal,24,f1@0.75,0.0102564102564102
W053,normal,24,miou,0.1478262728567776
W053,normal,24,n_gt,6.8
W053,normal,24,n_pred,3.433333333333333
W053,normal,24,n_reg,4.233333333333333
W053,normal,32,f1@0.5,0.1506193806193806
W053,normal,32,f1@0.75,0.0721001221001221
W053,normal,32,miou,0.27211612919318
W053,normal,32,n_gt,6.8
W053,normal,32,n_pred,5.0
W053,normal,32,n_reg,5.7
W053,normal,48,f1@0.5,0.0672429422429422
W053,normal,48,f1@0.75,0.0306332556332556
W053,normal,48,miou,0.1616073915880117
W053,normal,48,n_gt,6.8
W053,normal,48,n_pred,3.8666666666666663
W053,normal,48,n_reg,4.866666666666666
W053,rgb,4,f1@0.5,0.4133472083472083
W053,rgb,4,f1@0.75,0.2179464979464979
W053,rgb,4,miou,0.4095291846349054
W053,rgb,4,n_gt,6.8
W053,rgb,4,n_pred,3.566666666666667
W053,rgb,4,n_reg,4.133333333333334
W053,rgb,6,f1@0.5,0.3604151404151404
W053,rgb,6,f1@0.75,0.1921408221408221
W053,rgb,6,miou,0.4193129353044228
W053,rgb,6,n_gt,6.8
W053,rgb,6,n_pred,4.9
W053,rgb,6,n_reg,5.966666666666667
W053,rgb,8,f1@0.5,0.4294031894031894
W053,rgb,8,f1@0.75,0.2359053909053909
W053,rgb,8,miou,0.4216147155463913
W053,rgb,8,n_gt,6.8
W053,rgb,8,n_pred,5.9
W053,rgb,8,n_reg,6.6
W053,rgb,12,f1@0.5,0.3698527833821952
W053,rgb,12,f1@0.75,0.1969431385607856
W053,rgb,12,miou,0.4223981819843527
W053,rgb,12,n_gt,6.8
W053,rgb,12,n_pred,7.666666666666667
W053,rgb,12,n_reg,8.2
W053,rgb,16,f1@0.5,0.3449196171332394
W053,rgb,16,f1@0.75,0.1736625546223069
W053,rgb,16,miou,0.4234521197403886
W053,rgb,16,n_gt,6.8
W053,rgb,16,n_pred,8.333333333333334
W053,rgb,16,n_reg,9.166666666666666
W053,rgb,24,f1@0.5,0.2877092763356055
W053,rgb,24,f1@0.75,0.1258619193856103
W053,rgb,24,miou,0.4223823017954481
W053,rgb,24,n_gt,6.8
W053,rgb,24,n_pred,10.7
W053,rgb,24,n_reg,11.566666666666666
W053,rgb,32,f1@0.5,0.3020738085443968
W053,rgb,32,f1@0.75,0.1259380869674987
W053,rgb,32,miou,0.3893212608991576
W053,rgb,32,n_gt,6.8
W053,rgb,32,n_pred,10.3
W053,rgb,32,n_reg,11.0
W053,rgb,48,f1@0.5,0.2500529261249412
W053,rgb,48,f1@0.75,0.0972968803231288
W053,rgb,48,miou,0.4315007990466989
W053,rgb,48,n_gt,6.8
W053,rgb,48,n_pred,13.2
W053,rgb,48,n_reg,14.4
W054,depth,4,f1@0.5,0.2765824101523899
W054,depth,4,f1@0.75,0.1745330227581749
W054,depth,4,miou,0.3316236588047931
W054,depth,4,n_gt,7.448275862068965
W054,depth,4,n_pred,5.413793103448276
W054,depth,4,n_reg,5.931034482758621
W054,depth,6,f1@0.5,0.2837319655778074
W054,depth,6,f1@0.75,0.1754975754468655
W054,depth,6,miou,0.3281408780750803
W054,depth,6,n_gt,7.448275862068965
W054,depth,6,n_pred,5.241379310344827
W054,depth,6,n_reg,5.896551724137931
W054,depth,8,f1@0.5,0.2714253630075131
W054,depth,8,f1@0.75,0.1736863204408843
W054,depth,8,miou,0.3312553735024874
W054,depth,8,n_gt,7.448275862068965
W054,depth,8,n_pred,5.448275862068965
W054,depth,8,n_reg,6.172413793103448
W054,depth,12,f1@0.5,0.2664245096800878
W054,depth,12,f1@0.75,0.1724032053139558
W054,depth,12,miou,0.3298733352298989
W054,depth,12,n_gt,7.448275862068965
W054,depth,12,n_pred,5.413793103448276
W054,depth,12,n_reg,6.137931034482759
W054,depth,16,f1@0.5,0.2695646082562918
W054,depth,16,f1@0.75,0.1688833647758597
W054,depth,16,miou,0.331498629052943
W054,depth,16,n_gt,7.448275862068965
W054,depth,16,n_pred,5.724137931034483
W054,depth,16,n_reg,6.724137931034483
W054,depth,24,f1@0.5,0.2771048761920973
W054,depth,24,f1@0.75,0.1750554887978823
W054,depth,24,miou,0.330538489447399
W054,depth,24,n_gt,7.448275862068965
W054,depth,24,n_pred,5.379310344827586
W054,depth,24,n_reg,5.931034482758621
W054,depth,32,f1@0.5,0.2718042944209273
W054,depth,32,f1@0.75,0.1736863204408843
W054,depth,32,miou,0.3304332308353253
W054,depth,32,n_gt,7.448275862068965
W054,depth,32,n_pred,5.413793103448276
W054,depth,32,n_reg,6.137931034482759
W054,depth,48,f1@0.5,0.2887426636919538
W054,depth,48,f1@0.75,0.178453240471496
W054,depth,48,miou,0.3313608092727725
W054,depth,48,n_gt,7.448275862068965
W054,depth,48,n_pred,5.137931034482759
W054,depth,48,n_reg,5.793103448275862
W054,normal,4,f1@0.5,0.2176688254274461
W054,normal,4,f1@0.75,0.1320099440789096
W054,normal,4,miou,0.2689868144031639
W054,normal,4,n_gt,7.448275862068965
W054,normal,4,n_pred,3.655172413793104
W054,normal,4,n_reg,3.8620689655172415
W054,normal,6,f1@0.5,0.2829812907399114
W054,normal,6,f1@0.75,0.1746927402099815
W054,normal,6,miou,0.3232112559790979
W054,normal,6,n_gt,7.448275862068965
W054,normal,6,n_pred,4.379310344827586
W054,normal,6,n_reg,5.379310344827586
W054,normal,8,f1@0.5,0.2566966727210135
W054,normal,8,f1@0.75,0.1897932133226251
W054,normal,8,miou,0.3037335476550911
W054,normal,8,n_gt,7.448275862068965
W054,normal,8,n_pred,4.310344827586207
W054,normal,8,n_reg,4.862068965517241
W054,normal,12,f1@0.5,0.4662979820554284
W054,normal,12,f1@0.75,0.2799855722963441
W054,normal,12,miou,0.5292119770205612
W054,normal,12,n_gt,7.448275862068965
W054,normal,12,n_pred,6.655172413793103
W054,normal,12,n_reg,8.413793103448276
W054,normal,16,f1@0.5,0.4158957844049122
W054,normal,16,f1@0.75,0.2764567751383167
W054,normal,16,miou,0.4494329954365967
W054,normal,16,n_gt,7.448275862068965
W054,normal,16,n_pred,5.896551724137931
W054,normal,16,n_reg,7.448275862068965
W054,normal,24,f1@0.5,0.2583932238597553
W054,normal,24,f1@0.75,0.1939182071027912
W054,normal,24,miou,0.3189764456705729
W054,normal,24,n_gt,7.448275862068965
W054,normal,24,n_pred,4.655172413793103
W054,normal,24,n_reg,6.206896551724138
W054,normal,32,f1@0.5,0.2691589118566806
W054,normal,32,f1@0.75,0.1993522929628406
W054,normal,32,miou,0.3221357574412095
W054,normal,32,n_gt,7.448275862068965
W054,normal,32,n_pred,4.586206896551724
W054,normal,32,n_reg,6.344827586206897
W054,normal,48,f1@0.5,0.3085519900428622
W054,normal,48,f1@0.75,0.2080499453217505
W054,normal,48,miou,0.3445236668248723
W054,normal,48,n_gt,7.448275862068965
W054,normal,48,n_pred,5.241379310344827
W054,normal,48,n_reg,6.448275862068965
W054,rgb,4,f1@0.5,0.6523682979298437
W054,rgb,4,f1@0.75,0.3909801007030643
W054,rgb,4,miou,0.6764118715487563
W054,rgb,4,n_gt,7.448275862068965
W054,rgb,4,n_pred,9.06896551724138
W054,rgb,4,n_reg,10.379310344827584
W054,rgb,6,f1@0.5,0.6940331299010706
W054,rgb,6,f1@0.75,0.4564139906805648
W054,rgb,6,miou,0.6527275800343889
W054,rgb,6,n_gt,7.448275862068965
W054,rgb,6,n_pred,6.241379310344827
W054,rgb,6,n_reg,7.241379310344827
W054,rgb,8,f1@0.5,0.6003780814632741
W054,rgb,8,f1@0.75,0.350869068833732
W054,rgb,8,miou,0.6280829986608769
W054,rgb,8,n_gt,7.448275862068965
W054,rgb,8,n_pred,7.586206896551724
W054,rgb,8,n_reg,9.0
W054,rgb,12,f1@0.5,0.5132542194238939
W054,rgb,12,f1@0.75,0.243853140579826
W054,rgb,12,miou,0.6762801117562429
W054,rgb,12,n_gt,7.448275862068965
W054,rgb,12,n_pred,13.79310344827586
W054,rgb,12,n_reg,17.137931034482758
W054,rgb,16,f1@0.5,0.5108417204390616
W054,rgb,16,f1@0.75,0.2499522423240257
W054,rgb,16,miou,0.6742204481127679
W054,rgb,16,n_gt,7.448275862068965
W054,rgb,16,n_pred,13.379310344827584
W054,rgb,16,n_reg,17.06896551724138
W054,rgb,24,f1@0.5,0.4556085707207824
W054,rgb,24,f1@0.75,0.2848313992968446
W054,rgb,24,miou,0.6425047179423161
W054,rgb,24,n_gt,7.448275862068965
W054,rgb,24,n_pred,14.310344827586206
W054,rgb,24,n_reg,17.93103448275862
W054,rgb,32,f1@0.5,0.493482272193373
W054,rgb,32,f1@0.75,0.2741952258901239
W054,rgb,32,miou,0.6886826735074039
W054,rgb,32,n_gt,7.448275862068965
W054,rgb,32,n_pred,14.89655172413793
W054,rgb,32,n_reg,18.75862068965517
W054,rgb,48,f1@0.5,0.4779031608403606
W054,rgb,48,f1@0.75,0.2213718929745383
W054,rgb,48,miou,0.678757398677622
W054,rgb,48,n_gt,7.448275862068965
W054,rgb,48,n_pred,15.413793103448276
W054,rgb,48,n_reg,19.06896551724138
W055,depth,4,f1@0.5,0.2039335664335664
W055,depth,4,f1@0.75,0.1299760424760424
W055,depth,4,miou,0.2233621876144348
W055,depth,4,n_gt,8.041666666666666
W055,depth,4,n_pred,2.2916666666666665
W055,depth,4,n_reg,2.833333333333333
W055,depth,6,f1@0.5,0.2044321419321419
W055,depth,6,f1@0.75,0.1344276094276094
W055,depth,6,miou,0.2206633803037718
W055,depth,6,n_gt,8.041666666666666
W055,depth,6,n_pred,1.9166666666666667
W055,depth,6,n_reg,1.9166666666666667
W055,depth,8,f1@0.5,0.288231906981907
W055,depth,8,f1@0.75,0.1645918895918895
W055,depth,8,miou,0.2640077140600118
W055,depth,8,n_gt,8.041666666666666
W055,depth,8,n_pred,3.375
W055,depth,8,n_reg,4.208333333333333
W055,depth,12,f1@0.5,0.3140755078255078
W055,depth,12,f1@0.75,0.1846565471565471
W055,depth,12,miou,0.2816457083329638
W055,depth,12,n_gt,8.041666666666666
W055,depth,12,n_pred,3.4166666666666665
W055,depth,12,n_reg,4.208333333333333
W055,depth,16,f1@0.5,0.2070975320975321
W055,depth,16,f1@0.75,0.1279660154660154
W055,depth,16,miou,0.222313495189075
W055,depth,16,n_gt,8.041666666666666
W055,depth,16,n_pred,2.5
W055,depth,16,n_reg,3.458333333333333
W055,depth,24,f1@0.5,0.207822964072964
W055,depth,24,f1@0.75,0.12882881007881
W055,depth,24,miou,0.2221287432845987
W055,depth,24,n_gt,8.041666666666666
W055,depth,24,n_pred,2.458333333333333
W055,depth,24,n_reg,3.1666666666666665
W055,depth,32,f1@0.5,0.2070975320975321
W055,depth,32,f1@0.75,0.1279660154660154
W055,depth,32,miou,0.2223070264693824
W055,depth,32,n_gt,8.041666666666666
W055,depth,32,n_pred,2.5
W055,depth,32,n_reg,3.458333333333333
W055,depth,48,f1@0.5,0.2061817811817811
W055,depth,48,f1@0.75,0.12750814000814
W055,depth,48,miou,0.2222922120559486
W055,depth,48,n_gt,8.041666666666666
W055,depth,48,n_pred,2.5416666666666665
W055,depth,48,n_reg,3.458333333333333
W055,normal,4,f1@0.5,0.0565323565323565
W055,normal,4,f1@0.75,0.0133547008547008
W055,normal,4,miou,0.1794654354746786
W055,normal,4,n_gt,8.041666666666666
W055,normal,4,n_pred,3.625
W055,normal,4,n_reg,3.8333333333333335
W055,normal,6,f1@0.5,0.3405514624264624
W055,normal,6,f1@0.75,0.246023421023421
W055,normal,6,miou,0.3932037946314876
W055,normal,6,n_gt,8.041666666666666
W055,normal,6,n_pred,4.25
W055,normal,6,n_reg,4.25
W055,normal,8,f1@0.5,0.1063547563547563
W055,normal,8,f1@0.75,0.0623223998223998
W055,normal,8,miou,0.1305896628023297
W055,normal,8,n_gt,8.041666666666666
W055,normal,8,n_pred,3.7916666666666665
W055,normal,8,n_reg,3.9583333333333335
W055,normal,12,f1@0.5,0.1640585109335109
W055,normal,12,f1@0.75,0.1116775585525585
W055,normal,12,miou,0.1718740385557023
W055,normal,12,n_gt,8.041666666666666
W055,normal,12,n_pred,4.291666666666667
W055,normal,12,n_reg,4.291666666666667
W055,normal,16,f1@0.5,0.3099898467545526
W055,normal,16,f1@0.75,0.2146320795217854
W055,normal,16,miou,0.3392415049462765
W055,normal,16,n_gt,8.041666666666666
W055,normal,16,n_pred,4.833333333333333
W055,normal,16,n_reg,5.083333333333333
W055,normal,24,f1@0.5,0.3914256087050204
W055,normal,24,f1@0.75,0.2865172885393474
W055,normal,24,miou,0.3984267292611641
W055,normal,24,n_gt,8.041666666666666
W055,normal,24,n_pred,4.833333333333333
W055,normal,24,n_reg,5.375
W055,normal,32,f1@0.5,0.2659913594317619
W055,normal,32,f1@0.75,0.1811089319893499
W055,normal,32,miou,0.4265983467517077
W055,normal,32,n_gt,8.041666666666666
W055,normal,32,n_pred,7.166666666666667
W055,normal,32,n_reg,7.625
W055,normal,48,f1@0.5,0.1091002747252747
W055,normal,48,f1@0.75,0.0727907509157509
W055,normal,48,miou,0.1483926343516794
W055,normal,48,n_gt,8.041666666666666
W055,normal,48,n_pred,4.0
W055,normal,48,n_reg,4.333333333333333
W055,rgb,4,f1@0.5,0.57184077281794
W055,rgb,4,f1@0.75,0.2838714644345449
W055,rgb,4,miou,0.627650566333795
W055,rgb,4,n_gt,8.041666666666666
W055,rgb,4,n_pred,6.416666666666667
W055,rgb,4,n_reg,7.125
W055,rgb,6,f1@0.5,0.4792172475575356
W055,rgb,6,f1@0.75,0.2773650796315354
W055,rgb,6,miou,0.6351079624182359
W055,rgb,6,n_gt,8.041666666666666
W055,rgb,6,n_pred,9.166666666666666
W055,rgb,6,n_reg,9.875
W055,rgb,8,f1@0.5,0.457361433062234
W055,rgb,8,f1@0.75,0.266853236654438
W055,rgb,8,miou,0.6406665949105566
W055,rgb,8,n_gt,8.041666666666666
W055,rgb,8,n_pred,10.125
W055,rgb,8,n_reg,10.75
W055,rgb,12,f1@0.5,0.4605248392058528
W055,rgb,12,f1@0.75,0.289500645905024
W055,rgb,12,miou,0.678909080965482
W055,rgb,12,n_gt,8.041666666666666
W055,rgb,12,n_pred,11.791666666666666
W055,rgb,12,n_reg,12.416666666666666
W055,rgb,16,f1@0.5,0.4848441596318161
W055,rgb,16,f1@0.75,0.2928560895962296
W055,rgb,16,miou,0.6815109700604624
W055,rgb,16,n_gt,8.041666666666666
W055,rgb,16,n_pred,11.083333333333334
W055,rgb,16,n_reg,11.958333333333334
W055,rgb,24,f1@0.5,0.4049791044513584
W055,rgb,24,f1@0.75,0.2387227233208354
W055,rgb,24,miou,0.6836787737466153
W055,rgb,24,n_gt,8.041666666666666
W055,rgb,24,n_pred,11.458333333333334
W055,rgb,24,n_reg,11.916666666666666
W055,rgb,32,f1@0.5,0.5059738678311164
W055,rgb,32,f1@0.75,0.2937808079221796
W055,rgb,32,miou,0.6433108990335451
W055,rgb,32,n_gt,8.041666666666666
W055,rgb,32,n_pred,9.708333333333334
W055,rgb,32,n_reg,10.041666666666666
W055,rgb,48,f1@0.5,0.4723822261404709
W055,rgb,48,f1@0.75,0.2457041651532834
W055,rgb,48,miou,0.6529222400566511
W055,rgb,48,n_gt,8.041666666666666
W055,rgb,48,n_pred,11.25
W055,rgb,48,n_reg,11.833333333333334
W056,depth,4,f1@0.5,0.444116994116994
W056,depth,4,f1@0.75,0.1506345506345506
W056,depth,4,miou,0.3691316555569873
W056,depth,4,n_gt,8.444444444444445
W056,depth,4,n_pred,3.0
W056,depth,4,n_reg,3.0
W056,depth,6,f1@0.5,0.4752608502608502
W056,depth,6,f1@0.75,0.1935194435194435
W056,depth,6,miou,0.4646077516754549
W056,depth,6,n_gt,8.444444444444445
W056,depth,6,n_pred,4.5
W056,depth,6,n_reg,4.722222222222222
W056,depth,8,f1@0.5,0.4998270248270248
W056,depth,8,f1@0.75,0.2226088726088726
W056,depth,8,miou,0.5446096615288588
W056,depth,8,n_gt,8.444444444444445
W056,depth,8,n_pred,4.888888888888889
W056,depth,8,n_reg,5.0
W056,depth,12,f1@0.5,0.5074837199837199
W056,depth,12,f1@0.75,0.1705128205128205
W056,depth,12,miou,0.5363439621946577
W056,depth,12,n_gt,8.444444444444445
W056,depth,12,n_pred,4.888888888888889
W056,depth,12,n_reg,5.0
W056,depth,16,f1@0.5,0.5090862840862841
W056,depth,16,f1@0.75,0.221998371998372
W056,depth,16,miou,0.5445164196175604
W056,depth,16,n_gt,8.444444444444445
W056,depth,16,n_pred,4.888888888888889
W056,depth,16,n_reg,5.0
W056,depth,24,f1@0.5,0.5175037925037924
W056,depth,24,f1@0.75,0.227048877048877
W056,depth,24,miou,0.5385629849720989
W056,depth,24,n_gt,8.444444444444445
W056,depth,24,n_pred,4.722222222222222
W056,depth,24,n_reg,4.833333333333333
W056,depth,32,f1@0.5,0.499547212047212
W056,depth,32,f1@0.75,0.2226088726088726
W056,depth,32,miou,0.5427026118909782
W056,depth,32,n_gt,8.444444444444445
W056,depth,32,n_pred,4.888888888888889
W056,depth,32,n_reg,5.0
W056,depth,48,f1@0.5,0.4435249935249935
W056,depth,48,f1@0.75,0.159026159026159
W056,depth,48,miou,0.444707129258708
W056,depth,48,n_gt,8.444444444444445
W056,depth,48,n_pred,3.888888888888889
W056,depth,48,n_reg,4.0
W056,normal,4,f1@0.5,0.2415047915047915
W056,normal,4,f1@0.75,0.2107355607355607
W056,normal,4,miou,0.3455537937526703
W056,normal,4,n_gt,8.444444444444445
W056,normal,4,n_pred,3.0
W056,normal,4,n_reg,3.0
W056,normal,6,f1@0.5,0.0801587301587301
W056,normal,6,f1@0.75,0.0611111111111111
W056,normal,6,miou,0.2088001916582579
W056,normal,6,n_gt,8.444444444444445
W056,normal,6,n_pred,3.388888888888889
W056,normal,6,n_reg,3.888888888888889
W056,normal,8,f1@0.5,0.375710754387225
W056,normal,8,f1@0.75,0.2204706241470947
W056,normal,8,miou,0.4853118033769444
W056,normal,8,n_gt,8.444444444444445
W056,normal,8,n_pred,6.555555555555555
W056,normal,8,n_reg,6.833333333333333
W056,normal,12,f1@0.5,0.2081603581603581
W056,normal,12,f1@0.75,0.1817053317053317
W056,normal,12,miou,0.3742210311859276
W056,normal,12,n_gt,8.444444444444445
W056,normal,12,n_pred,4.722222222222222
W056,normal,12,n_reg,5.666666666666667
W056,normal,16,f1@0.5,0.1139652014652014
W056,normal,16,f1@0.75,0.0905372405372405
W056,normal,16,miou,0.2767183304319643
W056,normal,16,n_gt,8.444444444444445
W056,normal,16,n_pred,5.222222222222222
W056,normal,16,n_reg,5.555555555555555
W056,normal,24,f1@0.5,0.4137542196365726
W056,normal,24,f1@0.75,0.2851198456590613
W056,normal,24,miou,0.5486396727272668
W056,normal,24,n_gt,8.444444444444445
W056,normal,24,n_pred,6.944444444444445
W056,normal,24,n_reg,7.444444444444445
W056,normal,32,f1@0.5,0.3966066341066341
W056,normal,32,f1@0.75,0.2466473341473341
W056,normal,32,miou,0.4418984603583331
W056,normal,32,n_gt,8.444444444444445
W056,normal,32,n_pred,4.888888888888889
W056,normal,32,n_reg,5.666666666666667
W056,normal,48,f1@0.5,0.4295380545380545
W056,normal,48,f1@0.75,0.2578805453805454
W056,normal,48,miou,0.4797529884807137
W056,normal,48,n_gt,8.444444444444445
W056,normal,48,n_pred,5.611111111111111
W056,normal,48,n_reg,6.055555555555555
W056,rgb,4,f1@0.5,0.4669416544545543
W056,rgb,4,f1@0.75,0.2608722293835813
W056,rgb,4,miou,0.5655773126711503
W056,rgb,4,n_gt,8.444444444444445
W056,rgb,4,n_pred,7.555555555555555
W056,rgb,4,n_reg,7.888888888888889
W056,rgb,6,f1@0.5,0.5184353858502466
W056,rgb,6,f1@0.75,0.2660785269273401
W056,rgb,6,miou,0.689252031098657
W056,rgb,6,n_gt,8.444444444444445
W056,rgb,6,n_pred,8.333333333333334
W056,rgb,6,n_reg,8.666666666666666
W056,rgb,8,f1@0.5,0.5091212546163864
W056,rgb,8,f1@0.75,0.3153043976915516
W056,rgb,8,miou,0.8047217160800093
W056,rgb,8,n_gt,8.444444444444445
W056,rgb,8,n_pred,12.166666666666666
W056,rgb,8,n_reg,12.72222222222222
W056,rgb,12,f1@0.5,0.4222185541102398
W056,rgb,12,f1@0.75,0.2699414164669694
W056,rgb,12,miou,0.7974955816978486
W056,rgb,12,n_gt,8.444444444444445
W056,rgb,12,n_pred,14.0
W056,rgb,12,n_reg,14.555555555555555
W056,rgb,16,f1@0.5,0.4602761567745639
W056,rgb,16,f1@0.75,0.2972482725094112
W056,rgb,16,miou,0.8028861512126034
W056,rgb,16,n_gt,8.444444444444445
W056,rgb,16,n_pred,14.055555555555555
W056,rgb,16,n_reg,14.72222222222222
W056,rgb,24,f1@0.5,0.4466200007995674
W056,rgb,24,f1@0.75,0.2952785907329662
W056,rgb,24,miou,0.8003961141040311
W056,rgb,24,n_gt,8.444444444444445
W056,rgb,24,n_pred,14.27777777777778
W056,rgb,24,n_reg,15.0
W056,rgb,32,f1@0.5,0.432753262731202
W056,rgb,32,f1@0.75,0.2905634840313502
W056,rgb,32,miou,0.8035267148242018
W056,rgb,32,n_gt,8.444444444444445
W056,rgb,32,n_pred,15.27777777777778
W056,rgb,32,n_reg,16.055555555555557
W056,rgb,48,f1@0.5,0.5280806254961592
W056,rgb,48,f1@0.75,0.3445763456666674
W056,rgb,48,miou,0.8106457803813039
W056,rgb,48,n_gt,8.444444444444445
W056,rgb,48,n_pred,12.0
W056,rgb,48,n_reg,12.944444444444445
W057,depth,4,f1@0.5,0.6133333333333333
W057,depth,4,f1@0.75,0.4688888888888889
W057,depth,4,miou,0.6482308344448825
W057,depth,4,n_gt,5.6
W057,depth,4,n_pred,3.0
W057,depth,4,n_reg,3.0
W057,depth,6,f1@0.5,0.6425407925407925
W057,depth,6,f1@0.75,0.3771561771561771
W057,depth,6,miou,0.6456271675349424
W057,depth,6,n_gt,5.6
W057,depth,6,n_pred,6.0
W057,depth,6,n_reg,6.0
W057,depth,8,f1@0.5,0.5021245421245422
W057,depth,8,f1@0.75,0.2027838827838827
W057,depth,8,miou,0.6444185888624714
W057,depth,8,n_gt,5.6
W057,depth,8,n_pred,8.0
W057,depth,8,n_reg,8.0
W057,depth,12,f1@0.5,0.4007326007326007
W057,depth,12,f1@0.75,0.1747252747252747
W057,depth,12,miou,0.6443896858834731
W057,depth,12,n_gt,5.6
W057,depth,12,n_pred,7.0
W057,depth,12,n_reg,7.0
W057,depth,16,f1@0.5,0.4888111888111888
W057,depth,16,f1@0.75,0.2933566433566433
W057,depth,16,miou,0.6446487306835973
W057,depth,16,n_gt,5.6
W057,depth,16,n_pred,6.0
W057,depth,16,n_reg,6.0
W057,depth,24,f1@0.5,0.4007326007326007
W057,depth,24,f1@0.75,0.1747252747252747
W057,depth,24,miou,0.644110611577423
W057,depth,24,n_gt,5.6
W057,depth,24,n_pred,7.0
W057,depth,24,n_reg,7.0
W057,depth,32,f1@0.5,0.5910256410256409
W057,depth,32,f1@0.75,0.3139194139194139
W057,depth,32,miou,0.6445261403365683
W057,depth,32,n_gt,5.6
W057,depth,32,n_pred,7.0
W057,depth,32,n_reg,7.0
W057,depth,48,f1@0.5,0.4007326007326007
W057,depth,48,f1@0.75,0.1747252747252747
W057,depth,48,miou,0.6440678610668074
W057,depth,48,n_gt,5.6
W057,depth,48,n_pred,7.0
W057,depth,48,n_reg,7.0
W057,normal,4,f1@0.5,0.5086868686868687
W057,normal,4,f1@0.75,0.2101010101010101
W057,normal,4,miou,0.4237798575095054
W057,normal,4,n_gt,5.6
W057,normal,4,n_pred,4.7
W057,normal,4,n_reg,4.8
W057,normal,6,f1@0.5,0.5967132867132867
W057,normal,6,f1@0.75,0.3884382284382284
W057,normal,6,miou,0.6103517845072172
W057,normal,6,n_gt,5.6
W057,normal,6,n_pred,5.8
W057,normal,6,n_reg,6.0
W057,normal,8,f1@0.5,0.2808080808080808
W057,normal,8,f1@0.75,0.0333333333333333
W057,normal,8,miou,0.1754310519367001
W057,normal,8,n_gt,5.6
W057,normal,8,n_pred,4.6
W057,normal,8,n_reg,4.6
W057,normal,12,f1@0.5,0.5697635697635698
W057,normal,12,f1@0.75,0.3418981018981019
W057,normal,12,miou,0.6257510956260461
W057,normal,12,n_gt,5.6
W057,normal,12,n_pred,7.4
W057,normal,12,n_reg,7.6
W057,normal,16,f1@0.5,0.4407692307692308
W057,normal,16,f1@0.75,0.1972338772338772
W057,normal,16,miou,0.3721073061374231
W057,normal,16,n_gt,5.6
W057,normal,16,n_pred,5.5
W057,normal,16,n_reg,5.8
W057,normal,24,f1@0.5,0.555021645021645
W057,normal,24,f1@0.75,0.1856421356421356
W057,normal,24,miou,0.436221943106062
W057,normal,24,n_gt,5.6
W057,normal,24,n_pred,6.0
W057,normal,24,n_reg,6.5
W057,normal,32,f1@0.5,0.5485780885780885
W057,normal,32,f1@0.75,0.1893550893550893
W057,normal,32,miou,0.4300262582168828
W057,normal,32,n_gt,5.6
W057,normal,32,n_pred,5.8
W057,normal,32,n_reg,6.5
W057,normal,48,f1@0.5,0.3869696969696969
W057,normal,48,f1@0.75,0.1692424242424242
W057,normal,48,miou,0.4290262639905749
W057,normal,48,n_gt,5.6
W057,normal,48,n_pred,5.0
W057,normal,48,n_reg,5.6
W057,rgb,4,f1@0.5,0.9484848484848484
W057,rgb,4,f1@0.75,0.931818181818182
W057,rgb,4,miou,0.9294623360453184
W057,rgb,4,n_gt,5.6
W057,rgb,4,n_pred,5.0
W057,rgb,4,n_reg,5.0
W057,rgb,6,f1@0.5,0.8274891774891776
W057,rgb,6,f1@0.75,0.7132034632034632
W057,rgb,6,miou,0.9350353593546216
W057,rgb,6,n_gt,5.6
W057,rgb,6,n_pred,6.7
W057,rgb,6,n_reg,6.7
W057,rgb,8,f1@0.5,0.7446320346320346
W057,rgb,8,f1@0.75,0.6289177489177489
W057,rgb,8,miou,0.930688768414033
W057,rgb,8,n_gt,5.6
W057,rgb,8,n_pred,8.1
W057,rgb,8,n_reg,8.5
W057,rgb,12,f1@0.5,0.6990519284636931
W057,rgb,12,f1@0.75,0.4757056668821374
W057,rgb,12,miou,0.9332328559085796
W057,rgb,12,n_gt,5.6
W057,rgb,12,n_pred,9.0
W057,rgb,12,n_reg,9.2
W057,rgb,16,f1@0.5,0.7158225108225108
W057,rgb,16,f1@0.75,0.6199891774891775
W057,rgb,16,miou,0.9290315612845128
W057,rgb,16,n_gt,5.6
W057,rgb,16,n_pred,8.7
W057,rgb,16,n_reg,9.1
W057,rgb,24,f1@0.5,0.6221638655462185
W057,rgb,24,f1@0.75,0.4981792717086835
W057,rgb,24,miou,0.9187578752760626
W057,rgb,24,n_gt,5.6
W057,rgb,24,n_pred,10.9
W057,rgb,24,n_reg,11.5
W057,rgb,32,f1@0.5,0.652658371040724
W057,rgb,32,f1@0.75,0.5047410759175465
W057,rgb,32,miou,0.9292079150996604
W057,rgb,32,n_gt,5.6
W057,rgb,32,n_pred,10.1
W057,rgb,32,n_reg,10.7
W057,rgb,48,f1@0.5,0.6872553916671563
W057,rgb,48,f1@0.75,0.5322909443497679
W057,rgb,48,miou,0.9285956909938164
W057,rgb,48,n_gt,5.6
W057,rgb,48,n_pred,9.3
W057,rgb,48,n_reg,9.9
W058,depth,4,f1@0.5,0.6822344322344323
W058,depth,4,f1@0.75,0.435782967032967
W058,depth,4,miou,0.8427736995776083
W058,depth,4,n_gt,5.8125
W058,depth,4,n_pred,7.0
W058,depth,4,n_reg,7.0
W058,depth,6,f1@0.5,0.6205198906485672
W058,depth,6,f1@0.75,0.4491919844861021
W058,depth,6,miou,0.8790171762760013
W058,depth,6,n_gt,5.8125
W058,depth,6,n_pred,9.0625
W058,depth,6,n_reg,9.125
W058,depth,8,f1@0.5,0.5829963235294118
W058,depth,8,f1@0.75,0.4141792133520074
W058,depth,8,miou,0.9033418128040488
W058,depth,8,n_gt,5.8125
W058,depth,8,n_pred,9.8125
W058,depth,8,n_reg,10.3125
W058,depth,12,f1@0.5,0.6115283613445378
W058,depth,12,f1@0.75,0.4240546218487395
W058,depth,12,miou,0.8859621445357858
W058,depth,12,n_gt,5.8125
W058,depth,12,n_pred,9.25
W058,depth,12,n_reg,9.3125
W058,depth,16,f1@0.5,0.615625
W058,depth,16,f1@0.75,0.4474206349206349
W058,depth,16,miou,0.9072572509010056
W058,depth,16,n_gt,5.8125
W058,depth,16,n_pred,9.375
W058,depth,16,n_reg,9.875
W058,depth,24,f1@0.5,0.5571820175438597
W058,depth,24,f1@0.75,0.406062414000688
W058,depth,24,miou,0.914753774967152
W058,depth,24,n_gt,5.8125
W058,depth,24,n_pred,11.1875
W058,depth,24,n_reg,12.125
W058,depth,32,f1@0.5,0.5562403250773994
W058,depth,32,f1@0.75,0.4121307404540764
W058,depth,32,miou,0.9077073790251464
W058,depth,32,n_gt,5.8125
W058,depth,32,n_pred,10.375
W058,depth,32,n_reg,10.9375
W058,depth,48,f1@0.5,0.5750216533982013
W058,depth,48,f1@0.75,0.4074563707061772
W058,depth,48,miou,0.9050290624388828
W058,depth,48,n_gt,5.8125
W058,depth,48,n_pred,10.0625
W058,depth,48,n_reg,10.9375
W058,normal,4,f1@0.5,0.6805173992673993
W058,normal,4,f1@0.75,0.5393772893772893
W058,normal,4,miou,0.8575352495147651
W058,normal,4,n_gt,5.8125
W058,normal,4,n_pred,6.875
W058,normal,4,n_reg,6.875
W058,normal,6,f1@0.5,0.5710934898434898
W058,normal,6,f1@0.75,0.3384823509823509
W058,normal,6,miou,0.6315872275952353
W058,normal,6,n_gt,5.8125
W058,normal,6,n_pred,6.4375
W058,normal,6,n_reg,7.25
W058,normal,8,f1@0.5,0.5803654678654678
W058,normal,8,f1@0.75,0.3382534132534132
W058,normal,8,miou,0.6351430556200884
W058,normal,8,n_gt,5.8125
W058,normal,8,n_pred,6.4375
W058,normal,8,n_reg,7.1875
W058,normal,12,f1@0.5,0.5716408591408592
W058,normal,12,f1@0.75,0.3389235764235764
W058,normal,12,miou,0.6334044187400752
W058,normal,12,n_gt,5.8125
W058,normal,12,n_pred,6.4375
W058,normal,12,n_reg,7.25
W058,normal,16,f1@0.5,0.5769563769563769
W058,normal,16,f1@0.75,0.335980685980686
W058,normal,16,miou,0.636053335406623
W058,normal,16,n_gt,5.8125
W058,normal,16,n_pred,6.5
W058,normal,16,n_reg,7.1875
W058,normal,24,f1@0.5,0.5648226773226773
W058,normal,24,f1@0.75,0.3343781218781219
W058,normal,24,miou,0.6357813281396284
W058,normal,24,n_gt,5.8125
W058,normal,24,n_pred,6.5625
W058,normal,24,n_reg,7.25
W058,normal,32,f1@0.5,0.5769563769563769
W058,normal,32,f1@0.75,0.335980685980686
W058,normal,32,miou,0.6359167408937341
W058,normal,32,n_gt,5.8125
W058,normal,32,n_pred,6.5
W058,normal,32,n_reg,7.1875
W058,normal,48,f1@0.5,0.5769563769563769
W058,normal,48,f1@0.75,0.335980685980686
W058,normal,48,miou,0.6356024874984542
W058,normal,48,n_gt,5.8125
W058,normal,48,n_pred,6.5
W058,normal,48,n_reg,7.1875
W058,rgb,4,f1@0.5,0.6741300366300367
W058,rgb,4,f1@0.75,0.4614239926739927
W058,rgb,4,miou,0.893086933175441
W058,rgb,4,n_gt,5.8125
W058,rgb,4,n_pred,7.5625
W058,rgb,4,n_reg,7.5625
W058,rgb,6,f1@0.5,0.6274496336996337
W058,rgb,6,f1@0.75,0.4165369352869353
W058,rgb,6,miou,0.9139640434417138
W058,rgb,6,n_gt,5.8125
W058,rgb,6,n_pred,9.3125
W058,rgb,6,n_reg,9.8125
W058,rgb,8,f1@0.5,0.6831744236156001
W058,rgb,8,f1@0.75,0.5115357681534152
W058,rgb,8,miou,0.9286953534074386
W058,rgb,8,n_gt,5.8125
W058,rgb,8,n_pred,8.625
W058,rgb,8,n_reg,9.125
W058,rgb,12,f1@0.5,0.654375864718357
W058,rgb,12,f1@0.75,0.4599329559759126
W058,rgb,12,miou,0.9270655538528766
W058,rgb,12,n_gt,5.8125
W058,rgb,12,n_pred,9.25
W058,rgb,12,n_reg,10.5
W058,rgb,16,f1@0.5,0.5505329025549613
W058,rgb,16,f1@0.75,0.3352681224004753
W058,rgb,16,miou,0.9190526137216986
W058,rgb,16,n_gt,5.8125
W058,rgb,16,n_pred,11.875
W058,rgb,16,n_reg,12.8125
W058,rgb,24,f1@0.5,0.5611942693744164
W058,rgb,24,f1@0.75,0.3422225140056022
W058,rgb,24,miou,0.9172333594639756
W058,rgb,24,n_gt,5.8125
W058,rgb,24,n_pred,11.5625
W058,rgb,24,n_reg,11.875
W058,rgb,32,f1@0.5,0.564311744434616
W058,rgb,32,f1@0.75,0.4004572552705293
W058,rgb,32,miou,0.922044741662822
W058,rgb,32,n_gt,5.8125
W058,rgb,32,n_pred,10.5
W058,rgb,32,n_reg,11.3125
W058,rgb,48,f1@0.5,0.5223531547786578
W058,rgb,48,f1@0.75,0.3122510208230022
W058,rgb,48,miou,0.9174138102877162
W058,rgb,48,n_gt,5.8125
W058,rgb,48,n_pred,12.375
W058,rgb,48,n_reg,12.875
W059,depth,4,f1@0.5,0.3936179981634527
W059,depth,4,f1@0.75,0.0859504132231405
W059,depth,4,miou,0.4518640793976726
W059,depth,4,n_gt,5.909090909090909
W059,depth,4,n_pred,3.8181818181818175
W059,depth,4,n_reg,3.8181818181818175
W059,depth,6,f1@0.5,0.3463657554566645
W059,depth,6,f1@0.75,0.2676414494596313
W059,depth,6,miou,0.4586866411732573
W059,depth,6,n_gt,5.909090909090909
W059,depth,6,n_pred,5.545454545454546
W059,depth,6,n_reg,6.0
W059,depth,8,f1@0.5,0.3312687312687312
W059,depth,8,f1@0.75,0.2540792540792541
W059,depth,8,miou,0.5954777367026892
W059,depth,8,n_gt,5.909090909090909
W059,depth,8,n_pred,8.272727272727273
W059,depth,8,n_reg,8.818181818181818
W059,depth,12,f1@0.5,0.2797535797535797
W059,depth,12,f1@0.75,0.0632034632034632
W059,depth,12,miou,0.6560547953900653
W059,depth,12,n_gt,5.909090909090909
W059,depth,12,n_pred,7.727272727272727
W059,depth,12,n_reg,7.818181818181818
W059,depth,16,f1@0.5,0.2256077256077256
W059,depth,16,f1@0.75,0.0259740259740259
W059,depth,16,miou,0.5676767844903229
W059,depth,16,n_gt,5.909090909090909
W059,depth,16,n_pred,6.909090909090909
W059,depth,16,n_reg,7.0
W059,depth,24,f1@0.5,0.3106893106893106
W059,depth,24,f1@0.75,0.2297702297702297
W059,depth,24,miou,0.5157599018551263
W059,depth,24,n_gt,5.909090909090909
W059,depth,24,n_pred,7.454545454545454
W059,depth,24,n_reg,8.0
W059,depth,32,f1@0.5,0.2928987678987679
W059,depth,32,f1@0.75,0.2033466533466533
W059,depth,32,miou,0.5480297116300057
W059,depth,32,n_gt,5.909090909090909
W059,depth,32,n_pred,8.454545454545455
W059,depth,32,n_reg,8.727272727272727
W059,depth,48,f1@0.5,0.2018315018315018
W059,depth,48,f1@0.75,0.0372294372294372
W059,depth,48,miou,0.5504222523665013
W059,depth,48,n_gt,5.909090909090909
W059,depth,48,n_pred,7.454545454545454
W059,depth,48,n_reg,7.818181818181818
W059,normal,4,f1@0.5,0.3988980716253443
W059,normal,4,f1@0.75,0.2176308539944903
W059,normal,4,miou,0.383434865045541
W059,normal,4,n_gt,5.909090909090909
W059,normal,4,n_pred,5.0
W059,normal,4,n_reg,5.0
W059,normal,6,f1@0.5,0.415426997245179
W059,normal,6,f1@0.75,0.2176308539944903
W059,normal,6,miou,0.3821876420771234
W059,normal,6,n_gt,5.909090909090909
W059,normal,6,n_pred,5.0
W059,normal,6,n_reg,5.0
W059,normal,8,f1@0.5,0.4704184704184703
W059,normal,8,f1@0.75,0.2326839826839826
W059,normal,8,miou,0.3787420201461209
W059,normal,8,n_gt,5.909090909090909
W059,normal,8,n_pred,2.0
W059,normal,8,n_reg,2.0
W059,normal,12,f1@0.5,0.3959595959595959
W059,normal,12,f1@0.75,0.0227272727272727
W059,normal,12,miou,0.3668003040523692
W059,normal,12,n_gt,5.909090909090909
W059,normal,12,n_pred,3.0
W059,normal,12,n_reg,3.0
W059,normal,16,f1@0.5,0.3747616020343293
W059,normal,16,f1@0.75,0.1879635515999152
W059,normal,16,miou,0.3975849136927918
W059,normal,16,n_gt,5.909090909090909
W059,normal,16,n_pred,5.818181818181818
W059,normal,16,n_reg,5.909090909090909
W059,normal,24,f1@0.5,0.3747616020343293
W059,normal,24,f1@0.75,0.1879635515999152
W059,normal,24,miou,0.3901117036336632
W059,normal,24,n_gt,5.909090909090909
W059,normal,24,n_pred,5.818181818181818
W059,normal,24,n_reg,5.909090909090909
W059,normal,32,f1@0.5,0.3747616020343293
W059,normal,32,f1@0.75,0.1739775376139012
W059,normal,32,miou,0.3880994245933767
W059,normal,32,n_gt,5.909090909090909
W059,normal,32,n_pred,5.818181818181818
W059,normal,32,n_reg,5.909090909090909
W059,normal,48,f1@0.5,0.3747616020343293
W059,normal,48,f1@0.75,0.1879635515999152
W059,normal,48,miou,0.4003016402980814
W059,normal,48,n_gt,5.909090909090909
W059,normal,48,n_pred,5.818181818181818
W059,normal,48,n_reg,5.909090909090909
W059,rgb,4,f1@0.5,0.7463728191000918
W059,rgb,4,f1@0.75,0.7463728191000918
W059,rgb,4,miou,0.6942972006116226
W059,rgb,4,n_gt,5.909090909090909
W059,rgb,4,n_pred,4.0
W059,rgb,4,n_reg,4.0
W059,rgb,6,f1@0.5,0.7361244815790271
W059,rgb,6,f1@0.75,0.5688130051766416
W059,rgb,6,miou,0.8888601456817721
W059,rgb,6,n_gt,5.909090909090909
W059,rgb,6,n_pred,7.090909090909091
W059,rgb,6,n_reg,7.818181818181818
W059,rgb,8,f1@0.5,0.6063470842882608
W059,rgb,8,f1@0.75,0.4128851540616246
W059,rgb,8,miou,0.913412435107146
W059,rgb,8,n_gt,5.909090909090909
W059,rgb,8,n_pred,9.818181818181818
W059,rgb,8,n_reg,10.636363636363637
W059,rgb,12,f1@0.5,0.6086198115609881
W059,rgb,12,f1@0.75,0.4144003055767761
W059,rgb,12,miou,0.911842931776387
W059,rgb,12,n_gt,5.909090909090909
W059,rgb,12,n_pred,9.727272727272728
W059,rgb,12,n_reg,10.636363636363637
W059,rgb,16,f1@0.5,0.6084712672947967
W059,rgb,16,f1@0.75,0.4688269247092776
W059,rgb,16,miou,0.904692844315806
W059,rgb,16,n_gt,5.909090909090909
W059,rgb,16,n_pred,9.727272727272728
W059,rgb,16,n_reg,11.363636363636363
W059,rgb,24,f1@0.5,0.5689261031366294
W059,rgb,24,f1@0.75,0.3869617224880383
W059,rgb,24,miou,0.9090359886030194
W059,rgb,24,n_gt,5.909090909090909
W059,rgb,24,n_pred,10.727272727272728
W059,rgb,24,n_reg,12.272727272727272
W059,rgb,32,f1@0.5,0.5478210901585515
W059,rgb,32,f1@0.75,0.3607022234731213
W059,rgb,32,miou,0.9125529347462256
W059,rgb,32,n_gt,5.909090909090909
W059,rgb,32,n_pred,11.363636363636363
W059,rgb,32,n_reg,13.363636363636363
W059,rgb,48,f1@0.5,0.5582934609250398
W059,rgb,48,f1@0.75,0.3809011164274322
W059,rgb,48,miou,0.9126655635132934
W059,rgb,48,n_gt,5.909090909090909
W059,rgb,48,n_pred,11.090909090909092
W059,rgb,48,n_reg,13.363636363636363
W060,depth,4,f1@0.5,0.4541428268700996
W060,depth,4,f1@0.75,0.1969061241788514
W060,depth,4,miou,0.4411511400383471
W060,depth,4,n_gt,7.0
W060,depth,4,n_pred,4.2727272727272725
W060,depth,4,n_reg,4.545454545454546
W060,depth,6,f1@0.5,0.4425725789362152
W060,depth,6,f1@0.75,0.1924984106802288
W060,depth,6,miou,0.4424495538904025
W060,depth,6,n_gt,7.0
W060,depth,6,n_pred,4.545454545454546
W060,depth,6,n_reg,5.545454545454546
W060,depth,8,f1@0.5,0.4510731692549874
W060,depth,8,f1@0.75,0.1790996881905973
W060,depth,8,miou,0.5220505827941221
W060,depth,8,n_gt,7.0
W060,depth,8,n_pred,5.545454545454546
W060,depth,8,n_reg,6.727272727272728
W060,depth,12,f1@0.5,0.4091151272969455
W060,depth,12,f1@0.75,0.1790996881905973
W060,depth,12,miou,0.5075900026826102
W060,depth,12,n_gt,7.0
W060,depth,12,n_pred,5.545454545454546
W060,depth,12,n_reg,6.727272727272728
W060,depth,16,f1@0.5,0.4703569158114613
W060,depth,16,f1@0.75,0.1804770986589168
W060,depth,16,miou,0.519941034066524
W060,depth,16,n_gt,7.0
W060,depth,16,n_pred,5.454545454545454
W060,depth,16,n_reg,6.727272727272728
W060,depth,24,f1@0.5,0.4347561529379711
W060,depth,24,f1@0.75,0.1779341870250961
W060,depth,24,miou,0.5088791107224249
W060,depth,24,n_gt,7.0
W060,depth,24,n_pred,5.636363636363637
W060,depth,24,n_reg,6.727272727272728
W060,depth,32,f1@0.5,0.4131777313595495
W060,depth,32,f1@0.75,0.1750703841612932
W060,depth,32,miou,0.509811424126233
W060,depth,32,n_gt,7.0
W060,depth,32,n_pred,5.909090909090909
W060,depth,32,n_reg,7.272727272727272
W060,depth,48,f1@0.5,0.4289952471770654
W060,depth,48,f1@0.75,0.1760693851602942
W060,depth,48,miou,0.5128282829381334
W060,depth,48,n_gt,7.0
W060,depth,48,n_pred,5.818181818181818
W060,depth,48,n_reg,7.272727272727272
W060,normal,4,f1@0.5,0.3673659673659673
W060,normal,4,f1@0.75,0.1836829836829836
W060,normal,4,miou,0.3719867631244263
W060,normal,4,n_gt,7.0
W060,normal,4,n_pred,4.0
W060,normal,4,n_reg,4.0
W060,normal,6,f1@0.5,0.3438803620621802
W060,normal,6,f1@0.75,0.1593860684769775
W060,normal,6,miou,0.4764388286588918
W060,normal,6,n_gt,7.0
W060,normal,6,n_pred,5.727272727272728
W060,normal,6,n_reg,5.818181818181818
W060,normal,8,f1@0.5,0.3692640692640692
W060,normal,8,f1@0.75,0.170995670995671
W060,normal,8,miou,0.4770246916269483
W060,normal,8,n_gt,7.0
W060,normal,8,n_pred,5.818181818181818
W060,normal,8,n_reg,5.818181818181818
W060,normal,12,f1@0.5,0.3720188902007084
W060,normal,12,f1@0.75,0.1723730814639905
W060,normal,12,miou,0.4756208999888974
W060,normal,12,n_gt,7.0
W060,normal,12,n_pred,5.727272727272728
W060,normal,12,n_reg,5.818181818181818
W060,normal,16,f1@0.5,0.3692640692640692
W060,normal,16,f1@0.75,0.170995670995671
W060,normal,16,miou,0.4513265612544616
W060,normal,16,n_gt,7.0
W060,normal,16,n_pred,5.818181818181818
W060,normal,16,n_reg,5.909090909090909
W060,normal,24,f1@0.5,0.3844155844155844
W060,normal,24,f1@0.75,0.170995670995671
W060,normal,24,miou,0.4574737985412783
W060,normal,24,n_gt,7.0
W060,normal,24,n_pred,5.818181818181818
W060,normal,24,n_reg,5.909090909090909
W060,normal,32,f1@0.5,0.3874125874125874
W060,normal,32,f1@0.75,0.171994671994672
W060,normal,32,miou,0.4596428566825322
W060,normal,32,n_gt,7.0
W060,normal,32,n_pred,5.727272727272728
W060,normal,32,n_reg,5.909090909090909
W060,normal,48,f1@0.5,0.3874125874125874
W060,normal,48,f1@0.75,0.171994671994672
W060,normal,48,miou,0.4604392251130192
W060,normal,48,n_gt,7.0
W060,normal,48,n_pred,5.727272727272728
W060,normal,48,n_reg,5.909090909090909
W060,rgb,4,f1@0.5,0.6123876123876124
W060,rgb,4,f1@0.75,0.3997820361456725
W060,rgb,4,miou,0.5164274084615029
W060,rgb,4,n_gt,7.0
W060,rgb,4,n_pred,5.0
W060,rgb,4,n_reg,5.0
W060,rgb,6,f1@0.5,0.6254412254412255
W060,rgb,6,f1@0.75,0.3722277722277722
W060,rgb,6,miou,0.6406254165326145
W060,rgb,6,n_gt,7.0
W060,rgb,6,n_pred,7.272727272727272
W060,rgb,6,n_reg,7.636363636363637
W060,rgb,8,f1@0.5,0.5616285675109205
W060,rgb,8,f1@0.75,0.344650447591624
W060,rgb,8,miou,0.6850040632031785
W060,rgb,8,n_gt,7.0
W060,rgb,8,n_pred,8.0
W060,rgb,8,n_reg,8.545454545454545
W060,rgb,12,f1@0.5,0.5847485847485848
W060,rgb,12,f1@0.75,0.3575091575091575
W060,rgb,12,miou,0.6859460765295461
W060,rgb,12,n_gt,7.0
W060,rgb,12,n_pred,7.363636363636363
W060,rgb,12,n_reg,7.727272727272727
W060,rgb,16,f1@0.5,0.6042756263344499
W060,rgb,16,f1@0.75,0.3588215705862764
W060,rgb,16,miou,0.6535698132155914
W060,rgb,16,n_gt,7.0
W060,rgb,16,n_pred,8.363636363636363
W060,rgb,16,n_reg,8.909090909090908
W060,rgb,24,f1@0.5,0.5855590487943428
W060,rgb,24,f1@0.75,0.3494632818162229
W060,rgb,24,miou,0.6433700126223321
W060,rgb,24,n_gt,7.0
W060,rgb,24,n_pred,8.272727272727273
W060,rgb,24,n_reg,8.727272727272727
W060,rgb,32,f1@0.5,0.5855590487943428
W060,rgb,32,f1@0.75,0.3373420696950109
W060,rgb,32,miou,0.6408653041120186
W060,rgb,32,n_gt,7.0
W060,rgb,32,n_pred,8.272727272727273
W060,rgb,32,n_reg,8.727272727272727
W060,rgb,48,f1@0.5,0.5347007223942208
W060,rgb,48,f1@0.75,0.3071097976670732
W060,rgb,48,miou,0.6509766736255744
W060,rgb,48,n_gt,7.0
W060,rgb,48,n_pred,9.727272727272728
W060,rgb,48,n_reg,10.545454545454543
W061,depth,4,f1@0.5,0.5074774259556868
W061,depth,4,f1@0.75,0.2466458662110836
W061,depth,4,miou,0.4998543979865629
W061,depth,4,n_gt,7.478260869565218
W061,depth,4,n_pred,5.217391304347826
W061,depth,4,n_reg,6.217391304347826
W061,depth,6,f1@0.5,0.5537107819716516
W061,depth,6,f1@0.75,0.2754908135342918
W061,depth,6,miou,0.5583682231522484
W061,depth,6,n_gt,7.478260869565218
W061,depth,6,n_pred,5.913043478260869
W061,depth,6,n_reg,6.3478260869565215
W061,depth,8,f1@0.5,0.5067013903970425
W061,depth,8,f1@0.75,0.245302282258804
W061,depth,8,miou,0.4976177935565981
W061,depth,8,n_gt,7.478260869565218
W061,depth,8,n_pred,5.217391304347826
W061,depth,8,n_reg,5.739130434782608
W061,depth,12,f1@0.5,0.5103441244745592
W061,depth,12,f1@0.75,0.2471236492975623
W061,depth,12,miou,0.4979773737252682
W061,depth,12,n_gt,7.478260869565218
W061,depth,12,n_pred,5.130434782608695
W061,depth,12,n_reg,5.869565217391305
W061,depth,16,f1@0.5,0.5105114550127338
W061,depth,16,f1@0.75,0.2472863595625744
W061,depth,16,miou,0.4988730601484869
W061,depth,16,n_gt,7.478260869565218
W061,depth,16,n_pred,5.173913043478261
W061,depth,16,n_reg,6.695652173913044
W061,depth,24,f1@0.5,0.5119251521425435
W061,depth,24,f1@0.75,0.2479141631315544
W061,depth,24,miou,0.4977580839447566
W061,depth,24,n_gt,7.478260869565218
W061,depth,24,n_pred,5.086956521739131
W061,depth,24,n_reg,5.826086956521739
W061,depth,32,f1@0.5,0.5103441244745592
W061,depth,32,f1@0.75,0.2471236492975623
W061,depth,32,miou,0.4986111155090286
W061,depth,32,n_gt,7.478260869565218
W061,depth,32,n_pred,5.130434782608695
W061,depth,32,n_reg,5.826086956521739
W061,depth,48,f1@0.5,0.5332939864909174
W061,depth,48,f1@0.75,0.2700138735944362
W061,depth,48,miou,0.55856024101737
W061,depth,48,n_gt,7.478260869565218
W061,depth,48,n_pred,5.869565217391305
W061,depth,48,n_reg,6.913043478260869
W061,normal,4,f1@0.5,0.4625432538476016
W061,normal,4,f1@0.75,0.2581071102810233
W061,normal,4,miou,0.4696266448201184
W061,normal,4,n_gt,7.478260869565218
W061,normal,4,n_pred,5.217391304347826
W061,normal,4,n_reg,5.3478260869565215
W061,normal,6,f1@0.5,0.3535511589859416
W061,normal,6,f1@0.75,0.2520005356961878
W061,normal,6,miou,0.4704242351621185
W061,normal,6,n_gt,7.478260869565218
W061,normal,6,n_pred,6.217391304347826
W061,normal,6,n_reg,6.608695652173913
W061,normal,8,f1@0.5,0.338531176127084
W061,normal,8,f1@0.75,0.2339363393071833
W061,normal,8,miou,0.5020981496617319
W061,normal,8,n_gt,7.478260869565218
W061,normal,8,n_pred,7.565217391304348
W061,normal,8,n_reg,8.08695652173913
W061,normal,12,f1@0.5,0.3294619837021237
W061,normal,12,f1@0.75,0.2236271132286746
W061,normal,12,miou,0.5009540116371708
W061,normal,12,n_gt,7.478260869565218
W061,normal,12,n_pred,8.0
W061,normal,12,n_reg,8.956521739130435
W061,normal,16,f1@0.5,0.3962334314703408
W061,normal,16,f1@0.75,0.2222780786315582
W061,normal,16,miou,0.5026063068630903
W061,normal,16,n_gt,7.478260869565218
W061,normal,16,n_pred,8.043478260869565
W061,normal,16,n_reg,8.73913043478261
W061,normal,24,f1@0.5,0.3208509584670575
W061,normal,24,f1@0.75,0.2176571667216437
W061,normal,24,miou,0.5013753499994695
W061,normal,24,n_gt,7.478260869565218
W061,normal,24,n_pred,8.391304347826088
W061,normal,24,n_reg,9.043478260869565
W061,normal,32,f1@0.5,0.3258097535793053
W061,normal,32,f1@0.75,0.2220775313587266
W061,normal,32,miou,0.5307308498436774
W061,normal,32,n_gt,7.478260869565218
W061,normal,32,n_pred,8.391304347826088
W061,normal,32,n_reg,9.08695652173913
W061,normal,48,f1@0.5,0.3187993674263697
W061,normal,48,f1@0.75,0.2118453225331674
W061,normal,48,miou,0.5319829321768859
W061,normal,48,n_gt,7.478260869565218
W061,normal,48,n_pred,8.826086956521738
W061,normal,48,n_reg,9.782608695652174
W061,rgb,4,f1@0.5,0.5996437705516989
W061,rgb,4,f1@0.75,0.3425425242560792
W061,rgb,4,miou,0.7125824425449924
W061,rgb,4,n_gt,7.478260869565218
W061,rgb,4,n_pred,8.565217391304348
W061,rgb,4,n_reg,8.652173913043478
W061,rgb,6,f1@0.5,0.5227515966781009
W061,rgb,6,f1@0.75,0.2921894792065744
W061,rgb,6,miou,0.7416221091312797
W061,rgb,6,n_gt,7.478260869565218
W061,rgb,6,n_pred,10.347826086956522
W061,rgb,6,n_reg,11.173913043478262
W061,rgb,8,f1@0.5,0.4172209425673231
W061,rgb,8,f1@0.75,0.194554409722874
W061,rgb,8,miou,0.7750087159521344
W061,rgb,8,n_gt,7.478260869565218
W061,rgb,8,n_pred,13.956521739130435
W061,rgb,8,n_reg,15.043478260869565
W061,rgb,12,f1@0.5,0.4725501085642306
W061,rgb,12,f1@0.75,0.290497561978158
W061,rgb,12,miou,0.7781227497389355
W061,rgb,12,n_gt,7.478260869565218
W061,rgb,12,n_pred,12.347826086956522
W061,rgb,12,n_reg,13.608695652173912
W061,rgb,16,f1@0.5,0.5070512505150557
W061,rgb,16,f1@0.75,0.3369075403635617
W061,rgb,16,miou,0.8864520109488024
W061,rgb,16,n_gt,7.478260869565218
W061,rgb,16,n_pred,14.130434782608695
W061,rgb,16,n_reg,15.869565217391305
W061,rgb,24,f1@0.5,0.4095868771151301
W061,rgb,24,f1@0.75,0.2563733069511833
W061,rgb,24,miou,0.7745328285944595
W061,rgb,24,n_gt,7.478260869565218
W061,rgb,24,n_pred,15.0
W061,rgb,24,n_reg,17.347826086956523
W061,rgb,32,f1@0.5,0.3883667370484602
W061,rgb,32,f1@0.75,0.2470005985347742
W061,rgb,32,miou,0.7567114778096794
W061,rgb,32,n_gt,7.478260869565218
W061,rgb,32,n_pred,15.043478260869565
W061,rgb,32,n_reg,17.608695652173914
W061,rgb,48,f1@0.5,0.4023100809080547
W061,rgb,48,f1@0.75,0.2616578981979556
W061,rgb,48,miou,0.756759752892896
W061,rgb,48,n_gt,7.478260869565218
W061,rgb,48,n_pred,14.08695652173913
W061,rgb,48,n_reg,15.826086956521738
W062,depth,4,f1@0.5,0.2233100233100233
W062,depth,4,f1@0.75,0.1795260295260295
W062,depth,4,miou,0.3563167111681957
W062,depth,4,n_gt,7.625
W062,depth,4,n_pred,4.0
W062,depth,4,n_reg,4.0
W062,depth,6,f1@0.5,0.3049247049247049
W062,depth,6,f1@0.75,0.2797415547415547
W062,depth,6,miou,0.3699215388019048
W062,depth,6,n_gt,7.625
W062,depth,6,n_pred,4.833333333333333
W062,depth,6,n_reg,4.875
W062,depth,8,f1@0.5,0.3049247049247049
W062,depth,8,f1@0.75,0.2861518111518111
W062,depth,8,miou,0.3699512532858824
W062,depth,8,n_gt,7.625
W062,depth,8,n_pred,4.833333333333333
W062,depth,8,n_reg,4.875
W062,depth,12,f1@0.5,0.2950910200910201
W062,depth,12,f1@0.75,0.2758602508602508
W062,depth,12,miou,0.3805696101177261
W062,depth,12,n_gt,7.625
W062,depth,12,n_pred,5.291666666666667
W062,depth,12,n_reg,5.708333333333333
W062,depth,16,f1@0.5,0.2911283161283161
W062,depth,16,f1@0.75,0.2668609168609168
W062,depth,16,miou,0.3708986978376847
W062,depth,16,n_gt,7.625
W062,depth,16,n_pred,5.458333333333333
W062,depth,16,n_reg,5.75
W062,depth,24,f1@0.5,0.2946275946275946
W062,depth,24,f1@0.75,0.2699023199023199
W062,depth,24,miou,0.3705350988916493
W062,depth,24,n_gt,7.625
W062,depth,24,n_pred,5.291666666666667
W062,depth,24,n_reg,5.625
W062,depth,32,f1@0.5,0.2869158619158619
W062,depth,32,f1@0.75,0.2694555444555445
W062,depth,32,miou,0.3724815622742425
W062,depth,32,n_gt,7.625
W062,depth,32,n_pred,5.625
W062,depth,32,n_reg,5.875
W062,depth,48,f1@0.5,0.2815184815184815
W062,depth,48,f1@0.75,0.264058164058164
W062,depth,48,miou,0.4121598863983979
W062,depth,48,n_gt,7.625
W062,depth,48,n_pred,5.875
W062,depth,48,n_reg,5.875
W062,normal,4,f1@0.5,0.453497890997891
W062,normal,4,f1@0.75,0.1762015762015762
W062,normal,4,miou,0.4926285543045983
W062,normal,4,n_gt,7.625
W062,normal,4,n_pred,5.083333333333333
W062,normal,4,n_reg,5.166666666666667
W062,normal,6,f1@0.5,0.5559412809412809
W062,normal,6,f1@0.75,0.2393328893328893
W062,normal,6,miou,0.6021982737177182
W062,normal,6,n_gt,7.625
W062,normal,6,n_pred,5.875
W062,normal,6,n_reg,5.958333333333333
W062,normal,8,f1@0.5,0.6528244631185808
W062,normal,8,f1@0.75,0.3459558823529411
W062,normal,8,miou,0.7316225640293231
W062,normal,8,n_gt,7.625
W062,normal,8,n_pred,7.041666666666667
W062,normal,8,n_reg,7.333333333333333
W062,normal,12,f1@0.5,0.6337272408963585
W062,normal,12,f1@0.75,0.3303308823529411
W062,normal,12,miou,0.7232419378205434
W062,normal,12,n_gt,7.625
W062,normal,12,n_pred,7.0
W062,normal,12,n_reg,7.208333333333333
W062,normal,16,f1@0.5,0.5543179043179043
W062,normal,16,f1@0.75,0.2103646353646353
W062,normal,16,miou,0.5736438107954605
W062,normal,16,n_gt,7.625
W062,normal,16,n_pred,5.875
W062,normal,16,n_reg,5.875
W062,normal,24,f1@0.5,0.6489058123249299
W062,normal,24,f1@0.75,0.3356471755368814
W062,normal,24,miou,0.7232859357957128
W062,normal,24,n_gt,7.625
W062,normal,24,n_pred,7.041666666666667
W062,normal,24,n_reg,7.083333333333333
W062,normal,32,f1@0.5,0.6548115079365079
W062,normal,32,f1@0.75,0.3547619047619048
W062,normal,32,miou,0.7240507157955071
W062,normal,32,n_gt,7.625
W062,normal,32,n_pred,6.875
W062,normal,32,n_reg,6.875
W062,normal,48,f1@0.5,0.6548115079365079
W062,normal,48,f1@0.75,0.3328869047619047
W062,normal,48,miou,0.720855721693686
W062,normal,48,n_gt,7.625
W062,normal,48,n_pred,6.875
W062,normal,48,n_reg,6.875
W062,rgb,4,f1@0.5,0.5040254884004884
W062,rgb,4,f1@0.75,0.3831883394383394
W062,rgb,4,miou,0.6479596465206532
W062,rgb,4,n_gt,7.625
W062,rgb,4,n_pred,6.875
W062,rgb,4,n_reg,6.916666666666667
W062,rgb,6,f1@0.5,0.7502008816347052
W062,rgb,6,f1@0.75,0.5585119945414063
W062,rgb,6,miou,0.8380551285554052
W062,rgb,6,n_gt,7.625
W062,rgb,6,n_pred,7.833333333333333
W062,rgb,6,n_reg,7.875
W062,rgb,8,f1@0.5,0.4761910904712762
W062,rgb,8,f1@0.75,0.3104689829148033
W062,rgb,8,miou,0.7469148156105191
W062,rgb,8,n_gt,7.625
W062,rgb,8,n_pred,10.083333333333334
W062,rgb,8,n_reg,10.666666666666666
W062,rgb,12,f1@0.5,0.6366637963000191
W062,rgb,12,f1@0.75,0.3603839701749918
W062,rgb,12,miou,0.8731597772766769
W062,rgb,12,n_gt,7.625
W062,rgb,12,n_pred,11.833333333333334
W062,rgb,12,n_reg,12.5
W062,rgb,16,f1@0.5,0.5268686634386089
W062,rgb,16,f1@0.75,0.3340930050509906
W062,rgb,16,miou,0.8614476891320065
W062,rgb,16,n_gt,7.625
W062,rgb,16,n_pred,13.541666666666666
W062,rgb,16,n_reg,13.833333333333334
W062,rgb,24,f1@0.5,0.5424937631884227
W062,rgb,24,f1@0.75,0.3516657852667915
W062,rgb,24,miou,0.8156728887881028
W062,rgb,24,n_gt,7.625
W062,rgb,24,n_pred,12.708333333333334
W062,rgb,24,n_reg,12.833333333333334
W062,rgb,32,f1@0.5,0.5230580107363658
W062,rgb,32,f1@0.75,0.32349584969554
W062,rgb,32,miou,0.8152985018415358
W062,rgb,32,n_gt,7.625
W062,rgb,32,n_pred,14.0
W062,rgb,32,n_reg,14.333333333333334
W062,rgb,48,f1@0.5,0.4996679363098127
W062,rgb,48,f1@0.75,0.3222889238907545
W062,rgb,48,miou,0.8586355275070435
W062,rgb,48,n_gt,7.625
W062,rgb,48,n_pred,14.666666666666666
W062,rgb,48,n_reg,14.791666666666666
W063,depth,4,f1@0.5,0.1958703847592736
W063,depth,4,f1@0.75,0.1884629773518662
W063,depth,4,miou,0.265083917413514
W063,depth,4,n_gt,7.703703703703703
W063,depth,4,n_pred,3.0
W063,depth,4,n_reg,3.0
W063,depth,6,f1@0.5,0.2415572082238749
W063,depth,6,f1@0.75,0.1831094831094831
W063,depth,6,miou,0.3477423541148957
W063,depth,6,n_gt,7.703703703703703
W063,depth,6,n_pred,4.0
W063,depth,6,n_reg,4.0
W063,depth,8,f1@0.5,0.3327191327191326
W063,depth,8,f1@0.75,0.2635290635290635
W063,depth,8,miou,0.3755218779145653
W063,depth,8,n_gt,7.703703703703703
W063,depth,8,n_pred,5.296296296296297
W063,depth,8,n_reg,5.703703703703703
W063,depth,12,f1@0.5,0.3382864049530716
W063,depth,12,f1@0.75,0.2689680689680689
W063,depth,12,miou,0.3722406599812757
W063,depth,12,n_gt,7.703703703703703
W063,depth,12,n_pred,5.074074074074074
W063,depth,12,n_reg,5.592592592592593
W063,depth,16,f1@0.5,0.3264784598117931
W063,depth,16,f1@0.75,0.2625793959127292
W063,depth,16,miou,0.3741587867240136
W063,depth,16,n_gt,7.703703703703703
W063,depth,16,n_pred,5.333333333333333
W063,depth,16,n_reg,5.703703703703703
W063,depth,24,f1@0.5,0.3288390621723955
W063,depth,24,f1@0.75,0.2617653950987284
W063,depth,24,miou,0.3745050597446262
W063,depth,24,n_gt,7.703703703703703
W063,depth,24,n_pred,5.37037037037037
W063,depth,24,n_reg,5.703703703703703
W063,depth,32,f1@0.5,0.3327191327191326
W063,depth,32,f1@0.75,0.2635290635290635
W063,depth,32,miou,0.3743787941563037
W063,depth,32,n_gt,7.703703703703703
W063,depth,32,n_pred,5.296296296296297
W063,depth,32,n_reg,5.703703703703703
W063,depth,48,f1@0.5,0.1596193929527262
W063,depth,48,f1@0.75,0.1171865171865172
W063,depth,48,miou,0.1851529719780979
W063,depth,48,n_gt,7.703703703703703
W063,depth,48,n_pred,4.333333333333333
W063,depth,48,n_reg,4.703703703703703
W063,normal,4,f1@0.5,0.4881729381729381
W063,normal,4,f1@0.75,0.1617842034508701
W063,normal,4,miou,0.5053132175459276
W063,normal,4,n_gt,7.703703703703703
W063,normal,4,n_pred,5.962962962962963
W063,normal,4,n_reg,6.0
W063,normal,6,f1@0.5,0.5100819055067422
W063,normal,6,f1@0.75,0.1879999388169322
W063,normal,6,miou,0.5870647229823484
W063,normal,6,n_gt,7.703703703703703
W063,normal,6,n_pred,7.962962962962963
W063,normal,6,n_reg,7.962962962962963
W063,normal,8,f1@0.5,0.5350300329058499
W063,normal,8,f1@0.75,0.2121544154223892
W063,normal,8,miou,0.5888998001293986
W063,normal,8,n_gt,7.703703703703703
W063,normal,8,n_pred,7.925925925925926
W063,normal,8,n_reg,7.962962962962963
W063,normal,12,f1@0.5,0.5522576551988316
W063,normal,12,f1@0.75,0.2206706329255348
W063,normal,12,miou,0.5897172143274019
W063,normal,12,n_gt,7.703703703703703
W063,normal,12,n_pred,7.407407407407407
W063,normal,12,n_reg,7.62962962962963
W063,normal,16,f1@0.5,0.5303323703650501
W063,normal,16,f1@0.75,0.2092102463017495
W063,normal,16,miou,0.5907777510950144
W063,normal,16,n_gt,7.703703703703703
W063,normal,16,n_pred,8.25925925925926
W063,normal,16,n_reg,8.666666666666666
W063,normal,24,f1@0.5,0.5232938569539877
W063,normal,24,f1@0.75,0.2043787125486471
W063,normal,24,miou,0.5915154639201713
W063,normal,24,n_gt,7.703703703703703
W063,normal,24,n_pred,8.555555555555555
W063,normal,24,n_reg,8.666666666666666
W063,normal,32,f1@0.5,0.5320726961249838
W063,normal,32,f1@0.75,0.1995619425357987
W063,normal,32,miou,0.5905390297481004
W063,normal,32,n_gt,7.703703703703703
W063,normal,32,n_pred,8.296296296296296
W063,normal,32,n_reg,8.666666666666666
W063,normal,48,f1@0.5,0.5286983834369455
W063,normal,48,f1@0.75,0.2089379151470654
W063,normal,48,miou,0.5905617924591147
W063,normal,48,n_gt,7.703703703703703
W063,normal,48,n_pred,8.296296296296296
W063,normal,48,n_reg,8.666666666666666
W063,rgb,4,f1@0.5,0.6299576966243633
W063,rgb,4,f1@0.75,0.3363784363784364
W063,rgb,4,miou,0.6065839551431251
W063,rgb,4,n_gt,7.703703703703703
W063,rgb,4,n_pred,5.0
W063,rgb,4,n_reg,5.0
W063,rgb,6,f1@0.5,0.5442161139959557
W063,rgb,6,f1@0.75,0.2979946234504197
W063,rgb,6,miou,0.773863977863688
W063,rgb,6,n_gt,7.703703703703703
W063,rgb,6,n_pred,10.407407407407408
W063,rgb,6,n_reg,10.62962962962963
W063,rgb,8,f1@0.5,0.700766804447575
W063,rgb,8,f1@0.75,0.4481494222120297
W063,rgb,8,miou,0.8729159402270841
W063,rgb,8,n_gt,7.703703703703703
W063,rgb,8,n_pred,10.407407407407408
W063,rgb,8,n_reg,10.62962962962963
W063,rgb,12,f1@0.5,0.5982857783414162
W063,rgb,12,f1@0.75,0.3132248543115865
W063,rgb,12,miou,0.868802167193771
W063,rgb,12,n_gt,7.703703703703703
W063,rgb,12,n_pred,13.592592592592592
W063,rgb,12,n_reg,14.407407407407408
W063,rgb,16,f1@0.5,0.5868617234009614
W063,rgb,16,f1@0.75,0.3124318822752887
W063,rgb,16,miou,0.8663403207069363
W063,rgb,16,n_gt,7.703703703703703
W063,rgb,16,n_pred,13.88888888888889
W063,rgb,16,n_reg,14.592592592592592
W063,rgb,24,f1@0.5,0.4696938970852014
W063,rgb,24,f1@0.75,0.1969678898664405
W063,rgb,24,miou,0.8643416887409431
W063,rgb,24,n_gt,7.703703703703703
W063,rgb,24,n_pred,16.333333333333332
W063,rgb,24,n_reg,17.22222222222222
W063,rgb,32,f1@0.5,0.4503800821353156
W063,rgb,32,f1@0.75,0.192361898255618
W063,rgb,32,miou,0.8664945716635132
W063,rgb,32,n_gt,7.703703703703703
W063,rgb,32,n_pred,17.444444444444443
W063,rgb,32,n_reg,19.666666666666668
W063,rgb,48,f1@0.5,0.5899778678341667
W063,rgb,48,f1@0.75,0.3262031416516094
W063,rgb,48,miou,0.8600926078399752
W063,rgb,48,n_gt,7.703703703703703
W063,rgb,48,n_pred,13.444444444444445
W063,rgb,48,n_reg,14.77777777777778
W064,depth,4,f1@0.5,0.4341727716727717
W064,depth,4,f1@0.75,0.187026862026862
W064,depth,4,miou,0.4322221912488213
W064,depth,4,n_gt,7.916666666666667
W064,depth,4,n_pred,5.0
W064,depth,4,n_reg,5.0
W064,depth,6,f1@0.5,0.4267704517704518
W064,depth,6,f1@0.75,0.1613858363858364
W064,depth,6,miou,0.475793084023719
W064,depth,6,n_gt,7.916666666666667
W064,depth,6,n_pred,5.0
W064,depth,6,n_reg,5.0
W064,depth,8,f1@0.5,0.5643925518925519
W064,depth,8,f1@0.75,0.294726800976801
W064,depth,8,miou,0.5570723154576995
W064,depth,8,n_gt,7.916666666666667
W064,depth,8,n_pred,6.0
W064,depth,8,n_reg,6.0
W064,depth,12,f1@0.5,0.3628357753357753
W064,depth,12,f1@0.75,0.2920940170940171
W064,depth,12,miou,0.423636822368132
W064,depth,12,n_gt,7.916666666666667
W064,depth,12,n_pred,5.0
W064,depth,12,n_reg,5.0
W064,depth,16,f1@0.5,0.5196771978021978
W064,depth,16,f1@0.75,0.2579097985347985
W064,depth,16,miou,0.5566260479338324
W064,depth,16,n_gt,7.916666666666667
W064,depth,16,n_pred,6.666666666666667
W064,depth,16,n_reg,6.875
W064,depth,24,f1@0.5,0.5196771978021978
W064,depth,24,f1@0.75,0.2579097985347985
W064,depth,24,miou,0.5561572663857386
W064,depth,24,n_gt,7.916666666666667
W064,depth,24,n_pred,6.666666666666667
W064,depth,24,n_reg,6.875
W064,depth,32,f1@0.5,0.3628357753357753
W064,depth,32,f1@0.75,0.2920940170940171
W064,depth,32,miou,0.4241728193004989
W064,depth,32,n_gt,7.916666666666667
W064,depth,32,n_pred,5.0
W064,depth,32,n_reg,5.0
W064,depth,48,f1@0.5,0.5371375152625152
W064,depth,48,f1@0.75,0.2801320207570207
W064,depth,48,miou,0.5579602434702219
W064,depth,48,n_gt,7.916666666666667
W064,depth,48,n_pred,6.666666666666667
W064,depth,48,n_reg,6.875
W064,normal,4,f1@0.5,0.4013736263736263
W064,normal,4,f1@0.75,0.1613858363858364
W064,normal,4,miou,0.4604605307651614
W064,normal,4,n_gt,7.916666666666667
W064,normal,4,n_pred,5.0
W064,normal,4,n_reg,5.0
W064,normal,6,f1@0.5,0.2688813025210084
W064,normal,6,f1@0.75,0.1400210084033613
W064,normal,6,miou,0.4656088085030058
W064,normal,6,n_gt,7.916666666666667
W064,normal,6,n_pred,6.958333333333333
W064,normal,6,n_reg,7.0
W064,normal,8,f1@0.5,0.4375671101774043
W064,normal,8,f1@0.75,0.191432267351385
W064,normal,8,miou,0.5710672107630322
W064,normal,8,n_gt,7.916666666666667
W064,normal,8,n_pred,7.916666666666667
W064,normal,8,n_reg,8.0
W064,normal,12,f1@0.5,0.3776143790849673
W064,normal,12,f1@0.75,0.1899441721132897
W064,normal,12,miou,0.5347007862899701
W064,normal,12,n_gt,7.916666666666667
W064,normal,12,n_pred,8.0
W064,normal,12,n_reg,8.0
W064,normal,16,f1@0.5,0.5165407509157509
W064,normal,16,f1@0.75,0.2175709706959706
W064,normal,16,miou,0.539120853258317
W064,normal,16,n_gt,7.916666666666667
W064,normal,16,n_pred,6.0
W064,normal,16,n_reg,6.0
W064,normal,24,f1@0.5,0.4099307705538355
W064,normal,24,f1@0.75,0.1793042655658754
W064,normal,24,miou,0.5714104949391658
W064,normal,24,n_gt,7.916666666666667
W064,normal,24,n_pred,8.958333333333334
W064,normal,24,n_reg,9.0
W064,normal,32,f1@0.5,0.3720588235294118
W064,normal,32,f1@0.75,0.1899441721132897
W064,normal,32,miou,0.5359332794259982
W064,normal,32,n_gt,7.916666666666667
W064,normal,32,n_pred,8.0
W064,normal,32,n_reg,8.0
W064,normal,48,f1@0.5,0.4053351823185414
W064,normal,48,f1@0.75,0.1793042655658754
W064,normal,48,miou,0.5605149594043102
W064,normal,48,n_gt,7.916666666666667
W064,normal,48,n_pred,8.958333333333334
W064,normal,48,n_reg,9.0
W064,rgb,4,f1@0.5,0.4725285947712418
W064,rgb,4,f1@0.75,0.256849128540305
W064,rgb,4,miou,0.6507183736077928
W064,rgb,4,n_gt,7.916666666666667
W064,rgb,4,n_pred,8.0
W064,rgb,4,n_reg,8.0
W064,rgb,6,f1@0.5,0.5178047242288728
W064,rgb,6,f1@0.75,0.2791387168902648
W064,rgb,6,miou,0.7585623535737502
W064,rgb,6,n_gt,7.916666666666667
W064,rgb,6,n_pred,10.583333333333334
W064,rgb,6,n_reg,10.916666666666666
W064,rgb,8,f1@0.5,0.4931299207614997
W064,rgb,8,f1@0.75,0.2773714589504063
W064,rgb,8,miou,0.7482302807958163
W064,rgb,8,n_gt,7.916666666666667
W064,rgb,8,n_pred,12.583333333333334
W064,rgb,8,n_reg,12.958333333333334
W064,rgb,12,f1@0.5,0.4652383043687391
W064,rgb,12,f1@0.75,0.2644433465085639
W064,rgb,12,miou,0.7502444324133196
W064,rgb,12,n_gt,7.916666666666667
W064,rgb,12,n_pred,13.291666666666666
W064,rgb,12,n_reg,13.916666666666666
W064,rgb,16,f1@0.5,0.5316311612364244
W064,rgb,16,f1@0.75,0.2943609022556391
W064,rgb,16,miou,0.7502234000921099
W064,rgb,16,n_gt,7.916666666666667
W064,rgb,16,n_pred,11.375
W064,rgb,16,n_reg,11.708333333333334
W064,rgb,24,f1@0.5,0.4298828084154171
W064,rgb,24,f1@0.75,0.2541772539055147
W064,rgb,24,miou,0.7481393930858017
W064,rgb,24,n_gt,7.916666666666667
W064,rgb,24,n_pred,14.5
W064,rgb,24,n_reg,15.541666666666666
W064,rgb,32,f1@0.5,0.435190413451283
W064,rgb,32,f1@0.75,0.2550203118137901
W064,rgb,32,miou,0.7468132060196307
W064,rgb,32,n_gt,7.916666666666667
W064,rgb,32,n_pred,14.333333333333334
W064,rgb,32,n_reg,14.875
W064,rgb,48,f1@0.5,0.4630978743478743
W064,rgb,48,f1@0.75,0.2958383283383283
W064,rgb,48,miou,0.8473580502308868
W064,rgb,48,n_gt,7.916666666666667
W064,rgb,48,n_pred,16.708333333333332
W064,rgb,48,n_reg,17.833333333333332
W065,depth,4,f1@0.5,0.3976673080388251
W065,depth,4,f1@0.75,0.3081556014218553
W065,depth,4,miou,0.4433233712076163
W065,depth,4,n_gt,8.166666666666666
W065,depth,4,n_pred,5.944444444444445
W065,depth,4,n_reg,7.777777777777778
W065,depth,6,f1@0.5,0.3202483332514292
W065,depth,6,f1@0.75,0.2753571701585117
W065,depth,6,miou,0.4464834109987559
W065,depth,6,n_gt,8.166666666666666
W065,depth,6,n_pred,7.611111111111111
W065,depth,6,n_reg,7.777777777777778
W065,depth,8,f1@0.5,0.444603462985816
W065,depth,8,f1@0.75,0.3443077891607303
W065,depth,8,miou,0.4357669671313459
W065,depth,8,n_gt,8.166666666666666
W065,depth,8,n_pred,4.5
W065,depth,8,n_reg,5.388888888888889
W065,depth,12,f1@0.5,0.3855421085813242
W065,depth,12,f1@0.75,0.3174119362844853
W065,depth,12,miou,0.4777787578932625
W065,depth,12,n_gt,8.166666666666666
W065,depth,12,n_pred,5.777777777777778
W065,depth,12,n_reg,5.777777777777778
W065,depth,16,f1@0.5,0.3987323134381958
W065,depth,16,f1@0.75,0.3275814599344011
W065,depth,16,miou,0.4782864024696824
W065,depth,16,n_gt,8.166666666666666
W065,depth,16,n_pred,5.388888888888889
W065,depth,16,n_reg,5.388888888888889
W065,depth,24,f1@0.5,0.3987323134381958
W065,depth,24,f1@0.75,0.3275814599344011
W065,depth,24,miou,0.4785810584156491
W065,depth,24,n_gt,8.166666666666666
W065,depth,24,n_pred,5.388888888888889
W065,depth,24,n_reg,5.388888888888889
W065,depth,32,f1@0.5,0.3658025888418045
W065,depth,32,f1@0.75,0.3002125779086563
W065,depth,32,miou,0.4456349257753719
W065,depth,32,n_gt,8.166666666666666
W065,depth,32,n_pred,6.333333333333333
W065,depth,32,n_reg,6.388888888888889
W065,depth,48,f1@0.5,0.3901853048911872
W065,depth,48,f1@0.75,0.3206370154899567
W065,depth,48,miou,0.4402382548807159
W065,depth,48,n_gt,8.166666666666666
W065,depth,48,n_pred,5.388888888888889
W065,depth,48,n_reg,5.388888888888889
W065,normal,4,f1@0.5,0.6738203761036579
W065,normal,4,f1@0.75,0.3651752611375934
W065,normal,4,miou,0.7299512971783206
W065,normal,4,n_gt,8.166666666666666
W065,normal,4,n_pred,7.388888888888889
W065,normal,4,n_reg,7.388888888888889
W065,normal,6,f1@0.5,0.6327547490731186
W065,normal,6,f1@0.75,0.3429380231624813
W065,normal,6,miou,0.75174323952731
W065,normal,6,n_gt,8.166666666666666
W065,normal,6,n_pred,8.38888888888889
W065,normal,6,n_reg,8.38888888888889
W065,normal,8,f1@0.5,0.6006953658656445
W065,normal,8,f1@0.75,0.3256261568955068
W065,normal,8,miou,0.7528283340584481
W065,normal,8,n_gt,8.166666666666666
W065,normal,8,n_pred,9.27777777777778
W065,normal,8,n_reg,9.444444444444445
W065,normal,12,f1@0.5,0.6037882696938425
W065,normal,12,f1@0.75,0.3245485036119711
W065,normal,12,miou,0.7531353347460447
W065,normal,12,n_gt,8.166666666666666
W065,normal,12,n_pred,9.0
W065,normal,12,n_reg,9.444444444444445
W065,normal,16,f1@0.5,0.6207002391599915
W065,normal,16,f1@0.75,0.335478811407604
W065,normal,16,miou,0.7525972173892637
W065,normal,16,n_gt,8.166666666666666
W065,normal,16,n_pred,8.722222222222221
W065,normal,16,n_reg,9.444444444444445
W065,normal,24,f1@0.5,0.625347341665711
W065,normal,24,f1@0.75,0.3429380231624813
W065,normal,24,miou,0.755094795662417
W065,normal,24,n_gt,8.166666666666666
W065,normal,24,n_pred,8.38888888888889
W065,normal,24,n_reg,8.444444444444445
W065,normal,32,f1@0.5,0.6327547490731186
W065,normal,32,f1@0.75,0.3429380231624813
W065,normal,32,miou,0.7504526307436887
W065,normal,32,n_gt,8.166666666666666
W065,normal,32,n_pred,8.38888888888889
W065,normal,32,n_reg,8.5
W065,normal,48,f1@0.5,0.6326828099660917
W065,normal,48,f1@0.75,0.3459907939784101
W065,normal,48,miou,0.7552785580890541
W065,normal,48,n_gt,8.166666666666666
W065,normal,48,n_pred,8.61111111111111
W065,normal,48,n_reg,9.5
W065,rgb,4,f1@0.5,0.6708251429226662
W065,rgb,4,f1@0.75,0.3953046423247661
W065,rgb,4,miou,0.7593429649068925
W065,rgb,4,n_gt,8.166666666666666
W065,rgb,4,n_pred,8.166666666666666
W065,rgb,4,n_reg,8.166666666666666
W065,rgb,6,f1@0.5,0.619315706080412
W065,rgb,6,f1@0.75,0.3750442096030331
W065,rgb,6,miou,0.7938818334405379
W065,rgb,6,n_gt,8.166666666666666
W065,rgb,6,n_pred,9.333333333333334
W065,rgb,6,n_reg,9.77777777777778
W065,rgb,8,f1@0.5,0.6270254337933927
W065,rgb,8,f1@0.75,0.3516144284108792
W065,rgb,8,miou,0.8173857987166361
W065,rgb,8,n_gt,8.166666666666666
W065,rgb,8,n_pred,10.166666666666666
W065,rgb,8,n_reg,10.166666666666666
W065,rgb,12,f1@0.5,0.5779020471011318
W065,rgb,12,f1@0.75,0.3694954181338621
W065,rgb,12,miou,0.8846001088847635
W065,rgb,12,n_gt,8.166666666666666
W065,rgb,12,n_pred,13.0
W065,rgb,12,n_reg,13.11111111111111
W065,rgb,16,f1@0.5,0.4762008326259533
W065,rgb,16,f1@0.75,0.2472690460371619
W065,rgb,16,miou,0.8175690762301865
W065,rgb,16,n_gt,8.166666666666666
W065,rgb,16,n_pred,14.38888888888889
W065,rgb,16,n_reg,15.77777777777778
W065,rgb,24,f1@0.5,0.4798543032524726
W065,rgb,24,f1@0.75,0.3100179526380899
W065,rgb,24,miou,0.8119036788860149
W065,rgb,24,n_gt,8.166666666666666
W065,rgb,24,n_pred,13.333333333333334
W065,rgb,24,n_reg,14.333333333333334
W065,rgb,32,f1@0.5,0.4682493325246948
W065,rgb,32,f1@0.75,0.2614135604956861
W065,rgb,32,miou,0.8138186081642449
W065,rgb,32,n_gt,8.166666666666666
W065,rgb,32,n_pred,14.11111111111111
W065,rgb,32,n_reg,15.0
W065,rgb,48,f1@0.5,0.5263654541915411
W065,rgb,48,f1@0.75,0.3046796842449016
W065,rgb,48,miou,0.8826413299478408
W065,rgb,48,n_gt,8.166666666666666
W065,rgb,48,n_pred,15.11111111111111
W065,rgb,48,n_reg,16.0
W066,depth,4,f1@0.5,0.5361971361971363
W066,depth,4,f1@0.75,0.4174596514596514
W066,depth,4,miou,0.5736777972271097
W066,depth,4,n_gt,7.32
W066,depth,4,n_pred,4.68
W066,depth,4,n_reg,4.88
W066,depth,6,f1@0.5,0.5503233498527615
W066,depth,6,f1@0.75,0.4172675429146018
W066,depth,6,miou,0.554008900581706
W066,depth,6,n_gt,7.32
W066,depth,6,n_pred,6.12
W066,depth,6,n_reg,6.16
W066,depth,8,f1@0.5,0.5640928985015673
W066,depth,8,f1@0.75,0.4506536597217712
W066,depth,8,miou,0.6126868511321696
W066,depth,8,n_gt,7.32
W066,depth,8,n_pred,6.84
W066,depth,8,n_reg,7.6
W066,depth,12,f1@0.5,0.5357492765232703
W066,depth,12,f1@0.75,0.4251596652401606
W066,depth,12,miou,0.5541518966177205
W066,depth,12,n_gt,7.32
W066,depth,12,n_pred,6.76
W066,depth,12,n_reg,7.6
W066,depth,16,f1@0.5,0.5449778783308195
W066,depth,16,f1@0.75,0.4168893916540975
W066,depth,16,miou,0.5565187157949226
W066,depth,16,n_gt,7.32
W066,depth,16,n_pred,6.56
W066,depth,16,n_reg,7.68
W066,depth,24,f1@0.5,0.5914624721683545
W066,depth,24,f1@0.75,0.4930908568555627
W066,depth,24,miou,0.5870341931108641
W066,depth,24,n_gt,7.32
W066,depth,24,n_pred,5.72
W066,depth,24,n_reg,6.48
W066,depth,32,f1@0.5,0.54731279178338
W066,depth,32,f1@0.75,0.4409187675070028
W066,depth,32,miou,0.552637720416922
W066,depth,32,n_gt,7.32
W066,depth,32,n_pred,6.2
W066,depth,32,n_reg,6.76
W066,depth,48,f1@0.5,0.5644724556489262
W066,depth,48,f1@0.75,0.4533622782446311
W066,depth,48,miou,0.5537339954967341
W066,depth,48,n_gt,7.32
W066,depth,48,n_pred,5.8
W066,depth,48,n_reg,6.76
W066,normal,4,f1@0.5,0.6806573622455976
W066,normal,4,f1@0.75,0.5095010087951265
W066,normal,4,miou,0.755865433252281
W066,normal,4,n_gt,7.32
W066,normal,4,n_pred,5.64
W066,normal,4,n_reg,5.72
W066,normal,6,f1@0.5,0.6738513969690441
W066,normal,6,f1@0.75,0.5174165050635638
W066,normal,6,miou,0.6196382552870375
W066,normal,6,n_gt,7.32
W066,normal,6,n_pred,5.92
W066,normal,6,n_reg,5.96
W066,normal,8,f1@0.5,0.6566986130484582
W066,normal,8,f1@0.75,0.5020172716860024
W066,normal,8,miou,0.6808229021176744
W066,normal,8,n_gt,7.32
W066,normal,8,n_pred,6.64
W066,normal,8,n_reg,6.88
W066,normal,12,f1@0.5,0.6656257213718514
W066,normal,12,f1@0.75,0.5177919177485741
W066,normal,12,miou,0.7762060130572018
W066,normal,12,n_gt,7.32
W066,normal,12,n_pred,7.84
W066,normal,12,n_reg,8.44
W066,normal,16,f1@0.5,0.5929337384321904
W066,normal,16,f1@0.75,0.438448278931251
W066,normal,16,miou,0.705311274492451
W066,normal,16,n_gt,7.32
W066,normal,16,n_pred,8.28
W066,normal,16,n_reg,9.36
W066,normal,24,f1@0.5,0.5626895495285588
W066,normal,24,f1@0.75,0.3703195256755628
W066,normal,24,miou,0.6527347738971737
W066,normal,24,n_gt,7.32
W066,normal,24,n_pred,8.2
W066,normal,24,n_reg,8.88
W066,normal,32,f1@0.5,0.6381148552170224
W066,normal,32,f1@0.75,0.4128860668055714
W066,normal,32,miou,0.7786193028275068
W066,normal,32,n_gt,7.32
W066,normal,32,n_pred,8.52
W066,normal,32,n_reg,9.4
W066,normal,48,f1@0.5,0.5953592894893205
W066,normal,48,f1@0.75,0.4320029348016964
W066,normal,48,miou,0.7046669170081427
W066,normal,48,n_gt,7.32
W066,normal,48,n_pred,8.44
W066,normal,48,n_reg,9.48
W066,rgb,4,f1@0.5,0.7368267267648072
W066,rgb,4,f1@0.75,0.5870356389396637
W066,rgb,4,miou,0.9092121049466262
W066,rgb,4,n_gt,7.32
W066,rgb,4,n_pred,7.16
W066,rgb,4,n_reg,7.36
W066,rgb,6,f1@0.5,0.7658275054838523
W066,rgb,6,f1@0.75,0.6184123008054897
W066,rgb,6,miou,0.919099499761692
W066,rgb,6,n_gt,7.32
W066,rgb,6,n_pred,8.32
W066,rgb,6,n_reg,8.72
W066,rgb,8,f1@0.5,0.7360021206863311
W066,rgb,8,f1@0.75,0.5960902898271319
W066,rgb,8,miou,0.9189234496167876
W066,rgb,8,n_gt,7.32
W066,rgb,8,n_pred,8.76
W066,rgb,8,n_reg,9.28
W066,rgb,12,f1@0.5,0.6851326915258804
W066,rgb,12,f1@0.75,0.5444003478461683
W066,rgb,12,miou,0.8312213533764815
W066,rgb,12,n_gt,7.32
W066,rgb,12,n_pred,8.68
W066,rgb,12,n_reg,9.0
W066,rgb,16,f1@0.5,0.6788551417622625
W066,rgb,16,f1@0.75,0.5403531514924704
W066,rgb,16,miou,0.8317879826843722
W066,rgb,16,n_gt,7.32
W066,rgb,16,n_pred,8.56
W066,rgb,16,n_reg,9.24
W066,rgb,24,f1@0.5,0.5404830917874396
W066,rgb,24,f1@0.75,0.4286595143986448
W066,rgb,24,miou,0.8234631030954108
W066,rgb,24,n_gt,7.32
W066,rgb,24,n_pred,12.2
W066,rgb,24,n_reg,12.84
W066,rgb,32,f1@0.5,0.5832023725067202
W066,rgb,32,f1@0.75,0.4621825469216773
W066,rgb,32,miou,0.8231859556796978
W066,rgb,32,n_gt,7.32
W066,rgb,32,n_pred,11.2
W066,rgb,32,n_reg,12.68
W066,rgb,48,f1@0.5,0.5860024008536594
W066,rgb,48,f1@0.75,0.4626323452799425
W066,rgb,48,miou,0.8302360619382172
W066,rgb,48,n_gt,7.32
W066,rgb,48,n_pred,11.0
W066,rgb,48,n_reg,12.56
W067,depth,4,f1@0.5,0.6320827320827321
W067,depth,4,f1@0.75,0.4020232082732082
W067,depth,4,miou,0.475837989507557
W067,depth,4,n_gt,8.708333333333334
W067,depth,4,n_pred,4.5
W067,depth,4,n_reg,4.625
W067,depth,6,f1@0.5,0.6220627605109029
W067,depth,6,f1@0.75,0.3734950585763279
W067,depth,6,miou,0.4847251964276109
W067,depth,6,n_gt,8.708333333333334
W067,depth,6,n_pred,7.041666666666667
W067,depth,6,n_reg,7.25
W067,depth,8,f1@0.5,0.6214014328178414
W067,depth,8,f1@0.75,0.3875122777406059
W067,depth,8,miou,0.4873264197692295
W067,depth,8,n_gt,8.708333333333334
W067,depth,8,n_pred,8.333333333333334
W067,depth,8,n_reg,8.791666666666666
W067,depth,12,f1@0.5,0.6774955436720144
W067,depth,12,f1@0.75,0.4319363982966924
W067,depth,12,miou,0.6178805273129663
W067,depth,12,n_gt,8.708333333333334
W067,depth,12,n_pred,6.375
W067,depth,12,n_reg,6.541666666666667
W067,depth,16,f1@0.5,0.6774955436720144
W067,depth,16,f1@0.75,0.4368383590810061
W067,depth,16,miou,0.6174403875683505
W067,depth,16,n_gt,8.708333333333334
W067,depth,16,n_pred,6.375
W067,depth,16,n_reg,6.541666666666667
W067,depth,24,f1@0.5,0.7260692280429123
W067,depth,24,f1@0.75,0.549584212084212
W067,depth,24,miou,0.8281427869876438
W067,depth,24,n_gt,8.708333333333334
W067,depth,24,n_pred,8.5
W067,depth,24,n_reg,9.166666666666666
W067,depth,32,f1@0.5,0.6648027244494635
W067,depth,32,f1@0.75,0.4081979212413995
W067,depth,32,miou,0.62826331348234
W067,depth,32,n_gt,8.708333333333334
W067,depth,32,n_pred,10.5
W067,depth,32,n_reg,10.791666666666666
W067,depth,48,f1@0.5,0.6892904610009873
W067,depth,48,f1@0.75,0.4167271081744765
W067,depth,48,miou,0.6276650370570298
W067,depth,48,n_gt,8.708333333333334
W067,depth,48,n_pred,9.75
W067,depth,48,n_reg,10.041666666666666
W067,normal,4,f1@0.5,0.6283123943050414
W067,normal,4,f1@0.75,0.4123810693663635
W067,normal,4,miou,0.7308496291698722
W067,normal,4,n_gt,8.708333333333334
W067,normal,4,n_pred,6.666666666666667
W067,normal,4,n_reg,6.666666666666667
W067,normal,6,f1@0.5,0.7026094884647516
W067,normal,6,f1@0.75,0.5213454308849045
W067,normal,6,miou,0.7063240499285133
W067,normal,6,n_gt,8.708333333333334
W067,normal,6,n_pred,9.0
W067,normal,6,n_reg,9.291666666666666
W067,normal,8,f1@0.5,0.736036307746834
W067,normal,8,f1@0.75,0.5308029446187341
W067,normal,8,miou,0.8465525085602782
W067,normal,8,n_gt,8.708333333333334
W067,normal,8,n_pred,8.708333333333334
W067,normal,8,n_reg,9.041666666666666
W067,normal,12,f1@0.5,0.7589165464165464
W067,normal,12,f1@0.75,0.5752224627224627
W067,normal,12,miou,0.856342879075974
W067,normal,12,n_gt,8.708333333333334
W067,normal,12,n_pred,9.916666666666666
W067,normal,12,n_reg,10.166666666666666
W067,normal,16,f1@0.5,0.7390262154488497
W067,normal,16,f1@0.75,0.5703509143007225
W067,normal,16,miou,0.8500523219438202
W067,normal,16,n_gt,8.708333333333334
W067,normal,16,n_pred,10.791666666666666
W067,normal,16,n_reg,11.166666666666666
W067,normal,24,f1@0.5,0.7033443773575353
W067,normal,24,f1@0.75,0.5044005215057846
W067,normal,24,miou,0.8476395618478073
W067,normal,24,n_gt,8.708333333333334
W067,normal,24,n_pred,9.583333333333334
W067,normal,24,n_reg,9.916666666666666
W067,normal,32,f1@0.5,0.6983119098250676
W067,normal,32,f1@0.75,0.513220867826131
W067,normal,32,miou,0.8489122598153666
W067,normal,32,n_gt,8.708333333333334
W067,normal,32,n_pred,9.75
W067,normal,32,n_reg,10.583333333333334
W067,normal,48,f1@0.5,0.7466200566744045
W067,normal,48,f1@0.75,0.6041399371562415
W067,normal,48,miou,0.8565008793376955
W067,normal,48,n_gt,8.708333333333334
W067,normal,48,n_pred,10.5
W067,normal,48,n_reg,11.458333333333334
W067,rgb,4,f1@0.5,0.7177109440267335
W067,rgb,4,f1@0.75,0.5631892230576441
W067,rgb,4,miou,0.7347051922511944
W067,rgb,4,n_gt,8.708333333333334
W067,rgb,4,n_pred,8.583333333333334
W067,rgb,4,n_reg,8.583333333333334
W067,rgb,6,f1@0.5,0.6607161844003949
W067,rgb,6,f1@0.75,0.5309001670843776
W067,rgb,6,miou,0.7317967196926191
W067,rgb,6,n_gt,8.708333333333334
W067,rgb,6,n_pred,10.083333333333334
W067,rgb,6,n_reg,10.291666666666666
W067,rgb,8,f1@0.5,0.5988993267318076
W067,rgb,8,f1@0.75,0.3843553775011575
W067,rgb,8,miou,0.7847446669249095
W067,rgb,8,n_gt,8.708333333333334
W067,rgb,8,n_pred,12.375
W067,rgb,8,n_reg,12.833333333333334
W067,rgb,12,f1@0.5,0.5672919612064349
W067,rgb,12,f1@0.75,0.4047233691422288
W067,rgb,12,miou,0.8685963112964682
W067,rgb,12,n_gt,8.708333333333334
W067,rgb,12,n_pred,15.5
W067,rgb,12,n_reg,15.75
W067,rgb,16,f1@0.5,0.5528185119451889
W067,rgb,16,f1@0.75,0.3228302263325483
W067,rgb,16,miou,0.8906755610373
W067,rgb,16,n_gt,8.708333333333334
W067,rgb,16,n_pred,15.375
W067,rgb,16,n_reg,15.916666666666666
W067,rgb,24,f1@0.5,0.4668234319958457
W067,rgb,24,f1@0.75,0.1544812966939403
W067,rgb,24,miou,0.8184529947447953
W067,rgb,24,n_gt,8.708333333333334
W067,rgb,24,n_pred,15.833333333333334
W067,rgb,24,n_reg,16.625
W067,rgb,32,f1@0.5,0.5511103638554619
W067,rgb,32,f1@0.75,0.2961723796324878
W067,rgb,32,miou,0.887954717169937
W067,rgb,32,n_gt,8.708333333333334
W067,rgb,32,n_pred,16.958333333333332
W067,rgb,32,n_reg,17.708333333333332
W067,rgb,48,f1@0.5,0.5469324111142907
W067,rgb,48,f1@0.75,0.2787926435745908
W067,rgb,48,miou,0.9004127989874093
W067,rgb,48,n_gt,8.708333333333334
W067,rgb,48,n_pred,17.375
W067,rgb,48,n_reg,18.666666666666668
W068,depth,4,f1@0.5,0.7544476473573113
W068,depth,4,f1@0.75,0.4992338718704264
W068,depth,4,miou,0.503447206791135
W068,depth,4,n_gt,8.75
W068,depth,4,n_pred,6.392857142857143
W068,depth,4,n_reg,6.607142857142857
W068,depth,6,f1@0.5,0.7045217255715929
W068,depth,6,f1@0.75,0.5422435367841162
W068,depth,6,miou,0.6409426552767539
W068,depth,6,n_gt,8.75
W068,depth,6,n_pred,7.0
W068,depth,6,n_reg,7.464285714285714
W068,depth,8,f1@0.5,0.6895275111025885
W068,depth,8,f1@0.75,0.5775490763106862
W068,depth,8,miou,0.6427198787335522
W068,depth,8,n_gt,8.75
W068,depth,8,n_pred,7.0
W068,depth,8,n_reg,7.464285714285714
W068,depth,12,f1@0.5,0.713220050359254
W068,depth,12,f1@0.75,0.5180052430417794
W068,depth,12,miou,0.804976683023088
W068,depth,12,n_gt,8.75
W068,depth,12,n_pred,11.285714285714286
W068,depth,12,n_reg,11.857142857142858
W068,depth,16,f1@0.5,0.7598320022829185
W068,depth,16,f1@0.75,0.6762169521785554
W068,depth,16,miou,0.7774895906329056
W068,depth,16,n_gt,8.75
W068,depth,16,n_pred,9.964285714285714
W068,depth,16,n_reg,10.892857142857142
W068,depth,24,f1@0.5,0.732721875935729
W068,depth,24,f1@0.75,0.658651612645613
W068,depth,24,miou,0.7545542408962296
W068,depth,24,n_gt,8.75
W068,depth,24,n_pred,9.785714285714286
W068,depth,24,n_reg,10.857142857142858
W068,depth,32,f1@0.5,0.7401902043962358
W068,depth,32,f1@0.75,0.6025354440155029
W068,depth,32,miou,0.8139898028977789
W068,depth,32,n_gt,8.75
W068,depth,32,n_pred,10.428571428571429
W068,depth,32,n_reg,11.071428571428571
W068,depth,48,f1@0.5,0.7419711826658302
W068,depth,48,f1@0.75,0.5835796183782118
W068,depth,48,miou,0.8246560211599503
W068,depth,48,n_gt,8.75
W068,depth,48,n_pred,10.892857142857142
W068,depth,48,n_reg,11.785714285714286
W068,normal,4,f1@0.5,0.5808247075053797
W068,normal,4,f1@0.75,0.461668828370509
W068,normal,4,miou,0.5716067499002667
W068,normal,4,n_gt,8.75
W068,normal,4,n_pred,6.571428571428571
W068,normal,4,n_reg,6.678571428571429
W068,normal,6,f1@0.5,0.5966053554288848
W068,normal,6,f1@0.75,0.475462772521596
W068,normal,6,miou,0.5654928658999107
W068,normal,6,n_gt,8.75
W068,normal,6,n_pred,6.5
W068,normal,6,n_reg,6.571428571428571
W068,normal,8,f1@0.5,0.6434324392252301
W068,normal,8,f1@0.75,0.4597120890436901
W068,normal,8,miou,0.6841138016778825
W068,normal,8,n_gt,8.75
W068,normal,8,n_pred,8.071428571428571
W068,normal,8,n_reg,8.25
W068,normal,12,f1@0.5,0.644745464435314
W068,normal,12,f1@0.75,0.4760089586687331
W068,normal,12,miou,0.6875444591304262
W068,normal,12,n_gt,8.75
W068,normal,12,n_pred,8.035714285714286
W068,normal,12,n_reg,8.214285714285714
W068,normal,16,f1@0.5,0.7136938771337268
W068,normal,16,f1@0.75,0.5445951969918135
W068,normal,16,miou,0.68318613271451
W068,normal,16,n_gt,8.75
W068,normal,16,n_pred,8.035714285714286
W068,normal,16,n_reg,9.142857142857142
W068,normal,24,f1@0.5,0.646993480866767
W068,normal,24,f1@0.75,0.469507586189917
W068,normal,24,miou,0.6732267899294755
W068,normal,24,n_gt,8.75
W068,normal,24,n_pred,7.357142857142857
W068,normal,24,n_reg,7.964285714285714
W068,normal,32,f1@0.5,0.6260138928593152
W068,normal,32,f1@0.75,0.4237222226026959
W068,normal,32,miou,0.6704349960891927
W068,normal,32,n_gt,8.75
W068,normal,32,n_pred,8.142857142857142
W068,normal,32,n_reg,9.142857142857142
W068,normal,48,f1@0.5,0.7204155788189401
W068,normal,48,f1@0.75,0.5211104022028391
W068,normal,48,miou,0.7813795393706349
W068,normal,48,n_gt,8.75
W068,normal,48,n_pred,9.678571428571429
W068,normal,48,n_reg,10.928571428571429
W068,rgb,4,f1@0.5,0.5514134444723785
W068,rgb,4,f1@0.75,0.3916848769320021
W068,rgb,4,miou,0.5893225761116762
W068,rgb,4,n_gt,8.75
W068,rgb,4,n_pred,7.571428571428571
W068,rgb,4,n_reg,7.714285714285714
W068,rgb,6,f1@0.5,0.6919293112902135
W068,rgb,6,f1@0.75,0.5982080367418713
W068,rgb,6,miou,0.7355702423524694
W068,rgb,6,n_gt,8.75
W068,rgb,6,n_pred,9.857142857142858
W068,rgb,6,n_reg,10.357142857142858
W068,rgb,8,f1@0.5,0.696331709181088
W068,rgb,8,f1@0.75,0.5172842159565761
W068,rgb,8,miou,0.8926091070707407
W068,rgb,8,n_gt,8.75
W068,rgb,8,n_pred,11.928571428571429
W068,rgb,8,n_reg,12.75
W068,rgb,12,f1@0.5,0.6796328309371787
W068,rgb,12,f1@0.75,0.5387774523004702
W068,rgb,12,miou,0.901785113261424
W068,rgb,12,n_gt,8.75
W068,rgb,12,n_pred,13.285714285714286
W068,rgb,12,n_reg,13.785714285714286
W068,rgb,16,f1@0.5,0.6746984883950541
W068,rgb,16,f1@0.75,0.5400050253708456
W068,rgb,16,miou,0.883119347774794
W068,rgb,16,n_gt,8.75
W068,rgb,16,n_pred,12.321428571428571
W068,rgb,16,n_reg,12.785714285714286
W068,rgb,24,f1@0.5,0.6052361311617508
W068,rgb,24,f1@0.75,0.3791998862081838
W068,rgb,24,miou,0.8939474712439793
W068,rgb,24,n_gt,8.75
W068,rgb,24,n_pred,13.107142857142858
W068,rgb,24,n_reg,13.571428571428571
W068,rgb,32,f1@0.5,0.6635323445617562
W068,rgb,32,f1@0.75,0.4716968240287568
W068,rgb,32,miou,0.9025863967124272
W068,rgb,32,n_gt,8.75
W068,rgb,32,n_pred,13.892857142857142
W068,rgb,32,n_reg,15.071428571428571
W068,rgb,48,f1@0.5,0.5605947876401934
W068,rgb,48,f1@0.75,0.388540872595274
W068,rgb,48,miou,0.8641693234017476
W068,rgb,48,n_gt,8.75
W068,rgb,48,n_pred,15.928571428571429
W068,rgb,48,n_reg,16.571428571428573
W069,depth,4,f1@0.5,0.7935996519820049
W069,depth,4,f1@0.75,0.5855984919220213
W069,depth,4,miou,0.5781952029740643
W069,depth,4,n_gt,8.566666666666666
W069,depth,4,n_pred,6.6
W069,depth,4,n_reg,6.6
W069,depth,6,f1@0.5,0.9079584158531528
W069,depth,6,f1@0.75,0.7615817733464793
W069,depth,6,miou,0.8100076917207496
W069,depth,6,n_gt,8.566666666666666
W069,depth,6,n_pred,7.7
W069,depth,6,n_reg,7.733333333333333
W069,depth,8,f1@0.5,0.8136367385051596
W069,depth,8,f1@0.75,0.6257963235594814
W069,depth,8,miou,0.7715633696662584
W069,depth,8,n_gt,8.566666666666666
W069,depth,8,n_pred,7.866666666666666
W069,depth,8,n_reg,7.933333333333334
W069,depth,12,f1@0.5,0.8683039426460479
W069,depth,12,f1@0.75,0.692860954834639
W069,depth,12,miou,0.8151699210672809
W069,depth,12,n_gt,8.566666666666666
W069,depth,12,n_pred,8.333333333333334
W069,depth,12,n_reg,8.6
W069,depth,16,f1@0.5,0.8783677831742848
W069,depth,16,f1@0.75,0.7102220686663412
W069,depth,16,miou,0.7478915670196032
W069,depth,16,n_gt,8.566666666666666
W069,depth,16,n_pred,7.433333333333334
W069,depth,16,n_reg,7.5
W069,depth,24,f1@0.5,0.8549110446943264
W069,depth,24,f1@0.75,0.6453375714985622
W069,depth,24,miou,0.801317626385286
W069,depth,24,n_gt,8.566666666666666
W069,depth,24,n_pred,8.366666666666667
W069,depth,24,n_reg,8.5
W069,depth,32,f1@0.5,0.8588245331666384
W069,depth,32,f1@0.75,0.675782477756162
W069,depth,32,miou,0.8040052039075355
W069,depth,32,n_gt,8.566666666666666
W069,depth,32,n_pred,8.3
W069,depth,32,n_reg,8.533333333333333
W069,depth,48,f1@0.5,0.8986962885182699
W069,depth,48,f1@0.75,0.7938019353654029
W069,depth,48,miou,0.8219823909924024
W069,depth,48,n_gt,8.566666666666666
W069,depth,48,n_pred,7.666666666666667
W069,depth,48,n_reg,7.933333333333334
W069,normal,4,f1@0.5,0.6672759997140802
W069,normal,4,f1@0.75,0.4990150696110448
W069,normal,4,miou,0.5639395731408359
W069,normal,4,n_gt,8.566666666666666
W069,normal,4,n_pred,6.666666666666667
W069,normal,4,n_reg,6.766666666666667
W069,normal,6,f1@0.5,0.7431965483203873
W069,normal,6,f1@0.75,0.5768663454421968
W069,normal,6,miou,0.6155043192282219
W069,normal,6,n_gt,8.566666666666666
W069,normal,6,n_pred,6.666666666666667
W069,normal,6,n_reg,6.933333333333334
W069,normal,8,f1@0.5,0.7084903400692875
W069,normal,8,f1@0.75,0.5388662993926151
W069,normal,8,miou,0.7033022142884969
W069,normal,8,n_gt,8.566666666666666
W069,normal,8,n_pred,8.566666666666666
W069,normal,8,n_reg,8.666666666666666
W069,normal,12,f1@0.5,0.7523805800895584
W069,normal,12,f1@0.75,0.5696408579380716
W069,normal,12,miou,0.7007027694087877
W069,normal,12,n_gt,8.566666666666666
W069,normal,12,n_pred,7.633333333333334
W069,normal,12,n_reg,7.666666666666667
W069,normal,16,f1@0.5,0.679267472293788
W069,normal,16,f1@0.75,0.5136284573126678
W069,normal,16,miou,0.7018536890659156
W069,normal,16,n_gt,8.566666666666666
W069,normal,16,n_pred,9.266666666666667
W069,normal,16,n_reg,9.4
W069,normal,24,f1@0.5,0.7448344271254488
W069,normal,24,f1@0.75,0.5931438965804291
W069,normal,24,miou,0.7007145223041644
W069,normal,24,n_gt,8.566666666666666
W069,normal,24,n_pred,7.633333333333334
W069,normal,24,n_reg,8.266666666666667
W069,normal,32,f1@0.5,0.679366948840633
W069,normal,32,f1@0.75,0.5048855822540033
W069,normal,32,miou,0.7033711786371314
W069,normal,32,n_gt,8.566666666666666
W069,normal,32,n_pred,9.333333333333334
W069,normal,32,n_reg,10.1
W069,normal,48,f1@0.5,0.7038704570283517
W069,normal,48,f1@0.75,0.5320120425383583
W069,normal,48,miou,0.703059165721838
W069,normal,48,n_gt,8.566666666666666
W069,normal,48,n_pred,8.6
W069,normal,48,n_reg,9.233333333333333
W069,rgb,4,f1@0.5,0.6698903787990476
W069,rgb,4,f1@0.75,0.5487235840641413
W069,rgb,4,miou,0.5685034127193637
W069,rgb,4,n_gt,8.566666666666666
W069,rgb,4,n_pred,6.7
W069,rgb,4,n_reg,6.7
W069,rgb,6,f1@0.5,0.789077781523602
W069,rgb,6,f1@0.75,0.703548762898608
W069,rgb,6,miou,0.7338911090410339
W069,rgb,6,n_gt,8.566666666666666
W069,rgb,6,n_pred,8.2
W069,rgb,6,n_reg,8.433333333333334
W069,rgb,8,f1@0.5,0.7645584297845706
W069,rgb,8,f1@0.75,0.65166546197405
W069,rgb,8,miou,0.9024481872126462
W069,rgb,8,n_gt,8.566666666666666
W069,rgb,8,n_pred,11.0
W069,rgb,8,n_reg,11.433333333333334
W069,rgb,12,f1@0.5,0.6518606763606763
W069,rgb,12,f1@0.75,0.498532079032079
W069,rgb,12,miou,0.9081229443355624
W069,rgb,12,n_gt,8.566666666666666
W069,rgb,12,n_pred,13.666666666666666
W069,rgb,12,n_reg,14.033333333333331
W069,rgb,16,f1@0.5,0.7019654684616321
W069,rgb,16,f1@0.75,0.5910839139074433
W069,rgb,16,miou,0.9020900297040968
W069,rgb,16,n_gt,8.566666666666666
W069,rgb,16,n_pred,12.733333333333333
W069,rgb,16,n_reg,13.1
W069,rgb,24,f1@0.5,0.6881355342582964
W069,rgb,24,f1@0.75,0.541148770098898
W069,rgb,24,miou,0.8959654644490691
W069,rgb,24,n_gt,8.566666666666666
W069,rgb,24,n_pred,13.233333333333333
W069,rgb,24,n_reg,14.1
W069,rgb,32,f1@0.5,0.6801578147626741
W069,rgb,32,f1@0.75,0.5554605749465085
W069,rgb,32,miou,0.9035224932404746
W069,rgb,32,n_gt,8.566666666666666
W069,rgb,32,n_pred,12.166666666666666
W069,rgb,32,n_reg,12.3
W069,rgb,48,f1@0.5,0.7051041598356176
W069,rgb,48,f1@0.75,0.5940047403576815
W069,rgb,48,miou,0.8995489015518732
W069,rgb,48,n_gt,8.566666666666666
W069,rgb,48,n_pred,12.666666666666666
W069,rgb,48,n_reg,13.0
W070,depth,4,f1@0.5,0.6544880406949373
W070,depth,4,f1@0.75,0.4960384443143063
W070,depth,4,miou,0.6389986074452484
W070,depth,4,n_gt,8.379310344827585
W070,depth,4,n_pred,4.0
W070,depth,4,n_reg,4.0
W070,depth,6,f1@0.5,0.664946834774421
W070,depth,6,f1@0.75,0.5141805512495168
W070,depth,6,miou,0.6083370084211764
W070,depth,6,n_gt,8.379310344827585
W070,depth,6,n_pred,4.310344827586207
W070,depth,6,n_reg,4.310344827586207
W070,depth,8,f1@0.5,0.7599097627281677
W070,depth,8,f1@0.75,0.6050708321606154
W070,depth,8,miou,0.6778495385670038
W070,depth,8,n_gt,8.379310344827585
W070,depth,8,n_pred,6.206896551724138
W070,depth,8,n_reg,6.448275862068965
W070,depth,12,f1@0.5,0.7971955058215333
W070,depth,12,f1@0.75,0.6210827178586332
W070,depth,12,miou,0.680089410767459
W070,depth,12,n_gt,8.379310344827585
W070,depth,12,n_pred,6.758620689655173
W070,depth,12,n_reg,7.0
W070,depth,16,f1@0.5,0.7951056416627037
W070,depth,16,f1@0.75,0.6126187680153732
W070,depth,16,miou,0.682172480840475
W070,depth,16,n_gt,8.379310344827585
W070,depth,16,n_pred,6.793103448275862
W070,depth,16,n_reg,7.0
W070,depth,24,f1@0.5,0.6330468438480609
W070,depth,24,f1@0.75,0.3644219933773686
W070,depth,24,miou,0.3682095321629848
W070,depth,24,n_gt,8.379310344827585
W070,depth,24,n_pred,4.793103448275862
W070,depth,24,n_reg,4.896551724137931
W070,depth,32,f1@0.5,0.580825950794991
W070,depth,32,f1@0.75,0.3227043344423509
W070,depth,32,miou,0.3701481419014402
W070,depth,32,n_gt,8.379310344827585
W070,depth,32,n_pred,5.793103448275862
W070,depth,32,n_reg,5.896551724137931
W070,depth,48,f1@0.5,0.7530132110040298
W070,depth,48,f1@0.75,0.504185928895014
W070,depth,48,miou,0.6789173416717407
W070,depth,48,n_gt,8.379310344827585
W070,depth,48,n_pred,6.206896551724138
W070,depth,48,n_reg,6.448275862068965
W070,normal,4,f1@0.5,0.673894918468955
W070,normal,4,f1@0.75,0.4450045221850496
W070,normal,4,miou,0.6943645346031297
W070,normal,4,n_gt,8.379310344827585
W070,normal,4,n_pred,5.206896551724138
W070,normal,4,n_reg,5.206896551724138
W070,normal,6,f1@0.5,0.7104346704859142
W070,normal,6,f1@0.75,0.5583682760900653
W070,normal,6,miou,0.6997226686637417
W070,normal,6,n_gt,8.379310344827585
W070,normal,6,n_pred,6.275862068965517
W070,normal,6,n_reg,6.344827586206897
W070,normal,8,f1@0.5,0.6837679899546025
W070,normal,8,f1@0.75,0.4968331533240255
W070,normal,8,miou,0.6420225168439322
W070,normal,8,n_gt,8.379310344827585
W070,normal,8,n_pred,5.793103448275862
W070,normal,8,n_reg,5.827586206896552
W070,normal,12,f1@0.5,0.6974684923868227
W070,normal,12,f1@0.75,0.4966524703366808
W070,normal,12,miou,0.7029113667554676
W070,normal,12,n_gt,8.379310344827585
W070,normal,12,n_pred,7.758620689655173
W070,normal,12,n_reg,7.896551724137931
W070,normal,16,f1@0.5,0.6477446731530216
W070,normal,16,f1@0.75,0.4843469093922814
W070,normal,16,miou,0.6302669003382995
W070,normal,16,n_gt,8.379310344827585
W070,normal,16,n_pred,7.827586206896552
W070,normal,16,n_reg,8.275862068965518
W070,normal,24,f1@0.5,0.6645658032227905
W070,normal,24,f1@0.75,0.4974945199990572
W070,normal,24,miou,0.6168864563240504
W070,normal,24,n_gt,8.379310344827585
W070,normal,24,n_pred,7.413793103448276
W070,normal,24,n_reg,7.620689655172414
W070,normal,32,f1@0.5,0.6873674822858126
W070,normal,32,f1@0.75,0.499797218309015
W070,normal,32,miou,0.6971146029985843
W070,normal,32,n_gt,8.379310344827585
W070,normal,32,n_pred,7.758620689655173
W070,normal,32,n_reg,7.9655172413793105
W070,normal,48,f1@0.5,0.7180518211371205
W070,normal,48,f1@0.75,0.5176962178777061
W070,normal,48,miou,0.742826583593767
W070,normal,48,n_gt,8.379310344827585
W070,normal,48,n_pred,7.827586206896552
W070,normal,48,n_reg,7.9655172413793105
W070,rgb,4,f1@0.5,0.708681447018161
W070,rgb,4,f1@0.75,0.5866533961868647
W070,rgb,4,miou,0.8855420138175993
W070,rgb,4,n_gt,8.379310344827585
W070,rgb,4,n_pred,6.206896551724138
W070,rgb,4,n_reg,6.206896551724138
W070,rgb,6,f1@0.5,0.5961718909300846
W070,rgb,6,f1@0.75,0.455051823376794
W070,rgb,6,miou,0.743681685065904
W070,rgb,6,n_gt,8.379310344827585
W070,rgb,6,n_pred,7.827586206896552
W070,rgb,6,n_reg,9.172413793103448
W070,rgb,8,f1@0.5,0.7784839136285704
W070,rgb,8,f1@0.75,0.5871904070687033
W070,rgb,8,miou,0.903508843121064
W070,rgb,8,n_gt,8.379310344827585
W070,rgb,8,n_pred,7.517241379310345
W070,rgb,8,n_reg,7.931034482758621
W070,rgb,12,f1@0.5,0.6557707821696619
W070,rgb,12,f1@0.75,0.4807528064349046
W070,rgb,12,miou,0.9089985178931618
W070,rgb,12,n_gt,8.379310344827585
W070,rgb,12,n_pred,12.655172413793103
W070,rgb,12,n_reg,14.10344827586207
W070,rgb,16,f1@0.5,0.6455387142572961
W070,rgb,16,f1@0.75,0.4665445199151875
W070,rgb,16,miou,0.911353393832808
W070,rgb,16,n_gt,8.379310344827585
W070,rgb,16,n_pred,12.724137931034482
W070,rgb,16,n_reg,14.06896551724138
W070,rgb,24,f1@0.5,0.6652552298054547
W070,rgb,24,f1@0.75,0.4821310174083787
W070,rgb,24,miou,0.9120402521011785
W070,rgb,24,n_gt,8.379310344827585
W070,rgb,24,n_pred,12.241379310344827
W070,rgb,24,n_reg,14.0
W070,rgb,32,f1@0.5,0.6726030704816313
W070,rgb,32,f1@0.75,0.4872461965265564
W070,rgb,32,miou,0.9117074339256396
W070,rgb,32,n_gt,8.379310344827585
W070,rgb,32,n_pred,12.0
W070,rgb,32,n_reg,13.862068965517242
W070,rgb,48,f1@0.5,0.6588677806789542
W070,rgb,48,f1@0.75,0.4771520856382989
W070,rgb,48,miou,0.9109023123002772
W070,rgb,48,n_gt,8.379310344827585
W070,rgb,48,n_pred,12.448275862068966
W070,rgb,48,n_reg,14.551724137931034
W071,depth,4,f1@0.5,0.5643023643023642
W071,depth,4,f1@0.75,0.4854303104303104
W071,depth,4,miou,0.4864781774123441
W071,depth,4,n_gt,7.916666666666667
W071,depth,4,n_pred,3.0
W071,depth,4,n_reg,3.0
W071,depth,6,f1@0.5,0.677997002997003
W071,depth,6,f1@0.75,0.6066586191586192
W071,depth,6,miou,0.6565657783665017
W071,depth,6,n_gt,7.916666666666667
W071,depth,6,n_pred,4.0
W071,depth,6,n_reg,4.0
W071,depth,8,f1@0.5,0.6776324574118692
W071,depth,8,f1@0.75,0.5444718680012798
W071,depth,8,miou,0.7434665072067617
W071,depth,8,n_gt,7.916666666666667
W071,depth,8,n_pred,5.708333333333333
W071,depth,8,n_reg,6.0
W071,depth,12,f1@0.5,0.6872821622821622
W071,depth,12,f1@0.75,0.5890900765900765
W071,depth,12,miou,0.7084221830818258
W071,depth,12,n_gt,7.916666666666667
W071,depth,12,n_pred,4.958333333333333
W071,depth,12,n_reg,5.0
W071,depth,16,f1@0.5,0.6842518592518593
W071,depth,16,f1@0.75,0.5584082584082584
W071,depth,16,miou,0.7056315739655353
W071,depth,16,n_gt,7.916666666666667
W071,depth,16,n_pred,5.0
W071,depth,16,n_reg,5.0
W071,depth,24,f1@0.5,0.684976134976135
W071,depth,24,f1@0.75,0.5647852147852147
W071,depth,24,miou,0.7024480097144847
W071,depth,24,n_gt,7.916666666666667
W071,depth,24,n_pred,4.875
W071,depth,24,n_reg,5.0
W071,depth,32,f1@0.5,0.6942266067266067
W071,depth,32,f1@0.75,0.5890900765900765
W071,depth,32,miou,0.7107120915139366
W071,depth,32,n_gt,7.916666666666667
W071,depth,32,n_pred,4.958333333333333
W071,depth,32,n_reg,5.0
W071,depth,48,f1@0.5,0.6911963036963037
W071,depth,48,f1@0.75,0.5868173493173493
W071,depth,48,miou,0.7097323326205616
W071,depth,48,n_gt,7.916666666666667
W071,depth,48,n_pred,5.0
W071,depth,48,n_reg,5.0
W071,normal,4,f1@0.5,0.5678210678210679
W071,normal,4,f1@0.75,0.4473026973026973
W071,normal,4,miou,0.5988675240782729
W071,normal,4,n_gt,7.916666666666667
W071,normal,4,n_pred,4.0
W071,normal,4,n_reg,4.0
W071,normal,6,f1@0.5,0.5678210678210679
W071,normal,6,f1@0.75,0.4473026973026973
W071,normal,6,miou,0.5972720202270235
W071,normal,6,n_gt,7.916666666666667
W071,normal,6,n_pred,4.0
W071,normal,6,n_reg,4.0
W071,normal,8,f1@0.5,0.5678210678210679
W071,normal,8,f1@0.75,0.4473026973026973
W071,normal,8,miou,0.5986197972112529
W071,normal,8,n_gt,7.916666666666667
W071,normal,8,n_pred,4.0
W071,normal,8,n_reg,4.0
W071,normal,12,f1@0.5,0.5678210678210679
W071,normal,12,f1@0.75,0.4473026973026973
W071,normal,12,miou,0.5984299442389054
W071,normal,12,n_gt,7.916666666666667
W071,normal,12,n_pred,4.0
W071,normal,12,n_reg,4.0
W071,normal,16,f1@0.5,0.5678210678210679
W071,normal,16,f1@0.75,0.4473026973026973
W071,normal,16,miou,0.5986087310563224
W071,normal,16,n_gt,7.916666666666667
W071,normal,16,n_pred,4.0
W071,normal,16,n_reg,4.0
W071,normal,24,f1@0.5,0.5388545686339804
W071,normal,24,f1@0.75,0.408113251127957
W071,normal,24,miou,0.6480070533298358
W071,normal,24,n_gt,7.916666666666667
W071,normal,24,n_pred,5.208333333333333
W071,normal,24,n_reg,5.666666666666667
W071,normal,32,f1@0.5,0.5360125985125985
W071,normal,32,f1@0.75,0.4135871073371073
W071,normal,32,miou,0.6264953848146272
W071,normal,32,n_gt,7.916666666666667
W071,normal,32,n_pred,4.916666666666667
W071,normal,32,n_reg,5.0
W071,normal,48,f1@0.5,0.5590284715284716
W071,normal,48,f1@0.75,0.4306505994005993
W071,normal,48,miou,0.6471590720951682
W071,normal,48,n_gt,7.916666666666667
W071,normal,48,n_pred,4.916666666666667
W071,normal,48,n_reg,5.0
W071,rgb,4,f1@0.5,0.4309357309357309
W071,rgb,4,f1@0.75,0.1561285936285936
W071,rgb,4,miou,0.458029603852108
W071,rgb,4,n_gt,7.916666666666667
W071,rgb,4,n_pred,4.875
W071,rgb,4,n_reg,5.708333333333333
W071,rgb,6,f1@0.5,0.4929241782182958
W071,rgb,6,f1@0.75,0.3652086475615888
W071,rgb,6,miou,0.7207760091326647
W071,rgb,6,n_gt,7.916666666666667
W071,rgb,6,n_pred,6.75
W071,rgb,6,n_reg,6.833333333333333
W071,rgb,8,f1@0.5,0.4547349505070093
W071,rgb,8,f1@0.75,0.4298723131443719
W071,rgb,8,miou,0.6132672266063287
W071,rgb,8,n_gt,7.916666666666667
W071,rgb,8,n_pred,5.75
W071,rgb,8,n_reg,6.958333333333333
W071,rgb,12,f1@0.5,0.5353113175094599
W071,rgb,12,f1@0.75,0.3445266556915163
W071,rgb,12,miou,0.8903407734104146
W071,rgb,12,n_gt,7.916666666666667
W071,rgb,12,n_pred,8.791666666666666
W071,rgb,12,n_reg,9.791666666666666
W071,rgb,16,f1@0.5,0.4731691557639699
W071,rgb,16,f1@0.75,0.3520040162938769
W071,rgb,16,miou,0.7975658884973807
W071,rgb,16,n_gt,7.916666666666667
W071,rgb,16,n_pred,9.0
W071,rgb,16,n_reg,9.833333333333334
W071,rgb,24,f1@0.5,0.4697953744056853
W071,rgb,24,f1@0.75,0.31243636548649
W071,rgb,24,miou,0.8644336043358853
W071,rgb,24,n_gt,7.916666666666667
W071,rgb,24,n_pred,11.375
W071,rgb,24,n_reg,13.25
W071,rgb,32,f1@0.5,0.4401972125037982
W071,rgb,32,f1@0.75,0.2961486093119724
W071,rgb,32,miou,0.8704834958492739
W071,rgb,32,n_gt,7.916666666666667
W071,rgb,32,n_pred,12.208333333333334
W071,rgb,32,n_reg,14.208333333333334
W071,rgb,48,f1@0.5,0.3843010539798465
W071,rgb,48,f1@0.75,0.1115731841544535
W071,rgb,48,miou,0.6326560481351747
W071,rgb,48,n_gt,7.916666666666667
W071,rgb,48,n_pred,9.625
W071,rgb,48,n_reg,11.625
W072,depth,4,f1@0.5,0.4963912630579297
W072,depth,4,f1@0.75,0.360968660968661
W072,depth,4,miou,0.4472378573388679
W072,depth,4,n_gt,7.333333333333333
W072,depth,4,n_pred,3.0
W072,depth,4,n_reg,3.0
W072,depth,6,f1@0.5,0.6914640914640915
W072,depth,6,f1@0.75,0.47004107004107
W072,depth,6,miou,0.6353737649266606
W072,depth,6,n_gt,7.333333333333333
W072,depth,6,n_pred,4.0
W072,depth,6,n_reg,4.0
W072,depth,8,f1@0.5,0.4963912630579297
W072,depth,8,f1@0.75,0.3733143399810066
W072,depth,8,miou,0.4497695311051934
W072,depth,8,n_gt,7.333333333333333
W072,depth,8,n_pred,3.0
W072,depth,8,n_reg,3.0
W072,depth,12,f1@0.5,0.6914640914640915
W072,depth,12,f1@0.75,0.47004107004107
W072,depth,12,miou,0.6332444782508568
W072,depth,12,n_gt,7.333333333333333
W072,depth,12,n_pred,4.0
W072,depth,12,n_reg,4.0
W072,depth,16,f1@0.5,0.6914640914640915
W072,depth,16,f1@0.75,0.47004107004107
W072,depth,16,miou,0.6337607636935019
W072,depth,16,n_gt,7.333333333333333
W072,depth,16,n_pred,4.0
W072,depth,16,n_reg,4.0
W072,depth,24,f1@0.5,0.4963912630579297
W072,depth,24,f1@0.75,0.3733143399810066
W072,depth,24,miou,0.4475379188618031
W072,depth,24,n_gt,7.333333333333333
W072,depth,24,n_pred,3.0
W072,depth,24,n_reg,3.0
W072,depth,32,f1@0.5,0.4963912630579297
W072,depth,32,f1@0.75,0.3733143399810066
W072,depth,32,miou,0.4477921198117848
W072,depth,32,n_gt,7.333333333333333
W072,depth,32,n_pred,3.0
W072,depth,32,n_reg,3.0
W072,depth,48,f1@0.5,0.4963912630579297
W072,depth,48,f1@0.75,0.3733143399810066
W072,depth,48,miou,0.4476192375975787
W072,depth,48,n_gt,7.333333333333333
W072,depth,48,n_pred,3.0
W072,depth,48,n_reg,3.0
W072,normal,4,f1@0.5,0.6205627705627705
W072,normal,4,f1@0.75,0.4788119288119288
W072,normal,4,miou,0.654842312487915
W072,normal,4,n_gt,7.333333333333333
W072,normal,4,n_pred,5.0
W072,normal,4,n_reg,5.0
W072,normal,6,f1@0.5,0.6386784511784511
W072,normal,6,f1@0.75,0.4869528619528619
W072,normal,6,miou,0.7284905138810714
W072,normal,6,n_gt,7.333333333333333
W072,normal,6,n_pred,5.611111111111111
W072,normal,6,n_reg,6.0
W072,normal,8,f1@0.5,0.6456228956228957
W072,normal,8,f1@0.75,0.5008417508417509
W072,normal,8,miou,0.738380974731287
W072,normal,8,n_gt,7.333333333333333
W072,normal,8,n_pred,5.611111111111111
W072,normal,8,n_reg,6.0
W072,normal,12,f1@0.5,0.6363636363636364
W072,normal,12,f1@0.75,0.5008417508417509
W072,normal,12,miou,0.7376383733553773
W072,normal,12,n_gt,7.333333333333333
W072,normal,12,n_pred,5.611111111111111
W072,normal,12,n_reg,6.0
W072,normal,16,f1@0.5,0.6363636363636364
W072,normal,16,f1@0.75,0.5008417508417509
W072,normal,16,miou,0.7383707850900978
W072,normal,16,n_gt,7.333333333333333
W072,normal,16,n_pred,5.611111111111111
W072,normal,16,n_reg,6.0
W072,normal,24,f1@0.5,0.6363636363636364
W072,normal,24,f1@0.75,0.5008417508417509
W072,normal,24,miou,0.7383841446810453
W072,normal,24,n_gt,7.333333333333333
W072,normal,24,n_pred,5.611111111111111
W072,normal,24,n_reg,6.0
W072,normal,32,f1@0.5,0.6363636363636364
W072,normal,32,f1@0.75,0.5008417508417509
W072,normal,32,miou,0.7379306254583825
W072,normal,32,n_gt,7.333333333333333
W072,normal,32,n_pred,5.611111111111111
W072,normal,32,n_reg,6.0
W072,normal,48,f1@0.5,0.6386784511784511
W072,normal,48,f1@0.75,0.4938973063973064
W072,normal,48,miou,0.7321148978152779
W072,normal,48,n_gt,7.333333333333333
W072,normal,48,n_pred,5.611111111111111
W072,normal,48,n_reg,6.0
W072,rgb,4,f1@0.5,0.6046731046731046
W072,rgb,4,f1@0.75,0.5283383283383283
W072,rgb,4,miou,0.6250249123287552
W072,rgb,4,n_gt,7.333333333333333
W072,rgb,4,n_pred,4.222222222222222
W072,rgb,4,n_reg,5.0
W072,rgb,6,f1@0.5,0.7801453176453177
W072,rgb,6,f1@0.75,0.6864875864875866
W072,rgb,6,miou,0.8914626000602909
W072,rgb,6,n_gt,7.333333333333333
W072,rgb,6,n_pred,5.555555555555555
W072,rgb,6,n_reg,6.944444444444445
W072,rgb,8,f1@0.5,0.7361392420215949
W072,rgb,8,f1@0.75,0.6252819076348488
W072,rgb,8,miou,0.8986440917622485
W072,rgb,8,n_gt,7.333333333333333
W072,rgb,8,n_pred,7.222222222222222
W072,rgb,8,n_reg,7.722222222222222
W072,rgb,12,f1@0.5,0.6041634291634291
W072,rgb,12,f1@0.75,0.3666805416805416
W072,rgb,12,miou,0.6370305097939908
W072,rgb,12,n_gt,7.333333333333333
W072,rgb,12,n_pred,6.166666666666667
W072,rgb,12,n_reg,8.944444444444445
W072,rgb,16,f1@0.5,0.5919380728204258
W072,rgb,16,f1@0.75,0.3431602166896284
W072,rgb,16,miou,0.6392862428759198
W072,rgb,16,n_gt,7.333333333333333
W072,rgb,16,n_pred,7.0
W072,rgb,16,n_reg,9.166666666666666
W072,rgb,24,f1@0.5,0.5260041338472711
W072,rgb,24,f1@0.75,0.2967493835140893
W072,rgb,24,miou,0.640521340986494
W072,rgb,24,n_gt,7.333333333333333
W072,rgb,24,n_pred,7.944444444444445
W072,rgb,24,n_reg,10.11111111111111
W072,rgb,32,f1@0.5,0.5429720396180664
W072,rgb,32,f1@0.75,0.3092087307257586
W072,rgb,32,miou,0.6415590102452424
W072,rgb,32,n_gt,7.333333333333333
W072,rgb,32,n_pred,7.666666666666667
W072,rgb,32,n_reg,10.77777777777778
W072,rgb,48,f1@0.5,0.5015610450207973
W072,rgb,48,f1@0.75,0.2909867838273411
W072,rgb,48,miou,0.640151711410512
W072,rgb,48,n_gt,7.333333333333333
W072,rgb,48,n_pred,8.222222222222221
W072,rgb,48,n_reg,11.0
W073,depth,4,f1@0.5,0.4717976467976468
W073,depth,4,f1@0.75,0.3138195138195138
W073,depth,4,miou,0.4358007096489422
W073,depth,4,n_gt,8.833333333333334
W073,depth,4,n_pred,4.0
W073,depth,4,n_reg,4.0
W073,depth,6,f1@0.5,0.4357142857142857
W073,depth,6,f1@0.75,0.277960927960928
W073,depth,6,miou,0.4381458971365707
W073,depth,6,n_gt,8.833333333333334
W073,depth,6,n_pred,5.0
W073,depth,6,n_reg,5.416666666666667
W073,depth,8,f1@0.5,0.5754960317460317
W073,depth,8,f1@0.75,0.4053571428571428
W073,depth,8,miou,0.5548761121770052
W073,depth,8,n_gt,8.833333333333334
W073,depth,8,n_pred,6.0
W073,depth,8,n_reg,6.333333333333333
W073,depth,12,f1@0.5,0.6985781447081756
W073,depth,12,f1@0.75,0.422692351794519
W073,depth,12,miou,0.6896636525389545
W073,depth,12,n_gt,8.833333333333334
W073,depth,12,n_pred,9.166666666666666
W073,depth,12,n_reg,9.166666666666666
W073,depth,16,f1@0.5,0.7741693899782135
W073,depth,16,f1@0.75,0.6348720043572985
W073,depth,16,miou,0.6981223358829812
W073,depth,16,n_gt,8.833333333333334
W073,depth,16,n_pred,8.0
W073,depth,16,n_reg,9.166666666666666
W073,depth,24,f1@0.5,0.5754960317460317
W073,depth,24,f1@0.75,0.4180555555555555
W073,depth,24,miou,0.5544467409320297
W073,depth,24,n_gt,8.833333333333334
W073,depth,24,n_pred,6.0
W073,depth,24,n_reg,7.083333333333333
W073,depth,32,f1@0.5,0.551130174291939
W073,depth,32,f1@0.75,0.3545887799564269
W073,depth,32,miou,0.5636761387227618
W073,depth,32,n_gt,8.833333333333334
W073,depth,32,n_pred,7.666666666666667
W073,depth,32,n_reg,8.0
W073,depth,48,f1@0.5,0.6155812511075669
W073,depth,48,f1@0.75,0.3086656034024455
W073,depth,48,miou,0.713881773627192
W073,depth,48,n_gt,8.833333333333334
W073,depth,48,n_pred,10.416666666666666
W073,depth,48,n_reg,11.0
W073,normal,4,f1@0.5,0.4167582417582418
W073,normal,4,f1@0.75,0.3745504495504495
W073,normal,4,miou,0.3938798061944376
W073,normal,4,n_gt,8.833333333333334
W073,normal,4,n_pred,3.0
W073,normal,4,n_reg,3.0
W073,normal,6,f1@0.5,0.5403679653679654
W073,normal,6,f1@0.75,0.4596181596181596
W073,normal,6,miou,0.4244626489772907
W073,normal,6,n_gt,8.833333333333334
W073,normal,6,n_pred,4.0
W073,normal,6,n_reg,4.0
W073,normal,8,f1@0.5,0.6604436005171299
W073,normal,8,f1@0.75,0.5370484091072326
W073,normal,8,miou,0.510818844340922
W073,normal,8,n_gt,8.833333333333334
W073,normal,8,n_pred,6.166666666666667
W073,normal,8,n_reg,6.75
W073,normal,12,f1@0.5,0.5140033577533577
W073,normal,12,f1@0.75,0.425442612942613
W073,normal,12,miou,0.423604581711325
W073,normal,12,n_gt,8.833333333333334
W073,normal,12,n_pred,4.583333333333333
W073,normal,12,n_reg,4.833333333333333
W073,normal,16,f1@0.5,0.6110780423280423
W073,normal,16,f1@0.75,0.4573412698412698
W073,normal,16,miou,0.5520325678630028
W073,normal,16,n_gt,8.833333333333334
W073,normal,16,n_pred,6.25
W073,normal,16,n_reg,6.75
W073,normal,24,f1@0.5,0.6246072146807441
W073,normal,24,f1@0.75,0.4785875888817065
W073,normal,24,miou,0.5338185644735067
W073,normal,24,n_gt,8.833333333333334
W073,normal,24,n_pred,6.166666666666667
W073,normal,24,n_reg,6.75
W073,normal,32,f1@0.5,0.6211349924585219
W073,normal,32,f1@0.75,0.4758098111039288
W073,normal,32,miou,0.5339552930213708
W073,normal,32,n_gt,8.833333333333334
W073,normal,32,n_pred,6.25
W073,normal,32,n_reg,6.833333333333333
W073,normal,48,f1@0.5,0.6023849924585218
W073,normal,48,f1@0.75,0.446643144437262
W073,normal,48,miou,0.5474337313226371
W073,normal,48,n_gt,8.833333333333334
W073,normal,48,n_pred,6.166666666666667
W073,normal,48,n_reg,6.75
W073,rgb,4,f1@0.5,0.6276390276390277
W073,rgb,4,f1@0.75,0.6165279165279165
W073,rgb,4,miou,0.4327832246679188
W073,rgb,4,n_gt,8.833333333333334
W073,rgb,4,n_pred,4.0
W073,rgb,4,n_reg,4.0
W073,rgb,6,f1@0.5,0.761029411764706
W073,rgb,6,f1@0.75,0.6322167755991285
W073,rgb,6,miou,0.7965274860664328
W073,rgb,6,n_gt,8.833333333333334
W073,rgb,6,n_pred,8.083333333333334
W073,rgb,6,n_reg,8.583333333333334
W073,rgb,8,f1@0.5,0.7560359231411863
W073,rgb,8,f1@0.75,0.6445906432748537
W073,rgb,8,miou,0.8210423652954085
W073,rgb,8,n_gt,8.833333333333334
W073,rgb,8,n_pred,10.583333333333334
W073,rgb,8,n_reg,11.583333333333334
W073,rgb,12,f1@0.5,0.6195520091401098
W073,rgb,12,f1@0.75,0.5236635726338243
W073,rgb,12,miou,0.7507362733649082
W073,rgb,12,n_gt,8.833333333333334
W073,rgb,12,n_pred,11.666666666666666
W073,rgb,12,n_reg,12.416666666666666
W073,rgb,16,f1@0.5,0.7226779068884331
W073,rgb,16,f1@0.75,0.6237069947596263
W073,rgb,16,miou,0.8176945954290643
W073,rgb,16,n_gt,8.833333333333334
W073,rgb,16,n_pred,11.25
W073,rgb,16,n_reg,12.083333333333334
W073,rgb,24,f1@0.5,0.6520377689942908
W073,rgb,24,f1@0.75,0.466885312754878
W073,rgb,24,miou,0.8199089785668484
W073,rgb,24,n_gt,8.833333333333334
W073,rgb,24,n_pred,13.666666666666666
W073,rgb,24,n_reg,15.0
W073,rgb,32,f1@0.5,0.6191825718141507
W073,rgb,32,f1@0.75,0.5296497362286836
W073,rgb,32,miou,0.8063226504518523
W073,rgb,32,n_gt,8.833333333333334
W073,rgb,32,n_pred,13.416666666666666
W073,rgb,32,n_reg,14.583333333333334
W073,rgb,48,f1@0.5,0.6786266390614216
W073,rgb,48,f1@0.75,0.5807677708764666
W073,rgb,48,miou,0.8179448288121357
W073,rgb,48,n_gt,8.833333333333334
W073,rgb,48,n_pred,12.833333333333334
W073,rgb,48,n_reg,14.0
W074,depth,4,f1@0.5,0.2778206978206978
W074,depth,4,f1@0.75,0.1677759277759277
W074,depth,4,miou,0.2141853634423847
W074,depth,4,n_gt,8.6
W074,depth,4,n_pred,2.2666666666666666
W074,depth,4,n_reg,2.333333333333333
W074,depth,6,f1@0.5,0.2778206978206978
W074,depth,6,f1@0.75,0.1677759277759277
W074,depth,6,miou,0.2141607162695257
W074,depth,6,n_gt,8.6
W074,depth,6,n_pred,2.2666666666666666
W074,depth,6,n_reg,2.333333333333333
W074,depth,8,f1@0.5,0.3318540718540718
W074,depth,8,f1@0.75,0.2424394124394124
W074,depth,8,miou,0.3118398853566023
W074,depth,8,n_gt,8.6
W074,depth,8,n_pred,3.4
W074,depth,8,n_reg,3.533333333333333
W074,depth,12,f1@0.5,0.3798745698745698
W074,depth,12,f1@0.75,0.202031302031302
W074,depth,12,miou,0.2457464852565736
W074,depth,12,n_gt,8.6
W074,depth,12,n_pred,3.733333333333333
W074,depth,12,n_reg,4.266666666666667
W074,depth,16,f1@0.5,0.3815839715839715
W074,depth,16,f1@0.75,0.2028860028860029
W074,depth,16,miou,0.2466837031656133
W074,depth,16,n_gt,8.6
W074,depth,16,n_pred,3.6666666666666665
W074,depth,16,n_reg,4.2
W074,depth,24,f1@0.5,0.3694627594627594
W074,depth,24,f1@0.75,0.1907647907647907
W074,depth,24,miou,0.2461767065740831
W074,depth,24,n_gt,8.6
W074,depth,24,n_pred,3.6666666666666665
W074,depth,24,n_reg,4.2
W074,depth,32,f1@0.5,0.3991819944761121
W074,depth,32,f1@0.75,0.2130648763001704
W074,depth,32,miou,0.2749722631183214
W074,depth,32,n_gt,8.6
W074,depth,32,n_pred,5.333333333333333
W074,depth,32,n_reg,5.666666666666667
W074,depth,48,f1@0.5,0.3421223221223221
W074,depth,48,f1@0.75,0.1824897324897325
W074,depth,48,miou,0.2551471791150288
W074,depth,48,n_gt,8.6
W074,depth,48,n_pred,4.6
W074,depth,48,n_reg,4.8
W074,normal,4,f1@0.5,0.5827145403615991
W074,normal,4,f1@0.75,0.4833912166265107
W074,normal,4,miou,0.5594040854917923
W074,normal,4,n_gt,8.6
W074,normal,4,n_pred,5.666666666666667
W074,normal,4,n_reg,5.666666666666667
W074,normal,6,f1@0.5,0.5827145403615991
W074,normal,6,f1@0.75,0.4833912166265107
W074,normal,6,miou,0.5591882683672327
W074,normal,6,n_gt,8.6
W074,normal,6,n_pred,5.666666666666667
W074,normal,6,n_reg,5.666666666666667
W074,normal,8,f1@0.5,0.5743812070282658
W074,normal,8,f1@0.75,0.4833912166265107
W074,normal,8,miou,0.5584716355694807
W074,normal,8,n_gt,8.6
W074,normal,8,n_pred,5.666666666666667
W074,normal,8,n_reg,5.666666666666667
W074,normal,12,f1@0.5,0.5743812070282658
W074,normal,12,f1@0.75,0.4833912166265107
W074,normal,12,miou,0.5595151037737895
W074,normal,12,n_gt,8.6
W074,normal,12,n_pred,5.666666666666667
W074,normal,12,n_reg,5.666666666666667
W074,normal,16,f1@0.5,0.5714608267549444
W074,normal,16,f1@0.75,0.4733496242319771
W074,normal,16,miou,0.5606778322901652
W074,normal,16,n_gt,8.6
W074,normal,16,n_pred,5.933333333333334
W074,normal,16,n_reg,6.333333333333333
W074,normal,24,f1@0.5,0.5695000424412189
W074,normal,24,f1@0.75,0.4713888399182516
W074,normal,24,miou,0.5604021984197363
W074,normal,24,n_gt,8.6
W074,normal,24,n_pred,6.0
W074,normal,24,n_reg,6.533333333333333
W074,normal,32,f1@0.5,0.5734216110686698
W074,normal,32,f1@0.75,0.4753104085457026
W074,normal,32,miou,0.5606132110709862
W074,normal,32,n_gt,8.6
W074,normal,32,n_pred,5.866666666666666
W074,normal,32,n_reg,6.266666666666667
W074,normal,48,f1@0.5,0.5734216110686698
W074,normal,48,f1@0.75,0.4753104085457026
W074,normal,48,miou,0.5607266141838587
W074,normal,48,n_gt,8.6
W074,normal,48,n_pred,5.866666666666666
W074,normal,48,n_reg,6.266666666666667
W074,rgb,4,f1@0.5,0.6706696479761495
W074,rgb,4,f1@0.75,0.5634755188625158
W074,rgb,4,miou,0.5603275884828824
W074,rgb,4,n_gt,8.6
W074,rgb,4,n_pred,7.533333333333333
W074,rgb,4,n_reg,7.533333333333333
W074,rgb,6,f1@0.5,0.5704451268060099
W074,rgb,6,f1@0.75,0.4689834521978821
W074,rgb,6,miou,0.5798828362094689
W074,rgb,6,n_gt,8.6
W074,rgb,6,n_pred,10.866666666666667
W074,rgb,6,n_reg,12.133333333333333
W074,rgb,8,f1@0.5,0.6895612432616066
W074,rgb,8,f1@0.75,0.5284803227164245
W074,rgb,8,miou,0.710854208971308
W074,rgb,8,n_gt,8.6
W074,rgb,8,n_pred,10.266666666666667
W074,rgb,8,n_reg,11.6
W074,rgb,12,f1@0.5,0.6867782873961363
W074,rgb,12,f1@0.75,0.5139334832469844
W074,rgb,12,miou,0.7615581385239338
W074,rgb,12,n_gt,8.6
W074,rgb,12,n_pred,11.8
W074,rgb,12,n_reg,12.866666666666667
W074,rgb,16,f1@0.5,0.6573437662082163
W074,rgb,16,f1@0.75,0.4784882593961878
W074,rgb,16,miou,0.7628617742447952
W074,rgb,16,n_gt,8.6
W074,rgb,16,n_pred,13.266666666666667
W074,rgb,16,n_reg,15.133333333333333
W074,rgb,24,f1@0.5,0.6570879484106028
W074,rgb,24,f1@0.75,0.4824173989414264
W074,rgb,24,miou,0.770221494255265
W074,rgb,24,n_gt,8.6
W074,rgb,24,n_pred,13.066666666666666
W074,rgb,24,n_reg,15.2
W074,rgb,32,f1@0.5,0.5430019639681447
W074,rgb,32,f1@0.75,0.3934008256017115
W074,rgb,32,miou,0.792351963304024
W074,rgb,32,n_gt,8.6
W074,rgb,32,n_pred,17.2
W074,rgb,32,n_reg,19.33333333333333
W074,rgb,48,f1@0.5,0.5206144504934227
W074,rgb,48,f1@0.75,0.3645706718419699
W074,rgb,48,miou,0.7905573374831966
W074,rgb,48,n_gt,8.6
W074,rgb,48,n_pred,16.933333333333334
W074,rgb,48,n_reg,18.866666666666667
W075,depth,4,f1@0.5,0.4333679141371449
W075,depth,4,f1@0.75,0.3103864084633315
W075,depth,4,miou,0.349459291831239
W075,depth,4,n_gt,9.538461538461538
W075,depth,4,n_pred,4.6923076923076925
W075,depth,4,n_reg,4.846153846153846
W075,depth,6,f1@0.5,0.2855234509080663
W075,depth,6,f1@0.75,0.2285887189733343
W075,depth,6,miou,0.3458633912208925
W075,depth,6,n_gt,9.538461538461538
W075,depth,6,n_pred,4.615384615384615
W075,depth,6,n_reg,4.846153846153846
W075,depth,8,f1@0.5,0.2038551192397346
W075,depth,8,f1@0.75,0.1370091447014524
W075,depth,8,miou,0.1938972178129062
W075,depth,8,n_gt,9.538461538461538
W075,depth,8,n_pred,2.0
W075,depth,8,n_reg,2.0
W075,depth,12,f1@0.5,0.4956966322291399
W075,depth,12,f1@0.75,0.3192207517284916
W075,depth,12,miou,0.4756133647569133
W075,depth,12,n_gt,9.538461538461538
W075,depth,12,n_pred,7.461538461538462
W075,depth,12,n_reg,7.461538461538462
W075,depth,16,f1@0.5,0.4013603957102409
W075,depth,16,f1@0.75,0.2633407614057769
W075,depth,16,miou,0.4614442510225753
W075,depth,16,n_gt,9.538461538461538
W075,depth,16,n_pred,7.923076923076923
W075,depth,16,n_reg,8.23076923076923
W075,depth,24,f1@0.5,0.3954951910834264
W075,depth,24,f1@0.75,0.2835417850123732
W075,depth,24,miou,0.3614172560911845
W075,depth,24,n_gt,9.538461538461538
W075,depth,24,n_pred,6.076923076923077
W075,depth,24,n_reg,6.538461538461538
W075,depth,32,f1@0.5,0.3980592936475289
W075,depth,32,f1@0.75,0.2848238362944245
W075,depth,32,miou,0.3611469948714961
W075,depth,32,n_gt,9.538461538461538
W075,depth,32,n_pred,6.0
W075,depth,32,n_reg,6.538461538461538
W075,depth,48,f1@0.5,0.3891896465842643
W075,depth,48,f1@0.75,0.2733453383429568
W075,depth,48,miou,0.3719444467018716
W075,depth,48,n_gt,9.538461538461538
W075,depth,48,n_pred,6.769230769230769
W075,depth,48,n_reg,7.153846153846154
W075,normal,4,f1@0.5,0.5317215213142815
W075,normal,4,f1@0.75,0.4119613041558743
W075,normal,4,miou,0.4695461283055824
W075,normal,4,n_gt,9.538461538461538
W075,normal,4,n_pred,5.0
W075,normal,4,n_reg,5.384615384615385
W075,normal,6,f1@0.5,0.641182620665831
W075,normal,6,f1@0.75,0.4364707452585519
W075,normal,6,miou,0.5600437414918547
W075,normal,6,n_gt,9.538461538461538
W075,normal,6,n_pred,8.23076923076923
W075,normal,6,n_reg,8.461538461538462
W075,normal,8,f1@0.5,0.6371735333809637
W075,normal,8,f1@0.75,0.4188074825071729
W075,normal,8,miou,0.5594657234691351
W075,normal,8,n_gt,9.538461538461538
W075,normal,8,n_pred,8.923076923076923
W075,normal,8,n_reg,9.307692307692308
W075,normal,12,f1@0.5,0.5582389197377755
W075,normal,12,f1@0.75,0.3623332871044541
W075,normal,12,miou,0.5520099490407431
W075,normal,12,n_gt,9.538461538461538
W075,normal,12,n_pred,10.538461538461538
W075,normal,12,n_reg,10.76923076923077
W075,normal,16,f1@0.5,0.5026807807577038
W075,normal,16,f1@0.75,0.3302037705883859
W075,normal,16,miou,0.5565327002256492
W075,normal,16,n_gt,9.538461538461538
W075,normal,16,n_pred,12.615384615384617
W075,normal,16,n_reg,13.076923076923077
W075,normal,24,f1@0.5,0.5327244342232901
W075,normal,24,f1@0.75,0.3394239741951412
W075,normal,24,miou,0.5573508939419105
W075,normal,24,n_gt,9.538461538461538
W075,normal,24,n_pred,11.923076923076923
W075,normal,24,n_reg,12.307692307692308
W075,normal,32,f1@0.5,0.5142958323727554
W075,normal,32,f1@0.75,0.3284122287968442
W075,normal,32,miou,0.5572237791180052
W075,normal,32,n_gt,9.538461538461538
W075,normal,32,n_pred,12.76923076923077
W075,normal,32,n_reg,13.307692307692308
W075,normal,48,f1@0.5,0.5264252414252414
W075,normal,48,f1@0.75,0.3366616716616716
W075,normal,48,miou,0.557484406079062
W075,normal,48,n_gt,9.538461538461538
W075,normal,48,n_pred,12.153846153846152
W075,normal,48,n_reg,12.615384615384617
W075,rgb,4,f1@0.5,0.6747127055950586
W075,rgb,4,f1@0.75,0.5426021690727573
W075,rgb,4,miou,0.7248723164495948
W075,rgb,4,n_gt,9.538461538461538
W075,rgb,4,n_pred,9.076923076923077
W075,rgb,4,n_reg,9.384615384615383
W075,rgb,6,f1@0.5,0.6372839149154939
W075,rgb,6,f1@0.75,0.5189667058088111
W075,rgb,6,miou,0.7245670760563769
W075,rgb,6,n_gt,9.538461538461538
W075,rgb,6,n_pred,10.076923076923077
W075,rgb,6,n_reg,11.153846153846152
W075,rgb,8,f1@0.5,0.6720057570643114
W075,rgb,8,f1@0.75,0.5112817209263568
W075,rgb,8,miou,0.7599659136509798
W075,rgb,8,n_gt,9.538461538461538
W075,rgb,8,n_pred,11.76923076923077
W075,rgb,8,n_reg,12.153846153846152
W075,rgb,12,f1@0.5,0.5580768651083494
W075,rgb,12,f1@0.75,0.4178047728272616
W075,rgb,12,miou,0.7740507076910786
W075,rgb,12,n_gt,9.538461538461538
W075,rgb,12,n_pred,15.76923076923077
W075,rgb,12,n_reg,17.307692307692307
W075,rgb,16,f1@0.5,0.4921959498531758
W075,rgb,16,f1@0.75,0.3174513555809012
W075,rgb,16,miou,0.7964282280499168
W075,rgb,16,n_gt,9.538461538461538
W075,rgb,16,n_pred,17.615384615384617
W075,rgb,16,n_reg,18.692307692307693
W075,rgb,24,f1@0.5,0.6220089349520788
W075,rgb,24,f1@0.75,0.4529186012798052
W075,rgb,24,miou,0.7854726805869826
W075,rgb,24,n_gt,9.538461538461538
W075,rgb,24,n_pred,14.307692307692308
W075,rgb,24,n_reg,15.615384615384617
W075,rgb,32,f1@0.5,0.495500078674546
W075,rgb,32,f1@0.75,0.3443471079434115
W075,rgb,32,miou,0.796556129277829
W075,rgb,32,n_gt,9.538461538461538
W075,rgb,32,n_pred,16.923076923076923
W075,rgb,32,n_reg,17.692307692307693
W075,rgb,48,f1@0.5,0.4808275683938813
W075,rgb,48,f1@0.75,0.2917159358472356
W075,rgb,48,miou,0.7976470454869228
W075,rgb,48,n_gt,9.538461538461538
W075,rgb,48,n_pred,17.53846153846154
W075,rgb,48,n_reg,18.76923076923077
W076,depth,4,f1@0.5,0.6658230658230658
W076,depth,4,f1@0.75,0.3655122655122655
W076,depth,4,miou,0.7185240676669866
W076,depth,4,n_gt,6.933333333333334
W076,depth,4,n_pred,6.0
W076,depth,4,n_reg,6.0
W076,depth,6,f1@0.5,0.575912975912976
W076,depth,6,f1@0.75,0.2713564213564213
W076,depth,6,miou,0.5587817168602023
W076,depth,6,n_gt,6.933333333333334
W076,depth,6,n_pred,6.0
W076,depth,6,n_reg,6.433333333333334
W076,depth,8,f1@0.5,0.5755833055833056
W076,depth,8,f1@0.75,0.2653246753246753
W076,depth,8,miou,0.5579008376340688
W076,depth,8,n_gt,6.933333333333334
W076,depth,8,n_pred,5.766666666666667
W076,depth,8,n_reg,6.266666666666667
W076,depth,12,f1@0.5,0.7194383394383395
W076,depth,12,f1@0.75,0.4322588522588522
W076,depth,12,miou,0.7599250473064904
W076,depth,12,n_gt,6.933333333333334
W076,depth,12,n_pred,7.033333333333333
W076,depth,12,n_reg,7.533333333333333
W076,depth,16,f1@0.5,0.7305835667600373
W076,depth,16,f1@0.75,0.4523646125116713
W076,depth,16,miou,0.7755037871185063
W076,depth,16,n_gt,6.933333333333334
W076,depth,16,n_pred,8.133333333333333
W076,depth,16,n_reg,9.2
W076,depth,24,f1@0.5,0.7132072829131653
W076,depth,24,f1@0.75,0.4351937441643324
W076,depth,24,miou,0.774272949987902
W076,depth,24,n_gt,6.933333333333334
W076,depth,24,n_pred,8.466666666666667
W076,depth,24,n_reg,10.366666666666667
W076,depth,32,f1@0.5,0.7132072829131653
W076,depth,32,f1@0.75,0.4342413632119514
W076,depth,32,miou,0.7736080648121644
W076,depth,32,n_gt,6.933333333333334
W076,depth,32,n_pred,8.333333333333334
W076,depth,32,n_reg,9.333333333333334
W076,depth,48,f1@0.5,0.7335644257703081
W076,depth,48,f1@0.75,0.4499556489262372
W076,depth,48,miou,0.7717313765075052
W076,depth,48,n_gt,6.933333333333334
W076,depth,48,n_pred,8.366666666666667
W076,depth,48,n_reg,9.233333333333333
W076,normal,4,f1@0.5,0.749006549006549
W076,normal,4,f1@0.75,0.5541014541014542
W076,normal,4,miou,0.8702118456355972
W076,normal,4,n_gt,6.933333333333334
W076,normal,4,n_pred,6.0
W076,normal,4,n_reg,6.0
W076,normal,6,f1@0.5,0.682972582972583
W076,normal,6,f1@0.75,0.4799278499278499
W076,normal,6,miou,0.7612974916244718
W076,normal,6,n_gt,6.933333333333334
W076,normal,6,n_pred,6.5
W076,normal,6,n_reg,7.5
W076,normal,8,f1@0.5,0.6470390720390721
W076,normal,8,f1@0.75,0.4366758241758241
W076,normal,8,miou,0.7602992875048739
W076,normal,8,n_gt,6.933333333333334
W076,normal,8,n_pred,7.266666666666667
W076,normal,8,n_reg,8.0
W076,normal,12,f1@0.5,0.7651587301587301
W076,normal,12,f1@0.75,0.5440995115995116
W076,normal,12,miou,0.8994186593586443
W076,normal,12,n_gt,6.933333333333334
W076,normal,12,n_pred,7.433333333333334
W076,normal,12,n_reg,8.066666666666666
W076,normal,16,f1@0.5,0.7222774665421724
W076,normal,16,f1@0.75,0.480922035480859
W076,normal,16,miou,0.8991370354030318
W076,normal,16,n_gt,6.933333333333334
W076,normal,16,n_pred,8.8
W076,normal,16,n_reg,9.966666666666669
W076,normal,24,f1@0.5,0.6870968270349075
W076,normal,24,f1@0.75,0.4617619211427261
W076,normal,24,miou,0.8999003582317536
W076,normal,24,n_gt,6.933333333333334
W076,normal,24,n_pred,9.433333333333334
W076,normal,24,n_reg,11.133333333333333
W076,normal,32,f1@0.5,0.6794225350959097
W076,normal,32,f1@0.75,0.4571486313823775
W076,normal,32,miou,0.8993144737473181
W076,normal,32,n_gt,6.933333333333334
W076,normal,32,n_pred,9.633333333333333
W076,normal,32,n_reg,12.1
W076,normal,48,f1@0.5,0.7207524120759415
W076,normal,48,f1@0.75,0.4800505757858699
W076,normal,48,miou,0.899029372429777
W076,normal,48,n_gt,6.933333333333334
W076,normal,48,n_pred,8.833333333333334
W076,normal,48,n_reg,10.166666666666666
W076,rgb,4,f1@0.5,0.8006349206349206
W076,rgb,4,f1@0.75,0.6663003663003663
W076,rgb,4,miou,0.940987882262498
W076,rgb,4,n_gt,6.933333333333334
W076,rgb,4,n_pred,6.966666666666667
W076,rgb,4,n_reg,7.0
W076,rgb,6,f1@0.5,0.6917277167277168
W076,rgb,6,f1@0.75,0.5887179487179488
W076,rgb,6,miou,0.7637099280675902
W076,rgb,6,n_gt,6.933333333333334
W076,rgb,6,n_pred,6.6
W076,rgb,6,n_reg,7.8
W076,rgb,8,f1@0.5,0.7242846042846043
W076,rgb,8,f1@0.75,0.595017205017205
W076,rgb,8,miou,0.7649541894829828
W076,rgb,8,n_gt,6.933333333333334
W076,rgb,8,n_pred,6.2
W076,rgb,8,n_reg,6.4
W076,rgb,12,f1@0.5,0.6935973512211902
W076,rgb,12,f1@0.75,0.4979239766081871
W076,rgb,12,miou,0.9394833581484886
W076,rgb,12,n_gt,6.933333333333334
W076,rgb,12,n_pred,9.4
W076,rgb,12,n_reg,10.166666666666666
W076,rgb,16,f1@0.5,0.6583293200321064
W076,rgb,16,f1@0.75,0.4733597064556817
W076,rgb,16,miou,0.9430402588768476
W076,rgb,16,n_gt,6.933333333333334
W076,rgb,16,n_pred,10.1
W076,rgb,16,n_reg,11.2
W076,rgb,24,f1@0.5,0.686726397097914
W076,rgb,24,f1@0.75,0.5961860608145438
W076,rgb,24,miou,0.937321463748195
W076,rgb,24,n_gt,6.933333333333334
W076,rgb,24,n_pred,10.8
W076,rgb,24,n_reg,12.333333333333334
W076,rgb,32,f1@0.5,0.6529234406704456
W076,rgb,32,f1@0.75,0.5280199895874953
W076,rgb,32,miou,0.9381060221166554
W076,rgb,32,n_gt,6.933333333333334
W076,rgb,32,n_pred,11.333333333333334
W076,rgb,32,n_reg,13.233333333333333
W076,rgb,48,f1@0.5,0.6415258325552443
W076,rgb,48,f1@0.75,0.4986358871033793
W076,rgb,48,miou,0.9438489995672332
W076,rgb,48,n_gt,6.933333333333334
W076,rgb,48,n_pred,10.833333333333334
W076,rgb,48,n_reg,12.2
W077,depth,4,f1@0.5,0.4274093722369584
W077,depth,4,f1@0.75,0.1961096374889478
W077,depth,4,miou,0.4470314244393291
W077,depth,4,n_gt,7.0344827586206895
W077,depth,4,n_pred,4.620689655172414
W077,depth,4,n_reg,4.965517241379311
W077,depth,6,f1@0.5,0.571244847106916
W077,depth,6,f1@0.75,0.3986875193771745
W077,depth,6,miou,0.628499212507966
W077,depth,6,n_gt,7.0344827586206895
W077,depth,6,n_pred,5.689655172413793
W077,depth,6,n_reg,5.896551724137931
W077,depth,8,f1@0.5,0.6764312090884099
W077,depth,8,f1@0.75,0.501682529775836
W077,depth,8,miou,0.7689004569206465
W077,depth,8,n_gt,7.0344827586206895
W077,depth,8,n_pred,8.344827586206897
W077,depth,8,n_reg,8.862068965517242
W077,depth,12,f1@0.5,0.6074838954149299
W077,depth,12,f1@0.75,0.4076323102185171
W077,depth,12,miou,0.7044746673080952
W077,depth,12,n_gt,7.0344827586206895
W077,depth,12,n_pred,7.620689655172414
W077,depth,12,n_reg,8.827586206896552
W077,depth,16,f1@0.5,0.6282714412024757
W077,depth,16,f1@0.75,0.4233863837312113
W077,depth,16,miou,0.6955528300550791
W077,depth,16,n_gt,7.0344827586206895
W077,depth,16,n_pred,7.275862068965517
W077,depth,16,n_reg,7.724137931034483
W077,depth,24,f1@0.5,0.6762816797806657
W077,depth,24,f1@0.75,0.4204791996374146
W077,depth,24,miou,0.8123531165937687
W077,depth,24,n_gt,7.0344827586206895
W077,depth,24,n_pred,8.482758620689655
W077,depth,24,n_reg,8.724137931034482
W077,depth,32,f1@0.5,0.4270155132224097
W077,depth,32,f1@0.75,0.1988264608954264
W077,depth,32,miou,0.4372198227180363
W077,depth,32,n_gt,7.0344827586206895
W077,depth,32,n_pred,4.448275862068965
W077,depth,32,n_reg,4.827586206896552
W077,depth,48,f1@0.5,0.6265030946065429
W077,depth,48,f1@0.75,0.4202033598585323
W077,depth,48,miou,0.7042877018295086
W077,depth,48,n_gt,7.0344827586206895
W077,depth,48,n_pred,7.206896551724138
W077,depth,48,n_reg,7.724137931034483
W077,normal,4,f1@0.5,0.7044645010162253
W077,normal,4,f1@0.75,0.5645079058872162
W077,normal,4,miou,0.7562949629391378
W077,normal,4,n_gt,7.0344827586206895
W077,normal,4,n_pred,6.517241379310345
W077,normal,4,n_reg,6.965517241379311
W077,normal,6,f1@0.5,0.8289250978906151
W077,normal,6,f1@0.75,0.6232663887836302
W077,normal,6,miou,0.9055149931703156
W077,normal,6,n_gt,7.0344827586206895
W077,normal,6,n_pred,7.068965517241379
W077,normal,6,n_reg,7.896551724137931
W077,normal,8,f1@0.5,0.6195398583836718
W077,normal,8,f1@0.75,0.5032545998063239
W077,normal,8,miou,0.7832315135389507
W077,normal,8,n_gt,7.0344827586206895
W077,normal,8,n_pred,9.0
W077,normal,8,n_reg,9.482758620689657
W077,normal,12,f1@0.5,0.7329552687564858
W077,normal,12,f1@0.75,0.559974564538459
W077,normal,12,miou,0.9062562582022632
W077,normal,12,n_gt,7.0344827586206895
W077,normal,12,n_pred,9.344827586206897
W077,normal,12,n_reg,10.448275862068966
W077,normal,16,f1@0.5,0.7581680771335944
W077,normal,16,f1@0.75,0.5737324991888887
W077,normal,16,miou,0.9105442014478614
W077,normal,16,n_gt,7.0344827586206895
W077,normal,16,n_pred,9.241379310344827
W077,normal,16,n_reg,10.517241379310343
W077,normal,24,f1@0.5,0.7041176235955781
W077,normal,24,f1@0.75,0.5517141823456545
W077,normal,24,miou,0.910216478956438
W077,normal,24,n_gt,7.0344827586206895
W077,normal,24,n_pred,9.96551724137931
W077,normal,24,n_reg,11.344827586206897
W077,normal,32,f1@0.5,0.6939197150310634
W077,normal,32,f1@0.75,0.5405361358094357
W077,normal,32,miou,0.907790858520846
W077,normal,32,n_gt,7.0344827586206895
W077,normal,32,n_pred,10.241379310344827
W077,normal,32,n_reg,11.79310344827586
W077,normal,48,f1@0.5,0.70587628508521
W077,normal,48,f1@0.75,0.5460752345053616
W077,normal,48,miou,0.9086108382890116
W077,normal,48,n_gt,7.0344827586206895
W077,normal,48,n_pred,10.03448275862069
W077,normal,48,n_reg,11.79310344827586
W077,rgb,4,f1@0.5,0.6241347732727043
W077,rgb,4,f1@0.75,0.4347069597069596
W077,rgb,4,miou,0.7701682313907535
W077,rgb,4,n_gt,7.0344827586206895
W077,rgb,4,n_pred,8.03448275862069
W077,rgb,4,n_reg,8.862068965517242
W077,rgb,6,f1@0.5,0.6220569660224832
W077,rgb,6,f1@0.75,0.4978685107995453
W077,rgb,6,miou,0.7549567867975732
W077,rgb,6,n_gt,7.0344827586206895
W077,rgb,6,n_pred,8.0
W077,rgb,6,n_reg,8.482758620689655
W077,rgb,8,f1@0.5,0.7037917223755806
W077,rgb,8,f1@0.75,0.5194697358677288
W077,rgb,8,miou,0.9427201975624188
W077,rgb,8,n_gt,7.0344827586206895
W077,rgb,8,n_pred,10.275862068965518
W077,rgb,8,n_reg,11.310344827586206
W077,rgb,12,f1@0.5,0.6710426336293743
W077,rgb,12,f1@0.75,0.5034628915086906
W077,rgb,12,miou,0.931148305912348
W077,rgb,12,n_gt,7.0344827586206895
W077,rgb,12,n_pred,11.10344827586207
W077,rgb,12,n_reg,11.89655172413793
W077,rgb,16,f1@0.5,0.6259546283644528
W077,rgb,16,f1@0.75,0.4484736527839976
W077,rgb,16,miou,0.9334392838858332
W077,rgb,16,n_gt,7.0344827586206895
W077,rgb,16,n_pred,11.96551724137931
W077,rgb,16,n_reg,12.862068965517242
W077,rgb,24,f1@0.5,0.63688864877601
W077,rgb,24,f1@0.75,0.3998229324081877
W077,rgb,24,miou,0.9201326702995012
W077,rgb,24,n_gt,7.0344827586206895
W077,rgb,24,n_pred,12.172413793103448
W077,rgb,24,n_reg,13.20689655172414
W077,rgb,32,f1@0.5,0.5617480735034961
W077,rgb,32,f1@0.75,0.3686032418641347
W077,rgb,32,miou,0.9254503803095772
W077,rgb,32,n_gt,7.0344827586206895
W077,rgb,32,n_pred,14.137931034482758
W077,rgb,32,n_reg,15.413793103448276
W077,rgb,48,f1@0.5,0.5756793842389203
W077,rgb,48,f1@0.75,0.417252522531462
W077,rgb,48,miou,0.924944879275166
W077,rgb,48,n_gt,7.0344827586206895
W077,rgb,48,n_pred,13.517241379310343
W077,rgb,48,n_reg,14.862068965517242
W078,depth,4,f1@0.5,0.7825892857142858
W078,depth,4,f1@0.75,0.6589285714285714
W078,depth,4,miou,0.8490735619371507
W078,depth,4,n_gt,7.083333333333333
W078,depth,4,n_pred,7.125
W078,depth,4,n_reg,7.25
W078,depth,6,f1@0.5,0.7915369352869353
W078,depth,6,f1@0.75,0.6969818376068376
W078,depth,6,miou,0.7628421036824705
W078,depth,6,n_gt,7.083333333333333
W078,depth,6,n_pred,7.166666666666667
W078,depth,6,n_reg,7.208333333333333
W078,depth,8,f1@0.5,0.7713848039215686
W078,depth,8,f1@0.75,0.6654411764705882
W078,depth,8,miou,0.8480841110603853
W078,depth,8,n_gt,7.083333333333333
W078,depth,8,n_pred,7.291666666666667
W078,depth,8,n_reg,7.375
W078,depth,12,f1@0.5,0.7937500000000001
W078,depth,12,f1@0.75,0.6533730158730159
W078,depth,12,miou,0.8417632721099605
W078,depth,12,n_gt,7.083333333333333
W078,depth,12,n_pred,7.125
W078,depth,12,n_reg,7.208333333333333
W078,depth,16,f1@0.5,0.8580421484833249
W078,depth,16,f1@0.75,0.7140025347745936
W078,depth,16,miou,0.9170968358822892
W078,depth,16,n_gt,7.083333333333333
W078,depth,16,n_pred,8.416666666666666
W078,depth,16,n_reg,8.708333333333334
W078,depth,24,f1@0.5,0.7747986694677871
W078,depth,24,f1@0.75,0.618218954248366
W078,depth,24,miou,0.8295803274099082
W078,depth,24,n_gt,7.083333333333333
W078,depth,24,n_pred,7.291666666666667
W078,depth,24,n_reg,7.458333333333333
W078,depth,32,f1@0.5,0.8490347955421486
W078,depth,32,f1@0.75,0.7137982864085806
W078,depth,32,miou,0.9164859292830684
W078,depth,32,n_gt,7.083333333333333
W078,depth,32,n_pred,8.291666666666666
W078,depth,32,n_reg,8.416666666666666
W078,depth,48,f1@0.5,0.7747986694677871
W078,depth,48,f1@0.75,0.618218954248366
W078,depth,48,miou,0.8292364017730574
W078,depth,48,n_gt,7.083333333333333
W078,depth,48,n_pred,7.291666666666667
W078,depth,48,n_reg,7.416666666666667
W078,normal,4,f1@0.5,0.602952602952603
W078,normal,4,f1@0.75,0.5062645687645687
W078,normal,4,miou,0.6790005121692017
W078,normal,4,n_gt,7.083333333333333
W078,normal,4,n_pred,4.958333333333333
W078,normal,4,n_reg,4.958333333333333
W078,normal,6,f1@0.5,0.6658424908424908
W078,normal,6,f1@0.75,0.582905982905983
W078,normal,6,miou,0.7705750419360434
W078,normal,6,n_gt,7.083333333333333
W078,normal,6,n_pred,6.958333333333333
W078,normal,6,n_reg,6.958333333333333
W078,normal,8,f1@0.5,0.66192384004884
W078,normal,8,f1@0.75,0.553083028083028
W078,normal,8,miou,0.7764422510563255
W078,normal,8,n_gt,7.083333333333333
W078,normal,8,n_pred,7.583333333333333
W078,normal,8,n_reg,7.75
W078,normal,12,f1@0.5,0.6964476495726496
W078,normal,12,f1@0.75,0.5697496947496947
W078,normal,12,miou,0.8266094892131867
W078,normal,12,n_gt,7.083333333333333
W078,normal,12,n_pred,7.583333333333333
W078,normal,12,n_reg,7.75
W078,normal,16,f1@0.5,0.630177209772798
W078,normal,16,f1@0.75,0.5217864923747276
W078,normal,16,miou,0.810480700274308
W078,normal,16,n_gt,7.083333333333333
W078,normal,16,n_pred,8.5
W078,normal,16,n_reg,8.958333333333334
W078,normal,24,f1@0.5,0.6511593526299408
W078,normal,24,f1@0.75,0.530963079676315
W078,normal,24,miou,0.8309976882531465
W078,normal,24,n_gt,7.083333333333333
W078,normal,24,n_pred,8.541666666666666
W078,normal,24,n_reg,9.0
W078,normal,32,f1@0.5,0.6694024725274725
W078,normal,32,f1@0.75,0.5788461538461539
W078,normal,32,miou,0.7380822874333587
W078,normal,32,n_gt,7.083333333333333
W078,normal,32,n_pred,6.958333333333333
W078,normal,32,n_reg,7.666666666666667
W078,normal,48,f1@0.5,0.6914435646053293
W078,normal,48,f1@0.75,0.5657464267758385
W078,normal,48,miou,0.8314883480632685
W078,normal,48,n_gt,7.083333333333333
W078,normal,48,n_pred,7.708333333333333
W078,normal,48,n_reg,7.958333333333333
W078,rgb,4,f1@0.5,0.7209249084249084
W078,rgb,4,f1@0.75,0.6067765567765567
W078,rgb,4,miou,0.879775677521461
W078,rgb,4,n_gt,7.083333333333333
W078,rgb,4,n_pred,6.125
W078,rgb,4,n_reg,6.291666666666667
W078,rgb,6,f1@0.5,0.870344708396179
W078,rgb,6,f1@0.75,0.7711852689793867
W078,rgb,6,miou,0.9440303109829484
W078,rgb,6,n_gt,7.083333333333333
W078,rgb,6,n_pred,8.166666666666666
W078,rgb,6,n_reg,8.208333333333334
W078,rgb,8,f1@0.5,0.870344708396179
W078,rgb,8,f1@0.75,0.7711852689793867
W078,rgb,8,miou,0.944476142444436
W078,rgb,8,n_gt,7.083333333333333
W078,rgb,8,n_pred,8.166666666666666
W078,rgb,8,n_reg,8.208333333333334
W078,rgb,12,f1@0.5,0.870344708396179
W078,rgb,12,f1@0.75,0.7711852689793867
W078,rgb,12,miou,0.9433652976157452
W078,rgb,12,n_gt,7.083333333333333
W078,rgb,12,n_pred,8.166666666666666
W078,rgb,12,n_reg,8.208333333333334
W078,rgb,16,f1@0.5,0.8280957547211417
W078,rgb,16,f1@0.75,0.7381669081262735
W078,rgb,16,miou,0.9440105420304468
W078,rgb,16,n_gt,7.083333333333333
W078,rgb,16,n_pred,8.916666666666666
W078,rgb,16,n_reg,9.375
W078,rgb,24,f1@0.5,0.870344708396179
W078,rgb,24,f1@0.75,0.7711852689793867
W078,rgb,24,miou,0.9436199469409412
W078,rgb,24,n_gt,7.083333333333333
W078,rgb,24,n_pred,8.166666666666666
W078,rgb,24,n_reg,8.208333333333334
W078,rgb,32,f1@0.5,0.8065203189912942
W078,rgb,32,f1@0.75,0.7233793264269271
W078,rgb,32,miou,0.9425303507893996
W078,rgb,32,n_gt,7.083333333333333
W078,rgb,32,n_pred,9.25
W078,rgb,32,n_reg,9.833333333333334
W078,rgb,48,f1@0.5,0.8094070292309455
W078,rgb,48,f1@0.75,0.7210917447275808
W078,rgb,48,miou,0.9419400050133752
W078,rgb,48,n_gt,7.083333333333333
W078,rgb,48,n_pred,9.291666666666666
W078,rgb,48,n_reg,9.875
W079,depth,4,f1@0.5,0.5352055352055352
W079,depth,4,f1@0.75,0.2372812372812373
W079,depth,4,miou,0.5497838354193847
W079,depth,4,n_gt,7.277777777777778
W079,depth,4,n_pred,5.0
W079,depth,4,n_reg,5.0
W079,depth,6,f1@0.5,0.6541717541717542
W079,depth,6,f1@0.75,0.2961741961741962
W079,depth,6,miou,0.6095417365768899
W079,depth,6,n_gt,7.277777777777778
W079,depth,6,n_pred,6.0
W079,depth,6,n_reg,6.0
W079,depth,8,f1@0.5,0.5444647944647945
W079,depth,8,f1@0.75,0.2372812372812373
W079,depth,8,miou,0.5476667412574384
W079,depth,8,n_gt,7.277777777777778
W079,depth,8,n_pred,5.0
W079,depth,8,n_reg,5.0
W079,depth,12,f1@0.5,0.6541717541717542
W079,depth,12,f1@0.75,0.279080179080179
W079,depth,12,miou,0.6127634905024251
W079,depth,12,n_gt,7.277777777777778
W079,depth,12,n_pred,6.0
W079,depth,12,n_reg,6.0
W079,depth,16,f1@0.5,0.5444647944647945
W079,depth,16,f1@0.75,0.2372812372812373
W079,depth,16,miou,0.5479087446603054
W079,depth,16,n_gt,7.277777777777778
W079,depth,16,n_pred,5.0
W079,depth,16,n_reg,5.0
W079,depth,24,f1@0.5,0.5537240537240538
W079,depth,24,f1@0.75,0.2458282458282458
W079,depth,24,miou,0.5508208604145195
W079,depth,24,n_gt,7.277777777777778
W079,depth,24,n_pred,5.0
W079,depth,24,n_reg,5.0
W079,depth,32,f1@0.5,0.562983312983313
W079,depth,32,f1@0.75,0.2458282458282458
W079,depth,32,miou,0.5511151330666572
W079,depth,32,n_gt,7.277777777777778
W079,depth,32,n_pred,5.0
W079,depth,32,n_reg,5.0
W079,depth,48,f1@0.5,0.6627187627187627
W079,depth,48,f1@0.75,0.3041107041107041
W079,depth,48,miou,0.6156360548521395
W079,depth,48,n_gt,7.277777777777778
W079,depth,48,n_pred,6.0
W079,depth,48,n_reg,6.0
W079,normal,4,f1@0.5,0.6620879120879121
W079,normal,4,f1@0.75,0.4988807488807489
W079,normal,4,miou,0.7327901188985562
W079,normal,4,n_gt,7.277777777777778
W079,normal,4,n_pred,5.0
W079,normal,4,n_reg,5.0
W079,normal,6,f1@0.5,0.6824582824582826
W079,normal,6,f1@0.75,0.5772893772893773
W079,normal,6,miou,0.7392234611373065
W079,normal,6,n_gt,7.277777777777778
W079,normal,6,n_pred,6.611111111111111
W079,normal,6,n_reg,6.722222222222222
W079,normal,8,f1@0.5,0.686038489469862
W079,normal,8,f1@0.75,0.5024419026870007
W079,normal,8,miou,0.7379033502288721
W079,normal,8,n_gt,7.277777777777778
W079,normal,8,n_pred,8.5
W079,normal,8,n_reg,8.666666666666666
W079,normal,12,f1@0.5,0.6946908392986825
W079,normal,12,f1@0.75,0.5749831414047101
W079,normal,12,miou,0.7404121235275463
W079,normal,12,n_gt,7.277777777777778
W079,normal,12,n_pred,8.444444444444445
W079,normal,12,n_reg,8.666666666666666
W079,normal,16,f1@0.5,0.7660893844717375
W079,normal,16,f1@0.75,0.6143662165720989
W079,normal,16,miou,0.7395272041018852
W079,normal,16,n_gt,7.277777777777778
W079,normal,16,n_pred,7.444444444444445
W079,normal,16,n_reg,7.666666666666667
W079,normal,24,f1@0.5,0.6897966594045025
W079,normal,24,f1@0.75,0.570551924473493
W079,normal,24,miou,0.7400948354992822
W079,normal,24,n_gt,7.277777777777778
W079,normal,24,n_pred,8.555555555555555
W079,normal,24,n_reg,8.666666666666666
W079,normal,32,f1@0.5,0.6897966594045025
W079,normal,32,f1@0.75,0.570551924473493
W079,normal,32,miou,0.7402811548283885
W079,normal,32,n_gt,7.277777777777778
W079,normal,32,n_pred,8.555555555555555
W079,normal,32,n_reg,8.666666666666666
W079,normal,48,f1@0.5,0.6859023238925199
W079,normal,48,f1@0.75,0.5670660856935367
W079,normal,48,miou,0.7404587152840498
W079,normal,48,n_gt,7.277777777777778
W079,normal,48,n_pred,8.666666666666666
W079,normal,48,n_reg,9.22222222222222
W079,rgb,4,f1@0.5,0.7122507122507122
W079,rgb,4,f1@0.75,0.612047212047212
W079,rgb,4,miou,0.7641124446887887
W079,rgb,4,n_gt,7.277777777777778
W079,rgb,4,n_pred,6.0
W079,rgb,4,n_reg,6.0
W079,rgb,6,f1@0.5,0.8025132275132275
W079,rgb,6,f1@0.75,0.7013888888888888
W079,rgb,6,miou,0.9353658478343048
W079,rgb,6,n_gt,7.277777777777778
W079,rgb,6,n_pred,7.0
W079,rgb,6,n_reg,7.0
W079,rgb,8,f1@0.5,0.6622354497354498
W079,rgb,8,f1@0.75,0.569047619047619
W079,rgb,8,miou,0.7658595403537117
W079,rgb,8,n_gt,7.277777777777778
W079,rgb,8,n_pred,7.0
W079,rgb,8,n_reg,7.0
W079,rgb,12,f1@0.5,0.6542989417989418
W079,rgb,12,f1@0.75,0.569047619047619
W079,rgb,12,miou,0.7655444882874445
W079,rgb,12,n_gt,7.277777777777778
W079,rgb,12,n_pred,7.0
W079,rgb,12,n_reg,7.0
W079,rgb,16,f1@0.5,0.749863834422658
W079,rgb,16,f1@0.75,0.662772331154684
W079,rgb,16,miou,0.934271392034134
W079,rgb,16,n_gt,7.277777777777778
W079,rgb,16,n_pred,8.0
W079,rgb,16,n_reg,8.0
W079,rgb,24,f1@0.5,0.7834967320261438
W079,rgb,24,f1@0.75,0.7025689905591866
W079,rgb,24,miou,0.9339733967915236
W079,rgb,24,n_gt,7.277777777777778
W079,rgb,24,n_pred,9.22222222222222
W079,rgb,24,n_reg,10.11111111111111
W079,rgb,32,f1@0.5,0.749863834422658
W079,rgb,32,f1@0.75,0.6553649237472767
W079,rgb,32,miou,0.9315189509313916
W079,rgb,32,n_gt,7.277777777777778
W079,rgb,32,n_pred,8.0
W079,rgb,32,n_reg,8.0
W079,rgb,48,f1@0.5,0.7424564270152506
W079,rgb,48,f1@0.75,0.662772331154684
W079,rgb,48,miou,0.9306383312392008
W079,rgb,48,n_gt,7.277777777777778
W079,rgb,48,n_pred,8.0
W079,rgb,48,n_reg,8.0
W080,depth,4,f1@0.5,0.4763993316624895
W080,depth,4,f1@0.75,0.4506735588972431
W080,depth,4,miou,0.5168089738728864
W080,depth,4,n_gt,13.9375
W080,depth,4,n_pred,5.6875
W080,depth,4,n_reg,5.875
W080,depth,6,f1@0.5,0.5501754633619622
W080,depth,6,f1@0.75,0.4524921493456962
W080,depth,6,miou,0.5470937142939533
W080,depth,6,n_gt,13.9375
W080,depth,6,n_pred,7.5625
W080,depth,6,n_reg,7.875
W080,depth,8,f1@0.5,0.5419578157349896
W080,depth,8,f1@0.75,0.4151662196499153
W080,depth,8,miou,0.5462987370394934
W080,depth,8,n_gt,13.9375
W080,depth,8,n_pred,8.5625
W080,depth,8,n_reg,8.875
W080,depth,12,f1@0.5,0.5404697204968943
W080,depth,12,f1@0.75,0.4191840767927725
W080,depth,12,miou,0.5469922042596261
W080,depth,12,n_gt,13.9375
W080,depth,12,n_pred,8.625
W080,depth,12,n_reg,8.875
W080,depth,16,f1@0.5,0.5419578157349896
W080,depth,16,f1@0.75,0.4260563711650668
W080,depth,16,miou,0.5459546319656444
W080,depth,16,n_gt,13.9375
W080,depth,16,n_pred,8.5625
W080,depth,16,n_reg,8.875
W080,depth,24,f1@0.5,0.5508863871635611
W080,depth,24,f1@0.75,0.4352825616412573
W080,depth,24,miou,0.5461063632053984
W080,depth,24,n_gt,13.9375
W080,depth,24,n_pred,8.625
W080,depth,24,n_reg,8.875
W080,depth,32,f1@0.5,0.5419578157349896
W080,depth,32,f1@0.75,0.4260563711650668
W080,depth,32,miou,0.5456174819738264
W080,depth,32,n_gt,13.9375
W080,depth,32,n_pred,8.5625
W080,depth,32,n_reg,8.875
W080,depth,48,f1@0.5,0.5419578157349896
W080,depth,48,f1@0.75,0.4260563711650668
W080,depth,48,miou,0.5456664749001813
W080,depth,48,n_gt,13.9375
W080,depth,48,n_pred,8.5625
W080,depth,48,n_reg,8.875
W080,normal,4,f1@0.5,0.5847861377752682
W080,normal,4,f1@0.75,0.4109777903256164
W080,normal,4,miou,0.6417662354393575
W080,normal,4,n_gt,13.9375
W080,normal,4,n_pred,7.6875
W080,normal,4,n_reg,7.6875
W080,normal,6,f1@0.5,0.6415102108036891
W080,normal,6,f1@0.75,0.4707292254846603
W080,normal,6,miou,0.664111229757189
W080,normal,6,n_gt,13.9375
W080,normal,6,n_pred,8.6875
W080,normal,6,n_reg,8.6875
W080,normal,8,f1@0.5,0.5578476867335563
W080,normal,8,f1@0.75,0.4386622073578595
W080,normal,8,miou,0.6516897167210015
W080,normal,8,n_gt,13.9375
W080,normal,8,n_pred,10.375
W080,normal,8,n_reg,10.9375
W080,normal,12,f1@0.5,0.7253794283413849
W080,normal,12,f1@0.75,0.5493427164622817
W080,normal,12,miou,0.6769071342972557
W080,normal,12,n_gt,13.9375
W080,normal,12,n_pred,10.75
W080,normal,12,n_reg,10.875
W080,normal,16,f1@0.5,0.5535037878787878
W080,normal,16,f1@0.75,0.4657032279314888
W080,normal,16,miou,0.610131208718832
W080,normal,16,n_gt,13.9375
W080,normal,16,n_pred,8.9375
W080,normal,16,n_reg,9.0
W080,normal,24,f1@0.5,0.5659239130434783
W080,normal,24,f1@0.75,0.4450815217391304
W080,normal,24,miou,0.6487612820711334
W080,normal,24,n_gt,13.9375
W080,normal,24,n_pred,10.0
W080,normal,24,n_reg,10.0625
W080,normal,32,f1@0.5,0.5821409890431629
W080,normal,32,f1@0.75,0.4280606722182809
W080,normal,32,miou,0.6457376365382036
W080,normal,32,n_gt,13.9375
W080,normal,32,n_pred,10.4375
W080,normal,32,n_reg,11.0
W080,normal,48,f1@0.5,0.5918461791831358
W080,normal,48,f1@0.75,0.4404410535117057
W080,normal,48,miou,0.6424629662801622
W080,normal,48,n_gt,13.9375
W080,normal,48,n_pred,10.0
W080,normal,48,n_reg,10.0625
W080,rgb,4,f1@0.5,0.649127140974967
W080,rgb,4,f1@0.75,0.4887657632222849
W080,rgb,4,miou,0.6376540415870605
W080,rgb,4,n_gt,13.9375
W080,rgb,4,n_pred,8.8125
W080,rgb,4,n_reg,8.9375
W080,rgb,6,f1@0.5,0.653926282051282
W080,rgb,6,f1@0.75,0.4861485042735042
W080,rgb,6,miou,0.7921865581267823
W080,rgb,6,n_gt,13.9375
W080,rgb,6,n_pred,11.25
W080,rgb,6,n_reg,11.9375
W080,rgb,8,f1@0.5,0.7134041022834126
W080,rgb,8,f1@0.75,0.5419633734719942
W080,rgb,8,miou,0.8045902027923205
W080,rgb,8,n_gt,13.9375
W080,rgb,8,n_pred,13.6875
W080,rgb,8,n_reg,14.5
W080,rgb,12,f1@0.5,0.6593400510548035
W080,rgb,12,f1@0.75,0.4941034809299895
W080,rgb,12,miou,0.8090776005048443
W080,rgb,12,n_gt,13.9375
W080,rgb,12,n_pred,16.375
W080,rgb,12,n_reg,17.125
W080,rgb,16,f1@0.5,0.6607425495921394
W080,rgb,16,f1@0.75,0.4579463292547275
W080,rgb,16,miou,0.7968486852028633
W080,rgb,16,n_gt,13.9375
W080,rgb,16,n_pred,16.3125
W080,rgb,16,n_reg,16.875
W080,rgb,24,f1@0.5,0.6226041012079319
W080,rgb,24,f1@0.75,0.4274462956003516
W080,rgb,24,miou,0.8086554931895573
W080,rgb,24,n_gt,13.9375
W080,rgb,24,n_pred,18.1875
W080,rgb,24,n_reg,19.0625
W080,rgb,32,f1@0.5,0.5924151209848554
W080,rgb,32,f1@0.75,0.4120909706135631
W080,rgb,32,miou,0.8085050338429615
W080,rgb,32,n_gt,13.9375
W080,rgb,32,n_pred,19.375
W080,rgb,32,n_reg,19.9375
W080,rgb,48,f1@0.5,0.6111366003562398
W080,rgb,48,f1@0.75,0.4585439940767858
W080,rgb,48,miou,0.9062344678840266
W080,rgb,48,n_gt,13.9375
W080,rgb,48,n_pred,19.8125
W080,rgb,48,n_reg,21.3125
W081,depth,4,f1@0.5,0.4287280701754385
W081,depth,4,f1@0.75,0.3426900584795321
W081,depth,4,miou,0.5652504468310937
W081,depth,4,n_gt,14.0625
W081,depth,4,n_pred,4.9375
W081,depth,4,n_reg,4.9375
W081,depth,6,f1@0.5,0.5030967570441255
W081,depth,6,f1@0.75,0.388373870281765
W081,depth,6,miou,0.5678415931154736
W081,depth,6,n_gt,14.0625
W081,depth,6,n_pred,6.5625
W081,depth,6,n_reg,6.75
W081,depth,8,f1@0.5,0.4733930924148315
W081,depth,8,f1@0.75,0.3645092226613965
W081,depth,8,miou,0.5781094873347633
W081,depth,8,n_gt,14.0625
W081,depth,8,n_pred,7.875
W081,depth,8,n_reg,7.875
W081,depth,12,f1@0.5,0.4815082419487453
W081,depth,12,f1@0.75,0.3712374439062082
W081,depth,12,miou,0.5746809311618953
W081,depth,12,n_gt,14.0625
W081,depth,12,n_pred,7.5
W081,depth,12,n_reg,7.8125
W081,depth,16,f1@0.5,0.4842762167275897
W081,depth,16,f1@0.75,0.3729161094435694
W081,depth,16,miou,0.5727986885955452
W081,depth,16,n_gt,14.0625
W081,depth,16,n_pred,7.375
W081,depth,16,n_reg,7.5
W081,depth,24,f1@0.5,0.4713644907723855
W081,depth,24,f1@0.75,0.3819434951013898
W081,depth,24,miou,0.5701323488107055
W081,depth,24,n_gt,14.0625
W081,depth,24,n_pred,6.875
W081,depth,24,n_reg,6.875
W081,depth,32,f1@0.5,0.4838644907723854
W081,depth,32,f1@0.75,0.3819434951013898
W081,depth,32,miou,0.5699595586669934
W081,depth,32,n_gt,14.0625
W081,depth,32,n_pred,6.875
W081,depth,32,n_reg,6.875
W081,depth,48,f1@0.5,0.4470223855092275
W081,depth,48,f1@0.75,0.3751836978810663
W081,depth,48,miou,0.4650247263561736
W081,depth,48,n_gt,14.0625
W081,depth,48,n_pred,6.8125
W081,depth,48,n_reg,6.875
W081,normal,4,f1@0.5,0.5140422077922078
W081,normal,4,f1@0.75,0.2801948051948051
W081,normal,4,miou,0.6460339805979693
W081,normal,4,n_gt,14.0625
W081,normal,4,n_pred,6.9375
W081,normal,4,n_reg,6.9375
W081,normal,6,f1@0.5,0.626070487483531
W081,normal,6,f1@0.75,0.3928100884622624
W081,normal,6,miou,0.6616968251286753
W081,normal,6,n_gt,14.0625
W081,normal,6,n_pred,7.9375
W081,normal,6,n_reg,7.9375
W081,normal,8,f1@0.5,0.6927112742330134
W081,normal,8,f1@0.75,0.42578345567476
W081,normal,8,miou,0.6825128998277662
W081,normal,8,n_gt,14.0625
W081,normal,8,n_pred,8.875
W081,normal,8,n_reg,8.875
W081,normal,12,f1@0.5,0.5191923113118765
W081,normal,12,f1@0.75,0.3482284020327498
W081,normal,12,miou,0.5431042688654568
W081,normal,12,n_gt,14.0625
W081,normal,12,n_pred,7.875
W081,normal,12,n_reg,7.875
W081,normal,16,f1@0.5,0.572460827216262
W081,normal,16,f1@0.75,0.3879017268962921
W081,normal,16,miou,0.5491956314792462
W081,normal,16,n_gt,14.0625
W081,normal,16,n_pred,8.875
W081,normal,16,n_reg,8.875
W081,normal,24,f1@0.5,0.5629326651609261
W081,normal,24,f1@0.75,0.3876472802559759
W081,normal,24,miou,0.552496777517097
W081,normal,24,n_gt,14.0625
W081,normal,24,n_pred,9.25
W081,normal,24,n_reg,9.375
W081,normal,32,f1@0.5,0.5637654062925802
W081,normal,32,f1@0.75,0.362634011519881
W081,normal,32,miou,0.5732401279403055
W081,normal,32,n_gt,14.0625
W081,normal,32,n_pred,10.8125
W081,normal,32,n_reg,11.5
W081,normal,48,f1@0.5,0.572460827216262
W081,normal,48,f1@0.75,0.3879017268962921
W081,normal,48,miou,0.5510914471259737
W081,normal,48,n_gt,14.0625
W081,normal,48,n_pred,8.875
W081,normal,48,n_reg,8.875
W081,rgb,4,f1@0.5,0.590400641025641
W081,rgb,4,f1@0.75,0.4652724358974359
W081,rgb,4,miou,0.851557013901821
W081,rgb,4,n_gt,14.0625
W081,rgb,4,n_pred,10.9375
W081,rgb,4,n_reg,10.9375
W081,rgb,6,f1@0.5,0.6399661921422211
W081,rgb,6,f1@0.75,0.517209136751684
W081,rgb,6,miou,0.8185700161598206
W081,rgb,6,n_gt,14.0625
W081,rgb,6,n_pred,13.6875
W081,rgb,6,n_reg,15.0
W081,rgb,8,f1@0.5,0.8143747456247457
W081,rgb,8,f1@0.75,0.6049124949124949
W081,rgb,8,miou,0.8783899424360399
W081,rgb,8,n_gt,14.0625
W081,rgb,8,n_pred,13.25
W081,rgb,8,n_reg,14.625
W081,rgb,12,f1@0.5,0.7631749811298268
W081,rgb,12,f1@0.75,0.5023527298850574
W081,rgb,12,miou,0.8994413866285873
W081,rgb,12,n_gt,14.0625
W081,rgb,12,n_pred,16.25
W081,rgb,12,n_reg,16.875
W081,rgb,16,f1@0.5,0.7567094488404624
W081,rgb,16,f1@0.75,0.548991224466579
W081,rgb,16,miou,0.9038173525724056
W081,rgb,16,n_gt,14.0625
W081,rgb,16,n_pred,17.125
W081,rgb,16,n_reg,17.6875
W081,rgb,24,f1@0.5,0.7438213480293017
W081,rgb,24,f1@0.75,0.4979649507821128
W081,rgb,24,miou,0.8945865887658391
W081,rgb,24,n_gt,14.0625
W081,rgb,24,n_pred,17.5
W081,rgb,24,n_reg,18.0
W081,rgb,32,f1@0.5,0.7623886449108919
W081,rgb,32,f1@0.75,0.5093088302478945
W081,rgb,32,miou,0.8947179351485384
W081,rgb,32,n_gt,14.0625
W081,rgb,32,n_pred,16.5625
W081,rgb,32,n_reg,17.125
W081,rgb,48,f1@0.5,0.7278105460191459
W081,rgb,48,f1@0.75,0.4874983409596521
W081,rgb,48,miou,0.9012181246216392
W081,rgb,48,n_gt,14.0625
W081,rgb,48,n_pred,17.6875
W081,rgb,48,n_reg,17.875
W082,depth,4,f1@0.5,0.5277214776070611
W082,depth,4,f1@0.75,0.3396425228089987
W082,depth,4,miou,0.549285322692405
W082,depth,4,n_gt,13.9375
W082,depth,4,n_pred,6.6875
W082,depth,4,n_reg,6.8125
W082,depth,6,f1@0.5,0.455930463510555
W082,depth,6,f1@0.75,0.2982506909566406
W082,depth,6,miou,0.5500100808701603
W082,depth,6,n_gt,13.9375
W082,depth,6,n_pred,6.625
W082,depth,6,n_reg,6.6875
W082,depth,8,f1@0.5,0.4757809853190288
W082,depth,8,f1@0.75,0.2674725908149821
W082,depth,8,miou,0.5841706290538559
W082,depth,8,n_gt,13.9375
W082,depth,8,n_pred,8.4375
W082,depth,8,n_reg,8.625
W082,depth,12,f1@0.5,0.5827880905326558
W082,depth,12,f1@0.75,0.3517517174854131
W082,depth,12,miou,0.5580561278331729
W082,depth,12,n_gt,13.9375
W082,depth,12,n_pred,9.4375
W082,depth,12,n_reg,9.5625
W082,depth,16,f1@0.5,0.5814419366865019
W082,depth,16,f1@0.75,0.3459824867161823
W082,depth,16,miou,0.5569585621935766
W082,depth,16,n_gt,13.9375
W082,depth,16,n_pred,9.5
W082,depth,16,n_reg,9.75
W082,depth,24,f1@0.5,0.5813058770939206
W082,depth,24,f1@0.75,0.2812917607754564
W082,depth,24,miou,0.5337001866317888
W082,depth,24,n_gt,13.9375
W082,depth,24,n_pred,9.5
W082,depth,24,n_reg,9.6875
W082,depth,32,f1@0.5,0.5842887275767711
W082,depth,32,f1@0.75,0.3441591289145637
W082,depth,32,miou,0.5665957065735117
W082,depth,32,n_gt,13.9375
W082,depth,32,n_pred,9.625
W082,depth,32,n_reg,9.875
W082,depth,48,f1@0.5,0.6569848790500964
W082,depth,48,f1@0.75,0.4200790885845233
W082,depth,48,miou,0.5860569160174187
W082,depth,48,n_gt,13.9375
W082,depth,48,n_pred,10.4375
W082,depth,48,n_reg,10.6875
W082,normal,4,f1@0.5,0.5216014963297572
W082,normal,4,f1@0.75,0.3170466309053265
W082,normal,4,miou,0.4679137536785755
W082,normal,4,n_gt,13.9375
W082,normal,4,n_pred,7.6875
W082,normal,4,n_reg,7.875
W082,normal,6,f1@0.5,0.5568798230754752
W082,normal,6,f1@0.75,0.2962592932429889
W082,normal,6,miou,0.7103489489227658
W082,normal,6,n_gt,13.9375
W082,normal,6,n_pred,8.8125
W082,normal,6,n_reg,8.8125
W082,normal,8,f1@0.5,0.5533644344785649
W082,normal,8,f1@0.75,0.3734946032228641
W082,normal,8,miou,0.7564869538162189
W082,normal,8,n_gt,13.9375
W082,normal,8,n_pred,9.875
W082,normal,8,n_reg,9.875
W082,normal,12,f1@0.5,0.6860816188610961
W082,normal,12,f1@0.75,0.45861505322017
W082,normal,12,miou,0.7892939565490075
W082,normal,12,n_gt,13.9375
W082,normal,12,n_pred,14.3125
W082,normal,12,n_reg,14.8125
W082,normal,16,f1@0.5,0.6066846308225619
W082,normal,16,f1@0.75,0.4187649993684476
W082,normal,16,miou,0.764631404172604
W082,normal,16,n_gt,13.9375
W082,normal,16,n_pred,13.5
W082,normal,16,n_reg,13.8125
W082,normal,24,f1@0.5,0.6314835164835164
W082,normal,24,f1@0.75,0.4249114774114774
W082,normal,24,miou,0.7674329902184452
W082,normal,24,n_gt,13.9375
W082,normal,24,n_pred,12.8125
W082,normal,24,n_reg,13.8125
W082,normal,32,f1@0.5,0.5780753458937552
W082,normal,32,f1@0.75,0.3669644448756657
W082,normal,32,miou,0.7692868968392881
W082,normal,32,n_gt,13.9375
W082,normal,32,n_pred,15.25
W082,normal,32,n_reg,15.75
W082,normal,48,f1@0.5,0.6198439714819025
W082,normal,48,f1@0.75,0.421649614753063
W082,normal,48,miou,0.765340296767617
W082,normal,48,n_gt,13.9375
W082,normal,48,n_pred,13.3125
W082,normal,48,n_reg,13.8125
W082,rgb,4,f1@0.5,0.6274516134027004
W082,rgb,4,f1@0.75,0.5166137897931377
W082,rgb,4,miou,0.7640690509609599
W082,rgb,4,n_gt,13.9375
W082,rgb,4,n_pred,10.75
W082,rgb,4,n_reg,10.9375
W082,rgb,6,f1@0.5,0.6032648626607191
W082,rgb,6,f1@0.75,0.472934131943274
W082,rgb,6,miou,0.8777463026812714
W082,rgb,6,n_gt,13.9375
W082,rgb,6,n_pred,16.875
W082,rgb,6,n_reg,17.625
W082,rgb,8,f1@0.5,0.5394939486851251
W082,rgb,8,f1@0.75,0.3678036271326712
W082,rgb,8,miou,0.894017111930002
W082,rgb,8,n_gt,13.9375
W082,rgb,8,n_pred,21.25
W082,rgb,8,n_reg,22.0
W082,rgb,12,f1@0.5,0.5683637150742413
W082,rgb,12,f1@0.75,0.3980823778521147
W082,rgb,12,miou,0.9139277238719574
W082,rgb,12,n_gt,13.9375
W082,rgb,12,n_pred,23.0
W082,rgb,12,n_reg,23.625
W082,rgb,16,f1@0.5,0.5831751339975024
W082,rgb,16,f1@0.75,0.3729571568387357
W082,rgb,16,miou,0.9025444408132544
W082,rgb,16,n_gt,13.9375
W082,rgb,16,n_pred,24.125
W082,rgb,16,n_reg,24.5
W082,rgb,24,f1@0.5,0.6124261554099487
W082,rgb,24,f1@0.75,0.4808396781880415
W082,rgb,24,miou,0.911492105198913
W082,rgb,24,n_gt,13.9375
W082,rgb,24,n_pred,24.9375
W082,rgb,24,n_reg,25.25
W082,rgb,32,f1@0.5,0.5515488435863823
W082,rgb,32,f1@0.75,0.3629283494318324
W082,rgb,32,miou,0.906657088927376
W082,rgb,32,n_gt,13.9375
W082,rgb,32,n_pred,23.8125
W082,rgb,32,n_reg,24.3125
W082,rgb,48,f1@0.5,0.554595618246934
W082,rgb,48,f1@0.75,0.3772115883957989
W082,rgb,48,miou,0.9061716860617328
W082,rgb,48,n_gt,13.9375
W082,rgb,48,n_pred,24.0625
W082,rgb,48,n_reg,24.25
W083,depth,4,f1@0.5,0.130047622119023
W083,depth,4,f1@0.75,0.014297385620915
W083,depth,4,miou,0.1631180777249793
W083,depth,4,n_gt,14.375
W083,depth,4,n_pred,2.875
W083,depth,4,n_reg,3.25
W083,depth,6,f1@0.5,0.1284438675789295
W083,depth,6,f1@0.75,0.0
W083,depth,6,miou,0.1454014219541748
W083,depth,6,n_gt,14.375
W083,depth,6,n_pred,2.0625
W083,depth,6,n_reg,2.375
W083,depth,8,f1@0.5,0.2138741042669061
W083,depth,8,f1@0.75,0.1255134410223419
W083,depth,8,miou,0.2680451702354399
W083,depth,8,n_gt,14.375
W083,depth,8,n_pred,3.0
W083,depth,8,n_reg,3.0
W083,depth,12,f1@0.5,0.2512515203449801
W083,depth,12,f1@0.75,0.1464036162710698
W083,depth,12,miou,0.3136297174209426
W083,depth,12,n_gt,14.375
W083,depth,12,n_pred,3.625
W083,depth,12,n_reg,3.75
W083,depth,16,f1@0.5,0.2378364723082215
W083,depth,16,f1@0.75,0.1239712332301341
W083,depth,16,miou,0.2784437099666023
W083,depth,16,n_gt,14.375
W083,depth,16,n_pred,3.125
W083,depth,16,n_reg,3.25
W083,depth,24,f1@0.5,0.2540787826294792
W083,depth,24,f1@0.75,0.1255134410223419
W083,depth,24,miou,0.2888325426830755
W083,depth,24,n_gt,14.375
W083,depth,24,n_pred,3.0
W083,depth,24,n_reg,3.0
W083,depth,32,f1@0.5,0.2562381928142377
W083,depth,32,f1@0.75,0.1323189726295376
W083,depth,32,miou,0.3079818792060941
W083,depth,32,n_gt,14.375
W083,depth,32,n_pred,3.625
W083,depth,32,n_reg,4.0
W083,depth,48,f1@0.5,0.3358646449010226
W083,depth,48,f1@0.75,0.2154460907169885
W083,depth,48,miou,0.437389785183889
W083,depth,48,n_gt,14.375
W083,depth,48,n_pred,5.5625
W083,depth,48,n_reg,6.0625
W083,normal,4,f1@0.5,0.2473462571700894
W083,normal,4,f1@0.75,0.0337052803577571
W083,normal,4,miou,0.2534300299745892
W083,normal,4,n_gt,14.375
W083,normal,4,n_pred,5.9375
W083,normal,4,n_reg,6.0
W083,normal,6,f1@0.5,0.0351307189542483
W083,normal,6,f1@0.75,0.0
W083,normal,6,miou,0.089594602512039
W083,normal,6,n_gt,14.375
W083,normal,6,n_pred,1.9375
W083,normal,6,n_reg,2.0
W083,normal,8,f1@0.5,0.0
W083,normal,8,f1@0.75,0.0
W083,normal,8,miou,0.0459033711296137
W083,normal,8,n_gt,14.375
W083,normal,8,n_pred,1.0
W083,normal,8,n_reg,1.0
W083,normal,12,f1@0.5,0.3935755984576065
W083,normal,12,f1@0.75,0.0901785673009929
W083,normal,12,miou,0.3723283724850037
W083,normal,12,n_gt,14.375
W083,normal,12,n_pred,7.75
W083,normal,12,n_reg,7.9375
W083,normal,16,f1@0.5,0.3174362412949369
W083,normal,16,f1@0.75,0.1199465148378191
W083,normal,16,miou,0.3322612970806453
W083,normal,16,n_gt,14.375
W083,normal,16,n_pred,7.6875
W083,normal,16,n_reg,7.9375
W083,normal,24,f1@0.5,0.0
W083,normal,24,f1@0.75,0.0
W083,normal,24,miou,0.0456345123360973
W083,normal,24,n_gt,14.375
W083,normal,24,n_pred,1.0
W083,normal,24,n_reg,1.0
W083,normal,32,f1@0.5,0.445671901198217
W083,normal,32,f1@0.75,0.1484810145994356
W083,normal,32,miou,0.4069642278329191
W083,normal,32,n_gt,14.375
W083,normal,32,n_pred,8.75
W083,normal,32,n_reg,9.1875
W083,normal,48,f1@0.5,0.3916745980468806
W083,normal,48,f1@0.75,0.0931170671116323
W083,normal,48,miou,0.3774220731216892
W083,normal,48,n_gt,14.375
W083,normal,48,n_pred,8.1875
W083,normal,48,n_reg,8.5625
W083,rgb,4,f1@0.5,0.3838837689919598
W083,rgb,4,f1@0.75,0.1924724136933047
W083,rgb,4,miou,0.4563959933387163
W083,rgb,4,n_gt,14.375
W083,rgb,4,n_pred,5.875
W083,rgb,4,n_reg,5.875
W083,rgb,6,f1@0.5,0.3642592668264865
W083,rgb,6,f1@0.75,0.1859254319923656
W083,rgb,6,miou,0.4703310192610198
W083,rgb,6,n_gt,14.375
W083,rgb,6,n_pred,7.875
W083,rgb,6,n_reg,9.625
W083,rgb,8,f1@0.5,0.42622476356172
W083,rgb,8,f1@0.75,0.2402864205038118
W083,rgb,8,miou,0.5788385272204496
W083,rgb,8,n_gt,14.375
W083,rgb,8,n_pred,10.0
W083,rgb,8,n_reg,11.6875
W083,rgb,12,f1@0.5,0.3421180902430902
W083,rgb,12,f1@0.75,0.1685184722684722
W083,rgb,12,miou,0.4855678556993145
W083,rgb,12,n_gt,14.375
W083,rgb,12,n_pred,10.6875
W083,rgb,12,n_reg,13.5
W083,rgb,16,f1@0.5,0.3995123390045888
W083,rgb,16,f1@0.75,0.2232791790228797
W083,rgb,16,miou,0.5810337458184309
W083,rgb,16,n_gt,14.375
W083,rgb,16,n_pred,13.6875
W083,rgb,16,n_reg,17.1875
W083,rgb,24,f1@0.5,0.4148807888830015
W083,rgb,24,f1@0.75,0.2430378952179745
W083,rgb,24,miou,0.5901126486883717
W083,rgb,24,n_gt,14.375
W083,rgb,24,n_pred,13.625
W083,rgb,24,n_reg,18.9375
W083,rgb,32,f1@0.5,0.4047234502406916
W083,rgb,32,f1@0.75,0.2208143604479811
W083,rgb,32,miou,0.581891011769799
W083,rgb,32,n_gt,14.375
W083,rgb,32,n_pred,13.4375
W083,rgb,32,n_reg,17.8125
W083,rgb,48,f1@0.5,0.3985404293107296
W083,rgb,48,f1@0.75,0.2108584830949958
W083,rgb,48,miou,0.5924928841368707
W083,rgb,48,n_gt,14.375
W083,rgb,48,n_pred,14.1875
W083,rgb,48,n_reg,19.3125
W084,depth,4,f1@0.5,0.517004098636889
W084,depth,4,f1@0.75,0.3154131429286227
W084,depth,4,miou,0.5361637996834574
W084,depth,4,n_gt,13.8125
W084,depth,4,n_pred,6.625
W084,depth,4,n_reg,6.75
W084,depth,6,f1@0.5,0.6396228132777045
W084,depth,6,f1@0.75,0.3908103716935239
W084,depth,6,miou,0.692581278102468
W084,depth,6,n_gt,13.8125
W084,depth,6,n_pred,9.5
W084,depth,6,n_reg,10.0625
W084,depth,8,f1@0.5,0.6522924279667701
W084,depth,8,f1@0.75,0.4157722650156861
W084,depth,8,miou,0.6935349468585937
W084,depth,8,n_gt,13.8125
W084,depth,8,n_pred,9.4375
W084,depth,8,n_reg,10.0625
W084,depth,12,f1@0.5,0.6510457944832945
W084,depth,12,f1@0.75,0.4180744949494949
W084,depth,12,miou,0.6979079986219503
W084,depth,12,n_gt,13.8125
W084,depth,12,n_pred,9.4375
W084,depth,12,n_reg,9.9375
W084,depth,16,f1@0.5,0.6403151466696358
W084,depth,16,f1@0.75,0.390631443146923
W084,depth,16,miou,0.6924760496311555
W084,depth,16,n_gt,13.8125
W084,depth,16,n_pred,9.6875
W084,depth,16,n_reg,9.875
W084,depth,24,f1@0.5,0.6774238937761535
W084,depth,24,f1@0.75,0.3911206973327968
W084,depth,24,miou,0.680982605026045
W084,depth,24,n_gt,13.8125
W084,depth,24,n_pred,10.25
W084,depth,24,n_reg,10.8125
W084,depth,32,f1@0.5,0.6883630812584911
W084,depth,32,f1@0.75,0.3841456632437922
W084,depth,32,miou,0.7017722732832727
W084,depth,32,n_gt,13.8125
W084,depth,32,n_pred,10.4375
W084,depth,32,n_reg,11.0
W084,depth,48,f1@0.5,0.6215019702519703
W084,depth,48,f1@0.75,0.374300363987864
W084,depth,48,miou,0.6695285848748914
W084,depth,48,n_gt,13.8125
W084,depth,48,n_pred,9.5
W084,depth,48,n_reg,9.6875
W084,normal,4,f1@0.5,0.5098767611891855
W084,normal,4,f1@0.75,0.270810581877852
W084,normal,4,miou,0.5724128056716918
W084,normal,4,n_gt,13.8125
W084,normal,4,n_pred,7.75
W084,normal,4,n_reg,7.75
W084,normal,6,f1@0.5,0.5117963095680487
W084,normal,6,f1@0.75,0.254271778945692
W084,normal,6,miou,0.6730544410094443
W084,normal,6,n_gt,13.8125
W084,normal,6,n_pred,10.3125
W084,normal,6,n_reg,10.3125
W084,normal,8,f1@0.5,0.4511615880094141
W084,normal,8,f1@0.75,0.1636680911680911
W084,normal,8,miou,0.5280256543040716
W084,normal,8,n_gt,13.8125
W084,normal,8,n_pred,10.25
W084,normal,8,n_reg,10.25
W084,normal,12,f1@0.5,0.4832636748478499
W084,normal,12,f1@0.75,0.3133286264349598
W084,normal,12,miou,0.663707096561147
W084,normal,12,n_gt,13.8125
W084,normal,12,n_pred,12.1875
W084,normal,12,n_reg,12.1875
W084,normal,16,f1@0.5,0.5459778155325724
W084,normal,16,f1@0.75,0.2962246787266952
W084,normal,16,miou,0.6809976086999999
W084,normal,16,n_gt,13.8125
W084,normal,16,n_pred,13.6875
W084,normal,16,n_reg,13.6875
W084,normal,24,f1@0.5,0.4926593419625915
W084,normal,24,f1@0.75,0.2313173454865817
W084,normal,24,miou,0.6378517690189205
W084,normal,24,n_gt,13.8125
W084,normal,24,n_pred,14.625
W084,normal,24,n_reg,14.625
W084,normal,32,f1@0.5,0.5321408592527545
W084,normal,32,f1@0.75,0.2516637165477891
W084,normal,32,miou,0.6956526872181529
W084,normal,32,n_gt,13.8125
W084,normal,32,n_pred,15.75
W084,normal,32,n_reg,15.9375
W084,normal,48,f1@0.5,0.6023327806404716
W084,normal,48,f1@0.75,0.3303506350288931
W084,normal,48,miou,0.7530755484226928
W084,normal,48,n_gt,13.8125
W084,normal,48,n_pred,15.3125
W084,normal,48,n_reg,15.3125
W084,rgb,4,f1@0.5,0.5511404617054771
W084,rgb,4,f1@0.75,0.3192240596091215
W084,rgb,4,miou,0.6266370288644753
W084,rgb,4,n_gt,13.8125
W084,rgb,4,n_pred,9.375
W084,rgb,4,n_reg,9.4375
W084,rgb,6,f1@0.5,0.5709335677178236
W084,rgb,6,f1@0.75,0.4431341165262444
W084,rgb,6,miou,0.7716457591860174
W084,rgb,6,n_gt,13.8125
W084,rgb,6,n_pred,13.0625
W084,rgb,6,n_reg,13.125
W084,rgb,8,f1@0.5,0.6459653427555672
W084,rgb,8,f1@0.75,0.4847199078617975
W084,rgb,8,miou,0.7887819344071717
W084,rgb,8,n_gt,13.8125
W084,rgb,8,n_pred,14.125
W084,rgb,8,n_reg,14.1875
W084,rgb,12,f1@0.5,0.5909409218232747
W084,rgb,12,f1@0.75,0.4398188820982938
W084,rgb,12,miou,0.8015645603669436
W084,rgb,12,n_gt,13.8125
W084,rgb,12,n_pred,16.9375
W084,rgb,12,n_reg,17.25
W084,rgb,16,f1@0.5,0.6023901764033343
W084,rgb,16,f1@0.75,0.3896284429179166
W084,rgb,16,miou,0.8228587287813149
W084,rgb,16,n_gt,13.8125
W084,rgb,16,n_pred,20.4375
W084,rgb,16,n_reg,21.25
W084,rgb,24,f1@0.5,0.6213499289408704
W084,rgb,24,f1@0.75,0.425027872637456
W084,rgb,24,miou,0.8230710429754461
W084,rgb,24,n_gt,13.8125
W084,rgb,24,n_pred,19.875
W084,rgb,24,n_reg,20.375
W084,rgb,32,f1@0.5,0.5867367666709772
W084,rgb,32,f1@0.75,0.4014375619638777
W084,rgb,32,miou,0.8105746313931192
W084,rgb,32,n_gt,13.8125
W084,rgb,32,n_pred,19.875
W084,rgb,32,n_reg,20.375
W084,rgb,48,f1@0.5,0.6081728469457303
W084,rgb,48,f1@0.75,0.3947025714903289
W084,rgb,48,miou,0.8153499122237363
W084,rgb,48,n_gt,13.8125
W084,rgb,48,n_pred,19.75
W084,rgb,48,n_reg,20.5
W085,depth,4,f1@0.5,0.1846221502955249
W085,depth,4,f1@0.75,0.1304490336804578
W085,depth,4,miou,0.2463576350588405
W085,depth,4,n_gt,14.0
W085,depth,4,n_pred,2.75
W085,depth,4,n_reg,2.75
W085,depth,6,f1@0.5,0.3669549185390819
W085,depth,6,f1@0.75,0.2058380992297064
W085,depth,6,miou,0.4977022517153555
W085,depth,6,n_gt,14.0
W085,depth,6,n_pred,6.4375
W085,depth,6,n_reg,6.5625
W085,depth,8,f1@0.5,0.4627967089165601
W085,depth,8,f1@0.75,0.202668138973917
W085,depth,8,miou,0.5356303487476933
W085,depth,8,n_gt,14.0
W085,depth,8,n_pred,7.875
W085,depth,8,n_reg,8.125
W085,depth,12,f1@0.5,0.4141626808546145
W085,depth,12,f1@0.75,0.1806796600138991
W085,depth,12,miou,0.542179095022193
W085,depth,12,n_gt,14.0
W085,depth,12,n_pred,8.5625
W085,depth,12,n_reg,8.5625
W085,depth,16,f1@0.5,0.3567439600658237
W085,depth,16,f1@0.75,0.1957118896549674
W085,depth,16,miou,0.5128442089462162
W085,depth,16,n_gt,14.0
W085,depth,16,n_pred,6.75
W085,depth,16,n_reg,7.0
W085,depth,24,f1@0.5,0.4082826668776999
W085,depth,24,f1@0.75,0.239468703493303
W085,depth,24,miou,0.5326234466449515
W085,depth,24,n_gt,14.0
W085,depth,24,n_pred,7.625
W085,depth,24,n_reg,7.9375
W085,depth,32,f1@0.5,0.3562222527177433
W085,depth,32,f1@0.75,0.1940936910788169
W085,depth,32,miou,0.5117485713116224
W085,depth,32,n_gt,14.0
W085,depth,32,n_pred,6.875
W085,depth,32,n_reg,7.125
W085,depth,48,f1@0.5,0.4162713894292841
W085,depth,48,f1@0.75,0.1991667762062499
W085,depth,48,miou,0.5642311384906681
W085,depth,48,n_gt,14.0
W085,depth,48,n_pred,7.8125
W085,depth,48,n_reg,8.5
W085,normal,4,f1@0.5,0.5520846126912303
W085,normal,4,f1@0.75,0.3396002866958749
W085,normal,4,miou,0.6701632211330856
W085,normal,4,n_gt,14.0
W085,normal,4,n_pred,9.375
W085,normal,4,n_reg,9.4375
W085,normal,6,f1@0.5,0.5094461715185399
W085,normal,6,f1@0.75,0.3421466259130732
W085,normal,6,miou,0.6656308706719084
W085,normal,6,n_gt,14.0
W085,normal,6,n_pred,9.3125
W085,normal,6,n_reg,9.4375
W085,normal,8,f1@0.5,0.4501336133125077
W085,normal,8,f1@0.75,0.194590409753695
W085,normal,8,miou,0.5597235924590996
W085,normal,8,n_gt,14.0
W085,normal,8,n_pred,12.8125
W085,normal,8,n_reg,13.1875
W085,normal,12,f1@0.5,0.5424010386293497
W085,normal,12,f1@0.75,0.261359166122088
W085,normal,12,miou,0.7094506947566239
W085,normal,12,n_gt,14.0
W085,normal,12,n_pred,13.3125
W085,normal,12,n_reg,13.5625
W085,normal,16,f1@0.5,0.4747506186859091
W085,normal,16,f1@0.75,0.1962911074312027
W085,normal,16,miou,0.6001020807133395
W085,normal,16,n_gt,14.0
W085,normal,16,n_pred,13.0
W085,normal,16,n_reg,13.5
W085,normal,24,f1@0.5,0.4578009243240574
W085,normal,24,f1@0.75,0.2246929157621096
W085,normal,24,miou,0.6516365898055612
W085,normal,24,n_gt,14.0
W085,normal,24,n_pred,15.0
W085,normal,24,n_reg,15.4375
W085,normal,32,f1@0.5,0.367883697413649
W085,normal,32,f1@0.75,0.1595968805417212
W085,normal,32,miou,0.4600188063428302
W085,normal,32,n_gt,14.0
W085,normal,32,n_pred,11.75
W085,normal,32,n_reg,12.9375
W085,normal,48,f1@0.5,0.3020462654247484
W085,normal,48,f1@0.75,0.0580252849002849
W085,normal,48,miou,0.2132859498642761
W085,normal,48,n_gt,14.0
W085,normal,48,n_pred,8.75
W085,normal,48,n_reg,9.625
W085,rgb,4,f1@0.5,0.4153062142535826
W085,rgb,4,f1@0.75,0.379273919306814
W085,rgb,4,miou,0.5398779739924925
W085,rgb,4,n_gt,14.0
W085,rgb,4,n_pred,9.125
W085,rgb,4,n_reg,9.8125
W085,rgb,6,f1@0.5,0.5608844419553036
W085,rgb,6,f1@0.75,0.4058859149370878
W085,rgb,6,miou,0.7622913952402584
W085,rgb,6,n_gt,14.0
W085,rgb,6,n_pred,11.5625
W085,rgb,6,n_reg,11.75
W085,rgb,8,f1@0.5,0.6093242847838436
W085,rgb,8,f1@0.75,0.4021736688556541
W085,rgb,8,miou,0.7950610146920994
W085,rgb,8,n_gt,14.0
W085,rgb,8,n_pred,16.5625
W085,rgb,8,n_reg,17.125
W085,rgb,12,f1@0.5,0.5754352703591974
W085,rgb,12,f1@0.75,0.3742714275388049
W085,rgb,12,miou,0.7911717321656501
W085,rgb,12,n_gt,14.0
W085,rgb,12,n_pred,15.375
W085,rgb,12,n_reg,16.125
W085,rgb,16,f1@0.5,0.5502929165610886
W085,rgb,16,f1@0.75,0.3489873782578049
W085,rgb,16,miou,0.7968084867533588
W085,rgb,16,n_gt,14.0
W085,rgb,16,n_pred,18.5625
W085,rgb,16,n_reg,19.75
W085,rgb,24,f1@0.5,0.5663717668038747
W085,rgb,24,f1@0.75,0.3516927673909458
W085,rgb,24,miou,0.8204600924474351
W085,rgb,24,n_gt,14.0
W085,rgb,24,n_pred,18.6875
W085,rgb,24,n_reg,20.0625
W085,rgb,32,f1@0.5,0.5541229339943808
W085,rgb,32,f1@0.75,0.3396352890709814
W085,rgb,32,miou,0.8157628573727943
W085,rgb,32,n_gt,14.0
W085,rgb,32,n_pred,19.1875
W085,rgb,32,n_reg,20.0
W085,rgb,48,f1@0.5,0.5521536007837942
W085,rgb,48,f1@0.75,0.3590432729814568
W085,rgb,48,miou,0.8217302638988883
W085,rgb,48,n_gt,14.0
W085,rgb,48,n_pred,19.5625
W085,rgb,48,n_reg,20.5625
