window_id,filter,modality,metric,value
W000,frac0,depth,f1@0.5,0.6106319990884342
W000,frac0,depth,f1@0.75,0.3691012437363609
W000,frac0,depth,miou,0.5450727943588547
W000,frac0,depth,n_gt,9.047619047619047
W000,frac0,depth,n_pred,7.285714285714286
W000,frac0,depth,n_reg,7.285714285714286
W000,frac0,normal,f1@0.5,0.6138169205609613
W000,frac0,normal,f1@0.75,0.4110947535809132
W000,frac0,normal,miou,0.8026326691015012
W000,frac0,normal,n_gt,9.047619047619047
W000,frac0,normal,n_pred,11.428571428571429
W000,frac0,normal,n_reg,11.428571428571429
W000,frac0,rgb,f1@0.5,0.3538355134628426
W000,frac0,rgb,f1@0.75,0.0719121611461156
W000,frac0,rgb,miou,0.5147786678609833
W000,frac0,rgb,n_gt,9.047619047619047
W000,frac0,rgb,n_pred,8.666666666666666
W000,frac0,rgb,n_reg,8.666666666666666
W000,frac0.001,depth,f1@0.5,0.6868387603681722
W000,frac0.001,depth,f1@0.75,0.4128729658141423
W000,frac0.001,depth,miou,0.5450727943588547
W000,frac0.001,depth,n_gt,8.0
W000,frac0.001,depth,n_pred,6.523809523809524
W000,frac0.001,depth,n_reg,7.285714285714286
W000,frac0.001,normal,f1@0.5,0.6522914307441161
W000,frac0.001,normal,f1@0.75,0.4366457994974619
W000,frac0.001,normal,miou,0.8026326691015012
W000,frac0.001,normal,n_gt,8.0
W000,frac0.001,normal,n_pred,11.238095238095235
W000,frac0.001,normal,n_reg,11.428571428571429
W000,frac0.001,rgb,f1@0.5,0.3790068744955963
W000,frac0.001,rgb,f1@0.75,0.077207086981523
W000,frac0.001,rgb,miou,0.5147786678609833
W000,frac0.001,rgb,n_gt,8.0
W000,frac0.001,rgb,n_pred,8.428571428571429
W000,frac0.001,rgb,n_reg,8.666666666666666
W000,frac0.005,depth,f1@0.5,0.7347548965196025
W000,frac0.005,depth,f1@0.75,0.4492196256902139
W000,frac0.005,depth,miou,0.5450727943588547
W000,frac0.005,depth,n_gt,7.333333333333333
W000,frac0.005,depth,n_pred,6.0
W000,frac0.005,depth,n_reg,7.285714285714286
W000,frac0.005,normal,f1@0.5,0.6929208315979272
W000,frac0.005,normal,f1@0.75,0.46920044788437
W000,frac0.005,normal,miou,0.8026326691015012
W000,frac0.005,normal,n_gt,7.333333333333333
W000,frac0.005,normal,n_pred,10.666666666666666
W000,frac0.005,normal,n_reg,11.428571428571429
W000,frac0.005,rgb,f1@0.5,0.412659896494483
W000,frac0.005,rgb,f1@0.75,0.0845337550224768
W000,frac0.005,rgb,miou,0.5147786678609833
W000,frac0.005,rgb,n_gt,7.333333333333333
W000,frac0.005,rgb,n_pred,7.571428571428571
W000,frac0.005,rgb,n_reg,8.666666666666666
W000,px300,depth,f1@0.5,0.716807621915981
W000,px300,depth,f1@0.75,0.4331395413438757
W000,px300,depth,miou,0.5450727943588547
W000,px300,depth,n_gt,7.666666666666667
W000,px300,depth,n_pred,6.238095238095238
W000,px300,depth,n_reg,7.285714285714286
W000,px300,normal,f1@0.5,0.6723014769233256
W000,px300,normal,f1@0.75,0.4496211477395255
W000,px300,normal,miou,0.8026326691015012
W000,px300,normal,n_gt,7.666666666666667
W000,px300,normal,n_pred,11.0
W000,px300,normal,n_reg,11.428571428571429
W000,px300,rgb,f1@0.5,0.3995301273496762
W000,px300,rgb,f1@0.75,0.080642081393961
W000,px300,rgb,miou,0.5147786678609833
W000,px300,rgb,n_gt,7.666666666666667
W000,px300,rgb,n_pred,8.047619047619047
W000,px300,rgb,n_reg,8.666666666666666
W001,frac0,depth,f1@0.5,0.553318704999747
W001,frac0,depth,f1@0.75,0.4533776946908437
W001,frac0,depth,miou,0.5776368492183633
W001,frac0,depth,n_gt,11.0
W001,frac0,depth,n_pred,8.692307692307692
W001,frac0,depth,n_reg,8.692307692307692
W001,frac0,normal,f1@0.5,0.5916252318681468
W001,frac0,normal,f1@0.75,0.3401272718884055
W001,frac0,normal,miou,0.7303250022403145
W001,frac0,normal,n_gt,11.0
W001,frac0,normal,n_pred,12.615384615384617
W001,frac0,normal,n_reg,12.615384615384617
W001,frac0,rgb,f1@0.5,0.5984097384097384
W001,frac0,rgb,f1@0.75,0.4845843045843045
W001,frac0,rgb,miou,0.7130172330980977
W001,frac0,rgb,n_gt,11.0
W001,frac0,rgb,n_pred,12.076923076923077
W001,frac0,rgb,n_reg,12.076923076923077
W001,frac0.001,depth,f1@0.5,0.5934772829509671
W001,frac0.001,depth,f1@0.75,0.4864854443801812
W001,frac0.001,depth,miou,0.5776368492183633
W001,frac0.001,depth,n_gt,9.538461538461538
W001,frac0.001,depth,n_pred,8.692307692307692
W001,frac0.001,depth,n_reg,8.692307692307692
W001,frac0.001,normal,f1@0.5,0.626669658843572
W001,frac0.001,normal,f1@0.75,0.3605095629008673
W001,frac0.001,normal,miou,0.7303250022403145
W001,frac0.001,normal,n_gt,9.538461538461538
W001,frac0.001,normal,n_pred,12.615384615384617
W001,frac0.001,normal,n_reg,12.615384615384617
W001,frac0.001,rgb,f1@0.5,0.6574910596649727
W001,frac0.001,rgb,f1@0.75,0.5307265198569546
W001,frac0.001,rgb,miou,0.7130172330980977
W001,frac0.001,rgb,n_gt,9.538461538461538
W001,frac0.001,rgb,n_pred,11.384615384615383
W001,frac0.001,rgb,n_reg,12.076923076923077
W001,frac0.005,depth,f1@0.5,0.6375565610859728
W001,frac0.005,depth,f1@0.75,0.5178984414278532
W001,frac0.005,depth,miou,0.5776368492183633
W001,frac0.005,depth,n_gt,8.461538461538462
W001,frac0.005,depth,n_pred,8.538461538461538
W001,frac0.005,depth,n_reg,8.692307692307692
W001,frac0.005,normal,f1@0.5,0.6836736109047321
W001,frac0.005,normal,f1@0.75,0.3960742537401576
W001,frac0.005,normal,miou,0.7303250022403145
W001,frac0.005,normal,n_gt,8.461538461538462
W001,frac0.005,normal,n_pred,11.846153846153848
W001,frac0.005,normal,n_reg,12.615384615384617
W001,frac0.005,rgb,f1@0.5,0.7331983805668016
W001,frac0.005,rgb,f1@0.75,0.5921341816078658
W001,frac0.005,rgb,miou,0.7130172330980977
W001,frac0.005,rgb,n_gt,8.461538461538462
W001,frac0.005,rgb,n_pred,10.307692307692308
W001,frac0.005,rgb,n_reg,12.076923076923077
W001,px300,depth,f1@0.5,0.6192532613585245
W001,px300,depth,f1@0.75,0.5060728744939271
W001,px300,depth,miou,0.5776368492183633
W001,px300,depth,n_gt,8.923076923076923
W001,px300,depth,n_pred,8.538461538461538
W001,px300,depth,n_reg,8.692307692307692
W001,px300,normal,f1@0.5,0.644882894882895
W001,px300,normal,f1@0.75,0.3706058434319304
W001,px300,normal,miou,0.7303250022403145
W001,px300,normal,n_gt,8.923076923076923
W001,px300,normal,n_pred,12.615384615384617
W001,px300,normal,n_reg,12.615384615384617
W001,px300,rgb,f1@0.5,0.6829697615650793
W001,px300,rgb,f1@0.75,0.5517345530723456
W001,px300,rgb,miou,0.7130172330980977
W001,px300,rgb,n_gt,8.923076923076923
W001,px300,rgb,n_pred,11.23076923076923
W001,px300,rgb,n_reg,12.076923076923077
W002,frac0,depth,f1@0.5,0.3550480873463937
W002,frac0,depth,f1@0.75,0.2366987248975957
W002,frac0,depth,miou,0.2392746338725775
W002,frac0,depth,n_gt,13.0
W002,frac0,depth,n_pred,4.0
W002,frac0,depth,n_reg,4.0
W002,frac0,normal,f1@0.5,0.6141799802925123
W002,frac0,normal,f1@0.75,0.4844792462439521
W002,frac0,normal,miou,0.575818270046768
W002,frac0,normal,n_gt,13.0
W002,frac0,normal,n_pred,10.235294117647058
W002,frac0,normal,n_reg,10.235294117647058
W002,frac0,rgb,f1@0.5,0.5095083472766193
W002,frac0,rgb,f1@0.75,0.3965599810558261
W002,frac0,rgb,miou,0.7285869814098541
W002,frac0,rgb,n_gt,13.0
W002,frac0,rgb,n_pred,17.11764705882353
W002,frac0,rgb,n_reg,17.11764705882353
W002,frac0.001,depth,f1@0.5,0.3867131062951496
W002,frac0.001,depth,f1@0.75,0.2578087375300997
W002,frac0.001,depth,miou,0.2392746338725775
W002,frac0.001,depth,n_gt,11.588235294117649
W002,frac0.001,depth,n_pred,4.0
W002,frac0.001,depth,n_reg,4.0
W002,frac0.001,normal,f1@0.5,0.6549513231866173
W002,frac0.001,normal,f1@0.75,0.5167420814479637
W002,frac0.001,normal,miou,0.575818270046768
W002,frac0.001,normal,n_gt,11.588235294117649
W002,frac0.001,normal,n_pred,10.176470588235292
W002,frac0.001,normal,n_reg,10.235294117647058
W002,frac0.001,rgb,f1@0.5,0.5464854280270102
W002,frac0.001,rgb,f1@0.75,0.4245360003980694
W002,frac0.001,rgb,miou,0.7285869814098541
W002,frac0.001,rgb,n_gt,11.588235294117649
W002,frac0.001,rgb,n_pred,16.470588235294116
W002,frac0.001,rgb,n_reg,17.11764705882353
W002,frac0.005,depth,f1@0.5,0.4240568255274137
W002,frac0.005,depth,f1@0.75,0.2791394879630173
W002,frac0.005,depth,miou,0.2392746338725775
W002,frac0.005,depth,n_gt,9.941176470588236
W002,frac0.005,depth,n_pred,3.941176470588236
W002,frac0.005,depth,n_reg,4.0
W002,frac0.005,normal,f1@0.5,0.7289665917966773
W002,frac0.005,normal,f1@0.75,0.5875874808127586
W002,frac0.005,normal,miou,0.575818270046768
W002,frac0.005,normal,n_gt,9.941176470588236
W002,frac0.005,normal,n_pred,9.117647058823527
W002,frac0.005,normal,n_reg,10.235294117647058
W002,frac0.005,rgb,f1@0.5,0.6027160252615346
W002,frac0.005,rgb,f1@0.75,0.4927478138430447
W002,frac0.005,rgb,miou,0.7285869814098541
W002,frac0.005,rgb,n_gt,9.941176470588236
W002,frac0.005,rgb,n_pred,12.294117647058824
W002,frac0.005,rgb,n_reg,17.11764705882353
W002,px300,depth,f1@0.5,0.3883937785640572
W002,px300,depth,f1@0.75,0.2589291857093714
W002,px300,depth,miou,0.2392746338725775
W002,px300,depth,n_gt,11.529411764705882
W002,px300,depth,n_pred,4.0
W002,px300,depth,n_reg,4.0
W002,px300,normal,f1@0.5,0.6608336761277938
W002,px300,normal,f1@0.75,0.5212238741650507
W002,px300,normal,miou,0.575818270046768
W002,px300,normal,n_gt,11.529411764705882
W002,px300,normal,n_pred,10.058823529411764
W002,px300,normal,n_reg,10.235294117647058
W002,px300,rgb,f1@0.5,0.5437294656361593
W002,px300,rgb,f1@0.75,0.4288427746845596
W002,px300,rgb,miou,0.7285869814098541
W002,px300,rgb,n_gt,11.529411764705882
W002,px300,rgb,n_pred,16.235294117647058
W002,px300,rgb,n_reg,17.11764705882353
W003,frac0,depth,f1@0.5,0.3222021025316027
W003,frac0,depth,f1@0.75,0.3222021025316027
W003,frac0,depth,miou,0.3596883470917068
W003,frac0,depth,n_gt,13.952380952380953
W003,frac0,depth,n_pred,5.142857142857143
W003,frac0,depth,n_reg,5.142857142857143
W003,frac0,normal,f1@0.5,0.6318207775000807
W003,frac0,normal,f1@0.75,0.3768926752392162
W003,frac0,normal,miou,0.5507661382857326
W003,frac0,normal,n_gt,13.952380952380953
W003,frac0,normal,n_pred,12.0
W003,frac0,normal,n_reg,12.0
W003,frac0,rgb,f1@0.5,0.5579966917740646
W003,frac0,rgb,f1@0.75,0.4594590577137684
W003,frac0,rgb,miou,0.7254176605615995
W003,frac0,rgb,n_gt,13.952380952380953
W003,frac0,rgb,n_pred,18.142857142857142
W003,frac0,rgb,n_reg,18.142857142857142
W003,frac0.001,depth,f1@0.5,0.3575412621188826
W003,frac0.001,depth,f1@0.75,0.3575412621188826
W003,frac0.001,depth,miou,0.3596883470917068
W003,frac0.001,depth,n_gt,11.714285714285714
W003,frac0.001,depth,n_pred,5.142857142857143
W003,frac0.001,depth,n_reg,5.142857142857143
W003,frac0.001,normal,f1@0.5,0.683268718858781
W003,frac0.001,normal,f1@0.75,0.4073809903002449
W003,frac0.001,normal,miou,0.5507661382857326
W003,frac0.001,normal,n_gt,11.714285714285714
W003,frac0.001,normal,n_pred,12.0
W003,frac0.001,normal,n_reg,12.0
W003,frac0.001,rgb,f1@0.5,0.6171374389765194
W003,frac0.001,rgb,f1@0.75,0.5079752091246343
W003,frac0.001,rgb,miou,0.7254176605615995
W003,frac0.001,rgb,n_gt,11.714285714285714
W003,frac0.001,rgb,n_pred,17.047619047619047
W003,frac0.001,rgb,n_reg,18.142857142857142
W003,frac0.005,depth,f1@0.5,0.387267727603862
W003,frac0.005,depth,f1@0.75,0.387267727603862
W003,frac0.005,depth,miou,0.3596883470917068
W003,frac0.005,depth,n_gt,10.095238095238097
W003,frac0.005,depth,n_pred,4.904761904761905
W003,frac0.005,depth,n_reg,5.142857142857143
W003,frac0.005,normal,f1@0.5,0.7263319015977516
W003,frac0.005,normal,f1@0.75,0.4682321529032295
W003,frac0.005,normal,miou,0.5507661382857326
W003,frac0.005,normal,n_gt,10.095238095238097
W003,frac0.005,normal,n_pred,10.476190476190476
W003,frac0.005,normal,n_reg,12.0
W003,frac0.005,rgb,f1@0.5,0.7281150066864353
W003,frac0.005,rgb,f1@0.75,0.6012087912087912
W003,frac0.005,rgb,miou,0.7254176605615995
W003,frac0.005,rgb,n_gt,10.095238095238097
W003,frac0.005,rgb,n_pred,13.476190476190476
W003,frac0.005,rgb,n_reg,18.142857142857142
W003,px300,depth,f1@0.5,0.3636521275176737
W003,px300,depth,f1@0.75,0.3636521275176737
W003,px300,depth,miou,0.3596883470917068
W003,px300,depth,n_gt,11.428571428571429
W003,px300,depth,n_pred,5.142857142857143
W003,px300,depth,n_reg,5.142857142857143
W003,px300,normal,f1@0.5,0.698023307112334
W003,px300,normal,f1@0.75,0.4182142832246351
W003,px300,normal,miou,0.5507661382857326
W003,px300,normal,n_gt,11.428571428571429
W003,px300,normal,n_pred,11.666666666666666
W003,px300,normal,n_reg,12.0
W003,px300,rgb,f1@0.5,0.6288744483941529
W003,px300,rgb,f1@0.75,0.5179959674212548
W003,px300,rgb,miou,0.7254176605615995
W003,px300,rgb,n_gt,11.428571428571429
W003,px300,rgb,n_pred,16.80952380952381
W003,px300,rgb,n_reg,18.142857142857142
W004,frac0,depth,f1@0.5,0.4672744368406943
W004,frac0,depth,f1@0.75,0.4372568428497282
W004,frac0,depth,miou,0.5102096254847959
W004,frac0,depth,n_gt,13.409090909090908
W004,frac0,depth,n_pred,7.772727272727272
W004,frac0,depth,n_reg,7.772727272727272
W004,frac0,normal,f1@0.5,0.6340661856329023
W004,frac0,normal,f1@0.75,0.5231950031200406
W004,frac0,normal,miou,0.7066618795418029
W004,frac0,normal,n_gt,13.409090909090908
W004,frac0,normal,n_pred,11.909090909090908
W004,frac0,normal,n_reg,11.909090909090908
W004,frac0,rgb,f1@0.5,0.5816348078798672
W004,frac0,rgb,f1@0.75,0.414542901104166
W004,frac0,rgb,miou,0.6876171899197376
W004,frac0,rgb,n_gt,13.409090909090908
W004,frac0,rgb,n_pred,10.181818181818182
W004,frac0,rgb,n_reg,10.181818181818182
W004,frac0.001,depth,f1@0.5,0.5189713263875944
W004,frac0.001,depth,f1@0.75,0.4853759743711897
W004,frac0.001,depth,miou,0.5102096254847959
W004,frac0.001,depth,n_gt,11.818181818181818
W004,frac0.001,depth,n_pred,7.181818181818182
W004,frac0.001,depth,n_reg,7.772727272727272
W004,frac0.001,normal,f1@0.5,0.6825742424754282
W004,frac0.001,normal,f1@0.75,0.5631944559612544
W004,frac0.001,normal,miou,0.7066618795418029
W004,frac0.001,normal,n_gt,11.818181818181818
W004,frac0.001,normal,n_pred,11.681818181818182
W004,frac0.001,normal,n_reg,11.909090909090908
W004,frac0.001,rgb,f1@0.5,0.6449134199134199
W004,frac0.001,rgb,f1@0.75,0.4597697756788665
W004,frac0.001,rgb,miou,0.6876171899197376
W004,frac0.001,rgb,n_gt,11.818181818181818
W004,frac0.001,rgb,n_pred,9.409090909090908
W004,frac0.001,rgb,n_reg,10.181818181818182
W004,frac0.005,depth,f1@0.5,0.5682119179410201
W004,frac0.005,depth,f1@0.75,0.5309570159802358
W004,frac0.005,depth,miou,0.5102096254847959
W004,frac0.005,depth,n_gt,10.136363636363637
W004,frac0.005,depth,n_pred,7.0
W004,frac0.005,depth,n_reg,7.772727272727272
W004,frac0.005,normal,f1@0.5,0.7454214047515483
W004,frac0.005,normal,f1@0.75,0.6280468733818015
W004,frac0.005,normal,miou,0.7066618795418029
W004,frac0.005,normal,n_gt,10.136363636363637
W004,frac0.005,normal,n_pred,10.863636363636363
W004,frac0.005,normal,n_reg,11.909090909090908
W004,frac0.005,rgb,f1@0.5,0.6936485599024299
W004,frac0.005,rgb,f1@0.75,0.4888690085284512
W004,frac0.005,rgb,miou,0.6876171899197376
W004,frac0.005,rgb,n_gt,10.136363636363637
W004,frac0.005,rgb,n_pred,9.0
W004,frac0.005,rgb,n_reg,10.181818181818182
W004,px300,depth,f1@0.5,0.5306527134559783
W004,px300,depth,f1@0.75,0.4960966262683122
W004,px300,depth,miou,0.5102096254847959
W004,px300,depth,n_gt,11.409090909090908
W004,px300,depth,n_pred,7.136363636363637
W004,px300,depth,n_reg,7.772727272727272
W004,px300,normal,f1@0.5,0.6931505582691353
W004,px300,normal,f1@0.75,0.5749226070372315
W004,px300,normal,miou,0.7066618795418029
W004,px300,normal,n_gt,11.409090909090908
W004,px300,normal,n_pred,11.590909090909092
W004,px300,normal,n_reg,11.909090909090908
W004,px300,rgb,f1@0.5,0.6607950661778412
W004,px300,rgb,f1@0.75,0.4710997535160214
W004,px300,rgb,miou,0.6876171899197376
W004,px300,rgb,n_gt,11.409090909090908
W004,px300,rgb,n_pred,9.272727272727272
W004,px300,rgb,n_reg,10.181818181818182
W005,frac0,depth,f1@0.5,0.4126341050254093
W005,frac0,depth,f1@0.75,0.2301399084007779
W005,frac0,depth,miou,0.6378944787982201
W005,frac0,depth,n_gt,13.0
W005,frac0,depth,n_pred,8.277777777777779
W005,frac0,depth,n_reg,8.277777777777779
W005,frac0,normal,f1@0.5,0.560998180563398
W005,frac0,normal,f1@0.75,0.4035881590229416
W005,frac0,normal,miou,0.6586522179656842
W005,frac0,normal,n_gt,13.0
W005,frac0,normal,n_pred,9.0
W005,frac0,normal,n_reg,9.0
W005,frac0,rgb,f1@0.5,0.4288371451414929
W005,frac0,rgb,f1@0.75,0.2923849982545634
W005,frac0,rgb,miou,0.499408263893171
W005,frac0,rgb,n_gt,13.0
W005,frac0,rgb,n_pred,10.61111111111111
W005,frac0,rgb,n_reg,10.61111111111111
W005,frac0.001,depth,f1@0.5,0.4513181100900398
W005,frac0.001,depth,f1@0.75,0.2513738048825768
W005,frac0.001,depth,miou,0.6378944787982201
W005,frac0.001,depth,n_gt,11.27777777777778
W005,frac0.001,depth,n_pred,8.166666666666666
W005,frac0.001,depth,n_reg,8.277777777777779
W005,frac0.001,normal,f1@0.5,0.6120718462823725
W005,frac0.001,normal,f1@0.75,0.4411166805903648
W005,frac0.001,normal,miou,0.6586522179656842
W005,frac0.001,normal,n_gt,11.27777777777778
W005,frac0.001,normal,n_pred,8.88888888888889
W005,frac0.001,normal,n_reg,9.0
W005,frac0.001,rgb,f1@0.5,0.4731528535876362
W005,frac0.001,rgb,f1@0.75,0.3264121546730242
W005,frac0.001,rgb,miou,0.499408263893171
W005,frac0.001,rgb,n_gt,11.27777777777778
W005,frac0.001,rgb,n_pred,9.88888888888889
W005,frac0.001,rgb,n_reg,10.61111111111111
W005,frac0.005,depth,f1@0.5,0.4786970148683255
W005,frac0.005,depth,f1@0.75,0.2672323510300806
W005,frac0.005,depth,miou,0.6378944787982201
W005,frac0.005,depth,n_gt,10.333333333333334
W005,frac0.005,depth,n_pred,8.0
W005,frac0.005,depth,n_reg,8.277777777777779
W005,frac0.005,normal,f1@0.5,0.701186790505676
W005,frac0.005,normal,f1@0.75,0.5030711309865077
W005,frac0.005,normal,miou,0.6586522179656842
W005,frac0.005,normal,n_gt,10.333333333333334
W005,frac0.005,normal,n_pred,7.277777777777778
W005,frac0.005,normal,n_reg,9.0
W005,frac0.005,rgb,f1@0.5,0.5230437204121414
W005,frac0.005,rgb,f1@0.75,0.3579620347164207
W005,frac0.005,rgb,miou,0.499408263893171
W005,frac0.005,rgb,n_gt,10.333333333333334
W005,frac0.005,rgb,n_pred,8.38888888888889
W005,frac0.005,rgb,n_reg,10.61111111111111
W005,px300,depth,f1@0.5,0.4551099972152604
W005,px300,depth,f1@0.75,0.2537547572635292
W005,px300,depth,miou,0.6378944787982201
W005,px300,depth,n_gt,11.166666666666666
W005,px300,depth,n_pred,8.11111111111111
W005,px300,depth,n_reg,8.277777777777779
W005,px300,normal,f1@0.5,0.6318500499615051
W005,px300,normal,f1@0.75,0.4551514952959741
W005,px300,normal,miou,0.6586522179656842
W005,px300,normal,n_gt,11.166666666666666
W005,px300,normal,n_pred,8.38888888888889
W005,px300,normal,n_reg,9.0
W005,px300,rgb,f1@0.5,0.48420926052505
W005,px300,rgb,f1@0.75,0.3344662160451634
W005,px300,rgb,miou,0.499408263893171
W005,px300,rgb,n_gt,11.166666666666666
W005,px300,rgb,n_pred,9.5
W005,px300,rgb,n_reg,10.61111111111111
W006,frac0,depth,f1@0.5,0.2821586489078401
W006,frac0,depth,f1@0.75,0.2222869507549536
W006,frac0,depth,miou,0.2674243102446392
W006,frac0,depth,n_gt,19.08333333333333
W006,frac0,depth,n_pred,7.833333333333333
W006,frac0,depth,n_reg,7.833333333333333
W006,frac0,normal,f1@0.5,0.3433589461108751
W006,frac0,normal,f1@0.75,0.2526185480938231
W006,frac0,normal,miou,0.3936418879600605
W006,frac0,normal,n_gt,19.08333333333333
W006,frac0,normal,n_pred,12.833333333333334
W006,frac0,normal,n_reg,12.833333333333334
W006,frac0,rgb,f1@0.5,0.4256504399015355
W006,frac0,rgb,f1@0.75,0.2018983733691749
W006,frac0,rgb,miou,0.379516906620618
W006,frac0,rgb,n_gt,19.08333333333333
W006,frac0,rgb,n_pred,17.583333333333332
W006,frac0,rgb,n_reg,17.583333333333332
W006,frac0.001,depth,f1@0.5,0.3065038078642566
W006,frac0.001,depth,f1@0.75,0.2411091783391923
W006,frac0.001,depth,miou,0.2674243102446392
W006,frac0.001,depth,n_gt,16.916666666666668
W006,frac0.001,depth,n_pred,7.666666666666667
W006,frac0.001,depth,n_reg,7.833333333333333
W006,frac0.001,normal,f1@0.5,0.3671250100702215
W006,frac0.001,normal,f1@0.75,0.2675799326630315
W006,frac0.001,normal,miou,0.3936418879600605
W006,frac0.001,normal,n_gt,16.916666666666668
W006,frac0.001,normal,n_pred,12.583333333333334
W006,frac0.001,normal,n_reg,12.833333333333334
W006,frac0.001,rgb,f1@0.5,0.4663493264080604
W006,frac0.001,rgb,f1@0.75,0.2199461287421508
W006,frac0.001,rgb,miou,0.379516906620618
W006,frac0.001,rgb,n_gt,16.916666666666668
W006,frac0.001,rgb,n_pred,16.333333333333332
W006,frac0.001,rgb,n_reg,17.583333333333332
W006,frac0.005,depth,f1@0.5,0.366622363990785
W006,frac0.005,depth,f1@0.75,0.2887249689881269
W006,frac0.005,depth,miou,0.2674243102446392
W006,frac0.005,depth,n_gt,13.0
W006,frac0.005,depth,n_pred,7.0
W006,frac0.005,depth,n_reg,7.833333333333333
W006,frac0.005,normal,f1@0.5,0.4503219123871297
W006,frac0.005,normal,f1@0.75,0.3297196643935774
W006,frac0.005,normal,miou,0.3936418879600605
W006,frac0.005,normal,n_gt,13.0
W006,frac0.005,normal,n_pred,10.416666666666666
W006,frac0.005,normal,n_reg,12.833333333333334
W006,frac0.005,rgb,f1@0.5,0.5646468681613609
W006,frac0.005,rgb,f1@0.75,0.2969581880813765
W006,frac0.005,rgb,miou,0.379516906620618
W006,frac0.005,rgb,n_gt,13.0
W006,frac0.005,rgb,n_pred,11.416666666666666
W006,frac0.005,rgb,n_reg,17.583333333333332
W006,px300,depth,f1@0.5,0.3223673921919536
W006,px300,depth,f1@0.75,0.2543616487476136
W006,px300,depth,miou,0.2674243102446392
W006,px300,depth,n_gt,15.583333333333334
W006,px300,depth,n_pred,7.666666666666667
W006,px300,depth,n_reg,7.833333333333333
W006,px300,normal,f1@0.5,0.3934355343892511
W006,px300,normal,f1@0.75,0.2873370271617116
W006,px300,normal,miou,0.3936418879600605
W006,px300,normal,n_gt,15.583333333333334
W006,px300,normal,n_pred,11.833333333333334
W006,px300,normal,n_reg,12.833333333333334
W006,px300,rgb,f1@0.5,0.4907098653244289
W006,px300,rgb,f1@0.75,0.2307012789638501
W006,px300,rgb,miou,0.379516906620618
W006,px300,rgb,n_gt,15.583333333333334
W006,px300,rgb,n_pred,15.916666666666666
W006,px300,rgb,n_reg,17.583333333333332
W007,frac0,depth,f1@0.5,0.3741339610306891
W007,frac0,depth,f1@0.75,0.2273220756568494
W007,frac0,depth,miou,0.3098066207375178
W007,frac0,depth,n_gt,18.6
W007,frac0,depth,n_pred,7.533333333333333
W007,frac0,depth,n_reg,7.533333333333333
W007,frac0,normal,f1@0.5,0.3686652045575851
W007,frac0,normal,f1@0.75,0.1736585995849197
W007,frac0,normal,miou,0.4070910865311354
W007,frac0,normal,n_gt,18.6
W007,frac0,normal,n_pred,14.066666666666666
W007,frac0,normal,n_reg,14.066666666666666
W007,frac0,rgb,f1@0.5,0.4457932571534125
W007,frac0,rgb,f1@0.75,0.2199135940060138
W007,frac0,rgb,miou,0.5273865791975273
W007,frac0,rgb,n_gt,18.6
W007,frac0,rgb,n_pred,22.666666666666668
W007,frac0,rgb,n_reg,22.666666666666668
W007,frac0.001,depth,f1@0.5,0.4087239824051418
W007,frac0.001,depth,f1@0.75,0.2498397919847195
W007,frac0.001,depth,miou,0.3098066207375178
W007,frac0.001,depth,n_gt,16.666666666666668
W007,frac0.001,depth,n_pred,7.133333333333334
W007,frac0.001,depth,n_reg,7.533333333333333
W007,frac0.001,normal,f1@0.5,0.4053854213735563
W007,frac0.001,normal,f1@0.75,0.190867772966401
W007,frac0.001,normal,miou,0.4070910865311354
W007,frac0.001,normal,n_gt,16.666666666666668
W007,frac0.001,normal,n_pred,12.733333333333333
W007,frac0.001,normal,n_reg,14.066666666666666
W007,frac0.001,rgb,f1@0.5,0.485933251922164
W007,frac0.001,rgb,f1@0.75,0.240227556401507
W007,frac0.001,rgb,miou,0.5273865791975273
W007,frac0.001,rgb,n_gt,16.666666666666668
W007,frac0.001,rgb,n_pred,21.0
W007,frac0.001,rgb,n_reg,22.666666666666668
W007,frac0.005,depth,f1@0.5,0.4858350123675201
W007,frac0.005,depth,f1@0.75,0.3028248726391141
W007,frac0.005,depth,miou,0.3098066207375178
W007,frac0.005,depth,n_gt,13.333333333333334
W007,frac0.005,depth,n_pred,6.0
W007,frac0.005,depth,n_reg,7.533333333333333
W007,frac0.005,normal,f1@0.5,0.4460691643300338
W007,frac0.005,normal,f1@0.75,0.2308080582863191
W007,frac0.005,normal,miou,0.4070910865311354
W007,frac0.005,normal,n_gt,13.333333333333334
W007,frac0.005,normal,n_pred,11.066666666666666
W007,frac0.005,normal,n_reg,14.066666666666666
W007,frac0.005,rgb,f1@0.5,0.6227207309971412
W007,frac0.005,rgb,f1@0.75,0.3351141083568741
W007,frac0.005,rgb,miou,0.5273865791975273
W007,frac0.005,rgb,n_gt,13.333333333333334
W007,frac0.005,rgb,n_pred,13.133333333333333
W007,frac0.005,rgb,n_reg,22.666666666666668
W007,px300,depth,f1@0.5,0.4284443575747924
W007,px300,depth,f1@0.75,0.2619190471364384
W007,px300,depth,miou,0.3098066207375178
W007,px300,depth,n_gt,16.0
W007,px300,depth,n_pred,6.733333333333333
W007,px300,depth,n_reg,7.533333333333333
W007,px300,normal,f1@0.5,0.4171476379262808
W007,px300,normal,f1@0.75,0.1966843395690262
W007,px300,normal,miou,0.4070910865311354
W007,px300,normal,n_gt,16.0
W007,px300,normal,n_pred,12.533333333333331
W007,px300,normal,n_reg,14.066666666666666
W007,px300,rgb,f1@0.5,0.5097023869582775
W007,px300,rgb,f1@0.75,0.2557446349867361
W007,px300,rgb,miou,0.5273865791975273
W007,px300,rgb,n_gt,16.0
W007,px300,rgb,n_pred,19.666666666666668
W007,px300,rgb,n_reg,22.666666666666668
W008,frac0,depth,f1@0.5,0.2699579295231469
W008,frac0,depth,f1@0.75,0.1667887433104824
W008,frac0,depth,miou,0.2383022241698355
W008,frac0,depth,n_gt,18.384615384615383
W008,frac0,depth,n_pred,8.23076923076923
W008,frac0,depth,n_reg,8.23076923076923
W008,frac0,normal,f1@0.5,0.26277078086129
W008,frac0,normal,f1@0.75,0.2114739123893552
W008,frac0,normal,miou,0.3211507946062154
W008,frac0,normal,n_gt,18.384615384615383
W008,frac0,normal,n_pred,12.0
W008,frac0,normal,n_reg,12.0
W008,frac0,rgb,f1@0.5,0.4415801740583594
W008,frac0,rgb,f1@0.75,0.267237208326616
W008,frac0,rgb,miou,0.533701930739864
W008,frac0,rgb,n_gt,18.384615384615383
W008,frac0,rgb,n_pred,17.846153846153847
W008,frac0,rgb,n_reg,17.846153846153847
W008,frac0.001,depth,f1@0.5,0.294393974064139
W008,frac0.001,depth,f1@0.75,0.1818225064401976
W008,frac0.001,depth,miou,0.2383022241698355
W008,frac0.001,depth,n_gt,16.53846153846154
W008,frac0.001,depth,n_pred,7.615384615384615
W008,frac0.001,depth,n_reg,8.23076923076923
W008,frac0.001,normal,f1@0.5,0.2891085360811527
W008,frac0.001,normal,f1@0.75,0.2331475781374361
W008,frac0.001,normal,miou,0.3211507946062154
W008,frac0.001,normal,n_gt,16.53846153846154
W008,frac0.001,normal,n_pred,10.923076923076923
W008,frac0.001,normal,n_reg,12.0
W008,frac0.001,rgb,f1@0.5,0.4701736500412118
W008,frac0.001,rgb,f1@0.75,0.2849962893584428
W008,frac0.001,rgb,miou,0.533701930739864
W008,frac0.001,rgb,n_gt,16.53846153846154
W008,frac0.001,rgb,n_pred,17.153846153846153
W008,frac0.001,rgb,n_reg,17.846153846153847
W008,frac0.005,depth,f1@0.5,0.3460393407761828
W008,frac0.005,depth,f1@0.75,0.2167861378387694
W008,frac0.005,depth,miou,0.2383022241698355
W008,frac0.005,depth,n_gt,12.846153846153848
W008,frac0.005,depth,n_pred,7.153846153846154
W008,frac0.005,depth,n_reg,8.23076923076923
W008,frac0.005,normal,f1@0.5,0.3488996510735641
W008,frac0.005,normal,f1@0.75,0.2813348969870709
W008,frac0.005,normal,miou,0.3211507946062154
W008,frac0.005,normal,n_gt,12.846153846153848
W008,frac0.005,normal,n_pred,9.615384615384617
W008,frac0.005,normal,n_reg,12.0
W008,frac0.005,rgb,f1@0.5,0.5428298939935802
W008,frac0.005,rgb,f1@0.75,0.3321280625892588
W008,frac0.005,rgb,miou,0.533701930739864
W008,frac0.005,rgb,n_gt,12.846153846153848
W008,frac0.005,rgb,n_pred,14.846153846153848
W008,frac0.005,rgb,n_reg,17.846153846153847
W008,px300,depth,f1@0.5,0.3104982108713846
W008,px300,depth,f1@0.75,0.190653388414346
W008,px300,depth,miou,0.2383022241698355
W008,px300,depth,n_gt,15.307692307692308
W008,px300,depth,n_pred,7.538461538461538
W008,px300,depth,n_reg,8.23076923076923
W008,px300,normal,f1@0.5,0.3030329333401401
W008,px300,normal,f1@0.75,0.2445442987683251
W008,px300,normal,miou,0.3211507946062154
W008,px300,normal,n_gt,15.307692307692308
W008,px300,normal,n_pred,10.692307692307692
W008,px300,normal,n_reg,12.0
W008,px300,rgb,f1@0.5,0.4872896300005481
W008,px300,rgb,f1@0.75,0.2957438481011682
W008,px300,rgb,miou,0.533701930739864
W008,px300,rgb,n_gt,15.307692307692308
W008,px300,rgb,n_pred,17.076923076923077
W008,px300,rgb,n_reg,17.846153846153847
W009,frac0,depth,f1@0.5,0.4504469753327568
W009,frac0,depth,f1@0.75,0.2929520575101882
W009,frac0,depth,miou,0.4641721749310674
W009,frac0,depth,n_gt,17.0
W009,frac0,depth,n_pred,4.941176470588236
W009,frac0,depth,n_reg,4.941176470588236
W009,frac0,normal,f1@0.5,0.3464993707591913
W009,frac0,normal,f1@0.75,0.1502508983618893
W009,frac0,normal,miou,0.4709363851090086
W009,frac0,normal,n_gt,17.0
W009,frac0,normal,n_pred,6.0
W009,frac0,normal,n_reg,6.0
W009,frac0,rgb,f1@0.5,0.3988350697310844
W009,frac0,rgb,f1@0.75,0.2212745684924474
W009,frac0,rgb,miou,0.5434359597210073
W009,frac0,rgb,n_gt,17.0
W009,frac0,rgb,n_pred,14.058823529411764
W009,frac0,rgb,n_reg,14.058823529411764
W009,frac0.001,depth,f1@0.5,0.545949649209529
W009,frac0.001,depth,f1@0.75,0.3580120283407481
W009,frac0.001,depth,miou,0.4641721749310674
W009,frac0.001,depth,n_gt,13.058823529411764
W009,frac0.001,depth,n_pred,4.941176470588236
W009,frac0.001,depth,n_reg,4.941176470588236
W009,frac0.001,normal,f1@0.5,0.4210793314417427
W009,frac0.001,normal,f1@0.75,0.1893589483828056
W009,frac0.001,normal,miou,0.4709363851090086
W009,frac0.001,normal,n_gt,13.058823529411764
W009,frac0.001,normal,n_pred,5.823529411764706
W009,frac0.001,normal,n_reg,6.0
W009,frac0.001,rgb,f1@0.5,0.4692424195871094
W009,frac0.001,rgb,f1@0.75,0.265803277389009
W009,frac0.001,rgb,miou,0.5434359597210073
W009,frac0.001,rgb,n_gt,13.058823529411764
W009,frac0.001,rgb,n_pred,12.882352941176473
W009,frac0.001,rgb,n_reg,14.058823529411764
W009,frac0.005,depth,f1@0.5,0.5918548867510804
W009,frac0.005,depth,f1@0.75,0.3712878816685045
W009,frac0.005,depth,miou,0.4641721749310674
W009,frac0.005,depth,n_gt,10.764705882352942
W009,frac0.005,depth,n_pred,4.764705882352941
W009,frac0.005,depth,n_reg,4.941176470588236
W009,frac0.005,normal,f1@0.5,0.5006165211182512
W009,frac0.005,normal,f1@0.75,0.2206198165540726
W009,frac0.005,normal,miou,0.4709363851090086
W009,frac0.005,normal,n_gt,10.764705882352942
W009,frac0.005,normal,n_pred,5.0588235294117645
W009,frac0.005,normal,n_reg,6.0
W009,frac0.005,rgb,f1@0.5,0.5747975609844439
W009,frac0.005,rgb,f1@0.75,0.3143618628245646
W009,frac0.005,rgb,miou,0.5434359597210073
W009,frac0.005,rgb,n_gt,10.764705882352942
W009,frac0.005,rgb,n_pred,9.117647058823527
W009,frac0.005,rgb,n_reg,14.058823529411764
W009,px300,depth,f1@0.5,0.5622280904105709
W009,px300,depth,f1@0.75,0.3689400837734474
W009,px300,depth,miou,0.4641721749310674
W009,px300,depth,n_gt,12.529411764705882
W009,px300,depth,n_pred,4.941176470588236
W009,px300,depth,n_reg,4.941176470588236
W009,px300,normal,f1@0.5,0.4365209448072314
W009,px300,normal,f1@0.75,0.197127261637369
W009,px300,normal,miou,0.4709363851090086
W009,px300,normal,n_gt,12.529411764705882
W009,px300,normal,n_pred,5.705882352941177
W009,px300,normal,n_reg,6.0
W009,px300,rgb,f1@0.5,0.4893907846539425
W009,px300,rgb,f1@0.75,0.2799637101804284
W009,px300,rgb,miou,0.5434359597210073
W009,px300,rgb,n_gt,12.529411764705882
W009,px300,rgb,n_pred,12.176470588235292
W009,px300,rgb,n_reg,14.058823529411764
W010,frac0,depth,f1@0.5,0.3061251050454295
W010,frac0,depth,f1@0.75,0.1593280784813965
W010,frac0,depth,miou,0.4645544396550087
W010,frac0,depth,n_gt,15.636363636363637
W010,frac0,depth,n_pred,6.318181818181818
W010,frac0,depth,n_reg,6.318181818181818
W010,frac0,normal,f1@0.5,0.4070087758822936
W010,frac0,normal,f1@0.75,0.2796219583373733
W010,frac0,normal,miou,0.505490670638771
W010,frac0,normal,n_gt,15.636363636363637
W010,frac0,normal,n_pred,7.409090909090909
W010,frac0,normal,n_reg,7.409090909090909
W010,frac0,rgb,f1@0.5,0.4159443258534777
W010,frac0,rgb,f1@0.75,0.2157376945245525
W010,frac0,rgb,miou,0.5983982665402597
W010,frac0,rgb,n_gt,15.636363636363637
W010,frac0,rgb,n_pred,15.363636363636363
W010,frac0,rgb,n_reg,15.363636363636363
W010,frac0.001,depth,f1@0.5,0.3684071526247152
W010,frac0.001,depth,f1@0.75,0.1910724743717988
W010,frac0.001,depth,miou,0.4645544396550087
W010,frac0.001,depth,n_gt,12.136363636363637
W010,frac0.001,depth,n_pred,6.045454545454546
W010,frac0.001,depth,n_reg,6.318181818181818
W010,frac0.001,normal,f1@0.5,0.4961573385334995
W010,frac0.001,normal,f1@0.75,0.3414089479491956
W010,frac0.001,normal,miou,0.505490670638771
W010,frac0.001,normal,n_gt,12.136363636363637
W010,frac0.001,normal,n_pred,6.590909090909091
W010,frac0.001,normal,n_reg,7.409090909090909
W010,frac0.001,rgb,f1@0.5,0.4788603475169851
W010,frac0.001,rgb,f1@0.75,0.2513598863276865
W010,frac0.001,rgb,miou,0.5983982665402597
W010,frac0.001,rgb,n_gt,12.136363636363637
W010,frac0.001,rgb,n_pred,14.363636363636363
W010,frac0.001,rgb,n_reg,15.363636363636363
W010,frac0.005,depth,f1@0.5,0.4213230096357032
W010,frac0.005,depth,f1@0.75,0.216699515654624
W010,frac0.005,depth,miou,0.4645544396550087
W010,frac0.005,depth,n_gt,10.454545454545457
W010,frac0.005,depth,n_pred,5.409090909090909
W010,frac0.005,depth,n_reg,6.318181818181818
W010,frac0.005,normal,f1@0.5,0.5580086580086581
W010,frac0.005,normal,f1@0.75,0.3893992445463033
W010,frac0.005,normal,miou,0.505490670638771
W010,frac0.005,normal,n_gt,10.454545454545457
W010,frac0.005,normal,n_pred,5.681818181818182
W010,frac0.005,normal,n_reg,7.409090909090909
W010,frac0.005,rgb,f1@0.5,0.5851613848759555
W010,frac0.005,rgb,f1@0.75,0.3235487970364498
W010,frac0.005,rgb,miou,0.5983982665402597
W010,frac0.005,rgb,n_gt,10.454545454545457
W010,frac0.005,rgb,n_pred,9.181818181818182
W010,frac0.005,rgb,n_reg,15.363636363636363
W010,px300,depth,f1@0.5,0.3719882421578172
W010,px300,depth,f1@0.75,0.1928088786623827
W010,px300,depth,miou,0.4645544396550087
W010,px300,depth,n_gt,12.0
W010,px300,depth,n_pred,6.045454545454546
W010,px300,depth,n_reg,6.318181818181818
W010,px300,normal,f1@0.5,0.5010149399888933
W010,px300,normal,f1@0.75,0.3450771755203711
W010,px300,normal,miou,0.505490670638771
W010,px300,normal,n_gt,12.0
W010,px300,normal,n_pred,6.545454545454546
W010,px300,normal,n_reg,7.409090909090909
W010,px300,rgb,f1@0.5,0.4870527404374685
W010,px300,rgb,f1@0.75,0.2574532412284558
W010,px300,rgb,miou,0.5983982665402597
W010,px300,rgb,n_gt,12.0
W010,px300,rgb,n_pred,13.909090909090908
W010,px300,rgb,n_reg,15.363636363636363
W011,frac0,depth,f1@0.5,0.2664550520178365
W011,frac0,depth,f1@0.75,0.0981688828723721
W011,frac0,depth,miou,0.4095423679633858
W011,frac0,depth,n_gt,16.74074074074074
W011,frac0,depth,n_pred,3.962962962962963
W011,frac0,depth,n_reg,3.962962962962963
W011,frac0,normal,f1@0.5,0.2809806048125846
W011,frac0,normal,f1@0.75,0.2040285679557701
W011,frac0,normal,miou,0.4208313576724182
W011,frac0,normal,n_gt,16.74074074074074
W011,frac0,normal,n_pred,4.0
W011,frac0,normal,n_reg,4.0
W011,frac0,rgb,f1@0.5,0.3946042781240932
W011,frac0,rgb,f1@0.75,0.2185322044342294
W011,frac0,rgb,miou,0.6240780368129372
W011,frac0,rgb,n_gt,16.74074074074074
W011,frac0,rgb,n_pred,12.62962962962963
W011,frac0,rgb,n_reg,12.62962962962963
W011,frac0.001,depth,f1@0.5,0.3381799948449415
W011,frac0.001,depth,f1@0.75,0.125651477165065
W011,frac0.001,depth,miou,0.4095423679633858
W011,frac0.001,depth,n_gt,12.22222222222222
W011,frac0.001,depth,n_pred,3.7777777777777777
W011,frac0.001,depth,n_reg,3.962962962962963
W011,frac0.001,normal,f1@0.5,0.3538563953596633
W011,frac0.001,normal,f1@0.75,0.2558677222075914
W011,frac0.001,normal,miou,0.4208313576724182
W011,frac0.001,normal,n_gt,12.22222222222222
W011,frac0.001,normal,n_pred,4.0
W011,frac0.001,normal,n_reg,4.0
W011,frac0.001,rgb,f1@0.5,0.4832586239586832
W011,frac0.001,rgb,f1@0.75,0.2687987326024447
W011,frac0.001,rgb,miou,0.6240780368129372
W011,frac0.001,rgb,n_gt,12.22222222222222
W011,frac0.001,rgb,n_pred,11.51851851851852
W011,frac0.001,rgb,n_reg,12.62962962962963
W011,frac0.005,depth,f1@0.5,0.3818186533872808
W011,frac0.005,depth,f1@0.75,0.1447690472200276
W011,frac0.005,depth,miou,0.4095423679633858
W011,frac0.005,depth,n_gt,10.407407407407408
W011,frac0.005,depth,n_pred,3.3703703703703702
W011,frac0.005,depth,n_reg,3.962962962962963
W011,frac0.005,normal,f1@0.5,0.3975587955980112
W011,frac0.005,normal,f1@0.75,0.2871022768081591
W011,frac0.005,normal,miou,0.4208313576724182
W011,frac0.005,normal,n_gt,10.407407407407408
W011,frac0.005,normal,n_pred,4.0
W011,frac0.005,normal,n_reg,4.0
W011,frac0.005,rgb,f1@0.5,0.6067259695563192
W011,frac0.005,rgb,f1@0.75,0.3405105087285281
W011,frac0.005,rgb,miou,0.6240780368129372
W011,frac0.005,rgb,n_gt,10.407407407407408
W011,frac0.005,rgb,n_pred,8.222222222222221
W011,frac0.005,rgb,n_reg,12.62962962962963
W011,px300,depth,f1@0.5,0.3445046299621463
W011,px300,depth,f1@0.75,0.1277717924776748
W011,px300,depth,miou,0.4095423679633858
W011,px300,depth,n_gt,11.962962962962964
W011,px300,depth,n_pred,3.7777777777777777
W011,px300,depth,n_reg,3.962962962962963
W011,px300,normal,f1@0.5,0.3602383633515384
W011,px300,normal,f1@0.75,0.2601873447934679
W011,px300,normal,miou,0.4208313576724182
W011,px300,normal,n_gt,11.962962962962964
W011,px300,normal,n_pred,4.0
W011,px300,normal,n_reg,4.0
W011,px300,rgb,f1@0.5,0.5062223299014552
W011,px300,rgb,f1@0.75,0.2815712699313004
W011,px300,rgb,miou,0.6240780368129372
W011,px300,rgb,n_gt,11.962962962962964
W011,px300,rgb,n_pred,10.703703703703704
W011,px300,rgb,n_reg,12.62962962962963
W012,frac0,depth,f1@0.5,0.229114108092941
W012,frac0,depth,f1@0.75,0.1314722946030154
W012,frac0,depth,miou,0.3568506395092903
W012,frac0,depth,n_gt,17.5
W012,frac0,depth,n_pred,3.0
W012,frac0,depth,n_reg,3.0
W012,frac0,normal,f1@0.5,0.1295181899470834
W012,frac0,normal,f1@0.75,0.104193831070093
W012,frac0,normal,miou,0.2640818718116462
W012,frac0,normal,n_gt,17.5
W012,frac0,normal,n_pred,2.0
W012,frac0,normal,n_reg,2.0
W012,frac0,rgb,f1@0.5,0.3552548792988129
W012,frac0,rgb,f1@0.75,0.2034719752535435
W012,frac0,rgb,miou,0.566265169681418
W012,frac0,rgb,n_gt,17.5
W012,frac0,rgb,n_pred,11.958333333333334
W012,frac0,rgb,n_reg,11.958333333333334
W012,frac0.001,depth,f1@0.5,0.2957387280045949
W012,frac0.001,depth,f1@0.75,0.16744119492765
W012,frac0.001,depth,miou,0.3568506395092903
W012,frac0.001,depth,n_gt,13.125
W012,frac0.001,depth,n_pred,3.0
W012,frac0.001,depth,n_reg,3.0
W012,frac0.001,normal,f1@0.5,0.1703973790370849
W012,frac0.001,normal,f1@0.75,0.1345838869735928
W012,frac0.001,normal,miou,0.2640818718116462
W012,frac0.001,normal,n_gt,13.125
W012,frac0.001,normal,n_pred,2.0
W012,frac0.001,normal,n_reg,2.0
W012,frac0.001,rgb,f1@0.5,0.436456671116841
W012,frac0.001,rgb,f1@0.75,0.2549663528486617
W012,frac0.001,rgb,miou,0.566265169681418
W012,frac0.001,rgb,n_gt,13.125
W012,frac0.001,rgb,n_pred,10.666666666666666
W012,frac0.001,rgb,n_reg,11.958333333333334
W012,frac0.005,depth,f1@0.5,0.340892094017094
W012,frac0.005,depth,f1@0.75,0.1935172466422466
W012,frac0.005,depth,miou,0.3568506395092903
W012,frac0.005,depth,n_gt,10.875
W012,frac0.005,depth,n_pred,3.0
W012,frac0.005,depth,n_reg,3.0
W012,frac0.005,normal,f1@0.5,0.198079698079698
W012,frac0.005,normal,f1@0.75,0.157073482073482
W012,frac0.005,normal,miou,0.2640818718116462
W012,frac0.005,normal,n_gt,10.875
W012,frac0.005,normal,n_pred,2.0
W012,frac0.005,normal,n_reg,2.0
W012,frac0.005,rgb,f1@0.5,0.5338088797454122
W012,frac0.005,rgb,f1@0.75,0.3180970055486309
W012,frac0.005,rgb,miou,0.566265169681418
W012,frac0.005,rgb,n_gt,10.875
W012,frac0.005,rgb,n_pred,7.958333333333333
W012,frac0.005,rgb,n_reg,11.958333333333334
W012,px300,depth,f1@0.5,0.307650934305346
W012,px300,depth,f1@0.75,0.1749584769805358
W012,px300,depth,miou,0.3568506395092903
W012,px300,depth,n_gt,12.541666666666666
W012,px300,depth,n_pred,3.0
W012,px300,depth,n_reg,3.0
W012,px300,normal,f1@0.5,0.1783856870253929
W012,px300,normal,f1@0.75,0.1398842578989637
W012,px300,normal,miou,0.2640818718116462
W012,px300,normal,n_gt,12.541666666666666
W012,px300,normal,n_pred,2.0
W012,px300,normal,n_reg,2.0
W012,px300,rgb,f1@0.5,0.458584091075648
W012,px300,rgb,f1@0.75,0.2700571759064329
W012,px300,rgb,miou,0.566265169681418
W012,px300,rgb,n_gt,12.541666666666666
W012,px300,rgb,n_pred,10.0
W012,px300,rgb,n_reg,11.958333333333334
W013,frac0,depth,f1@0.5,0.3463861575110285
W013,frac0,depth,f1@0.75,0.1648375940842401
W013,frac0,depth,miou,0.4007135599775841
W013,frac0,depth,n_gt,15.944444444444445
W013,frac0,depth,n_pred,5.0
W013,frac0,depth,n_reg,5.0
W013,frac0,normal,f1@0.5,0.2360692407390033
W013,frac0,normal,f1@0.75,0.1139835601084311
W013,frac0,normal,miou,0.3470184189661643
W013,frac0,normal,n_gt,15.944444444444445
W013,frac0,normal,n_pred,4.777777777777778
W013,frac0,normal,n_reg,4.777777777777778
W013,frac0,rgb,f1@0.5,0.4027029898372856
W013,frac0,rgb,f1@0.75,0.2283601859027116
W013,frac0,rgb,miou,0.6063340020747966
W013,frac0,rgb,n_gt,15.944444444444445
W013,frac0,rgb,n_pred,11.72222222222222
W013,frac0,rgb,n_reg,11.72222222222222
W013,frac0.001,depth,f1@0.5,0.4291879679392579
W013,frac0.001,depth,f1@0.75,0.2066105300883422
W013,frac0.001,depth,miou,0.4007135599775841
W013,frac0.001,depth,n_gt,12.333333333333334
W013,frac0.001,depth,n_pred,4.722222222222222
W013,frac0.001,depth,n_reg,5.0
W013,frac0.001,normal,f1@0.5,0.2948232819620848
W013,frac0.001,normal,f1@0.75,0.1414650956962618
W013,frac0.001,normal,miou,0.3470184189661643
W013,frac0.001,normal,n_gt,12.333333333333334
W013,frac0.001,normal,n_pred,4.166666666666667
W013,frac0.001,normal,n_reg,4.777777777777778
W013,frac0.001,rgb,f1@0.5,0.4971040720747446
W013,frac0.001,rgb,f1@0.75,0.2801958560984311
W013,frac0.001,rgb,miou,0.6063340020747966
W013,frac0.001,rgb,n_gt,12.333333333333334
W013,frac0.001,rgb,n_pred,10.27777777777778
W013,frac0.001,rgb,n_reg,11.72222222222222
W013,frac0.005,depth,f1@0.5,0.4937139858192489
W013,frac0.005,depth,f1@0.75,0.2377093017443894
W013,frac0.005,depth,miou,0.4007135599775841
W013,frac0.005,depth,n_gt,10.666666666666666
W013,frac0.005,depth,n_pred,4.222222222222222
W013,frac0.005,depth,n_reg,5.0
W013,frac0.005,normal,f1@0.5,0.3259050403787246
W013,frac0.005,normal,f1@0.75,0.1574512313547401
W013,frac0.005,normal,miou,0.3470184189661643
W013,frac0.005,normal,n_gt,10.666666666666666
W013,frac0.005,normal,n_pred,4.055555555555555
W013,frac0.005,normal,n_reg,4.777777777777778
W013,frac0.005,rgb,f1@0.5,0.5778289505787598
W013,frac0.005,rgb,f1@0.75,0.3271060049350083
W013,frac0.005,rgb,miou,0.6063340020747966
W013,frac0.005,rgb,n_gt,10.666666666666666
W013,frac0.005,rgb,n_pred,8.333333333333334
W013,frac0.005,rgb,n_reg,11.72222222222222
W013,px300,depth,f1@0.5,0.4413034219535767
W013,px300,depth,f1@0.75,0.2116920159876816
W013,px300,depth,miou,0.4007135599775841
W013,px300,depth,n_gt,12.0
W013,px300,depth,n_pred,4.611111111111111
W013,px300,depth,n_reg,5.0
W013,px300,normal,f1@0.5,0.3010322647577549
W013,px300,normal,f1@0.75,0.1441007884635335
W013,px300,normal,miou,0.3470184189661643
W013,px300,normal,n_gt,12.0
W013,px300,normal,n_pred,4.166666666666667
W013,px300,normal,n_reg,4.777777777777778
W013,px300,rgb,f1@0.5,0.5128025377453295
W013,px300,rgb,f1@0.75,0.2916350188407142
W013,px300,rgb,miou,0.6063340020747966
W013,px300,rgb,n_gt,12.0
W013,px300,rgb,n_pred,9.666666666666666
W013,px300,rgb,n_reg,11.72222222222222
W014,frac0,depth,f1@0.5,0.4359943977591036
W014,frac0,depth,f1@0.75,0.1154499299719888
W014,frac0,depth,miou,0.4174251047955475
W014,frac0,depth,n_gt,7.0625
W014,frac0,depth,n_pred,8.125
W014,frac0,depth,n_reg,8.125
W014,frac0,normal,f1@0.5,0.7496565934065934
W014,frac0,normal,f1@0.75,0.3837568681318681
W014,frac0,normal,miou,0.6761616148438302
W014,frac0,normal,n_gt,7.0625
W014,frac0,normal,n_pred,6.6875
W014,frac0,normal,n_reg,6.6875
W014,frac0,rgb,f1@0.5,0.7389251373626373
W014,frac0,rgb,f1@0.75,0.5577781593406593
W014,frac0,rgb,miou,0.7368407326231923
W014,frac0,rgb,n_gt,7.0625
W014,frac0,rgb,n_pred,6.6875
W014,frac0,rgb,n_reg,6.6875
W014,frac0.001,depth,f1@0.5,0.4902873168498168
W014,frac0.001,depth,f1@0.75,0.1296760531135531
W014,frac0.001,depth,miou,0.4174251047955475
W014,frac0.001,depth,n_gt,6.375
W014,frac0.001,depth,n_pred,7.1875
W014,frac0.001,depth,n_reg,8.125
W014,frac0.001,normal,f1@0.5,0.786401098901099
W014,frac0.001,normal,f1@0.75,0.4028159340659341
W014,frac0.001,normal,miou,0.6761616148438302
W014,frac0.001,normal,n_gt,6.375
W014,frac0.001,normal,n_pred,6.6875
W014,frac0.001,normal,n_reg,6.6875
W014,frac0.001,rgb,f1@0.5,0.7760989010989011
W014,frac0.001,rgb,f1@0.75,0.5849358974358975
W014,frac0.001,rgb,miou,0.7368407326231923
W014,frac0.001,rgb,n_gt,6.375
W014,frac0.001,rgb,n_pred,6.6875
W014,frac0.001,rgb,n_reg,6.6875
W014,frac0.005,depth,f1@0.5,0.5343968531468531
W014,frac0.005,depth,f1@0.75,0.1398892773892774
W014,frac0.005,depth,miou,0.4174251047955475
W014,frac0.005,depth,n_gt,6.25
W014,frac0.005,depth,n_pred,6.1875
W014,frac0.005,depth,n_reg,8.125
W014,frac0.005,normal,f1@0.5,0.8052884615384616
W014,frac0.005,normal,f1@0.75,0.4134615384615385
W014,frac0.005,normal,miou,0.6761616148438302
W014,frac0.005,normal,n_gt,6.25
W014,frac0.005,normal,n_pred,6.5
W014,frac0.005,normal,n_reg,6.6875
W014,frac0.005,rgb,f1@0.5,0.7988782051282052
W014,frac0.005,rgb,f1@0.75,0.6025641025641025
W014,frac0.005,rgb,miou,0.7368407326231923
W014,frac0.005,rgb,n_gt,6.25
W014,frac0.005,rgb,n_pred,6.4375
W014,frac0.005,rgb,n_reg,6.6875
W014,px300,depth,f1@0.5,0.4989869505494506
W014,px300,depth,f1@0.75,0.1303628663003663
W014,px300,depth,miou,0.4174251047955475
W014,px300,depth,n_gt,6.3125
W014,px300,depth,n_pred,7.0625
W014,px300,depth,n_reg,8.125
W014,px300,normal,f1@0.5,0.7905219780219781
W014,px300,normal,f1@0.75,0.4048763736263736
W014,px300,normal,miou,0.6761616148438302
W014,px300,normal,n_gt,6.3125
W014,px300,normal,n_pred,6.6875
W014,px300,normal,n_reg,6.6875
W014,px300,rgb,f1@0.5,0.7802197802197802
W014,px300,rgb,f1@0.75,0.5876831501831502
W014,px300,rgb,miou,0.7368407326231923
W014,px300,rgb,n_gt,6.3125
W014,px300,rgb,n_pred,6.6875
W014,px300,rgb,n_reg,6.6875
W015,frac0,depth,f1@0.5,0.7492424242424243
W015,frac0,depth,f1@0.75,0.4210227272727272
W015,frac0,depth,miou,0.4844388731768317
W015,frac0,depth,n_gt,6.5625
W015,frac0,depth,n_pred,4.0
W015,frac0,depth,n_reg,4.0
W015,frac0,normal,f1@0.5,0.8058608058608059
W015,frac0,normal,f1@0.75,0.4471153846153846
W015,frac0,normal,miou,0.7133565123998882
W015,frac0,normal,n_gt,6.5625
W015,frac0,normal,n_pred,6.0
W015,frac0,normal,n_reg,6.0
W015,frac0,rgb,f1@0.5,0.4798951048951049
W015,frac0,rgb,f1@0.75,0.2294580419580419
W015,frac0,rgb,miou,0.4914371120166507
W015,frac0,rgb,n_gt,6.5625
W015,frac0,rgb,n_pred,5.0
W015,frac0,rgb,n_reg,5.0
W015,frac0.001,depth,f1@0.5,0.765909090909091
W015,frac0.001,depth,f1@0.75,0.4295454545454545
W015,frac0.001,depth,miou,0.4844388731768317
W015,frac0.001,depth,n_gt,6.3125
W015,frac0.001,depth,n_pred,4.0
W015,frac0.001,depth,n_reg,4.0
W015,frac0.001,normal,f1@0.5,0.8221153846153846
W015,frac0.001,normal,f1@0.75,0.4559294871794871
W015,frac0.001,normal,miou,0.7133565123998882
W015,frac0.001,normal,n_gt,6.3125
W015,frac0.001,normal,n_pred,6.0
W015,frac0.001,normal,n_reg,6.0
W015,frac0.001,rgb,f1@0.5,0.4895833333333333
W015,frac0.001,rgb,f1@0.75,0.2339015151515151
W015,frac0.001,rgb,miou,0.4914371120166507
W015,frac0.001,rgb,n_gt,6.3125
W015,frac0.001,rgb,n_pred,5.0
W015,frac0.001,rgb,n_reg,5.0
W015,frac0.005,depth,f1@0.5,0.765909090909091
W015,frac0.005,depth,f1@0.75,0.4295454545454545
W015,frac0.005,depth,miou,0.4844388731768317
W015,frac0.005,depth,n_gt,6.3125
W015,frac0.005,depth,n_pred,4.0
W015,frac0.005,depth,n_reg,4.0
W015,frac0.005,normal,f1@0.5,0.814539627039627
W015,frac0.005,normal,f1@0.75,0.4578234265734265
W015,frac0.005,normal,miou,0.7133565123998882
W015,frac0.005,normal,n_gt,6.3125
W015,frac0.005,normal,n_pred,5.9375
W015,frac0.005,normal,n_reg,6.0
W015,frac0.005,rgb,f1@0.5,0.5001893939393939
W015,frac0.005,rgb,f1@0.75,0.2392045454545454
W015,frac0.005,rgb,miou,0.4914371120166507
W015,frac0.005,rgb,n_gt,6.3125
W015,frac0.005,rgb,n_pred,4.75
W015,frac0.005,rgb,n_reg,5.0
W015,px300,depth,f1@0.5,0.765909090909091
W015,px300,depth,f1@0.75,0.4295454545454545
W015,px300,depth,miou,0.4844388731768317
W015,px300,depth,n_gt,6.3125
W015,px300,depth,n_pred,4.0
W015,px300,depth,n_reg,4.0
W015,px300,normal,f1@0.5,0.8221153846153846
W015,px300,normal,f1@0.75,0.4559294871794871
W015,px300,normal,miou,0.7133565123998882
W015,px300,normal,n_gt,6.3125
W015,px300,normal,n_pred,6.0
W015,px300,normal,n_reg,6.0
W015,px300,rgb,f1@0.5,0.4895833333333333
W015,px300,rgb,f1@0.75,0.2339015151515151
W015,px300,rgb,miou,0.4914371120166507
W015,px300,rgb,n_gt,6.3125
W015,px300,rgb,n_pred,5.0
W015,px300,rgb,n_reg,5.0
W016,frac0,depth,f1@0.5,0.8654782717282717
W016,frac0,depth,f1@0.75,0.684143981018981
W016,frac0,depth,miou,0.834845773119512
W016,frac0,depth,n_gt,7.125
W016,frac0,depth,n_pred,7.0
W016,frac0,depth,n_reg,7.0
W016,frac0,normal,f1@0.5,0.8326548451548451
W016,frac0,normal,f1@0.75,0.484998334998335
W016,frac0,normal,miou,0.6292805294043711
W016,frac0,normal,n_gt,7.125
W016,frac0,normal,n_pred,5.3125
W016,frac0,normal,n_reg,5.3125
W016,frac0,rgb,f1@0.5,0.5332546439628483
W016,frac0,rgb,f1@0.75,0.3295143188854489
W016,frac0,rgb,miou,0.7817284305915441
W016,frac0,rgb,n_gt,7.125
W016,frac0,rgb,n_pred,10.0
W016,frac0,rgb,n_reg,10.0
W016,frac0.001,depth,f1@0.5,0.8983516483516484
W016,frac0.001,depth,f1@0.75,0.7115384615384616
W016,frac0.001,depth,miou,0.834845773119512
W016,frac0.001,depth,n_gt,6.375
W016,frac0.001,depth,n_pred,7.0
W016,frac0.001,depth,n_reg,7.0
W016,frac0.001,normal,f1@0.5,0.8734702797202797
W016,frac0.001,normal,f1@0.75,0.512747668997669
W016,frac0.001,normal,miou,0.6292805294043711
W016,frac0.001,normal,n_gt,6.375
W016,frac0.001,normal,n_pred,5.25
W016,frac0.001,normal,n_reg,5.3125
W016,frac0.001,rgb,f1@0.5,0.5653799019607844
W016,frac0.001,rgb,f1@0.75,0.3472426470588235
W016,frac0.001,rgb,miou,0.7817284305915441
W016,frac0.001,rgb,n_gt,6.375
W016,frac0.001,rgb,n_pred,9.5625
W016,frac0.001,rgb,n_reg,10.0
W016,frac0.005,depth,f1@0.5,0.9581043956043956
W016,frac0.005,depth,f1@0.75,0.7604166666666667
W016,frac0.005,depth,miou,0.834845773119512
W016,frac0.005,depth,n_gt,6.3125
W016,frac0.005,depth,n_pred,6.25
W016,frac0.005,depth,n_reg,7.0
W016,frac0.005,normal,f1@0.5,0.8782051282051282
W016,frac0.005,normal,f1@0.75,0.515588578088578
W016,frac0.005,normal,miou,0.6292805294043711
W016,frac0.005,normal,n_gt,6.3125
W016,frac0.005,normal,n_pred,5.25
W016,frac0.005,normal,n_reg,5.3125
W016,frac0.005,rgb,f1@0.5,0.6648351648351648
W016,frac0.005,rgb,f1@0.75,0.4072802197802198
W016,frac0.005,rgb,miou,0.7817284305915441
W016,frac0.005,rgb,n_gt,6.3125
W016,frac0.005,rgb,n_pred,7.25
W016,frac0.005,rgb,n_reg,10.0
W016,px300,depth,f1@0.5,0.907967032967033
W016,px300,depth,f1@0.75,0.71875
W016,px300,depth,miou,0.834845773119512
W016,px300,depth,n_gt,6.375
W016,px300,depth,n_pred,6.875
W016,px300,depth,n_reg,7.0
W016,px300,normal,f1@0.5,0.8734702797202797
W016,px300,normal,f1@0.75,0.512747668997669
W016,px300,normal,miou,0.6292805294043711
W016,px300,normal,n_gt,6.375
W016,px300,normal,n_pred,5.25
W016,px300,normal,n_reg,5.3125
W016,px300,rgb,f1@0.5,0.5845544467787115
W016,px300,rgb,f1@0.75,0.3595456932773109
W016,px300,rgb,miou,0.7817284305915441
W016,px300,rgb,n_gt,6.375
W016,px300,rgb,n_pred,9.0625
W016,px300,rgb,n_reg,10.0
W017,frac0,depth,f1@0.5,0.3107949055775142
W017,frac0,depth,f1@0.75,0.1879202527819128
W017,frac0,depth,miou,0.3367140731800489
W017,frac0,depth,n_gt,14.272727272727272
W017,frac0,depth,n_pred,7.909090909090909
W017,frac0,depth,n_reg,7.909090909090909
W017,frac0,normal,f1@0.5,0.5632600581816883
W017,frac0,normal,f1@0.75,0.3046395703448994
W017,frac0,normal,miou,0.5202656200632366
W017,frac0,normal,n_gt,14.272727272727272
W017,frac0,normal,n_pred,12.363636363636363
W017,frac0,normal,n_reg,12.363636363636363
W017,frac0,rgb,f1@0.5,0.3809103401288485
W017,frac0,rgb,f1@0.75,0.2575867385618459
W017,frac0,rgb,miou,0.8472771935411146
W017,frac0,rgb,n_gt,14.272727272727272
W017,frac0,rgb,n_pred,39.0
W017,frac0,rgb,n_reg,39.0
W017,frac0.001,depth,f1@0.5,0.3270762563020177
W017,frac0.001,depth,f1@0.75,0.1962366549206818
W017,frac0.001,depth,miou,0.3367140731800489
W017,frac0.001,depth,n_gt,13.090909090909092
W017,frac0.001,depth,n_pred,7.909090909090909
W017,frac0.001,depth,n_reg,7.909090909090909
W017,frac0.001,normal,f1@0.5,0.6152635916272279
W017,frac0.001,normal,f1@0.75,0.331651479833298
W017,frac0.001,normal,miou,0.5202656200632366
W017,frac0.001,normal,n_gt,13.090909090909092
W017,frac0.001,normal,n_pred,11.363636363636363
W017,frac0.001,normal,n_reg,12.363636363636363
W017,frac0.001,rgb,f1@0.5,0.4204914640135176
W017,frac0.001,rgb,f1@0.75,0.2837501417768888
W017,frac0.001,rgb,miou,0.8472771935411146
W017,frac0.001,rgb,n_gt,13.090909090909092
W017,frac0.001,rgb,n_pred,35.18181818181818
W017,frac0.001,rgb,n_reg,39.0
W017,frac0.005,depth,f1@0.5,0.3156956968665384
W017,frac0.005,depth,f1@0.75,0.1958447000664844
W017,frac0.005,depth,miou,0.3367140731800489
W017,frac0.005,depth,n_gt,12.181818181818182
W017,frac0.005,depth,n_pred,7.727272727272727
W017,frac0.005,depth,n_reg,7.909090909090909
W017,frac0.005,normal,f1@0.5,0.65230435352965
W017,frac0.005,normal,f1@0.75,0.3625886761459884
W017,frac0.005,normal,miou,0.5202656200632366
W017,frac0.005,normal,n_gt,12.181818181818182
W017,frac0.005,normal,n_pred,10.090909090909092
W017,frac0.005,normal,n_reg,12.363636363636363
W017,frac0.005,rgb,f1@0.5,0.5516946549648826
W017,frac0.005,rgb,f1@0.75,0.3787428672565079
W017,frac0.005,rgb,miou,0.8472771935411146
W017,frac0.005,rgb,n_gt,12.181818181818182
W017,frac0.005,rgb,n_pred,23.0
W017,frac0.005,rgb,n_reg,39.0
W017,px300,depth,f1@0.5,0.3192840485098099
W017,px300,depth,f1@0.75,0.1966695553535823
W017,px300,depth,miou,0.3367140731800489
W017,px300,depth,n_gt,13.090909090909092
W017,px300,depth,n_pred,7.818181818181818
W017,px300,depth,n_reg,7.909090909090909
W017,px300,normal,f1@0.5,0.6170765934402298
W017,px300,normal,f1@0.75,0.3332054813872995
W017,px300,normal,miou,0.5202656200632366
W017,px300,normal,n_gt,13.090909090909092
W017,px300,normal,n_pred,11.272727272727272
W017,px300,normal,n_reg,12.363636363636363
W017,px300,rgb,f1@0.5,0.4253329172469404
W017,px300,rgb,f1@0.75,0.2899241944329268
W017,px300,rgb,miou,0.8472771935411146
W017,px300,rgb,n_gt,13.090909090909092
W017,px300,rgb,n_pred,34.18181818181818
W017,px300,rgb,n_reg,39.0
W018,frac0,depth,f1@0.5,0.4740853349549002
W018,frac0,depth,f1@0.75,0.3613337387250431
W018,frac0,depth,miou,0.4424709163446413
W018,frac0,depth,n_gt,14.4
W018,frac0,depth,n_pred,8.9
W018,frac0,depth,n_reg,8.9
W018,frac0,normal,f1@0.5,0.4557619675010979
W018,frac0,normal,f1@0.75,0.2590770019030888
W018,frac0,normal,miou,0.4998451174455462
W018,frac0,normal,n_gt,14.4
W018,frac0,normal,n_pred,9.9
W018,frac0,normal,n_reg,9.9
W018,frac0,rgb,f1@0.5,0.2929900525006908
W018,frac0,rgb,f1@0.75,0.1674590652508585
W018,frac0,rgb,miou,0.6108153516303838
W018,frac0,rgb,n_gt,14.4
W018,frac0,rgb,n_pred,33.4
W018,frac0,rgb,n_reg,33.4
W018,frac0.001,depth,f1@0.5,0.4876984126984126
W018,frac0.001,depth,f1@0.75,0.3696608946608947
W018,frac0.001,depth,miou,0.4424709163446413
W018,frac0.001,depth,n_gt,13.5
W018,frac0.001,depth,n_pred,8.8
W018,frac0.001,depth,n_reg,8.9
W018,frac0.001,normal,f1@0.5,0.4758498023715415
W018,frac0.001,normal,f1@0.75,0.270798418972332
W018,frac0.001,normal,miou,0.4998451174455462
W018,frac0.001,normal,n_gt,13.5
W018,frac0.001,normal,n_pred,9.9
W018,frac0.001,normal,n_reg,9.9
W018,frac0.001,rgb,f1@0.5,0.3063816371725715
W018,frac0.001,rgb,f1@0.75,0.1727598837589587
W018,frac0.001,rgb,miou,0.6108153516303838
W018,frac0.001,rgb,n_gt,13.5
W018,frac0.001,rgb,n_pred,31.6
W018,frac0.001,rgb,n_reg,33.4
W018,frac0.005,depth,f1@0.5,0.4622504587439303
W018,frac0.005,depth,f1@0.75,0.3635513219225697
W018,frac0.005,depth,miou,0.4424709163446413
W018,frac0.005,depth,n_gt,12.6
W018,frac0.005,depth,n_pred,7.8
W018,frac0.005,depth,n_reg,8.9
W018,frac0.005,normal,f1@0.5,0.4818697930597244
W018,frac0.005,normal,f1@0.75,0.2898315947972699
W018,frac0.005,normal,miou,0.4998451174455462
W018,frac0.005,normal,n_gt,12.6
W018,frac0.005,normal,n_pred,8.6
W018,frac0.005,normal,n_reg,9.9
W018,frac0.005,rgb,f1@0.5,0.3813882488479262
W018,frac0.005,rgb,f1@0.75,0.219615975422427
W018,frac0.005,rgb,miou,0.6108153516303838
W018,frac0.005,rgb,n_gt,12.6
W018,frac0.005,rgb,n_pred,19.3
W018,frac0.005,rgb,n_reg,33.4
W018,px300,depth,f1@0.5,0.4876984126984126
W018,px300,depth,f1@0.75,0.3696608946608947
W018,px300,depth,miou,0.4424709163446413
W018,px300,depth,n_gt,13.5
W018,px300,depth,n_pred,8.8
W018,px300,depth,n_reg,8.9
W018,px300,normal,f1@0.5,0.4691831357048748
W018,px300,normal,f1@0.75,0.2714650856389987
W018,px300,normal,miou,0.4998451174455462
W018,px300,normal,n_gt,13.5
W018,px300,normal,n_pred,9.8
W018,px300,normal,n_reg,9.9
W018,px300,rgb,f1@0.5,0.3077216328742693
W018,px300,rgb,f1@0.75,0.1735185340920771
W018,px300,rgb,miou,0.6108153516303838
W018,px300,rgb,n_gt,13.5
W018,px300,rgb,n_pred,31.4
W018,px300,rgb,n_reg,33.4
W019,frac0,depth,f1@0.5,0.1968008700662133
W019,frac0,depth,f1@0.75,0.1132808676379974
W019,frac0,depth,miou,0.2919820067162595
W019,frac0,depth,n_gt,11.235294117647058
W019,frac0,depth,n_pred,6.588235294117647
W019,frac0,depth,n_reg,6.588235294117647
W019,frac0,normal,f1@0.5,0.3333734422561594
W019,frac0,normal,f1@0.75,0.2232723533169717
W019,frac0,normal,miou,0.4110498790358684
W019,frac0,normal,n_gt,11.235294117647058
W019,frac0,normal,n_pred,6.823529411764706
W019,frac0,normal,n_reg,6.823529411764706
W019,frac0,rgb,f1@0.5,0.309795970039051
W019,frac0,rgb,f1@0.75,0.171323713033314
W019,frac0,rgb,miou,0.6962922638232928
W019,frac0,rgb,n_gt,11.235294117647058
W019,frac0,rgb,n_pred,24.11764705882353
W019,frac0,rgb,n_reg,24.11764705882353
W019,frac0.001,depth,f1@0.5,0.2232139493885988
W019,frac0.001,depth,f1@0.75,0.1271540909767098
W019,frac0.001,depth,miou,0.2919820067162595
W019,frac0.001,depth,n_gt,9.470588235294118
W019,frac0.001,depth,n_pred,6.294117647058823
W019,frac0.001,depth,n_reg,6.588235294117647
W019,frac0.001,normal,f1@0.5,0.3709702345652081
W019,frac0.001,normal,f1@0.75,0.2480096746168499
W019,frac0.001,normal,miou,0.4110498790358684
W019,frac0.001,normal,n_gt,9.470588235294118
W019,frac0.001,normal,n_pred,6.705882352941177
W019,frac0.001,normal,n_reg,6.823529411764706
W019,frac0.001,rgb,f1@0.5,0.3332415547623708
W019,frac0.001,rgb,f1@0.75,0.1830747289198285
W019,frac0.001,rgb,miou,0.6962922638232928
W019,frac0.001,rgb,n_gt,9.470588235294118
W019,frac0.001,rgb,n_pred,23.529411764705884
W019,frac0.001,rgb,n_reg,24.11764705882353
W019,frac0.005,depth,f1@0.5,0.1899962782315723
W019,frac0.005,depth,f1@0.75,0.141256782433253
W019,frac0.005,depth,miou,0.2919820067162595
W019,frac0.005,depth,n_gt,8.235294117647058
W019,frac0.005,depth,n_pred,5.235294117647059
W019,frac0.005,depth,n_reg,6.588235294117647
W019,frac0.005,normal,f1@0.5,0.3919112894026388
W019,frac0.005,normal,f1@0.75,0.2765266740180235
W019,frac0.005,normal,miou,0.4110498790358684
W019,frac0.005,normal,n_gt,8.235294117647058
W019,frac0.005,normal,n_pred,6.294117647058823
W019,frac0.005,normal,n_reg,6.823529411764706
W019,frac0.005,rgb,f1@0.5,0.3667793568560832
W019,frac0.005,rgb,f1@0.75,0.2374246346624863
W019,frac0.005,rgb,miou,0.6962922638232928
W019,frac0.005,rgb,n_gt,8.235294117647058
W019,frac0.005,rgb,n_pred,16.823529411764707
W019,frac0.005,rgb,n_reg,24.11764705882353
W019,px300,depth,f1@0.5,0.2232139493885988
W019,px300,depth,f1@0.75,0.1271540909767098
W019,px300,depth,miou,0.2919820067162595
W019,px300,depth,n_gt,9.470588235294118
W019,px300,depth,n_pred,6.294117647058823
W019,px300,depth,n_reg,6.588235294117647
W019,px300,normal,f1@0.5,0.3709702345652081
W019,px300,normal,f1@0.75,0.2480096746168499
W019,px300,normal,miou,0.4110498790358684
W019,px300,normal,n_gt,9.470588235294118
W019,px300,normal,n_pred,6.705882352941177
W019,px300,normal,n_reg,6.823529411764706
W019,px300,rgb,f1@0.5,0.3355849948898154
W019,px300,rgb,f1@0.75,0.1846192013007936
W019,px300,rgb,miou,0.6962922638232928
W019,px300,rgb,n_gt,9.470588235294118
W019,px300,rgb,n_pred,23.294117647058822
W019,px300,rgb,n_reg,24.11764705882353
W020,frac0,depth,f1@0.5,0.2410010646388355
W020,frac0,depth,f1@0.75,0.1260231661470051
W020,frac0,depth,miou,0.1881983337946372
W020,frac0,depth,n_gt,12.238095238095235
W020,frac0,depth,n_pred,4.761904761904762
W020,frac0,depth,n_reg,4.761904761904762
W020,frac0,normal,f1@0.5,0.169341497958597
W020,frac0,normal,f1@0.75,0.1330850295592714
W020,frac0,normal,miou,0.1769391025229827
W020,frac0,normal,n_gt,12.238095238095235
W020,frac0,normal,n_pred,3.4285714285714284
W020,frac0,normal,n_reg,3.4285714285714284
W020,frac0,rgb,f1@0.5,0.2898748802673208
W020,frac0,rgb,f1@0.75,0.2107142952324266
W020,frac0,rgb,miou,0.6125415362990864
W020,frac0,rgb,n_gt,12.238095238095235
W020,frac0,rgb,n_pred,20.38095238095238
W020,frac0,rgb,n_reg,20.38095238095238
W020,frac0.001,depth,f1@0.5,0.2723320232276446
W020,frac0.001,depth,f1@0.75,0.1453915034299819
W020,frac0.001,depth,miou,0.1881983337946372
W020,frac0.001,depth,n_gt,10.095238095238097
W020,frac0.001,depth,n_pred,4.523809523809524
W020,frac0.001,depth,n_reg,4.761904761904762
W020,frac0.001,normal,f1@0.5,0.1932817182817182
W020,frac0.001,normal,f1@0.75,0.1498905856048713
W020,frac0.001,normal,miou,0.1769391025229827
W020,frac0.001,normal,n_gt,10.095238095238097
W020,frac0.001,normal,n_pred,3.2857142857142856
W020,frac0.001,normal,n_reg,3.4285714285714284
W020,frac0.001,rgb,f1@0.5,0.324741402281722
W020,frac0.001,rgb,f1@0.75,0.2363300988570439
W020,frac0.001,rgb,miou,0.6125415362990864
W020,frac0.001,rgb,n_gt,10.095238095238097
W020,frac0.001,rgb,n_pred,18.761904761904763
W020,frac0.001,rgb,n_reg,20.38095238095238
W020,frac0.005,depth,f1@0.5,0.2216060394631823
W020,frac0.005,depth,f1@0.75,0.1626665662379948
W020,frac0.005,depth,miou,0.1881983337946372
W020,frac0.005,depth,n_gt,8.80952380952381
W020,frac0.005,depth,n_pred,3.809523809523809
W020,frac0.005,depth,n_reg,4.761904761904762
W020,frac0.005,normal,f1@0.5,0.2192833621405049
W020,frac0.005,normal,f1@0.75,0.1764983693555122
W020,frac0.005,normal,miou,0.1769391025229827
W020,frac0.005,normal,n_gt,8.80952380952381
W020,frac0.005,normal,n_pred,2.571428571428572
W020,frac0.005,normal,n_reg,3.4285714285714284
W020,frac0.005,rgb,f1@0.5,0.3548215236871661
W020,frac0.005,rgb,f1@0.75,0.2785484110165378
W020,frac0.005,rgb,miou,0.6125415362990864
W020,frac0.005,rgb,n_gt,8.80952380952381
W020,frac0.005,rgb,n_pred,13.523809523809524
W020,frac0.005,rgb,n_reg,20.38095238095238
W020,px300,depth,f1@0.5,0.2732390527061027
W020,px300,depth,f1@0.75,0.145845018169211
W020,px300,depth,miou,0.1881983337946372
W020,px300,depth,n_gt,10.095238095238097
W020,px300,depth,n_pred,4.476190476190476
W020,px300,depth,n_reg,4.761904761904762
W020,px300,normal,f1@0.5,0.1932817182817182
W020,px300,normal,f1@0.75,0.1498905856048713
W020,px300,normal,miou,0.1769391025229827
W020,px300,normal,n_gt,10.095238095238097
W020,px300,normal,n_pred,3.2857142857142856
W020,px300,normal,n_reg,3.4285714285714284
W020,px300,rgb,f1@0.5,0.3244281892155997
W020,px300,rgb,f1@0.75,0.2383667109364917
W020,px300,rgb,miou,0.6125415362990864
W020,px300,rgb,n_gt,10.095238095238097
W020,px300,rgb,n_pred,18.52380952380953
W020,px300,rgb,n_reg,20.38095238095238
W021,frac0,depth,f1@0.5,0.265048726194126
W021,frac0,depth,f1@0.75,0.1919923370657386
W021,frac0,depth,miou,0.3940615503634724
W021,frac0,depth,n_gt,12.565217391304348
W021,frac0,depth,n_pred,9.869565217391305
W021,frac0,depth,n_reg,9.869565217391305
W021,frac0,normal,f1@0.5,0.26841049025321
W021,frac0,normal,f1@0.75,0.2194939213373141
W021,frac0,normal,miou,0.2917742478222233
W021,frac0,normal,n_gt,12.565217391304348
W021,frac0,normal,n_pred,5.0
W021,frac0,normal,n_reg,5.0
W021,frac0,rgb,f1@0.5,0.2658339316211071
W021,frac0,rgb,f1@0.75,0.1863792516081748
W021,frac0,rgb,miou,0.6622248431841762
W021,frac0,rgb,n_gt,12.565217391304348
W021,frac0,rgb,n_pred,24.0
W021,frac0,rgb,n_reg,24.0
W021,frac0.001,depth,f1@0.5,0.3025641683065293
W021,frac0.001,depth,f1@0.75,0.216918041053187
W021,frac0.001,depth,miou,0.3940615503634724
W021,frac0.001,depth,n_gt,10.173913043478262
W021,frac0.001,depth,n_pred,9.304347826086955
W021,frac0.001,depth,n_reg,9.869565217391305
W021,frac0.001,normal,f1@0.5,0.3100275896311702
W021,frac0.001,normal,f1@0.75,0.2541548391932023
W021,frac0.001,normal,miou,0.2917742478222233
W021,frac0.001,normal,n_gt,10.173913043478262
W021,frac0.001,normal,n_pred,4.652173913043479
W021,frac0.001,normal,n_reg,5.0
W021,frac0.001,rgb,f1@0.5,0.3097016712673424
W021,frac0.001,rgb,f1@0.75,0.218130529585855
W021,frac0.001,rgb,miou,0.6622248431841762
W021,frac0.001,rgb,n_gt,10.173913043478262
W021,frac0.001,rgb,n_pred,21.47826086956522
W021,frac0.001,rgb,n_reg,24.0
W021,frac0.005,depth,f1@0.5,0.3007336115224122
W021,frac0.005,depth,f1@0.75,0.234530967230523
W021,frac0.005,depth,miou,0.3940615503634724
W021,frac0.005,depth,n_gt,8.956521739130435
W021,frac0.005,depth,n_pred,8.782608695652174
W021,frac0.005,depth,n_reg,9.869565217391305
W021,frac0.005,normal,f1@0.5,0.3415620611272785
W021,frac0.005,normal,f1@0.75,0.2797253471166514
W021,frac0.005,normal,miou,0.2917742478222233
W021,frac0.005,normal,n_gt,8.956521739130435
W021,frac0.005,normal,n_pred,4.565217391304348
W021,frac0.005,normal,n_reg,5.0
W021,frac0.005,rgb,f1@0.5,0.380970793541682
W021,frac0.005,rgb,f1@0.75,0.2817641967358413
W021,frac0.005,rgb,miou,0.6622248431841762
W021,frac0.005,rgb,n_gt,8.956521739130435
W021,frac0.005,rgb,n_pred,15.0
W021,frac0.005,rgb,n_reg,24.0
W021,px300,depth,f1@0.5,0.3025641683065293
W021,px300,depth,f1@0.75,0.216918041053187
W021,px300,depth,miou,0.3940615503634724
W021,px300,depth,n_gt,10.173913043478262
W021,px300,depth,n_pred,9.304347826086955
W021,px300,depth,n_reg,9.869565217391305
W021,px300,normal,f1@0.5,0.3100275896311702
W021,px300,normal,f1@0.75,0.2541548391932023
W021,px300,normal,miou,0.2917742478222233
W021,px300,normal,n_gt,10.173913043478262
W021,px300,normal,n_pred,4.652173913043479
W021,px300,normal,n_reg,5.0
W021,px300,rgb,f1@0.5,0.3126478312653133
W021,px300,rgb,f1@0.75,0.2205899697948621
W021,px300,rgb,miou,0.6622248431841762
W021,px300,rgb,n_gt,10.173913043478262
W021,px300,rgb,n_pred,21.17391304347826
W021,px300,rgb,n_reg,24.0
W022,frac0,depth,f1@0.5,0.3279049372284772
W022,frac0,depth,f1@0.75,0.1890813816341053
W022,frac0,depth,miou,0.4792713156369548
W022,frac0,depth,n_gt,14.583333333333334
W022,frac0,depth,n_pred,9.916666666666666
W022,frac0,depth,n_reg,9.916666666666666
W022,frac0,normal,f1@0.5,0.4100075325872785
W022,frac0,normal,f1@0.75,0.2974965335506608
W022,frac0,normal,miou,0.4836000567615523
W022,frac0,normal,n_gt,14.583333333333334
W022,frac0,normal,n_pred,6.541666666666667
W022,frac0,normal,n_reg,6.541666666666667
W022,frac0,rgb,f1@0.5,0.2827186280426202
W022,frac0,rgb,f1@0.75,0.2198273018410168
W022,frac0,rgb,miou,0.6440797442875742
W022,frac0,rgb,n_gt,14.583333333333334
W022,frac0,rgb,n_pred,20.125
W022,frac0,rgb,n_reg,20.125
W022,frac0.001,depth,f1@0.5,0.4011664966589923
W022,frac0.001,depth,f1@0.75,0.2346734300763275
W022,frac0.001,depth,miou,0.4792713156369548
W022,frac0.001,depth,n_gt,10.958333333333334
W022,frac0.001,depth,n_pred,8.708333333333334
W022,frac0.001,depth,n_reg,9.916666666666666
W022,frac0.001,normal,f1@0.5,0.4815007368063802
W022,frac0.001,normal,f1@0.75,0.3510480743587487
W022,frac0.001,normal,miou,0.4836000567615523
W022,frac0.001,normal,n_gt,10.958333333333334
W022,frac0.001,normal,n_pred,6.25
W022,frac0.001,normal,n_reg,6.541666666666667
W022,frac0.001,rgb,f1@0.5,0.3413090582202925
W022,frac0.001,rgb,f1@0.75,0.2667197097046269
W022,frac0.001,rgb,miou,0.6440797442875742
W022,frac0.001,rgb,n_gt,10.958333333333334
W022,frac0.001,rgb,n_pred,17.458333333333332
W022,frac0.001,rgb,n_reg,20.125
W022,frac0.005,depth,f1@0.5,0.4341199238354811
W022,frac0.005,depth,f1@0.75,0.2594594009648189
W022,frac0.005,depth,miou,0.4792713156369548
W022,frac0.005,depth,n_gt,9.333333333333334
W022,frac0.005,depth,n_pred,8.458333333333334
W022,frac0.005,depth,n_reg,9.916666666666666
W022,frac0.005,normal,f1@0.5,0.5334720970750383
W022,frac0.005,normal,f1@0.75,0.3969718530380295
W022,frac0.005,normal,miou,0.4836000567615523
W022,frac0.005,normal,n_gt,9.333333333333334
W022,frac0.005,normal,n_pred,5.583333333333333
W022,frac0.005,normal,n_reg,6.541666666666667
W022,frac0.005,rgb,f1@0.5,0.4027249847530179
W022,frac0.005,rgb,f1@0.75,0.3176555415816388
W022,frac0.005,rgb,miou,0.6440797442875742
W022,frac0.005,rgb,n_gt,9.333333333333334
W022,frac0.005,rgb,n_pred,14.208333333333334
W022,frac0.005,rgb,n_reg,20.125
W022,px300,depth,f1@0.5,0.4031545448426926
W022,px300,depth,f1@0.75,0.2358478293485528
W022,px300,depth,miou,0.4792713156369548
W022,px300,depth,n_gt,10.875
W022,px300,depth,n_pred,8.708333333333334
W022,px300,depth,n_reg,9.916666666666666
W022,px300,normal,f1@0.5,0.4842297816406882
W022,px300,normal,f1@0.75,0.3524125967759027
W022,px300,normal,miou,0.4836000567615523
W022,px300,normal,n_gt,10.875
W022,px300,normal,n_pred,6.208333333333333
W022,px300,normal,n_reg,6.541666666666667
W022,px300,rgb,f1@0.5,0.3443784351859451
W022,px300,rgb,f1@0.75,0.269395862229868
W022,px300,rgb,miou,0.6440797442875742
W022,px300,rgb,n_gt,10.875
W022,px300,rgb,n_pred,17.291666666666668
W022,px300,rgb,n_reg,20.125
W023,frac0,depth,f1@0.5,0.3456273495072711
W023,frac0,depth,f1@0.75,0.1974542444196032
W023,frac0,depth,miou,0.4936661330276279
W023,frac0,depth,n_gt,17.68421052631579
W023,frac0,depth,n_pred,11.68421052631579
W023,frac0,depth,n_reg,11.68421052631579
W023,frac0,normal,f1@0.5,0.3654035369142875
W023,frac0,normal,f1@0.75,0.2948942162940788
W023,frac0,normal,miou,0.4968478426718833
W023,frac0,normal,n_gt,17.68421052631579
W023,frac0,normal,n_pred,8.31578947368421
W023,frac0,normal,n_reg,8.31578947368421
W023,frac0,rgb,f1@0.5,0.3541195046698721
W023,frac0,rgb,f1@0.75,0.2027902592043868
W023,frac0,rgb,miou,0.7273275469721339
W023,frac0,rgb,n_gt,17.68421052631579
W023,frac0,rgb,n_pred,20.73684210526316
W023,frac0,rgb,n_reg,20.73684210526316
W023,frac0.001,depth,f1@0.5,0.4160392250142112
W023,frac0.001,depth,f1@0.75,0.2419298580199708
W023,frac0.001,depth,miou,0.4936661330276279
W023,frac0.001,depth,n_gt,13.36842105263158
W023,frac0.001,depth,n_pred,10.526315789473683
W023,frac0.001,depth,n_reg,11.68421052631579
W023,frac0.001,normal,f1@0.5,0.433835967528963
W023,frac0.001,normal,f1@0.75,0.3543280103365402
W023,frac0.001,normal,miou,0.4968478426718833
W023,frac0.001,normal,n_gt,13.36842105263158
W023,frac0.001,normal,n_pred,8.0
W023,frac0.001,normal,n_reg,8.31578947368421
W023,frac0.001,rgb,f1@0.5,0.4123283223834015
W023,frac0.001,rgb,f1@0.75,0.2393214193145056
W023,frac0.001,rgb,miou,0.7273275469721339
W023,frac0.001,rgb,n_gt,13.36842105263158
W023,frac0.001,rgb,n_pred,18.94736842105263
W023,frac0.001,rgb,n_reg,20.73684210526316
W023,frac0.005,depth,f1@0.5,0.4500427617132422
W023,frac0.005,depth,f1@0.75,0.2772362394788024
W023,frac0.005,depth,miou,0.4936661330276279
W023,frac0.005,depth,n_gt,11.63157894736842
W023,frac0.005,depth,n_pred,8.947368421052632
W023,frac0.005,depth,n_reg,11.68421052631579
W023,frac0.005,normal,f1@0.5,0.4802940610621746
W023,frac0.005,normal,f1@0.75,0.4078612617971177
W023,frac0.005,normal,miou,0.4968478426718833
W023,frac0.005,normal,n_gt,11.63157894736842
W023,frac0.005,normal,n_pred,6.789473684210527
W023,frac0.005,normal,n_reg,8.31578947368421
W023,frac0.005,rgb,f1@0.5,0.4652309493145631
W023,frac0.005,rgb,f1@0.75,0.2858721113940731
W023,frac0.005,rgb,miou,0.7273275469721339
W023,frac0.005,rgb,n_gt,11.63157894736842
W023,frac0.005,rgb,n_pred,14.473684210526317
W023,frac0.005,rgb,n_reg,20.73684210526316
W023,px300,depth,f1@0.5,0.4171369627709878
W023,px300,depth,f1@0.75,0.2445843270359959
W023,px300,depth,miou,0.4936661330276279
W023,px300,depth,n_gt,13.31578947368421
W023,px300,depth,n_pred,10.263157894736842
W023,px300,depth,n_reg,11.68421052631579
W023,px300,normal,f1@0.5,0.4314561048287341
W023,px300,normal,f1@0.75,0.3556018471023678
W023,px300,normal,miou,0.4968478426718833
W023,px300,normal,n_gt,13.31578947368421
W023,px300,normal,n_pred,7.947368421052632
W023,px300,normal,n_reg,8.31578947368421
W023,px300,rgb,f1@0.5,0.4140849933269715
W023,px300,rgb,f1@0.75,0.2417330985063706
W023,px300,rgb,miou,0.7273275469721339
W023,px300,rgb,n_gt,13.31578947368421
W023,px300,rgb,n_pred,18.63157894736842
W023,px300,rgb,n_reg,20.73684210526316
W024,frac0,depth,f1@0.5,0.3409623243527064
W024,frac0,depth,f1@0.75,0.2156078852939062
W024,frac0,depth,miou,0.5200358469113406
W024,frac0,depth,n_gt,18.916666666666668
W024,frac0,depth,n_pred,10.333333333333334
W024,frac0,depth,n_reg,10.333333333333334
W024,frac0,normal,f1@0.5,0.3722714918117216
W024,frac0,normal,f1@0.75,0.2498953366769458
W024,frac0,normal,miou,0.5587353557477234
W024,frac0,normal,n_gt,18.916666666666668
W024,frac0,normal,n_pred,10.5
W024,frac0,normal,n_reg,10.5
W024,frac0,rgb,f1@0.5,0.3422396887149761
W024,frac0,rgb,f1@0.75,0.219699110422195
W024,frac0,rgb,miou,0.7881974018216789
W024,frac0,rgb,n_gt,18.916666666666668
W024,frac0,rgb,n_pred,26.83333333333333
W024,frac0,rgb,n_reg,26.83333333333333
W024,frac0.001,depth,f1@0.5,0.4403927456559035
W024,frac0.001,depth,f1@0.75,0.2788993787239401
W024,frac0.001,depth,miou,0.5200358469113406
W024,frac0.001,depth,n_gt,14.5
W024,frac0.001,depth,n_pred,8.333333333333334
W024,frac0.001,depth,n_reg,10.333333333333334
W024,frac0.001,normal,f1@0.5,0.4552284108805848
W024,frac0.001,normal,f1@0.75,0.3021749037328747
W024,frac0.001,normal,miou,0.5587353557477234
W024,frac0.001,normal,n_gt,14.5
W024,frac0.001,normal,n_pred,9.666666666666666
W024,frac0.001,normal,n_reg,10.5
W024,frac0.001,rgb,f1@0.5,0.3989345590901066
W024,frac0.001,rgb,f1@0.75,0.2599077295820185
W024,frac0.001,rgb,miou,0.7881974018216789
W024,frac0.001,rgb,n_gt,14.5
W024,frac0.001,rgb,n_pred,24.0
W024,frac0.001,rgb,n_reg,26.83333333333333
W024,frac0.005,depth,f1@0.5,0.5165057047019626
W024,frac0.005,depth,f1@0.75,0.3260994376716546
W024,frac0.005,depth,miou,0.5200358469113406
W024,frac0.005,depth,n_gt,12.0
W024,frac0.005,depth,n_pred,7.666666666666667
W024,frac0.005,depth,n_reg,10.333333333333334
W024,frac0.005,normal,f1@0.5,0.5169042500850282
W024,frac0.005,normal,f1@0.75,0.3535038518562546
W024,frac0.005,normal,miou,0.5587353557477234
W024,frac0.005,normal,n_gt,12.0
W024,frac0.005,normal,n_pred,8.75
W024,frac0.005,normal,n_reg,10.5
W024,frac0.005,rgb,f1@0.5,0.4768631016139822
W024,frac0.005,rgb,f1@0.75,0.2984074015219732
W024,frac0.005,rgb,miou,0.7881974018216789
W024,frac0.005,rgb,n_gt,12.0
W024,frac0.005,rgb,n_pred,18.33333333333333
W024,frac0.005,rgb,n_reg,26.83333333333333
W024,px300,depth,f1@0.5,0.4477487424855846
W024,px300,depth,f1@0.75,0.2834699218909745
W024,px300,depth,miou,0.5200358469113406
W024,px300,depth,n_gt,14.166666666666666
W024,px300,depth,n_pred,8.333333333333334
W024,px300,depth,n_reg,10.333333333333334
W024,px300,normal,f1@0.5,0.4631393606393606
W024,px300,normal,f1@0.75,0.307531635031635
W024,px300,normal,miou,0.5587353557477234
W024,px300,normal,n_gt,14.166666666666666
W024,px300,normal,n_pred,9.583333333333334
W024,px300,normal,n_reg,10.5
W024,px300,rgb,f1@0.5,0.4057860770539642
W024,px300,rgb,f1@0.75,0.264673050141235
W024,px300,rgb,miou,0.7881974018216789
W024,px300,rgb,n_gt,14.166666666666666
W024,px300,rgb,n_pred,23.666666666666668
W024,px300,rgb,n_reg,26.83333333333333
W025,frac0,depth,f1@0.5,0.6094648677028539
W025,frac0,depth,f1@0.75,0.3948587707741025
W025,frac0,depth,miou,0.7055326689739476
W025,frac0,depth,n_gt,10.5
W025,frac0,depth,n_pred,10.916666666666666
W025,frac0,depth,n_reg,10.916666666666666
W025,frac0,normal,f1@0.5,0.6014292953423388
W025,frac0,normal,f1@0.75,0.3757490939012678
W025,frac0,normal,miou,0.7129806789146986
W025,frac0,normal,n_gt,10.5
W025,frac0,normal,n_pred,12.333333333333334
W025,frac0,normal,n_reg,12.333333333333334
W025,frac0,rgb,f1@0.5,0.6685508908697315
W025,frac0,rgb,f1@0.75,0.537457848110022
W025,frac0,rgb,miou,0.8256745994424284
W025,frac0,rgb,n_gt,10.5
W025,frac0,rgb,n_pred,14.166666666666666
W025,frac0,rgb,n_reg,14.166666666666666
W025,frac0.001,depth,f1@0.5,0.635761752867016
W025,frac0.001,depth,f1@0.75,0.4111237690185058
W025,frac0.001,depth,miou,0.7055326689739476
W025,frac0.001,depth,n_gt,9.916666666666666
W025,frac0.001,depth,n_pred,10.5
W025,frac0.001,depth,n_reg,10.916666666666666
W025,frac0.001,normal,f1@0.5,0.6589316671124451
W025,frac0.001,normal,f1@0.75,0.4136174593268415
W025,frac0.001,normal,miou,0.7129806789146986
W025,frac0.001,normal,n_gt,9.916666666666666
W025,frac0.001,normal,n_pred,10.916666666666666
W025,frac0.001,normal,n_reg,12.333333333333334
W025,frac0.001,rgb,f1@0.5,0.7259750997794475
W025,frac0.001,rgb,f1@0.75,0.5844382308512743
W025,frac0.001,rgb,miou,0.8256745994424284
W025,frac0.001,rgb,n_gt,9.916666666666666
W025,frac0.001,rgb,n_pred,12.833333333333334
W025,frac0.001,rgb,n_reg,14.166666666666666
W025,frac0.005,depth,f1@0.5,0.6577260702260702
W025,frac0.005,depth,f1@0.75,0.4352869231158704
W025,frac0.005,depth,miou,0.7055326689739476
W025,frac0.005,depth,n_gt,9.333333333333334
W025,frac0.005,depth,n_pred,9.5
W025,frac0.005,depth,n_reg,10.916666666666666
W025,frac0.005,normal,f1@0.5,0.6757487152223994
W025,frac0.005,normal,f1@0.75,0.4295384926963874
W025,frac0.005,normal,miou,0.7129806789146986
W025,frac0.005,normal,n_gt,9.333333333333334
W025,frac0.005,normal,n_pred,10.5
W025,frac0.005,normal,n_reg,12.333333333333334
W025,frac0.005,rgb,f1@0.5,0.7561693374851269
W025,frac0.005,rgb,f1@0.75,0.6159316219842536
W025,frac0.005,rgb,miou,0.8256745994424284
W025,frac0.005,rgb,n_gt,9.333333333333334
W025,frac0.005,rgb,n_pred,11.25
W025,frac0.005,rgb,n_reg,14.166666666666666
W025,px300,depth,f1@0.5,0.6415540112908534
W025,px300,depth,f1@0.75,0.4155445431761221
W025,px300,depth,miou,0.7055326689739476
W025,px300,depth,n_gt,9.916666666666666
W025,px300,depth,n_pred,10.333333333333334
W025,px300,depth,n_reg,10.916666666666666
W025,px300,normal,f1@0.5,0.6652182168200474
W025,px300,normal,f1@0.75,0.4191103582407929
W025,px300,normal,miou,0.7129806789146986
W025,px300,normal,n_gt,9.916666666666666
W025,px300,normal,n_pred,10.75
W025,px300,normal,n_reg,12.333333333333334
W025,px300,rgb,f1@0.5,0.7352105979451516
W025,px300,rgb,f1@0.75,0.5912623563824937
W025,px300,rgb,miou,0.8256745994424284
W025,px300,rgb,n_gt,9.916666666666666
W025,px300,rgb,n_pred,12.583333333333334
W025,px300,rgb,n_reg,14.166666666666666
W026,frac0,depth,f1@0.5,0.7276218323586744
W026,frac0,depth,f1@0.75,0.5725427129916294
W026,frac0,depth,miou,0.7123970493375833
W026,frac0,depth,n_gt,10.066666666666666
W026,frac0,depth,n_pred,8.4
W026,frac0,depth,n_reg,8.4
W026,frac0,normal,f1@0.5,0.6647472215893269
W026,frac0,normal,f1@0.75,0.4637386395281132
W026,frac0,normal,miou,0.6682979972000075
W026,frac0,normal,n_gt,10.066666666666666
W026,frac0,normal,n_pred,10.066666666666666
W026,frac0,normal,n_reg,10.066666666666666
W026,frac0,rgb,f1@0.5,0.5682290098891798
W026,frac0,rgb,f1@0.75,0.3445076082227506
W026,frac0,rgb,miou,0.7305407385745639
W026,frac0,rgb,n_gt,10.066666666666666
W026,frac0,rgb,n_pred,15.666666666666666
W026,frac0,rgb,n_reg,15.666666666666666
W026,frac0.001,depth,f1@0.5,0.7385471849558537
W026,frac0.001,depth,f1@0.75,0.5810761380575623
W026,frac0.001,depth,miou,0.7123970493375833
W026,frac0.001,depth,n_gt,9.8
W026,frac0.001,depth,n_pred,8.4
W026,frac0.001,depth,n_reg,8.4
W026,frac0.001,normal,f1@0.5,0.7090802168820745
W026,frac0.001,normal,f1@0.75,0.4952017298147329
W026,frac0.001,normal,miou,0.6682979972000075
W026,frac0.001,normal,n_gt,9.8
W026,frac0.001,normal,n_pred,9.133333333333333
W026,frac0.001,normal,n_reg,10.066666666666666
W026,frac0.001,rgb,f1@0.5,0.6389413510466142
W026,frac0.001,rgb,f1@0.75,0.3853854332801701
W026,frac0.001,rgb,miou,0.7305407385745639
W026,frac0.001,rgb,n_gt,9.8
W026,frac0.001,rgb,n_pred,13.133333333333333
W026,frac0.001,rgb,n_reg,15.666666666666666
W026,frac0.005,depth,f1@0.5,0.7482954495338396
W026,frac0.005,depth,f1@0.75,0.6001450080707047
W026,frac0.005,depth,miou,0.7123970493375833
W026,frac0.005,depth,n_gt,9.333333333333334
W026,frac0.005,depth,n_pred,7.866666666666666
W026,frac0.005,depth,n_reg,8.4
W026,frac0.005,normal,f1@0.5,0.7380449489737415
W026,frac0.005,normal,f1@0.75,0.5376459121660361
W026,frac0.005,normal,miou,0.6682979972000075
W026,frac0.005,normal,n_gt,9.333333333333334
W026,frac0.005,normal,n_pred,8.066666666666666
W026,frac0.005,normal,n_reg,10.066666666666666
W026,frac0.005,rgb,f1@0.5,0.6884395953975979
W026,frac0.005,rgb,f1@0.75,0.4231151778928061
W026,frac0.005,rgb,miou,0.7305407385745639
W026,frac0.005,rgb,n_gt,9.333333333333334
W026,frac0.005,rgb,n_pred,10.8
W026,frac0.005,rgb,n_reg,15.666666666666666
W026,px300,depth,f1@0.5,0.7437759431257883
W026,px300,depth,f1@0.75,0.5863048962274969
W026,px300,depth,miou,0.7123970493375833
W026,px300,depth,n_gt,9.8
W026,px300,depth,n_pred,8.266666666666667
W026,px300,depth,n_reg,8.4
W026,px300,normal,f1@0.5,0.7160203613609186
W026,px300,normal,f1@0.75,0.5004597277507494
W026,px300,normal,miou,0.6682979972000075
W026,px300,normal,n_gt,9.8
W026,px300,normal,n_pred,8.933333333333334
W026,px300,normal,n_reg,10.066666666666666
W026,px300,rgb,f1@0.5,0.6507502413680903
W026,px300,rgb,f1@0.75,0.3933607421479275
W026,px300,rgb,miou,0.7305407385745639
W026,px300,rgb,n_gt,9.8
W026,px300,rgb,n_pred,12.733333333333333
W026,px300,rgb,n_reg,15.666666666666666
W027,frac0,depth,f1@0.5,0.6822152057704174
W027,frac0,depth,f1@0.75,0.4653736738360061
W027,frac0,depth,miou,0.6311760845541347
W027,frac0,depth,n_gt,9.38888888888889
W027,frac0,depth,n_pred,6.611111111111111
W027,frac0,depth,n_reg,6.611111111111111
W027,frac0,normal,f1@0.5,0.4713490561916774
W027,frac0,normal,f1@0.75,0.2731336784226361
W027,frac0,normal,miou,0.4358853960329968
W027,frac0,normal,n_gt,9.38888888888889
W027,frac0,normal,n_pred,5.444444444444445
W027,frac0,normal,n_reg,5.444444444444445
W027,frac0,rgb,f1@0.5,0.7418820712298974
W027,frac0,rgb,f1@0.75,0.5833497152337732
W027,frac0,rgb,miou,0.8099343748024279
W027,frac0,rgb,n_gt,9.38888888888889
W027,frac0,rgb,n_pred,9.555555555555555
W027,frac0,rgb,n_reg,9.555555555555555
W027,frac0.001,depth,f1@0.5,0.7070591784472073
W027,frac0.001,depth,f1@0.75,0.4809538142742477
W027,frac0.001,depth,miou,0.6311760845541347
W027,frac0.001,depth,n_gt,8.833333333333334
W027,frac0.001,depth,n_pred,6.611111111111111
W027,frac0.001,depth,n_reg,6.611111111111111
W027,frac0.001,normal,f1@0.5,0.4936223319737252
W027,frac0.001,normal,f1@0.75,0.2865783057862521
W027,frac0.001,normal,miou,0.4358853960329968
W027,frac0.001,normal,n_gt,8.833333333333334
W027,frac0.001,normal,n_pred,5.333333333333333
W027,frac0.001,normal,n_reg,5.444444444444445
W027,frac0.001,rgb,f1@0.5,0.7781428758545463
W027,frac0.001,rgb,f1@0.75,0.6104146326877067
W027,frac0.001,rgb,miou,0.8099343748024279
W027,frac0.001,rgb,n_gt,8.833333333333334
W027,frac0.001,rgb,n_pred,9.333333333333334
W027,frac0.001,rgb,n_reg,9.555555555555555
W027,frac0.005,depth,f1@0.5,0.7189173915180107
W027,frac0.005,depth,f1@0.75,0.4912583746949072
W027,frac0.005,depth,miou,0.6311760845541347
W027,frac0.005,depth,n_gt,8.055555555555555
W027,frac0.005,depth,n_pred,6.388888888888889
W027,frac0.005,depth,n_reg,6.611111111111111
W027,frac0.005,normal,f1@0.5,0.4927115635577968
W027,frac0.005,normal,f1@0.75,0.2858864103446146
W027,frac0.005,normal,miou,0.4358853960329968
W027,frac0.005,normal,n_gt,8.055555555555555
W027,frac0.005,normal,n_pred,4.944444444444445
W027,frac0.005,normal,n_reg,5.444444444444445
W027,frac0.005,rgb,f1@0.5,0.827978827540231
W027,frac0.005,rgb,f1@0.75,0.6475160966389036
W027,frac0.005,rgb,miou,0.8099343748024279
W027,frac0.005,rgb,n_gt,8.055555555555555
W027,frac0.005,rgb,n_pred,8.5
W027,frac0.005,rgb,n_reg,9.555555555555555
W027,px300,depth,f1@0.5,0.7058246105459728
W027,px300,depth,f1@0.75,0.4840402340273341
W027,px300,depth,miou,0.6311760845541347
W027,px300,depth,n_gt,8.722222222222221
W027,px300,depth,n_pred,6.611111111111111
W027,px300,depth,n_reg,6.611111111111111
W027,px300,normal,f1@0.5,0.4910638524415613
W027,px300,normal,f1@0.75,0.2884917904783746
W027,px300,normal,miou,0.4358853960329968
W027,px300,normal,n_gt,8.722222222222221
W027,px300,normal,n_pred,5.277777777777778
W027,px300,normal,n_reg,5.444444444444445
W027,px300,rgb,f1@0.5,0.7912294001729547
W027,px300,rgb,f1@0.75,0.6216052134435048
W027,px300,rgb,miou,0.8099343748024279
W027,px300,rgb,n_gt,8.722222222222221
W027,px300,rgb,n_pred,9.166666666666666
W027,px300,rgb,n_reg,9.555555555555555
W028,frac0,depth,f1@0.5,0.1594655344655344
W028,frac0,depth,f1@0.75,0.0393356643356643
W028,frac0,depth,miou,0.1575654526678807
W028,frac0,depth,n_gt,8.818181818181818
W028,frac0,depth,n_pred,1.818181818181818
W028,frac0,depth,n_reg,1.818181818181818
W028,frac0,normal,f1@0.5,0.468456795729523
W028,frac0,normal,f1@0.75,0.2718634900453082
W028,frac0,normal,miou,0.4345537526556564
W028,frac0,normal,n_gt,8.818181818181818
W028,frac0,normal,n_pred,3.727272727272727
W028,frac0,normal,n_reg,3.727272727272727
W028,frac0,rgb,f1@0.5,0.4235568702845591
W028,frac0,rgb,f1@0.75,0.2991510345743755
W028,frac0,rgb,miou,0.5762728219664252
W028,frac0,rgb,n_gt,8.818181818181818
W028,frac0,rgb,n_pred,10.181818181818182
W028,frac0,rgb,n_reg,10.181818181818182
W028,frac0.001,depth,f1@0.5,0.1804861804861804
W028,frac0.001,depth,f1@0.75,0.0419580419580419
W028,frac0.001,depth,miou,0.1575654526678807
W028,frac0.001,depth,n_gt,8.272727272727273
W028,frac0.001,depth,n_pred,1.4545454545454546
W028,frac0.001,depth,n_reg,1.818181818181818
W028,frac0.001,normal,f1@0.5,0.4886446886446886
W028,frac0.001,normal,f1@0.75,0.2874014874014874
W028,frac0.001,normal,miou,0.4345537526556564
W028,frac0.001,normal,n_gt,8.272727272727273
W028,frac0.001,normal,n_pred,3.4545454545454546
W028,frac0.001,normal,n_reg,3.727272727272727
W028,frac0.001,rgb,f1@0.5,0.4555785123966942
W028,frac0.001,rgb,f1@0.75,0.3240102321920504
W028,frac0.001,rgb,miou,0.5762728219664252
W028,frac0.001,rgb,n_gt,8.272727272727273
W028,frac0.001,rgb,n_pred,9.272727272727272
W028,frac0.001,rgb,n_reg,10.181818181818182
W028,frac0.005,depth,f1@0.5,0.1958041958041958
W028,frac0.005,depth,f1@0.75,0.0442890442890442
W028,frac0.005,depth,miou,0.1575654526678807
W028,frac0.005,depth,n_gt,7.545454545454546
W028,frac0.005,depth,n_pred,1.4545454545454546
W028,frac0.005,depth,n_reg,1.818181818181818
W028,frac0.005,normal,f1@0.5,0.5213120213120214
W028,frac0.005,normal,f1@0.75,0.3041403041403041
W028,frac0.005,normal,miou,0.4345537526556564
W028,frac0.005,normal,n_gt,7.545454545454546
W028,frac0.005,normal,n_pred,3.4545454545454546
W028,frac0.005,normal,n_reg,3.727272727272727
W028,frac0.005,rgb,f1@0.5,0.5455574728302001
W028,frac0.005,rgb,f1@0.75,0.3759028849937941
W028,frac0.005,rgb,miou,0.5762728219664252
W028,frac0.005,rgb,n_gt,7.545454545454546
W028,frac0.005,rgb,n_pred,5.818181818181818
W028,frac0.005,rgb,n_reg,10.181818181818182
W028,px300,depth,f1@0.5,0.1804861804861804
W028,px300,depth,f1@0.75,0.0419580419580419
W028,px300,depth,miou,0.1575654526678807
W028,px300,depth,n_gt,8.0
W028,px300,depth,n_pred,1.4545454545454546
W028,px300,depth,n_reg,1.818181818181818
W028,px300,normal,f1@0.5,0.4991341991341991
W028,px300,normal,f1@0.75,0.2920634920634921
W028,px300,normal,miou,0.4345537526556564
W028,px300,normal,n_gt,8.0
W028,px300,normal,n_pred,3.4545454545454546
W028,px300,normal,n_reg,3.727272727272727
W028,px300,rgb,f1@0.5,0.4698392516574335
W028,px300,rgb,f1@0.75,0.3325183907002089
W028,px300,rgb,miou,0.5762728219664252
W028,px300,rgb,n_gt,8.0
W028,px300,rgb,n_pred,9.181818181818182
W028,px300,rgb,n_reg,10.181818181818182
W029,frac0,depth,f1@0.5,0.6132367149758454
W029,frac0,depth,f1@0.75,0.4421842650103519
W029,frac0,depth,miou,0.6368449819218966
W029,frac0,depth,n_gt,12.1
W029,frac0,depth,n_pred,7.6
W029,frac0,depth,n_reg,7.6
W029,frac0,normal,f1@0.5,0.4200822167448854
W029,frac0,normal,f1@0.75,0.2876974987919515
W029,frac0,normal,miou,0.5827601569133555
W029,frac0,normal,n_gt,12.1
W029,frac0,normal,n_pred,12.1
W029,frac0,normal,n_reg,12.1
W029,frac0,rgb,f1@0.5,0.5536488329823245
W029,frac0,rgb,f1@0.75,0.4099665325187146
W029,frac0,rgb,miou,0.7458963374454404
W029,frac0,rgb,n_gt,12.1
W029,frac0,rgb,n_pred,17.3
W029,frac0,rgb,n_reg,17.3
W029,frac0.001,depth,f1@0.5,0.6871755368814192
W029,frac0.001,depth,f1@0.75,0.4965429505135387
W029,frac0.001,depth,miou,0.6368449819218966
W029,frac0.001,depth,n_gt,10.4
W029,frac0.001,depth,n_pred,7.1
W029,frac0.001,depth,n_reg,7.6
W029,frac0.001,normal,f1@0.5,0.4566749375719627
W029,frac0.001,normal,f1@0.75,0.3153107030269501
W029,frac0.001,normal,miou,0.5827601569133555
W029,frac0.001,normal,n_gt,10.4
W029,frac0.001,normal,n_pred,11.8
W029,frac0.001,normal,n_reg,12.1
W029,frac0.001,rgb,f1@0.5,0.6252772874141062
W029,frac0.001,rgb,f1@0.75,0.4633569382045467
W029,frac0.001,rgb,miou,0.7458963374454404
W029,frac0.001,rgb,n_gt,10.4
W029,frac0.001,rgb,n_pred,15.7
W029,frac0.001,rgb,n_reg,17.3
W029,frac0.005,depth,f1@0.5,0.7133212934296526
W029,frac0.005,depth,f1@0.75,0.5231673546611627
W029,frac0.005,depth,miou,0.6368449819218966
W029,frac0.005,depth,n_gt,9.6
W029,frac0.005,depth,n_pred,6.9
W029,frac0.005,depth,n_reg,7.6
W029,frac0.005,normal,f1@0.5,0.4979305681082501
W029,frac0.005,normal,f1@0.75,0.3573198341121345
W029,frac0.005,normal,miou,0.5827601569133555
W029,frac0.005,normal,n_gt,9.6
W029,frac0.005,normal,n_pred,8.9
W029,frac0.005,normal,n_reg,12.1
W029,frac0.005,rgb,f1@0.5,0.6988848108413326
W029,frac0.005,rgb,f1@0.75,0.5202286843591192
W029,frac0.005,rgb,miou,0.7458963374454404
W029,frac0.005,rgb,n_gt,9.6
W029,frac0.005,rgb,n_pred,12.4
W029,frac0.005,rgb,n_reg,17.3
W029,px300,depth,f1@0.5,0.6864557226399332
W029,px300,depth,f1@0.75,0.5047472848788639
W029,px300,depth,miou,0.6368449819218966
W029,px300,depth,n_gt,10.2
W029,px300,depth,n_pred,7.0
W029,px300,depth,n_reg,7.6
W029,px300,normal,f1@0.5,0.474358541280738
W029,px300,normal,f1@0.75,0.3261048272856053
W029,px300,normal,miou,0.5827601569133555
W029,px300,normal,n_gt,10.2
W029,px300,normal,n_pred,11.2
W029,px300,normal,n_reg,12.1
W029,px300,rgb,f1@0.5,0.6456025833237227
W029,px300,rgb,f1@0.75,0.4788179536605323
W029,px300,rgb,miou,0.7458963374454404
W029,px300,rgb,n_gt,10.2
W029,px300,rgb,n_pred,15.1
W029,px300,rgb,n_reg,17.3
W030,frac0,depth,f1@0.5,0.6844470802675138
W030,frac0,depth,f1@0.75,0.4343665536389994
W030,frac0,depth,miou,0.5897583368063635
W030,frac0,depth,n_gt,11.818181818181818
W030,frac0,depth,n_pred,6.0
W030,frac0,depth,n_reg,6.0
W030,frac0,normal,f1@0.5,0.6448914687004972
W030,frac0,normal,f1@0.75,0.4734179704561439
W030,frac0,normal,miou,0.6208329185445911
W030,frac0,normal,n_gt,11.818181818181818
W030,frac0,normal,n_pred,10.0
W030,frac0,normal,n_reg,10.0
W030,frac0,rgb,f1@0.5,0.4935030231581956
W030,frac0,rgb,f1@0.75,0.304281695316178
W030,frac0,rgb,miou,0.6834234944804707
W030,frac0,rgb,n_gt,11.818181818181818
W030,frac0,rgb,n_pred,16.818181818181817
W030,frac0,rgb,n_reg,16.818181818181817
W030,frac0.001,depth,f1@0.5,0.7303030303030303
W030,frac0.001,depth,f1@0.75,0.4671717171717172
W030,frac0.001,depth,miou,0.5897583368063635
W030,frac0.001,depth,n_gt,10.363636363636363
W030,frac0.001,depth,n_pred,6.0
W030,frac0.001,depth,n_reg,6.0
W030,frac0.001,normal,f1@0.5,0.6816568010035869
W030,frac0.001,normal,f1@0.75,0.5007571930184787
W030,frac0.001,normal,miou,0.6208329185445911
W030,frac0.001,normal,n_gt,10.363636363636363
W030,frac0.001,normal,n_pred,9.818181818181818
W030,frac0.001,normal,n_reg,10.0
W030,frac0.001,rgb,f1@0.5,0.5309042809042809
W030,frac0.001,rgb,f1@0.75,0.3246105746105746
W030,frac0.001,rgb,miou,0.6834234944804707
W030,frac0.001,rgb,n_gt,10.363636363636363
W030,frac0.001,rgb,n_pred,16.0
W030,frac0.001,rgb,n_reg,16.818181818181817
W030,frac0.005,depth,f1@0.5,0.7636363636363637
W030,frac0.005,depth,f1@0.75,0.4886363636363636
W030,frac0.005,depth,miou,0.5897583368063635
W030,frac0.005,depth,n_gt,9.636363636363637
W030,frac0.005,depth,n_pred,6.0
W030,frac0.005,depth,n_reg,6.0
W030,frac0.005,normal,f1@0.5,0.6990158104709189
W030,frac0.005,normal,f1@0.75,0.5137308511921514
W030,frac0.005,normal,miou,0.6208329185445911
W030,frac0.005,normal,n_gt,9.636363636363637
W030,frac0.005,normal,n_pred,9.181818181818182
W030,frac0.005,normal,n_reg,10.0
W030,frac0.005,rgb,f1@0.5,0.6575643654591022
W030,frac0.005,rgb,f1@0.75,0.3996240601503759
W030,frac0.005,rgb,miou,0.6834234944804707
W030,frac0.005,rgb,n_gt,9.636363636363637
W030,frac0.005,rgb,n_pred,10.909090909090908
W030,frac0.005,rgb,n_reg,16.818181818181817
W030,px300,depth,f1@0.5,0.7374331550802139
W030,px300,depth,f1@0.75,0.4719251336898395
W030,px300,depth,miou,0.5897583368063635
W030,px300,depth,n_gt,10.181818181818182
W030,px300,depth,n_pred,6.0
W030,px300,depth,n_reg,6.0
W030,px300,normal,f1@0.5,0.6919095258808178
W030,px300,normal,f1@0.75,0.50852544584602
W030,px300,normal,miou,0.6208329185445911
W030,px300,normal,n_gt,10.181818181818182
W030,px300,normal,n_pred,9.636363636363637
W030,px300,normal,n_reg,10.0
W030,px300,rgb,f1@0.5,0.5556034450105597
W030,px300,rgb,f1@0.75,0.3360649510056624
W030,px300,rgb,miou,0.6834234944804707
W030,px300,rgb,n_gt,10.181818181818182
W030,px300,rgb,n_pred,15.181818181818182
W030,px300,rgb,n_reg,16.818181818181817
W031,frac0,depth,f1@0.5,0.2149951527660506
W031,frac0,depth,f1@0.75,0.2149951527660506
W031,frac0,depth,miou,0.3418139297714067
W031,frac0,depth,n_gt,14.909090909090908
W031,frac0,depth,n_pred,3.0
W031,frac0,depth,n_reg,3.0
W031,frac0,normal,f1@0.5,0.6228277197842416
W031,frac0,normal,f1@0.75,0.4883369931196018
W031,frac0,normal,miou,0.6617525019003042
W031,frac0,normal,n_gt,14.909090909090908
W031,frac0,normal,n_pred,10.0
W031,frac0,normal,n_reg,10.0
W031,frac0,rgb,f1@0.5,0.6519434078054768
W031,frac0,rgb,f1@0.75,0.544698188146464
W031,frac0,rgb,miou,0.6639272384120265
W031,frac0,rgb,n_gt,14.909090909090908
W031,frac0,rgb,n_pred,12.181818181818182
W031,frac0,rgb,n_reg,12.181818181818182
W031,frac0.001,depth,f1@0.5,0.2496807114454173
W031,frac0.001,depth,f1@0.75,0.2496807114454173
W031,frac0.001,depth,miou,0.3418139297714067
W031,frac0.001,depth,n_gt,12.363636363636363
W031,frac0.001,depth,n_pred,3.0
W031,frac0.001,depth,n_reg,3.0
W031,frac0.001,normal,f1@0.5,0.7142480707698099
W031,frac0.001,normal,f1@0.75,0.5600037643515905
W031,frac0.001,normal,miou,0.6617525019003042
W031,frac0.001,normal,n_gt,12.363636363636363
W031,frac0.001,normal,n_pred,9.363636363636363
W031,frac0.001,normal,n_reg,10.0
W031,frac0.001,rgb,f1@0.5,0.7459244181378569
W031,frac0.001,rgb,f1@0.75,0.6222304836138828
W031,frac0.001,rgb,miou,0.6639272384120265
W031,frac0.001,rgb,n_gt,12.363636363636363
W031,frac0.001,rgb,n_pred,11.363636363636363
W031,frac0.001,rgb,n_reg,12.181818181818182
W031,frac0.005,depth,f1@0.5,0.291042291042291
W031,frac0.005,depth,f1@0.75,0.291042291042291
W031,frac0.005,depth,miou,0.3418139297714067
W031,frac0.005,depth,n_gt,10.181818181818182
W031,frac0.005,depth,n_pred,3.0
W031,frac0.005,depth,n_reg,3.0
W031,frac0.005,normal,f1@0.5,0.7957500703630734
W031,frac0.005,normal,f1@0.75,0.626850548831973
W031,frac0.005,normal,miou,0.6617525019003042
W031,frac0.005,normal,n_gt,10.181818181818182
W031,frac0.005,normal,n_pred,9.0
W031,frac0.005,normal,n_reg,10.0
W031,frac0.005,rgb,f1@0.5,0.8507073468795956
W031,frac0.005,rgb,f1@0.75,0.7213446840241098
W031,frac0.005,rgb,miou,0.6639272384120265
W031,frac0.005,rgb,n_gt,10.181818181818182
W031,frac0.005,rgb,n_pred,9.727272727272728
W031,frac0.005,rgb,n_reg,12.181818181818182
W031,px300,depth,f1@0.5,0.2795204795204795
W031,px300,depth,f1@0.75,0.2795204795204795
W031,px300,depth,miou,0.3418139297714067
W031,px300,depth,n_gt,10.727272727272728
W031,px300,depth,n_pred,3.0
W031,px300,depth,n_reg,3.0
W031,px300,normal,f1@0.5,0.7814308498519025
W031,px300,normal,f1@0.75,0.6152198678514468
W031,px300,normal,miou,0.6617525019003042
W031,px300,normal,n_gt,10.727272727272728
W031,px300,normal,n_pred,9.090909090909092
W031,px300,normal,n_reg,10.0
W031,px300,rgb,f1@0.5,0.7935218931266362
W031,px300,rgb,f1@0.75,0.667696730147323
W031,px300,rgb,miou,0.6639272384120265
W031,px300,rgb,n_gt,10.727272727272728
W031,px300,rgb,n_pred,11.090909090909092
W031,px300,rgb,n_reg,12.181818181818182
W032,frac0,depth,f1@0.5,0.6204882688146319
W032,frac0,depth,f1@0.75,0.4486559477153653
W032,frac0,depth,miou,0.6643842075838051
W032,frac0,depth,n_gt,18.3
W032,frac0,depth,n_pred,8.7
W032,frac0,depth,n_reg,8.7
W032,frac0,normal,f1@0.5,0.5927449975930998
W032,frac0,normal,f1@0.75,0.5010644260158976
W032,frac0,normal,miou,0.5760072534424383
W032,frac0,normal,n_gt,18.3
W032,frac0,normal,n_pred,8.7
W032,frac0,normal,n_reg,8.7
W032,frac0,rgb,f1@0.5,0.6383667546765434
W032,frac0,rgb,f1@0.75,0.5310377576631747
W032,frac0,rgb,miou,0.7447482981292772
W032,frac0,rgb,n_gt,18.3
W032,frac0,rgb,n_pred,13.6
W032,frac0,rgb,n_reg,13.6
W032,frac0.001,depth,f1@0.5,0.7299622706304628
W032,frac0.001,depth,f1@0.75,0.5302658094511641
W032,frac0.001,depth,miou,0.6643842075838051
W032,frac0.001,depth,n_gt,12.5
W032,frac0.001,depth,n_pred,8.7
W032,frac0.001,depth,n_reg,8.7
W032,frac0.001,normal,f1@0.5,0.7008212362262706
W032,frac0.001,normal,f1@0.75,0.5946237992874148
W032,frac0.001,normal,miou,0.5760072534424383
W032,frac0.001,normal,n_gt,12.5
W032,frac0.001,normal,n_pred,8.7
W032,frac0.001,normal,n_reg,8.7
W032,frac0.001,rgb,f1@0.5,0.7374563050365149
W032,frac0.001,rgb,f1@0.75,0.6207845697530855
W032,frac0.001,rgb,miou,0.7447482981292772
W032,frac0.001,rgb,n_gt,12.5
W032,frac0.001,rgb,n_pred,13.3
W032,frac0.001,rgb,n_reg,13.6
W032,frac0.005,depth,f1@0.5,0.8081633004078824
W032,frac0.005,depth,f1@0.75,0.5841535210575458
W032,frac0.005,depth,miou,0.6643842075838051
W032,frac0.005,depth,n_gt,10.2
W032,frac0.005,depth,n_pred,8.6
W032,frac0.005,depth,n_reg,8.7
W032,frac0.005,normal,f1@0.5,0.7915970072239422
W032,frac0.005,normal,f1@0.75,0.6827270381836945
W032,frac0.005,normal,miou,0.5760072534424383
W032,frac0.005,normal,n_gt,10.2
W032,frac0.005,normal,n_pred,8.2
W032,frac0.005,normal,n_reg,8.7
W032,frac0.005,rgb,f1@0.5,0.8505941401593576
W032,frac0.005,rgb,f1@0.75,0.7096009787314135
W032,frac0.005,rgb,miou,0.7447482981292772
W032,frac0.005,rgb,n_gt,10.2
W032,frac0.005,rgb,n_pred,11.2
W032,frac0.005,rgb,n_reg,13.6
W032,px300,depth,f1@0.5,0.784466195326338
W032,px300,depth,f1@0.75,0.5703291049448002
W032,px300,depth,miou,0.6643842075838051
W032,px300,depth,n_gt,11.0
W032,px300,depth,n_pred,8.7
W032,px300,depth,n_reg,8.7
W032,px300,normal,f1@0.5,0.7527201635803062
W032,px300,normal,f1@0.75,0.6386488172690892
W032,px300,normal,miou,0.5760072534424383
W032,px300,normal,n_gt,11.0
W032,px300,normal,n_pred,8.7
W032,px300,normal,n_reg,8.7
W032,px300,rgb,f1@0.5,0.7811918838005795
W032,px300,rgb,f1@0.75,0.6566367802889542
W032,px300,rgb,miou,0.7447482981292772
W032,px300,rgb,n_gt,11.0
W032,px300,rgb,n_pred,13.1
W032,px300,rgb,n_reg,13.6
W033,frac0,depth,f1@0.5,0.4182539682539682
W033,frac0,depth,f1@0.75,0.2362103174603174
W033,frac0,depth,miou,0.36935410571786
W033,frac0,depth,n_gt,3.75
W033,frac0,depth,n_pred,2.625
W033,frac0,depth,n_reg,2.625
W033,frac0,normal,f1@0.5,0.7411292411292411
W033,frac0,normal,f1@0.75,0.4286033411033411
W033,frac0,normal,miou,0.7969146762313036
W033,frac0,normal,n_gt,3.75
W033,frac0,normal,n_pred,4.583333333333333
W033,frac0,normal,n_reg,4.583333333333333
W033,frac0,rgb,f1@0.5,0.3958575533943181
W033,frac0,rgb,f1@0.75,0.2720036499448264
W033,frac0,rgb,miou,0.6686874511753488
W033,frac0,rgb,n_gt,3.75
W033,frac0,rgb,n_pred,9.208333333333334
W033,frac0,rgb,n_reg,9.208333333333334
W033,frac0.001,depth,f1@0.5,0.4277777777777778
W033,frac0.001,depth,f1@0.75,0.2362103174603174
W033,frac0.001,depth,miou,0.36935410571786
W033,frac0.001,depth,n_gt,3.5
W033,frac0.001,depth,n_pred,2.583333333333333
W033,frac0.001,depth,n_reg,2.625
W033,frac0.001,normal,f1@0.5,0.7580808080808081
W033,frac0.001,normal,f1@0.75,0.4359217171717172
W033,frac0.001,normal,miou,0.7969146762313036
W033,frac0.001,normal,n_gt,3.5
W033,frac0.001,normal,n_pred,4.583333333333333
W033,frac0.001,normal,n_reg,4.583333333333333
W033,frac0.001,rgb,f1@0.5,0.4467015827309945
W033,frac0.001,rgb,f1@0.75,0.2994600171070759
W033,frac0.001,rgb,miou,0.6686874511753488
W033,frac0.001,rgb,n_gt,3.5
W033,frac0.001,rgb,n_pred,7.666666666666667
W033,frac0.001,rgb,n_reg,9.208333333333334
W033,frac0.005,depth,f1@0.5,0.4484126984126984
W033,frac0.005,depth,f1@0.75,0.2528769841269842
W033,frac0.005,depth,miou,0.36935410571786
W033,frac0.005,depth,n_gt,3.208333333333333
W033,frac0.005,depth,n_pred,2.5416666666666665
W033,frac0.005,depth,n_reg,2.625
W033,frac0.005,normal,f1@0.5,0.7622474747474747
W033,frac0.005,normal,f1@0.75,0.4213383838383839
W033,frac0.005,normal,miou,0.7969146762313036
W033,frac0.005,normal,n_gt,3.208333333333333
W033,frac0.005,normal,n_pred,4.375
W033,frac0.005,normal,n_reg,4.583333333333333
W033,frac0.005,rgb,f1@0.5,0.5241436803936804
W033,frac0.005,rgb,f1@0.75,0.309071484071484
W033,frac0.005,rgb,miou,0.6686874511753488
W033,frac0.005,rgb,n_gt,3.208333333333333
W033,frac0.005,rgb,n_pred,4.791666666666667
W033,frac0.005,rgb,n_reg,9.208333333333334
W033,px300,depth,f1@0.5,0.4277777777777778
W033,px300,depth,f1@0.75,0.2362103174603174
W033,px300,depth,miou,0.36935410571786
W033,px300,depth,n_gt,3.458333333333333
W033,px300,depth,n_pred,2.583333333333333
W033,px300,depth,n_reg,2.625
W033,px300,normal,f1@0.5,0.7559974747474748
W033,px300,normal,f1@0.75,0.4296717171717172
W033,px300,normal,miou,0.7969146762313036
W033,px300,normal,n_gt,3.458333333333333
W033,px300,normal,n_pred,4.541666666666667
W033,px300,normal,n_reg,4.583333333333333
W033,px300,rgb,f1@0.5,0.4492198977493095
W033,px300,rgb,f1@0.75,0.2946981123451712
W033,px300,rgb,miou,0.6686874511753488
W033,px300,rgb,n_gt,3.458333333333333
W033,px300,rgb,n_pred,7.333333333333333
W033,px300,rgb,n_reg,9.208333333333334
W034,frac0,depth,f1@0.5,0.8224206349206349
W034,frac0,depth,f1@0.75,0.7918650793650794
W034,frac0,depth,miou,0.707297801004517
W034,frac0,depth,n_gt,3.0416666666666665
W034,frac0,depth,n_pred,2.0
W034,frac0,depth,n_reg,2.0
W034,frac0,normal,f1@0.5,0.673015873015873
W034,frac0,normal,f1@0.75,0.623015873015873
W034,frac0,normal,miou,0.7146355599155045
W034,frac0,normal,n_gt,3.0416666666666665
W034,frac0,normal,n_pred,3.25
W034,frac0,normal,n_reg,3.25
W034,frac0,rgb,f1@0.5,0.4692219817219817
W034,frac0,rgb,f1@0.75,0.4303330928330928
W034,frac0,rgb,miou,0.787314077748659
W034,frac0,rgb,n_gt,3.0416666666666665
W034,frac0,rgb,n_pred,5.833333333333333
W034,frac0,rgb,n_reg,5.833333333333333
W034,frac0.001,depth,f1@0.5,0.8527777777777779
W034,frac0.001,depth,f1@0.75,0.8194444444444445
W034,frac0.001,depth,miou,0.707297801004517
W034,frac0.001,depth,n_gt,2.7916666666666665
W034,frac0.001,depth,n_pred,2.0
W034,frac0.001,depth,n_reg,2.0
W034,frac0.001,normal,f1@0.5,0.7091269841269842
W034,frac0.001,normal,f1@0.75,0.6525793650793651
W034,frac0.001,normal,miou,0.7146355599155045
W034,frac0.001,normal,n_gt,2.7916666666666665
W034,frac0.001,normal,n_pred,3.083333333333333
W034,frac0.001,normal,n_reg,3.25
W034,frac0.001,rgb,f1@0.5,0.498015873015873
W034,frac0.001,rgb,f1@0.75,0.4563492063492063
W034,frac0.001,rgb,miou,0.787314077748659
W034,frac0.001,rgb,n_gt,2.7916666666666665
W034,frac0.001,rgb,n_pred,5.5
W034,frac0.001,rgb,n_reg,5.833333333333333
W034,frac0.005,depth,f1@0.5,0.8777777777777778
W034,frac0.005,depth,f1@0.75,0.8444444444444444
W034,frac0.005,depth,miou,0.707297801004517
W034,frac0.005,depth,n_gt,2.6666666666666665
W034,frac0.005,depth,n_pred,2.0
W034,frac0.005,depth,n_reg,2.0
W034,frac0.005,normal,f1@0.5,0.7722222222222223
W034,frac0.005,normal,f1@0.75,0.7109126984126984
W034,frac0.005,normal,miou,0.7146355599155045
W034,frac0.005,normal,n_gt,2.6666666666666665
W034,frac0.005,normal,n_pred,2.75
W034,frac0.005,normal,n_reg,3.25
W034,frac0.005,rgb,f1@0.5,0.5363095238095238
W034,frac0.005,rgb,f1@0.75,0.5092261904761904
W034,frac0.005,rgb,miou,0.787314077748659
W034,frac0.005,rgb,n_gt,2.6666666666666665
W034,frac0.005,rgb,n_pred,4.708333333333333
W034,frac0.005,rgb,n_reg,5.833333333333333
W034,px300,depth,f1@0.5,0.8611111111111112
W034,px300,depth,f1@0.75,0.8277777777777778
W034,px300,depth,miou,0.707297801004517
W034,px300,depth,n_gt,2.75
W034,px300,depth,n_pred,2.0
W034,px300,depth,n_reg,2.0
W034,px300,normal,f1@0.5,0.7146825396825397
W034,px300,normal,f1@0.75,0.6581349206349206
W034,px300,normal,miou,0.7146355599155045
W034,px300,normal,n_gt,2.75
W034,px300,normal,n_pred,3.083333333333333
W034,px300,normal,n_reg,3.25
W034,px300,rgb,f1@0.5,0.4984788359788359
W034,px300,rgb,f1@0.75,0.4651455026455026
W034,px300,rgb,miou,0.787314077748659
W034,px300,rgb,n_gt,2.75
W034,px300,rgb,n_pred,5.416666666666667
W034,px300,rgb,n_reg,5.833333333333333
W035,frac0,depth,f1@0.5,0.5074074074074074
W035,frac0,depth,f1@0.75,0.4111111111111111
W035,frac0,depth,miou,0.3346133246542103
W035,frac0,depth,n_gt,2.9444444444444446
W035,frac0,depth,n_pred,1.1666666666666667
W035,frac0,depth,n_reg,1.1666666666666667
W035,frac0,normal,f1@0.5,0.828042328042328
W035,frac0,normal,f1@0.75,0.7058201058201059
W035,frac0,normal,miou,0.6971345412878303
W035,frac0,normal,n_gt,2.9444444444444446
W035,frac0,normal,n_pred,2.0
W035,frac0,normal,n_reg,2.0
W035,frac0,rgb,f1@0.5,0.379333012666346
W035,frac0,rgb,f1@0.75,0.3669873336540003
W035,frac0,rgb,miou,0.7565035479945835
W035,frac0,rgb,n_gt,2.9444444444444446
W035,frac0,rgb,n_pred,7.777777777777778
W035,frac0,rgb,n_reg,7.777777777777778
W035,frac0.001,depth,f1@0.5,0.5444444444444445
W035,frac0.001,depth,f1@0.75,0.4481481481481481
W035,frac0.001,depth,miou,0.3346133246542103
W035,frac0.001,depth,n_gt,2.6666666666666665
W035,frac0.001,depth,n_pred,1.1666666666666667
W035,frac0.001,depth,n_reg,1.1666666666666667
W035,frac0.001,normal,f1@0.5,0.87989417989418
W035,frac0.001,normal,f1@0.75,0.741005291005291
W035,frac0.001,normal,miou,0.6971345412878303
W035,frac0.001,normal,n_gt,2.6666666666666665
W035,frac0.001,normal,n_pred,2.0
W035,frac0.001,normal,n_reg,2.0
W035,frac0.001,rgb,f1@0.5,0.4079685746352413
W035,frac0.001,rgb,f1@0.75,0.3956228956228956
W035,frac0.001,rgb,miou,0.7565035479945835
W035,frac0.001,rgb,n_gt,2.6666666666666665
W035,frac0.001,rgb,n_pred,7.333333333333333
W035,frac0.001,rgb,n_reg,7.777777777777778
W035,frac0.005,depth,f1@0.5,0.6
W035,frac0.005,depth,f1@0.75,0.4907407407407407
W035,frac0.005,depth,miou,0.3346133246542103
W035,frac0.005,depth,n_gt,2.4444444444444446
W035,frac0.005,depth,n_pred,1.0
W035,frac0.005,depth,n_reg,1.1666666666666667
W035,frac0.005,normal,f1@0.5,0.9185185185185186
W035,frac0.005,normal,f1@0.75,0.7796296296296297
W035,frac0.005,normal,miou,0.6971345412878303
W035,frac0.005,normal,n_gt,2.4444444444444446
W035,frac0.005,normal,n_pred,2.0
W035,frac0.005,normal,n_reg,2.0
W035,frac0.005,rgb,f1@0.5,0.4792768959435626
W035,frac0.005,rgb,f1@0.75,0.4653880070546737
W035,frac0.005,rgb,miou,0.7565035479945835
W035,frac0.005,rgb,n_gt,2.4444444444444446
W035,frac0.005,rgb,n_pred,6.0
W035,frac0.005,rgb,n_reg,7.777777777777778
W035,px300,depth,f1@0.5,0.5444444444444445
W035,px300,depth,f1@0.75,0.4481481481481481
W035,px300,depth,miou,0.3346133246542103
W035,px300,depth,n_gt,2.6666666666666665
W035,px300,depth,n_pred,1.1666666666666667
W035,px300,depth,n_reg,1.1666666666666667
W035,px300,normal,f1@0.5,0.87989417989418
W035,px300,normal,f1@0.75,0.741005291005291
W035,px300,normal,miou,0.6971345412878303
W035,px300,normal,n_gt,2.6666666666666665
W035,px300,normal,n_pred,2.0
W035,px300,normal,n_reg,2.0
W035,px300,rgb,f1@0.5,0.4079685746352413
W035,px300,rgb,f1@0.75,0.3956228956228956
W035,px300,rgb,miou,0.7565035479945835
W035,px300,rgb,n_gt,2.6666666666666665
W035,px300,rgb,n_pred,7.333333333333333
W035,px300,rgb,n_reg,7.777777777777778
W036,frac0,depth,f1@0.5,0.48125
W036,frac0,depth,f1@0.75,0.3625
W036,frac0,depth,miou,0.2629908460658018
W036,frac0,depth,n_gt,3.1875
W036,frac0,depth,n_pred,1.0
W036,frac0,depth,n_reg,1.0
W036,frac0,normal,f1@0.5,0.48125
W036,frac0,normal,f1@0.75,0.3625
W036,frac0,normal,miou,0.2627402550883677
W036,frac0,normal,n_gt,3.1875
W036,frac0,normal,n_pred,1.0
W036,frac0,normal,n_reg,1.0
W036,frac0,rgb,f1@0.5,0.2644938394938395
W036,frac0,rgb,f1@0.75,0.2101814851814852
W036,frac0,rgb,miou,0.7535279430748623
W036,frac0,rgb,n_gt,3.1875
W036,frac0,rgb,n_pred,8.9375
W036,frac0,rgb,n_reg,8.9375
W036,frac0.001,depth,f1@0.5,0.6041666666666666
W036,frac0.001,depth,f1@0.75,0.46875
W036,frac0.001,depth,miou,0.2629908460658018
W036,frac0.001,depth,n_gt,2.375
W036,frac0.001,depth,n_pred,1.0
W036,frac0.001,depth,n_reg,1.0
W036,frac0.001,normal,f1@0.5,0.6041666666666666
W036,frac0.001,normal,f1@0.75,0.46875
W036,frac0.001,normal,miou,0.2627402550883677
W036,frac0.001,normal,n_gt,2.375
W036,frac0.001,normal,n_pred,1.0
W036,frac0.001,normal,n_reg,1.0
W036,frac0.001,rgb,f1@0.5,0.2793244949494949
W036,frac0.001,rgb,f1@0.75,0.2334911616161616
W036,frac0.001,rgb,miou,0.7535279430748623
W036,frac0.001,rgb,n_gt,2.375
W036,frac0.001,rgb,n_pred,8.4375
W036,frac0.001,rgb,n_reg,8.9375
W036,frac0.005,depth,f1@0.5,0.6458333333333333
W036,frac0.005,depth,f1@0.75,0.5
W036,frac0.005,depth,miou,0.2629908460658018
W036,frac0.005,depth,n_gt,2.125
W036,frac0.005,depth,n_pred,1.0
W036,frac0.005,depth,n_reg,1.0
W036,frac0.005,normal,f1@0.5,0.6458333333333333
W036,frac0.005,normal,f1@0.75,0.5
W036,frac0.005,normal,miou,0.2627402550883677
W036,frac0.005,normal,n_gt,2.125
W036,frac0.005,normal,n_pred,1.0
W036,frac0.005,normal,n_reg,1.0
W036,frac0.005,rgb,f1@0.5,0.3485615079365079
W036,frac0.005,rgb,f1@0.75,0.319047619047619
W036,frac0.005,rgb,miou,0.7535279430748623
W036,frac0.005,rgb,n_gt,2.125
W036,frac0.005,rgb,n_pred,5.0
W036,frac0.005,rgb,n_reg,8.9375
W036,px300,depth,f1@0.5,0.6354166666666666
W036,px300,depth,f1@0.75,0.4895833333333333
W036,px300,depth,miou,0.2629908460658018
W036,px300,depth,n_gt,2.1875
W036,px300,depth,n_pred,1.0
W036,px300,depth,n_reg,1.0
W036,px300,normal,f1@0.5,0.6354166666666666
W036,px300,normal,f1@0.75,0.4895833333333333
W036,px300,normal,miou,0.2627402550883677
W036,px300,normal,n_gt,2.1875
W036,px300,normal,n_pred,1.0
W036,px300,normal,n_reg,1.0
W036,px300,rgb,f1@0.5,0.2643939393939394
W036,px300,rgb,f1@0.75,0.2275883838383838
W036,px300,rgb,miou,0.7535279430748623
W036,px300,rgb,n_gt,2.1875
W036,px300,rgb,n_pred,7.9375
W036,px300,rgb,n_reg,8.9375
W037,frac0,depth,f1@0.5,0.4462287547184572
W037,frac0,depth,f1@0.75,0.3296308357292339
W037,frac0,depth,miou,0.5688515787666991
W037,frac0,depth,n_gt,13.5
W037,frac0,depth,n_pred,9.833333333333334
W037,frac0,depth,n_reg,9.833333333333334
W037,frac0,normal,f1@0.5,0.397470950102529
W037,frac0,normal,f1@0.75,0.2813947748158275
W037,frac0,normal,miou,0.4309951943504884
W037,frac0,normal,n_gt,13.5
W037,frac0,normal,n_pred,5.833333333333333
W037,frac0,normal,n_reg,5.833333333333333
W037,frac0,rgb,f1@0.5,0.6972537387220368
W037,frac0,rgb,f1@0.75,0.3237102953899394
W037,frac0,rgb,miou,0.7580405940123532
W037,frac0,rgb,n_gt,13.5
W037,frac0,rgb,n_pred,15.666666666666666
W037,frac0,rgb,n_reg,15.666666666666666
W037,frac0.001,depth,f1@0.5,0.4563692905111669
W037,frac0.001,depth,f1@0.75,0.3370957017810564
W037,frac0.001,depth,miou,0.5688515787666991
W037,frac0.001,depth,n_gt,13.0
W037,frac0.001,depth,n_pred,9.833333333333334
W037,frac0.001,depth,n_reg,9.833333333333334
W037,frac0.001,normal,f1@0.5,0.4078580289106605
W037,frac0.001,normal,f1@0.75,0.2879110655426445
W037,frac0.001,normal,miou,0.4309951943504884
W037,frac0.001,normal,n_gt,13.0
W037,frac0.001,normal,n_pred,5.833333333333333
W037,frac0.001,normal,n_reg,5.833333333333333
W037,frac0.001,rgb,f1@0.5,0.7183146257559051
W037,frac0.001,rgb,f1@0.75,0.3365317473538363
W037,frac0.001,rgb,miou,0.7580405940123532
W037,frac0.001,rgb,n_gt,13.0
W037,frac0.001,rgb,n_pred,15.083333333333334
W037,frac0.001,rgb,n_reg,15.666666666666666
W037,frac0.005,depth,f1@0.5,0.4549320435476041
W037,frac0.005,depth,f1@0.75,0.3595827513447651
W037,frac0.005,depth,miou,0.5688515787666991
W037,frac0.005,depth,n_gt,11.5
W037,frac0.005,depth,n_pred,8.583333333333334
W037,frac0.005,depth,n_reg,9.833333333333334
W037,frac0.005,normal,f1@0.5,0.4448605173063377
W037,frac0.005,normal,f1@0.75,0.3133761691811227
W037,frac0.005,normal,miou,0.4309951943504884
W037,frac0.005,normal,n_gt,11.5
W037,frac0.005,normal,n_pred,5.75
W037,frac0.005,normal,n_reg,5.833333333333333
W037,frac0.005,rgb,f1@0.5,0.7957859531772575
W037,frac0.005,rgb,f1@0.75,0.370121701969528
W037,frac0.005,rgb,miou,0.7580405940123532
W037,frac0.005,rgb,n_gt,11.5
W037,frac0.005,rgb,n_pred,12.166666666666666
W037,frac0.005,rgb,n_reg,15.666666666666666
W037,px300,depth,f1@0.5,0.4563692905111669
W037,px300,depth,f1@0.75,0.3370957017810564
W037,px300,depth,miou,0.5688515787666991
W037,px300,depth,n_gt,13.0
W037,px300,depth,n_pred,9.833333333333334
W037,px300,depth,n_reg,9.833333333333334
W037,px300,normal,f1@0.5,0.4093010303536619
W037,px300,normal,f1@0.75,0.2889933166248956
W037,px300,normal,miou,0.4309951943504884
W037,px300,normal,n_gt,13.0
W037,px300,normal,n_pred,5.75
W037,px300,normal,n_reg,5.833333333333333
W037,px300,rgb,f1@0.5,0.7183146257559051
W037,px300,rgb,f1@0.75,0.3365317473538363
W037,px300,rgb,miou,0.7580405940123532
W037,px300,rgb,n_gt,13.0
W037,px300,rgb,n_pred,15.083333333333334
W037,px300,rgb,n_reg,15.666666666666666
W038,frac0,depth,f1@0.5,0.4192593444567128
W038,frac0,depth,f1@0.75,0.2993567592251803
W038,frac0,depth,miou,0.5446801113321835
W038,frac0,depth,n_gt,13.8125
W038,frac0,depth,n_pred,9.9375
W038,frac0,depth,n_reg,9.9375
W038,frac0,normal,f1@0.5,0.527614171904703
W038,frac0,normal,f1@0.75,0.3451952051368069
W038,frac0,normal,miou,0.8026511558246697
W038,frac0,normal,n_gt,13.8125
W038,frac0,normal,n_pred,14.125
W038,frac0,normal,n_reg,14.125
W038,frac0,rgb,f1@0.5,0.6090386897942679
W038,frac0,rgb,f1@0.75,0.3738607981698753
W038,frac0,rgb,miou,0.8927577262599432
W038,frac0,rgb,n_gt,13.8125
W038,frac0,rgb,n_pred,18.75
W038,frac0,rgb,n_reg,18.75
W038,frac0.001,depth,f1@0.5,0.4520781325844255
W038,frac0.001,depth,f1@0.75,0.3228497937036266
W038,frac0.001,depth,miou,0.5446801113321835
W038,frac0.001,depth,n_gt,12.75
W038,frac0.001,depth,n_pred,9.1875
W038,frac0.001,depth,n_reg,9.9375
W038,frac0.001,normal,f1@0.5,0.5836514142236445
W038,frac0.001,normal,f1@0.75,0.385011128019147
W038,frac0.001,normal,miou,0.8026511558246697
W038,frac0.001,normal,n_gt,12.75
W038,frac0.001,normal,n_pred,12.75
W038,frac0.001,normal,n_reg,14.125
W038,frac0.001,rgb,f1@0.5,0.6544354242698026
W038,frac0.001,rgb,f1@0.75,0.4041752785008292
W038,frac0.001,rgb,miou,0.8927577262599432
W038,frac0.001,rgb,n_gt,12.75
W038,frac0.001,rgb,n_pred,17.6875
W038,frac0.001,rgb,n_reg,18.75
W038,frac0.005,depth,f1@0.5,0.4773441132525884
W038,frac0.005,depth,f1@0.75,0.366400316874388
W038,frac0.005,depth,miou,0.5446801113321835
W038,frac0.005,depth,n_gt,10.875
W038,frac0.005,depth,n_pred,7.0
W038,frac0.005,depth,n_reg,9.9375
W038,frac0.005,normal,f1@0.5,0.6350292354704119
W038,frac0.005,normal,f1@0.75,0.4140646281822752
W038,frac0.005,normal,miou,0.8026511558246697
W038,frac0.005,normal,n_gt,10.875
W038,frac0.005,normal,n_pred,12.0
W038,frac0.005,normal,n_reg,14.125
W038,frac0.005,rgb,f1@0.5,0.667340228833857
W038,frac0.005,rgb,f1@0.75,0.3872821288600899
W038,frac0.005,rgb,miou,0.8927577262599432
W038,frac0.005,rgb,n_gt,10.875
W038,frac0.005,rgb,n_pred,15.0625
W038,frac0.005,rgb,n_reg,18.75
W038,px300,depth,f1@0.5,0.4602810053013647
W038,px300,depth,f1@0.75,0.3291848030037894
W038,px300,depth,miou,0.5446801113321835
W038,px300,depth,n_gt,12.6875
W038,px300,depth,n_pred,8.875
W038,px300,depth,n_reg,9.9375
W038,px300,normal,f1@0.5,0.5881392862024422
W038,px300,normal,f1@0.75,0.3883945866657636
W038,px300,normal,miou,0.8026511558246697
W038,px300,normal,n_gt,12.6875
W038,px300,normal,n_pred,12.625
W038,px300,normal,n_reg,14.125
W038,px300,rgb,f1@0.5,0.6582408780752564
W038,px300,rgb,f1@0.75,0.4069708625464132
W038,px300,rgb,miou,0.8927577262599432
W038,px300,rgb,n_gt,12.6875
W038,px300,rgb,n_pred,17.625
W038,px300,rgb,n_reg,18.75
W039,frac0,depth,f1@0.5,0.3065169943575516
W039,frac0,depth,f1@0.75,0.2033116324679792
W039,frac0,depth,miou,0.4211535357656714
W039,frac0,depth,n_gt,12.75
W039,frac0,depth,n_pred,4.5
W039,frac0,depth,n_reg,4.5
W039,frac0,normal,f1@0.5,0.4079044063826672
W039,frac0,normal,f1@0.75,0.270775655101742
W039,frac0,normal,miou,0.5914027707204534
W039,frac0,normal,n_gt,12.75
W039,frac0,normal,n_pred,9.45
W039,frac0,normal,n_reg,9.45
W039,frac0,rgb,f1@0.5,0.5067793425407381
W039,frac0,rgb,f1@0.75,0.3286468020577417
W039,frac0,rgb,miou,0.7141563680458793
W039,frac0,rgb,n_gt,12.75
W039,frac0,rgb,n_pred,16.15
W039,frac0,rgb,n_reg,16.15
W039,frac0.001,depth,f1@0.5,0.3218305095317479
W039,frac0.001,depth,f1@0.75,0.213051454049906
W039,frac0.001,depth,miou,0.4211535357656714
W039,frac0.001,depth,n_gt,11.9
W039,frac0.001,depth,n_pred,4.5
W039,frac0.001,depth,n_reg,4.5
W039,frac0.001,normal,f1@0.5,0.426029186298065
W039,frac0.001,normal,f1@0.75,0.2822977937394413
W039,frac0.001,normal,miou,0.5914027707204534
W039,frac0.001,normal,n_gt,11.9
W039,frac0.001,normal,n_pred,9.3
W039,frac0.001,normal,n_reg,9.45
W039,frac0.001,rgb,f1@0.5,0.5707116781605223
W039,frac0.001,rgb,f1@0.75,0.3741321326923325
W039,frac0.001,rgb,miou,0.7141563680458793
W039,frac0.001,rgb,n_gt,11.9
W039,frac0.001,rgb,n_pred,13.5
W039,frac0.001,rgb,n_reg,16.15
W039,frac0.005,depth,f1@0.5,0.3481245959922431
W039,frac0.005,depth,f1@0.75,0.2303631580837463
W039,frac0.005,depth,miou,0.4211535357656714
W039,frac0.005,depth,n_gt,10.6
W039,frac0.005,depth,n_pred,4.5
W039,frac0.005,depth,n_reg,4.5
W039,frac0.005,normal,f1@0.5,0.4526061365535049
W039,frac0.005,normal,f1@0.75,0.3139178438520543
W039,frac0.005,normal,miou,0.5914027707204534
W039,frac0.005,normal,n_gt,10.6
W039,frac0.005,normal,n_pred,8.55
W039,frac0.005,normal,n_reg,9.45
W039,frac0.005,rgb,f1@0.5,0.6339702446676131
W039,frac0.005,rgb,f1@0.75,0.437752722423775
W039,frac0.005,rgb,miou,0.7141563680458793
W039,frac0.005,rgb,n_gt,10.6
W039,frac0.005,rgb,n_pred,10.45
W039,frac0.005,rgb,n_reg,16.15
W039,px300,depth,f1@0.5,0.3218305095317479
W039,px300,depth,f1@0.75,0.213051454049906
W039,px300,depth,miou,0.4211535357656714
W039,px300,depth,n_gt,11.9
W039,px300,depth,n_pred,4.5
W039,px300,depth,n_reg,4.5
W039,px300,normal,f1@0.5,0.426029186298065
W039,px300,normal,f1@0.75,0.2822977937394413
W039,px300,normal,miou,0.5914027707204534
W039,px300,normal,n_gt,11.9
W039,px300,normal,n_pred,9.3
W039,px300,normal,n_reg,9.45
W039,px300,rgb,f1@0.5,0.5740029118865386
W039,px300,rgb,f1@0.75,0.3795218717777237
W039,px300,rgb,miou,0.7141563680458793
W039,px300,rgb,n_gt,11.9
W039,px300,rgb,n_pred,13.15
W039,px300,rgb,n_reg,16.15
W040,frac0,depth,f1@0.5,0.2838925396018821
W040,frac0,depth,f1@0.75,0.2401016899286795
W040,frac0,depth,miou,0.4538000495102001
W040,frac0,depth,n_gt,11.352941176470589
W040,frac0,depth,n_pred,4.705882352941177
W040,frac0,depth,n_reg,4.705882352941177
W040,frac0,normal,f1@0.5,0.5856034758080794
W040,frac0,normal,f1@0.75,0.397823876890373
W040,frac0,normal,miou,0.7194494321852736
W040,frac0,normal,n_gt,11.352941176470589
W040,frac0,normal,n_pred,9.823529411764708
W040,frac0,normal,n_reg,9.823529411764708
W040,frac0,rgb,f1@0.5,0.4563962502590197
W040,frac0,rgb,f1@0.75,0.1957015577918465
W040,frac0,rgb,miou,0.7105076175985068
W040,frac0,rgb,n_gt,11.352941176470589
W040,frac0,rgb,n_pred,14.764705882352942
W040,frac0,rgb,n_reg,14.764705882352942
W040,frac0.001,depth,f1@0.5,0.3188677861324009
W040,frac0.001,depth,f1@0.75,0.2710572274403999
W040,frac0.001,depth,miou,0.4538000495102001
W040,frac0.001,depth,n_gt,10.470588235294118
W040,frac0.001,depth,n_pred,3.882352941176471
W040,frac0.001,depth,n_reg,4.705882352941177
W040,frac0.001,normal,f1@0.5,0.6146183058203518
W040,frac0.001,normal,f1@0.75,0.4178144617530806
W040,frac0.001,normal,miou,0.7194494321852736
W040,frac0.001,normal,n_gt,10.470588235294118
W040,frac0.001,normal,n_pred,9.647058823529411
W040,frac0.001,normal,n_reg,9.823529411764708
W040,frac0.001,rgb,f1@0.5,0.5121391676946869
W040,frac0.001,rgb,f1@0.75,0.2170403603100063
W040,frac0.001,rgb,miou,0.7105076175985068
W040,frac0.001,rgb,n_gt,10.470588235294118
W040,frac0.001,rgb,n_pred,12.764705882352942
W040,frac0.001,rgb,n_reg,14.764705882352942
W040,frac0.005,depth,f1@0.5,0.347039494530844
W040,frac0.005,depth,f1@0.75,0.2943045996679214
W040,frac0.005,depth,miou,0.4538000495102001
W040,frac0.005,depth,n_gt,9.352941176470589
W040,frac0.005,depth,n_pred,3.764705882352941
W040,frac0.005,depth,n_reg,4.705882352941177
W040,frac0.005,normal,f1@0.5,0.6331549659556753
W040,frac0.005,normal,f1@0.75,0.4437931051306297
W040,frac0.005,normal,miou,0.7194494321852736
W040,frac0.005,normal,n_gt,9.352941176470589
W040,frac0.005,normal,n_pred,8.882352941176471
W040,frac0.005,normal,n_reg,9.823529411764708
W040,frac0.005,rgb,f1@0.5,0.5714001542646043
W040,frac0.005,rgb,f1@0.75,0.2528802825478017
W040,frac0.005,rgb,miou,0.7105076175985068
W040,frac0.005,rgb,n_gt,9.352941176470589
W040,frac0.005,rgb,n_pred,9.588235294117649
W040,frac0.005,rgb,n_reg,14.764705882352942
W040,px300,depth,f1@0.5,0.3201606109546375
W040,px300,depth,f1@0.75,0.2723500522626365
W040,px300,depth,miou,0.4538000495102001
W040,px300,depth,n_gt,10.411764705882351
W040,px300,depth,n_pred,3.882352941176471
W040,px300,depth,n_reg,4.705882352941177
W040,px300,normal,f1@0.5,0.6160188660444414
W040,px300,normal,f1@0.75,0.4186547978875344
W040,px300,normal,miou,0.7194494321852736
W040,px300,normal,n_gt,10.411764705882351
W040,px300,normal,n_pred,9.647058823529411
W040,px300,normal,n_reg,9.823529411764708
W040,px300,rgb,f1@0.5,0.5190044266187693
W040,px300,rgb,f1@0.75,0.2197955136533949
W040,px300,rgb,miou,0.7105076175985068
W040,px300,rgb,n_gt,10.411764705882351
W040,px300,rgb,n_pred,12.470588235294118
W040,px300,rgb,n_reg,14.764705882352942
W041,frac0,depth,f1@0.5,0.3181705423786872
W041,frac0,depth,f1@0.75,0.2801991999955801
W041,frac0,depth,miou,0.4755715988004113
W041,frac0,depth,n_gt,10.076923076923077
W041,frac0,depth,n_pred,4.923076923076923
W041,frac0,depth,n_reg,4.923076923076923
W041,frac0,normal,f1@0.5,0.536260050578936
W041,frac0,normal,f1@0.75,0.4168365861864313
W041,frac0,normal,miou,0.625430018833559
W041,frac0,normal,n_gt,10.076923076923077
W041,frac0,normal,n_pred,7.923076923076923
W041,frac0,normal,n_reg,7.923076923076923
W041,frac0,rgb,f1@0.5,0.4284743022042793
W041,frac0,rgb,f1@0.75,0.3422297306050166
W041,frac0,rgb,miou,0.6182834246443142
W041,frac0,rgb,n_gt,10.076923076923077
W041,frac0,rgb,n_pred,11.692307692307692
W041,frac0,rgb,n_reg,11.692307692307692
W041,frac0.001,depth,f1@0.5,0.3375064226874181
W041,frac0.001,depth,f1@0.75,0.2971218073028028
W041,frac0.001,depth,miou,0.4755715988004113
W041,frac0.001,depth,n_gt,9.23076923076923
W041,frac0.001,depth,n_pred,4.923076923076923
W041,frac0.001,depth,n_reg,4.923076923076923
W041,frac0.001,normal,f1@0.5,0.5796882855706385
W041,frac0.001,normal,f1@0.75,0.4481146304675716
W041,frac0.001,normal,miou,0.625430018833559
W041,frac0.001,normal,n_gt,9.23076923076923
W041,frac0.001,normal,n_pred,7.384615384615385
W041,frac0.001,normal,n_reg,7.923076923076923
W041,frac0.001,rgb,f1@0.5,0.4915569466653057
W041,frac0.001,rgb,f1@0.75,0.3919459281688384
W041,frac0.001,rgb,miou,0.6182834246443142
W041,frac0.001,rgb,n_gt,9.23076923076923
W041,frac0.001,rgb,n_pred,9.615384615384617
W041,frac0.001,rgb,n_reg,11.692307692307692
W041,frac0.005,depth,f1@0.5,0.3651732882502113
W041,frac0.005,depth,f1@0.75,0.3182868413637644
W041,frac0.005,depth,miou,0.4755715988004113
W041,frac0.005,depth,n_gt,8.23076923076923
W041,frac0.005,depth,n_pred,4.923076923076923
W041,frac0.005,depth,n_reg,4.923076923076923
W041,frac0.005,normal,f1@0.5,0.6437728937728937
W041,frac0.005,normal,f1@0.75,0.4989926739926739
W041,frac0.005,normal,miou,0.625430018833559
W041,frac0.005,normal,n_gt,8.23076923076923
W041,frac0.005,normal,n_pred,6.6923076923076925
W041,frac0.005,normal,n_reg,7.923076923076923
W041,frac0.005,rgb,f1@0.5,0.5591557135674783
W041,frac0.005,rgb,f1@0.75,0.4444175105939812
W041,frac0.005,rgb,miou,0.6182834246443142
W041,frac0.005,rgb,n_gt,8.23076923076923
W041,frac0.005,rgb,n_pred,8.384615384615385
W041,frac0.005,rgb,n_reg,11.692307692307692
W041,px300,depth,f1@0.5,0.3375064226874181
W041,px300,depth,f1@0.75,0.2971218073028028
W041,px300,depth,miou,0.4755715988004113
W041,px300,depth,n_gt,9.23076923076923
W041,px300,depth,n_pred,4.923076923076923
W041,px300,depth,n_reg,4.923076923076923
W041,px300,normal,f1@0.5,0.5816993464052287
W041,px300,normal,f1@0.75,0.4501256913021618
W041,px300,normal,miou,0.625430018833559
W041,px300,normal,n_gt,9.23076923076923
W041,px300,normal,n_pred,7.3076923076923075
W041,px300,normal,n_reg,7.923076923076923
W041,px300,rgb,f1@0.5,0.4940707727085435
W041,px300,rgb,f1@0.75,0.393454223794781
W041,px300,rgb,miou,0.6182834246443142
W041,px300,rgb,n_gt,9.23076923076923
W041,px300,rgb,n_pred,9.538461538461538
W041,px300,rgb,n_reg,11.692307692307692
W042,frac0,depth,f1@0.5,0.1608082760462791
W042,frac0,depth,f1@0.75,0.1160369015874046
W042,frac0,depth,miou,0.2435431534394004
W042,frac0,depth,n_gt,12.3125
W042,frac0,depth,n_pred,2.9375
W042,frac0,depth,n_reg,2.9375
W042,frac0,normal,f1@0.5,0.4373508705888568
W042,frac0,normal,f1@0.75,0.3125582401326108
W042,frac0,normal,miou,0.5278716041682991
W042,frac0,normal,n_gt,12.3125
W042,frac0,normal,n_pred,7.125
W042,frac0,normal,n_reg,7.125
W042,frac0,rgb,f1@0.5,0.5085424448739666
W042,frac0,rgb,f1@0.75,0.4529420036485254
W042,frac0,rgb,miou,0.7664643790936811
W042,frac0,rgb,n_gt,12.3125
W042,frac0,rgb,n_pred,10.375
W042,frac0,rgb,n_reg,10.375
W042,frac0.001,depth,f1@0.5,0.201320381007881
W042,frac0.001,depth,f1@0.75,0.1436814921189921
W042,frac0.001,depth,miou,0.2435431534394004
W042,frac0.001,depth,n_gt,10.25
W042,frac0.001,depth,n_pred,2.1875
W042,frac0.001,depth,n_reg,2.9375
W042,frac0.001,normal,f1@0.5,0.4981938608776844
W042,frac0.001,normal,f1@0.75,0.3552550186741363
W042,frac0.001,normal,miou,0.5278716041682991
W042,frac0.001,normal,n_gt,10.25
W042,frac0.001,normal,n_pred,6.875
W042,frac0.001,normal,n_reg,7.125
W042,frac0.001,rgb,f1@0.5,0.5805608470504907
W042,frac0.001,rgb,f1@0.75,0.5200943089166185
W042,frac0.001,rgb,miou,0.7664643790936811
W042,frac0.001,rgb,n_gt,10.25
W042,frac0.001,rgb,n_pred,9.625
W042,frac0.001,rgb,n_reg,10.375
W042,frac0.005,depth,f1@0.5,0.2271221833721833
W042,frac0.005,depth,f1@0.75,0.1618444055944056
W042,frac0.005,depth,miou,0.2435431534394004
W042,frac0.005,depth,n_gt,8.75
W042,frac0.005,depth,n_pred,2.1875
W042,frac0.005,depth,n_reg,2.9375
W042,frac0.005,normal,f1@0.5,0.5259091237709659
W042,frac0.005,normal,f1@0.75,0.392415031970953
W042,frac0.005,normal,miou,0.5278716041682991
W042,frac0.005,normal,n_gt,8.75
W042,frac0.005,normal,n_pred,6.6875
W042,frac0.005,normal,n_reg,7.125
W042,frac0.005,rgb,f1@0.5,0.6640368124307753
W042,frac0.005,rgb,f1@0.75,0.5965218239792544
W042,frac0.005,rgb,miou,0.7664643790936811
W042,frac0.005,rgb,n_gt,8.75
W042,frac0.005,rgb,n_pred,7.875
W042,frac0.005,rgb,n_reg,10.375
W042,px300,depth,f1@0.5,0.2043303918303918
W042,px300,depth,f1@0.75,0.1457445332445332
W042,px300,depth,miou,0.2435431534394004
W042,px300,depth,n_gt,10.0625
W042,px300,depth,n_pred,2.1875
W042,px300,depth,n_reg,2.9375
W042,px300,normal,f1@0.5,0.50531153250774
W042,px300,normal,f1@0.75,0.3595061489508084
W042,px300,normal,miou,0.5278716041682991
W042,px300,normal,n_gt,10.0625
W042,px300,normal,n_pred,6.8125
W042,px300,normal,n_reg,7.125
W042,px300,rgb,f1@0.5,0.58902730510934
W042,px300,rgb,f1@0.75,0.5274685168343046
W042,px300,rgb,miou,0.7664643790936811
W042,px300,rgb,n_gt,10.0625
W042,px300,rgb,n_pred,9.5
W042,px300,rgb,n_reg,10.375
W043,frac0,depth,f1@0.5,0.3490139882025168
W043,frac0,depth,f1@0.75,0.2496067779919825
W043,frac0,depth,miou,0.5299643315556548
W043,frac0,depth,n_gt,13.052631578947368
W043,frac0,depth,n_pred,5.368421052631579
W043,frac0,depth,n_reg,5.368421052631579
W043,frac0,normal,f1@0.5,0.5805123653094266
W043,frac0,normal,f1@0.75,0.4219943218690659
W043,frac0,normal,miou,0.7199829899570622
W043,frac0,normal,n_gt,13.052631578947368
W043,frac0,normal,n_pred,9.473684210526317
W043,frac0,normal,n_reg,9.473684210526317
W043,frac0,rgb,f1@0.5,0.547831820252742
W043,frac0,rgb,f1@0.75,0.4744377418786377
W043,frac0,rgb,miou,0.8882712397853585
W043,frac0,rgb,n_gt,13.052631578947368
W043,frac0,rgb,n_pred,16.842105263157894
W043,frac0,rgb,n_reg,16.842105263157894
W043,frac0.001,depth,f1@0.5,0.3998284191864116
W043,frac0.001,depth,f1@0.75,0.2853003499858641
W043,frac0.001,depth,miou,0.5299643315556548
W043,frac0.001,depth,n_gt,10.789473684210526
W043,frac0.001,depth,n_pred,5.368421052631579
W043,frac0.001,depth,n_reg,5.368421052631579
W043,frac0.001,normal,f1@0.5,0.6623947302635373
W043,frac0.001,normal,f1@0.75,0.4815899788650601
W043,frac0.001,normal,miou,0.7199829899570622
W043,frac0.001,normal,n_gt,10.789473684210526
W043,frac0.001,normal,n_pred,9.105263157894736
W043,frac0.001,normal,n_reg,9.473684210526317
W043,frac0.001,rgb,f1@0.5,0.6472251354015333
W043,frac0.001,rgb,f1@0.75,0.5607858786242894
W043,frac0.001,rgb,miou,0.8882712397853585
W043,frac0.001,rgb,n_gt,10.789473684210526
W043,frac0.001,rgb,n_pred,14.894736842105264
W043,frac0.001,rgb,n_reg,16.842105263157894
W043,frac0.005,depth,f1@0.5,0.4030798637569046
W043,frac0.005,depth,f1@0.75,0.3066045124827918
W043,frac0.005,depth,miou,0.5299643315556548
W043,frac0.005,depth,n_gt,8.894736842105264
W043,frac0.005,depth,n_pred,4.7368421052631575
W043,frac0.005,depth,n_reg,5.368421052631579
W043,frac0.005,normal,f1@0.5,0.7420484649057242
W043,frac0.005,normal,f1@0.75,0.574925405013396
W043,frac0.005,normal,miou,0.7199829899570622
W043,frac0.005,normal,n_gt,8.894736842105264
W043,frac0.005,normal,n_pred,7.526315789473684
W043,frac0.005,normal,n_reg,9.473684210526317
W043,frac0.005,rgb,f1@0.5,0.733913780607357
W043,frac0.005,rgb,f1@0.75,0.6565804200656239
W043,frac0.005,rgb,miou,0.8882712397853585
W043,frac0.005,rgb,n_gt,8.894736842105264
W043,frac0.005,rgb,n_pred,12.578947368421051
W043,frac0.005,rgb,n_reg,16.842105263157894
W043,px300,depth,f1@0.5,0.4069687993103342
W043,px300,depth,f1@0.75,0.2910912024444695
W043,px300,depth,miou,0.5299643315556548
W043,px300,depth,n_gt,10.578947368421051
W043,px300,depth,n_pred,5.368421052631579
W043,px300,depth,n_reg,5.368421052631579
W043,px300,normal,f1@0.5,0.6711535780922466
W043,px300,normal,f1@0.75,0.4880564618593396
W043,px300,normal,miou,0.7199829899570622
W043,px300,normal,n_gt,10.578947368421051
W043,px300,normal,n_pred,9.105263157894736
W043,px300,normal,n_reg,9.473684210526317
W043,px300,rgb,f1@0.5,0.6569037598093582
W043,px300,rgb,f1@0.75,0.568732459519576
W043,px300,rgb,miou,0.8882712397853585
W043,px300,rgb,n_gt,10.578947368421051
W043,px300,rgb,n_pred,14.789473684210526
W043,px300,rgb,n_reg,16.842105263157894
W044,frac0,depth,f1@0.5,0.2704102298667516
W044,frac0,depth,f1@0.75,0.1875599883208578
W044,frac0,depth,miou,0.5128830640767682
W044,frac0,depth,n_gt,13.5
W044,frac0,depth,n_pred,10.583333333333334
W044,frac0,depth,n_reg,10.583333333333334
W044,frac0,normal,f1@0.5,0.4730670638429259
W044,frac0,normal,f1@0.75,0.4371171155366558
W044,frac0,normal,miou,0.670175420860545
W044,frac0,normal,n_gt,13.5
W044,frac0,normal,n_pred,13.833333333333334
W044,frac0,normal,n_reg,13.833333333333334
W044,frac0,rgb,f1@0.5,0.4993185565553986
W044,frac0,rgb,f1@0.75,0.402259800286116
W044,frac0,rgb,miou,0.8549673254909549
W044,frac0,rgb,n_gt,13.5
W044,frac0,rgb,n_pred,24.25
W044,frac0,rgb,n_reg,24.25
W044,frac0.001,depth,f1@0.5,0.309164299864596
W044,frac0.001,depth,f1@0.75,0.2155789696087852
W044,frac0.001,depth,miou,0.5128830640767682
W044,frac0.001,depth,n_gt,11.416666666666666
W044,frac0.001,depth,n_pred,9.583333333333334
W044,frac0.001,depth,n_reg,10.583333333333334
W044,frac0.001,normal,f1@0.5,0.538566583217613
W044,frac0.001,normal,f1@0.75,0.4989721532246323
W044,frac0.001,normal,miou,0.670175420860545
W044,frac0.001,normal,n_gt,11.416666666666666
W044,frac0.001,normal,n_pred,12.833333333333334
W044,frac0.001,normal,n_reg,13.833333333333334
W044,frac0.001,rgb,f1@0.5,0.577538019426065
W044,frac0.001,rgb,f1@0.75,0.4703197218140292
W044,frac0.001,rgb,miou,0.8549673254909549
W044,frac0.001,rgb,n_gt,11.416666666666666
W044,frac0.001,rgb,n_pred,21.166666666666668
W044,frac0.001,rgb,n_reg,24.25
W044,frac0.005,depth,f1@0.5,0.3157283527446066
W044,frac0.005,depth,f1@0.75,0.2145449407833308
W044,frac0.005,depth,miou,0.5128830640767682
W044,frac0.005,depth,n_gt,9.75
W044,frac0.005,depth,n_pred,8.166666666666666
W044,frac0.005,depth,n_reg,10.583333333333334
W044,frac0.005,normal,f1@0.5,0.5980220700489243
W044,frac0.005,normal,f1@0.75,0.5524734158046178
W044,frac0.005,normal,miou,0.670175420860545
W044,frac0.005,normal,n_gt,9.75
W044,frac0.005,normal,n_pred,11.666666666666666
W044,frac0.005,normal,n_reg,13.833333333333334
W044,frac0.005,rgb,f1@0.5,0.6737160339387452
W044,frac0.005,rgb,f1@0.75,0.5501535423397074
W044,frac0.005,rgb,miou,0.8549673254909549
W044,frac0.005,rgb,n_gt,9.75
W044,frac0.005,rgb,n_pred,16.25
W044,frac0.005,rgb,n_reg,24.25
W044,px300,depth,f1@0.5,0.3073130809081139
W044,px300,depth,f1@0.75,0.211027819005003
W044,px300,depth,miou,0.5128830640767682
W044,px300,depth,n_gt,11.25
W044,px300,depth,n_pred,9.333333333333334
W044,px300,depth,n_reg,10.583333333333334
W044,px300,normal,f1@0.5,0.5443830474551298
W044,px300,normal,f1@0.75,0.5047886174621491
W044,px300,normal,miou,0.670175420860545
W044,px300,normal,n_gt,11.25
W044,px300,normal,n_pred,12.833333333333334
W044,px300,normal,n_reg,13.833333333333334
W044,px300,rgb,f1@0.5,0.5816767750966834
W044,px300,rgb,f1@0.75,0.4725437006311452
W044,px300,rgb,miou,0.8549673254909549
W044,px300,rgb,n_gt,11.25
W044,px300,rgb,n_pred,20.83333333333333
W044,px300,rgb,n_reg,24.25
W045,frac0,depth,f1@0.5,0.4647242463418934
W045,frac0,depth,f1@0.75,0.3061366329748682
W045,frac0,depth,miou,0.5872846088009788
W045,frac0,depth,n_gt,10.0
W045,frac0,depth,n_pred,5.5
W045,frac0,depth,n_reg,5.5
W045,frac0,normal,f1@0.5,0.4197892793481028
W045,frac0,normal,f1@0.75,0.2285735506323741
W045,frac0,normal,miou,0.4973274806845476
W045,frac0,normal,n_gt,10.0
W045,frac0,normal,n_pred,5.833333333333333
W045,frac0,normal,n_reg,5.833333333333333
W045,frac0,rgb,f1@0.5,0.7322843176625651
W045,frac0,rgb,f1@0.75,0.5625767021748984
W045,frac0,rgb,miou,0.8497797251171342
W045,frac0,rgb,n_gt,10.0
W045,frac0,rgb,n_pred,10.75
W045,frac0,rgb,n_reg,10.75
W045,frac0.001,depth,f1@0.5,0.5024109877051054
W045,frac0.001,depth,f1@0.75,0.3319011054305171
W045,frac0.001,depth,miou,0.5872846088009788
W045,frac0.001,depth,n_gt,8.666666666666666
W045,frac0.001,depth,n_pred,5.5
W045,frac0.001,depth,n_reg,5.5
W045,frac0.001,normal,f1@0.5,0.451081326081326
W045,frac0.001,normal,f1@0.75,0.2496549746549746
W045,frac0.001,normal,miou,0.4973274806845476
W045,frac0.001,normal,n_gt,8.666666666666666
W045,frac0.001,normal,n_pred,5.75
W045,frac0.001,normal,n_reg,5.833333333333333
W045,frac0.001,rgb,f1@0.5,0.7832969790787128
W045,frac0.001,rgb,f1@0.75,0.6055903461863213
W045,frac0.001,rgb,miou,0.8497797251171342
W045,frac0.001,rgb,n_gt,8.666666666666666
W045,frac0.001,rgb,n_pred,10.25
W045,frac0.001,rgb,n_reg,10.75
W045,frac0.005,depth,f1@0.5,0.5209258062199239
W045,frac0.005,depth,f1@0.75,0.3447604682898801
W045,frac0.005,depth,miou,0.5872846088009788
W045,frac0.005,depth,n_gt,8.333333333333334
W045,frac0.005,depth,n_pred,5.416666666666667
W045,frac0.005,depth,n_reg,5.5
W045,frac0.005,normal,f1@0.5,0.4725986975986976
W045,frac0.005,normal,f1@0.75,0.2619759869759869
W045,frac0.005,normal,miou,0.4973274806845476
W045,frac0.005,normal,n_gt,8.333333333333334
W045,frac0.005,normal,n_pred,5.416666666666667
W045,frac0.005,normal,n_reg,5.833333333333333
W045,frac0.005,rgb,f1@0.5,0.8465245016135109
W045,frac0.005,rgb,f1@0.75,0.678408644159418
W045,frac0.005,rgb,miou,0.8497797251171342
W045,frac0.005,rgb,n_gt,8.333333333333334
W045,frac0.005,rgb,n_pred,8.583333333333334
W045,frac0.005,rgb,n_reg,10.75
W045,px300,depth,f1@0.5,0.5051582404523581
W045,px300,depth,f1@0.75,0.3346483581777699
W045,px300,depth,miou,0.5872846088009788
W045,px300,depth,n_gt,8.583333333333334
W045,px300,depth,n_pred,5.5
W045,px300,depth,n_reg,5.5
W045,px300,normal,f1@0.5,0.4542559292559292
W045,px300,normal,f1@0.75,0.252035927035927
W045,px300,normal,miou,0.4973274806845476
W045,px300,normal,n_gt,8.583333333333334
W045,px300,normal,n_pred,5.75
W045,px300,normal,n_reg,5.833333333333333
W045,px300,rgb,f1@0.5,0.793378248428558
W045,px300,rgb,f1@0.75,0.6139172295712543
W045,px300,rgb,miou,0.8497797251171342
W045,px300,rgb,n_gt,8.583333333333334
W045,px300,rgb,n_pred,10.083333333333334
W045,px300,rgb,n_reg,10.75
W046,frac0,depth,f1@0.5,0.5544507575757576
W046,frac0,depth,f1@0.75,0.3018781565656565
W046,frac0,depth,miou,0.607503993865293
W046,frac0,depth,n_gt,8.75
W046,frac0,depth,n_pred,5.75
W046,frac0,depth,n_reg,5.75
W046,frac0,normal,f1@0.5,0.3447991244866245
W046,frac0,normal,f1@0.75,0.1322281884781884
W046,frac0,normal,miou,0.3854989793937941
W046,frac0,normal,n_gt,8.75
W046,frac0,normal,n_pred,4.375
W046,frac0,normal,n_reg,4.375
W046,frac0,rgb,f1@0.5,0.638003982494114
W046,frac0,rgb,f1@0.75,0.4721564802156907
W046,frac0,rgb,miou,0.6885616874520886
W046,frac0,rgb,n_gt,8.75
W046,frac0,rgb,n_pred,10.25
W046,frac0,rgb,n_reg,10.25
W046,frac0.001,depth,f1@0.5,0.5817115176490176
W046,frac0.001,depth,f1@0.75,0.3159673659673659
W046,frac0.001,depth,miou,0.607503993865293
W046,frac0.001,depth,n_gt,8.0625
W046,frac0.001,depth,n_pred,5.5625
W046,frac0.001,depth,n_reg,5.75
W046,frac0.001,normal,f1@0.5,0.3719953657453657
W046,frac0.001,normal,f1@0.75,0.1416208791208791
W046,frac0.001,normal,miou,0.3854989793937941
W046,frac0.001,normal,n_gt,8.0625
W046,frac0.001,normal,n_pred,4.0625
W046,frac0.001,normal,n_reg,4.375
W046,frac0.001,rgb,f1@0.5,0.6973639675168313
W046,frac0.001,rgb,f1@0.75,0.5138492677772863
W046,frac0.001,rgb,miou,0.6885616874520886
W046,frac0.001,rgb,n_gt,8.0625
W046,frac0.001,rgb,n_pred,9.0625
W046,frac0.001,rgb,n_reg,10.25
W046,frac0.005,depth,f1@0.5,0.5964316933066933
W046,frac0.005,depth,f1@0.75,0.3220826048951049
W046,frac0.005,depth,miou,0.607503993865293
W046,frac0.005,depth,n_gt,7.6875
W046,frac0.005,depth,n_pred,5.5
W046,frac0.005,depth,n_reg,5.75
W046,frac0.005,normal,f1@0.5,0.3880001942501943
W046,frac0.005,normal,f1@0.75,0.1472610722610722
W046,frac0.005,normal,miou,0.3854989793937941
W046,frac0.005,normal,n_gt,7.6875
W046,frac0.005,normal,n_pred,3.8125
W046,frac0.005,normal,n_reg,4.375
W046,frac0.005,rgb,f1@0.5,0.7769141462252918
W046,frac0.005,rgb,f1@0.75,0.5699284622755985
W046,frac0.005,rgb,miou,0.6885616874520886
W046,frac0.005,rgb,n_gt,7.6875
W046,frac0.005,rgb,n_pred,7.5
W046,frac0.005,rgb,n_reg,10.25
W046,px300,depth,f1@0.5,0.5833140817515817
W046,px300,depth,f1@0.75,0.316768648018648
W046,px300,depth,miou,0.607503993865293
W046,px300,depth,n_gt,8.0
W046,px300,depth,n_pred,5.5625
W046,px300,depth,n_reg,5.75
W046,px300,normal,f1@0.5,0.3719953657453657
W046,px300,normal,f1@0.75,0.1416208791208791
W046,px300,normal,miou,0.3854989793937941
W046,px300,normal,n_gt,8.0
W046,px300,normal,n_pred,4.0625
W046,px300,normal,n_reg,4.375
W046,px300,rgb,f1@0.5,0.7051329303651285
W046,px300,rgb,f1@0.75,0.5190285763428178
W046,px300,rgb,miou,0.6885616874520886
W046,px300,rgb,n_gt,8.0
W046,px300,rgb,n_pred,8.9375
W046,px300,rgb,n_reg,10.25
W047,frac0,depth,f1@0.5,0.1566610719861494
W047,frac0,depth,f1@0.75,0.0541787160208212
W047,frac0,depth,miou,0.2228725354537083
W047,frac0,depth,n_gt,10.263157894736842
W047,frac0,depth,n_pred,3.842105263157895
W047,frac0,depth,n_reg,3.842105263157895
W047,frac0,normal,f1@0.5,0.2336690955560109
W047,frac0,normal,f1@0.75,0.0733201330561604
W047,frac0,normal,miou,0.2755532537962036
W047,frac0,normal,n_gt,10.263157894736842
W047,frac0,normal,n_pred,5.526315789473684
W047,frac0,normal,n_reg,5.526315789473684
W047,frac0,rgb,f1@0.5,0.4699117783921291
W047,frac0,rgb,f1@0.75,0.3123217026531916
W047,frac0,rgb,miou,0.70483337942801
W047,frac0,rgb,n_gt,10.263157894736842
W047,frac0,rgb,n_pred,11.473684210526317
W047,frac0,rgb,n_reg,11.473684210526317
W047,frac0.001,depth,f1@0.5,0.1675648912491017
W047,frac0.001,depth,f1@0.75,0.0598944914734388
W047,frac0.001,depth,miou,0.2228725354537083
W047,frac0.001,depth,n_gt,9.210526315789474
W047,frac0.001,depth,n_pred,3.684210526315789
W047,frac0.001,depth,n_reg,3.842105263157895
W047,frac0.001,normal,f1@0.5,0.2507013712122071
W047,frac0.001,normal,f1@0.75,0.0789583653360743
W047,frac0.001,normal,miou,0.2755532537962036
W047,frac0.001,normal,n_gt,9.210526315789474
W047,frac0.001,normal,n_pred,5.315789473684211
W047,frac0.001,normal,n_reg,5.526315789473684
W047,frac0.001,rgb,f1@0.5,0.5174694879587157
W047,frac0.001,rgb,f1@0.75,0.3424553458858919
W047,frac0.001,rgb,miou,0.70483337942801
W047,frac0.001,rgb,n_gt,9.210526315789474
W047,frac0.001,rgb,n_pred,10.526315789473683
W047,frac0.001,rgb,n_reg,11.473684210526317
W047,frac0.005,depth,f1@0.5,0.1806001016527332
W047,frac0.005,depth,f1@0.75,0.0605692553060974
W047,frac0.005,depth,miou,0.2228725354537083
W047,frac0.005,depth,n_gt,8.631578947368421
W047,frac0.005,depth,n_pred,3.526315789473684
W047,frac0.005,depth,n_reg,3.842105263157895
W047,frac0.005,normal,f1@0.5,0.2634153256444278
W047,frac0.005,normal,f1@0.75,0.0844645550527903
W047,frac0.005,normal,miou,0.2755532537962036
W047,frac0.005,normal,n_gt,8.631578947368421
W047,frac0.005,normal,n_pred,5.2105263157894735
W047,frac0.005,normal,n_reg,5.526315789473684
W047,frac0.005,rgb,f1@0.5,0.5401474744694063
W047,frac0.005,rgb,f1@0.75,0.3644738884170415
W047,frac0.005,rgb,miou,0.70483337942801
W047,frac0.005,rgb,n_gt,8.631578947368421
W047,frac0.005,rgb,n_pred,9.578947368421051
W047,frac0.005,rgb,n_reg,11.473684210526317
W047,px300,depth,f1@0.5,0.16925662057241
W047,px300,depth,f1@0.75,0.0598944914734388
W047,px300,depth,miou,0.2228725354537083
W047,px300,depth,n_gt,9.052631578947368
W047,px300,depth,n_pred,3.631578947368421
W047,px300,depth,n_reg,3.842105263157895
W047,px300,normal,f1@0.5,0.2524063311989008
W047,px300,normal,f1@0.75,0.080319328074746
W047,px300,normal,miou,0.2755532537962036
W047,px300,normal,n_gt,9.052631578947368
W047,px300,normal,n_pred,5.315789473684211
W047,px300,normal,n_reg,5.526315789473684
W047,px300,rgb,f1@0.5,0.5253688476887391
W047,px300,rgb,f1@0.75,0.3480150985370573
W047,px300,rgb,miou,0.70483337942801
W047,px300,rgb,n_gt,9.052631578947368
W047,px300,rgb,n_pred,10.36842105263158
W047,px300,rgb,n_reg,11.473684210526317
W048,frac0,depth,f1@0.5,0.2648795299850286
W048,frac0,depth,f1@0.75,0.1361142557593964
W048,frac0,depth,miou,0.300785689629007
W048,frac0,depth,n_gt,11.083333333333334
W048,frac0,depth,n_pred,5.0
W048,frac0,depth,n_reg,5.0
W048,frac0,normal,f1@0.5,0.3627822794489461
W048,frac0,normal,f1@0.75,0.1655028459195126
W048,frac0,normal,miou,0.4544177642120584
W048,frac0,normal,n_gt,11.083333333333334
W048,frac0,normal,n_pred,8.666666666666666
W048,frac0,normal,n_reg,8.666666666666666
W048,frac0,rgb,f1@0.5,0.278430012911437
W048,frac0,rgb,f1@0.75,0.1612392192036155
W048,frac0,rgb,miou,0.4656562516206481
W048,frac0,rgb,n_gt,11.083333333333334
W048,frac0,rgb,n_pred,18.08333333333333
W048,frac0,rgb,n_reg,18.08333333333333
W048,frac0.001,depth,f1@0.5,0.2981523922700393
W048,frac0.001,depth,f1@0.75,0.1528364881306057
W048,frac0.001,depth,miou,0.300785689629007
W048,frac0.001,depth,n_gt,9.416666666666666
W048,frac0.001,depth,n_pred,4.833333333333333
W048,frac0.001,depth,n_reg,5.0
W048,frac0.001,normal,f1@0.5,0.3941507022389375
W048,frac0.001,normal,f1@0.75,0.177157605466429
W048,frac0.001,normal,miou,0.4544177642120584
W048,frac0.001,normal,n_gt,9.416666666666666
W048,frac0.001,normal,n_pred,8.666666666666666
W048,frac0.001,normal,n_reg,8.666666666666666
W048,frac0.001,rgb,f1@0.5,0.314324142513642
W048,frac0.001,rgb,f1@0.75,0.1812853397605719
W048,frac0.001,rgb,miou,0.4656562516206481
W048,frac0.001,rgb,n_gt,9.416666666666666
W048,frac0.001,rgb,n_pred,16.416666666666668
W048,frac0.001,rgb,n_reg,18.08333333333333
W048,frac0.005,depth,f1@0.5,0.2846292052174405
W048,frac0.005,depth,f1@0.75,0.1461410321704439
W048,frac0.005,depth,miou,0.300785689629007
W048,frac0.005,depth,n_gt,8.75
W048,frac0.005,depth,n_pred,4.666666666666667
W048,frac0.005,depth,n_reg,5.0
W048,frac0.005,normal,f1@0.5,0.3787392374853675
W048,frac0.005,normal,f1@0.75,0.1745963387604254
W048,frac0.005,normal,miou,0.4544177642120584
W048,frac0.005,normal,n_gt,8.75
W048,frac0.005,normal,n_pred,8.25
W048,frac0.005,normal,n_reg,8.666666666666666
W048,frac0.005,rgb,f1@0.5,0.3561973557245464
W048,frac0.005,rgb,f1@0.75,0.200978808175268
W048,frac0.005,rgb,miou,0.4656562516206481
W048,frac0.005,rgb,n_gt,8.75
W048,frac0.005,rgb,n_pred,10.416666666666666
W048,frac0.005,rgb,n_reg,18.08333333333333
W048,px300,depth,f1@0.5,0.2981523922700393
W048,px300,depth,f1@0.75,0.1528364881306057
W048,px300,depth,miou,0.300785689629007
W048,px300,depth,n_gt,9.416666666666666
W048,px300,depth,n_pred,4.833333333333333
W048,px300,depth,n_reg,5.0
W048,px300,normal,f1@0.5,0.3941507022389375
W048,px300,normal,f1@0.75,0.177157605466429
W048,px300,normal,miou,0.4544177642120584
W048,px300,normal,n_gt,9.416666666666666
W048,px300,normal,n_pred,8.666666666666666
W048,px300,normal,n_reg,8.666666666666666
W048,px300,rgb,f1@0.5,0.3174897269292264
W048,px300,rgb,f1@0.75,0.1824713065715387
W048,px300,rgb,miou,0.4656562516206481
W048,px300,rgb,n_gt,9.416666666666666
W048,px300,rgb,n_pred,16.166666666666668
W048,px300,rgb,n_reg,18.08333333333333
W049,frac0,depth,f1@0.5,0.3414708055961926
W049,frac0,depth,f1@0.75,0.1837980072258322
W049,frac0,depth,miou,0.4735821150638724
W049,frac0,depth,n_gt,8.5625
W049,frac0,depth,n_pred,8.1875
W049,frac0,depth,n_reg,8.1875
W049,frac0,normal,f1@0.5,0.46191104646987
W049,frac0,normal,f1@0.75,0.3069977510234863
W049,frac0,normal,miou,0.701830447053003
W049,frac0,normal,n_gt,8.5625
W049,frac0,normal,n_pred,7.625
W049,frac0,normal,n_reg,7.625
W049,frac0,rgb,f1@0.5,0.5251053491572067
W049,frac0,rgb,f1@0.75,0.4935264017887857
W049,frac0,rgb,miou,0.7196428509638777
W049,frac0,rgb,n_gt,8.5625
W049,frac0,rgb,n_pred,9.3125
W049,frac0,rgb,n_reg,9.3125
W049,frac0.001,depth,f1@0.5,0.3568766609207786
W049,frac0.001,depth,f1@0.75,0.19173198125404
W049,frac0.001,depth,miou,0.4735821150638724
W049,frac0.001,depth,n_gt,8.0
W049,frac0.001,depth,n_pred,8.0
W049,frac0.001,depth,n_reg,8.1875
W049,frac0.001,normal,f1@0.5,0.4874609459168282
W049,frac0.001,normal,f1@0.75,0.3243407940099116
W049,frac0.001,normal,miou,0.701830447053003
W049,frac0.001,normal,n_gt,8.0
W049,frac0.001,normal,n_pred,7.3125
W049,frac0.001,normal,n_reg,7.625
W049,frac0.001,rgb,f1@0.5,0.5497094451815814
W049,frac0.001,rgb,f1@0.75,0.5160837141874294
W049,frac0.001,rgb,miou,0.7196428509638777
W049,frac0.001,rgb,n_gt,8.0
W049,frac0.001,rgb,n_pred,9.0625
W049,frac0.001,rgb,n_reg,9.3125
W049,frac0.005,depth,f1@0.5,0.4233744707090295
W049,frac0.005,depth,f1@0.75,0.2252606054076642
W049,frac0.005,depth,miou,0.4735821150638724
W049,frac0.005,depth,n_gt,7.5625
W049,frac0.005,depth,n_pred,6.125
W049,frac0.005,depth,n_reg,8.1875
W049,frac0.005,normal,f1@0.5,0.5267763486513487
W049,frac0.005,normal,f1@0.75,0.3510411463536463
W049,frac0.005,normal,miou,0.701830447053003
W049,frac0.005,normal,n_gt,7.5625
W049,frac0.005,normal,n_pred,6.625
W049,frac0.005,normal,n_reg,7.625
W049,frac0.005,rgb,f1@0.5,0.6538885440539852
W049,frac0.005,rgb,f1@0.75,0.6240172205245734
W049,frac0.005,rgb,miou,0.7196428509638777
W049,frac0.005,rgb,n_gt,7.5625
W049,frac0.005,rgb,n_pred,6.6875
W049,frac0.005,rgb,n_reg,9.3125
W049,px300,depth,f1@0.5,0.3613409466350643
W049,px300,depth,f1@0.75,0.1933688860159448
W049,px300,depth,miou,0.4735821150638724
W049,px300,depth,n_gt,8.0
W049,px300,depth,n_pred,7.875
W049,px300,depth,n_reg,8.1875
W049,px300,normal,f1@0.5,0.4892991812109459
W049,px300,normal,f1@0.75,0.3257194704804999
W049,px300,normal,miou,0.701830447053003
W049,px300,normal,n_gt,8.0
W049,px300,normal,n_pred,7.25
W049,px300,normal,n_reg,7.625
W049,px300,rgb,f1@0.5,0.5559180580126788
W049,px300,rgb,f1@0.75,0.5222923270185267
W049,px300,rgb,miou,0.7196428509638777
W049,px300,rgb,n_gt,8.0
W049,px300,rgb,n_pred,8.875
W049,px300,rgb,n_reg,9.3125
W050,frac0,depth,f1@0.5,0.5641803641012821
W050,frac0,depth,f1@0.75,0.2142178366682001
W050,frac0,depth,miou,0.5968582281342052
W050,frac0,depth,n_gt,9.8
W050,frac0,depth,n_pred,6.85
W050,frac0,depth,n_reg,6.85
W050,frac0,normal,f1@0.5,0.4771694843945483
W050,frac0,normal,f1@0.75,0.3444088537918461
W050,frac0,normal,miou,0.6543825573347944
W050,frac0,normal,n_gt,9.8
W050,frac0,normal,n_pred,7.8
W050,frac0,normal,n_reg,7.8
W050,frac0,rgb,f1@0.5,0.6024088166735225
W050,frac0,rgb,f1@0.75,0.5287576639047227
W050,frac0,rgb,miou,0.5571760857242457
W050,frac0,rgb,n_gt,9.8
W050,frac0,rgb,n_pred,6.6
W050,frac0,rgb,n_reg,6.6
W050,frac0.001,depth,f1@0.5,0.592694878221194
W050,frac0.001,depth,f1@0.75,0.2253019568151147
W050,frac0.001,depth,miou,0.5968582281342052
W050,frac0.001,depth,n_gt,8.95
W050,frac0.001,depth,n_pred,6.85
W050,frac0.001,depth,n_reg,6.85
W050,frac0.001,normal,f1@0.5,0.5121483856700575
W050,frac0.001,normal,f1@0.75,0.3701678829426507
W050,frac0.001,normal,miou,0.6543825573347944
W050,frac0.001,normal,n_gt,8.95
W050,frac0.001,normal,n_pred,7.45
W050,frac0.001,normal,n_reg,7.8
W050,frac0.001,rgb,f1@0.5,0.644985504691387
W050,frac0.001,rgb,f1@0.75,0.5655832402891227
W050,frac0.001,rgb,miou,0.5571760857242457
W050,frac0.001,rgb,n_gt,8.95
W050,frac0.001,rgb,n_pred,6.3
W050,frac0.001,rgb,n_reg,6.6
W050,frac0.005,depth,f1@0.5,0.6146657586479568
W050,frac0.005,depth,f1@0.75,0.2286028367916913
W050,frac0.005,depth,miou,0.5968582281342052
W050,frac0.005,depth,n_gt,8.25
W050,frac0.005,depth,n_pred,6.8
W050,frac0.005,depth,n_reg,6.85
W050,frac0.005,normal,f1@0.5,0.5443930497606968
W050,frac0.005,normal,f1@0.75,0.3929174338733162
W050,frac0.005,normal,miou,0.6543825573347944
W050,frac0.005,normal,n_gt,8.25
W050,frac0.005,normal,n_pred,6.95
W050,frac0.005,normal,n_reg,7.8
W050,frac0.005,rgb,f1@0.5,0.689075369075369
W050,frac0.005,rgb,f1@0.75,0.6029555167055167
W050,frac0.005,rgb,miou,0.5571760857242457
W050,frac0.005,rgb,n_gt,8.25
W050,frac0.005,rgb,n_pred,5.85
W050,frac0.005,rgb,n_reg,6.6
W050,px300,depth,f1@0.5,0.5951716584069525
W050,px300,depth,f1@0.75,0.226213549522373
W050,px300,depth,miou,0.5968582281342052
W050,px300,depth,n_gt,8.85
W050,px300,depth,n_pred,6.85
W050,px300,depth,n_reg,6.85
W050,px300,normal,f1@0.5,0.5195156915667751
W050,px300,normal,f1@0.75,0.3755069801199832
W050,px300,normal,miou,0.6543825573347944
W050,px300,normal,n_gt,8.85
W050,px300,normal,n_pred,7.3
W050,px300,normal,n_reg,7.8
W050,px300,rgb,f1@0.5,0.6532547354606179
W050,px300,rgb,f1@0.75,0.573376280582163
W050,px300,rgb,miou,0.5571760857242457
W050,px300,rgb,n_gt,8.85
W050,px300,rgb,n_pred,6.2
W050,px300,rgb,n_reg,6.6
W051,frac0,depth,f1@0.5,0.4487618676473165
W051,frac0,depth,f1@0.75,0.2758859647404539
W051,frac0,depth,miou,0.3730960419420172
W051,frac0,depth,n_gt,11.529411764705882
W051,frac0,depth,n_pred,3.5294117647058822
W051,frac0,depth,n_reg,3.5294117647058822
W051,frac0,normal,f1@0.5,0.2379822599545782
W051,frac0,normal,f1@0.75,0.0298714357537886
W051,frac0,normal,miou,0.2337151391193084
W051,frac0,normal,n_gt,11.529411764705882
W051,frac0,normal,n_pred,5.470588235294118
W051,frac0,normal,n_reg,5.470588235294118
W051,frac0,rgb,f1@0.5,0.6615034940117882
W051,frac0,rgb,f1@0.75,0.5629429407846264
W051,frac0,rgb,miou,0.7251018795663687
W051,frac0,rgb,n_gt,11.529411764705882
W051,frac0,rgb,n_pred,9.588235294117649
W051,frac0,rgb,n_reg,9.588235294117649
W051,frac0.001,depth,f1@0.5,0.4669060213951854
W051,frac0.001,depth,f1@0.75,0.28709914096911
W051,frac0.001,depth,miou,0.3730960419420172
W051,frac0.001,depth,n_gt,10.941176470588236
W051,frac0.001,depth,n_pred,3.5294117647058822
W051,frac0.001,depth,n_reg,3.5294117647058822
W051,frac0.001,normal,f1@0.5,0.2467698391573824
W051,frac0.001,normal,f1@0.75,0.0302559032662838
W051,frac0.001,normal,miou,0.2337151391193084
W051,frac0.001,normal,n_gt,10.941176470588236
W051,frac0.001,normal,n_pred,5.470588235294118
W051,frac0.001,normal,n_reg,5.470588235294118
W051,frac0.001,rgb,f1@0.5,0.7067125292339674
W051,frac0.001,rgb,f1@0.75,0.6014805038499939
W051,frac0.001,rgb,miou,0.7251018795663687
W051,frac0.001,rgb,n_gt,10.941176470588236
W051,frac0.001,rgb,n_pred,8.764705882352942
W051,frac0.001,rgb,n_reg,9.588235294117649
W051,frac0.005,depth,f1@0.5,0.4932890446731277
W051,frac0.005,depth,f1@0.75,0.3024665837814626
W051,frac0.005,depth,miou,0.3730960419420172
W051,frac0.005,depth,n_gt,10.0
W051,frac0.005,depth,n_pred,3.5294117647058822
W051,frac0.005,depth,n_reg,3.5294117647058822
W051,frac0.005,normal,f1@0.5,0.2661002441780078
W051,frac0.005,normal,f1@0.75,0.0334967320261437
W051,frac0.005,normal,miou,0.2337151391193084
W051,frac0.005,normal,n_gt,10.0
W051,frac0.005,normal,n_pred,5.117647058823529
W051,frac0.005,normal,n_reg,5.470588235294118
W051,frac0.005,rgb,f1@0.5,0.7768661065179875
W051,frac0.005,rgb,f1@0.75,0.6584303834155371
W051,frac0.005,rgb,miou,0.7251018795663687
W051,frac0.005,rgb,n_gt,10.0
W051,frac0.005,rgb,n_pred,7.647058823529412
W051,frac0.005,rgb,n_reg,9.588235294117649
W051,px300,depth,f1@0.5,0.4679380131392515
W051,px300,depth,f1@0.75,0.287787135465154
W051,px300,depth,miou,0.3730960419420172
W051,px300,depth,n_gt,10.882352941176473
W051,px300,depth,n_pred,3.5294117647058822
W051,px300,depth,n_reg,3.5294117647058822
W051,px300,normal,f1@0.5,0.2486228880692548
W051,px300,normal,f1@0.75,0.0309023156774021
W051,px300,normal,miou,0.2337151391193084
W051,px300,normal,n_gt,10.882352941176473
W051,px300,normal,n_pred,5.411764705882353
W051,px300,normal,n_reg,5.470588235294118
W051,px300,rgb,f1@0.5,0.7102831274337217
W051,px300,rgb,f1@0.75,0.6043286786930535
W051,px300,rgb,miou,0.7251018795663687
W051,px300,rgb,n_gt,10.882352941176473
W051,px300,rgb,n_pred,8.705882352941176
W051,px300,rgb,n_reg,9.588235294117649
W052,frac0,depth,f1@0.5,0.436599388016392
W052,frac0,depth,f1@0.75,0.2428610975169679
W052,frac0,depth,miou,0.3559335669906026
W052,frac0,depth,n_gt,12.615384615384617
W052,frac0,depth,n_pred,3.692307692307693
W052,frac0,depth,n_reg,3.692307692307693
W052,frac0,normal,f1@0.5,0.2551012320219274
W052,frac0,normal,f1@0.75,0.1417946667922852
W052,frac0,normal,miou,0.3466720346076525
W052,frac0,normal,n_gt,12.615384615384617
W052,frac0,normal,n_pred,6.846153846153846
W052,frac0,normal,n_reg,6.846153846153846
W052,frac0,rgb,f1@0.5,0.6018559218559218
W052,frac0,rgb,f1@0.75,0.4159706959706959
W052,frac0,rgb,miou,0.7501130050238689
W052,frac0,rgb,n_gt,12.615384615384617
W052,frac0,rgb,n_pred,16.846153846153847
W052,frac0,rgb,n_reg,16.846153846153847
W052,frac0.001,depth,f1@0.5,0.4642963424339942
W052,frac0.001,depth,f1@0.75,0.257339354302917
W052,frac0.001,depth,miou,0.3559335669906026
W052,frac0.001,depth,n_gt,11.615384615384617
W052,frac0.001,depth,n_pred,3.692307692307693
W052,frac0.001,depth,n_reg,3.692307692307693
W052,frac0.001,normal,f1@0.5,0.2815072775607893
W052,frac0.001,normal,f1@0.75,0.1575135455403014
W052,frac0.001,normal,miou,0.3466720346076525
W052,frac0.001,normal,n_gt,11.615384615384617
W052,frac0.001,normal,n_pred,6.076923076923077
W052,frac0.001,normal,n_reg,6.846153846153846
W052,frac0.001,rgb,f1@0.5,0.6829300601359425
W052,frac0.001,rgb,f1@0.75,0.4769757203580732
W052,frac0.001,rgb,miou,0.7501130050238689
W052,frac0.001,rgb,n_gt,11.615384615384617
W052,frac0.001,rgb,n_pred,14.692307692307692
W052,frac0.001,rgb,n_reg,16.846153846153847
W052,frac0.005,depth,f1@0.5,0.4923424363469612
W052,frac0.005,depth,f1@0.75,0.2722664464745912
W052,frac0.005,depth,miou,0.3559335669906026
W052,frac0.005,depth,n_gt,10.615384615384617
W052,frac0.005,depth,n_pred,3.692307692307693
W052,frac0.005,depth,n_reg,3.692307692307693
W052,frac0.005,normal,f1@0.5,0.309998099066925
W052,frac0.005,normal,f1@0.75,0.1768132002949816
W052,frac0.005,normal,miou,0.3466720346076525
W052,frac0.005,normal,n_gt,10.615384615384617
W052,frac0.005,normal,n_pred,4.923076923076923
W052,frac0.005,normal,n_reg,6.846153846153846
W052,frac0.005,rgb,f1@0.5,0.7486408328513592
W052,frac0.005,rgb,f1@0.75,0.5350277402908982
W052,frac0.005,rgb,miou,0.7501130050238689
W052,frac0.005,rgb,n_gt,10.615384615384617
W052,frac0.005,rgb,n_pred,12.0
W052,frac0.005,rgb,n_reg,16.846153846153847
W052,px300,depth,f1@0.5,0.4711403755938169
W052,px300,depth,f1@0.75,0.2609862921603812
W052,px300,depth,miou,0.3559335669906026
W052,px300,depth,n_gt,11.384615384615383
W052,px300,depth,n_pred,3.692307692307693
W052,px300,depth,n_reg,3.692307692307693
W052,px300,normal,f1@0.5,0.287304813358325
W052,px300,normal,f1@0.75,0.162132260159016
W052,px300,normal,miou,0.3466720346076525
W052,px300,normal,n_gt,11.384615384615383
W052,px300,normal,n_pred,5.923076923076923
W052,px300,normal,n_reg,6.846153846153846
W052,px300,rgb,f1@0.5,0.6944938899068096
W052,px300,rgb,f1@0.75,0.4854976665388347
W052,px300,rgb,miou,0.7501130050238689
W052,px300,rgb,n_gt,11.384615384615383
W052,px300,rgb,n_pred,14.538461538461538
W052,px300,rgb,n_reg,16.846153846153847
W053,frac0,depth,f1@0.5,0.562088156941098
W053,frac0,depth,f1@0.75,0.3680142624260271
W053,frac0,depth,miou,0.6298532064741678
W053,frac0,depth,n_gt,7.333333333333333
W053,frac0,depth,n_pred,5.5
W053,frac0,depth,n_reg,5.5
W053,frac0,normal,f1@0.5,0.021058201058201
W053,frac0,normal,f1@0.75,0.0092063492063492
W053,frac0,normal,miou,0.1478262728567776
W053,frac0,normal,n_gt,7.333333333333333
W053,frac0,normal,n_pred,4.233333333333333
W053,frac0,normal,n_reg,4.233333333333333
W053,frac0,rgb,f1@0.5,0.2678216201072574
W053,frac0,rgb,f1@0.75,0.1156102197483944
W053,frac0,rgb,miou,0.4223823017954481
W053,frac0,rgb,n_gt,7.333333333333333
W053,frac0,rgb,n_pred,11.566666666666666
W053,frac0,rgb,n_reg,11.566666666666666
W053,frac0.001,depth,f1@0.5,0.5882970624147095
W053,frac0.001,depth,f1@0.75,0.3855107855107855
W053,frac0.001,depth,miou,0.6298532064741678
W053,frac0.001,depth,n_gt,6.8
W053,frac0.001,depth,n_pred,5.4
W053,frac0.001,depth,n_reg,5.5
W053,frac0.001,normal,f1@0.5,0.0227920227920227
W053,frac0.001,normal,f1@0.75,0.0102564102564102
W053,frac0.001,normal,miou,0.1478262728567776
W053,frac0.001,normal,n_gt,6.8
W053,frac0.001,normal,n_pred,3.433333333333333
W053,frac0.001,normal,n_reg,4.233333333333333
W053,frac0.001,rgb,f1@0.5,0.2877092763356055
W053,frac0.001,rgb,f1@0.75,0.1258619193856103
W053,frac0.001,rgb,miou,0.4223823017954481
W053,frac0.001,rgb,n_gt,6.8
W053,frac0.001,rgb,n_pred,10.7
W053,frac0.001,rgb,n_reg,11.566666666666666
W053,frac0.005,depth,f1@0.5,0.6244076185252656
W053,frac0.005,depth,f1@0.75,0.4123857623857623
W053,frac0.005,depth,miou,0.6298532064741678
W053,frac0.005,depth,n_gt,6.566666666666666
W053,frac0.005,depth,n_pred,5.0
W053,frac0.005,depth,n_reg,5.5
W053,frac0.005,normal,f1@0.5,0.0241452991452991
W053,frac0.005,normal,f1@0.75,0.0106837606837606
W053,frac0.005,normal,miou,0.1478262728567776
W053,frac0.005,normal,n_gt,6.566666666666666
W053,frac0.005,normal,n_pred,3.1333333333333333
W053,frac0.005,normal,n_reg,4.233333333333333
W053,frac0.005,rgb,f1@0.5,0.3565067394479159
W053,frac0.005,rgb,f1@0.75,0.1541558332734803
W053,frac0.005,rgb,miou,0.4223823017954481
W053,frac0.005,rgb,n_gt,6.566666666666666
W053,frac0.005,rgb,n_pred,7.466666666666667
W053,frac0.005,rgb,n_reg,11.566666666666666
W053,px300,depth,f1@0.5,0.5940474231650702
W053,px300,depth,f1@0.75,0.3887431087431087
W053,px300,depth,miou,0.6298532064741678
W053,px300,depth,n_gt,6.766666666666667
W053,px300,depth,n_pred,5.3
W053,px300,depth,n_reg,5.5
W053,px300,normal,f1@0.5,0.0227920227920227
W053,px300,normal,f1@0.75,0.0102564102564102
W053,px300,normal,miou,0.1478262728567776
W053,px300,normal,n_gt,6.766666666666667
W053,px300,normal,n_pred,3.2666666666666666
W053,px300,normal,n_reg,4.233333333333333
W053,px300,rgb,f1@0.5,0.2942523182037248
W053,px300,rgb,f1@0.75,0.1283489450305307
W053,px300,rgb,miou,0.4223823017954481
W053,px300,rgb,n_gt,6.766666666666667
W053,px300,rgb,n_pred,10.3
W053,px300,rgb,n_reg,11.566666666666666
W054,frac0,depth,f1@0.5,0.2614880004519163
W054,frac0,depth,f1@0.75,0.165777197844562
W054,frac0,depth,miou,0.330538489447399
W054,frac0,depth,n_gt,7.827586206896552
W054,frac0,depth,n_pred,5.931034482758621
W054,frac0,depth,n_reg,5.931034482758621
W054,frac0,normal,f1@0.5,0.2236573163737677
W054,frac0,normal,f1@0.75,0.1691403844841445
W054,frac0,normal,miou,0.3189764456705729
W054,frac0,normal,n_gt,7.827586206896552
W054,frac0,normal,n_pred,6.206896551724138
W054,frac0,normal,n_reg,6.206896551724138
W054,frac0,rgb,f1@0.5,0.3852993025334617
W054,frac0,rgb,f1@0.75,0.2430347516380885
W054,frac0,rgb,miou,0.6425047179423161
W054,frac0,rgb,n_gt,7.827586206896552
W054,frac0,rgb,n_pred,17.93103448275862
W054,frac0,rgb,n_reg,17.93103448275862
W054,frac0.001,depth,f1@0.5,0.2771048761920973
W054,frac0.001,depth,f1@0.75,0.1750554887978823
W054,frac0.001,depth,miou,0.330538489447399
W054,frac0.001,depth,n_gt,7.448275862068965
W054,frac0.001,depth,n_pred,5.379310344827586
W054,frac0.001,depth,n_reg,5.931034482758621
W054,frac0.001,normal,f1@0.5,0.2583932238597553
W054,frac0.001,normal,f1@0.75,0.1939182071027912
W054,frac0.001,normal,miou,0.3189764456705729
W054,frac0.001,normal,n_gt,7.448275862068965
W054,frac0.001,normal,n_pred,4.655172413793103
W054,frac0.001,normal,n_reg,6.206896551724138
W054,frac0.001,rgb,f1@0.5,0.4556085707207824
W054,frac0.001,rgb,f1@0.75,0.2848313992968446
W054,frac0.001,rgb,miou,0.6425047179423161
W054,frac0.001,rgb,n_gt,7.448275862068965
W054,frac0.001,rgb,n_pred,14.310344827586206
W054,frac0.001,rgb,n_reg,17.93103448275862
W054,frac0.005,depth,f1@0.5,0.2997265186920359
W054,frac0.005,depth,f1@0.75,0.189090794263208
W054,frac0.005,depth,miou,0.330538489447399
W054,frac0.005,depth,n_gt,7.103448275862069
W054,frac0.005,depth,n_pred,4.793103448275862
W054,frac0.005,depth,n_reg,5.931034482758621
W054,frac0.005,normal,f1@0.5,0.2784575577679026
W054,frac0.005,normal,f1@0.75,0.2106116106116106
W054,frac0.005,normal,miou,0.3189764456705729
W054,frac0.005,normal,n_gt,7.103448275862069
W054,frac0.005,normal,n_pred,4.0344827586206895
W054,frac0.005,normal,n_reg,6.206896551724138
W054,frac0.005,rgb,f1@0.5,0.6009721172153114
W054,frac0.005,rgb,f1@0.75,0.3738932674504363
W054,frac0.005,rgb,miou,0.6425047179423161
W054,frac0.005,rgb,n_gt,7.103448275862069
W054,frac0.005,rgb,n_pred,9.137931034482758
W054,frac0.005,rgb,n_reg,17.93103448275862
W054,px300,depth,f1@0.5,0.2819682120899159
W054,px300,depth,f1@0.75,0.1773669704197087
W054,px300,depth,miou,0.330538489447399
W054,px300,depth,n_gt,7.310344827586207
W054,px300,depth,n_pred,5.275862068965517
W054,px300,depth,n_reg,5.931034482758621
W054,px300,normal,f1@0.5,0.2638161534206159
W054,px300,normal,f1@0.75,0.1979478938910987
W054,px300,normal,miou,0.3189764456705729
W054,px300,normal,n_gt,7.310344827586207
W054,px300,normal,n_pred,4.551724137931035
W054,px300,normal,n_reg,6.206896551724138
W054,px300,rgb,f1@0.5,0.4808378534048887
W054,px300,rgb,f1@0.75,0.2989910622858014
W054,px300,rgb,miou,0.6425047179423161
W054,px300,rgb,n_gt,7.310344827586207
W054,px300,rgb,n_pred,13.413793103448276
W054,px300,rgb,n_reg,17.93103448275862
W055,frac0,depth,f1@0.5,0.1897204647204647
W055,frac0,depth,f1@0.75,0.1173650423650423
W055,frac0,depth,miou,0.2221287432845987
W055,frac0,depth,n_gt,8.291666666666666
W055,frac0,depth,n_pred,3.1666666666666665
W055,frac0,depth,n_reg,3.1666666666666665
W055,frac0,normal,f1@0.5,0.3635474003121062
W055,frac0,normal,f1@0.75,0.2668921696495226
W055,frac0,normal,miou,0.3984267292611641
W055,frac0,normal,n_gt,8.291666666666666
W055,frac0,normal,n_pred,5.375
W055,frac0,normal,n_reg,5.375
W055,frac0,rgb,f1@0.5,0.3986077789319309
W055,frac0,rgb,f1@0.75,0.2311431777548516
W055,frac0,rgb,miou,0.6836787737466153
W055,frac0,rgb,n_gt,8.291666666666666
W055,frac0,rgb,n_pred,11.916666666666666
W055,frac0,rgb,n_reg,11.916666666666666
W055,frac0.001,depth,f1@0.5,0.207822964072964
W055,frac0.001,depth,f1@0.75,0.12882881007881
W055,frac0.001,depth,miou,0.2221287432845987
W055,frac0.001,depth,n_gt,8.041666666666666
W055,frac0.001,depth,n_pred,2.458333333333333
W055,frac0.001,depth,n_reg,3.1666666666666665
W055,frac0.001,normal,f1@0.5,0.3914256087050204
W055,frac0.001,normal,f1@0.75,0.2865172885393474
W055,frac0.001,normal,miou,0.3984267292611641
W055,frac0.001,normal,n_gt,8.041666666666666
W055,frac0.001,normal,n_pred,4.833333333333333
W055,frac0.001,normal,n_reg,5.375
W055,frac0.001,rgb,f1@0.5,0.4049791044513584
W055,frac0.001,rgb,f1@0.75,0.2387227233208354
W055,frac0.001,rgb,miou,0.6836787737466153
W055,frac0.001,rgb,n_gt,8.041666666666666
W055,frac0.001,rgb,n_pred,11.458333333333334
W055,frac0.001,rgb,n_reg,11.916666666666666
W055,frac0.005,depth,f1@0.5,0.2339812964812964
W055,frac0.005,depth,f1@0.75,0.1456638269138269
W055,frac0.005,depth,miou,0.2221287432845987
W055,frac0.005,depth,n_gt,7.375
W055,frac0.005,depth,n_pred,2.083333333333333
W055,frac0.005,depth,n_reg,3.1666666666666665
W055,frac0.005,normal,f1@0.5,0.4219331594331594
W055,frac0.005,normal,f1@0.75,0.309119005994006
W055,frac0.005,normal,miou,0.3984267292611641
W055,frac0.005,normal,n_gt,7.375
W055,frac0.005,normal,n_pred,4.333333333333333
W055,frac0.005,normal,n_reg,5.375
W055,frac0.005,rgb,f1@0.5,0.4613303527970711
W055,frac0.005,rgb,f1@0.75,0.2727927623631958
W055,frac0.005,rgb,miou,0.6836787737466153
W055,frac0.005,rgb,n_gt,7.375
W055,frac0.005,rgb,n_pred,9.583333333333334
W055,frac0.005,rgb,n_reg,11.916666666666666
W055,px300,depth,f1@0.5,0.2174358049358049
W055,px300,depth,f1@0.75,0.1337560587560587
W055,px300,depth,miou,0.2221287432845987
W055,px300,depth,n_gt,7.875
W055,px300,depth,n_pred,2.1666666666666665
W055,px300,depth,n_reg,3.1666666666666665
W055,px300,normal,f1@0.5,0.3929071609218668
W055,px300,normal,f1@0.75,0.286375464132817
W055,px300,normal,miou,0.3984267292611641
W055,px300,normal,n_gt,7.875
W055,px300,normal,n_pred,4.708333333333333
W055,px300,normal,n_reg,5.375
W055,px300,rgb,f1@0.5,0.4177297461958082
W055,px300,rgb,f1@0.75,0.2487080421529035
W055,px300,rgb,miou,0.6836787737466153
W055,px300,rgb,n_gt,7.875
W055,px300,rgb,n_pred,11.041666666666666
W055,px300,rgb,n_reg,11.916666666666666
W056,frac0,depth,f1@0.5,0.4958199208199207
W056,frac0,depth,f1@0.75,0.2159285159285159
W056,frac0,depth,miou,0.5385629849720989
W056,frac0,depth,n_gt,8.88888888888889
W056,frac0,depth,n_pred,4.833333333333333
W056,frac0,depth,n_reg,4.833333333333333
W056,frac0,normal,f1@0.5,0.3881250648407511
W056,frac0,normal,f1@0.75,0.2671075837742504
W056,frac0,normal,miou,0.5486396727272668
W056,frac0,normal,n_gt,8.88888888888889
W056,frac0,normal,n_pred,7.444444444444445
W056,frac0,normal,n_reg,7.444444444444445
W056,frac0,rgb,f1@0.5,0.4237252656093236
W056,frac0,rgb,f1@0.75,0.2837485345214813
W056,frac0,rgb,miou,0.8003961141040311
W056,frac0,rgb,n_gt,8.88888888888889
W056,frac0,rgb,n_pred,15.0
W056,frac0,rgb,n_reg,15.0
W056,frac0.001,depth,f1@0.5,0.5175037925037924
W056,frac0.001,depth,f1@0.75,0.227048877048877
W056,frac0.001,depth,miou,0.5385629849720989
W056,frac0.001,depth,n_gt,8.444444444444445
W056,frac0.001,depth,n_pred,4.722222222222222
W056,frac0.001,depth,n_reg,4.833333333333333
W056,frac0.001,normal,f1@0.5,0.4137542196365726
W056,frac0.001,normal,f1@0.75,0.2851198456590613
W056,frac0.001,normal,miou,0.5486396727272668
W056,frac0.001,normal,n_gt,8.444444444444445
W056,frac0.001,normal,n_pred,6.944444444444445
W056,frac0.001,normal,n_reg,7.444444444444445
W056,frac0.001,rgb,f1@0.5,0.4466200007995674
W056,frac0.001,rgb,f1@0.75,0.2952785907329662
W056,frac0.001,rgb,miou,0.8003961141040311
W056,frac0.001,rgb,n_gt,8.444444444444445
W056,frac0.001,rgb,n_pred,14.27777777777778
W056,frac0.001,rgb,n_reg,15.0
W056,frac0.005,depth,f1@0.5,0.5264356014356015
W056,frac0.005,depth,f1@0.75,0.2323250823250823
W056,frac0.005,depth,miou,0.5385629849720989
W056,frac0.005,depth,n_gt,8.222222222222221
W056,frac0.005,depth,n_pred,4.722222222222222
W056,frac0.005,depth,n_reg,4.833333333333333
W056,frac0.005,normal,f1@0.5,0.4495186730480848
W056,frac0.005,normal,f1@0.75,0.3111188647953354
W056,frac0.005,normal,miou,0.5486396727272668
W056,frac0.005,normal,n_gt,8.222222222222221
W056,frac0.005,normal,n_pred,6.055555555555555
W056,frac0.005,normal,n_reg,7.444444444444445
W056,frac0.005,rgb,f1@0.5,0.513078638755042
W056,frac0.005,rgb,f1@0.75,0.3390062788400384
W056,frac0.005,rgb,miou,0.8003961141040311
W056,frac0.005,rgb,n_gt,8.222222222222221
W056,frac0.005,rgb,n_pred,11.5
W056,frac0.005,rgb,n_reg,15.0
W056,px300,depth,f1@0.5,0.5175037925037924
W056,px300,depth,f1@0.75,0.227048877048877
W056,px300,depth,miou,0.5385629849720989
W056,px300,depth,n_gt,8.444444444444445
W056,px300,depth,n_pred,4.722222222222222
W056,px300,depth,n_reg,4.833333333333333
W056,px300,normal,f1@0.5,0.4194522253345782
W056,px300,normal,f1@0.75,0.2893933499325656
W056,px300,normal,miou,0.5486396727272668
W056,px300,normal,n_gt,8.444444444444445
W056,px300,normal,n_pred,6.777777777777778
W056,px300,normal,n_reg,7.444444444444445
W056,px300,rgb,f1@0.5,0.4587374099040093
W056,px300,rgb,f1@0.75,0.3038189596407392
W056,px300,rgb,miou,0.8003961141040311
W056,px300,rgb,n_gt,8.444444444444445
W056,px300,rgb,n_pred,13.666666666666666
W056,px300,rgb,n_reg,15.0
W057,frac0,depth,f1@0.5,0.382967032967033
W057,frac0,depth,f1@0.75,0.1669597069597069
W057,frac0,depth,miou,0.644110611577423
W057,frac0,depth,n_gt,6.2
W057,frac0,depth,n_pred,7.0
W057,frac0,depth,n_reg,7.0
W057,frac0,normal,f1@0.5,0.5104395604395604
W057,frac0,normal,f1@0.75,0.1682417582417582
W057,frac0,normal,miou,0.436221943106062
W057,frac0,normal,n_gt,6.2
W057,frac0,normal,n_pred,6.5
W057,frac0,normal,n_reg,6.5
W057,frac0,rgb,f1@0.5,0.5818657503487226
W057,frac0,rgb,f1@0.75,0.4638604429626101
W057,frac0,rgb,miou,0.9187578752760626
W057,frac0,rgb,n_gt,6.2
W057,frac0,rgb,n_pred,11.5
W057,frac0,rgb,n_reg,11.5
W057,frac0.001,depth,f1@0.5,0.4007326007326007
W057,frac0.001,depth,f1@0.75,0.1747252747252747
W057,frac0.001,depth,miou,0.644110611577423
W057,frac0.001,depth,n_gt,5.6
W057,frac0.001,depth,n_pred,7.0
W057,frac0.001,depth,n_reg,7.0
W057,frac0.001,normal,f1@0.5,0.555021645021645
W057,frac0.001,normal,f1@0.75,0.1856421356421356
W057,frac0.001,normal,miou,0.436221943106062
W057,frac0.001,normal,n_gt,5.6
W057,frac0.001,normal,n_pred,6.0
W057,frac0.001,normal,n_reg,6.5
W057,frac0.001,rgb,f1@0.5,0.6221638655462185
W057,frac0.001,rgb,f1@0.75,0.4981792717086835
W057,frac0.001,rgb,miou,0.9187578752760626
W057,frac0.001,rgb,n_gt,5.6
W057,frac0.001,rgb,n_pred,10.9
W057,frac0.001,rgb,n_reg,11.5
W057,frac0.005,depth,f1@0.5,0.4067765567765568
W057,frac0.005,depth,f1@0.75,0.1783882783882783
W057,frac0.005,depth,miou,0.644110611577423
W057,frac0.005,depth,n_gt,5.4
W057,frac0.005,depth,n_pred,7.0
W057,frac0.005,depth,n_reg,7.0
W057,frac0.005,normal,f1@0.5,0.5593939393939393
W057,frac0.005,normal,f1@0.75,0.2013131313131313
W057,frac0.005,normal,miou,0.436221943106062
W057,frac0.005,normal,n_gt,5.4
W057,frac0.005,normal,n_pred,5.4
W057,frac0.005,normal,n_reg,6.5
W057,frac0.005,rgb,f1@0.5,0.7591208791208792
W057,frac0.005,rgb,f1@0.75,0.6079120879120878
W057,frac0.005,rgb,miou,0.9187578752760626
W057,frac0.005,rgb,n_gt,5.4
W057,frac0.005,rgb,n_pred,7.8
W057,frac0.005,rgb,n_reg,11.5
W057,px300,depth,f1@0.5,0.4045787545787546
W057,px300,depth,f1@0.75,0.1772893772893772
W057,px300,depth,miou,0.644110611577423
W057,px300,depth,n_gt,5.5
W057,px300,depth,n_pred,7.0
W057,px300,depth,n_reg,7.0
W057,px300,normal,f1@0.5,0.5429004329004329
W057,px300,normal,f1@0.75,0.1871572871572871
W057,px300,normal,miou,0.436221943106062
W057,px300,normal,n_gt,5.5
W057,px300,normal,n_pred,6.0
W057,px300,normal,n_reg,6.5
W057,px300,rgb,f1@0.5,0.6526000143647203
W057,px300,rgb,f1@0.75,0.5243419162536809
W057,px300,rgb,miou,0.9187578752760626
W057,px300,rgb,n_gt,5.5
W057,px300,rgb,n_pred,10.3
W057,px300,rgb,n_reg,11.5
W058,frac0,depth,f1@0.5,0.5149958228905597
W058,frac0,depth,f1@0.75,0.3780520541549953
W058,frac0,depth,miou,0.914753774967152
W058,frac0,depth,n_gt,6.5
W058,frac0,depth,n_pred,12.125
W058,frac0,depth,n_reg,12.125
W058,frac0,normal,f1@0.5,0.5176339285714285
W058,frac0,normal,f1@0.75,0.3089171245421245
W058,frac0,normal,miou,0.6357813281396284
W058,frac0,normal,n_gt,6.5
W058,frac0,normal,n_pred,7.25
W058,frac0,normal,n_reg,7.25
W058,frac0,rgb,f1@0.5,0.5379256337702545
W058,frac0,rgb,f1@0.75,0.3275959855632843
W058,frac0,rgb,miou,0.9172333594639756
W058,frac0,rgb,n_gt,6.5
W058,frac0,rgb,n_pred,11.875
W058,frac0,rgb,n_reg,11.875
W058,frac0.001,depth,f1@0.5,0.5571820175438597
W058,frac0.001,depth,f1@0.75,0.406062414000688
W058,frac0.001,depth,miou,0.914753774967152
W058,frac0.001,depth,n_gt,5.8125
W058,frac0.001,depth,n_pred,11.1875
W058,frac0.001,depth,n_reg,12.125
W058,frac0.001,normal,f1@0.5,0.5648226773226773
W058,frac0.001,normal,f1@0.75,0.3343781218781219
W058,frac0.001,normal,miou,0.6357813281396284
W058,frac0.001,normal,n_gt,5.8125
W058,frac0.001,normal,n_pred,6.5625
W058,frac0.001,normal,n_reg,7.25
W058,frac0.001,rgb,f1@0.5,0.5611942693744164
W058,frac0.001,rgb,f1@0.75,0.3422225140056022
W058,frac0.001,rgb,miou,0.9172333594639756
W058,frac0.001,rgb,n_gt,5.8125
W058,frac0.001,rgb,n_pred,11.5625
W058,frac0.001,rgb,n_reg,11.875
W058,frac0.005,depth,f1@0.5,0.5909445028011204
W058,frac0.005,depth,f1@0.75,0.4380689775910364
W058,frac0.005,depth,miou,0.914753774967152
W058,frac0.005,depth,n_gt,5.3125
W058,frac0.005,depth,n_pred,10.3125
W058,frac0.005,depth,n_reg,12.125
W058,frac0.005,normal,f1@0.5,0.6096736596736596
W058,frac0.005,normal,f1@0.75,0.3674630924630924
W058,frac0.005,normal,miou,0.6357813281396284
W058,frac0.005,normal,n_gt,5.3125
W058,frac0.005,normal,n_pred,6.0
W058,frac0.005,normal,n_reg,7.25
W058,frac0.005,rgb,f1@0.5,0.6542229973973395
W058,frac0.005,rgb,f1@0.75,0.4061501911830859
W058,frac0.005,rgb,miou,0.9172333594639756
W058,frac0.005,rgb,n_gt,5.3125
W058,frac0.005,rgb,n_pred,9.25
W058,frac0.005,rgb,n_reg,11.875
W058,px300,depth,f1@0.5,0.5764253618113913
W058,px300,depth,f1@0.75,0.4283015289449113
W058,px300,depth,miou,0.914753774967152
W058,px300,depth,n_gt,5.375
W058,px300,depth,n_pred,10.875
W058,px300,depth,n_reg,12.125
W058,px300,normal,f1@0.5,0.5938228438228438
W058,px300,normal,f1@0.75,0.3527195027195027
W058,px300,normal,miou,0.6357813281396284
W058,px300,normal,n_gt,5.375
W058,px300,normal,n_pred,6.4375
W058,px300,normal,n_reg,7.25
W058,px300,rgb,f1@0.5,0.5958623935404121
W058,px300,rgb,f1@0.75,0.3707899379387382
W058,px300,rgb,miou,0.9172333594639756
W058,px300,rgb,n_gt,5.375
W058,px300,rgb,n_pred,10.8125
W058,px300,rgb,n_reg,11.875
W059,frac0,depth,f1@0.5,0.3006077256077256
W059,frac0,depth,f1@0.75,0.2215534465534465
W059,frac0,depth,miou,0.5157599018551263
W059,frac0,depth,n_gt,6.090909090909091
W059,frac0,depth,n_pred,8.0
W059,frac0,depth,n_reg,8.0
W059,frac0,normal,f1@0.5,0.3648775466957285
W059,frac0,normal,f1@0.75,0.1842097296642751
W059,frac0,normal,miou,0.3901117036336632
W059,frac0,normal,n_gt,6.090909090909091
W059,frac0,normal,n_pred,5.909090909090909
W059,frac0,normal,n_reg,5.909090909090909
W059,frac0,rgb,f1@0.5,0.5186884323107234
W059,frac0,rgb,f1@0.75,0.3508584294962004
W059,frac0,rgb,miou,0.9090359886030194
W059,frac0,rgb,n_gt,6.090909090909091
W059,frac0,rgb,n_pred,12.272727272727272
W059,frac0,rgb,n_reg,12.272727272727272
W059,frac0.001,depth,f1@0.5,0.3106893106893106
W059,frac0.001,depth,f1@0.75,0.2297702297702297
W059,frac0.001,depth,miou,0.5157599018551263
W059,frac0.001,depth,n_gt,5.909090909090909
W059,frac0.001,depth,n_pred,7.454545454545454
W059,frac0.001,depth,n_reg,8.0
W059,frac0.001,normal,f1@0.5,0.3747616020343293
W059,frac0.001,normal,f1@0.75,0.1879635515999152
W059,frac0.001,normal,miou,0.3901117036336632
W059,frac0.001,normal,n_gt,5.909090909090909
W059,frac0.001,normal,n_pred,5.818181818181818
W059,frac0.001,normal,n_reg,5.909090909090909
W059,frac0.001,rgb,f1@0.5,0.5689261031366294
W059,frac0.001,rgb,f1@0.75,0.3869617224880383
W059,frac0.001,rgb,miou,0.9090359886030194
W059,frac0.001,rgb,n_gt,5.909090909090909
W059,frac0.001,rgb,n_pred,10.727272727272728
W059,frac0.001,rgb,n_reg,12.272727272727272
W059,frac0.005,depth,f1@0.5,0.3265522356431447
W059,frac0.005,depth,f1@0.75,0.2400932400932401
W059,frac0.005,depth,miou,0.5157599018551263
W059,frac0.005,depth,n_gt,5.454545454545454
W059,frac0.005,depth,n_pred,7.272727272727272
W059,frac0.005,depth,n_reg,8.0
W059,frac0.005,normal,f1@0.5,0.3911421911421911
W059,frac0.005,normal,f1@0.75,0.1951896588260225
W059,frac0.005,normal,miou,0.3901117036336632
W059,frac0.005,normal,n_gt,5.454545454545454
W059,frac0.005,normal,n_pred,5.818181818181818
W059,frac0.005,normal,n_reg,5.909090909090909
W059,frac0.005,rgb,f1@0.5,0.6542207792207791
W059,frac0.005,rgb,f1@0.75,0.4463203463203463
W059,frac0.005,rgb,miou,0.9090359886030194
W059,frac0.005,rgb,n_gt,5.454545454545454
W059,frac0.005,rgb,n_pred,9.090909090909092
W059,frac0.005,rgb,n_reg,12.272727272727272
W059,px300,depth,f1@0.5,0.3168498168498168
W059,px300,depth,f1@0.75,0.2337662337662338
W059,px300,depth,miou,0.5157599018551263
W059,px300,depth,n_gt,5.727272727272728
W059,px300,depth,n_pred,7.363636363636363
W059,px300,depth,n_reg,8.0
W059,px300,normal,f1@0.5,0.3788938334392879
W059,px300,normal,f1@0.75,0.1907183725365543
W059,px300,normal,miou,0.3901117036336632
W059,px300,normal,n_gt,5.727272727272728
W059,px300,normal,n_pred,5.818181818181818
W059,px300,normal,n_reg,5.909090909090909
W059,px300,rgb,f1@0.5,0.6038533362062775
W059,px300,rgb,f1@0.75,0.4125967170084817
W059,px300,rgb,miou,0.9090359886030194
W059,px300,rgb,n_gt,5.727272727272728
W059,px300,rgb,n_pred,10.0
W059,px300,rgb,n_reg,12.272727272727272
W060,frac0,depth,f1@0.5,0.3826506826506826
W060,frac0,depth,f1@0.75,0.1561216561216561
W060,frac0,depth,miou,0.5088791107224249
W060,frac0,depth,n_gt,7.636363636363637
W060,frac0,depth,n_pred,6.727272727272728
W060,frac0,depth,n_reg,6.727272727272728
W060,frac0,normal,f1@0.5,0.3634524566342748
W060,frac0,normal,f1@0.75,0.160867919958829
W060,frac0,normal,miou,0.4574737985412783
W060,frac0,normal,n_gt,7.636363636363637
W060,frac0,normal,n_pred,5.909090909090909
W060,frac0,normal,n_reg,5.909090909090909
W060,frac0,rgb,f1@0.5,0.5468275188863424
W060,frac0,rgb,f1@0.75,0.326398438163144
W060,frac0,rgb,miou,0.6433700126223321
W060,frac0,rgb,n_gt,7.636363636363637
W060,frac0,rgb,n_pred,8.727272727272727
W060,frac0,rgb,n_reg,8.727272727272727
W060,frac0.001,depth,f1@0.5,0.4347561529379711
W060,frac0.001,depth,f1@0.75,0.1779341870250961
W060,frac0.001,depth,miou,0.5088791107224249
W060,frac0.001,depth,n_gt,7.0
W060,frac0.001,depth,n_pred,5.636363636363637
W060,frac0.001,depth,n_reg,6.727272727272728
W060,frac0.001,normal,f1@0.5,0.3844155844155844
W060,frac0.001,normal,f1@0.75,0.170995670995671
W060,frac0.001,normal,miou,0.4574737985412783
W060,frac0.001,normal,n_gt,7.0
W060,frac0.001,normal,n_pred,5.818181818181818
W060,frac0.001,normal,n_reg,5.909090909090909
W060,frac0.001,rgb,f1@0.5,0.5855590487943428
W060,frac0.001,rgb,f1@0.75,0.3494632818162229
W060,frac0.001,rgb,miou,0.6433700126223321
W060,frac0.001,rgb,n_gt,7.0
W060,frac0.001,rgb,n_pred,8.272727272727273
W060,frac0.001,rgb,n_reg,8.727272727272727
W060,frac0.005,depth,f1@0.5,0.4594738594738594
W060,frac0.005,depth,f1@0.75,0.1865619229255593
W060,frac0.005,depth,miou,0.5088791107224249
W060,frac0.005,depth,n_gt,6.818181818181818
W060,frac0.005,depth,n_pred,5.181818181818182
W060,frac0.005,depth,n_reg,6.727272727272728
W060,frac0.005,normal,f1@0.5,0.4063875518420973
W060,frac0.005,normal,f1@0.75,0.1797777979596161
W060,frac0.005,normal,miou,0.4574737985412783
W060,frac0.005,normal,n_gt,6.818181818181818
W060,frac0.005,normal,n_pred,5.363636363636363
W060,frac0.005,normal,n_reg,5.909090909090909
W060,frac0.005,rgb,f1@0.5,0.6311521811521812
W060,frac0.005,rgb,f1@0.75,0.3775141525141525
W060,frac0.005,rgb,miou,0.6433700126223321
W060,frac0.005,rgb,n_gt,6.818181818181818
W060,frac0.005,rgb,n_pred,7.363636363636363
W060,frac0.005,rgb,n_reg,8.727272727272727
W060,px300,depth,f1@0.5,0.4347561529379711
W060,px300,depth,f1@0.75,0.1779341870250961
W060,px300,depth,miou,0.5088791107224249
W060,px300,depth,n_gt,7.0
W060,px300,depth,n_pred,5.636363636363637
W060,px300,depth,n_reg,6.727272727272728
W060,px300,normal,f1@0.5,0.3844155844155844
W060,px300,normal,f1@0.75,0.170995670995671
W060,px300,normal,miou,0.4574737985412783
W060,px300,normal,n_gt,7.0
W060,px300,normal,n_pred,5.818181818181818
W060,px300,normal,n_reg,5.909090909090909
W060,px300,rgb,f1@0.5,0.5893469275822217
W060,px300,rgb,f1@0.75,0.3517360090889502
W060,px300,rgb,miou,0.6433700126223321
W060,px300,rgb,n_gt,7.0
W060,px300,rgb,n_pred,8.181818181818182
W060,px300,rgb,n_reg,8.727272727272727
W061,frac0,depth,f1@0.5,0.4305251947394111
W061,frac0,depth,f1@0.75,0.2083128442243002
W061,frac0,depth,miou,0.4977580839447566
W061,frac0,depth,n_gt,9.434782608695652
W061,frac0,depth,n_pred,5.826086956521739
W061,frac0,depth,n_reg,5.826086956521739
W061,frac0,normal,f1@0.5,0.2846379971287723
W061,frac0,normal,f1@0.75,0.1869699380003942
W061,frac0,normal,miou,0.5013753499994695
W061,frac0,normal,n_gt,9.434782608695652
W061,frac0,normal,n_pred,9.043478260869565
W061,frac0,normal,n_reg,9.043478260869565
W061,frac0,rgb,f1@0.5,0.3475974966965114
W061,frac0,rgb,f1@0.75,0.2170457398563327
W061,frac0,rgb,miou,0.7745328285944595
W061,frac0,rgb,n_gt,9.434782608695652
W061,frac0,rgb,n_pred,17.347826086956523
W061,frac0,rgb,n_reg,17.347826086956523
W061,frac0.001,depth,f1@0.5,0.5119251521425435
W061,frac0.001,depth,f1@0.75,0.2479141631315544
W061,frac0.001,depth,miou,0.4977580839447566
W061,frac0.001,depth,n_gt,7.478260869565218
W061,frac0.001,depth,n_pred,5.086956521739131
W061,frac0.001,depth,n_reg,5.826086956521739
W061,frac0.001,normal,f1@0.5,0.3208509584670575
W061,frac0.001,normal,f1@0.75,0.2176571667216437
W061,frac0.001,normal,miou,0.5013753499994695
W061,frac0.001,normal,n_gt,7.478260869565218
W061,frac0.001,normal,n_pred,8.391304347826088
W061,frac0.001,normal,n_reg,9.043478260869565
W061,frac0.001,rgb,f1@0.5,0.4095868771151301
W061,frac0.001,rgb,f1@0.75,0.2563733069511833
W061,frac0.001,rgb,miou,0.7745328285944595
W061,frac0.001,rgb,n_gt,7.478260869565218
W061,frac0.001,rgb,n_pred,15.0
W061,frac0.001,rgb,n_reg,17.347826086956523
W061,frac0.005,depth,f1@0.5,0.5558427080166211
W061,frac0.005,depth,f1@0.75,0.2701124961994527
W061,frac0.005,depth,miou,0.4977580839447566
W061,frac0.005,depth,n_gt,6.913043478260869
W061,frac0.005,depth,n_pred,4.652173913043479
W061,frac0.005,depth,n_reg,5.826086956521739
W061,frac0.005,normal,f1@0.5,0.3543119923554706
W061,frac0.005,normal,f1@0.75,0.2396161809205287
W061,frac0.005,normal,miou,0.5013753499994695
W061,frac0.005,normal,n_gt,6.913043478260869
W061,frac0.005,normal,n_pred,7.478260869565218
W061,frac0.005,normal,n_reg,9.043478260869565
W061,frac0.005,rgb,f1@0.5,0.5102222234149406
W061,frac0.005,rgb,f1@0.75,0.3193236496863001
W061,frac0.005,rgb,miou,0.7745328285944595
W061,frac0.005,rgb,n_gt,6.913043478260869
W061,frac0.005,rgb,n_pred,11.043478260869565
W061,frac0.005,rgb,n_reg,17.347826086956523
W061,px300,depth,f1@0.5,0.5139014367275238
W061,px300,depth,f1@0.75,0.2485729246598811
W061,px300,depth,miou,0.4977580839447566
W061,px300,depth,n_gt,7.478260869565218
W061,px300,depth,n_pred,5.043478260869565
W061,px300,depth,n_reg,5.826086956521739
W061,px300,normal,f1@0.5,0.3233374603141731
W061,px300,normal,f1@0.75,0.2195042823795011
W061,px300,normal,miou,0.5013753499994695
W061,px300,normal,n_gt,7.478260869565218
W061,px300,normal,n_pred,8.26086956521739
W061,px300,normal,n_reg,9.043478260869565
W061,px300,rgb,f1@0.5,0.4136538674903601
W061,px300,rgb,f1@0.75,0.2590567520998792
W061,px300,rgb,miou,0.7745328285944595
W061,px300,rgb,n_gt,7.478260869565218
W061,px300,rgb,n_pred,14.826086956521738
W061,px300,rgb,n_reg,17.347826086956523
W062,frac0,depth,f1@0.5,0.2557601268127584
W062,frac0,depth,f1@0.75,0.2331410791937107
W062,frac0,depth,miou,0.3705350988916493
W062,frac0,depth,n_gt,9.583333333333334
W062,frac0,depth,n_pred,5.625
W062,frac0,depth,n_reg,5.625
W062,frac0,normal,f1@0.5,0.5832905442585413
W062,frac0,normal,f1@0.75,0.3017578672318543
W062,frac0,normal,miou,0.7232859357957128
W062,frac0,normal,n_gt,9.583333333333334
W062,frac0,normal,n_pred,7.083333333333333
W062,frac0,normal,n_reg,7.083333333333333
W062,frac0,rgb,f1@0.5,0.4993785903418586
W062,frac0,rgb,f1@0.75,0.323109284379899
W062,frac0,rgb,miou,0.8156728887881028
W062,frac0,rgb,n_gt,9.583333333333334
W062,frac0,rgb,n_pred,12.833333333333334
W062,frac0,rgb,n_reg,12.833333333333334
W062,frac0.001,depth,f1@0.5,0.2946275946275946
W062,frac0.001,depth,f1@0.75,0.2699023199023199
W062,frac0.001,depth,miou,0.3705350988916493
W062,frac0.001,depth,n_gt,7.625
W062,frac0.001,depth,n_pred,5.291666666666667
W062,frac0.001,depth,n_reg,5.625
W062,frac0.001,normal,f1@0.5,0.6489058123249299
W062,frac0.001,normal,f1@0.75,0.3356471755368814
W062,frac0.001,normal,miou,0.7232859357957128
W062,frac0.001,normal,n_gt,7.625
W062,frac0.001,normal,n_pred,7.041666666666667
W062,frac0.001,normal,n_reg,7.083333333333333
W062,frac0.001,rgb,f1@0.5,0.5424937631884227
W062,frac0.001,rgb,f1@0.75,0.3516657852667915
W062,frac0.001,rgb,miou,0.8156728887881028
W062,frac0.001,rgb,n_gt,7.625
W062,frac0.001,rgb,n_pred,12.708333333333334
W062,frac0.001,rgb,n_reg,12.833333333333334
W062,frac0.005,depth,f1@0.5,0.3148453398453398
W062,frac0.005,depth,f1@0.75,0.2886701261701261
W062,frac0.005,depth,miou,0.3705350988916493
W062,frac0.005,depth,n_gt,7.166666666666667
W062,frac0.005,depth,n_pred,4.916666666666667
W062,frac0.005,depth,n_reg,5.625
W062,frac0.005,normal,f1@0.5,0.675248015873016
W062,frac0.005,normal,f1@0.75,0.3491071428571428
W062,frac0.005,normal,miou,0.7232859357957128
W062,frac0.005,normal,n_gt,7.166666666666667
W062,frac0.005,normal,n_pred,6.916666666666667
W062,frac0.005,normal,n_reg,7.083333333333333
W062,frac0.005,rgb,f1@0.5,0.6093610763018658
W062,frac0.005,rgb,f1@0.75,0.3961140084688846
W062,frac0.005,rgb,miou,0.8156728887881028
W062,frac0.005,rgb,n_gt,7.166666666666667
W062,frac0.005,rgb,n_pred,10.916666666666666
W062,frac0.005,rgb,n_reg,12.833333333333334
W062,px300,depth,f1@0.5,0.2972629222629222
W062,px300,depth,f1@0.75,0.2725376475376475
W062,px300,depth,miou,0.3705350988916493
W062,px300,depth,n_gt,7.541666666666667
W062,px300,depth,n_pred,5.25
W062,px300,depth,n_reg,5.625
W062,px300,normal,f1@0.5,0.6522292250233427
W062,px300,normal,f1@0.75,0.337532096171802
W062,px300,normal,miou,0.7232859357957128
W062,px300,normal,n_gt,7.541666666666667
W062,px300,normal,n_pred,7.041666666666667
W062,px300,normal,n_reg,7.083333333333333
W062,px300,rgb,f1@0.5,0.544387702582362
W062,px300,rgb,f1@0.75,0.3531809367819429
W062,px300,rgb,miou,0.8156728887881028
W062,px300,rgb,n_gt,7.541666666666667
W062,px300,rgb,n_pred,12.708333333333334
W062,px300,rgb,n_reg,12.833333333333334
W063,frac0,depth,f1@0.5,0.2895644297605081
W063,frac0,depth,f1@0.75,0.2320244812074877
W063,frac0,depth,miou,0.3745050597446262
W063,frac0,depth,n_gt,9.296296296296296
W063,frac0,depth,n_pred,5.703703703703703
W063,frac0,depth,n_reg,5.703703703703703
W063,frac0,normal,f1@0.5,0.4772792694189323
W063,frac0,normal,f1@0.75,0.1860164199087487
W063,frac0,normal,miou,0.5915154639201713
W063,frac0,normal,n_gt,9.296296296296296
W063,frac0,normal,n_pred,8.666666666666666
W063,frac0,normal,n_reg,8.666666666666666
W063,frac0,rgb,f1@0.5,0.4275259330854472
W063,frac0,rgb,f1@0.75,0.1800026082236231
W063,frac0,rgb,miou,0.8643416887409431
W063,frac0,rgb,n_gt,9.296296296296296
W063,frac0,rgb,n_pred,17.22222222222222
W063,frac0,rgb,n_reg,17.22222222222222
W063,frac0.001,depth,f1@0.5,0.3288390621723955
W063,frac0.001,depth,f1@0.75,0.2617653950987284
W063,frac0.001,depth,miou,0.3745050597446262
W063,frac0.001,depth,n_gt,7.703703703703703
W063,frac0.001,depth,n_pred,5.37037037037037
W063,frac0.001,depth,n_reg,5.703703703703703
W063,frac0.001,normal,f1@0.5,0.5232938569539877
W063,frac0.001,normal,f1@0.75,0.2043787125486471
W063,frac0.001,normal,miou,0.5915154639201713
W063,frac0.001,normal,n_gt,7.703703703703703
W063,frac0.001,normal,n_pred,8.555555555555555
W063,frac0.001,normal,n_reg,8.666666666666666
W063,frac0.001,rgb,f1@0.5,0.4696938970852014
W063,frac0.001,rgb,f1@0.75,0.1969678898664405
W063,frac0.001,rgb,miou,0.8643416887409431
W063,frac0.001,rgb,n_gt,7.703703703703703
W063,frac0.001,rgb,n_pred,16.333333333333332
W063,frac0.001,rgb,n_reg,17.22222222222222
W063,frac0.005,depth,f1@0.5,0.3444099110765777
W063,frac0.005,depth,f1@0.75,0.2792713459380125
W063,frac0.005,depth,miou,0.3745050597446262
W063,frac0.005,depth,n_gt,7.296296296296297
W063,frac0.005,depth,n_pred,4.925925925925926
W063,frac0.005,depth,n_reg,5.703703703703703
W063,frac0.005,normal,f1@0.5,0.5601263297341729
W063,frac0.005,normal,f1@0.75,0.2209012664895017
W063,frac0.005,normal,miou,0.5915154639201713
W063,frac0.005,normal,n_gt,7.296296296296297
W063,frac0.005,normal,n_pred,7.777777777777778
W063,frac0.005,normal,n_reg,8.666666666666666
W063,frac0.005,rgb,f1@0.5,0.5770580185526866
W063,frac0.005,rgb,f1@0.75,0.2444865464645306
W063,frac0.005,rgb,miou,0.8643416887409431
W063,frac0.005,rgb,n_gt,7.296296296296297
W063,frac0.005,rgb,n_pred,12.074074074074074
W063,frac0.005,rgb,n_reg,17.22222222222222
W063,px300,depth,f1@0.5,0.3323663990330657
W063,px300,depth,f1@0.75,0.2648857315523982
W063,px300,depth,miou,0.3745050597446262
W063,px300,depth,n_gt,7.703703703703703
W063,px300,depth,n_pred,5.222222222222222
W063,px300,depth,n_reg,5.703703703703703
W063,px300,normal,f1@0.5,0.5279623910342864
W063,px300,normal,f1@0.75,0.206183879059696
W063,px300,normal,miou,0.5915154639201713
W063,px300,normal,n_gt,7.703703703703703
W063,px300,normal,n_pred,8.444444444444445
W063,px300,normal,n_reg,8.666666666666666
W063,px300,rgb,f1@0.5,0.4721250461830171
W063,px300,rgb,f1@0.75,0.1980695043013883
W063,px300,rgb,miou,0.8643416887409431
W063,px300,rgb,n_gt,7.703703703703703
W063,px300,rgb,n_pred,16.185185185185187
W063,px300,rgb,n_reg,17.22222222222222
W064,frac0,depth,f1@0.5,0.4415418755221387
W064,frac0,depth,f1@0.75,0.2177650826412436
W064,frac0,depth,miou,0.5561572663857386
W064,frac0,depth,n_gt,10.541666666666666
W064,frac0,depth,n_pred,6.875
W064,frac0,depth,n_reg,6.875
W064,frac0,normal,f1@0.5,0.3587990192166674
W064,frac0,normal,f1@0.75,0.1571412933841143
W064,frac0,normal,miou,0.5714104949391658
W064,frac0,normal,n_gt,10.541666666666666
W064,frac0,normal,n_pred,9.0
W064,frac0,normal,n_reg,9.0
W064,frac0,rgb,f1@0.5,0.3716972486637286
W064,frac0,rgb,f1@0.75,0.2188261875610113
W064,frac0,rgb,miou,0.7481393930858017
W064,frac0,rgb,n_gt,10.541666666666666
W064,frac0,rgb,n_pred,15.541666666666666
W064,frac0,rgb,n_reg,15.541666666666666
W064,frac0.001,depth,f1@0.5,0.5196771978021978
W064,frac0.001,depth,f1@0.75,0.2579097985347985
W064,frac0.001,depth,miou,0.5561572663857386
W064,frac0.001,depth,n_gt,7.916666666666667
W064,frac0.001,depth,n_pred,6.666666666666667
W064,frac0.001,depth,n_reg,6.875
W064,frac0.001,normal,f1@0.5,0.4099307705538355
W064,frac0.001,normal,f1@0.75,0.1793042655658754
W064,frac0.001,normal,miou,0.5714104949391658
W064,frac0.001,normal,n_gt,7.916666666666667
W064,frac0.001,normal,n_pred,8.958333333333334
W064,frac0.001,normal,n_reg,9.0
W064,frac0.001,rgb,f1@0.5,0.4298828084154171
W064,frac0.001,rgb,f1@0.75,0.2541772539055147
W064,frac0.001,rgb,miou,0.7481393930858017
W064,frac0.001,rgb,n_gt,7.916666666666667
W064,frac0.001,rgb,n_pred,14.5
W064,frac0.001,rgb,n_reg,15.541666666666666
W064,frac0.005,depth,f1@0.5,0.5706959706959708
W064,frac0.005,depth,f1@0.75,0.2821123321123321
W064,frac0.005,depth,miou,0.5561572663857386
W064,frac0.005,depth,n_gt,7.333333333333333
W064,frac0.005,depth,n_pred,6.0
W064,frac0.005,depth,n_reg,6.875
W064,frac0.005,normal,f1@0.5,0.4353699813258636
W064,frac0.005,normal,f1@0.75,0.1896144568938686
W064,frac0.005,normal,miou,0.5714104949391658
W064,frac0.005,normal,n_gt,7.333333333333333
W064,frac0.005,normal,n_pred,8.625
W064,frac0.005,normal,n_reg,9.0
W064,frac0.005,rgb,f1@0.5,0.5385706914344685
W064,frac0.005,rgb,f1@0.75,0.3187277835110652
W064,frac0.005,rgb,miou,0.7481393930858017
W064,frac0.005,rgb,n_gt,7.333333333333333
W064,frac0.005,rgb,n_pred,10.5
W064,frac0.005,rgb,n_reg,15.541666666666666
W064,px300,depth,f1@0.5,0.5244696275946276
W064,px300,depth,f1@0.75,0.2601381257631257
W064,px300,depth,miou,0.5561572663857386
W064,px300,depth,n_gt,7.916666666666667
W064,px300,depth,n_pred,6.541666666666667
W064,px300,depth,n_reg,6.875
W064,px300,normal,f1@0.5,0.4099307705538355
W064,px300,normal,f1@0.75,0.1793042655658754
W064,px300,normal,miou,0.5714104949391658
W064,px300,normal,n_gt,7.916666666666667
W064,px300,normal,n_pred,8.958333333333334
W064,px300,normal,n_reg,9.0
W064,px300,rgb,f1@0.5,0.431698323817889
W064,px300,rgb,f1@0.75,0.2550681504485852
W064,px300,rgb,miou,0.7481393930858017
W064,px300,rgb,n_gt,7.916666666666667
W064,px300,rgb,n_pred,14.416666666666666
W064,px300,rgb,n_reg,15.541666666666666
W065,frac0,depth,f1@0.5,0.3491254478999577
W065,frac0,depth,f1@0.75,0.2856054530074138
W065,frac0,depth,miou,0.4785810584156491
W065,frac0,depth,n_gt,10.27777777777778
W065,frac0,depth,n_pred,5.388888888888889
W065,frac0,depth,n_reg,5.388888888888889
W065,frac0,normal,f1@0.5,0.5571157729439463
W065,frac0,normal,f1@0.75,0.3052535900059119
W065,frac0,normal,miou,0.755094795662417
W065,frac0,normal,n_gt,10.27777777777778
W065,frac0,normal,n_pred,8.444444444444445
W065,frac0,normal,n_reg,8.444444444444445
W065,frac0,rgb,f1@0.5,0.4196325281199511
W065,frac0,rgb,f1@0.75,0.2725990438384241
W065,frac0,rgb,miou,0.8119036788860149
W065,frac0,rgb,n_gt,10.27777777777778
W065,frac0,rgb,n_pred,14.333333333333334
W065,frac0,rgb,n_reg,14.333333333333334
W065,frac0.001,depth,f1@0.5,0.3987323134381958
W065,frac0.001,depth,f1@0.75,0.3275814599344011
W065,frac0.001,depth,miou,0.4785810584156491
W065,frac0.001,depth,n_gt,8.166666666666666
W065,frac0.001,depth,n_pred,5.388888888888889
W065,frac0.001,depth,n_reg,5.388888888888889
W065,frac0.001,normal,f1@0.5,0.625347341665711
W065,frac0.001,normal,f1@0.75,0.3429380231624813
W065,frac0.001,normal,miou,0.755094795662417
W065,frac0.001,normal,n_gt,8.166666666666666
W065,frac0.001,normal,n_pred,8.38888888888889
W065,frac0.001,normal,n_reg,8.444444444444445
W065,frac0.001,rgb,f1@0.5,0.4798543032524726
W065,frac0.001,rgb,f1@0.75,0.3100179526380899
W065,frac0.001,rgb,miou,0.8119036788860149
W065,frac0.001,rgb,n_gt,8.166666666666666
W065,frac0.001,rgb,n_pred,13.333333333333334
W065,frac0.001,rgb,n_reg,14.333333333333334
W065,frac0.005,depth,f1@0.5,0.4152421652421652
W065,frac0.005,depth,f1@0.75,0.3412393162393162
W065,frac0.005,depth,miou,0.4785810584156491
W065,frac0.005,depth,n_gt,7.555555555555555
W065,frac0.005,depth,n_pred,5.388888888888889
W065,frac0.005,depth,n_reg,5.388888888888889
W065,frac0.005,normal,f1@0.5,0.6489928525016244
W065,frac0.005,normal,f1@0.75,0.3545971410006497
W065,frac0.005,normal,miou,0.755094795662417
W065,frac0.005,normal,n_gt,7.555555555555555
W065,frac0.005,normal,n_pred,8.38888888888889
W065,frac0.005,normal,n_reg,8.444444444444445
W065,frac0.005,rgb,f1@0.5,0.5423903067148008
W065,frac0.005,rgb,f1@0.75,0.3503900092269993
W065,frac0.005,rgb,miou,0.8119036788860149
W065,frac0.005,rgb,n_gt,7.555555555555555
W065,frac0.005,rgb,n_pred,11.5
W065,frac0.005,rgb,n_reg,14.333333333333334
W065,px300,depth,f1@0.5,0.4044363044363044
W065,px300,depth,f1@0.75,0.3324684574684575
W065,px300,depth,miou,0.4785810584156491
W065,px300,depth,n_gt,7.944444444444445
W065,px300,depth,n_pred,5.388888888888889
W065,px300,depth,n_reg,5.388888888888889
W065,px300,normal,f1@0.5,0.633018480296602
W065,px300,normal,f1@0.75,0.3471175897259488
W065,px300,normal,miou,0.755094795662417
W065,px300,normal,n_gt,7.944444444444445
W065,px300,normal,n_pred,8.38888888888889
W065,px300,normal,n_reg,8.444444444444445
W065,px300,rgb,f1@0.5,0.4856434966846866
W065,px300,rgb,f1@0.75,0.313786218442969
W065,px300,rgb,miou,0.8119036788860149
W065,px300,rgb,n_gt,7.944444444444445
W065,px300,rgb,n_pred,13.27777777777778
W065,px300,rgb,n_reg,14.333333333333334
W066,frac0,depth,f1@0.5,0.538674244915731
W066,frac0,depth,f1@0.75,0.451135290578015
W066,frac0,depth,miou,0.5870341931108641
W066,frac0,depth,n_gt,7.88
W066,frac0,depth,n_pred,6.48
W066,frac0,depth,n_reg,6.48
W066,frac0,normal,f1@0.5,0.5259304841222999
W066,frac0,normal,f1@0.75,0.3485453642691494
W066,frac0,normal,miou,0.6527347738971737
W066,frac0,normal,n_gt,7.88
W066,frac0,normal,n_pred,8.88
W066,frac0,normal,n_reg,8.88
W066,frac0,rgb,f1@0.5,0.5142849734343071
W066,frac0,rgb,f1@0.75,0.4058530762188859
W066,frac0,rgb,miou,0.8234631030954108
W066,frac0,rgb,n_gt,7.88
W066,frac0,rgb,n_pred,12.84
W066,frac0,rgb,n_reg,12.84
W066,frac0.001,depth,f1@0.5,0.5914624721683545
W066,frac0.001,depth,f1@0.75,0.4930908568555627
W066,frac0.001,depth,miou,0.5870341931108641
W066,frac0.001,depth,n_gt,7.32
W066,frac0.001,depth,n_pred,5.72
W066,frac0.001,depth,n_reg,6.48
W066,frac0.001,normal,f1@0.5,0.5626895495285588
W066,frac0.001,normal,f1@0.75,0.3703195256755628
W066,frac0.001,normal,miou,0.6527347738971737
W066,frac0.001,normal,n_gt,7.32
W066,frac0.001,normal,n_pred,8.2
W066,frac0.001,normal,n_reg,8.88
W066,frac0.001,rgb,f1@0.5,0.5404830917874396
W066,frac0.001,rgb,f1@0.75,0.4286595143986448
W066,frac0.001,rgb,miou,0.8234631030954108
W066,frac0.001,rgb,n_gt,7.32
W066,frac0.001,rgb,n_pred,12.2
W066,frac0.001,rgb,n_reg,12.84
W066,frac0.005,depth,f1@0.5,0.6594261294261294
W066,frac0.005,depth,f1@0.75,0.55208547008547
W066,frac0.005,depth,miou,0.5870341931108641
W066,frac0.005,depth,n_gt,6.68
W066,frac0.005,depth,n_pred,4.84
W066,frac0.005,depth,n_reg,6.48
W066,frac0.005,normal,f1@0.5,0.6825832402891227
W066,frac0.005,normal,f1@0.75,0.4690091868915398
W066,frac0.005,normal,miou,0.6527347738971737
W066,frac0.005,normal,n_gt,6.68
W066,frac0.005,normal,n_pred,6.0
W066,frac0.005,normal,n_reg,8.88
W066,frac0.005,rgb,f1@0.5,0.6690816929888137
W066,frac0.005,rgb,f1@0.75,0.5377049857607133
W066,frac0.005,rgb,miou,0.8234631030954108
W066,frac0.005,rgb,n_gt,6.68
W066,frac0.005,rgb,n_pred,8.84
W066,frac0.005,rgb,n_reg,12.84
W066,px300,depth,f1@0.5,0.6069330604036487
W066,px300,depth,f1@0.75,0.5079339941104647
W066,px300,depth,miou,0.5870341931108641
W066,px300,depth,n_gt,7.2
W066,px300,depth,n_pred,5.6
W066,px300,depth,n_reg,6.48
W066,px300,normal,f1@0.5,0.5814348352026371
W066,px300,normal,f1@0.75,0.3856798784291044
W066,px300,normal,miou,0.6527347738971737
W066,px300,normal,n_gt,7.2
W066,px300,normal,n_pred,7.88
W066,px300,normal,n_reg,8.88
W066,px300,rgb,f1@0.5,0.5637118959471901
W066,px300,rgb,f1@0.75,0.4479641665524018
W066,px300,rgb,miou,0.8234631030954108
W066,px300,rgb,n_gt,7.2
W066,px300,rgb,n_pred,11.56
W066,px300,rgb,n_reg,12.84
W067,frac0,depth,f1@0.5,0.6752208013721172
W067,frac0,depth,f1@0.75,0.5056856155540366
W067,frac0,depth,miou,0.8281427869876438
W067,frac0,depth,n_gt,9.541666666666666
W067,frac0,depth,n_pred,9.166666666666666
W067,frac0,depth,n_reg,9.166666666666666
W067,frac0,normal,f1@0.5,0.6578877078187214
W067,frac0,normal,f1@0.75,0.4698033317295667
W067,frac0,normal,miou,0.8476395618478073
W067,frac0,normal,n_gt,9.541666666666666
W067,frac0,normal,n_pred,9.916666666666666
W067,frac0,normal,n_reg,9.916666666666666
W067,frac0,rgb,f1@0.5,0.4400209203750447
W067,frac0,rgb,f1@0.75,0.1420923494030323
W067,frac0,rgb,miou,0.8184529947447953
W067,frac0,rgb,n_gt,9.541666666666666
W067,frac0,rgb,n_pred,16.625
W067,frac0,rgb,n_reg,16.625
W067,frac0.001,depth,f1@0.5,0.7260692280429123
W067,frac0.001,depth,f1@0.75,0.549584212084212
W067,frac0.001,depth,miou,0.8281427869876438
W067,frac0.001,depth,n_gt,8.708333333333334
W067,frac0.001,depth,n_pred,8.5
W067,frac0.001,depth,n_reg,9.166666666666666
W067,frac0.001,normal,f1@0.5,0.7033443773575353
W067,frac0.001,normal,f1@0.75,0.5044005215057846
W067,frac0.001,normal,miou,0.8476395618478073
W067,frac0.001,normal,n_gt,8.708333333333334
W067,frac0.001,normal,n_pred,9.583333333333334
W067,frac0.001,normal,n_reg,9.916666666666666
W067,frac0.001,rgb,f1@0.5,0.4668234319958457
W067,frac0.001,rgb,f1@0.75,0.1544812966939403
W067,frac0.001,rgb,miou,0.8184529947447953
W067,frac0.001,rgb,n_gt,8.708333333333334
W067,frac0.001,rgb,n_pred,15.833333333333334
W067,frac0.001,rgb,n_reg,16.625
W067,frac0.005,depth,f1@0.5,0.7802514206925971
W067,frac0.005,depth,f1@0.75,0.5978285875344699
W067,frac0.005,depth,miou,0.8281427869876438
W067,frac0.005,depth,n_gt,7.75
W067,frac0.005,depth,n_pred,8.041666666666666
W067,frac0.005,depth,n_reg,9.166666666666666
W067,frac0.005,normal,f1@0.5,0.756991032416729
W067,frac0.005,normal,f1@0.75,0.5454330656730038
W067,frac0.005,normal,miou,0.8476395618478073
W067,frac0.005,normal,n_gt,7.75
W067,frac0.005,normal,n_pred,8.958333333333334
W067,frac0.005,normal,n_reg,9.916666666666666
W067,frac0.005,rgb,f1@0.5,0.5484763183582843
W067,frac0.005,rgb,f1@0.75,0.1910869950053386
W067,frac0.005,rgb,miou,0.8184529947447953
W067,frac0.005,rgb,n_gt,7.75
W067,frac0.005,rgb,n_pred,11.375
W067,frac0.005,rgb,n_reg,16.625
W067,px300,depth,f1@0.5,0.7291637699532436
W067,px300,depth,f1@0.75,0.5520382638803691
W067,px300,depth,miou,0.8281427869876438
W067,px300,depth,n_gt,8.625
W067,px300,depth,n_pred,8.5
W067,px300,depth,n_reg,9.166666666666666
W067,px300,normal,f1@0.5,0.7084115324246903
W067,px300,normal,f1@0.75,0.5075598621651253
W067,px300,normal,miou,0.8476395618478073
W067,px300,normal,n_gt,8.625
W067,px300,normal,n_pred,9.541666666666666
W067,px300,normal,n_reg,9.916666666666666
W067,px300,rgb,f1@0.5,0.4729143671418858
W067,px300,rgb,f1@0.75,0.1570142344195758
W067,px300,rgb,miou,0.8184529947447953
W067,px300,rgb,n_gt,8.625
W067,px300,rgb,n_pred,15.416666666666666
W067,px300,rgb,n_reg,16.625
W068,frac0,depth,f1@0.5,0.6736758698694789
W068,frac0,depth,f1@0.75,0.5994686715612672
W068,frac0,depth,miou,0.7545542408962296
W068,frac0,depth,n_gt,9.535714285714286
W068,frac0,depth,n_pred,10.857142857142858
W068,frac0,depth,n_reg,10.857142857142858
W068,frac0,normal,f1@0.5,0.5964436934140604
W068,frac0,normal,f1@0.75,0.4331046465942529
W068,frac0,normal,miou,0.6732267899294755
W068,frac0,normal,n_gt,9.535714285714286
W068,frac0,normal,n_pred,7.964285714285714
W068,frac0,normal,n_reg,7.964285714285714
W068,frac0,rgb,f1@0.5,0.5790506587250285
W068,frac0,rgb,f1@0.75,0.3577663544050098
W068,frac0,rgb,miou,0.8939474712439793
W068,frac0,rgb,n_gt,9.535714285714286
W068,frac0,rgb,n_pred,13.571428571428571
W068,frac0,rgb,n_reg,13.571428571428571
W068,frac0.001,depth,f1@0.5,0.732721875935729
W068,frac0.001,depth,f1@0.75,0.658651612645613
W068,frac0.001,depth,miou,0.7545542408962296
W068,frac0.001,depth,n_gt,8.75
W068,frac0.001,depth,n_pred,9.785714285714286
W068,frac0.001,depth,n_reg,10.857142857142858
W068,frac0.001,normal,f1@0.5,0.646993480866767
W068,frac0.001,normal,f1@0.75,0.469507586189917
W068,frac0.001,normal,miou,0.6732267899294755
W068,frac0.001,normal,n_gt,8.75
W068,frac0.001,normal,n_pred,7.357142857142857
W068,frac0.001,normal,n_reg,7.964285714285714
W068,frac0.001,rgb,f1@0.5,0.6052361311617508
W068,frac0.001,rgb,f1@0.75,0.3791998862081838
W068,frac0.001,rgb,miou,0.8939474712439793
W068,frac0.001,rgb,n_gt,8.75
W068,frac0.001,rgb,n_pred,13.107142857142858
W068,frac0.001,rgb,n_reg,13.571428571428571
W068,frac0.005,depth,f1@0.5,0.8499389735651345
W068,frac0.005,depth,f1@0.75,0.7661857084264205
W068,frac0.005,depth,miou,0.7545542408962296
W068,frac0.005,depth,n_gt,7.857142857142857
W068,frac0.005,depth,n_pred,7.785714285714286
W068,frac0.005,depth,n_reg,10.857142857142858
W068,frac0.005,normal,f1@0.5,0.6874205451411334
W068,frac0.005,normal,f1@0.75,0.5013843999138117
W068,frac0.005,normal,miou,0.6732267899294755
W068,frac0.005,normal,n_gt,7.857142857142857
W068,frac0.005,normal,n_pred,7.178571428571429
W068,frac0.005,normal,n_reg,7.964285714285714
W068,frac0.005,rgb,f1@0.5,0.6557843726321987
W068,frac0.005,rgb,f1@0.75,0.4143107410188155
W068,frac0.005,rgb,miou,0.8939474712439793
W068,frac0.005,rgb,n_gt,7.857142857142857
W068,frac0.005,rgb,n_pred,11.285714285714286
W068,frac0.005,rgb,n_reg,13.571428571428571
W068,px300,depth,f1@0.5,0.7508919264366065
W068,px300,depth,f1@0.75,0.6780798587324172
W068,px300,depth,miou,0.7545542408962296
W068,px300,depth,n_gt,8.642857142857142
W068,px300,depth,n_pred,9.428571428571429
W068,px300,depth,n_reg,10.857142857142858
W068,px300,normal,f1@0.5,0.6566301161612971
W068,px300,normal,f1@0.75,0.4767665918041858
W068,px300,normal,miou,0.6732267899294755
W068,px300,normal,n_gt,8.642857142857142
W068,px300,normal,n_pred,7.25
W068,px300,normal,n_reg,7.964285714285714
W068,px300,rgb,f1@0.5,0.6125499010793128
W068,px300,rgb,f1@0.75,0.3849047232149168
W068,px300,rgb,miou,0.8939474712439793
W068,px300,rgb,n_gt,8.642857142857142
W068,px300,rgb,n_pred,13.0
W068,px300,rgb,n_reg,13.571428571428571
W069,frac0,depth,f1@0.5,0.8138620693655019
W069,frac0,depth,f1@0.75,0.6140643456890597
W069,frac0,depth,miou,0.801317626385286
W069,frac0,depth,n_gt,9.366666666666667
W069,frac0,depth,n_pred,8.5
W069,frac0,depth,n_reg,8.5
W069,frac0,normal,f1@0.5,0.6974254413643968
W069,frac0,normal,f1@0.75,0.5501925088043678
W069,frac0,normal,miou,0.7007145223041644
W069,frac0,normal,n_gt,9.366666666666667
W069,frac0,normal,n_pred,8.266666666666667
W069,frac0,normal,n_reg,8.266666666666667
W069,frac0,rgb,f1@0.5,0.6398957928981593
W069,frac0,rgb,f1@0.75,0.5027441961164071
W069,frac0,rgb,miou,0.8959654644490691
W069,frac0,rgb,n_gt,9.366666666666667
W069,frac0,rgb,n_pred,14.1
W069,frac0,rgb,n_reg,14.1
W069,frac0.001,depth,f1@0.5,0.8549110446943264
W069,frac0.001,depth,f1@0.75,0.6453375714985622
W069,frac0.001,depth,miou,0.801317626385286
W069,frac0.001,depth,n_gt,8.566666666666666
W069,frac0.001,depth,n_pred,8.366666666666667
W069,frac0.001,depth,n_reg,8.5
W069,frac0.001,normal,f1@0.5,0.7448344271254488
W069,frac0.001,normal,f1@0.75,0.5931438965804291
W069,frac0.001,normal,miou,0.7007145223041644
W069,frac0.001,normal,n_gt,8.566666666666666
W069,frac0.001,normal,n_pred,7.633333333333334
W069,frac0.001,normal,n_reg,8.266666666666667
W069,frac0.001,rgb,f1@0.5,0.6881355342582964
W069,frac0.001,rgb,f1@0.75,0.541148770098898
W069,frac0.001,rgb,miou,0.8959654644490691
W069,frac0.001,rgb,n_gt,8.566666666666666
W069,frac0.001,rgb,n_pred,13.233333333333333
W069,frac0.001,rgb,n_reg,14.1
W069,frac0.005,depth,f1@0.5,0.8940383386823015
W069,frac0.005,depth,f1@0.75,0.677020694017598
W069,frac0.005,depth,miou,0.801317626385286
W069,frac0.005,depth,n_gt,7.766666666666667
W069,frac0.005,depth,n_pred,8.166666666666666
W069,frac0.005,depth,n_reg,8.5
W069,frac0.005,normal,f1@0.5,0.7914956503191797
W069,frac0.005,normal,f1@0.75,0.628569366363484
W069,frac0.005,normal,miou,0.7007145223041644
W069,frac0.005,normal,n_gt,7.766666666666667
W069,frac0.005,normal,n_pred,7.466666666666667
W069,frac0.005,normal,n_reg,8.266666666666667
W069,frac0.005,rgb,f1@0.5,0.7405300725209192
W069,frac0.005,rgb,f1@0.75,0.5903815654216111
W069,frac0.005,rgb,miou,0.8959654644490691
W069,frac0.005,rgb,n_gt,7.766666666666667
W069,frac0.005,rgb,n_pred,11.633333333333333
W069,frac0.005,rgb,n_reg,14.1
W069,px300,depth,f1@0.5,0.8572743057882377
W069,px300,depth,f1@0.75,0.6496822567410803
W069,px300,depth,miou,0.801317626385286
W069,px300,depth,n_gt,8.466666666666667
W069,px300,depth,n_pred,8.333333333333334
W069,px300,depth,n_reg,8.5
W069,px300,normal,f1@0.5,0.7506204639873371
W069,px300,normal,f1@0.75,0.5975388079412848
W069,px300,normal,miou,0.7007145223041644
W069,px300,normal,n_gt,8.466666666666667
W069,px300,normal,n_pred,7.6
W069,px300,normal,n_reg,8.266666666666667
W069,px300,rgb,f1@0.5,0.6948204637079318
W069,px300,rgb,f1@0.75,0.5468900126585549
W069,px300,rgb,miou,0.8959654644490691
W069,px300,rgb,n_gt,8.466666666666667
W069,px300,rgb,n_pred,12.933333333333334
W069,px300,rgb,n_reg,14.1
W070,frac0,depth,f1@0.5,0.6083365106478162
W070,frac0,depth,f1@0.75,0.3480570933757653
W070,frac0,depth,miou,0.3682095321629848
W070,frac0,depth,n_gt,9.10344827586207
W070,frac0,depth,n_pred,4.896551724137931
W070,frac0,depth,n_reg,4.896551724137931
W070,frac0,normal,f1@0.5,0.6297799152371866
W070,frac0,normal,f1@0.75,0.4727511244377811
W070,frac0,normal,miou,0.6168864563240504
W070,frac0,normal,n_gt,9.10344827586207
W070,frac0,normal,n_pred,7.620689655172414
W070,frac0,normal,n_reg,7.620689655172414
W070,frac0,rgb,f1@0.5,0.6016375831748293
W070,frac0,rgb,f1@0.75,0.4331219573954812
W070,frac0,rgb,miou,0.9120402521011785
W070,frac0,rgb,n_gt,9.10344827586207
W070,frac0,rgb,n_pred,14.0
W070,frac0,rgb,n_reg,14.0
W070,frac0.001,depth,f1@0.5,0.6330468438480609
W070,frac0.001,depth,f1@0.75,0.3644219933773686
W070,frac0.001,depth,miou,0.3682095321629848
W070,frac0.001,depth,n_gt,8.379310344827585
W070,frac0.001,depth,n_pred,4.793103448275862
W070,frac0.001,depth,n_reg,4.896551724137931
W070,frac0.001,normal,f1@0.5,0.6645658032227905
W070,frac0.001,normal,f1@0.75,0.4974945199990572
W070,frac0.001,normal,miou,0.6168864563240504
W070,frac0.001,normal,n_gt,8.379310344827585
W070,frac0.001,normal,n_pred,7.413793103448276
W070,frac0.001,normal,n_reg,7.620689655172414
W070,frac0.001,rgb,f1@0.5,0.6652552298054547
W070,frac0.001,rgb,f1@0.75,0.4821310174083787
W070,frac0.001,rgb,miou,0.9120402521011785
W070,frac0.001,rgb,n_gt,8.379310344827585
W070,frac0.001,rgb,n_pred,12.241379310344827
W070,frac0.001,rgb,n_reg,14.0
W070,frac0.005,depth,f1@0.5,0.65519978106185
W070,frac0.005,depth,f1@0.75,0.3681171319102354
W070,frac0.005,depth,miou,0.3682095321629848
W070,frac0.005,depth,n_gt,7.413793103448276
W070,frac0.005,depth,n_pred,4.310344827586207
W070,frac0.005,depth,n_reg,4.896551724137931
W070,frac0.005,normal,f1@0.5,0.7422484040638199
W070,frac0.005,normal,f1@0.75,0.5714684515394455
W070,frac0.005,normal,miou,0.6168864563240504
W070,frac0.005,normal,n_gt,7.413793103448276
W070,frac0.005,normal,n_pred,6.103448275862069
W070,frac0.005,normal,n_reg,7.620689655172414
W070,frac0.005,rgb,f1@0.5,0.7685336240690142
W070,frac0.005,rgb,f1@0.75,0.5539494181962421
W070,frac0.005,rgb,miou,0.9120402521011785
W070,frac0.005,rgb,n_gt,7.413793103448276
W070,frac0.005,rgb,n_pred,9.03448275862069
W070,frac0.005,rgb,n_reg,14.0
W070,px300,depth,f1@0.5,0.6359091381910854
W070,px300,depth,f1@0.75,0.3647995007021376
W070,px300,depth,miou,0.3682095321629848
W070,px300,depth,n_gt,8.310344827586206
W070,px300,depth,n_pred,4.724137931034483
W070,px300,depth,n_reg,4.896551724137931
W070,px300,normal,f1@0.5,0.6691718847798702
W070,px300,normal,f1@0.75,0.500577724352679
W070,px300,normal,miou,0.6168864563240504
W070,px300,normal,n_gt,8.310344827586206
W070,px300,normal,n_pred,7.379310344827586
W070,px300,normal,n_reg,7.620689655172414
W070,px300,rgb,f1@0.5,0.671779797192091
W070,px300,rgb,f1@0.75,0.486818398992312
W070,px300,rgb,miou,0.9120402521011785
W070,px300,rgb,n_gt,8.310344827586206
W070,px300,rgb,n_pred,12.03448275862069
W070,px300,rgb,n_reg,14.0
W071,frac0,depth,f1@0.5,0.6583014003969886
W071,frac0,depth,f1@0.75,0.5411314992197345
W071,frac0,depth,miou,0.7024480097144847
W071,frac0,depth,n_gt,8.416666666666666
W071,frac0,depth,n_pred,5.0
W071,frac0,depth,n_reg,5.0
W071,frac0,normal,f1@0.5,0.5120262770998065
W071,frac0,normal,f1@0.75,0.3836439908131084
W071,frac0,normal,miou,0.6480070533298358
W071,frac0,normal,n_gt,8.416666666666666
W071,frac0,normal,n_pred,5.666666666666667
W071,frac0,normal,n_reg,5.666666666666667
W071,frac0,rgb,f1@0.5,0.4171434864834043
W071,frac0,rgb,f1@0.75,0.2775253860832337
W071,frac0,rgb,miou,0.8644336043358853
W071,frac0,rgb,n_gt,8.416666666666666
W071,frac0,rgb,n_pred,13.25
W071,frac0,rgb,n_reg,13.25
W071,frac0.001,depth,f1@0.5,0.684976134976135
W071,frac0.001,depth,f1@0.75,0.5647852147852147
W071,frac0.001,depth,miou,0.7024480097144847
W071,frac0.001,depth,n_gt,7.916666666666667
W071,frac0.001,depth,n_pred,4.875
W071,frac0.001,depth,n_reg,5.0
W071,frac0.001,normal,f1@0.5,0.5388545686339804
W071,frac0.001,normal,f1@0.75,0.408113251127957
W071,frac0.001,normal,miou,0.6480070533298358
W071,frac0.001,normal,n_gt,7.916666666666667
W071,frac0.001,normal,n_pred,5.208333333333333
W071,frac0.001,normal,n_reg,5.666666666666667
W071,frac0.001,rgb,f1@0.5,0.4697953744056853
W071,frac0.001,rgb,f1@0.75,0.31243636548649
W071,frac0.001,rgb,miou,0.8644336043358853
W071,frac0.001,rgb,n_gt,7.916666666666667
W071,frac0.001,rgb,n_pred,11.375
W071,frac0.001,rgb,n_reg,13.25
W071,frac0.005,depth,f1@0.5,0.7352924852924853
W071,frac0.005,depth,f1@0.75,0.6073343323343323
W071,frac0.005,depth,miou,0.7024480097144847
W071,frac0.005,depth,n_gt,7.125
W071,frac0.005,depth,n_pred,4.708333333333333
W071,frac0.005,depth,n_reg,5.0
W071,frac0.005,normal,f1@0.5,0.5866624116624116
W071,frac0.005,normal,f1@0.75,0.4543484293484293
W071,frac0.005,normal,miou,0.6480070533298358
W071,frac0.005,normal,n_gt,7.125
W071,frac0.005,normal,n_pred,4.458333333333333
W071,frac0.005,normal,n_reg,5.666666666666667
W071,frac0.005,rgb,f1@0.5,0.5606144060188177
W071,frac0.005,rgb,f1@0.75,0.383242207139266
W071,frac0.005,rgb,miou,0.8644336043358853
W071,frac0.005,rgb,n_gt,7.125
W071,frac0.005,rgb,n_pred,8.166666666666666
W071,frac0.005,rgb,n_reg,13.25
W071,px300,depth,f1@0.5,0.6960248085248085
W071,px300,depth,f1@0.75,0.5730561105561106
W071,px300,depth,miou,0.7024480097144847
W071,px300,depth,n_gt,7.833333333333333
W071,px300,depth,n_pred,4.791666666666667
W071,px300,depth,n_reg,5.0
W071,px300,normal,f1@0.5,0.5392284798534799
W071,px300,normal,f1@0.75,0.4115356865356865
W071,px300,normal,miou,0.6480070533298358
W071,px300,normal,n_gt,7.833333333333333
W071,px300,normal,n_pred,5.166666666666667
W071,px300,normal,n_reg,5.666666666666667
W071,px300,rgb,f1@0.5,0.4695757597123864
W071,px300,rgb,f1@0.75,0.3111737392238637
W071,px300,rgb,miou,0.8644336043358853
W071,px300,rgb,n_gt,7.833333333333333
W071,px300,rgb,n_pred,11.291666666666666
W071,px300,rgb,n_reg,13.25
W072,frac0,depth,f1@0.5,0.469490231990232
W072,frac0,depth,f1@0.75,0.3537342287342287
W072,frac0,depth,miou,0.4475379188618031
W072,frac0,depth,n_gt,8.055555555555555
W072,frac0,depth,n_pred,3.0
W072,frac0,depth,n_reg,3.0
W072,frac0,normal,f1@0.5,0.5875584354299525
W072,frac0,normal,f1@0.75,0.4635271405008247
W072,frac0,normal,miou,0.7383841446810453
W072,frac0,normal,n_gt,8.055555555555555
W072,frac0,normal,n_pred,6.0
W072,frac0,normal,n_reg,6.0
W072,frac0,rgb,f1@0.5,0.4472535877721635
W072,frac0,rgb,f1@0.75,0.2520491600857958
W072,frac0,rgb,miou,0.640521340986494
W072,frac0,rgb,n_gt,8.055555555555555
W072,frac0,rgb,n_pred,10.11111111111111
W072,frac0,rgb,n_reg,10.11111111111111
W072,frac0.001,depth,f1@0.5,0.4963912630579297
W072,frac0.001,depth,f1@0.75,0.3733143399810066
W072,frac0.001,depth,miou,0.4475379188618031
W072,frac0.001,depth,n_gt,7.333333333333333
W072,frac0.001,depth,n_pred,3.0
W072,frac0.001,depth,n_reg,3.0
W072,frac0.001,normal,f1@0.5,0.6363636363636364
W072,frac0.001,normal,f1@0.75,0.5008417508417509
W072,frac0.001,normal,miou,0.7383841446810453
W072,frac0.001,normal,n_gt,7.333333333333333
W072,frac0.001,normal,n_pred,5.611111111111111
W072,frac0.001,normal,n_reg,6.0
W072,frac0.001,rgb,f1@0.5,0.5260041338472711
W072,frac0.001,rgb,f1@0.75,0.2967493835140893
W072,frac0.001,rgb,miou,0.640521340986494
W072,frac0.001,rgb,n_gt,7.333333333333333
W072,frac0.001,rgb,n_pred,7.944444444444445
W072,frac0.001,rgb,n_reg,10.11111111111111
W072,frac0.005,depth,f1@0.5,0.5333894500561167
W072,frac0.005,depth,f1@0.75,0.3952020202020201
W072,frac0.005,depth,miou,0.4475379188618031
W072,frac0.005,depth,n_gt,6.666666666666667
W072,frac0.005,depth,n_pred,3.0
W072,frac0.005,depth,n_reg,3.0
W072,frac0.005,normal,f1@0.5,0.7081992081992081
W072,frac0.005,normal,f1@0.75,0.5561697561697562
W072,frac0.005,normal,miou,0.7383841446810453
W072,frac0.005,normal,n_gt,6.666666666666667
W072,frac0.005,normal,n_pred,5.0
W072,frac0.005,normal,n_reg,6.0
W072,frac0.005,rgb,f1@0.5,0.642552509219176
W072,frac0.005,rgb,f1@0.75,0.3612510945844279
W072,frac0.005,rgb,miou,0.640521340986494
W072,frac0.005,rgb,n_gt,6.666666666666667
W072,frac0.005,rgb,n_pred,5.277777777777778
W072,frac0.005,rgb,n_reg,10.11111111111111
W072,px300,depth,f1@0.5,0.4985280151946819
W072,px300,depth,f1@0.75,0.374738841405508
W072,px300,depth,miou,0.4475379188618031
W072,px300,depth,n_gt,7.277777777777778
W072,px300,depth,n_pred,3.0
W072,px300,depth,n_reg,3.0
W072,px300,normal,f1@0.5,0.6386784511784511
W072,px300,normal,f1@0.75,0.5026936026936027
W072,px300,normal,miou,0.7383841446810453
W072,px300,normal,n_gt,7.277777777777778
W072,px300,normal,n_pred,5.611111111111111
W072,px300,normal,n_reg,6.0
W072,px300,rgb,f1@0.5,0.5383075167388892
W072,px300,rgb,f1@0.75,0.3091587062175297
W072,px300,rgb,miou,0.640521340986494
W072,px300,rgb,n_gt,7.277777777777778
W072,px300,rgb,n_pred,7.388888888888889
W072,px300,rgb,n_reg,10.11111111111111
W073,frac0,depth,f1@0.5,0.5059115312791783
W073,frac0,depth,f1@0.75,0.3648576097105508
W073,frac0,depth,miou,0.5544467409320297
W073,frac0,depth,n_gt,10.083333333333334
W073,frac0,depth,n_pred,7.083333333333333
W073,frac0,depth,n_reg,7.083333333333333
W073,frac0,normal,f1@0.5,0.56348888970793
W073,frac0,normal,f1@0.75,0.4329840123183776
W073,frac0,normal,miou,0.5338185644735067
W073,frac0,normal,n_gt,10.083333333333334
W073,frac0,normal,n_pred,6.75
W073,frac0,normal,n_reg,6.75
W073,frac0,rgb,f1@0.5,0.5873822675371901
W073,frac0,rgb,f1@0.75,0.4203971708044671
W073,frac0,rgb,miou,0.8199089785668484
W073,frac0,rgb,n_gt,10.083333333333334
W073,frac0,rgb,n_pred,15.0
W073,frac0,rgb,n_reg,15.0
W073,frac0.001,depth,f1@0.5,0.5754960317460317
W073,frac0.001,depth,f1@0.75,0.4180555555555555
W073,frac0.001,depth,miou,0.5544467409320297
W073,frac0.001,depth,n_gt,8.833333333333334
W073,frac0.001,depth,n_pred,6.0
W073,frac0.001,depth,n_reg,7.083333333333333
W073,frac0.001,normal,f1@0.5,0.6246072146807441
W073,frac0.001,normal,f1@0.75,0.4785875888817065
W073,frac0.001,normal,miou,0.5338185644735067
W073,frac0.001,normal,n_gt,8.833333333333334
W073,frac0.001,normal,n_pred,6.166666666666667
W073,frac0.001,normal,n_reg,6.75
W073,frac0.001,rgb,f1@0.5,0.6520377689942908
W073,frac0.001,rgb,f1@0.75,0.466885312754878
W073,frac0.001,rgb,miou,0.8199089785668484
W073,frac0.001,rgb,n_gt,8.833333333333334
W073,frac0.001,rgb,n_pred,13.666666666666666
W073,frac0.001,rgb,n_reg,15.0
W073,frac0.005,depth,f1@0.5,0.6034798534798534
W073,frac0.005,depth,f1@0.75,0.4355311355311355
W073,frac0.005,depth,miou,0.5544467409320297
W073,frac0.005,depth,n_gt,8.5
W073,frac0.005,depth,n_pred,5.666666666666667
W073,frac0.005,depth,n_reg,7.083333333333333
W073,frac0.005,normal,f1@0.5,0.6860805860805862
W073,frac0.005,normal,f1@0.75,0.5264957264957265
W073,frac0.005,normal,miou,0.5338185644735067
W073,frac0.005,normal,n_gt,8.5
W073,frac0.005,normal,n_pred,5.166666666666667
W073,frac0.005,normal,n_reg,6.75
W073,frac0.005,rgb,f1@0.5,0.7337580061264272
W073,frac0.005,rgb,f1@0.75,0.5269702032859928
W073,frac0.005,rgb,miou,0.8199089785668484
W073,frac0.005,rgb,n_gt,8.5
W073,frac0.005,rgb,n_pred,11.5
W073,frac0.005,rgb,n_reg,15.0
W073,px300,depth,f1@0.5,0.5782738095238095
W073,px300,depth,f1@0.75,0.4201388888888889
W073,px300,depth,miou,0.5544467409320297
W073,px300,depth,n_gt,8.75
W073,px300,depth,n_pred,6.0
W073,px300,depth,n_reg,7.083333333333333
W073,px300,normal,f1@0.5,0.6316391941391941
W073,px300,normal,f1@0.75,0.4836004273504273
W073,px300,normal,miou,0.5338185644735067
W073,px300,normal,n_gt,8.75
W073,px300,normal,n_pred,6.083333333333333
W073,px300,normal,n_reg,6.75
W073,px300,rgb,f1@0.5,0.6623175857958467
W073,px300,rgb,f1@0.75,0.4746853629462325
W073,px300,rgb,miou,0.8199089785668484
W073,px300,rgb,n_gt,8.75
W073,px300,rgb,n_pred,13.416666666666666
W073,px300,rgb,n_reg,15.0
W074,frac0,depth,f1@0.5,0.3327355702433101
W074,frac0,depth,f1@0.75,0.1661528529949582
W074,frac0,depth,miou,0.2461767065740831
W074,frac0,depth,n_gt,9.866666666666667
W074,frac0,depth,n_pred,4.2
W074,frac0,depth,n_reg,4.2
W074,frac0,normal,f1@0.5,0.5087079690175665
W074,frac0,normal,f1@0.75,0.4218308402983325
W074,frac0,normal,miou,0.5604021984197363
W074,frac0,normal,n_gt,9.866666666666667
W074,frac0,normal,n_pred,6.533333333333333
W074,frac0,normal,n_reg,6.533333333333333
W074,frac0,rgb,f1@0.5,0.5735794329127663
W074,frac0,rgb,f1@0.75,0.414379299712633
W074,frac0,rgb,miou,0.770221494255265
W074,frac0,rgb,n_gt,9.866666666666667
W074,frac0,rgb,n_pred,15.2
W074,frac0,rgb,n_reg,15.2
W074,frac0.001,depth,f1@0.5,0.3694627594627594
W074,frac0.001,depth,f1@0.75,0.1907647907647907
W074,frac0.001,depth,miou,0.2461767065740831
W074,frac0.001,depth,n_gt,8.6
W074,frac0.001,depth,n_pred,3.6666666666666665
W074,frac0.001,depth,n_reg,4.2
W074,frac0.001,normal,f1@0.5,0.5695000424412189
W074,frac0.001,normal,f1@0.75,0.4713888399182516
W074,frac0.001,normal,miou,0.5604021984197363
W074,frac0.001,normal,n_gt,8.6
W074,frac0.001,normal,n_pred,6.0
W074,frac0.001,normal,n_reg,6.533333333333333
W074,frac0.001,rgb,f1@0.5,0.6570879484106028
W074,frac0.001,rgb,f1@0.75,0.4824173989414264
W074,frac0.001,rgb,miou,0.770221494255265
W074,frac0.001,rgb,n_gt,8.6
W074,frac0.001,rgb,n_pred,13.066666666666666
W074,frac0.001,rgb,n_reg,15.2
W074,frac0.005,depth,f1@0.5,0.3668831168831168
W074,frac0.005,depth,f1@0.75,0.1962193362193362
W074,frac0.005,depth,miou,0.2461767065740831
W074,frac0.005,depth,n_gt,8.466666666666667
W074,frac0.005,depth,n_pred,3.333333333333333
W074,frac0.005,depth,n_reg,4.2
W074,frac0.005,normal,f1@0.5,0.5804057380527968
W074,frac0.005,normal,f1@0.75,0.4822945355298296
W074,frac0.005,normal,miou,0.5604021984197363
W074,frac0.005,normal,n_gt,8.466666666666667
W074,frac0.005,normal,n_pred,5.8
W074,frac0.005,normal,n_reg,6.533333333333333
W074,frac0.005,rgb,f1@0.5,0.6939620130695645
W074,frac0.005,rgb,f1@0.75,0.5059086286202991
W074,frac0.005,rgb,miou,0.770221494255265
W074,frac0.005,rgb,n_gt,8.466666666666667
W074,frac0.005,rgb,n_pred,11.733333333333333
W074,frac0.005,rgb,n_reg,15.2
W074,px300,depth,f1@0.5,0.3694627594627594
W074,px300,depth,f1@0.75,0.1907647907647907
W074,px300,depth,miou,0.2461767065740831
W074,px300,depth,n_gt,8.6
W074,px300,depth,n_pred,3.6666666666666665
W074,px300,depth,n_reg,4.2
W074,px300,normal,f1@0.5,0.5695000424412189
W074,px300,normal,f1@0.75,0.4713888399182516
W074,px300,normal,miou,0.5604021984197363
W074,px300,normal,n_gt,8.6
W074,px300,normal,n_pred,6.0
W074,px300,normal,n_reg,6.533333333333333
W074,px300,rgb,f1@0.5,0.6585238458465004
W074,px300,rgb,f1@0.75,0.4834430399670674
W074,px300,rgb,miou,0.770221494255265
W074,px300,rgb,n_gt,8.6
W074,px300,rgb,n_pred,13.0
W074,px300,rgb,n_reg,15.2
W075,frac0,depth,f1@0.5,0.3498406650109436
W075,frac0,depth,f1@0.75,0.2561962976823658
W075,frac0,depth,miou,0.3614172560911845
W075,frac0,depth,n_gt,11.076923076923077
W075,frac0,depth,n_pred,6.538461538461538
W075,frac0,depth,n_reg,6.538461538461538
W075,frac0,normal,f1@0.5,0.4864728331705976
W075,frac0,normal,f1@0.75,0.310804470943531
W075,frac0,normal,miou,0.5573508939419105
W075,frac0,normal,n_gt,11.076923076923077
W075,frac0,normal,n_pred,12.307692307692308
W075,frac0,normal,n_reg,12.307692307692308
W075,frac0,rgb,f1@0.5,0.5525892250814406
W075,frac0,rgb,f1@0.75,0.4015710353964303
W075,frac0,rgb,miou,0.7854726805869826
W075,frac0,rgb,n_gt,11.076923076923077
W075,frac0,rgb,n_pred,15.615384615384617
W075,frac0,rgb,n_reg,15.615384615384617
W075,frac0.001,depth,f1@0.5,0.3954951910834264
W075,frac0.001,depth,f1@0.75,0.2835417850123732
W075,frac0.001,depth,miou,0.3614172560911845
W075,frac0.001,depth,n_gt,9.538461538461538
W075,frac0.001,depth,n_pred,6.076923076923077
W075,frac0.001,depth,n_reg,6.538461538461538
W075,frac0.001,normal,f1@0.5,0.5327244342232901
W075,frac0.001,normal,f1@0.75,0.3394239741951412
W075,frac0.001,normal,miou,0.5573508939419105
W075,frac0.001,normal,n_gt,9.538461538461538
W075,frac0.001,normal,n_pred,11.923076923076923
W075,frac0.001,normal,n_reg,12.307692307692308
W075,frac0.001,rgb,f1@0.5,0.6220089349520788
W075,frac0.001,rgb,f1@0.75,0.4529186012798052
W075,frac0.001,rgb,miou,0.7854726805869826
W075,frac0.001,rgb,n_gt,9.538461538461538
W075,frac0.001,rgb,n_pred,14.307692307692308
W075,frac0.001,rgb,n_reg,15.615384615384617
W075,frac0.005,depth,f1@0.5,0.4184012066365007
W075,frac0.005,depth,f1@0.75,0.2995690583925878
W075,frac0.005,depth,miou,0.3614172560911845
W075,frac0.005,depth,n_gt,9.153846153846152
W075,frac0.005,depth,n_pred,5.615384615384615
W075,frac0.005,depth,n_reg,6.538461538461538
W075,frac0.005,normal,f1@0.5,0.6009516798990483
W075,frac0.005,normal,f1@0.75,0.3788798920377867
W075,frac0.005,normal,miou,0.5573508939419105
W075,frac0.005,normal,n_gt,9.153846153846152
W075,frac0.005,normal,n_pred,9.692307692307692
W075,frac0.005,normal,n_reg,12.307692307692308
W075,frac0.005,rgb,f1@0.5,0.6641318613185621
W075,frac0.005,rgb,f1@0.75,0.4871732359711899
W075,frac0.005,rgb,miou,0.7854726805869826
W075,frac0.005,rgb,n_gt,9.153846153846152
W075,frac0.005,rgb,n_pred,12.923076923076923
W075,frac0.005,rgb,n_reg,15.615384615384617
W075,px300,depth,f1@0.5,0.3970034867093691
W075,px300,depth,f1@0.75,0.2845473154296684
W075,px300,depth,miou,0.3614172560911845
W075,px300,depth,n_gt,9.461538461538462
W075,px300,depth,n_pred,6.076923076923077
W075,px300,depth,n_reg,6.538461538461538
W075,px300,normal,f1@0.5,0.5342628957617516
W075,px300,normal,f1@0.75,0.3404496152207822
W075,px300,normal,miou,0.5573508939419105
W075,px300,normal,n_gt,9.461538461538462
W075,px300,normal,n_pred,11.923076923076923
W075,px300,normal,n_reg,12.307692307692308
W075,px300,rgb,f1@0.5,0.6277600821079082
W075,px300,rgb,f1@0.75,0.4565130682521987
W075,px300,rgb,miou,0.7854726805869826
W075,px300,rgb,n_gt,9.461538461538462
W075,px300,rgb,n_pred,14.153846153846152
W075,px300,rgb,n_reg,15.615384615384617
W076,frac0,depth,f1@0.5,0.5799441413992497
W076,frac0,depth,f1@0.75,0.3539486788867593
W076,frac0,depth,miou,0.774272949987902
W076,frac0,depth,n_gt,8.566666666666666
W076,frac0,depth,n_pred,10.366666666666667
W076,frac0,depth,n_reg,10.366666666666667
W076,frac0,normal,f1@0.5,0.5727433110405246
W076,frac0,normal,f1@0.75,0.3828353116898008
W076,frac0,normal,miou,0.8999003582317536
W076,frac0,normal,n_gt,8.566666666666666
W076,frac0,normal,n_pred,11.133333333333333
W076,frac0,normal,n_reg,11.133333333333333
W076,frac0,rgb,f1@0.5,0.587088046461448
W076,frac0,rgb,f1@0.75,0.5053525143039209
W076,frac0,rgb,miou,0.937321463748195
W076,frac0,rgb,n_gt,8.566666666666666
W076,frac0,rgb,n_pred,12.333333333333334
W076,frac0,rgb,n_reg,12.333333333333334
W076,frac0.001,depth,f1@0.5,0.7132072829131653
W076,frac0.001,depth,f1@0.75,0.4351937441643324
W076,frac0.001,depth,miou,0.774272949987902
W076,frac0.001,depth,n_gt,6.933333333333334
W076,frac0.001,depth,n_pred,8.466666666666667
W076,frac0.001,depth,n_reg,10.366666666666667
W076,frac0.001,normal,f1@0.5,0.6870968270349075
W076,frac0.001,normal,f1@0.75,0.4617619211427261
W076,frac0.001,normal,miou,0.8999003582317536
W076,frac0.001,normal,n_gt,6.933333333333334
W076,frac0.001,normal,n_pred,9.433333333333334
W076,frac0.001,normal,n_reg,11.133333333333333
W076,frac0.001,rgb,f1@0.5,0.686726397097914
W076,frac0.001,rgb,f1@0.75,0.5961860608145438
W076,frac0.001,rgb,miou,0.937321463748195
W076,frac0.001,rgb,n_gt,6.933333333333334
W076,frac0.001,rgb,n_pred,10.8
W076,frac0.001,rgb,n_reg,12.333333333333334
W076,frac0.005,depth,f1@0.5,0.755981795981796
W076,frac0.005,depth,f1@0.75,0.4514463314463314
W076,frac0.005,depth,miou,0.774272949987902
W076,frac0.005,depth,n_gt,6.666666666666667
W076,frac0.005,depth,n_pred,7.366666666666666
W076,frac0.005,depth,n_reg,10.366666666666667
W076,frac0.005,normal,f1@0.5,0.7481652661064425
W076,frac0.005,normal,f1@0.75,0.5129093945270415
W076,frac0.005,normal,miou,0.8999003582317536
W076,frac0.005,normal,n_gt,6.666666666666667
W076,frac0.005,normal,n_pred,7.866666666666666
W076,frac0.005,normal,n_reg,11.133333333333333
W076,frac0.005,rgb,f1@0.5,0.7782232636644402
W076,frac0.005,rgb,f1@0.75,0.6821985204338146
W076,frac0.005,rgb,miou,0.937321463748195
W076,frac0.005,rgb,n_gt,6.666666666666667
W076,frac0.005,rgb,n_pred,8.333333333333334
W076,frac0.005,rgb,n_reg,12.333333333333334
W076,px300,depth,f1@0.5,0.728279824750413
W076,px300,depth,f1@0.75,0.4442846369316957
W076,px300,depth,miou,0.774272949987902
W076,px300,depth,n_gt,6.9
W076,px300,depth,n_pred,8.133333333333333
W076,px300,depth,n_reg,10.366666666666667
W076,px300,normal,f1@0.5,0.7014508934477974
W076,px300,normal,f1@0.75,0.4715822424336356
W076,px300,normal,miou,0.8999003582317536
W076,px300,normal,n_gt,6.9
W076,px300,normal,n_pred,9.166666666666666
W076,px300,normal,n_reg,11.133333333333333
W076,px300,rgb,f1@0.5,0.7019834121846505
W076,px300,rgb,f1@0.75,0.6105770628293848
W076,px300,rgb,miou,0.937321463748195
W076,px300,rgb,n_gt,6.9
W076,px300,rgb,n_pred,10.466666666666669
W076,px300,rgb,n_reg,12.333333333333334
W077,frac0,depth,f1@0.5,0.6069873381899644
W077,frac0,depth,f1@0.75,0.3781066086446678
W077,frac0,depth,miou,0.8123531165937687
W077,frac0,depth,n_gt,8.586206896551724
W077,frac0,depth,n_pred,8.724137931034482
W077,frac0,depth,n_reg,8.724137931034482
W077,frac0,normal,f1@0.5,0.5988310563734925
W077,frac0,normal,f1@0.75,0.4678957828525459
W077,frac0,normal,miou,0.910216478956438
W077,frac0,normal,n_gt,8.586206896551724
W077,frac0,normal,n_pred,11.344827586206897
W077,frac0,normal,n_reg,11.344827586206897
W077,frac0,rgb,f1@0.5,0.5716635293128625
W077,frac0,rgb,f1@0.75,0.357075867835751
W077,frac0,rgb,miou,0.9201326702995012
W077,frac0,rgb,n_gt,8.586206896551724
W077,frac0,rgb,n_pred,13.20689655172414
W077,frac0,rgb,n_reg,13.20689655172414
W077,frac0.001,depth,f1@0.5,0.6762816797806657
W077,frac0.001,depth,f1@0.75,0.4204791996374146
W077,frac0.001,depth,miou,0.8123531165937687
W077,frac0.001,depth,n_gt,7.0344827586206895
W077,frac0.001,depth,n_pred,8.482758620689655
W077,frac0.001,depth,n_reg,8.724137931034482
W077,frac0.001,normal,f1@0.5,0.7041176235955781
W077,frac0.001,normal,f1@0.75,0.5517141823456545
W077,frac0.001,normal,miou,0.910216478956438
W077,frac0.001,normal,n_gt,7.0344827586206895
W077,frac0.001,normal,n_pred,9.96551724137931
W077,frac0.001,normal,n_reg,11.344827586206897
W077,frac0.001,rgb,f1@0.5,0.63688864877601
W077,frac0.001,rgb,f1@0.75,0.3998229324081877
W077,frac0.001,rgb,miou,0.9201326702995012
W077,frac0.001,rgb,n_gt,7.0344827586206895
W077,frac0.001,rgb,n_pred,12.172413793103448
W077,frac0.001,rgb,n_reg,13.20689655172414
W077,frac0.005,depth,f1@0.5,0.6904982948086397
W077,frac0.005,depth,f1@0.75,0.4314449917898194
W077,frac0.005,depth,miou,0.8123531165937687
W077,frac0.005,depth,n_gt,6.551724137931035
W077,frac0.005,depth,n_pred,7.896551724137931
W077,frac0.005,depth,n_reg,8.724137931034482
W077,frac0.005,normal,f1@0.5,0.7846483863218142
W077,frac0.005,normal,f1@0.75,0.6481407593983659
W077,frac0.005,normal,miou,0.910216478956438
W077,frac0.005,normal,n_gt,6.551724137931035
W077,frac0.005,normal,n_pred,7.482758620689655
W077,frac0.005,normal,n_reg,11.344827586206897
W077,frac0.005,rgb,f1@0.5,0.6595099795404056
W077,frac0.005,rgb,f1@0.75,0.4138171855664115
W077,frac0.005,rgb,miou,0.9201326702995012
W077,frac0.005,rgb,n_gt,6.551724137931035
W077,frac0.005,rgb,n_pred,10.586206896551724
W077,frac0.005,rgb,n_reg,13.20689655172414
W077,px300,depth,f1@0.5,0.6791905356306979
W077,px300,depth,f1@0.75,0.4223766429648782
W077,px300,depth,miou,0.8123531165937687
W077,px300,depth,n_gt,6.965517241379311
W077,px300,depth,n_pred,8.482758620689655
W077,px300,depth,n_reg,8.724137931034482
W077,px300,normal,f1@0.5,0.7267312062337151
W077,px300,normal,f1@0.75,0.5695385092470605
W077,px300,normal,miou,0.910216478956438
W077,px300,normal,n_gt,6.965517241379311
W077,px300,normal,n_pred,9.517241379310343
W077,px300,normal,n_reg,11.344827586206897
W077,px300,rgb,f1@0.5,0.6396688413127949
W077,px300,rgb,f1@0.75,0.4015760474473068
W077,px300,rgb,miou,0.9201326702995012
W077,px300,rgb,n_gt,6.965517241379311
W077,px300,rgb,n_pred,11.96551724137931
W077,px300,rgb,n_reg,13.20689655172414
W078,frac0,depth,f1@0.5,0.6902787503890445
W078,frac0,depth,f1@0.75,0.5511885309679427
W078,frac0,depth,miou,0.8295803274099082
W078,frac0,depth,n_gt,8.708333333333334
W078,frac0,depth,n_pred,7.458333333333333
W078,frac0,depth,n_reg,7.458333333333333
W078,frac0,normal,f1@0.5,0.5767172731665765
W078,frac0,normal,f1@0.75,0.4700568824020836
W078,frac0,normal,miou,0.8309976882531465
W078,frac0,normal,n_gt,8.708333333333334
W078,frac0,normal,n_pred,9.0
W078,frac0,normal,n_reg,9.0
W078,frac0,rgb,f1@0.5,0.7870809581142398
W078,frac0,rgb,f1@0.75,0.6970993660622143
W078,frac0,rgb,miou,0.9436199469409412
W078,frac0,rgb,n_gt,8.708333333333334
W078,frac0,rgb,n_pred,8.208333333333334
W078,frac0,rgb,n_reg,8.208333333333334
W078,frac0.001,depth,f1@0.5,0.7747986694677871
W078,frac0.001,depth,f1@0.75,0.618218954248366
W078,frac0.001,depth,miou,0.8295803274099082
W078,frac0.001,depth,n_gt,7.083333333333333
W078,frac0.001,depth,n_pred,7.291666666666667
W078,frac0.001,depth,n_reg,7.458333333333333
W078,frac0.001,normal,f1@0.5,0.6511593526299408
W078,frac0.001,normal,f1@0.75,0.530963079676315
W078,frac0.001,normal,miou,0.8309976882531465
W078,frac0.001,normal,n_gt,7.083333333333333
W078,frac0.001,normal,n_pred,8.541666666666666
W078,frac0.001,normal,n_reg,9.0
W078,frac0.001,rgb,f1@0.5,0.870344708396179
W078,frac0.001,rgb,f1@0.75,0.7711852689793867
W078,frac0.001,rgb,miou,0.9436199469409412
W078,frac0.001,rgb,n_gt,7.083333333333333
W078,frac0.001,rgb,n_pred,8.166666666666666
W078,frac0.001,rgb,n_reg,8.208333333333334
W078,frac0.005,depth,f1@0.5,0.7713293650793651
W078,frac0.005,depth,f1@0.75,0.6274801587301587
W078,frac0.005,depth,miou,0.8295803274099082
W078,frac0.005,depth,n_gt,6.541666666666667
W078,frac0.005,depth,n_pred,6.833333333333333
W078,frac0.005,depth,n_reg,7.458333333333333
W078,frac0.005,normal,f1@0.5,0.7220848595848596
W078,frac0.005,normal,f1@0.75,0.6183302808302809
W078,frac0.005,normal,miou,0.8309976882531465
W078,frac0.005,normal,n_gt,6.541666666666667
W078,frac0.005,normal,n_pred,6.875
W078,frac0.005,normal,n_reg,9.0
W078,frac0.005,rgb,f1@0.5,0.8717557905057906
W078,frac0.005,rgb,f1@0.75,0.7733451733451734
W078,frac0.005,rgb,miou,0.9436199469409412
W078,frac0.005,rgb,n_gt,6.541666666666667
W078,frac0.005,rgb,n_pred,7.666666666666667
W078,frac0.005,rgb,n_reg,8.208333333333334
W078,px300,depth,f1@0.5,0.7727604299295475
W078,px300,depth,f1@0.75,0.6223315083609201
W078,px300,depth,miou,0.8295803274099082
W078,px300,depth,n_gt,7.083333333333333
W078,px300,depth,n_pred,7.208333333333333
W078,px300,depth,n_reg,7.458333333333333
W078,px300,normal,f1@0.5,0.6586990351696235
W078,px300,normal,f1@0.75,0.5370642701525055
W078,px300,normal,miou,0.8309976882531465
W078,px300,normal,n_gt,7.083333333333333
W078,px300,normal,n_pred,8.375
W078,px300,normal,n_reg,9.0
W078,px300,rgb,f1@0.5,0.870344708396179
W078,px300,rgb,f1@0.75,0.7711852689793867
W078,px300,rgb,miou,0.9436199469409412
W078,px300,rgb,n_gt,7.083333333333333
W078,px300,rgb,n_pred,8.166666666666666
W078,px300,rgb,n_reg,8.208333333333334
W079,frac0,depth,f1@0.5,0.4938447173741291
W079,frac0,depth,f1@0.75,0.215741339270751
W079,frac0,depth,miou,0.5508208604145195
W079,frac0,depth,n_gt,8.833333333333334
W079,frac0,depth,n_pred,5.0
W079,frac0,depth,n_reg,5.0
W079,frac0,normal,f1@0.5,0.6334095041525383
W079,frac0,normal,f1@0.75,0.518519542319852
W079,frac0,normal,miou,0.7400948354992822
W079,frac0,normal,n_gt,8.833333333333334
W079,frac0,normal,n_pred,8.666666666666666
W079,frac0,normal,n_reg,8.666666666666666
W079,frac0,rgb,f1@0.5,0.6904883930010686
W079,frac0,rgb,f1@0.75,0.6189484319874233
W079,frac0,rgb,miou,0.9339733967915236
W079,frac0,rgb,n_gt,8.833333333333334
W079,frac0,rgb,n_pred,10.11111111111111
W079,frac0,rgb,n_reg,10.11111111111111
W079,frac0.001,depth,f1@0.5,0.5537240537240538
W079,frac0.001,depth,f1@0.75,0.2458282458282458
W079,frac0.001,depth,miou,0.5508208604145195
W079,frac0.001,depth,n_gt,7.277777777777778
W079,frac0.001,depth,n_pred,5.0
W079,frac0.001,depth,n_reg,5.0
W079,frac0.001,normal,f1@0.5,0.6897966594045025
W079,frac0.001,normal,f1@0.75,0.570551924473493
W079,frac0.001,normal,miou,0.7400948354992822
W079,frac0.001,normal,n_gt,7.277777777777778
W079,frac0.001,normal,n_pred,8.555555555555555
W079,frac0.001,normal,n_reg,8.666666666666666
W079,frac0.001,rgb,f1@0.5,0.7834967320261438
W079,frac0.001,rgb,f1@0.75,0.7025689905591866
W079,frac0.001,rgb,miou,0.9339733967915236
W079,frac0.001,rgb,n_gt,7.277777777777778
W079,frac0.001,rgb,n_pred,9.22222222222222
W079,frac0.001,rgb,n_reg,10.11111111111111
W079,frac0.005,depth,f1@0.5,0.5902356902356902
W079,frac0.005,depth,f1@0.75,0.2702020202020201
W079,frac0.005,depth,miou,0.5508208604145195
W079,frac0.005,depth,n_gt,6.555555555555555
W079,frac0.005,depth,n_pred,5.0
W079,frac0.005,depth,n_reg,5.0
W079,frac0.005,normal,f1@0.5,0.7478928478928479
W079,frac0.005,normal,f1@0.75,0.6318570318570319
W079,frac0.005,normal,miou,0.7400948354992822
W079,frac0.005,normal,n_gt,6.555555555555555
W079,frac0.005,normal,n_pred,7.388888888888889
W079,frac0.005,normal,n_reg,8.666666666666666
W079,frac0.005,rgb,f1@0.5,0.8202394827394827
W079,frac0.005,rgb,f1@0.75,0.7333855958855958
W079,frac0.005,rgb,miou,0.9339733967915236
W079,frac0.005,rgb,n_gt,6.555555555555555
W079,frac0.005,rgb,n_pred,8.333333333333334
W079,frac0.005,rgb,n_reg,10.11111111111111
W079,px300,depth,f1@0.5,0.5555555555555556
W079,px300,depth,f1@0.75,0.2464387464387464
W079,px300,depth,miou,0.5508208604145195
W079,px300,depth,n_gt,7.222222222222222
W079,px300,depth,n_pred,5.0
W079,px300,depth,n_reg,5.0
W079,px300,normal,f1@0.5,0.6965063803299097
W079,px300,normal,f1@0.75,0.5764355742296918
W079,px300,normal,miou,0.7400948354992822
W079,px300,normal,n_gt,7.222222222222222
W079,px300,normal,n_pred,8.444444444444445
W079,px300,normal,n_reg,8.666666666666666
W079,px300,rgb,f1@0.5,0.7856753812636166
W079,px300,rgb,f1@0.75,0.704384531590414
W079,px300,rgb,miou,0.9339733967915236
W079,px300,rgb,n_gt,7.222222222222222
W079,px300,rgb,n_pred,9.22222222222222
W079,px300,rgb,n_reg,10.11111111111111
W080,frac0,depth,f1@0.5,0.5372003901895206
W080,frac0,depth,f1@0.75,0.4163996782203304
W080,frac0,depth,miou,0.5461063632053984
W080,frac0,depth,n_gt,14.75
W080,frac0,depth,n_pred,8.875
W080,frac0,depth,n_reg,8.875
W080,frac0,normal,f1@0.5,0.5460477827325654
W080,frac0,normal,f1@0.75,0.4301209277839712
W080,frac0,normal,miou,0.6487612820711334
W080,frac0,normal,n_gt,14.75
W080,frac0,normal,n_pred,10.0625
W080,frac0,normal,n_reg,10.0625
W080,frac0,rgb,f1@0.5,0.5994214498350527
W080,frac0,rgb,f1@0.75,0.4065446295225707
W080,frac0,rgb,miou,0.8086554931895573
W080,frac0,rgb,n_gt,14.75
W080,frac0,rgb,n_pred,19.0625
W080,frac0,rgb,n_reg,19.0625
W080,frac0.001,depth,f1@0.5,0.5508863871635611
W080,frac0.001,depth,f1@0.75,0.4352825616412573
W080,frac0.001,depth,miou,0.5461063632053984
W080,frac0.001,depth,n_gt,13.9375
W080,frac0.001,depth,n_pred,8.625
W080,frac0.001,depth,n_reg,8.875
W080,frac0.001,normal,f1@0.5,0.5659239130434783
W080,frac0.001,normal,f1@0.75,0.4450815217391304
W080,frac0.001,normal,miou,0.6487612820711334
W080,frac0.001,normal,n_gt,13.9375
W080,frac0.001,normal,n_pred,10.0
W080,frac0.001,normal,n_reg,10.0625
W080,frac0.001,rgb,f1@0.5,0.6226041012079319
W080,frac0.001,rgb,f1@0.75,0.4274462956003516
W080,frac0.001,rgb,miou,0.8086554931895573
W080,frac0.001,rgb,n_gt,13.9375
W080,frac0.001,rgb,n_pred,18.1875
W080,frac0.001,rgb,n_reg,19.0625
W080,frac0.005,depth,f1@0.5,0.6120867941865048
W080,frac0.005,depth,f1@0.75,0.4890262240479716
W080,frac0.005,depth,miou,0.5461063632053984
W080,frac0.005,depth,n_gt,12.5625
W080,frac0.005,depth,n_pred,7.0625
W080,frac0.005,depth,n_reg,8.875
W080,frac0.005,normal,f1@0.5,0.6240365922216609
W080,frac0.005,normal,f1@0.75,0.4909067691461856
W080,frac0.005,normal,miou,0.6487612820711334
W080,frac0.005,normal,n_gt,12.5625
W080,frac0.005,normal,n_pred,8.875
W080,frac0.005,normal,n_reg,10.0625
W080,frac0.005,rgb,f1@0.5,0.668816293190598
W080,frac0.005,rgb,f1@0.75,0.480412561267678
W080,frac0.005,rgb,miou,0.8086554931895573
W080,frac0.005,rgb,n_gt,12.5625
W080,frac0.005,rgb,n_pred,15.0625
W080,frac0.005,rgb,n_reg,19.0625
W080,px300,depth,f1@0.5,0.5615714496220789
W080,px300,depth,f1@0.75,0.44406647176241
W080,px300,depth,miou,0.5461063632053984
W080,px300,depth,n_gt,13.625
W080,px300,depth,n_pred,8.5
W080,px300,depth,n_reg,8.875
W080,px300,normal,f1@0.5,0.5747200263504612
W080,px300,normal,f1@0.75,0.452225790513834
W080,px300,normal,miou,0.6487612820711334
W080,px300,normal,n_gt,13.625
W080,px300,normal,n_pred,9.9375
W080,px300,normal,n_reg,10.0625
W080,px300,rgb,f1@0.5,0.6343846273910009
W080,px300,rgb,f1@0.75,0.4360163036419948
W080,px300,rgb,miou,0.8086554931895573
W080,px300,rgb,n_gt,13.625
W080,px300,rgb,n_pred,17.875
W080,px300,rgb,n_reg,19.0625
W081,frac0,depth,f1@0.5,0.4611213062300018
W081,frac0,depth,f1@0.75,0.3733578016186711
W081,frac0,depth,miou,0.5701323488107055
W081,frac0,depth,n_gt,14.5625
W081,frac0,depth,n_pred,6.875
W081,frac0,depth,n_reg,6.875
W081,frac0,normal,f1@0.5,0.5487172519509476
W081,frac0,normal,f1@0.75,0.3772219899665552
W081,frac0,normal,miou,0.552496777517097
W081,frac0,normal,n_gt,14.5625
W081,frac0,normal,n_pred,9.375
W081,frac0,normal,n_reg,9.375
W081,frac0,rgb,f1@0.5,0.7215285692722837
W081,frac0,rgb,f1@0.75,0.4827577328585393
W081,frac0,rgb,miou,0.8945865887658391
W081,frac0,rgb,n_gt,14.5625
W081,frac0,rgb,n_pred,18.0
W081,frac0,rgb,n_reg,18.0
W081,frac0.001,depth,f1@0.5,0.4713644907723855
W081,frac0.001,depth,f1@0.75,0.3819434951013898
W081,frac0.001,depth,miou,0.5701323488107055
W081,frac0.001,depth,n_gt,14.0625
W081,frac0.001,depth,n_pred,6.875
W081,frac0.001,depth,n_reg,6.875
W081,frac0.001,normal,f1@0.5,0.5629326651609261
W081,frac0.001,normal,f1@0.75,0.3876472802559759
W081,frac0.001,normal,miou,0.552496777517097
W081,frac0.001,normal,n_gt,14.0625
W081,frac0.001,normal,n_pred,9.25
W081,frac0.001,normal,n_reg,9.375
W081,frac0.001,rgb,f1@0.5,0.7438213480293017
W081,frac0.001,rgb,f1@0.75,0.4979649507821128
W081,frac0.001,rgb,miou,0.8945865887658391
W081,frac0.001,rgb,n_gt,14.0625
W081,frac0.001,rgb,n_pred,17.5
W081,frac0.001,rgb,n_reg,18.0
W081,frac0.005,depth,f1@0.5,0.4928728070175438
W081,frac0.005,depth,f1@0.75,0.3974049707602339
W081,frac0.005,depth,miou,0.5701323488107055
W081,frac0.005,depth,n_gt,13.1875
W081,frac0.005,depth,n_pred,6.625
W081,frac0.005,depth,n_reg,6.875
W081,frac0.005,normal,f1@0.5,0.6131801836607328
W081,frac0.005,normal,f1@0.75,0.4330051908427194
W081,frac0.005,normal,miou,0.552496777517097
W081,frac0.005,normal,n_gt,13.1875
W081,frac0.005,normal,n_pred,7.625
W081,frac0.005,normal,n_reg,9.375
W081,frac0.005,rgb,f1@0.5,0.8073550061050061
W081,frac0.005,rgb,f1@0.75,0.5585859542756094
W081,frac0.005,rgb,miou,0.8945865887658391
W081,frac0.005,rgb,n_gt,13.1875
W081,frac0.005,rgb,n_pred,14.375
W081,frac0.005,rgb,n_reg,18.0
W081,px300,depth,f1@0.5,0.4743620414673046
W081,px300,depth,f1@0.75,0.3843415356573251
W081,px300,depth,miou,0.5701323488107055
W081,px300,depth,n_gt,13.9375
W081,px300,depth,n_pred,6.875
W081,px300,depth,n_reg,6.875
W081,px300,normal,f1@0.5,0.56624705910032
W081,px300,normal,f1@0.75,0.3897676689252776
W081,px300,normal,miou,0.552496777517097
W081,px300,normal,n_gt,13.9375
W081,px300,normal,n_pred,9.25
W081,px300,normal,n_reg,9.375
W081,px300,rgb,f1@0.5,0.7517522192414229
W081,px300,rgb,f1@0.75,0.5029365416912037
W081,px300,rgb,miou,0.8945865887658391
W081,px300,rgb,n_gt,13.9375
W081,px300,rgb,n_pred,17.3125
W081,px300,rgb,n_reg,18.0
W082,frac0,depth,f1@0.5,0.5609434949108862
W082,frac0,depth,f1@0.75,0.2723353910582171
W082,frac0,depth,miou,0.5337001866317888
W082,frac0,depth,n_gt,14.625
W082,frac0,depth,n_pred,9.6875
W082,frac0,depth,n_reg,9.6875
W082,frac0,normal,f1@0.5,0.5942623468485537
W082,frac0,normal,f1@0.75,0.399551334680645
W082,frac0,normal,miou,0.7674329902184452
W082,frac0,normal,n_gt,14.625
W082,frac0,normal,n_pred,13.8125
W082,frac0,normal,n_reg,13.8125
W082,frac0,rgb,f1@0.5,0.5978711814799749
W082,frac0,rgb,f1@0.75,0.4697081583674972
W082,frac0,rgb,miou,0.911492105198913
W082,frac0,rgb,n_gt,14.625
W082,frac0,rgb,n_pred,25.25
W082,frac0,rgb,n_reg,25.25
W082,frac0.001,depth,f1@0.5,0.5813058770939206
W082,frac0.001,depth,f1@0.75,0.2812917607754564
W082,frac0.001,depth,miou,0.5337001866317888
W082,frac0.001,depth,n_gt,13.9375
W082,frac0.001,depth,n_pred,9.5
W082,frac0.001,depth,n_reg,9.6875
W082,frac0.001,normal,f1@0.5,0.6314835164835164
W082,frac0.001,normal,f1@0.75,0.4249114774114774
W082,frac0.001,normal,miou,0.7674329902184452
W082,frac0.001,normal,n_gt,13.9375
W082,frac0.001,normal,n_pred,12.8125
W082,frac0.001,normal,n_reg,13.8125
W082,frac0.001,rgb,f1@0.5,0.6124261554099487
W082,frac0.001,rgb,f1@0.75,0.4808396781880415
W082,frac0.001,rgb,miou,0.911492105198913
W082,frac0.001,rgb,n_gt,13.9375
W082,frac0.001,rgb,n_pred,24.9375
W082,frac0.001,rgb,n_reg,25.25
W082,frac0.005,depth,f1@0.5,0.6178674824412811
W082,frac0.005,depth,f1@0.75,0.3074403523631212
W082,frac0.005,depth,miou,0.5337001866317888
W082,frac0.005,depth,n_gt,12.9375
W082,frac0.005,depth,n_pred,8.5
W082,frac0.005,depth,n_reg,9.6875
W082,frac0.005,normal,f1@0.5,0.6657679277244495
W082,frac0.005,normal,f1@0.75,0.4694547571993224
W082,frac0.005,normal,miou,0.7674329902184452
W082,frac0.005,normal,n_gt,12.9375
W082,frac0.005,normal,n_pred,10.75
W082,frac0.005,normal,n_reg,13.8125
W082,frac0.005,rgb,f1@0.5,0.6724498450084875
W082,frac0.005,rgb,f1@0.75,0.5498883539016522
W082,frac0.005,rgb,miou,0.911492105198913
W082,frac0.005,rgb,n_gt,12.9375
W082,frac0.005,rgb,n_pred,19.9375
W082,frac0.005,rgb,n_reg,25.25
W082,px300,depth,f1@0.5,0.5844547571993224
W082,px300,depth,f1@0.75,0.2828274985883681
W082,px300,depth,miou,0.5337001866317888
W082,px300,depth,n_gt,13.875
W082,px300,depth,n_pred,9.4375
W082,px300,depth,n_reg,9.6875
W082,px300,normal,f1@0.5,0.6325693479572789
W082,px300,normal,f1@0.75,0.4286607055141538
W082,px300,normal,miou,0.7674329902184452
W082,px300,normal,n_gt,13.875
W082,px300,normal,n_pred,12.625
W082,px300,normal,n_reg,13.8125
W082,px300,rgb,f1@0.5,0.6163330292903464
W082,px300,rgb,f1@0.75,0.4858647477549916
W082,px300,rgb,miou,0.911492105198913
W082,px300,rgb,n_gt,13.875
W082,px300,rgb,n_pred,24.375
W082,px300,rgb,n_reg,25.25
W083,frac0,depth,f1@0.5,0.2163412229043886
W083,frac0,depth,f1@0.75,0.1074493121828007
W083,frac0,depth,miou,0.2888325426830755
W083,frac0,depth,n_gt,17.5625
W083,frac0,depth,n_pred,3.0
W083,frac0,depth,n_reg,3.0
W083,frac0,normal,f1@0.5,0.0
W083,frac0,normal,f1@0.75,0.0
W083,frac0,normal,miou,0.0456345123360973
W083,frac0,normal,n_gt,17.5625
W083,frac0,normal,n_pred,1.0
W083,frac0,normal,n_reg,1.0
W083,frac0,rgb,f1@0.5,0.3208670246603818
W083,frac0,rgb,f1@0.75,0.1866416341329042
W083,frac0,rgb,miou,0.5901126486883717
W083,frac0,rgb,n_gt,17.5625
W083,frac0,rgb,n_pred,18.9375
W083,frac0,rgb,n_reg,18.9375
W083,frac0.001,depth,f1@0.5,0.2540787826294792
W083,frac0.001,depth,f1@0.75,0.1255134410223419
W083,frac0.001,depth,miou,0.2888325426830755
W083,frac0.001,depth,n_gt,14.375
W083,frac0.001,depth,n_pred,3.0
W083,frac0.001,depth,n_reg,3.0
W083,frac0.001,normal,f1@0.5,0.0
W083,frac0.001,normal,f1@0.75,0.0
W083,frac0.001,normal,miou,0.0456345123360973
W083,frac0.001,normal,n_gt,14.375
W083,frac0.001,normal,n_pred,1.0
W083,frac0.001,normal,n_reg,1.0
W083,frac0.001,rgb,f1@0.5,0.4148807888830015
W083,frac0.001,rgb,f1@0.75,0.2430378952179745
W083,frac0.001,rgb,miou,0.5901126486883717
W083,frac0.001,rgb,n_gt,14.375
W083,frac0.001,rgb,n_pred,13.625
W083,frac0.001,rgb,n_reg,18.9375
W083,frac0.005,depth,f1@0.5,0.2880530417295123
W083,frac0.005,depth,f1@0.75,0.1426431309703368
W083,frac0.005,depth,miou,0.2888325426830755
W083,frac0.005,depth,n_gt,12.4375
W083,frac0.005,depth,n_pred,3.0
W083,frac0.005,depth,n_reg,3.0
W083,frac0.005,normal,f1@0.5,0.0
W083,frac0.005,normal,f1@0.75,0.0
W083,frac0.005,normal,miou,0.0456345123360973
W083,frac0.005,normal,n_gt,12.4375
W083,frac0.005,normal,n_pred,1.0
W083,frac0.005,normal,n_reg,1.0
W083,frac0.005,rgb,f1@0.5,0.4868232566759454
W083,frac0.005,rgb,f1@0.75,0.3040595621960038
W083,frac0.005,rgb,miou,0.5901126486883717
W083,frac0.005,rgb,n_gt,12.4375
W083,frac0.005,rgb,n_pred,9.75
W083,frac0.005,rgb,n_reg,18.9375
W083,px300,depth,f1@0.5,0.254997900276538
W083,px300,depth,f1@0.75,0.1259729998458713
W083,px300,depth,miou,0.2888325426830755
W083,px300,depth,n_gt,14.3125
W083,px300,depth,n_pred,3.0
W083,px300,depth,n_reg,3.0
W083,px300,normal,f1@0.5,0.0
W083,px300,normal,f1@0.75,0.0
W083,px300,normal,miou,0.0456345123360973
W083,px300,normal,n_gt,14.3125
W083,px300,normal,n_pred,1.0
W083,px300,normal,n_reg,1.0
W083,px300,rgb,f1@0.5,0.4219148611325909
W083,px300,rgb,f1@0.75,0.2471306702590254
W083,px300,rgb,miou,0.5901126486883717
W083,px300,rgb,n_gt,14.3125
W083,px300,rgb,n_pred,13.25
W083,px300,rgb,n_reg,18.9375
W084,frac0,depth,f1@0.5,0.6074912009455798
W084,frac0,depth,f1@0.75,0.3518503785909885
W084,frac0,depth,miou,0.680982605026045
W084,frac0,depth,n_gt,16.125
W084,frac0,depth,n_pred,10.8125
W084,frac0,depth,n_reg,10.8125
W084,frac0,normal,f1@0.5,0.4578843278518804
W084,frac0,normal,f1@0.75,0.2143832016419697
W084,frac0,normal,miou,0.6378517690189205
W084,frac0,normal,n_gt,16.125
W084,frac0,normal,n_pred,14.625
W084,frac0,normal,n_reg,14.625
W084,frac0,rgb,f1@0.5,0.5731975144207535
W084,frac0,rgb,f1@0.75,0.3923473512515761
W084,frac0,rgb,miou,0.8230710429754461
W084,frac0,rgb,n_gt,16.125
W084,frac0,rgb,n_pred,20.375
W084,frac0,rgb,n_reg,20.375
W084,frac0.001,depth,f1@0.5,0.6774238937761535
W084,frac0.001,depth,f1@0.75,0.3911206973327968
W084,frac0.001,depth,miou,0.680982605026045
W084,frac0.001,depth,n_gt,13.8125
W084,frac0.001,depth,n_pred,10.25
W084,frac0.001,depth,n_reg,10.8125
W084,frac0.001,normal,f1@0.5,0.4926593419625915
W084,frac0.001,normal,f1@0.75,0.2313173454865817
W084,frac0.001,normal,miou,0.6378517690189205
W084,frac0.001,normal,n_gt,13.8125
W084,frac0.001,normal,n_pred,14.625
W084,frac0.001,normal,n_reg,14.625
W084,frac0.001,rgb,f1@0.5,0.6213499289408704
W084,frac0.001,rgb,f1@0.75,0.425027872637456
W084,frac0.001,rgb,miou,0.8230710429754461
W084,frac0.001,rgb,n_gt,13.8125
W084,frac0.001,rgb,n_pred,19.875
W084,frac0.001,rgb,n_reg,20.375
W084,frac0.005,depth,f1@0.5,0.7019151170653728
W084,frac0.005,depth,f1@0.75,0.4203080881181904
W084,frac0.005,depth,miou,0.680982605026045
W084,frac0.005,depth,n_gt,12.1875
W084,frac0.005,depth,n_pred,9.6875
W084,frac0.005,depth,n_reg,10.8125
W084,frac0.005,normal,f1@0.5,0.5279118705299365
W084,frac0.005,normal,f1@0.75,0.2629070469344082
W084,frac0.005,normal,miou,0.6378517690189205
W084,frac0.005,normal,n_gt,12.1875
W084,frac0.005,normal,n_pred,12.9375
W084,frac0.005,normal,n_reg,14.625
W084,frac0.005,rgb,f1@0.5,0.6954369768677333
W084,frac0.005,rgb,f1@0.75,0.5023245862946224
W084,frac0.005,rgb,miou,0.8230710429754461
W084,frac0.005,rgb,n_gt,12.1875
W084,frac0.005,rgb,n_pred,16.3125
W084,frac0.005,rgb,n_reg,20.375
W084,px300,depth,f1@0.5,0.6800280604428202
W084,px300,depth,f1@0.75,0.3916415306661301
W084,px300,depth,miou,0.680982605026045
W084,px300,depth,n_gt,13.75
W084,px300,depth,n_pred,10.25
W084,px300,depth,n_reg,10.8125
W084,px300,normal,f1@0.5,0.4951848088556305
W084,px300,normal,f1@0.75,0.2323784660298754
W084,px300,normal,miou,0.6378517690189205
W084,px300,normal,n_gt,13.75
W084,px300,normal,n_pred,14.5625
W084,px300,normal,n_reg,14.625
W084,px300,rgb,f1@0.5,0.6233262135258506
W084,px300,rgb,f1@0.75,0.4262630505030687
W084,px300,rgb,miou,0.8230710429754461
W084,px300,rgb,n_gt,13.75
W084,px300,rgb,n_pred,19.875
W084,px300,rgb,n_reg,20.375
W085,frac0,depth,f1@0.5,0.3652026888341543
W085,frac0,depth,f1@0.75,0.2141709428024083
W085,frac0,depth,miou,0.5326234466449515
W085,frac0,depth,n_gt,16.25
W085,frac0,depth,n_pred,7.9375
W085,frac0,depth,n_reg,7.9375
W085,frac0,normal,f1@0.5,0.4187551710070092
W085,frac0,normal,f1@0.75,0.2062276616504557
W085,frac0,normal,miou,0.6516365898055612
W085,frac0,normal,n_gt,16.25
W085,frac0,normal,n_pred,15.4375
W085,frac0,normal,n_reg,15.4375
W085,frac0,rgb,f1@0.5,0.5090538408585998
W085,frac0,rgb,f1@0.75,0.3158844651833815
W085,frac0,rgb,miou,0.8204600924474351
W085,frac0,rgb,n_gt,16.25
W085,frac0,rgb,n_pred,20.0625
W085,frac0,rgb,n_reg,20.0625
W085,frac0.001,depth,f1@0.5,0.4082826668776999
W085,frac0.001,depth,f1@0.75,0.239468703493303
W085,frac0.001,depth,miou,0.5326234466449515
W085,frac0.001,depth,n_gt,14.0
W085,frac0.001,depth,n_pred,7.625
W085,frac0.001,depth,n_reg,7.9375
W085,frac0.001,normal,f1@0.5,0.4578009243240574
W085,frac0.001,normal,f1@0.75,0.2246929157621096
W085,frac0.001,normal,miou,0.6516365898055612
W085,frac0.001,normal,n_gt,14.0
W085,frac0.001,normal,n_pred,15.0
W085,frac0.001,normal,n_reg,15.4375
W085,frac0.001,rgb,f1@0.5,0.5663717668038747
W085,frac0.001,rgb,f1@0.75,0.3516927673909458
W085,frac0.001,rgb,miou,0.8204600924474351
W085,frac0.001,rgb,n_gt,14.0
W085,frac0.001,rgb,n_pred,18.6875
W085,frac0.001,rgb,n_reg,20.0625
W085,frac0.005,depth,f1@0.5,0.4540782729855956
W085,frac0.005,depth,f1@0.75,0.2685908913740721
W085,frac0.005,depth,miou,0.5326234466449515
W085,frac0.005,depth,n_gt,12.125
W085,frac0.005,depth,n_pred,7.25
W085,frac0.005,depth,n_reg,7.9375
W085,frac0.005,normal,f1@0.5,0.4883733089734878
W085,frac0.005,normal,f1@0.75,0.2659735635920647
W085,frac0.005,normal,miou,0.6516365898055612
W085,frac0.005,normal,n_gt,12.125
W085,frac0.005,normal,n_pred,12.5625
W085,frac0.005,normal,n_reg,15.4375
W085,frac0.005,rgb,f1@0.5,0.6033849507544954
W085,frac0.005,rgb,f1@0.75,0.3973959745188398
W085,frac0.005,rgb,miou,0.8204600924474351
W085,frac0.005,rgb,n_gt,12.125
W085,frac0.005,rgb,n_pred,16.3125
W085,frac0.005,rgb,n_reg,20.0625
W085,px300,depth,f1@0.5,0.4082826668776999
W085,px300,depth,f1@0.75,0.239468703493303
W085,px300,depth,miou,0.5326234466449515
W085,px300,depth,n_gt,14.0
W085,px300,depth,n_pred,7.625
W085,px300,depth,n_reg,7.9375
W085,px300,normal,f1@0.5,0.4619810945772767
W085,px300,normal,f1@0.75,0.2265623522844499
W085,px300,normal,miou,0.6516365898055612
W085,px300,normal,n_gt,14.0
W085,px300,normal,n_pred,14.8125
W085,px300,normal,n_reg,15.4375
W085,px300,rgb,f1@0.5,0.5685076211456114
W085,px300,rgb,f1@0.75,0.3531166702854369
W085,px300,rgb,miou,0.8204600924474351
W085,px300,rgb,n_gt,14.0
W085,px300,rgb,n_pred,18.5625
W085,px300,rgb,n_reg,20.0625
