window_id,modality,pps,metric,value
VID01_s15_14859_crop,depth,4,f1@0.5,0.272055722055722
VID01_s15_14859_crop,depth,4,f1@0.75,0.272055722055722
VID01_s15_14859_crop,depth,4,miou,0.2026832477317266
VID01_s15_14859_crop,depth,4,n_gt,11.5
VID01_s15_14859_crop,depth,4,n_pred,2.9545454545454546
VID01_s15_14859_crop,depth,4,n_reg,3.0
VID01_s15_14859_crop,depth,6,f1@0.5,0.272055722055722
VID01_s15_14859_crop,depth,6,f1@0.75,0.272055722055722
VID01_s15_14859_crop,depth,6,miou,0.2026508835016307
VID01_s15_14859_crop,depth,6,n_gt,11.5
VID01_s15_14859_crop,depth,6,n_pred,2.9545454545454546
VID01_s15_14859_crop,depth,6,n_reg,2.9545454545454546
VID01_s15_14859_crop,depth,8,f1@0.5,0.272055722055722
VID01_s15_14859_crop,depth,8,f1@0.75,0.272055722055722
VID01_s15_14859_crop,depth,8,miou,0.2025779932560761
VID01_s15_14859_crop,depth,8,n_gt,11.5
VID01_s15_14859_crop,depth,8,n_pred,2.9545454545454546
VID01_s15_14859_crop,depth,8,n_reg,2.9545454545454546
VID01_s15_14859_crop,depth,12,f1@0.5,0.272055722055722
VID01_s15_14859_crop,depth,12,f1@0.75,0.272055722055722
VID01_s15_14859_crop,depth,12,miou,0.2026102557860849
VID01_s15_14859_crop,depth,12,n_gt,11.5
VID01_s15_14859_crop,depth,12,n_pred,2.9545454545454546
VID01_s15_14859_crop,depth,12,n_reg,2.9545454545454546
VID01_s15_14859_crop,depth,16,f1@0.5,0.272055722055722
VID01_s15_14859_crop,depth,16,f1@0.75,0.272055722055722
VID01_s15_14859_crop,depth,16,miou,0.2026423757971911
VID01_s15_14859_crop,depth,16,n_gt,11.5
VID01_s15_14859_crop,depth,16,n_pred,2.9545454545454546
VID01_s15_14859_crop,depth,16,n_reg,2.9545454545454546
VID01_s15_14859_crop,depth,24,f1@0.5,0.272055722055722
VID01_s15_14859_crop,depth,24,f1@0.75,0.272055722055722
VID01_s15_14859_crop,depth,24,miou,0.2026510735672376
VID01_s15_14859_crop,depth,24,n_gt,11.5
VID01_s15_14859_crop,depth,24,n_pred,2.9545454545454546
VID01_s15_14859_crop,depth,24,n_reg,2.9545454545454546
VID01_s15_14859_crop,depth,32,f1@0.5,0.272055722055722
VID01_s15_14859_crop,depth,32,f1@0.75,0.272055722055722
VID01_s15_14859_crop,depth,32,miou,0.2026066389667114
VID01_s15_14859_crop,depth,32,n_gt,11.5
VID01_s15_14859_crop,depth,32,n_pred,2.9545454545454546
VID01_s15_14859_crop,depth,32,n_reg,2.9545454545454546
VID01_s15_14859_crop,depth,48,f1@0.5,0.272055722055722
VID01_s15_14859_crop,depth,48,f1@0.75,0.272055722055722
VID01_s15_14859_crop,depth,48,miou,0.2026522672393355
VID01_s15_14859_crop,depth,48,n_gt,11.5
VID01_s15_14859_crop,depth,48,n_pred,2.9545454545454546
VID01_s15_14859_crop,depth,48,n_reg,2.9545454545454546
VID01_s15_14859_crop,normal,4,f1@0.5,0.5806344373330019
VID01_s15_14859_crop,normal,4,f1@0.75,0.4381516808550301
VID01_s15_14859_crop,normal,4,miou,0.6361541736300643
VID01_s15_14859_crop,normal,4,n_gt,11.5
VID01_s15_14859_crop,normal,4,n_pred,8.909090909090908
VID01_s15_14859_crop,normal,4,n_reg,9.0
VID01_s15_14859_crop,normal,6,f1@0.5,0.612530842017008
VID01_s15_14859_crop,normal,6,f1@0.75,0.4916862584056259
VID01_s15_14859_crop,normal,6,miou,0.694534212745892
VID01_s15_14859_crop,normal,6,n_gt,11.5
VID01_s15_14859_crop,normal,6,n_pred,10.954545454545457
VID01_s15_14859_crop,normal,6,n_reg,11.090909090909092
VID01_s15_14859_crop,normal,8,f1@0.5,0.6758810425411216
VID01_s15_14859_crop,normal,8,f1@0.75,0.5422137809489588
VID01_s15_14859_crop,normal,8,miou,0.7093992760406147
VID01_s15_14859_crop,normal,8,n_gt,11.5
VID01_s15_14859_crop,normal,8,n_pred,12.727272727272728
VID01_s15_14859_crop,normal,8,n_reg,12.909090909090908
VID01_s15_14859_crop,normal,12,f1@0.5,0.6749828417812608
VID01_s15_14859_crop,normal,12,f1@0.75,0.565693096977682
VID01_s15_14859_crop,normal,12,miou,0.6951451936351699
VID01_s15_14859_crop,normal,12,n_gt,11.5
VID01_s15_14859_crop,normal,12,n_pred,11.727272727272728
VID01_s15_14859_crop,normal,12,n_reg,11.954545454545457
VID01_s15_14859_crop,normal,16,f1@0.5,0.6568485452477547
VID01_s15_14859_crop,normal,16,f1@0.75,0.5440881143450313
VID01_s15_14859_crop,normal,16,miou,0.6988377059190548
VID01_s15_14859_crop,normal,16,n_gt,11.5
VID01_s15_14859_crop,normal,16,n_pred,12.636363636363637
VID01_s15_14859_crop,normal,16,n_reg,12.909090909090908
VID01_s15_14859_crop,normal,24,f1@0.5,0.6809286760670159
VID01_s15_14859_crop,normal,24,f1@0.75,0.5498224766011327
VID01_s15_14859_crop,normal,24,miou,0.6901630499608908
VID01_s15_14859_crop,normal,24,n_gt,11.5
VID01_s15_14859_crop,normal,24,n_pred,12.454545454545457
VID01_s15_14859_crop,normal,24,n_reg,12.863636363636363
VID01_s15_14859_crop,normal,32,f1@0.5,0.7053854182707938
VID01_s15_14859_crop,normal,32,f1@0.75,0.565693096977682
VID01_s15_14859_crop,normal,32,miou,0.6978377105966231
VID01_s15_14859_crop,normal,32,n_gt,11.5
VID01_s15_14859_crop,normal,32,n_pred,11.727272727272728
VID01_s15_14859_crop,normal,32,n_reg,11.909090909090908
VID01_s15_14859_crop,normal,48,f1@0.5,0.6882130583513982
VID01_s15_14859_crop,normal,48,f1@0.75,0.5498224766011327
VID01_s15_14859_crop,normal,48,miou,0.6917501167251806
VID01_s15_14859_crop,normal,48,n_gt,11.5
VID01_s15_14859_crop,normal,48,n_pred,12.454545454545457
VID01_s15_14859_crop,normal,48,n_reg,12.863636363636363
VID01_s15_14859_crop,rgb,4,f1@0.5,0.5944072962379598
VID01_s15_14859_crop,rgb,4,f1@0.75,0.2766332828117725
VID01_s15_14859_crop,rgb,4,miou,0.671451680840542
VID01_s15_14859_crop,rgb,4,n_gt,11.5
VID01_s15_14859_crop,rgb,4,n_pred,7.954545454545454
VID01_s15_14859_crop,rgb,4,n_reg,8.0
VID01_s15_14859_crop,rgb,6,f1@0.5,0.643164212183351
VID01_s15_14859_crop,rgb,6,f1@0.75,0.440370554485387
VID01_s15_14859_crop,rgb,6,miou,0.6887509690884905
VID01_s15_14859_crop,rgb,6,n_gt,11.5
VID01_s15_14859_crop,rgb,6,n_pred,9.590909090909092
VID01_s15_14859_crop,rgb,6,n_reg,10.0
VID01_s15_14859_crop,rgb,8,f1@0.5,0.5525003520853323
VID01_s15_14859_crop,rgb,8,f1@0.75,0.3198649045289362
VID01_s15_14859_crop,rgb,8,miou,0.6892010799089743
VID01_s15_14859_crop,rgb,8,n_gt,11.5
VID01_s15_14859_crop,rgb,8,n_pred,12.227272727272728
VID01_s15_14859_crop,rgb,8,n_reg,13.772727272727272
VID01_s15_14859_crop,rgb,12,f1@0.5,0.6086561264822135
VID01_s15_14859_crop,rgb,12,f1@0.75,0.3895792481563232
VID01_s15_14859_crop,rgb,12,miou,0.6890146191849594
VID01_s15_14859_crop,rgb,12,n_gt,11.5
VID01_s15_14859_crop,rgb,12,n_pred,10.954545454545457
VID01_s15_14859_crop,rgb,12,n_reg,11.727272727272728
VID01_s15_14859_crop,rgb,16,f1@0.5,0.5700475713968968
VID01_s15_14859_crop,rgb,16,f1@0.75,0.3457616790450373
VID01_s15_14859_crop,rgb,16,miou,0.6987743565242667
VID01_s15_14859_crop,rgb,16,n_gt,11.5
VID01_s15_14859_crop,rgb,16,n_pred,14.363636363636363
VID01_s15_14859_crop,rgb,16,n_reg,15.181818181818182
VID01_s15_14859_crop,rgb,24,f1@0.5,0.6493737261128566
VID01_s15_14859_crop,rgb,24,f1@0.75,0.4848006261049739
VID01_s15_14859_crop,rgb,24,miou,0.7005095400143847
VID01_s15_14859_crop,rgb,24,n_gt,11.5
VID01_s15_14859_crop,rgb,24,n_pred,14.318181818181818
VID01_s15_14859_crop,rgb,24,n_reg,15.181818181818182
VID01_s15_14859_crop,rgb,32,f1@0.5,0.5825778069501663
VID01_s15_14859_crop,rgb,32,f1@0.75,0.3476328550071224
VID01_s15_14859_crop,rgb,32,miou,0.6992530250073657
VID01_s15_14859_crop,rgb,32,n_gt,11.5
VID01_s15_14859_crop,rgb,32,n_pred,14.0
VID01_s15_14859_crop,rgb,32,n_reg,14.909090909090908
VID01_s15_14859_crop,rgb,48,f1@0.5,0.5599623564840956
VID01_s15_14859_crop,rgb,48,f1@0.75,0.3302417711113363
VID01_s15_14859_crop,rgb,48,miou,0.7077941609786835
VID01_s15_14859_crop,rgb,48,n_gt,11.5
VID01_s15_14859_crop,rgb,48,n_pred,15.318181818181818
VID01_s15_14859_crop,rgb,48,n_reg,16.181818181818183
VID01_s15_16345_crop,depth,4,f1@0.5,0.304439794363068
VID01_s15_16345_crop,depth,4,f1@0.75,0.1470506305288914
VID01_s15_16345_crop,depth,4,miou,0.2405369903340429
VID01_s15_16345_crop,depth,4,n_gt,16.647058823529413
VID01_s15_16345_crop,depth,4,n_pred,6.0
VID01_s15_16345_crop,depth,4,n_reg,6.0
VID01_s15_16345_crop,depth,6,f1@0.5,0.2985275480416145
VID01_s15_16345_crop,depth,6,f1@0.75,0.1756767529146045
VID01_s15_16345_crop,depth,6,miou,0.2527212474715876
VID01_s15_16345_crop,depth,6,n_gt,16.647058823529413
VID01_s15_16345_crop,depth,6,n_pred,6.352941176470588
VID01_s15_16345_crop,depth,6,n_reg,6.352941176470588
VID01_s15_16345_crop,depth,8,f1@0.5,0.3049851824787886
VID01_s15_16345_crop,depth,8,f1@0.75,0.2410144435464128
VID01_s15_16345_crop,depth,8,miou,0.2556058370037705
VID01_s15_16345_crop,depth,8,n_gt,16.647058823529413
VID01_s15_16345_crop,depth,8,n_pred,7.0
VID01_s15_16345_crop,depth,8,n_reg,7.0588235294117645
VID01_s15_16345_crop,depth,12,f1@0.5,0.3049851824787886
VID01_s15_16345_crop,depth,12,f1@0.75,0.1908944763676221
VID01_s15_16345_crop,depth,12,miou,0.2532238381165205
VID01_s15_16345_crop,depth,12,n_gt,16.647058823529413
VID01_s15_16345_crop,depth,12,n_pred,7.0
VID01_s15_16345_crop,depth,12,n_reg,7.0588235294117645
VID01_s15_16345_crop,depth,16,f1@0.5,0.291599783315984
VID01_s15_16345_crop,depth,16,f1@0.75,0.1722697298912132
VID01_s15_16345_crop,depth,16,miou,0.2785591855804104
VID01_s15_16345_crop,depth,16,n_gt,16.647058823529413
VID01_s15_16345_crop,depth,16,n_pred,8.882352941176471
VID01_s15_16345_crop,depth,16,n_reg,9.058823529411764
VID01_s15_16345_crop,depth,24,f1@0.5,0.2837710107813291
VID01_s15_16345_crop,depth,24,f1@0.75,0.1792200997827596
VID01_s15_16345_crop,depth,24,miou,0.2776778847084822
VID01_s15_16345_crop,depth,24,n_gt,16.647058823529413
VID01_s15_16345_crop,depth,24,n_pred,9.176470588235292
VID01_s15_16345_crop,depth,24,n_reg,10.058823529411764
VID01_s15_16345_crop,depth,32,f1@0.5,0.291599783315984
VID01_s15_16345_crop,depth,32,f1@0.75,0.1769756122441544
VID01_s15_16345_crop,depth,32,miou,0.2774567992980718
VID01_s15_16345_crop,depth,32,n_gt,16.647058823529413
VID01_s15_16345_crop,depth,32,n_pred,8.882352941176471
VID01_s15_16345_crop,depth,32,n_reg,9.058823529411764
VID01_s15_16345_crop,depth,48,f1@0.5,0.2931735216927915
VID01_s15_16345_crop,depth,48,f1@0.75,0.189666457800332
VID01_s15_16345_crop,depth,48,miou,0.2762437081579584
VID01_s15_16345_crop,depth,48,n_gt,16.647058823529413
VID01_s15_16345_crop,depth,48,n_pred,9.470588235294118
VID01_s15_16345_crop,depth,48,n_reg,10.058823529411764
VID01_s15_16345_crop,normal,4,f1@0.5,0.3078955571282937
VID01_s15_16345_crop,normal,4,f1@0.75,0.2463684227111337
VID01_s15_16345_crop,normal,4,miou,0.2553612368506548
VID01_s15_16345_crop,normal,4,n_gt,16.647058823529413
VID01_s15_16345_crop,normal,4,n_pred,6.0
VID01_s15_16345_crop,normal,4,n_reg,6.0588235294117645
VID01_s15_16345_crop,normal,6,f1@0.5,0.3010602223389947
VID01_s15_16345_crop,normal,6,f1@0.75,0.2362631334754096
VID01_s15_16345_crop,normal,6,miou,0.2723021629301132
VID01_s15_16345_crop,normal,6,n_gt,16.647058823529413
VID01_s15_16345_crop,normal,6,n_pred,6.529411764705882
VID01_s15_16345_crop,normal,6,n_reg,6.529411764705882
VID01_s15_16345_crop,normal,8,f1@0.5,0.2978155007822526
VID01_s15_16345_crop,normal,8,f1@0.75,0.2209815163523603
VID01_s15_16345_crop,normal,8,miou,0.2698123402308781
VID01_s15_16345_crop,normal,8,n_gt,16.647058823529413
VID01_s15_16345_crop,normal,8,n_pred,7.588235294117647
VID01_s15_16345_crop,normal,8,n_reg,7.764705882352941
VID01_s15_16345_crop,normal,12,f1@0.5,0.2596613475923821
VID01_s15_16345_crop,normal,12,f1@0.75,0.2078918534699467
VID01_s15_16345_crop,normal,12,miou,0.298931189120142
VID01_s15_16345_crop,normal,12,n_gt,16.647058823529413
VID01_s15_16345_crop,normal,12,n_pred,10.176470588235292
VID01_s15_16345_crop,normal,12,n_reg,10.470588235294118
VID01_s15_16345_crop,normal,16,f1@0.5,0.2732240916864354
VID01_s15_16345_crop,normal,16,f1@0.75,0.1962153979414988
VID01_s15_16345_crop,normal,16,miou,0.2949593191543406
VID01_s15_16345_crop,normal,16,n_gt,16.647058823529413
VID01_s15_16345_crop,normal,16,n_pred,10.588235294117649
VID01_s15_16345_crop,normal,16,n_reg,11.235294117647058
VID01_s15_16345_crop,normal,24,f1@0.5,0.2711048826706747
VID01_s15_16345_crop,normal,24,f1@0.75,0.1990450001625817
VID01_s15_16345_crop,normal,24,miou,0.3009888598424578
VID01_s15_16345_crop,normal,24,n_gt,16.647058823529413
VID01_s15_16345_crop,normal,24,n_pred,10.764705882352942
VID01_s15_16345_crop,normal,24,n_reg,11.235294117647058
VID01_s15_16345_crop,normal,32,f1@0.5,0.2753826633379077
VID01_s15_16345_crop,normal,32,f1@0.75,0.1976807149849092
VID01_s15_16345_crop,normal,32,miou,0.2941379836853531
VID01_s15_16345_crop,normal,32,n_gt,16.647058823529413
VID01_s15_16345_crop,normal,32,n_pred,10.411764705882351
VID01_s15_16345_crop,normal,32,n_reg,11.117647058823527
VID01_s15_16345_crop,normal,48,f1@0.5,0.2755808964773173
VID01_s15_16345_crop,normal,48,f1@0.75,0.1991420858580447
VID01_s15_16345_crop,normal,48,miou,0.300297219541496
VID01_s15_16345_crop,normal,48,n_gt,16.647058823529413
VID01_s15_16345_crop,normal,48,n_pred,10.764705882352942
VID01_s15_16345_crop,normal,48,n_reg,11.352941176470589
VID01_s15_16345_crop,rgb,4,f1@0.5,0.3555433143156928
VID01_s15_16345_crop,rgb,4,f1@0.75,0.2247218396834765
VID01_s15_16345_crop,rgb,4,miou,0.2976430868443303
VID01_s15_16345_crop,rgb,4,n_gt,16.647058823529413
VID01_s15_16345_crop,rgb,4,n_pred,9.235294117647058
VID01_s15_16345_crop,rgb,4,n_reg,9.235294117647058
VID01_s15_16345_crop,rgb,6,f1@0.5,0.380636992496575
VID01_s15_16345_crop,rgb,6,f1@0.75,0.2060222390098723
VID01_s15_16345_crop,rgb,6,miou,0.4021317049861051
VID01_s15_16345_crop,rgb,6,n_gt,16.647058823529413
VID01_s15_16345_crop,rgb,6,n_pred,12.705882352941176
VID01_s15_16345_crop,rgb,6,n_reg,13.352941176470589
VID01_s15_16345_crop,rgb,8,f1@0.5,0.4322014785459366
VID01_s15_16345_crop,rgb,8,f1@0.75,0.1636272504952045
VID01_s15_16345_crop,rgb,8,miou,0.4973906313600281
VID01_s15_16345_crop,rgb,8,n_gt,16.647058823529413
VID01_s15_16345_crop,rgb,8,n_pred,15.823529411764708
VID01_s15_16345_crop,rgb,8,n_reg,16.823529411764707
VID01_s15_16345_crop,rgb,12,f1@0.5,0.483760529988726
VID01_s15_16345_crop,rgb,12,f1@0.75,0.2131230758656568
VID01_s15_16345_crop,rgb,12,miou,0.5851631108008242
VID01_s15_16345_crop,rgb,12,n_gt,16.647058823529413
VID01_s15_16345_crop,rgb,12,n_pred,20.647058823529413
VID01_s15_16345_crop,rgb,12,n_reg,22.352941176470587
VID01_s15_16345_crop,rgb,16,f1@0.5,0.394008826003486
VID01_s15_16345_crop,rgb,16,f1@0.75,0.1645780459097825
VID01_s15_16345_crop,rgb,16,miou,0.5013205242213354
VID01_s15_16345_crop,rgb,16,n_gt,16.647058823529413
VID01_s15_16345_crop,rgb,16,n_pred,24.47058823529412
VID01_s15_16345_crop,rgb,16,n_reg,26.47058823529412
VID01_s15_16345_crop,rgb,24,f1@0.5,0.4379397837616973
VID01_s15_16345_crop,rgb,24,f1@0.75,0.1558085708028033
VID01_s15_16345_crop,rgb,24,miou,0.5909004786056556
VID01_s15_16345_crop,rgb,24,n_gt,16.647058823529413
VID01_s15_16345_crop,rgb,24,n_pred,26.823529411764707
VID01_s15_16345_crop,rgb,24,n_reg,29.529411764705884
VID01_s15_16345_crop,rgb,32,f1@0.5,0.3933195681580084
VID01_s15_16345_crop,rgb,32,f1@0.75,0.1718839115006726
VID01_s15_16345_crop,rgb,32,miou,0.5104788521163366
VID01_s15_16345_crop,rgb,32,n_gt,16.647058823529413
VID01_s15_16345_crop,rgb,32,n_pred,26.11764705882353
VID01_s15_16345_crop,rgb,32,n_reg,28.88235294117647
VID01_s15_16345_crop,rgb,48,f1@0.5,0.4265690343362061
VID01_s15_16345_crop,rgb,48,f1@0.75,0.1636764661687852
VID01_s15_16345_crop,rgb,48,miou,0.5932528720845115
VID01_s15_16345_crop,rgb,48,n_gt,16.647058823529413
VID01_s15_16345_crop,rgb,48,n_pred,27.705882352941178
VID01_s15_16345_crop,rgb,48,n_reg,30.58823529411765
VID01_s15_240_crop,depth,4,f1@0.5,0.5643727187844835
VID01_s15_240_crop,depth,4,f1@0.75,0.45467277820219
VID01_s15_240_crop,depth,4,miou,0.3953385862598658
VID01_s15_240_crop,depth,4,n_gt,10.181818181818182
VID01_s15_240_crop,depth,4,n_pred,6.181818181818182
VID01_s15_240_crop,depth,4,n_reg,6.636363636363637
VID01_s15_240_crop,depth,6,f1@0.5,0.4647809362979641
VID01_s15_240_crop,depth,6,f1@0.75,0.4020295837633298
VID01_s15_240_crop,depth,6,miou,0.4078330445486958
VID01_s15_240_crop,depth,6,n_gt,10.181818181818182
VID01_s15_240_crop,depth,6,n_pred,7.0
VID01_s15_240_crop,depth,6,n_reg,7.0
VID01_s15_240_crop,depth,8,f1@0.5,0.6083004972323858
VID01_s15_240_crop,depth,8,f1@0.75,0.4000641085780405
VID01_s15_240_crop,depth,8,miou,0.5176069911051036
VID01_s15_240_crop,depth,8,n_gt,10.181818181818182
VID01_s15_240_crop,depth,8,n_pred,8.0
VID01_s15_240_crop,depth,8,n_reg,8.0
VID01_s15_240_crop,depth,12,f1@0.5,0.6189956843981611
VID01_s15_240_crop,depth,12,f1@0.75,0.409633486568471
VID01_s15_240_crop,depth,12,miou,0.5913493755138487
VID01_s15_240_crop,depth,12,n_gt,10.181818181818182
VID01_s15_240_crop,depth,12,n_pred,8.0
VID01_s15_240_crop,depth,12,n_reg,8.0
VID01_s15_240_crop,depth,16,f1@0.5,0.4391789411139256
VID01_s15_240_crop,depth,16,f1@0.75,0.3798620883760202
VID01_s15_240_crop,depth,16,miou,0.4071834474688847
VID01_s15_240_crop,depth,16,n_gt,10.181818181818182
VID01_s15_240_crop,depth,16,n_pred,8.0
VID01_s15_240_crop,depth,16,n_reg,8.0
VID01_s15_240_crop,depth,24,f1@0.5,0.4162581140909314
VID01_s15_240_crop,depth,24,f1@0.75,0.3969049182671474
VID01_s15_240_crop,depth,24,miou,0.4165624262114454
VID01_s15_240_crop,depth,24,n_gt,10.181818181818182
VID01_s15_240_crop,depth,24,n_pred,9.0
VID01_s15_240_crop,depth,24,n_reg,9.0
VID01_s15_240_crop,depth,32,f1@0.5,0.4391789411139256
VID01_s15_240_crop,depth,32,f1@0.75,0.4187243956593802
VID01_s15_240_crop,depth,32,miou,0.4148398757286359
VID01_s15_240_crop,depth,32,n_gt,10.181818181818182
VID01_s15_240_crop,depth,32,n_pred,8.0
VID01_s15_240_crop,depth,32,n_reg,8.0
VID01_s15_240_crop,depth,48,f1@0.5,0.5765983586417023
VID01_s15_240_crop,depth,48,f1@0.75,0.4160436742480086
VID01_s15_240_crop,depth,48,miou,0.5350570227194218
VID01_s15_240_crop,depth,48,n_gt,10.181818181818182
VID01_s15_240_crop,depth,48,n_pred,9.0
VID01_s15_240_crop,depth,48,n_reg,9.0
VID01_s15_240_crop,normal,4,f1@0.5,0.4852769177846577
VID01_s15_240_crop,normal,4,f1@0.75,0.2642633768020765
VID01_s15_240_crop,normal,4,miou,0.4707393927085899
VID01_s15_240_crop,normal,4,n_gt,10.181818181818182
VID01_s15_240_crop,normal,4,n_pred,7.0
VID01_s15_240_crop,normal,4,n_reg,7.0
VID01_s15_240_crop,normal,6,f1@0.5,0.6090384363111636
VID01_s15_240_crop,normal,6,f1@0.75,0.47360619178801
VID01_s15_240_crop,normal,6,miou,0.6741055138640755
VID01_s15_240_crop,normal,6,n_gt,10.181818181818182
VID01_s15_240_crop,normal,6,n_pred,10.090909090909092
VID01_s15_240_crop,normal,6,n_reg,10.090909090909092
VID01_s15_240_crop,normal,8,f1@0.5,0.6004673919797697
VID01_s15_240_crop,normal,8,f1@0.75,0.4188820956451495
VID01_s15_240_crop,normal,8,miou,0.6621150448659257
VID01_s15_240_crop,normal,8,n_gt,10.181818181818182
VID01_s15_240_crop,normal,8,n_pred,11.0
VID01_s15_240_crop,normal,8,n_reg,11.0
VID01_s15_240_crop,normal,12,f1@0.5,0.464361001317523
VID01_s15_240_crop,normal,12,f1@0.75,0.3984668822613486
VID01_s15_240_crop,normal,12,miou,0.556246165967217
VID01_s15_240_crop,normal,12,n_gt,10.181818181818182
VID01_s15_240_crop,normal,12,n_pred,12.090909090909092
VID01_s15_240_crop,normal,12,n_reg,12.090909090909092
VID01_s15_240_crop,normal,16,f1@0.5,0.5950712660198826
VID01_s15_240_crop,normal,16,f1@0.75,0.480171277997365
VID01_s15_240_crop,normal,16,miou,0.7003870878971136
VID01_s15_240_crop,normal,16,n_gt,10.181818181818182
VID01_s15_240_crop,normal,16,n_pred,12.090909090909092
VID01_s15_240_crop,normal,16,n_reg,12.090909090909092
VID01_s15_240_crop,normal,24,f1@0.5,0.6516677068164483
VID01_s15_240_crop,normal,24,f1@0.75,0.4962149354701882
VID01_s15_240_crop,normal,24,miou,0.6868311691388316
VID01_s15_240_crop,normal,24,n_gt,10.181818181818182
VID01_s15_240_crop,normal,24,n_pred,11.0
VID01_s15_240_crop,normal,24,n_reg,11.0
VID01_s15_240_crop,normal,32,f1@0.5,0.5326641342846877
VID01_s15_240_crop,normal,32,f1@0.75,0.4141156340365826
VID01_s15_240_crop,normal,32,miou,0.6801242372716626
VID01_s15_240_crop,normal,32,n_gt,10.181818181818182
VID01_s15_240_crop,normal,32,n_pred,13.0
VID01_s15_240_crop,normal,32,n_reg,13.0
VID01_s15_240_crop,normal,48,f1@0.5,0.6680832342887679
VID01_s15_240_crop,normal,48,f1@0.75,0.4419850373605314
VID01_s15_240_crop,normal,48,miou,0.8092213852270266
VID01_s15_240_crop,normal,48,n_gt,10.181818181818182
VID01_s15_240_crop,normal,48,n_pred,14.0
VID01_s15_240_crop,normal,48,n_reg,14.0
VID01_s15_240_crop,rgb,4,f1@0.5,0.4940843470255235
VID01_s15_240_crop,rgb,4,f1@0.75,0.3017624532330414
VID01_s15_240_crop,rgb,4,miou,0.3824855907382856
VID01_s15_240_crop,rgb,4,n_gt,10.181818181818182
VID01_s15_240_crop,rgb,4,n_pred,5.0
VID01_s15_240_crop,rgb,4,n_reg,5.0
VID01_s15_240_crop,rgb,6,f1@0.5,0.4755449229133439
VID01_s15_240_crop,rgb,6,f1@0.75,0.2516746411483253
VID01_s15_240_crop,rgb,6,miou,0.6286667670529351
VID01_s15_240_crop,rgb,6,n_gt,10.181818181818182
VID01_s15_240_crop,rgb,6,n_pred,8.272727272727273
VID01_s15_240_crop,rgb,6,n_reg,8.545454545454545
VID01_s15_240_crop,rgb,8,f1@0.5,0.4182736455463728
VID01_s15_240_crop,rgb,8,f1@0.75,0.2195461104552013
VID01_s15_240_crop,rgb,8,miou,0.6303371179680866
VID01_s15_240_crop,rgb,8,n_gt,10.181818181818182
VID01_s15_240_crop,rgb,8,n_pred,10.818181818181818
VID01_s15_240_crop,rgb,8,n_reg,10.909090909090908
VID01_s15_240_crop,rgb,12,f1@0.5,0.3866930171277997
VID01_s15_240_crop,rgb,12,f1@0.75,0.2028805845011378
VID01_s15_240_crop,rgb,12,miou,0.6332632245700257
VID01_s15_240_crop,rgb,12,n_gt,10.181818181818182
VID01_s15_240_crop,rgb,12,n_pred,12.454545454545457
VID01_s15_240_crop,rgb,12,n_reg,12.636363636363637
VID01_s15_240_crop,rgb,16,f1@0.5,0.4837074720577945
VID01_s15_240_crop,rgb,16,f1@0.75,0.3603646197779753
VID01_s15_240_crop,rgb,16,miou,0.6320537839297278
VID01_s15_240_crop,rgb,16,n_gt,10.181818181818182
VID01_s15_240_crop,rgb,16,n_pred,12.0
VID01_s15_240_crop,rgb,16,n_reg,12.636363636363637
VID01_s15_240_crop,rgb,24,f1@0.5,0.4388586449955287
VID01_s15_240_crop,rgb,24,f1@0.75,0.2984746270995491
VID01_s15_240_crop,rgb,24,miou,0.6322209414661231
VID01_s15_240_crop,rgb,24,n_gt,10.181818181818182
VID01_s15_240_crop,rgb,24,n_pred,10.636363636363637
VID01_s15_240_crop,rgb,24,n_reg,10.727272727272728
VID01_s15_240_crop,rgb,32,f1@0.5,0.4741380940673638
VID01_s15_240_crop,rgb,32,f1@0.75,0.3603646197779753
VID01_s15_240_crop,rgb,32,miou,0.6314802716551039
VID01_s15_240_crop,rgb,32,n_gt,10.181818181818182
VID01_s15_240_crop,rgb,32,n_pred,12.0
VID01_s15_240_crop,rgb,32,n_reg,12.636363636363637
VID01_s15_240_crop,rgb,48,f1@0.5,0.4569929585011756
VID01_s15_240_crop,rgb,48,f1@0.75,0.2746956773896653
VID01_s15_240_crop,rgb,48,miou,0.6312302663928051
VID01_s15_240_crop,rgb,48,n_gt,10.181818181818182
VID01_s15_240_crop,rgb,48,n_pred,12.363636363636363
VID01_s15_240_crop,rgb,48,n_reg,12.636363636363637
VID01_s15_80_crop,depth,4,f1@0.5,0.3539304610733182
VID01_s15_80_crop,depth,4,f1@0.75,0.151360544217687
VID01_s15_80_crop,depth,4,miou,0.1618215305892736
VID01_s15_80_crop,depth,4,n_gt,7.857142857142857
VID01_s15_80_crop,depth,4,n_pred,3.9047619047619047
VID01_s15_80_crop,depth,4,n_reg,4.0
VID01_s15_80_crop,depth,6,f1@0.5,0.6374286188527675
VID01_s15_80_crop,depth,6,f1@0.75,0.3498496887815773
VID01_s15_80_crop,depth,6,miou,0.4962736602886681
VID01_s15_80_crop,depth,6,n_gt,7.857142857142857
VID01_s15_80_crop,depth,6,n_pred,6.380952380952381
VID01_s15_80_crop,depth,6,n_reg,6.714285714285714
VID01_s15_80_crop,depth,8,f1@0.5,0.6406032220273706
VID01_s15_80_crop,depth,8,f1@0.75,0.3473965863284748
VID01_s15_80_crop,depth,8,miou,0.4973162088589414
VID01_s15_80_crop,depth,8,n_gt,7.857142857142857
VID01_s15_80_crop,depth,8,n_pred,6.476190476190476
VID01_s15_80_crop,depth,8,n_reg,6.714285714285714
VID01_s15_80_crop,depth,12,f1@0.5,0.6312903127144613
VID01_s15_80_crop,depth,12,f1@0.75,0.3490282879601765
VID01_s15_80_crop,depth,12,miou,0.4952622367121682
VID01_s15_80_crop,depth,12,n_gt,7.857142857142857
VID01_s15_80_crop,depth,12,n_pred,6.523809523809524
VID01_s15_80_crop,depth,12,n_reg,6.714285714285714
VID01_s15_80_crop,depth,16,f1@0.5,0.5771346055291212
VID01_s15_80_crop,depth,16,f1@0.75,0.3112421396808836
VID01_s15_80_crop,depth,16,miou,0.5343322945515421
VID01_s15_80_crop,depth,16,n_gt,7.857142857142857
VID01_s15_80_crop,depth,16,n_pred,8.666666666666666
VID01_s15_80_crop,depth,16,n_reg,8.714285714285714
VID01_s15_80_crop,depth,24,f1@0.5,0.5947917293118531
VID01_s15_80_crop,depth,24,f1@0.75,0.2858188881408696
VID01_s15_80_crop,depth,24,miou,0.4292085393383126
VID01_s15_80_crop,depth,24,n_gt,7.857142857142857
VID01_s15_80_crop,depth,24,n_pred,6.619047619047619
VID01_s15_80_crop,depth,24,n_reg,6.714285714285714
VID01_s15_80_crop,depth,32,f1@0.5,0.5900076245277484
VID01_s15_80_crop,depth,32,f1@0.75,0.3315842339062153
VID01_s15_80_crop,depth,32,miou,0.4138415038321856
VID01_s15_80_crop,depth,32,n_gt,7.857142857142857
VID01_s15_80_crop,depth,32,n_pred,6.238095238095238
VID01_s15_80_crop,depth,32,n_reg,6.714285714285714
VID01_s15_80_crop,depth,48,f1@0.5,0.5989855247705757
VID01_s15_80_crop,depth,48,f1@0.75,0.3285716351726966
VID01_s15_80_crop,depth,48,miou,0.5210304352809368
VID01_s15_80_crop,depth,48,n_gt,7.857142857142857
VID01_s15_80_crop,depth,48,n_pred,7.761904761904762
VID01_s15_80_crop,depth,48,n_reg,8.095238095238095
VID01_s15_80_crop,normal,4,f1@0.5,0.593721448829808
VID01_s15_80_crop,normal,4,f1@0.75,0.5145628938198598
VID01_s15_80_crop,normal,4,miou,0.5281874848554143
VID01_s15_80_crop,normal,4,n_gt,7.857142857142857
VID01_s15_80_crop,normal,4,n_pred,7.333333333333333
VID01_s15_80_crop,normal,4,n_reg,7.428571428571429
VID01_s15_80_crop,normal,6,f1@0.5,0.8952764653892473
VID01_s15_80_crop,normal,6,f1@0.75,0.62970863027254
VID01_s15_80_crop,normal,6,miou,0.7728227962565913
VID01_s15_80_crop,normal,6,n_gt,7.857142857142857
VID01_s15_80_crop,normal,6,n_pred,7.809523809523809
VID01_s15_80_crop,normal,6,n_reg,7.857142857142857
VID01_s15_80_crop,normal,8,f1@0.5,0.8338797621858215
VID01_s15_80_crop,normal,8,f1@0.75,0.6117142182599944
VID01_s15_80_crop,normal,8,miou,0.8070375352631736
VID01_s15_80_crop,normal,8,n_gt,7.857142857142857
VID01_s15_80_crop,normal,8,n_pred,8.80952380952381
VID01_s15_80_crop,normal,8,n_reg,8.857142857142858
VID01_s15_80_crop,normal,12,f1@0.5,0.7432251251516486
VID01_s15_80_crop,normal,12,f1@0.75,0.5744040664598132
VID01_s15_80_crop,normal,12,miou,0.816558939729393
VID01_s15_80_crop,normal,12,n_gt,7.857142857142857
VID01_s15_80_crop,normal,12,n_pred,10.61904761904762
VID01_s15_80_crop,normal,12,n_reg,10.666666666666666
VID01_s15_80_crop,normal,16,f1@0.5,0.7665434864192628
VID01_s15_80_crop,normal,16,f1@0.75,0.5441269852760536
VID01_s15_80_crop,normal,16,miou,0.805637471240377
VID01_s15_80_crop,normal,16,n_gt,7.857142857142857
VID01_s15_80_crop,normal,16,n_pred,10.285714285714286
VID01_s15_80_crop,normal,16,n_reg,10.761904761904765
VID01_s15_80_crop,normal,24,f1@0.5,0.7428791279357593
VID01_s15_80_crop,normal,24,f1@0.75,0.4861715226274963
VID01_s15_80_crop,normal,24,miou,0.8074041751961912
VID01_s15_80_crop,normal,24,n_gt,7.857142857142857
VID01_s15_80_crop,normal,24,n_pred,11.047619047619047
VID01_s15_80_crop,normal,24,n_reg,11.61904761904762
VID01_s15_80_crop,normal,32,f1@0.5,0.7390520371521467
VID01_s15_80_crop,normal,32,f1@0.75,0.4842815044331303
VID01_s15_80_crop,normal,32,miou,0.8088930919828717
VID01_s15_80_crop,normal,32,n_gt,7.857142857142857
VID01_s15_80_crop,normal,32,n_pred,11.142857142857142
VID01_s15_80_crop,normal,32,n_reg,11.714285714285714
VID01_s15_80_crop,normal,48,f1@0.5,0.6205026521551529
VID01_s15_80_crop,normal,48,f1@0.75,0.472418564327685
VID01_s15_80_crop,normal,48,miou,0.6506930271775905
VID01_s15_80_crop,normal,48,n_gt,7.857142857142857
VID01_s15_80_crop,normal,48,n_pred,10.142857142857142
VID01_s15_80_crop,normal,48,n_reg,10.714285714285714
VID01_s15_80_crop,rgb,4,f1@0.5,0.446703413300052
VID01_s15_80_crop,rgb,4,f1@0.75,0.2587126225781688
VID01_s15_80_crop,rgb,4,miou,0.3256571420736001
VID01_s15_80_crop,rgb,4,n_gt,7.857142857142857
VID01_s15_80_crop,rgb,4,n_pred,5.0
VID01_s15_80_crop,rgb,4,n_reg,5.0
VID01_s15_80_crop,rgb,6,f1@0.5,0.5421620003663348
VID01_s15_80_crop,rgb,6,f1@0.75,0.2883036468175787
VID01_s15_80_crop,rgb,6,miou,0.4587573972986034
VID01_s15_80_crop,rgb,6,n_gt,7.857142857142857
VID01_s15_80_crop,rgb,6,n_pred,6.809523809523809
VID01_s15_80_crop,rgb,6,n_reg,7.142857142857143
VID01_s15_80_crop,rgb,8,f1@0.5,0.5693880889369611
VID01_s15_80_crop,rgb,8,f1@0.75,0.3699387774575745
VID01_s15_80_crop,rgb,8,miou,0.5300783796142521
VID01_s15_80_crop,rgb,8,n_gt,7.857142857142857
VID01_s15_80_crop,rgb,8,n_pred,7.333333333333333
VID01_s15_80_crop,rgb,8,n_reg,7.571428571428571
VID01_s15_80_crop,rgb,12,f1@0.5,0.4960355364490703
VID01_s15_80_crop,rgb,12,f1@0.75,0.2524930791848085
VID01_s15_80_crop,rgb,12,miou,0.460726969822579
VID01_s15_80_crop,rgb,12,n_gt,7.857142857142857
VID01_s15_80_crop,rgb,12,n_pred,8.0
VID01_s15_80_crop,rgb,12,n_reg,8.666666666666666
VID01_s15_80_crop,rgb,16,f1@0.5,0.53695589387761
VID01_s15_80_crop,rgb,16,f1@0.75,0.348210907476719
VID01_s15_80_crop,rgb,16,miou,0.5434496809358671
VID01_s15_80_crop,rgb,16,n_gt,7.857142857142857
VID01_s15_80_crop,rgb,16,n_pred,8.571428571428571
VID01_s15_80_crop,rgb,16,n_reg,9.142857142857142
VID01_s15_80_crop,rgb,24,f1@0.5,0.4966629930915645
VID01_s15_80_crop,rgb,24,f1@0.75,0.3095630559916274
VID01_s15_80_crop,rgb,24,miou,0.549003788366697
VID01_s15_80_crop,rgb,24,n_gt,7.857142857142857
VID01_s15_80_crop,rgb,24,n_pred,9.761904761904765
VID01_s15_80_crop,rgb,24,n_reg,10.61904761904762
VID01_s15_80_crop,rgb,32,f1@0.5,0.4859323529880997
VID01_s15_80_crop,rgb,32,f1@0.75,0.2545373309444613
VID01_s15_80_crop,rgb,32,miou,0.4692523259132749
VID01_s15_80_crop,rgb,32,n_gt,7.857142857142857
VID01_s15_80_crop,rgb,32,n_pred,8.523809523809524
VID01_s15_80_crop,rgb,32,n_reg,9.571428571428571
VID01_s15_80_crop,rgb,48,f1@0.5,0.5250599850550814
VID01_s15_80_crop,rgb,48,f1@0.75,0.3706251541491815
VID01_s15_80_crop,rgb,48,miou,0.5472697306022506
VID01_s15_80_crop,rgb,48,n_gt,7.857142857142857
VID01_s15_80_crop,rgb,48,n_pred,9.047619047619047
VID01_s15_80_crop,rgb,48,n_reg,10.476190476190476
VID09_s15_832_crop,depth,4,f1@0.5,0.8276515151515151
VID09_s15_832_crop,depth,4,f1@0.75,0.3522727272727273
VID09_s15_832_crop,depth,4,miou,0.5890716878709487
VID09_s15_832_crop,depth,4,n_gt,6.375
VID09_s15_832_crop,depth,4,n_pred,5.0
VID09_s15_832_crop,depth,4,n_reg,5.0
VID09_s15_832_crop,depth,6,f1@0.5,0.8276515151515151
VID09_s15_832_crop,depth,6,f1@0.75,0.3522727272727273
VID09_s15_832_crop,depth,6,miou,0.5894973650641071
VID09_s15_832_crop,depth,6,n_gt,6.375
VID09_s15_832_crop,depth,6,n_pred,5.0
VID09_s15_832_crop,depth,6,n_reg,5.0
VID09_s15_832_crop,depth,8,f1@0.5,0.8276515151515151
VID09_s15_832_crop,depth,8,f1@0.75,0.3626893939393939
VID09_s15_832_crop,depth,8,miou,0.6104806015879852
VID09_s15_832_crop,depth,8,n_gt,6.375
VID09_s15_832_crop,depth,8,n_pred,5.0
VID09_s15_832_crop,depth,8,n_reg,5.0
VID09_s15_832_crop,depth,12,f1@0.5,0.8276515151515151
VID09_s15_832_crop,depth,12,f1@0.75,0.3418560606060606
VID09_s15_832_crop,depth,12,miou,0.586622573177043
VID09_s15_832_crop,depth,12,n_gt,6.375
VID09_s15_832_crop,depth,12,n_pred,5.0
VID09_s15_832_crop,depth,12,n_reg,5.0
VID09_s15_832_crop,depth,16,f1@0.5,0.7708333333333334
VID09_s15_832_crop,depth,16,f1@0.75,0.3333333333333333
VID09_s15_832_crop,depth,16,miou,0.6169676960422892
VID09_s15_832_crop,depth,16,n_gt,6.375
VID09_s15_832_crop,depth,16,n_pred,6.0
VID09_s15_832_crop,depth,16,n_reg,6.0
VID09_s15_832_crop,depth,24,f1@0.5,0.6936813186813187
VID09_s15_832_crop,depth,24,f1@0.75,0.290521978021978
VID09_s15_832_crop,depth,24,miou,0.627363982321077
VID09_s15_832_crop,depth,24,n_gt,6.375
VID09_s15_832_crop,depth,24,n_pred,7.0
VID09_s15_832_crop,depth,24,n_reg,7.0
VID09_s15_832_crop,depth,32,f1@0.5,0.6481227106227107
VID09_s15_832_crop,depth,32,f1@0.75,0.2957875457875458
VID09_s15_832_crop,depth,32,miou,0.6208309766582871
VID09_s15_832_crop,depth,32,n_gt,6.375
VID09_s15_832_crop,depth,32,n_pred,6.8125
VID09_s15_832_crop,depth,32,n_reg,6.9375
VID09_s15_832_crop,depth,48,f1@0.5,0.7708333333333334
VID09_s15_832_crop,depth,48,f1@0.75,0.3333333333333333
VID09_s15_832_crop,depth,48,miou,0.6130874635812534
VID09_s15_832_crop,depth,48,n_gt,6.375
VID09_s15_832_crop,depth,48,n_pred,6.0
VID09_s15_832_crop,depth,48,n_reg,6.0
VID09_s15_832_crop,normal,4,f1@0.5,0.7396978021978022
VID09_s15_832_crop,normal,4,f1@0.75,0.4017857142857143
VID09_s15_832_crop,normal,4,miou,0.7259431008107449
VID09_s15_832_crop,normal,4,n_gt,6.375
VID09_s15_832_crop,normal,4,n_pred,7.0
VID09_s15_832_crop,normal,4,n_reg,7.0
VID09_s15_832_crop,normal,6,f1@0.5,0.8104395604395604
VID09_s15_832_crop,normal,6,f1@0.75,0.4038461538461538
VID09_s15_832_crop,normal,6,miou,0.7468100346635426
VID09_s15_832_crop,normal,6,n_gt,6.375
VID09_s15_832_crop,normal,6,n_pred,6.9375
VID09_s15_832_crop,normal,6,n_reg,7.0
VID09_s15_832_crop,normal,8,f1@0.5,0.7638736263736263
VID09_s15_832_crop,normal,8,f1@0.75,0.4084706959706959
VID09_s15_832_crop,normal,8,miou,0.6734443073680255
VID09_s15_832_crop,normal,8,n_gt,6.375
VID09_s15_832_crop,normal,8,n_pred,6.625
VID09_s15_832_crop,normal,8,n_reg,7.375
VID09_s15_832_crop,normal,12,f1@0.5,0.8214285714285714
VID09_s15_832_crop,normal,12,f1@0.75,0.456547619047619
VID09_s15_832_crop,normal,12,miou,0.6815295689835206
VID09_s15_832_crop,normal,12,n_gt,6.375
VID09_s15_832_crop,normal,12,n_pred,6.4375
VID09_s15_832_crop,normal,12,n_reg,7.125
VID09_s15_832_crop,normal,16,f1@0.5,0.7725847069597069
VID09_s15_832_crop,normal,16,f1@0.75,0.4318624084249084
VID09_s15_832_crop,normal,16,miou,0.6827518612044057
VID09_s15_832_crop,normal,16,n_gt,6.375
VID09_s15_832_crop,normal,16,n_pred,7.25
VID09_s15_832_crop,normal,16,n_reg,8.3125
VID09_s15_832_crop,normal,24,f1@0.5,0.8139880952380952
VID09_s15_832_crop,normal,24,f1@0.75,0.46875
VID09_s15_832_crop,normal,24,miou,0.6820453042545298
VID09_s15_832_crop,normal,24,n_gt,6.375
VID09_s15_832_crop,normal,24,n_pred,6.375
VID09_s15_832_crop,normal,24,n_reg,6.375
VID09_s15_832_crop,normal,32,f1@0.5,0.8342948717948718
VID09_s15_832_crop,normal,32,f1@0.75,0.4357142857142857
VID09_s15_832_crop,normal,32,miou,0.7548558014999598
VID09_s15_832_crop,normal,32,n_gt,6.375
VID09_s15_832_crop,normal,32,n_pred,7.3125
VID09_s15_832_crop,normal,32,n_reg,7.375
VID09_s15_832_crop,normal,48,f1@0.5,0.7518830128205128
VID09_s15_832_crop,normal,48,f1@0.75,0.4234375
VID09_s15_832_crop,normal,48,miou,0.7369799653629109
VID09_s15_832_crop,normal,48,n_gt,6.375
VID09_s15_832_crop,normal,48,n_pred,7.4375
VID09_s15_832_crop,normal,48,n_reg,7.4375
VID09_s15_832_crop,rgb,4,f1@0.5,0.6297619047619047
VID09_s15_832_crop,rgb,4,f1@0.75,0.3767857142857143
VID09_s15_832_crop,rgb,4,miou,0.7715994048318187
VID09_s15_832_crop,rgb,4,n_gt,6.375
VID09_s15_832_crop,rgb,4,n_pred,7.9375
VID09_s15_832_crop,rgb,4,n_reg,8.0
VID09_s15_832_crop,rgb,6,f1@0.5,0.6744505494505495
VID09_s15_832_crop,rgb,6,f1@0.75,0.3942307692307692
VID09_s15_832_crop,rgb,6,miou,0.7657020128889706
VID09_s15_832_crop,rgb,6,n_gt,6.375
VID09_s15_832_crop,rgb,6,n_pred,7.0
VID09_s15_832_crop,rgb,6,n_reg,7.0
VID09_s15_832_crop,rgb,8,f1@0.5,0.6182406135531135
VID09_s15_832_crop,rgb,8,f1@0.75,0.3719265109890109
VID09_s15_832_crop,rgb,8,miou,0.7742964464936375
VID09_s15_832_crop,rgb,8,n_gt,6.375
VID09_s15_832_crop,rgb,8,n_pred,8.25
VID09_s15_832_crop,rgb,8,n_reg,8.9375
VID09_s15_832_crop,rgb,12,f1@0.5,0.6261581555699203
VID09_s15_832_crop,rgb,12,f1@0.75,0.3698960353372117
VID09_s15_832_crop,rgb,12,miou,0.7777042757116687
VID09_s15_832_crop,rgb,12,n_gt,6.375
VID09_s15_832_crop,rgb,12,n_pred,8.9375
VID09_s15_832_crop,rgb,12,n_reg,9.4375
VID09_s15_832_crop,rgb,16,f1@0.5,0.5905213046757165
VID09_s15_832_crop,rgb,16,f1@0.75,0.2656721342383107
VID09_s15_832_crop,rgb,16,miou,0.6032900466258976
VID09_s15_832_crop,rgb,16,n_gt,6.375
VID09_s15_832_crop,rgb,16,n_pred,7.875
VID09_s15_832_crop,rgb,16,n_reg,8.4375
VID09_s15_832_crop,rgb,24,f1@0.5,0.5674154277095453
VID09_s15_832_crop,rgb,24,f1@0.75,0.2478408029878618
VID09_s15_832_crop,rgb,24,miou,0.6031982742850984
VID09_s15_832_crop,rgb,24,n_gt,6.375
VID09_s15_832_crop,rgb,24,n_pred,8.5
VID09_s15_832_crop,rgb,24,n_reg,9.6875
VID09_s15_832_crop,rgb,32,f1@0.5,0.6158658807652615
VID09_s15_832_crop,rgb,32,f1@0.75,0.3530690413817349
VID09_s15_832_crop,rgb,32,miou,0.7849901230328822
VID09_s15_832_crop,rgb,32,n_gt,6.375
VID09_s15_832_crop,rgb,32,n_pred,9.375
VID09_s15_832_crop,rgb,32,n_reg,9.9375
VID09_s15_832_crop,rgb,48,f1@0.5,0.6118300559090033
VID09_s15_832_crop,rgb,48,f1@0.75,0.3529400424137266
VID09_s15_832_crop,rgb,48,miou,0.770189019264845
VID09_s15_832_crop,rgb,48,n_gt,6.375
VID09_s15_832_crop,rgb,48,n_pred,9.375
VID09_s15_832_crop,rgb,48,n_reg,9.8125
VID12_s15_15750_crop,depth,4,f1@0.5,0.5365464280536051
VID12_s15_15750_crop,depth,4,f1@0.75,0.4449657200853373
VID12_s15_15750_crop,depth,4,miou,0.4977373405528043
VID12_s15_15750_crop,depth,4,n_gt,13.272727272727272
VID12_s15_15750_crop,depth,4,n_pred,6.909090909090909
VID12_s15_15750_crop,depth,4,n_reg,6.909090909090909
VID12_s15_15750_crop,depth,6,f1@0.5,0.4344953292321713
VID12_s15_15750_crop,depth,6,f1@0.75,0.3845219108377003
VID12_s15_15750_crop,depth,6,miou,0.4989039386089012
VID12_s15_15750_crop,depth,6,n_gt,13.272727272727272
VID12_s15_15750_crop,depth,6,n_pred,5.727272727272728
VID12_s15_15750_crop,depth,6,n_reg,5.909090909090909
VID12_s15_15750_crop,depth,8,f1@0.5,0.5092579934685197
VID12_s15_15750_crop,depth,8,f1@0.75,0.4824181666286929
VID12_s15_15750_crop,depth,8,miou,0.5020243010564639
VID12_s15_15750_crop,depth,8,n_gt,13.272727272727272
VID12_s15_15750_crop,depth,8,n_pred,6.090909090909091
VID12_s15_15750_crop,depth,8,n_reg,6.454545454545454
VID12_s15_15750_crop,depth,12,f1@0.5,0.48922086980678
VID12_s15_15750_crop,depth,12,f1@0.75,0.3776307936038231
VID12_s15_15750_crop,depth,12,miou,0.5224544026463122
VID12_s15_15750_crop,depth,12,n_gt,13.272727272727272
VID12_s15_15750_crop,depth,12,n_pred,8.0
VID12_s15_15750_crop,depth,12,n_reg,8.454545454545455
VID12_s15_15750_crop,depth,16,f1@0.5,0.3848686799643737
VID12_s15_15750_crop,depth,16,f1@0.75,0.3171787940926697
VID12_s15_15750_crop,depth,16,miou,0.4074507358608708
VID12_s15_15750_crop,depth,16,n_gt,13.272727272727272
VID12_s15_15750_crop,depth,16,n_pred,7.090909090909091
VID12_s15_15750_crop,depth,16,n_reg,7.454545454545454
VID12_s15_15750_crop,depth,24,f1@0.5,0.3848686799643737
VID12_s15_15750_crop,depth,24,f1@0.75,0.3171787940926697
VID12_s15_15750_crop,depth,24,miou,0.4075891698731503
VID12_s15_15750_crop,depth,24,n_gt,13.272727272727272
VID12_s15_15750_crop,depth,24,n_pred,7.090909090909091
VID12_s15_15750_crop,depth,24,n_reg,7.454545454545454
VID12_s15_15750_crop,depth,32,f1@0.5,0.48922086980678
VID12_s15_15750_crop,depth,32,f1@0.75,0.3776307936038231
VID12_s15_15750_crop,depth,32,miou,0.5222367502841512
VID12_s15_15750_crop,depth,32,n_gt,13.272727272727272
VID12_s15_15750_crop,depth,32,n_pred,8.0
VID12_s15_15750_crop,depth,32,n_reg,8.454545454545455
VID12_s15_15750_crop,depth,48,f1@0.5,0.3848686799643737
VID12_s15_15750_crop,depth,48,f1@0.75,0.3171787940926697
VID12_s15_15750_crop,depth,48,miou,0.4076585097186242
VID12_s15_15750_crop,depth,48,n_gt,13.272727272727272
VID12_s15_15750_crop,depth,48,n_pred,7.090909090909091
VID12_s15_15750_crop,depth,48,n_reg,7.454545454545454
VID12_s15_15750_crop,normal,4,f1@0.5,0.4681565768253075
VID12_s15_15750_crop,normal,4,f1@0.75,0.3638828577683066
VID12_s15_15750_crop,normal,4,miou,0.4502740262520985
VID12_s15_15750_crop,normal,4,n_gt,13.272727272727272
VID12_s15_15750_crop,normal,4,n_pred,4.818181818181818
VID12_s15_15750_crop,normal,4,n_reg,4.909090909090909
VID12_s15_15750_crop,normal,6,f1@0.5,0.4311223692028645
VID12_s15_15750_crop,normal,6,f1@0.75,0.363436219782969
VID12_s15_15750_crop,normal,6,miou,0.4302023624582594
VID12_s15_15750_crop,normal,6,n_gt,13.272727272727272
VID12_s15_15750_crop,normal,6,n_pred,5.0
VID12_s15_15750_crop,normal,6,n_reg,5.0
VID12_s15_15750_crop,normal,8,f1@0.5,0.3638566112250323
VID12_s15_15750_crop,normal,8,f1@0.75,0.2662090833143464
VID12_s15_15750_crop,normal,8,miou,0.3888351076354152
VID12_s15_15750_crop,normal,8,n_gt,13.272727272727272
VID12_s15_15750_crop,normal,8,n_pred,6.0
VID12_s15_15750_crop,normal,8,n_reg,6.0
VID12_s15_15750_crop,normal,12,f1@0.5,0.4585871988348768
VID12_s15_15750_crop,normal,12,f1@0.75,0.3325071815009895
VID12_s15_15750_crop,normal,12,miou,0.4596923593321904
VID12_s15_15750_crop,normal,12,n_gt,13.272727272727272
VID12_s15_15750_crop,normal,12,n_pred,4.818181818181818
VID12_s15_15750_crop,normal,12,n_reg,4.909090909090909
VID12_s15_15750_crop,normal,16,f1@0.5,0.3638566112250323
VID12_s15_15750_crop,normal,16,f1@0.75,0.2662090833143464
VID12_s15_15750_crop,normal,16,miou,0.3885375797551813
VID12_s15_15750_crop,normal,16,n_gt,13.272727272727272
VID12_s15_15750_crop,normal,16,n_pred,6.0
VID12_s15_15750_crop,normal,16,n_reg,6.454545454545454
VID12_s15_15750_crop,normal,24,f1@0.5,0.46737970960459
VID12_s15_15750_crop,normal,24,f1@0.75,0.3224217568715176
VID12_s15_15750_crop,normal,24,miou,0.502951564196793
VID12_s15_15750_crop,normal,24,n_gt,13.272727272727272
VID12_s15_15750_crop,normal,24,n_pred,6.818181818181818
VID12_s15_15750_crop,normal,24,n_reg,7.454545454545454
VID12_s15_15750_crop,normal,32,f1@0.5,0.3612592086276296
VID12_s15_15750_crop,normal,32,f1@0.75,0.2640445811498443
VID12_s15_15750_crop,normal,32,miou,0.3949147720801884
VID12_s15_15750_crop,normal,32,n_gt,13.272727272727272
VID12_s15_15750_crop,normal,32,n_pred,6.181818181818182
VID12_s15_15750_crop,normal,32,n_reg,6.545454545454546
VID12_s15_15750_crop,normal,48,f1@0.5,0.4417934318863112
VID12_s15_15750_crop,normal,48,f1@0.75,0.3039850070809823
VID12_s15_15750_crop,normal,48,miou,0.4665497276586245
VID12_s15_15750_crop,normal,48,n_gt,13.272727272727272
VID12_s15_15750_crop,normal,48,n_pred,5.909090909090909
VID12_s15_15750_crop,normal,48,n_reg,6.363636363636363
VID12_s15_15750_crop,rgb,4,f1@0.5,0.5277823976638206
VID12_s15_15750_crop,rgb,4,f1@0.75,0.4737076581740613
VID12_s15_15750_crop,rgb,4,miou,0.4462186281733257
VID12_s15_15750_crop,rgb,4,n_gt,13.272727272727272
VID12_s15_15750_crop,rgb,4,n_pred,9.181818181818182
VID12_s15_15750_crop,rgb,4,n_reg,10.454545454545457
VID12_s15_15750_crop,rgb,6,f1@0.5,0.4811398052777363
VID12_s15_15750_crop,rgb,6,f1@0.75,0.3266208886898542
VID12_s15_15750_crop,rgb,6,miou,0.7165750398403706
VID12_s15_15750_crop,rgb,6,n_gt,13.272727272727272
VID12_s15_15750_crop,rgb,6,n_pred,14.818181818181818
VID12_s15_15750_crop,rgb,6,n_reg,15.272727272727272
VID12_s15_15750_crop,rgb,8,f1@0.5,0.5958964537561225
VID12_s15_15750_crop,rgb,8,f1@0.75,0.4101805313789961
VID12_s15_15750_crop,rgb,8,miou,0.8111573643774791
VID12_s15_15750_crop,rgb,8,n_gt,13.272727272727272
VID12_s15_15750_crop,rgb,8,n_pred,18.363636363636363
VID12_s15_15750_crop,rgb,8,n_reg,20.09090909090909
VID12_s15_15750_crop,rgb,12,f1@0.5,0.6149295967288181
VID12_s15_15750_crop,rgb,12,f1@0.75,0.4463441962190572
VID12_s15_15750_crop,rgb,12,miou,0.7567953271140433
VID12_s15_15750_crop,rgb,12,n_gt,13.272727272727272
VID12_s15_15750_crop,rgb,12,n_pred,16.727272727272727
VID12_s15_15750_crop,rgb,12,n_reg,19.09090909090909
VID12_s15_15750_crop,rgb,16,f1@0.5,0.5779268608744913
VID12_s15_15750_crop,rgb,16,f1@0.75,0.441891831302674
VID12_s15_15750_crop,rgb,16,miou,0.8130456764922269
VID12_s15_15750_crop,rgb,16,n_gt,13.272727272727272
VID12_s15_15750_crop,rgb,16,n_pred,20.272727272727277
VID12_s15_15750_crop,rgb,16,n_reg,23.545454545454547
VID12_s15_15750_crop,rgb,24,f1@0.5,0.5505699137278085
VID12_s15_15750_crop,rgb,24,f1@0.75,0.4274507652498083
VID12_s15_15750_crop,rgb,24,miou,0.8143448774338364
VID12_s15_15750_crop,rgb,24,n_gt,13.272727272727272
VID12_s15_15750_crop,rgb,24,n_pred,22.272727272727277
VID12_s15_15750_crop,rgb,24,n_reg,24.272727272727277
VID12_s15_15750_crop,rgb,32,f1@0.5,0.5910460516495
VID12_s15_15750_crop,rgb,32,f1@0.75,0.468752467200743
VID12_s15_15750_crop,rgb,32,miou,0.74969344138516
VID12_s15_15750_crop,rgb,32,n_gt,13.272727272727272
VID12_s15_15750_crop,rgb,32,n_pred,15.545454545454543
VID12_s15_15750_crop,rgb,32,n_reg,17.545454545454547
VID12_s15_15750_crop,rgb,48,f1@0.5,0.5499346489347263
VID12_s15_15750_crop,rgb,48,f1@0.75,0.4402646320082806
VID12_s15_15750_crop,rgb,48,miou,0.7485363747336836
VID12_s15_15750_crop,rgb,48,n_gt,13.272727272727272
VID12_s15_15750_crop,rgb,48,n_pred,17.363636363636363
VID12_s15_15750_crop,rgb,48,n_reg,19.90909090909091
VID12_s15_19500_crop,depth,4,f1@0.5,0.2136997508855094
VID12_s15_19500_crop,depth,4,f1@0.75,0.1630551000427161
VID12_s15_19500_crop,depth,4,miou,0.304741524146999
VID12_s15_19500_crop,depth,4,n_gt,10.4
VID12_s15_19500_crop,depth,4,n_pred,4.44
VID12_s15_19500_crop,depth,4,n_reg,4.48
VID12_s15_19500_crop,depth,6,f1@0.5,0.2098762214737447
VID12_s15_19500_crop,depth,6,f1@0.75,0.1772656263585056
VID12_s15_19500_crop,depth,6,miou,0.291721837762212
VID12_s15_19500_crop,depth,6,n_gt,10.4
VID12_s15_19500_crop,depth,6,n_pred,4.36
VID12_s15_19500_crop,depth,6,n_reg,4.4
VID12_s15_19500_crop,depth,8,f1@0.5,0.2019807966371433
VID12_s15_19500_crop,depth,8,f1@0.75,0.1702590904107932
VID12_s15_19500_crop,depth,8,miou,0.2913647893395621
VID12_s15_19500_crop,depth,8,n_gt,10.4
VID12_s15_19500_crop,depth,8,n_pred,4.56
VID12_s15_19500_crop,depth,8,n_reg,5.0
VID12_s15_19500_crop,depth,12,f1@0.5,0.2550798187021097
VID12_s15_19500_crop,depth,12,f1@0.75,0.1939178451407553
VID12_s15_19500_crop,depth,12,miou,0.3038687733027501
VID12_s15_19500_crop,depth,12,n_gt,10.4
VID12_s15_19500_crop,depth,12,n_pred,6.08
VID12_s15_19500_crop,depth,12,n_reg,6.84
VID12_s15_19500_crop,depth,16,f1@0.5,0.2555660720428522
VID12_s15_19500_crop,depth,16,f1@0.75,0.1896530050616737
VID12_s15_19500_crop,depth,16,miou,0.3072879807292558
VID12_s15_19500_crop,depth,16,n_gt,10.4
VID12_s15_19500_crop,depth,16,n_pred,6.96
VID12_s15_19500_crop,depth,16,n_reg,7.6
VID12_s15_19500_crop,depth,24,f1@0.5,0.2329270234409553
VID12_s15_19500_crop,depth,24,f1@0.75,0.1681133716644552
VID12_s15_19500_crop,depth,24,miou,0.3095171354525562
VID12_s15_19500_crop,depth,24,n_gt,10.4
VID12_s15_19500_crop,depth,24,n_pred,7.2
VID12_s15_19500_crop,depth,24,n_reg,8.2
VID12_s15_19500_crop,depth,32,f1@0.5,0.229374793062638
VID12_s15_19500_crop,depth,32,f1@0.75,0.1672462631817861
VID12_s15_19500_crop,depth,32,miou,0.3196397126327723
VID12_s15_19500_crop,depth,32,n_gt,10.4
VID12_s15_19500_crop,depth,32,n_pred,7.68
VID12_s15_19500_crop,depth,32,n_reg,9.12
VID12_s15_19500_crop,depth,48,f1@0.5,0.238782919322642
VID12_s15_19500_crop,depth,48,f1@0.75,0.1595391738666203
VID12_s15_19500_crop,depth,48,miou,0.328776542670762
VID12_s15_19500_crop,depth,48,n_gt,10.4
VID12_s15_19500_crop,depth,48,n_pred,8.8
VID12_s15_19500_crop,depth,48,n_reg,10.52
VID12_s15_19500_crop,normal,4,f1@0.5,0.2922844802256567
VID12_s15_19500_crop,normal,4,f1@0.75,0.1754175040645628
VID12_s15_19500_crop,normal,4,miou,0.2818802358221088
VID12_s15_19500_crop,normal,4,n_gt,10.4
VID12_s15_19500_crop,normal,4,n_pred,3.0
VID12_s15_19500_crop,normal,4,n_reg,3.0
VID12_s15_19500_crop,normal,6,f1@0.5,0.3553357035121741
VID12_s15_19500_crop,normal,6,f1@0.75,0.2190326079149608
VID12_s15_19500_crop,normal,6,miou,0.3680404397704936
VID12_s15_19500_crop,normal,6,n_gt,10.4
VID12_s15_19500_crop,normal,6,n_pred,4.72
VID12_s15_19500_crop,normal,6,n_reg,4.88
VID12_s15_19500_crop,normal,8,f1@0.5,0.4132836767635529
VID12_s15_19500_crop,normal,8,f1@0.75,0.2648723316587094
VID12_s15_19500_crop,normal,8,miou,0.3985751672452711
VID12_s15_19500_crop,normal,8,n_gt,10.4
VID12_s15_19500_crop,normal,8,n_pred,4.68
VID12_s15_19500_crop,normal,8,n_reg,4.88
VID12_s15_19500_crop,normal,12,f1@0.5,0.4188703583997701
VID12_s15_19500_crop,normal,12,f1@0.75,0.1937528549881491
VID12_s15_19500_crop,normal,12,miou,0.3627909257474817
VID12_s15_19500_crop,normal,12,n_gt,10.4
VID12_s15_19500_crop,normal,12,n_pred,4.4
VID12_s15_19500_crop,normal,12,n_reg,4.56
VID12_s15_19500_crop,normal,16,f1@0.5,0.46081340606418
VID12_s15_19500_crop,normal,16,f1@0.75,0.2482308712958867
VID12_s15_19500_crop,normal,16,miou,0.4464664245025009
VID12_s15_19500_crop,normal,16,n_gt,10.4
VID12_s15_19500_crop,normal,16,n_pred,6.2
VID12_s15_19500_crop,normal,16,n_reg,6.56
VID12_s15_19500_crop,normal,24,f1@0.5,0.3622936375629874
VID12_s15_19500_crop,normal,24,f1@0.75,0.2171385590673516
VID12_s15_19500_crop,normal,24,miou,0.3706209209479725
VID12_s15_19500_crop,normal,24,n_gt,10.4
VID12_s15_19500_crop,normal,24,n_pred,5.28
VID12_s15_19500_crop,normal,24,n_reg,5.56
VID12_s15_19500_crop,normal,32,f1@0.5,0.3394918102193644
VID12_s15_19500_crop,normal,32,f1@0.75,0.2110230780571337
VID12_s15_19500_crop,normal,32,miou,0.3744334942741864
VID12_s15_19500_crop,normal,32,n_gt,10.4
VID12_s15_19500_crop,normal,32,n_pred,5.64
VID12_s15_19500_crop,normal,32,n_reg,5.84
VID12_s15_19500_crop,normal,48,f1@0.5,0.3344677871148459
VID12_s15_19500_crop,normal,48,f1@0.75,0.169375350140056
VID12_s15_19500_crop,normal,48,miou,0.3619765544274758
VID12_s15_19500_crop,normal,48,n_gt,10.4
VID12_s15_19500_crop,normal,48,n_pred,5.52
VID12_s15_19500_crop,normal,48,n_reg,5.88
VID12_s15_19500_crop,rgb,4,f1@0.5,0.3966746508602747
VID12_s15_19500_crop,rgb,4,f1@0.75,0.3204848875268851
VID12_s15_19500_crop,rgb,4,miou,0.5311500839028686
VID12_s15_19500_crop,rgb,4,n_gt,10.4
VID12_s15_19500_crop,rgb,4,n_pred,8.12
VID12_s15_19500_crop,rgb,4,n_reg,8.2
VID12_s15_19500_crop,rgb,6,f1@0.5,0.4767826483204057
VID12_s15_19500_crop,rgb,6,f1@0.75,0.3918711997384766
VID12_s15_19500_crop,rgb,6,miou,0.6740996234337147
VID12_s15_19500_crop,rgb,6,n_gt,10.4
VID12_s15_19500_crop,rgb,6,n_pred,10.24
VID12_s15_19500_crop,rgb,6,n_reg,10.96
VID12_s15_19500_crop,rgb,8,f1@0.5,0.4397682503847421
VID12_s15_19500_crop,rgb,8,f1@0.75,0.3203073931121907
VID12_s15_19500_crop,rgb,8,miou,0.672666128862509
VID12_s15_19500_crop,rgb,8,n_gt,10.4
VID12_s15_19500_crop,rgb,8,n_pred,14.48
VID12_s15_19500_crop,rgb,8,n_reg,16.16
VID12_s15_19500_crop,rgb,12,f1@0.5,0.4620140804715356
VID12_s15_19500_crop,rgb,12,f1@0.75,0.3573954694837027
VID12_s15_19500_crop,rgb,12,miou,0.7066122287556655
VID12_s15_19500_crop,rgb,12,n_gt,10.4
VID12_s15_19500_crop,rgb,12,n_pred,14.96
VID12_s15_19500_crop,rgb,12,n_reg,17.16
VID12_s15_19500_crop,rgb,16,f1@0.5,0.381823109191304
VID12_s15_19500_crop,rgb,16,f1@0.75,0.3220531409277348
VID12_s15_19500_crop,rgb,16,miou,0.7182587599433533
VID12_s15_19500_crop,rgb,16,n_gt,10.4
VID12_s15_19500_crop,rgb,16,n_pred,18.28
VID12_s15_19500_crop,rgb,16,n_reg,21.64
VID12_s15_19500_crop,rgb,24,f1@0.5,0.423757208103032
VID12_s15_19500_crop,rgb,24,f1@0.75,0.3243169955744072
VID12_s15_19500_crop,rgb,24,miou,0.711358139139968
VID12_s15_19500_crop,rgb,24,n_gt,10.4
VID12_s15_19500_crop,rgb,24,n_pred,17.76
VID12_s15_19500_crop,rgb,24,n_reg,21.84
VID12_s15_19500_crop,rgb,32,f1@0.5,0.4012125288248711
VID12_s15_19500_crop,rgb,32,f1@0.75,0.3151350114121503
VID12_s15_19500_crop,rgb,32,miou,0.712838778724191
VID12_s15_19500_crop,rgb,32,n_gt,10.4
VID12_s15_19500_crop,rgb,32,n_pred,16.44
VID12_s15_19500_crop,rgb,32,n_reg,20.2
VID12_s15_19500_crop,rgb,48,f1@0.5,0.3970106280237025
VID12_s15_19500_crop,rgb,48,f1@0.75,0.3103362744764836
VID12_s15_19500_crop,rgb,48,miou,0.7124426318564435
VID12_s15_19500_crop,rgb,48,n_gt,10.4
VID12_s15_19500_crop,rgb,48,n_pred,16.8
VID12_s15_19500_crop,rgb,48,n_reg,19.88
VID12_s15_19900_crop,depth,4,f1@0.5,0.3822636177290542
VID12_s15_19900_crop,depth,4,f1@0.75,0.2095617691195219
VID12_s15_19900_crop,depth,4,miou,0.4459882776520518
VID12_s15_19900_crop,depth,4,n_gt,14.727272727272728
VID12_s15_19900_crop,depth,4,n_pred,5.636363636363637
VID12_s15_19900_crop,depth,4,n_reg,5.636363636363637
VID12_s15_19900_crop,depth,6,f1@0.5,0.314170637397182
VID12_s15_19900_crop,depth,6,f1@0.75,0.148712525714814
VID12_s15_19900_crop,depth,6,miou,0.3781167528728347
VID12_s15_19900_crop,depth,6,n_gt,14.727272727272728
VID12_s15_19900_crop,depth,6,n_pred,5.818181818181818
VID12_s15_19900_crop,depth,6,n_reg,5.818181818181818
VID12_s15_19900_crop,depth,8,f1@0.5,0.3492715649466221
VID12_s15_19900_crop,depth,8,f1@0.75,0.1770409224642634
VID12_s15_19900_crop,depth,8,miou,0.4331897284796243
VID12_s15_19900_crop,depth,8,n_gt,14.727272727272728
VID12_s15_19900_crop,depth,8,n_pred,5.818181818181818
VID12_s15_19900_crop,depth,8,n_reg,5.818181818181818
VID12_s15_19900_crop,depth,12,f1@0.5,0.4400055953415637
VID12_s15_19900_crop,depth,12,f1@0.75,0.2505359682039523
VID12_s15_19900_crop,depth,12,miou,0.592639917800846
VID12_s15_19900_crop,depth,12,n_gt,14.727272727272728
VID12_s15_19900_crop,depth,12,n_pred,8.636363636363637
VID12_s15_19900_crop,depth,12,n_reg,8.818181818181818
VID12_s15_19900_crop,depth,16,f1@0.5,0.4334928356667487
VID12_s15_19900_crop,depth,16,f1@0.75,0.2176073816390022
VID12_s15_19900_crop,depth,16,miou,0.5268132192835169
VID12_s15_19900_crop,depth,16,n_gt,14.727272727272728
VID12_s15_19900_crop,depth,16,n_pred,8.636363636363637
VID12_s15_19900_crop,depth,16,n_reg,8.818181818181818
VID12_s15_19900_crop,depth,24,f1@0.5,0.4545917367656498
VID12_s15_19900_crop,depth,24,f1@0.75,0.2355691168734646
VID12_s15_19900_crop,depth,24,miou,0.564398554741041
VID12_s15_19900_crop,depth,24,n_gt,14.727272727272728
VID12_s15_19900_crop,depth,24,n_pred,8.272727272727273
VID12_s15_19900_crop,depth,24,n_reg,8.454545454545455
VID12_s15_19900_crop,depth,32,f1@0.5,0.406976356976357
VID12_s15_19900_crop,depth,32,f1@0.75,0.2453905353905353
VID12_s15_19900_crop,depth,32,miou,0.5865016797337567
VID12_s15_19900_crop,depth,32,n_gt,14.727272727272728
VID12_s15_19900_crop,depth,32,n_pred,8.818181818181818
VID12_s15_19900_crop,depth,32,n_reg,9.363636363636363
VID12_s15_19900_crop,depth,48,f1@0.5,0.4231847613665795
VID12_s15_19900_crop,depth,48,f1@0.75,0.2345923436832527
VID12_s15_19900_crop,depth,48,miou,0.5722019757372746
VID12_s15_19900_crop,depth,48,n_gt,14.727272727272728
VID12_s15_19900_crop,depth,48,n_pred,9.090909090909092
VID12_s15_19900_crop,depth,48,n_reg,10.181818181818182
VID12_s15_19900_crop,normal,4,f1@0.5,0.3953395934902071
VID12_s15_19900_crop,normal,4,f1@0.75,0.2203318316798658
VID12_s15_19900_crop,normal,4,miou,0.4982701908793457
VID12_s15_19900_crop,normal,4,n_gt,14.727272727272728
VID12_s15_19900_crop,normal,4,n_pred,7.545454545454546
VID12_s15_19900_crop,normal,4,n_reg,7.545454545454546
VID12_s15_19900_crop,normal,6,f1@0.5,0.4084623442726209
VID12_s15_19900_crop,normal,6,f1@0.75,0.2489614616096829
VID12_s15_19900_crop,normal,6,miou,0.5185926413858724
VID12_s15_19900_crop,normal,6,n_gt,14.727272727272728
VID12_s15_19900_crop,normal,6,n_pred,9.0
VID12_s15_19900_crop,normal,6,n_reg,9.545454545454543
VID12_s15_19900_crop,normal,8,f1@0.5,0.3841173679659221
VID12_s15_19900_crop,normal,8,f1@0.75,0.2451376478732418
VID12_s15_19900_crop,normal,8,miou,0.4837199670012884
VID12_s15_19900_crop,normal,8,n_gt,14.727272727272728
VID12_s15_19900_crop,normal,8,n_pred,7.636363636363637
VID12_s15_19900_crop,normal,8,n_reg,7.727272727272727
VID12_s15_19900_crop,normal,12,f1@0.5,0.4897704315886134
VID12_s15_19900_crop,normal,12,f1@0.75,0.3086195286195286
VID12_s15_19900_crop,normal,12,miou,0.6257796110083707
VID12_s15_19900_crop,normal,12,n_gt,14.727272727272728
VID12_s15_19900_crop,normal,12,n_pred,9.090909090909092
VID12_s15_19900_crop,normal,12,n_reg,9.636363636363637
VID12_s15_19900_crop,normal,16,f1@0.5,0.4694746061312778
VID12_s15_19900_crop,normal,16,f1@0.75,0.3255890369833398
VID12_s15_19900_crop,normal,16,miou,0.6686325425855683
VID12_s15_19900_crop,normal,16,n_gt,14.727272727272728
VID12_s15_19900_crop,normal,16,n_pred,11.636363636363637
VID12_s15_19900_crop,normal,16,n_reg,12.727272727272728
VID12_s15_19900_crop,normal,24,f1@0.5,0.4044976762368067
VID12_s15_19900_crop,normal,24,f1@0.75,0.2500057913101391
VID12_s15_19900_crop,normal,24,miou,0.4944380118258605
VID12_s15_19900_crop,normal,24,n_gt,14.727272727272728
VID12_s15_19900_crop,normal,24,n_pred,8.181818181818182
VID12_s15_19900_crop,normal,24,n_reg,8.363636363636363
VID12_s15_19900_crop,normal,32,f1@0.5,0.356361673752978
VID12_s15_19900_crop,normal,32,f1@0.75,0.2264092911918999
VID12_s15_19900_crop,normal,32,miou,0.5303402988552964
VID12_s15_19900_crop,normal,32,n_gt,14.727272727272728
VID12_s15_19900_crop,normal,32,n_pred,10.363636363636363
VID12_s15_19900_crop,normal,32,n_reg,10.909090909090908
VID12_s15_19900_crop,normal,48,f1@0.5,0.398501808642193
VID12_s15_19900_crop,normal,48,f1@0.75,0.2782550887443895
VID12_s15_19900_crop,normal,48,miou,0.5417072503613437
VID12_s15_19900_crop,normal,48,n_gt,14.727272727272728
VID12_s15_19900_crop,normal,48,n_pred,10.818181818181818
VID12_s15_19900_crop,normal,48,n_reg,12.636363636363637
VID12_s15_19900_crop,rgb,4,f1@0.5,0.4451035832854014
VID12_s15_19900_crop,rgb,4,f1@0.75,0.3209951328133146
VID12_s15_19900_crop,rgb,4,miou,0.5669743055092842
VID12_s15_19900_crop,rgb,4,n_gt,14.727272727272728
VID12_s15_19900_crop,rgb,4,n_pred,8.909090909090908
VID12_s15_19900_crop,rgb,4,n_reg,8.909090909090908
VID12_s15_19900_crop,rgb,6,f1@0.5,0.4448898438785449
VID12_s15_19900_crop,rgb,6,f1@0.75,0.2521595133506467
VID12_s15_19900_crop,rgb,6,miou,0.6476973385875043
VID12_s15_19900_crop,rgb,6,n_gt,14.727272727272728
VID12_s15_19900_crop,rgb,6,n_pred,15.454545454545457
VID12_s15_19900_crop,rgb,6,n_reg,16.454545454545453
VID12_s15_19900_crop,rgb,8,f1@0.5,0.4274877126783284
VID12_s15_19900_crop,rgb,8,f1@0.75,0.2026309291338617
VID12_s15_19900_crop,rgb,8,miou,0.6454846295451152
VID12_s15_19900_crop,rgb,8,n_gt,14.727272727272728
VID12_s15_19900_crop,rgb,8,n_pred,14.636363636363637
VID12_s15_19900_crop,rgb,8,n_reg,15.090909090909092
VID12_s15_19900_crop,rgb,12,f1@0.5,0.4853029924392638
VID12_s15_19900_crop,rgb,12,f1@0.75,0.2445757349869465
VID12_s15_19900_crop,rgb,12,miou,0.7905348686687681
VID12_s15_19900_crop,rgb,12,n_gt,14.727272727272728
VID12_s15_19900_crop,rgb,12,n_pred,17.272727272727273
VID12_s15_19900_crop,rgb,12,n_reg,20.272727272727277
VID12_s15_19900_crop,rgb,16,f1@0.5,0.4280753515223704
VID12_s15_19900_crop,rgb,16,f1@0.75,0.1950875417181719
VID12_s15_19900_crop,rgb,16,miou,0.7837140452574062
VID12_s15_19900_crop,rgb,16,n_gt,14.727272727272728
VID12_s15_19900_crop,rgb,16,n_pred,19.0
VID12_s15_19900_crop,rgb,16,n_reg,21.363636363636363
VID12_s15_19900_crop,rgb,24,f1@0.5,0.4254626507652119
VID12_s15_19900_crop,rgb,24,f1@0.75,0.2045500189322311
VID12_s15_19900_crop,rgb,24,miou,0.7747551197391551
VID12_s15_19900_crop,rgb,24,n_gt,14.727272727272728
VID12_s15_19900_crop,rgb,24,n_pred,20.818181818181817
VID12_s15_19900_crop,rgb,24,n_reg,23.0
VID12_s15_19900_crop,rgb,32,f1@0.5,0.3975458154376723
VID12_s15_19900_crop,rgb,32,f1@0.75,0.1765242413525227
VID12_s15_19900_crop,rgb,32,miou,0.783604640285802
VID12_s15_19900_crop,rgb,32,n_gt,14.727272727272728
VID12_s15_19900_crop,rgb,32,n_pred,23.454545454545453
VID12_s15_19900_crop,rgb,32,n_reg,26.272727272727277
VID12_s15_19900_crop,rgb,48,f1@0.5,0.3954118635257213
VID12_s15_19900_crop,rgb,48,f1@0.75,0.2026887950991937
VID12_s15_19900_crop,rgb,48,miou,0.7819498031929513
VID12_s15_19900_crop,rgb,48,n_gt,14.727272727272728
VID12_s15_19900_crop,rgb,48,n_pred,23.0
VID12_s15_19900_crop,rgb,48,n_reg,26.90909090909091
VID17_s15_1563_crop,depth,4,f1@0.5,0.6564266057300113
VID17_s15_1563_crop,depth,4,f1@0.75,0.3793497223450784
VID17_s15_1563_crop,depth,4,miou,0.4906851849120801
VID17_s15_1563_crop,depth,4,n_gt,9.25
VID17_s15_1563_crop,depth,4,n_pred,6.1
VID17_s15_1563_crop,depth,4,n_reg,6.15
VID17_s15_1563_crop,depth,6,f1@0.5,0.5575857256778309
VID17_s15_1563_crop,depth,6,f1@0.75,0.3023638642059695
VID17_s15_1563_crop,depth,6,miou,0.515481545571433
VID17_s15_1563_crop,depth,6,n_gt,9.25
VID17_s15_1563_crop,depth,6,n_pred,8.75
VID17_s15_1563_crop,depth,6,n_reg,8.8
VID17_s15_1563_crop,depth,8,f1@0.5,0.6326139490884073
VID17_s15_1563_crop,depth,8,f1@0.75,0.365141468868249
VID17_s15_1563_crop,depth,8,miou,0.5023061110515648
VID17_s15_1563_crop,depth,8,n_gt,9.25
VID17_s15_1563_crop,depth,8,n_pred,6.9
VID17_s15_1563_crop,depth,8,n_reg,7.1
VID17_s15_1563_crop,depth,12,f1@0.5,0.6215028379772962
VID17_s15_1563_crop,depth,12,f1@0.75,0.365141468868249
VID17_s15_1563_crop,depth,12,miou,0.501414677289624
VID17_s15_1563_crop,depth,12,n_gt,9.25
VID17_s15_1563_crop,depth,12,n_pred,6.9
VID17_s15_1563_crop,depth,12,n_reg,7.1
VID17_s15_1563_crop,depth,16,f1@0.5,0.5948961251167133
VID17_s15_1563_crop,depth,16,f1@0.75,0.3225525210084033
VID17_s15_1563_crop,depth,16,miou,0.5366680193252555
VID17_s15_1563_crop,depth,16,n_gt,9.25
VID17_s15_1563_crop,depth,16,n_pred,6.95
VID17_s15_1563_crop,depth,16,n_reg,7.4
VID17_s15_1563_crop,depth,24,f1@0.5,0.5923838506694544
VID17_s15_1563_crop,depth,24,f1@0.75,0.2992145861534406
VID17_s15_1563_crop,depth,24,miou,0.5367592752840818
VID17_s15_1563_crop,depth,24,n_gt,9.25
VID17_s15_1563_crop,depth,24,n_pred,7.25
VID17_s15_1563_crop,depth,24,n_reg,7.8
VID17_s15_1563_crop,depth,32,f1@0.5,0.6034041599095779
VID17_s15_1563_crop,depth,32,f1@0.75,0.3499256105951152
VID17_s15_1563_crop,depth,32,miou,0.5361907402774625
VID17_s15_1563_crop,depth,32,n_gt,9.25
VID17_s15_1563_crop,depth,32,n_pred,6.7
VID17_s15_1563_crop,depth,32,n_reg,7.1
VID17_s15_1563_crop,depth,48,f1@0.5,0.6214151186790506
VID17_s15_1563_crop,depth,48,f1@0.75,0.3367287704555506
VID17_s15_1563_crop,depth,48,miou,0.5027678800044174
VID17_s15_1563_crop,depth,48,n_gt,9.25
VID17_s15_1563_crop,depth,48,n_pred,7.2
VID17_s15_1563_crop,depth,48,n_reg,7.45
VID17_s15_1563_crop,normal,4,f1@0.5,0.6758352376038135
VID17_s15_1563_crop,normal,4,f1@0.75,0.483250159713008
VID17_s15_1563_crop,normal,4,miou,0.62877836796548
VID17_s15_1563_crop,normal,4,n_gt,9.25
VID17_s15_1563_crop,normal,4,n_pred,6.7
VID17_s15_1563_crop,normal,4,n_reg,7.15
VID17_s15_1563_crop,normal,6,f1@0.5,0.6773939751339132
VID17_s15_1563_crop,normal,6,f1@0.75,0.48828111946533
VID17_s15_1563_crop,normal,6,miou,0.6250180747695696
VID17_s15_1563_crop,normal,6,n_gt,9.25
VID17_s15_1563_crop,normal,6,n_pred,6.55
VID17_s15_1563_crop,normal,6,n_reg,6.75
VID17_s15_1563_crop,normal,8,f1@0.5,0.7370063639490885
VID17_s15_1563_crop,normal,8,f1@0.75,0.5288256793945648
VID17_s15_1563_crop,normal,8,miou,0.6712488588184022
VID17_s15_1563_crop,normal,8,n_gt,9.25
VID17_s15_1563_crop,normal,8,n_pred,7.5
VID17_s15_1563_crop,normal,8,n_reg,8.05
VID17_s15_1563_crop,normal,12,f1@0.5,0.7168667379232395
VID17_s15_1563_crop,normal,12,f1@0.75,0.5273600054056711
VID17_s15_1563_crop,normal,12,miou,0.6687341569799099
VID17_s15_1563_crop,normal,12,n_gt,9.25
VID17_s15_1563_crop,normal,12,n_pred,7.75
VID17_s15_1563_crop,normal,12,n_reg,7.8
VID17_s15_1563_crop,normal,16,f1@0.5,0.7882221033479615
VID17_s15_1563_crop,normal,16,f1@0.75,0.5464019237817864
VID17_s15_1563_crop,normal,16,miou,0.8084446291979516
VID17_s15_1563_crop,normal,16,n_gt,9.25
VID17_s15_1563_crop,normal,16,n_pred,9.35
VID17_s15_1563_crop,normal,16,n_reg,10.35
VID17_s15_1563_crop,normal,24,f1@0.5,0.7442793257653939
VID17_s15_1563_crop,normal,24,f1@0.75,0.5351672686618507
VID17_s15_1563_crop,normal,24,miou,0.6731712491194961
VID17_s15_1563_crop,normal,24,n_gt,9.25
VID17_s15_1563_crop,normal,24,n_pred,7.5
VID17_s15_1563_crop,normal,24,n_reg,7.85
VID17_s15_1563_crop,normal,32,f1@0.5,0.7457513761346714
VID17_s15_1563_crop,normal,32,f1@0.75,0.5248778319316076
VID17_s15_1563_crop,normal,32,miou,0.8083486111686762
VID17_s15_1563_crop,normal,32,n_gt,9.25
VID17_s15_1563_crop,normal,32,n_pred,10.2
VID17_s15_1563_crop,normal,32,n_reg,10.9
VID17_s15_1563_crop,normal,48,f1@0.5,0.7659201926384589
VID17_s15_1563_crop,normal,48,f1@0.75,0.5547153422772617
VID17_s15_1563_crop,normal,48,miou,0.6705218766104882
VID17_s15_1563_crop,normal,48,n_gt,9.25
VID17_s15_1563_crop,normal,48,n_pred,7.15
VID17_s15_1563_crop,normal,48,n_reg,7.25
VID17_s15_1563_crop,rgb,4,f1@0.5,0.709090424968908
VID17_s15_1563_crop,rgb,4,f1@0.75,0.5966105355772539
VID17_s15_1563_crop,rgb,4,miou,0.7505200927342741
VID17_s15_1563_crop,rgb,4,n_gt,9.25
VID17_s15_1563_crop,rgb,4,n_pred,6.15
VID17_s15_1563_crop,rgb,4,n_reg,6.5
VID17_s15_1563_crop,rgb,6,f1@0.5,0.7777456508919357
VID17_s15_1563_crop,rgb,6,f1@0.75,0.6682711066882894
VID17_s15_1563_crop,rgb,6,miou,0.84542783556116
VID17_s15_1563_crop,rgb,6,n_gt,9.25
VID17_s15_1563_crop,rgb,6,n_pred,8.1
VID17_s15_1563_crop,rgb,6,n_reg,8.15
VID17_s15_1563_crop,rgb,8,f1@0.5,0.8312073856655899
VID17_s15_1563_crop,rgb,8,f1@0.75,0.6957960632418836
VID17_s15_1563_crop,rgb,8,miou,0.8558762693031922
VID17_s15_1563_crop,rgb,8,n_gt,9.25
VID17_s15_1563_crop,rgb,8,n_pred,8.95
VID17_s15_1563_crop,rgb,8,n_reg,9.15
VID17_s15_1563_crop,rgb,12,f1@0.5,0.8173184967767011
VID17_s15_1563_crop,rgb,12,f1@0.75,0.6757563807022011
VID17_s15_1563_crop,rgb,12,miou,0.8308714713549497
VID17_s15_1563_crop,rgb,12,n_gt,9.25
VID17_s15_1563_crop,rgb,12,n_pred,8.85
VID17_s15_1563_crop,rgb,12,n_reg,9.05
VID17_s15_1563_crop,rgb,16,f1@0.5,0.8068818319922103
VID17_s15_1563_crop,rgb,16,f1@0.75,0.6700599756579699
VID17_s15_1563_crop,rgb,16,miou,0.8321551591295471
VID17_s15_1563_crop,rgb,16,n_gt,9.25
VID17_s15_1563_crop,rgb,16,n_pred,9.0
VID17_s15_1563_crop,rgb,16,n_reg,9.35
VID17_s15_1563_crop,rgb,24,f1@0.5,0.799450060864787
VID17_s15_1563_crop,rgb,24,f1@0.75,0.6578258329890447
VID17_s15_1563_crop,rgb,24,miou,0.8302754466350126
VID17_s15_1563_crop,rgb,24,n_gt,9.25
VID17_s15_1563_crop,rgb,24,n_pred,9.2
VID17_s15_1563_crop,rgb,24,n_reg,10.2
VID17_s15_1563_crop,rgb,32,f1@0.5,0.8010414404996448
VID17_s15_1563_crop,rgb,32,f1@0.75,0.6610846635304839
VID17_s15_1563_crop,rgb,32,miou,0.8291934661712809
VID17_s15_1563_crop,rgb,32,n_gt,9.25
VID17_s15_1563_crop,rgb,32,n_pred,9.15
VID17_s15_1563_crop,rgb,32,n_reg,9.9
VID17_s15_1563_crop,rgb,48,f1@0.5,0.7952158847381959
VID17_s15_1563_crop,rgb,48,f1@0.75,0.6336221482560156
VID17_s15_1563_crop,rgb,48,miou,0.8229443757154323
VID17_s15_1563_crop,rgb,48,n_gt,9.25
VID17_s15_1563_crop,rgb,48,n_pred,9.0
VID17_s15_1563_crop,rgb,48,n_reg,10.6
VID18_s15_979_crop,depth,4,f1@0.5,0.7141711229946525
VID18_s15_979_crop,depth,4,f1@0.75,0.4871212121212121
VID18_s15_979_crop,depth,4,miou,0.588048323532249
VID18_s15_979_crop,depth,4,n_gt,10.454545454545457
VID18_s15_979_crop,depth,4,n_pred,6.0
VID18_s15_979_crop,depth,4,n_reg,6.0
VID18_s15_979_crop,depth,6,f1@0.5,0.7141711229946525
VID18_s15_979_crop,depth,6,f1@0.75,0.4871212121212121
VID18_s15_979_crop,depth,6,miou,0.5882582290950037
VID18_s15_979_crop,depth,6,n_gt,10.454545454545457
VID18_s15_979_crop,depth,6,n_pred,6.0
VID18_s15_979_crop,depth,6,n_reg,6.0
VID18_s15_979_crop,depth,8,f1@0.5,0.7141711229946525
VID18_s15_979_crop,depth,8,f1@0.75,0.4871212121212121
VID18_s15_979_crop,depth,8,miou,0.5878965120098552
VID18_s15_979_crop,depth,8,n_gt,10.454545454545457
VID18_s15_979_crop,depth,8,n_pred,6.0
VID18_s15_979_crop,depth,8,n_reg,6.0
VID18_s15_979_crop,depth,12,f1@0.5,0.7141711229946525
VID18_s15_979_crop,depth,12,f1@0.75,0.4962121212121211
VID18_s15_979_crop,depth,12,miou,0.5875470149377612
VID18_s15_979_crop,depth,12,n_gt,10.454545454545457
VID18_s15_979_crop,depth,12,n_pred,6.0
VID18_s15_979_crop,depth,12,n_reg,6.0
VID18_s15_979_crop,depth,16,f1@0.5,0.6853832442067737
VID18_s15_979_crop,depth,16,f1@0.75,0.4892305407011289
VID18_s15_979_crop,depth,16,miou,0.5886139499610443
VID18_s15_979_crop,depth,16,n_gt,10.454545454545457
VID18_s15_979_crop,depth,16,n_pred,6.636363636363637
VID18_s15_979_crop,depth,16,n_reg,7.0
VID18_s15_979_crop,depth,24,f1@0.5,0.6889483065953654
VID18_s15_979_crop,depth,24,f1@0.75,0.4718211527035056
VID18_s15_979_crop,depth,24,miou,0.5884282744042502
VID18_s15_979_crop,depth,24,n_gt,10.454545454545457
VID18_s15_979_crop,depth,24,n_pred,6.545454545454546
VID18_s15_979_crop,depth,24,n_reg,7.0
VID18_s15_979_crop,depth,32,f1@0.5,0.5890573135155178
VID18_s15_979_crop,depth,32,f1@0.75,0.341160387600016
VID18_s15_979_crop,depth,32,miou,0.527706726082659
VID18_s15_979_crop,depth,32,n_gt,10.454545454545457
VID18_s15_979_crop,depth,32,n_pred,7.545454545454546
VID18_s15_979_crop,depth,32,n_reg,8.0
VID18_s15_979_crop,depth,48,f1@0.5,0.6161705511550712
VID18_s15_979_crop,depth,48,f1@0.75,0.3410084927112791
VID18_s15_979_crop,depth,48,miou,0.5358937332872897
VID18_s15_979_crop,depth,48,n_gt,10.454545454545457
VID18_s15_979_crop,depth,48,n_pred,7.636363636363637
VID18_s15_979_crop,depth,48,n_reg,8.0
VID18_s15_979_crop,normal,4,f1@0.5,0.6414856213617823
VID18_s15_979_crop,normal,4,f1@0.75,0.411035387041579
VID18_s15_979_crop,normal,4,miou,0.645316656784615
VID18_s15_979_crop,normal,4,n_gt,10.454545454545457
VID18_s15_979_crop,normal,4,n_pred,7.272727272727272
VID18_s15_979_crop,normal,4,n_reg,7.818181818181818
VID18_s15_979_crop,normal,6,f1@0.5,0.6489063568010937
VID18_s15_979_crop,normal,6,f1@0.75,0.4420938710412395
VID18_s15_979_crop,normal,6,miou,0.6671472398830433
VID18_s15_979_crop,normal,6,n_gt,10.454545454545457
VID18_s15_979_crop,normal,6,n_pred,10.090909090909092
VID18_s15_979_crop,normal,6,n_reg,11.0
VID18_s15_979_crop,normal,8,f1@0.5,0.7129375721012917
VID18_s15_979_crop,normal,8,f1@0.75,0.470794935596267
VID18_s15_979_crop,normal,8,miou,0.658928525855724
VID18_s15_979_crop,normal,8,n_gt,10.454545454545457
VID18_s15_979_crop,normal,8,n_pred,10.090909090909092
VID18_s15_979_crop,normal,8,n_reg,10.272727272727272
VID18_s15_979_crop,normal,12,f1@0.5,0.7584595246650583
VID18_s15_979_crop,normal,12,f1@0.75,0.5110671936758893
VID18_s15_979_crop,normal,12,miou,0.7662007894989068
VID18_s15_979_crop,normal,12,n_gt,10.454545454545457
VID18_s15_979_crop,normal,12,n_pred,11.0
VID18_s15_979_crop,normal,12,n_reg,11.272727272727272
VID18_s15_979_crop,normal,16,f1@0.5,0.7238211590780761
VID18_s15_979_crop,normal,16,f1@0.75,0.4883246924353643
VID18_s15_979_crop,normal,16,miou,0.7696948854369687
VID18_s15_979_crop,normal,16,n_gt,10.454545454545457
VID18_s15_979_crop,normal,16,n_pred,12.0
VID18_s15_979_crop,normal,16,n_reg,13.0
VID18_s15_979_crop,normal,24,f1@0.5,0.7082515639827892
VID18_s15_979_crop,normal,24,f1@0.75,0.4673659673659674
VID18_s15_979_crop,normal,24,miou,0.7982741003916232
VID18_s15_979_crop,normal,24,n_gt,10.454545454545457
VID18_s15_979_crop,normal,24,n_pred,13.0
VID18_s15_979_crop,normal,24,n_reg,14.272727272727272
VID18_s15_979_crop,normal,32,f1@0.5,0.7369963896446111
VID18_s15_979_crop,normal,32,f1@0.75,0.4863484078503841
VID18_s15_979_crop,normal,32,miou,0.7700958663111344
VID18_s15_979_crop,normal,32,n_gt,10.454545454545457
VID18_s15_979_crop,normal,32,n_pred,12.090909090909092
VID18_s15_979_crop,normal,32,n_reg,13.181818181818182
VID18_s15_979_crop,normal,48,f1@0.5,0.7412783395787348
VID18_s15_979_crop,normal,48,f1@0.75,0.4847015040295673
VID18_s15_979_crop,normal,48,miou,0.7823798425006353
VID18_s15_979_crop,normal,48,n_gt,10.454545454545457
VID18_s15_979_crop,normal,48,n_pred,12.181818181818182
VID18_s15_979_crop,normal,48,n_reg,13.909090909090908
VID18_s15_979_crop,rgb,4,f1@0.5,0.7644962207891269
VID18_s15_979_crop,rgb,4,f1@0.75,0.5185424034394286
VID18_s15_979_crop,rgb,4,miou,0.663503752827366
VID18_s15_979_crop,rgb,4,n_gt,10.454545454545457
VID18_s15_979_crop,rgb,4,n_pred,9.0
VID18_s15_979_crop,rgb,4,n_reg,9.0
VID18_s15_979_crop,rgb,6,f1@0.5,0.642966453836019
VID18_s15_979_crop,rgb,6,f1@0.75,0.3865491030708421
VID18_s15_979_crop,rgb,6,miou,0.7867157026507414
VID18_s15_979_crop,rgb,6,n_gt,10.454545454545457
VID18_s15_979_crop,rgb,6,n_pred,13.636363636363637
VID18_s15_979_crop,rgb,6,n_reg,14.0
VID18_s15_979_crop,rgb,8,f1@0.5,0.604663018141279
VID18_s15_979_crop,rgb,8,f1@0.75,0.3572449289840594
VID18_s15_979_crop,rgb,8,miou,0.7810291522212437
VID18_s15_979_crop,rgb,8,n_gt,10.454545454545457
VID18_s15_979_crop,rgb,8,n_pred,14.636363636363637
VID18_s15_979_crop,rgb,8,n_reg,15.0
VID18_s15_979_crop,rgb,12,f1@0.5,0.7224865253323751
VID18_s15_979_crop,rgb,12,f1@0.75,0.4897448796263026
VID18_s15_979_crop,rgb,12,miou,0.7887917755823545
VID18_s15_979_crop,rgb,12,n_gt,10.454545454545457
VID18_s15_979_crop,rgb,12,n_pred,12.272727272727272
VID18_s15_979_crop,rgb,12,n_reg,13.0
VID18_s15_979_crop,rgb,16,f1@0.5,0.6191145763559557
VID18_s15_979_crop,rgb,16,f1@0.75,0.4150524698800561
VID18_s15_979_crop,rgb,16,miou,0.7934759780628564
VID18_s15_979_crop,rgb,16,n_gt,10.454545454545457
VID18_s15_979_crop,rgb,16,n_pred,15.545454545454543
VID18_s15_979_crop,rgb,16,n_reg,16.0
VID18_s15_979_crop,rgb,24,f1@0.5,0.6131697166179925
VID18_s15_979_crop,rgb,24,f1@0.75,0.4133845082120944
VID18_s15_979_crop,rgb,24,miou,0.7943003319862949
VID18_s15_979_crop,rgb,24,n_gt,10.454545454545457
VID18_s15_979_crop,rgb,24,n_pred,16.0
VID18_s15_979_crop,rgb,24,n_reg,17.0
VID18_s15_979_crop,rgb,32,f1@0.5,0.5613677510229235
VID18_s15_979_crop,rgb,32,f1@0.75,0.3238536686812548
VID18_s15_979_crop,rgb,32,miou,0.7934036592574505
VID18_s15_979_crop,rgb,32,n_gt,10.454545454545457
VID18_s15_979_crop,rgb,32,n_pred,17.09090909090909
VID18_s15_979_crop,rgb,32,n_reg,18.0
VID18_s15_979_crop,rgb,48,f1@0.5,0.6871460423634337
VID18_s15_979_crop,rgb,48,f1@0.75,0.4661801966149792
VID18_s15_979_crop,rgb,48,miou,0.793471602135688
VID18_s15_979_crop,rgb,48,n_gt,10.454545454545457
VID18_s15_979_crop,rgb,48,n_pred,13.454545454545457
VID18_s15_979_crop,rgb,48,n_reg,14.0
VID20_s15_3260_crop,depth,4,f1@0.5,0.6468664977952904
VID20_s15_3260_crop,depth,4,f1@0.75,0.5076891203052193
VID20_s15_3260_crop,depth,4,miou,0.5487455818304153
VID20_s15_3260_crop,depth,4,n_gt,12.363636363636363
VID20_s15_3260_crop,depth,4,n_pred,6.0
VID20_s15_3260_crop,depth,4,n_reg,6.0
VID20_s15_3260_crop,depth,6,f1@0.5,0.6687845249868769
VID20_s15_3260_crop,depth,6,f1@0.75,0.5443130717877105
VID20_s15_3260_crop,depth,6,miou,0.6617073539600272
VID20_s15_3260_crop,depth,6,n_gt,12.363636363636363
VID20_s15_3260_crop,depth,6,n_pred,8.090909090909092
VID20_s15_3260_crop,depth,6,n_reg,8.454545454545455
VID20_s15_3260_crop,depth,8,f1@0.5,0.6537469310019145
VID20_s15_3260_crop,depth,8,f1@0.75,0.5388448557931788
VID20_s15_3260_crop,depth,8,miou,0.6614847783294399
VID20_s15_3260_crop,depth,8,n_gt,12.363636363636363
VID20_s15_3260_crop,depth,8,n_pred,8.272727272727273
VID20_s15_3260_crop,depth,8,n_reg,8.454545454545455
VID20_s15_3260_crop,depth,12,f1@0.5,0.6601265163288683
VID20_s15_3260_crop,depth,12,f1@0.75,0.5443130717877105
VID20_s15_3260_crop,depth,12,miou,0.6604908246859694
VID20_s15_3260_crop,depth,12,n_gt,12.363636363636363
VID20_s15_3260_crop,depth,12,n_pred,8.090909090909092
VID20_s15_3260_crop,depth,12,n_reg,8.454545454545455
VID20_s15_3260_crop,depth,16,f1@0.5,0.6812889662171959
VID20_s15_3260_crop,depth,16,f1@0.75,0.5613467207964815
VID20_s15_3260_crop,depth,16,miou,0.6606054437911886
VID20_s15_3260_crop,depth,16,n_gt,12.363636363636363
VID20_s15_3260_crop,depth,16,n_pred,7.454545454545454
VID20_s15_3260_crop,depth,16,n_reg,7.454545454545454
VID20_s15_3260_crop,depth,24,f1@0.5,0.6812889662171959
VID20_s15_3260_crop,depth,24,f1@0.75,0.5613467207964815
VID20_s15_3260_crop,depth,24,miou,0.6597819286023108
VID20_s15_3260_crop,depth,24,n_gt,12.363636363636363
VID20_s15_3260_crop,depth,24,n_pred,7.454545454545454
VID20_s15_3260_crop,depth,24,n_reg,7.454545454545454
VID20_s15_3260_crop,depth,32,f1@0.5,0.6812889662171959
VID20_s15_3260_crop,depth,32,f1@0.75,0.5613467207964815
VID20_s15_3260_crop,depth,32,miou,0.6597831027194488
VID20_s15_3260_crop,depth,32,n_gt,12.363636363636363
VID20_s15_3260_crop,depth,32,n_pred,7.454545454545454
VID20_s15_3260_crop,depth,32,n_reg,7.454545454545454
VID20_s15_3260_crop,depth,48,f1@0.5,0.6812889662171959
VID20_s15_3260_crop,depth,48,f1@0.75,0.5613467207964815
VID20_s15_3260_crop,depth,48,miou,0.660060361001556
VID20_s15_3260_crop,depth,48,n_gt,12.363636363636363
VID20_s15_3260_crop,depth,48,n_pred,7.454545454545454
VID20_s15_3260_crop,depth,48,n_reg,7.454545454545454
VID20_s15_3260_crop,normal,4,f1@0.5,0.6126787557128114
VID20_s15_3260_crop,normal,4,f1@0.75,0.4603777715232823
VID20_s15_3260_crop,normal,4,miou,0.6747521262667405
VID20_s15_3260_crop,normal,4,n_gt,12.363636363636363
VID20_s15_3260_crop,normal,4,n_pred,7.0
VID20_s15_3260_crop,normal,4,n_reg,7.0
VID20_s15_3260_crop,normal,6,f1@0.5,0.7419440677532432
VID20_s15_3260_crop,normal,6,f1@0.75,0.5508712227822838
VID20_s15_3260_crop,normal,6,miou,0.6244046943728141
VID20_s15_3260_crop,normal,6,n_gt,12.363636363636363
VID20_s15_3260_crop,normal,6,n_pred,7.727272727272727
VID20_s15_3260_crop,normal,6,n_reg,7.727272727272727
VID20_s15_3260_crop,normal,8,f1@0.5,0.7419440677532432
VID20_s15_3260_crop,normal,8,f1@0.75,0.5508712227822838
VID20_s15_3260_crop,normal,8,miou,0.6253400128999469
VID20_s15_3260_crop,normal,8,n_gt,12.363636363636363
VID20_s15_3260_crop,normal,8,n_pred,7.727272727272727
VID20_s15_3260_crop,normal,8,n_reg,8.363636363636363
VID20_s15_3260_crop,normal,12,f1@0.5,0.7419440677532432
VID20_s15_3260_crop,normal,12,f1@0.75,0.5508712227822838
VID20_s15_3260_crop,normal,12,miou,0.6208630555443816
VID20_s15_3260_crop,normal,12,n_gt,12.363636363636363
VID20_s15_3260_crop,normal,12,n_pred,7.727272727272727
VID20_s15_3260_crop,normal,12,n_reg,7.727272727272727
VID20_s15_3260_crop,normal,16,f1@0.5,0.5976579863558412
VID20_s15_3260_crop,normal,16,f1@0.75,0.4450966195052637
VID20_s15_3260_crop,normal,16,miou,0.5893036410329904
VID20_s15_3260_crop,normal,16,n_gt,12.363636363636363
VID20_s15_3260_crop,normal,16,n_pred,8.0
VID20_s15_3260_crop,normal,16,n_reg,9.090909090909092
VID20_s15_3260_crop,normal,24,f1@0.5,0.6597461284064154
VID20_s15_3260_crop,normal,24,f1@0.75,0.4681602422033044
VID20_s15_3260_crop,normal,24,miou,0.5023021587274381
VID20_s15_3260_crop,normal,24,n_gt,12.363636363636363
VID20_s15_3260_crop,normal,24,n_pred,7.0
VID20_s15_3260_crop,normal,24,n_reg,8.181818181818182
VID20_s15_3260_crop,normal,32,f1@0.5,0.6034158073842847
VID20_s15_3260_crop,normal,32,f1@0.75,0.4438297981219456
VID20_s15_3260_crop,normal,32,miou,0.6913077286781522
VID20_s15_3260_crop,normal,32,n_gt,12.363636363636363
VID20_s15_3260_crop,normal,32,n_pred,7.727272727272727
VID20_s15_3260_crop,normal,32,n_reg,8.272727272727273
VID20_s15_3260_crop,normal,48,f1@0.5,0.6426897432826286
VID20_s15_3260_crop,normal,48,f1@0.75,0.5183825835999749
VID20_s15_3260_crop,normal,48,miou,0.7060934907290762
VID20_s15_3260_crop,normal,48,n_gt,12.363636363636363
VID20_s15_3260_crop,normal,48,n_pred,9.0
VID20_s15_3260_crop,normal,48,n_reg,9.181818181818182
VID20_s15_3260_crop,rgb,4,f1@0.5,0.5201065274594686
VID20_s15_3260_crop,rgb,4,f1@0.75,0.2252143281555046
VID20_s15_3260_crop,rgb,4,miou,0.4925359174765399
VID20_s15_3260_crop,rgb,4,n_gt,12.363636363636363
VID20_s15_3260_crop,rgb,4,n_pred,6.2727272727272725
VID20_s15_3260_crop,rgb,4,n_reg,7.0
VID20_s15_3260_crop,rgb,6,f1@0.5,0.6677754753394445
VID20_s15_3260_crop,rgb,6,f1@0.75,0.4124429381034332
VID20_s15_3260_crop,rgb,6,miou,0.7439700411981374
VID20_s15_3260_crop,rgb,6,n_gt,12.363636363636363
VID20_s15_3260_crop,rgb,6,n_pred,10.545454545454543
VID20_s15_3260_crop,rgb,6,n_reg,12.181818181818182
VID20_s15_3260_crop,rgb,8,f1@0.5,0.6122758079279819
VID20_s15_3260_crop,rgb,8,f1@0.75,0.3771679206461815
VID20_s15_3260_crop,rgb,8,miou,0.7441071927333135
VID20_s15_3260_crop,rgb,8,n_gt,12.363636363636363
VID20_s15_3260_crop,rgb,8,n_pred,12.272727272727272
VID20_s15_3260_crop,rgb,8,n_reg,13.0
VID20_s15_3260_crop,rgb,12,f1@0.5,0.5348984606662219
VID20_s15_3260_crop,rgb,12,f1@0.75,0.3194987782123247
VID20_s15_3260_crop,rgb,12,miou,0.7439865656451302
VID20_s15_3260_crop,rgb,12,n_gt,12.363636363636363
VID20_s15_3260_crop,rgb,12,n_pred,15.454545454545457
VID20_s15_3260_crop,rgb,12,n_reg,17.181818181818183
VID20_s15_3260_crop,rgb,16,f1@0.5,0.5657004460766216
VID20_s15_3260_crop,rgb,16,f1@0.75,0.3096458098965935
VID20_s15_3260_crop,rgb,16,miou,0.7396578336039497
VID20_s15_3260_crop,rgb,16,n_gt,12.363636363636363
VID20_s15_3260_crop,rgb,16,n_pred,14.0
VID20_s15_3260_crop,rgb,16,n_reg,15.363636363636363
VID20_s15_3260_crop,rgb,24,f1@0.5,0.5483452083732588
VID20_s15_3260_crop,rgb,24,f1@0.75,0.3228574884675866
VID20_s15_3260_crop,rgb,24,miou,0.7397108515302218
VID20_s15_3260_crop,rgb,24,n_gt,12.363636363636363
VID20_s15_3260_crop,rgb,24,n_pred,15.181818181818182
VID20_s15_3260_crop,rgb,24,n_reg,17.181818181818183
VID20_s15_3260_crop,rgb,32,f1@0.5,0.5942635464374595
VID20_s15_3260_crop,rgb,32,f1@0.75,0.4350548967940272
VID20_s15_3260_crop,rgb,32,miou,0.7417952635920482
VID20_s15_3260_crop,rgb,32,n_gt,12.363636363636363
VID20_s15_3260_crop,rgb,32,n_pred,12.727272727272728
VID20_s15_3260_crop,rgb,32,n_reg,13.454545454545457
VID20_s15_3260_crop,rgb,48,f1@0.5,0.5869359825581715
VID20_s15_3260_crop,rgb,48,f1@0.75,0.4147795233252504
VID20_s15_3260_crop,rgb,48,miou,0.7427308668255317
VID20_s15_3260_crop,rgb,48,n_gt,12.363636363636363
VID20_s15_3260_crop,rgb,48,n_pred,13.090909090909092
VID20_s15_3260_crop,rgb,48,n_reg,15.0
VID24_s15_0_crop,depth,4,f1@0.5,0.2532063492063492
VID24_s15_0_crop,depth,4,f1@0.75,0.1013333333333333
VID24_s15_0_crop,depth,4,miou,0.4040076100102491
VID24_s15_0_crop,depth,4,n_gt,3.52
VID24_s15_0_crop,depth,4,n_pred,4.28
VID24_s15_0_crop,depth,4,n_reg,5.32
VID24_s15_0_crop,depth,6,f1@0.5,0.3366031746031745
VID24_s15_0_crop,depth,6,f1@0.75,0.0841904761904761
VID24_s15_0_crop,depth,6,miou,0.5110248010980127
VID24_s15_0_crop,depth,6,n_gt,3.52
VID24_s15_0_crop,depth,6,n_pred,5.2
VID24_s15_0_crop,depth,6,n_reg,5.28
VID24_s15_0_crop,depth,8,f1@0.5,0.3224126984126984
VID24_s15_0_crop,depth,8,f1@0.75,0.0788571428571428
VID24_s15_0_crop,depth,8,miou,0.5074308408938444
VID24_s15_0_crop,depth,8,n_gt,3.52
VID24_s15_0_crop,depth,8,n_pred,5.16
VID24_s15_0_crop,depth,8,n_reg,5.2
VID24_s15_0_crop,depth,12,f1@0.5,0.4277142857142857
VID24_s15_0_crop,depth,12,f1@0.75,0.115047619047619
VID24_s15_0_crop,depth,12,miou,0.4712222245640974
VID24_s15_0_crop,depth,12,n_gt,3.52
VID24_s15_0_crop,depth,12,n_pred,3.72
VID24_s15_0_crop,depth,12,n_reg,3.72
VID24_s15_0_crop,depth,16,f1@0.5,0.4377142857142857
VID24_s15_0_crop,depth,16,f1@0.75,0.115047619047619
VID24_s15_0_crop,depth,16,miou,0.4694241915905361
VID24_s15_0_crop,depth,16,n_gt,3.52
VID24_s15_0_crop,depth,16,n_pred,3.72
VID24_s15_0_crop,depth,16,n_reg,3.72
VID24_s15_0_crop,depth,24,f1@0.5,0.433047619047619
VID24_s15_0_crop,depth,24,f1@0.75,0.1177142857142857
VID24_s15_0_crop,depth,24,miou,0.4630617206134287
VID24_s15_0_crop,depth,24,n_gt,3.52
VID24_s15_0_crop,depth,24,n_pred,3.68
VID24_s15_0_crop,depth,24,n_reg,3.68
VID24_s15_0_crop,depth,32,f1@0.5,0.443047619047619
VID24_s15_0_crop,depth,32,f1@0.75,0.1089523809523809
VID24_s15_0_crop,depth,32,miou,0.4633762410151483
VID24_s15_0_crop,depth,32,n_gt,3.52
VID24_s15_0_crop,depth,32,n_pred,3.68
VID24_s15_0_crop,depth,32,n_reg,3.76
VID24_s15_0_crop,depth,48,f1@0.5,0.4377142857142857
VID24_s15_0_crop,depth,48,f1@0.75,0.1036190476190476
VID24_s15_0_crop,depth,48,miou,0.4688861062386643
VID24_s15_0_crop,depth,48,n_gt,3.52
VID24_s15_0_crop,depth,48,n_pred,3.72
VID24_s15_0_crop,depth,48,n_reg,3.72
VID24_s15_0_crop,normal,4,f1@0.5,0.5569841269841269
VID24_s15_0_crop,normal,4,f1@0.75,0.3080952380952381
VID24_s15_0_crop,normal,4,miou,0.7039064340082121
VID24_s15_0_crop,normal,4,n_gt,3.52
VID24_s15_0_crop,normal,4,n_pred,4.64
VID24_s15_0_crop,normal,4,n_reg,4.68
VID24_s15_0_crop,normal,6,f1@0.5,0.5026031746031746
VID24_s15_0_crop,normal,6,f1@0.75,0.2848253968253968
VID24_s15_0_crop,normal,6,miou,0.7191326317491442
VID24_s15_0_crop,normal,6,n_gt,3.52
VID24_s15_0_crop,normal,6,n_pred,5.44
VID24_s15_0_crop,normal,6,n_reg,5.56
VID24_s15_0_crop,normal,8,f1@0.5,0.5026031746031746
VID24_s15_0_crop,normal,8,f1@0.75,0.2848253968253968
VID24_s15_0_crop,normal,8,miou,0.7193770264625853
VID24_s15_0_crop,normal,8,n_gt,3.52
VID24_s15_0_crop,normal,8,n_pred,5.44
VID24_s15_0_crop,normal,8,n_reg,5.56
VID24_s15_0_crop,normal,12,f1@0.5,0.4918268398268398
VID24_s15_0_crop,normal,12,f1@0.75,0.278008658008658
VID24_s15_0_crop,normal,12,miou,0.7198800365509433
VID24_s15_0_crop,normal,12,n_gt,3.52
VID24_s15_0_crop,normal,12,n_pred,5.68
VID24_s15_0_crop,normal,12,n_reg,5.8
VID24_s15_0_crop,normal,16,f1@0.5,0.4946839826839826
VID24_s15_0_crop,normal,16,f1@0.75,0.2808658008658009
VID24_s15_0_crop,normal,16,miou,0.7196181962343234
VID24_s15_0_crop,normal,16,n_gt,3.52
VID24_s15_0_crop,normal,16,n_pred,5.64
VID24_s15_0_crop,normal,16,n_reg,5.76
VID24_s15_0_crop,normal,24,f1@0.5,0.4889177489177489
VID24_s15_0_crop,normal,24,f1@0.75,0.2765541125541125
VID24_s15_0_crop,normal,24,miou,0.7203813524384134
VID24_s15_0_crop,normal,24,n_gt,3.52
VID24_s15_0_crop,normal,24,n_pred,5.76
VID24_s15_0_crop,normal,24,n_reg,5.88
VID24_s15_0_crop,normal,32,f1@0.5,0.4918268398268398
VID24_s15_0_crop,normal,32,f1@0.75,0.278008658008658
VID24_s15_0_crop,normal,32,miou,0.7196061361277828
VID24_s15_0_crop,normal,32,n_gt,3.52
VID24_s15_0_crop,normal,32,n_pred,5.68
VID24_s15_0_crop,normal,32,n_reg,5.8
VID24_s15_0_crop,normal,48,f1@0.5,0.4918268398268398
VID24_s15_0_crop,normal,48,f1@0.75,0.278008658008658
VID24_s15_0_crop,normal,48,miou,0.7196734935733013
VID24_s15_0_crop,normal,48,n_gt,3.52
VID24_s15_0_crop,normal,48,n_pred,5.68
VID24_s15_0_crop,normal,48,n_reg,5.8
VID24_s15_0_crop,rgb,4,f1@0.5,0.5256507936507936
VID24_s15_0_crop,rgb,4,f1@0.75,0.2997777777777777
VID24_s15_0_crop,rgb,4,miou,0.6920991805480011
VID24_s15_0_crop,rgb,4,n_gt,3.52
VID24_s15_0_crop,rgb,4,n_pred,5.24
VID24_s15_0_crop,rgb,4,n_reg,5.44
VID24_s15_0_crop,rgb,6,f1@0.5,0.4043290043290043
VID24_s15_0_crop,rgb,6,f1@0.75,0.2589754689754689
VID24_s15_0_crop,rgb,6,miou,0.7155081188411465
VID24_s15_0_crop,rgb,6,n_gt,3.52
VID24_s15_0_crop,rgb,6,n_pred,6.88
VID24_s15_0_crop,rgb,6,n_reg,7.2
VID24_s15_0_crop,rgb,8,f1@0.5,0.3499067990832696
VID24_s15_0_crop,rgb,8,f1@0.75,0.143082251082251
VID24_s15_0_crop,rgb,8,miou,0.7206615433112918
VID24_s15_0_crop,rgb,8,n_gt,3.52
VID24_s15_0_crop,rgb,8,n_pred,9.6
VID24_s15_0_crop,rgb,8,n_reg,10.32
VID24_s15_0_crop,rgb,12,f1@0.5,0.4341565101565101
VID24_s15_0_crop,rgb,12,f1@0.75,0.2574319014319014
VID24_s15_0_crop,rgb,12,miou,0.7071271640891963
VID24_s15_0_crop,rgb,12,n_gt,3.52
VID24_s15_0_crop,rgb,12,n_pred,7.28
VID24_s15_0_crop,rgb,12,n_reg,8.16
VID24_s15_0_crop,rgb,16,f1@0.5,0.4182173382173382
VID24_s15_0_crop,rgb,16,f1@0.75,0.2476288156288156
VID24_s15_0_crop,rgb,16,miou,0.705993011271999
VID24_s15_0_crop,rgb,16,n_gt,3.52
VID24_s15_0_crop,rgb,16,n_pred,7.88
VID24_s15_0_crop,rgb,16,n_reg,9.0
VID24_s15_0_crop,rgb,24,f1@0.5,0.3417797300738477
VID24_s15_0_crop,rgb,24,f1@0.75,0.1405266955266955
VID24_s15_0_crop,rgb,24,miou,0.7041419139504558
VID24_s15_0_crop,rgb,24,n_gt,3.52
VID24_s15_0_crop,rgb,24,n_pred,9.64
VID24_s15_0_crop,rgb,24,n_reg,10.96
VID24_s15_0_crop,rgb,32,f1@0.5,0.3214743230625583
VID24_s15_0_crop,rgb,32,f1@0.75,0.1346666666666666
VID24_s15_0_crop,rgb,32,miou,0.6926492125278157
VID24_s15_0_crop,rgb,32,n_gt,3.52
VID24_s15_0_crop,rgb,32,n_pred,9.8
VID24_s15_0_crop,rgb,32,n_reg,11.12
VID24_s15_0_crop,rgb,48,f1@0.5,0.3614743230625584
VID24_s15_0_crop,rgb,48,f1@0.75,0.1675546218487394
VID24_s15_0_crop,rgb,48,miou,0.7047052484851336
VID24_s15_0_crop,rgb,48,n_gt,3.52
VID24_s15_0_crop,rgb,48,n_pred,9.48
VID24_s15_0_crop,rgb,48,n_reg,10.96
VID24_s15_9596_crop,depth,4,f1@0.5,0.2900186672632493
VID24_s15_9596_crop,depth,4,f1@0.75,0.1083304079821107
VID24_s15_9596_crop,depth,4,miou,0.3491528064524202
VID24_s15_9596_crop,depth,4,n_gt,11.909090909090908
VID24_s15_9596_crop,depth,4,n_pred,3.863636363636364
VID24_s15_9596_crop,depth,4,n_reg,3.863636363636364
VID24_s15_9596_crop,depth,6,f1@0.5,0.3076347133024588
VID24_s15_9596_crop,depth,6,f1@0.75,0.1801366718936378
VID24_s15_9596_crop,depth,6,miou,0.4537912044931805
VID24_s15_9596_crop,depth,6,n_gt,11.909090909090908
VID24_s15_9596_crop,depth,6,n_pred,5.909090909090909
VID24_s15_9596_crop,depth,6,n_reg,6.5
VID24_s15_9596_crop,depth,8,f1@0.5,0.3831796936045947
VID24_s15_9596_crop,depth,8,f1@0.75,0.220266684347712
VID24_s15_9596_crop,depth,8,miou,0.4953775764758237
VID24_s15_9596_crop,depth,8,n_gt,11.909090909090908
VID24_s15_9596_crop,depth,8,n_pred,6.7727272727272725
VID24_s15_9596_crop,depth,8,n_reg,7.363636363636363
VID24_s15_9596_crop,depth,12,f1@0.5,0.3762460371494072
VID24_s15_9596_crop,depth,12,f1@0.75,0.221320714050067
VID24_s15_9596_crop,depth,12,miou,0.4883563374270542
VID24_s15_9596_crop,depth,12,n_gt,11.909090909090908
VID24_s15_9596_crop,depth,12,n_pred,6.636363636363637
VID24_s15_9596_crop,depth,12,n_reg,7.363636363636363
VID24_s15_9596_crop,depth,16,f1@0.5,0.3792110343831792
VID24_s15_9596_crop,depth,16,f1@0.75,0.2177200959939674
VID24_s15_9596_crop,depth,16,miou,0.4857459675760504
VID24_s15_9596_crop,depth,16,n_gt,11.909090909090908
VID24_s15_9596_crop,depth,16,n_pred,7.363636363636363
VID24_s15_9596_crop,depth,16,n_reg,8.045454545454545
VID24_s15_9596_crop,depth,24,f1@0.5,0.3795242312872851
VID24_s15_9596_crop,depth,24,f1@0.75,0.2186174390641833
VID24_s15_9596_crop,depth,24,miou,0.4919648618493216
VID24_s15_9596_crop,depth,24,n_gt,11.909090909090908
VID24_s15_9596_crop,depth,24,n_pred,6.863636363636363
VID24_s15_9596_crop,depth,24,n_reg,7.863636363636363
VID24_s15_9596_crop,depth,32,f1@0.5,0.3824933636042436
VID24_s15_9596_crop,depth,32,f1@0.75,0.2180198482492012
VID24_s15_9596_crop,depth,32,miou,0.492813010261257
VID24_s15_9596_crop,depth,32,n_gt,11.909090909090908
VID24_s15_9596_crop,depth,32,n_pred,6.954545454545454
VID24_s15_9596_crop,depth,32,n_reg,7.909090909090909
VID24_s15_9596_crop,depth,48,f1@0.5,0.3726469950778251
VID24_s15_9596_crop,depth,48,f1@0.75,0.2200870221127138
VID24_s15_9596_crop,depth,48,miou,0.4954466444901482
VID24_s15_9596_crop,depth,48,n_gt,11.909090909090908
VID24_s15_9596_crop,depth,48,n_pred,6.818181818181818
VID24_s15_9596_crop,depth,48,n_reg,7.681818181818182
VID24_s15_9596_crop,normal,4,f1@0.5,0.4872299007542953
VID24_s15_9596_crop,normal,4,f1@0.75,0.2752321169152016
VID24_s15_9596_crop,normal,4,miou,0.5118314033564709
VID24_s15_9596_crop,normal,4,n_gt,11.909090909090908
VID24_s15_9596_crop,normal,4,n_pred,7.863636363636363
VID24_s15_9596_crop,normal,4,n_reg,7.863636363636363
VID24_s15_9596_crop,normal,6,f1@0.5,0.5025535924350766
VID24_s15_9596_crop,normal,6,f1@0.75,0.2004771268846942
VID24_s15_9596_crop,normal,6,miou,0.6258500020631058
VID24_s15_9596_crop,normal,6,n_gt,11.909090909090908
VID24_s15_9596_crop,normal,6,n_pred,8.772727272727273
VID24_s15_9596_crop,normal,6,n_reg,8.863636363636363
VID24_s15_9596_crop,normal,8,f1@0.5,0.4030853026827035
VID24_s15_9596_crop,normal,8,f1@0.75,0.1665966205559201
VID24_s15_9596_crop,normal,8,miou,0.5220202039232912
VID24_s15_9596_crop,normal,8,n_gt,11.909090909090908
VID24_s15_9596_crop,normal,8,n_pred,7.818181818181818
VID24_s15_9596_crop,normal,8,n_reg,7.863636363636363
VID24_s15_9596_crop,normal,12,f1@0.5,0.3887365640256645
VID24_s15_9596_crop,normal,12,f1@0.75,0.1500276274058992
VID24_s15_9596_crop,normal,12,miou,0.5706602670373312
VID24_s15_9596_crop,normal,12,n_gt,11.909090909090908
VID24_s15_9596_crop,normal,12,n_pred,7.454545454545454
VID24_s15_9596_crop,normal,12,n_reg,7.818181818181818
VID24_s15_9596_crop,normal,16,f1@0.5,0.5444772433954876
VID24_s15_9596_crop,normal,16,f1@0.75,0.2208286895669879
VID24_s15_9596_crop,normal,16,miou,0.666471718023236
VID24_s15_9596_crop,normal,16,n_gt,11.909090909090908
VID24_s15_9596_crop,normal,16,n_pred,12.863636363636363
VID24_s15_9596_crop,normal,16,n_reg,13.090909090909092
VID24_s15_9596_crop,normal,24,f1@0.5,0.5436061804868325
VID24_s15_9596_crop,normal,24,f1@0.75,0.2078818195962312
VID24_s15_9596_crop,normal,24,miou,0.6281759099468227
VID24_s15_9596_crop,normal,24,n_gt,11.909090909090908
VID24_s15_9596_crop,normal,24,n_pred,9.681818181818182
VID24_s15_9596_crop,normal,24,n_reg,9.863636363636363
VID24_s15_9596_crop,normal,32,f1@0.5,0.5052923940816597
VID24_s15_9596_crop,normal,32,f1@0.75,0.1760405235150398
VID24_s15_9596_crop,normal,32,miou,0.6234003840641575
VID24_s15_9596_crop,normal,32,n_gt,11.909090909090908
VID24_s15_9596_crop,normal,32,n_pred,10.545454545454543
VID24_s15_9596_crop,normal,32,n_reg,10.863636363636363
VID24_s15_9596_crop,normal,48,f1@0.5,0.4393817539875984
VID24_s15_9596_crop,normal,48,f1@0.75,0.1671513207536042
VID24_s15_9596_crop,normal,48,miou,0.6377867394024954
VID24_s15_9596_crop,normal,48,n_gt,11.909090909090908
VID24_s15_9596_crop,normal,48,n_pred,8.818181818181818
VID24_s15_9596_crop,normal,48,n_reg,8.863636363636363
VID24_s15_9596_crop,rgb,4,f1@0.5,0.5668247644009095
VID24_s15_9596_crop,rgb,4,f1@0.75,0.4160796567998381
VID24_s15_9596_crop,rgb,4,miou,0.6481950456411406
VID24_s15_9596_crop,rgb,4,n_gt,11.909090909090908
VID24_s15_9596_crop,rgb,4,n_pred,8.045454545454545
VID24_s15_9596_crop,rgb,4,n_reg,9.409090909090908
VID24_s15_9596_crop,rgb,6,f1@0.5,0.5751176283670563
VID24_s15_9596_crop,rgb,6,f1@0.75,0.3933703304069436
VID24_s15_9596_crop,rgb,6,miou,0.7253223737766333
VID24_s15_9596_crop,rgb,6,n_gt,11.909090909090908
VID24_s15_9596_crop,rgb,6,n_pred,10.136363636363637
VID24_s15_9596_crop,rgb,6,n_reg,11.909090909090908
VID24_s15_9596_crop,rgb,8,f1@0.5,0.6889485278349937
VID24_s15_9596_crop,rgb,8,f1@0.75,0.3943437874751763
VID24_s15_9596_crop,rgb,8,miou,0.8737651015946106
VID24_s15_9596_crop,rgb,8,n_gt,11.909090909090908
VID24_s15_9596_crop,rgb,8,n_pred,13.590909090909092
VID24_s15_9596_crop,rgb,8,n_reg,15.636363636363637
VID24_s15_9596_crop,rgb,12,f1@0.5,0.6137549821888151
VID24_s15_9596_crop,rgb,12,f1@0.75,0.2993409270604837
VID24_s15_9596_crop,rgb,12,miou,0.8708048206093121
VID24_s15_9596_crop,rgb,12,n_gt,11.909090909090908
VID24_s15_9596_crop,rgb,12,n_pred,14.681818181818182
VID24_s15_9596_crop,rgb,12,n_reg,17.545454545454547
VID24_s15_9596_crop,rgb,16,f1@0.5,0.6345214392664348
VID24_s15_9596_crop,rgb,16,f1@0.75,0.3788093354362639
VID24_s15_9596_crop,rgb,16,miou,0.7158558351271841
VID24_s15_9596_crop,rgb,16,n_gt,11.909090909090908
VID24_s15_9596_crop,rgb,16,n_pred,12.5
VID24_s15_9596_crop,rgb,16,n_reg,14.818181818181818
VID24_s15_9596_crop,rgb,24,f1@0.5,0.5576526949847108
VID24_s15_9596_crop,rgb,24,f1@0.75,0.3033013304950063
VID24_s15_9596_crop,rgb,24,miou,0.7400342435991611
VID24_s15_9596_crop,rgb,24,n_gt,11.909090909090908
VID24_s15_9596_crop,rgb,24,n_pred,14.363636363636363
VID24_s15_9596_crop,rgb,24,n_reg,16.863636363636363
VID24_s15_9596_crop,rgb,32,f1@0.5,0.6601955253326727
VID24_s15_9596_crop,rgb,32,f1@0.75,0.456604926914488
VID24_s15_9596_crop,rgb,32,miou,0.8701560627197225
VID24_s15_9596_crop,rgb,32,n_gt,11.909090909090908
VID24_s15_9596_crop,rgb,32,n_pred,14.272727272727272
VID24_s15_9596_crop,rgb,32,n_reg,18.045454545454547
VID24_s15_9596_crop,rgb,48,f1@0.5,0.6238011016131317
VID24_s15_9596_crop,rgb,48,f1@0.75,0.3717750729386413
VID24_s15_9596_crop,rgb,48,miou,0.7202673862320527
VID24_s15_9596_crop,rgb,48,n_gt,11.909090909090908
VID24_s15_9596_crop,rgb,48,n_pred,13.045454545454543
VID24_s15_9596_crop,rgb,48,n_reg,16.681818181818183
VID25_s15_162_crop,depth,4,f1@0.5,0.4529324507934133
VID25_s15_162_crop,depth,4,f1@0.75,0.3137465772492511
VID25_s15_162_crop,depth,4,miou,0.4409854095565998
VID25_s15_162_crop,depth,4,n_gt,10.318181818181818
VID25_s15_162_crop,depth,4,n_pred,4.363636363636363
VID25_s15_162_crop,depth,4,n_reg,4.545454545454546
VID25_s15_162_crop,depth,6,f1@0.5,0.5148893726410889
VID25_s15_162_crop,depth,6,f1@0.75,0.386627795037406
VID25_s15_162_crop,depth,6,miou,0.6056765961672429
VID25_s15_162_crop,depth,6,n_gt,10.318181818181818
VID25_s15_162_crop,depth,6,n_pred,6.818181818181818
VID25_s15_162_crop,depth,6,n_reg,7.318181818181818
VID25_s15_162_crop,depth,8,f1@0.5,0.5401337262220288
VID25_s15_162_crop,depth,8,f1@0.75,0.3715173494787171
VID25_s15_162_crop,depth,8,miou,0.6482714889735987
VID25_s15_162_crop,depth,8,n_gt,10.318181818181818
VID25_s15_162_crop,depth,8,n_pred,7.136363636363637
VID25_s15_162_crop,depth,8,n_reg,7.590909090909091
VID25_s15_162_crop,depth,12,f1@0.5,0.5342168995279043
VID25_s15_162_crop,depth,12,f1@0.75,0.4017280167997871
VID25_s15_162_crop,depth,12,miou,0.6229628368430727
VID25_s15_162_crop,depth,12,n_gt,10.318181818181818
VID25_s15_162_crop,depth,12,n_pred,7.318181818181818
VID25_s15_162_crop,depth,12,n_reg,7.909090909090909
VID25_s15_162_crop,depth,16,f1@0.5,0.5143340980495131
VID25_s15_162_crop,depth,16,f1@0.75,0.3577756367479687
VID25_s15_162_crop,depth,16,miou,0.608893854510444
VID25_s15_162_crop,depth,16,n_gt,10.318181818181818
VID25_s15_162_crop,depth,16,n_pred,7.772727272727272
VID25_s15_162_crop,depth,16,n_reg,8.681818181818182
VID25_s15_162_crop,depth,24,f1@0.5,0.5021629358783509
VID25_s15_162_crop,depth,24,f1@0.75,0.3543517056066463
VID25_s15_162_crop,depth,24,miou,0.6084188596386705
VID25_s15_162_crop,depth,24,n_gt,10.318181818181818
VID25_s15_162_crop,depth,24,n_pred,8.045454545454545
VID25_s15_162_crop,depth,24,n_reg,8.818181818181818
VID25_s15_162_crop,depth,32,f1@0.5,0.5431765262560426
VID25_s15_162_crop,depth,32,f1@0.75,0.384587526516729
VID25_s15_162_crop,depth,32,miou,0.718956271655991
VID25_s15_162_crop,depth,32,n_gt,10.318181818181818
VID25_s15_162_crop,depth,32,n_pred,9.045454545454543
VID25_s15_162_crop,depth,32,n_reg,9.772727272727272
VID25_s15_162_crop,depth,48,f1@0.5,0.5186196675524739
VID25_s15_162_crop,depth,48,f1@0.75,0.3762137204034437
VID25_s15_162_crop,depth,48,miou,0.622348454812014
VID25_s15_162_crop,depth,48,n_gt,10.318181818181818
VID25_s15_162_crop,depth,48,n_pred,7.909090909090909
VID25_s15_162_crop,depth,48,n_reg,8.772727272727273
VID25_s15_162_crop,normal,4,f1@0.5,0.7224565779624884
VID25_s15_162_crop,normal,4,f1@0.75,0.5905890252287663
VID25_s15_162_crop,normal,4,miou,0.6806602898034327
VID25_s15_162_crop,normal,4,n_gt,10.318181818181818
VID25_s15_162_crop,normal,4,n_pred,8.227272727272727
VID25_s15_162_crop,normal,4,n_reg,8.818181818181818
VID25_s15_162_crop,normal,6,f1@0.5,0.6669227608398731
VID25_s15_162_crop,normal,6,f1@0.75,0.5065744849483943
VID25_s15_162_crop,normal,6,miou,0.6944541380978463
VID25_s15_162_crop,normal,6,n_gt,10.318181818181818
VID25_s15_162_crop,normal,6,n_pred,8.045454545454545
VID25_s15_162_crop,normal,6,n_reg,8.772727272727273
VID25_s15_162_crop,normal,8,f1@0.5,0.6631321653107284
VID25_s15_162_crop,normal,8,f1@0.75,0.4907243755909611
VID25_s15_162_crop,normal,8,miou,0.7095033755108763
VID25_s15_162_crop,normal,8,n_gt,10.318181818181818
VID25_s15_162_crop,normal,8,n_pred,8.5
VID25_s15_162_crop,normal,8,n_reg,9.590909090909092
VID25_s15_162_crop,normal,12,f1@0.5,0.714259577966274
VID25_s15_162_crop,normal,12,f1@0.75,0.5222817999381589
VID25_s15_162_crop,normal,12,miou,0.8116902459572448
VID25_s15_162_crop,normal,12,n_gt,10.318181818181818
VID25_s15_162_crop,normal,12,n_pred,10.590909090909092
VID25_s15_162_crop,normal,12,n_reg,11.181818181818182
VID25_s15_162_crop,normal,16,f1@0.5,0.6269757192612343
VID25_s15_162_crop,normal,16,f1@0.75,0.4515877335483241
VID25_s15_162_crop,normal,16,miou,0.7130177049722901
VID25_s15_162_crop,normal,16,n_gt,10.318181818181818
VID25_s15_162_crop,normal,16,n_pred,9.409090909090908
VID25_s15_162_crop,normal,16,n_reg,10.0
VID25_s15_162_crop,normal,24,f1@0.5,0.7421777704260358
VID25_s15_162_crop,normal,24,f1@0.75,0.5337906571558783
VID25_s15_162_crop,normal,24,miou,0.8218005820434879
VID25_s15_162_crop,normal,24,n_gt,10.318181818181818
VID25_s15_162_crop,normal,24,n_pred,9.545454545454543
VID25_s15_162_crop,normal,24,n_reg,10.727272727272728
VID25_s15_162_crop,normal,32,f1@0.5,0.6978643028718593
VID25_s15_162_crop,normal,32,f1@0.75,0.4998273241995632
VID25_s15_162_crop,normal,32,miou,0.8269888157295822
VID25_s15_162_crop,normal,32,n_gt,10.318181818181818
VID25_s15_162_crop,normal,32,n_pred,10.590909090909092
VID25_s15_162_crop,normal,32,n_reg,12.363636363636363
VID25_s15_162_crop,normal,48,f1@0.5,0.6541613789018615
VID25_s15_162_crop,normal,48,f1@0.75,0.4893675788303415
VID25_s15_162_crop,normal,48,miou,0.7175810215873513
VID25_s15_162_crop,normal,48,n_gt,10.318181818181818
VID25_s15_162_crop,normal,48,n_pred,9.454545454545457
VID25_s15_162_crop,normal,48,n_reg,11.272727272727272
VID25_s15_162_crop,rgb,4,f1@0.5,0.7254594213387455
VID25_s15_162_crop,rgb,4,f1@0.75,0.6330580748352319
VID25_s15_162_crop,rgb,4,miou,0.7113833824607759
VID25_s15_162_crop,rgb,4,n_gt,10.318181818181818
VID25_s15_162_crop,rgb,4,n_pred,7.227272727272727
VID25_s15_162_crop,rgb,4,n_reg,7.454545454545454
VID25_s15_162_crop,rgb,6,f1@0.5,0.708543122962444
VID25_s15_162_crop,rgb,6,f1@0.75,0.588461791831357
VID25_s15_162_crop,rgb,6,miou,0.7753413403031199
VID25_s15_162_crop,rgb,6,n_gt,10.318181818181818
VID25_s15_162_crop,rgb,6,n_pred,9.5
VID25_s15_162_crop,rgb,6,n_reg,11.045454545454543
VID25_s15_162_crop,rgb,8,f1@0.5,0.7752815076111983
VID25_s15_162_crop,rgb,8,f1@0.75,0.6142535888379878
VID25_s15_162_crop,rgb,8,miou,0.8946048742838582
VID25_s15_162_crop,rgb,8,n_gt,10.318181818181818
VID25_s15_162_crop,rgb,8,n_pred,10.045454545454543
VID25_s15_162_crop,rgb,8,n_reg,10.409090909090908
VID25_s15_162_crop,rgb,12,f1@0.5,0.6932200861030796
VID25_s15_162_crop,rgb,12,f1@0.75,0.5353107748132836
VID25_s15_162_crop,rgb,12,miou,0.8993606917534095
VID25_s15_162_crop,rgb,12,n_gt,10.318181818181818
VID25_s15_162_crop,rgb,12,n_pred,12.727272727272728
VID25_s15_162_crop,rgb,12,n_reg,14.727272727272728
VID25_s15_162_crop,rgb,16,f1@0.5,0.6667777532373816
VID25_s15_162_crop,rgb,16,f1@0.75,0.4944763671445278
VID25_s15_162_crop,rgb,16,miou,0.891868460590036
VID25_s15_162_crop,rgb,16,n_gt,10.318181818181818
VID25_s15_162_crop,rgb,16,n_pred,13.545454545454543
VID25_s15_162_crop,rgb,16,n_reg,15.818181818181818
VID25_s15_162_crop,rgb,24,f1@0.5,0.662610931717946
VID25_s15_162_crop,rgb,24,f1@0.75,0.5043190149182101
VID25_s15_162_crop,rgb,24,miou,0.8950367293711234
VID25_s15_162_crop,rgb,24,n_gt,10.318181818181818
VID25_s15_162_crop,rgb,24,n_pred,13.727272727272728
VID25_s15_162_crop,rgb,24,n_reg,15.909090909090908
VID25_s15_162_crop,rgb,32,f1@0.5,0.6647838689854327
VID25_s15_162_crop,rgb,32,f1@0.75,0.5088305891183271
VID25_s15_162_crop,rgb,32,miou,0.8938559913926928
VID25_s15_162_crop,rgb,32,n_gt,10.318181818181818
VID25_s15_162_crop,rgb,32,n_pred,13.636363636363637
VID25_s15_162_crop,rgb,32,n_reg,15.954545454545457
VID25_s15_162_crop,rgb,48,f1@0.5,0.6435346216441294
VID25_s15_162_crop,rgb,48,f1@0.75,0.4895910190470914
VID25_s15_162_crop,rgb,48,miou,0.8939732336167506
VID25_s15_162_crop,rgb,48,n_gt,10.318181818181818
VID25_s15_162_crop,rgb,48,n_pred,14.5
VID25_s15_162_crop,rgb,48,n_reg,17.318181818181817
VID25_s15_402_crop,depth,4,f1@0.5,0.2650802585787106
VID25_s15_402_crop,depth,4,f1@0.75,0.1759239900106773
VID25_s15_402_crop,depth,4,miou,0.3772521062359729
VID25_s15_402_crop,depth,4,n_gt,11.818181818181818
VID25_s15_402_crop,depth,4,n_pred,4.636363636363637
VID25_s15_402_crop,depth,4,n_reg,4.727272727272728
VID25_s15_402_crop,depth,6,f1@0.5,0.2825813075813075
VID25_s15_402_crop,depth,6,f1@0.75,0.1824231324231324
VID25_s15_402_crop,depth,6,miou,0.3549909085583091
VID25_s15_402_crop,depth,6,n_gt,11.818181818181818
VID25_s15_402_crop,depth,6,n_pred,3.090909090909091
VID25_s15_402_crop,depth,6,n_reg,3.909090909090909
VID25_s15_402_crop,depth,8,f1@0.5,0.2727324103485094
VID25_s15_402_crop,depth,8,f1@0.75,0.1797500658955767
VID25_s15_402_crop,depth,8,miou,0.3806396657599025
VID25_s15_402_crop,depth,8,n_gt,11.818181818181818
VID25_s15_402_crop,depth,8,n_pred,4.181818181818182
VID25_s15_402_crop,depth,8,n_reg,5.0
VID25_s15_402_crop,depth,12,f1@0.5,0.2626800959618297
VID25_s15_402_crop,depth,12,f1@0.75,0.1747239087022368
VID25_s15_402_crop,depth,12,miou,0.3780266772074693
VID25_s15_402_crop,depth,12,n_gt,11.818181818181818
VID25_s15_402_crop,depth,12,n_pred,4.818181818181818
VID25_s15_402_crop,depth,12,n_reg,5.727272727272728
VID25_s15_402_crop,depth,16,f1@0.5,0.3657585870363805
VID25_s15_402_crop,depth,16,f1@0.75,0.2140897536338009
VID25_s15_402_crop,depth,16,miou,0.5173960547963975
VID25_s15_402_crop,depth,16,n_gt,11.818181818181818
VID25_s15_402_crop,depth,16,n_pred,7.545454545454546
VID25_s15_402_crop,depth,16,n_reg,7.727272727272727
VID25_s15_402_crop,depth,24,f1@0.5,0.3465666678444613
VID25_s15_402_crop,depth,24,f1@0.75,0.1757059152499625
VID25_s15_402_crop,depth,24,miou,0.5179418653766045
VID25_s15_402_crop,depth,24,n_gt,11.818181818181818
VID25_s15_402_crop,depth,24,n_pred,7.545454545454546
VID25_s15_402_crop,depth,24,n_reg,7.727272727272727
VID25_s15_402_crop,depth,32,f1@0.5,0.2598195578071739
VID25_s15_402_crop,depth,32,f1@0.75,0.1756035588078931
VID25_s15_402_crop,depth,32,miou,0.3876338228401936
VID25_s15_402_crop,depth,32,n_gt,11.818181818181818
VID25_s15_402_crop,depth,32,n_pred,5.636363636363637
VID25_s15_402_crop,depth,32,n_reg,6.727272727272728
VID25_s15_402_crop,depth,48,f1@0.5,0.258756293586015
VID25_s15_402_crop,depth,48,f1@0.75,0.1750719266973137
VID25_s15_402_crop,depth,48,miou,0.3877461221710161
VID25_s15_402_crop,depth,48,n_gt,11.818181818181818
VID25_s15_402_crop,depth,48,n_pred,5.727272727272728
VID25_s15_402_crop,depth,48,n_reg,6.727272727272728
VID25_s15_402_crop,normal,4,f1@0.5,0.6194173653222345
VID25_s15_402_crop,normal,4,f1@0.75,0.388435722266288
VID25_s15_402_crop,normal,4,miou,0.6567726807385009
VID25_s15_402_crop,normal,4,n_gt,11.818181818181818
VID25_s15_402_crop,normal,4,n_pred,6.727272727272728
VID25_s15_402_crop,normal,4,n_reg,7.0
VID25_s15_402_crop,normal,6,f1@0.5,0.7487446943399658
VID25_s15_402_crop,normal,6,f1@0.75,0.6313853423056913
VID25_s15_402_crop,normal,6,miou,0.7527274100029678
VID25_s15_402_crop,normal,6,n_gt,11.818181818181818
VID25_s15_402_crop,normal,6,n_pred,7.0
VID25_s15_402_crop,normal,6,n_reg,7.0
VID25_s15_402_crop,normal,8,f1@0.5,0.6915453383728815
VID25_s15_402_crop,normal,8,f1@0.75,0.5062390975642483
VID25_s15_402_crop,normal,8,miou,0.7380082278974367
VID25_s15_402_crop,normal,8,n_gt,11.818181818181818
VID25_s15_402_crop,normal,8,n_pred,9.0
VID25_s15_402_crop,normal,8,n_reg,9.909090909090908
VID25_s15_402_crop,normal,12,f1@0.5,0.6768653577890107
VID25_s15_402_crop,normal,12,f1@0.75,0.4957533971471978
VID25_s15_402_crop,normal,12,miou,0.738088437727226
VID25_s15_402_crop,normal,12,n_gt,11.818181818181818
VID25_s15_402_crop,normal,12,n_pred,9.454545454545457
VID25_s15_402_crop,normal,12,n_reg,11.727272727272728
VID25_s15_402_crop,normal,16,f1@0.5,0.6768653577890107
VID25_s15_402_crop,normal,16,f1@0.75,0.4957533971471978
VID25_s15_402_crop,normal,16,miou,0.7433553616964594
VID25_s15_402_crop,normal,16,n_gt,11.818181818181818
VID25_s15_402_crop,normal,16,n_pred,9.454545454545457
VID25_s15_402_crop,normal,16,n_reg,10.727272727272728
VID25_s15_402_crop,normal,24,f1@0.5,0.6768653577890107
VID25_s15_402_crop,normal,24,f1@0.75,0.5044114058052065
VID25_s15_402_crop,normal,24,miou,0.7383616704826456
VID25_s15_402_crop,normal,24,n_gt,11.818181818181818
VID25_s15_402_crop,normal,24,n_pred,9.454545454545457
VID25_s15_402_crop,normal,24,n_reg,11.727272727272728
VID25_s15_402_crop,normal,32,f1@0.5,0.538542607566947
VID25_s15_402_crop,normal,32,f1@0.75,0.3196195663430945
VID25_s15_402_crop,normal,32,miou,0.6137597215951796
VID25_s15_402_crop,normal,32,n_gt,11.818181818181818
VID25_s15_402_crop,normal,32,n_pred,8.545454545454545
VID25_s15_402_crop,normal,32,n_reg,9.727272727272728
VID25_s15_402_crop,normal,48,f1@0.5,0.3332832973699846
VID25_s15_402_crop,normal,48,f1@0.75,0.140322285213926
VID25_s15_402_crop,normal,48,miou,0.486379777160727
VID25_s15_402_crop,normal,48,n_gt,11.818181818181818
VID25_s15_402_crop,normal,48,n_pred,7.363636363636363
VID25_s15_402_crop,normal,48,n_reg,9.0
VID25_s15_402_crop,rgb,4,f1@0.5,0.6351698055775443
VID25_s15_402_crop,rgb,4,f1@0.75,0.4466653968734268
VID25_s15_402_crop,rgb,4,miou,0.7730175425167068
VID25_s15_402_crop,rgb,4,n_gt,11.818181818181818
VID25_s15_402_crop,rgb,4,n_pred,9.636363636363637
VID25_s15_402_crop,rgb,4,n_reg,9.727272727272728
VID25_s15_402_crop,rgb,6,f1@0.5,0.6102962220499145
VID25_s15_402_crop,rgb,6,f1@0.75,0.4234972987625369
VID25_s15_402_crop,rgb,6,miou,0.7477348004551878
VID25_s15_402_crop,rgb,6,n_gt,11.818181818181818
VID25_s15_402_crop,rgb,6,n_pred,10.0
VID25_s15_402_crop,rgb,6,n_reg,10.909090909090908
VID25_s15_402_crop,rgb,8,f1@0.5,0.5833383612434996
VID25_s15_402_crop,rgb,8,f1@0.75,0.3990761807362598
VID25_s15_402_crop,rgb,8,miou,0.7798822109836995
VID25_s15_402_crop,rgb,8,n_gt,11.818181818181818
VID25_s15_402_crop,rgb,8,n_pred,12.181818181818182
VID25_s15_402_crop,rgb,8,n_reg,13.727272727272728
VID25_s15_402_crop,rgb,12,f1@0.5,0.5635830835830835
VID25_s15_402_crop,rgb,12,f1@0.75,0.4572827172827173
VID25_s15_402_crop,rgb,12,miou,0.8806685744211616
VID25_s15_402_crop,rgb,12,n_gt,11.818181818181818
VID25_s15_402_crop,rgb,12,n_pred,15.545454545454543
VID25_s15_402_crop,rgb,12,n_reg,17.363636363636363
VID25_s15_402_crop,rgb,16,f1@0.5,0.5432013596931138
VID25_s15_402_crop,rgb,16,f1@0.75,0.4300911199411949
VID25_s15_402_crop,rgb,16,miou,0.7853061930770348
VID25_s15_402_crop,rgb,16,n_gt,11.818181818181818
VID25_s15_402_crop,rgb,16,n_pred,14.272727272727272
VID25_s15_402_crop,rgb,16,n_reg,16.454545454545453
VID25_s15_402_crop,rgb,24,f1@0.5,0.5348782549308386
VID25_s15_402_crop,rgb,24,f1@0.75,0.4353226392563029
VID25_s15_402_crop,rgb,24,miou,0.8889080446940336
VID25_s15_402_crop,rgb,24,n_gt,11.818181818181818
VID25_s15_402_crop,rgb,24,n_pred,17.181818181818183
VID25_s15_402_crop,rgb,24,n_reg,20.0
VID25_s15_402_crop,rgb,32,f1@0.5,0.542326404284135
VID25_s15_402_crop,rgb,32,f1@0.75,0.4408258984454757
VID25_s15_402_crop,rgb,32,miou,0.8927266491472959
VID25_s15_402_crop,rgb,32,n_gt,11.818181818181818
VID25_s15_402_crop,rgb,32,n_pred,16.727272727272727
VID25_s15_402_crop,rgb,32,n_reg,20.727272727272727
VID25_s15_402_crop,rgb,48,f1@0.5,0.6155943665982598
VID25_s15_402_crop,rgb,48,f1@0.75,0.5248051204141304
VID25_s15_402_crop,rgb,48,miou,0.8970499074349866
VID25_s15_402_crop,rgb,48,n_gt,11.818181818181818
VID25_s15_402_crop,rgb,48,n_pred,16.272727272727273
VID25_s15_402_crop,rgb,48,n_reg,18.63636363636364
VID26_s15_1855_crop,depth,4,f1@0.5,0.1860498087770815
VID26_s15_1855_crop,depth,4,f1@0.75,0.0990358126721763
VID26_s15_1855_crop,depth,4,miou,0.2115258087380217
VID26_s15_1855_crop,depth,4,n_gt,8.727272727272727
VID26_s15_1855_crop,depth,4,n_pred,2.5454545454545454
VID26_s15_1855_crop,depth,4,n_reg,2.9545454545454546
VID26_s15_1855_crop,depth,6,f1@0.5,0.1860498087770815
VID26_s15_1855_crop,depth,6,f1@0.75,0.0990358126721763
VID26_s15_1855_crop,depth,6,miou,0.2119401723467285
VID26_s15_1855_crop,depth,6,n_gt,8.727272727272727
VID26_s15_1855_crop,depth,6,n_pred,2.5454545454545454
VID26_s15_1855_crop,depth,6,n_reg,2.9545454545454546
VID26_s15_1855_crop,depth,8,f1@0.5,0.1860498087770815
VID26_s15_1855_crop,depth,8,f1@0.75,0.0990358126721763
VID26_s15_1855_crop,depth,8,miou,0.2114181836226358
VID26_s15_1855_crop,depth,8,n_gt,8.727272727272727
VID26_s15_1855_crop,depth,8,n_pred,2.5454545454545454
VID26_s15_1855_crop,depth,8,n_reg,2.9545454545454546
VID26_s15_1855_crop,depth,12,f1@0.5,0.1860498087770815
VID26_s15_1855_crop,depth,12,f1@0.75,0.0990358126721763
VID26_s15_1855_crop,depth,12,miou,0.2113909798661466
VID26_s15_1855_crop,depth,12,n_gt,8.727272727272727
VID26_s15_1855_crop,depth,12,n_pred,2.5454545454545454
VID26_s15_1855_crop,depth,12,n_reg,2.9545454545454546
VID26_s15_1855_crop,depth,16,f1@0.5,0.1860498087770815
VID26_s15_1855_crop,depth,16,f1@0.75,0.0990358126721763
VID26_s15_1855_crop,depth,16,miou,0.211358584696955
VID26_s15_1855_crop,depth,16,n_gt,8.727272727272727
VID26_s15_1855_crop,depth,16,n_pred,2.5454545454545454
VID26_s15_1855_crop,depth,16,n_reg,2.9545454545454546
VID26_s15_1855_crop,depth,24,f1@0.5,0.1860498087770815
VID26_s15_1855_crop,depth,24,f1@0.75,0.0990358126721763
VID26_s15_1855_crop,depth,24,miou,0.2115041578918444
VID26_s15_1855_crop,depth,24,n_gt,8.727272727272727
VID26_s15_1855_crop,depth,24,n_pred,2.5454545454545454
VID26_s15_1855_crop,depth,24,n_reg,2.9545454545454546
VID26_s15_1855_crop,depth,32,f1@0.5,0.1860498087770815
VID26_s15_1855_crop,depth,32,f1@0.75,0.0990358126721763
VID26_s15_1855_crop,depth,32,miou,0.2113808591664223
VID26_s15_1855_crop,depth,32,n_gt,8.727272727272727
VID26_s15_1855_crop,depth,32,n_pred,2.5454545454545454
VID26_s15_1855_crop,depth,32,n_reg,2.9545454545454546
VID26_s15_1855_crop,depth,48,f1@0.5,0.1632143109415836
VID26_s15_1855_crop,depth,48,f1@0.75,0.1000459136822773
VID26_s15_1855_crop,depth,48,miou,0.2080205725403234
VID26_s15_1855_crop,depth,48,n_gt,8.727272727272727
VID26_s15_1855_crop,depth,48,n_pred,2.0
VID26_s15_1855_crop,depth,48,n_reg,2.0
VID26_s15_1855_crop,normal,4,f1@0.5,0.413431537502745
VID26_s15_1855_crop,normal,4,f1@0.75,0.2764541530021406
VID26_s15_1855_crop,normal,4,miou,0.4804482903107877
VID26_s15_1855_crop,normal,4,n_gt,8.727272727272727
VID26_s15_1855_crop,normal,4,n_pred,6.454545454545454
VID26_s15_1855_crop,normal,4,n_reg,6.681818181818182
VID26_s15_1855_crop,normal,6,f1@0.5,0.3979783675217112
VID26_s15_1855_crop,normal,6,f1@0.75,0.2405360291583201
VID26_s15_1855_crop,normal,6,miou,0.4965360538226122
VID26_s15_1855_crop,normal,6,n_gt,8.727272727272727
VID26_s15_1855_crop,normal,6,n_pred,7.090909090909091
VID26_s15_1855_crop,normal,6,n_reg,7.409090909090909
VID26_s15_1855_crop,normal,8,f1@0.5,0.4314106215422005
VID26_s15_1855_crop,normal,8,f1@0.75,0.2778407995513258
VID26_s15_1855_crop,normal,8,miou,0.4985008010433083
VID26_s15_1855_crop,normal,8,n_gt,8.727272727272727
VID26_s15_1855_crop,normal,8,n_pred,6.954545454545454
VID26_s15_1855_crop,normal,8,n_reg,7.090909090909091
VID26_s15_1855_crop,normal,12,f1@0.5,0.4197905293880526
VID26_s15_1855_crop,normal,12,f1@0.75,0.2752202991367078
VID26_s15_1855_crop,normal,12,miou,0.458522182589499
VID26_s15_1855_crop,normal,12,n_gt,8.727272727272727
VID26_s15_1855_crop,normal,12,n_pred,5.909090909090909
VID26_s15_1855_crop,normal,12,n_reg,6.136363636363637
VID26_s15_1855_crop,normal,16,f1@0.5,0.4479025876084699
VID26_s15_1855_crop,normal,16,f1@0.75,0.2824525964231846
VID26_s15_1855_crop,normal,16,miou,0.4567985112838091
VID26_s15_1855_crop,normal,16,n_gt,8.727272727272727
VID26_s15_1855_crop,normal,16,n_pred,5.681818181818182
VID26_s15_1855_crop,normal,16,n_reg,5.818181818181818
VID26_s15_1855_crop,normal,24,f1@0.5,0.4229896135855888
VID26_s15_1855_crop,normal,24,f1@0.75,0.2654504637089776
VID26_s15_1855_crop,normal,24,miou,0.4669793896260936
VID26_s15_1855_crop,normal,24,n_gt,8.727272727272727
VID26_s15_1855_crop,normal,24,n_pred,6.318181818181818
VID26_s15_1855_crop,normal,24,n_reg,6.681818181818182
VID26_s15_1855_crop,normal,32,f1@0.5,0.397944212650095
VID26_s15_1855_crop,normal,32,f1@0.75,0.2412700045052986
VID26_s15_1855_crop,normal,32,miou,0.4276955657121759
VID26_s15_1855_crop,normal,32,n_gt,8.727272727272727
VID26_s15_1855_crop,normal,32,n_pred,5.727272727272728
VID26_s15_1855_crop,normal,32,n_reg,5.818181818181818
VID26_s15_1855_crop,normal,48,f1@0.5,0.3889265146618088
VID26_s15_1855_crop,normal,48,f1@0.75,0.2350942358295299
VID26_s15_1855_crop,normal,48,miou,0.4299434822409957
VID26_s15_1855_crop,normal,48,n_gt,8.727272727272727
VID26_s15_1855_crop,normal,48,n_pred,6.090909090909091
VID26_s15_1855_crop,normal,48,n_reg,6.636363636363637
VID26_s15_1855_crop,rgb,4,f1@0.5,0.4701554207746158
VID26_s15_1855_crop,rgb,4,f1@0.75,0.2671758753802097
VID26_s15_1855_crop,rgb,4,miou,0.4837340166699408
VID26_s15_1855_crop,rgb,4,n_gt,8.727272727272727
VID26_s15_1855_crop,rgb,4,n_pred,6.045454545454546
VID26_s15_1855_crop,rgb,4,n_reg,6.318181818181818
VID26_s15_1855_crop,rgb,6,f1@0.5,0.5607141697311976
VID26_s15_1855_crop,rgb,6,f1@0.75,0.3261351909184726
VID26_s15_1855_crop,rgb,6,miou,0.5700307915609776
VID26_s15_1855_crop,rgb,6,n_gt,8.727272727272727
VID26_s15_1855_crop,rgb,6,n_pred,7.545454545454546
VID26_s15_1855_crop,rgb,6,n_reg,7.681818181818182
VID26_s15_1855_crop,rgb,8,f1@0.5,0.5041856832069329
VID26_s15_1855_crop,rgb,8,f1@0.75,0.2886874153303931
VID26_s15_1855_crop,rgb,8,miou,0.5623887764898234
VID26_s15_1855_crop,rgb,8,n_gt,8.727272727272727
VID26_s15_1855_crop,rgb,8,n_pred,8.136363636363637
VID26_s15_1855_crop,rgb,8,n_reg,8.863636363636363
VID26_s15_1855_crop,rgb,12,f1@0.5,0.5192323980367459
VID26_s15_1855_crop,rgb,12,f1@0.75,0.2930852360200186
VID26_s15_1855_crop,rgb,12,miou,0.5837055644826717
VID26_s15_1855_crop,rgb,12,n_gt,8.727272727272727
VID26_s15_1855_crop,rgb,12,n_pred,9.636363636363637
VID26_s15_1855_crop,rgb,12,n_reg,12.181818181818182
VID26_s15_1855_crop,rgb,16,f1@0.5,0.4948787866343453
VID26_s15_1855_crop,rgb,16,f1@0.75,0.3050639871017017
VID26_s15_1855_crop,rgb,16,miou,0.6303665316821612
VID26_s15_1855_crop,rgb,16,n_gt,8.727272727272727
VID26_s15_1855_crop,rgb,16,n_pred,12.136363636363637
VID26_s15_1855_crop,rgb,16,n_reg,14.454545454545457
VID26_s15_1855_crop,rgb,24,f1@0.5,0.4687532669565918
VID26_s15_1855_crop,rgb,24,f1@0.75,0.2606237856109979
VID26_s15_1855_crop,rgb,24,miou,0.6100600840919004
VID26_s15_1855_crop,rgb,24,n_gt,8.727272727272727
VID26_s15_1855_crop,rgb,24,n_pred,12.318181818181818
VID26_s15_1855_crop,rgb,24,n_reg,14.772727272727272
VID26_s15_1855_crop,rgb,32,f1@0.5,0.5201603188231144
VID26_s15_1855_crop,rgb,32,f1@0.75,0.295240047136179
VID26_s15_1855_crop,rgb,32,miou,0.6051435356761801
VID26_s15_1855_crop,rgb,32,n_gt,8.727272727272727
VID26_s15_1855_crop,rgb,32,n_pred,11.409090909090908
VID26_s15_1855_crop,rgb,32,n_reg,13.727272727272728
VID26_s15_1855_crop,rgb,48,f1@0.5,0.4977421010189821
VID26_s15_1855_crop,rgb,48,f1@0.75,0.2759622306542102
VID26_s15_1855_crop,rgb,48,miou,0.6531253410304865
VID26_s15_1855_crop,rgb,48,n_gt,8.727272727272727
VID26_s15_1855_crop,rgb,48,n_pred,13.772727272727272
VID26_s15_1855_crop,rgb,48,n_reg,16.454545454545453
VID27_s15_160_crop,depth,4,f1@0.5,0.4148177579995762
VID27_s15_160_crop,depth,4,f1@0.75,0.1016952744225471
VID27_s15_160_crop,depth,4,miou,0.3514594331496465
VID27_s15_160_crop,depth,4,n_gt,8.409090909090908
VID27_s15_160_crop,depth,4,n_pred,4.0
VID27_s15_160_crop,depth,4,n_reg,4.0
VID27_s15_160_crop,depth,6,f1@0.5,0.4911018126258767
VID27_s15_160_crop,depth,6,f1@0.75,0.1670885932249568
VID27_s15_160_crop,depth,6,miou,0.4771402471059272
VID27_s15_160_crop,depth,6,n_gt,8.409090909090908
VID27_s15_160_crop,depth,6,n_pred,5.0
VID27_s15_160_crop,depth,6,n_reg,5.0
VID27_s15_160_crop,depth,8,f1@0.5,0.3978383470362079
VID27_s15_160_crop,depth,8,f1@0.75,0.1217343262797808
VID27_s15_160_crop,depth,8,miou,0.3735484902057397
VID27_s15_160_crop,depth,8,n_gt,8.409090909090908
VID27_s15_160_crop,depth,8,n_pred,5.0
VID27_s15_160_crop,depth,8,n_reg,5.0
VID27_s15_160_crop,depth,12,f1@0.5,0.4834841628959276
VID27_s15_160_crop,depth,12,f1@0.75,0.1744755244755244
VID27_s15_160_crop,depth,12,miou,0.5046223342719649
VID27_s15_160_crop,depth,12,n_gt,8.409090909090908
VID27_s15_160_crop,depth,12,n_pred,6.0
VID27_s15_160_crop,depth,12,n_reg,6.0
VID27_s15_160_crop,depth,16,f1@0.5,0.4895447689565337
VID27_s15_160_crop,depth,16,f1@0.75,0.1744755244755244
VID27_s15_160_crop,depth,16,miou,0.5103445999317873
VID27_s15_160_crop,depth,16,n_gt,8.409090909090908
VID27_s15_160_crop,depth,16,n_pred,6.0
VID27_s15_160_crop,depth,16,n_reg,6.0
VID27_s15_160_crop,depth,24,f1@0.5,0.4960382754500401
VID27_s15_160_crop,depth,24,f1@0.75,0.1754079254079254
VID27_s15_160_crop,depth,24,miou,0.5107333756899202
VID27_s15_160_crop,depth,24,n_gt,8.409090909090908
VID27_s15_160_crop,depth,24,n_pred,6.0
VID27_s15_160_crop,depth,24,n_reg,6.0
VID27_s15_160_crop,depth,32,f1@0.5,0.4895447689565337
VID27_s15_160_crop,depth,32,f1@0.75,0.1798231180584122
VID27_s15_160_crop,depth,32,miou,0.5102765748080637
VID27_s15_160_crop,depth,32,n_gt,8.409090909090908
VID27_s15_160_crop,depth,32,n_pred,6.0
VID27_s15_160_crop,depth,32,n_reg,6.0
VID27_s15_160_crop,depth,48,f1@0.5,0.4895447689565337
VID27_s15_160_crop,depth,48,f1@0.75,0.1684149184149184
VID27_s15_160_crop,depth,48,miou,0.5091936168541709
VID27_s15_160_crop,depth,48,n_gt,8.409090909090908
VID27_s15_160_crop,depth,48,n_pred,6.0
VID27_s15_160_crop,depth,48,n_reg,6.0
VID27_s15_160_crop,normal,4,f1@0.5,0.4212715982769459
VID27_s15_160_crop,normal,4,f1@0.75,0.3183459143352192
VID27_s15_160_crop,normal,4,miou,0.5329102467637283
VID27_s15_160_crop,normal,4,n_gt,8.409090909090908
VID27_s15_160_crop,normal,4,n_pred,5.636363636363637
VID27_s15_160_crop,normal,4,n_reg,5.636363636363637
VID27_s15_160_crop,normal,6,f1@0.5,0.417890687743629
VID27_s15_160_crop,normal,6,f1@0.75,0.266171491906786
VID27_s15_160_crop,normal,6,miou,0.5611699289445384
VID27_s15_160_crop,normal,6,n_gt,8.409090909090908
VID27_s15_160_crop,normal,6,n_pred,7.5
VID27_s15_160_crop,normal,6,n_reg,7.636363636363637
VID27_s15_160_crop,normal,8,f1@0.5,0.3285848954966602
VID27_s15_160_crop,normal,8,f1@0.75,0.2353555757967522
VID27_s15_160_crop,normal,8,miou,0.4479985309636541
VID27_s15_160_crop,normal,8,n_gt,8.409090909090908
VID27_s15_160_crop,normal,8,n_pred,5.909090909090909
VID27_s15_160_crop,normal,8,n_reg,5.909090909090909
VID27_s15_160_crop,normal,12,f1@0.5,0.4369936092459312
VID27_s15_160_crop,normal,12,f1@0.75,0.2540041614732017
VID27_s15_160_crop,normal,12,miou,0.6749654718289445
VID27_s15_160_crop,normal,12,n_gt,8.409090909090908
VID27_s15_160_crop,normal,12,n_pred,8.545454545454545
VID27_s15_160_crop,normal,12,n_reg,8.636363636363637
VID27_s15_160_crop,normal,16,f1@0.5,0.3847261914212379
VID27_s15_160_crop,normal,16,f1@0.75,0.2639623147750083
VID27_s15_160_crop,normal,16,miou,0.542284499052655
VID27_s15_160_crop,normal,16,n_gt,8.409090909090908
VID27_s15_160_crop,normal,16,n_pred,7.545454545454546
VID27_s15_160_crop,normal,16,n_reg,7.636363636363637
VID27_s15_160_crop,normal,24,f1@0.5,0.3833791810184999
VID27_s15_160_crop,normal,24,f1@0.75,0.2737303374300278
VID27_s15_160_crop,normal,24,miou,0.6668484301386125
VID27_s15_160_crop,normal,24,n_gt,8.409090909090908
VID27_s15_160_crop,normal,24,n_pred,9.590909090909092
VID27_s15_160_crop,normal,24,n_reg,9.636363636363637
VID27_s15_160_crop,normal,32,f1@0.5,0.3833791810184999
VID27_s15_160_crop,normal,32,f1@0.75,0.2737303374300278
VID27_s15_160_crop,normal,32,miou,0.6667587709971543
VID27_s15_160_crop,normal,32,n_gt,8.409090909090908
VID27_s15_160_crop,normal,32,n_pred,9.590909090909092
VID27_s15_160_crop,normal,32,n_reg,9.636363636363637
VID27_s15_160_crop,normal,48,f1@0.5,0.3936390106281747
VID27_s15_160_crop,normal,48,f1@0.75,0.2923907361987857
VID27_s15_160_crop,normal,48,miou,0.5884072535722982
VID27_s15_160_crop,normal,48,n_gt,8.409090909090908
VID27_s15_160_crop,normal,48,n_pred,8.5
VID27_s15_160_crop,normal,48,n_reg,8.590909090909092
VID27_s15_160_crop,rgb,4,f1@0.5,0.4855175127902401
VID27_s15_160_crop,rgb,4,f1@0.75,0.3621704053522235
VID27_s15_160_crop,rgb,4,miou,0.3736774728801565
VID27_s15_160_crop,rgb,4,n_gt,8.409090909090908
VID27_s15_160_crop,rgb,4,n_pred,2.6818181818181817
VID27_s15_160_crop,rgb,4,n_reg,2.6818181818181817
VID27_s15_160_crop,rgb,6,f1@0.5,0.613721127357491
VID27_s15_160_crop,rgb,6,f1@0.75,0.5014374514374514
VID27_s15_160_crop,rgb,6,miou,0.5326804992827789
VID27_s15_160_crop,rgb,6,n_gt,8.409090909090908
VID27_s15_160_crop,rgb,6,n_pred,3.6818181818181817
VID27_s15_160_crop,rgb,6,n_reg,3.6818181818181817
VID27_s15_160_crop,rgb,8,f1@0.5,0.4841193565792496
VID27_s15_160_crop,rgb,8,f1@0.75,0.3786063090207475
VID27_s15_160_crop,rgb,8,miou,0.4551636457062682
VID27_s15_160_crop,rgb,8,n_gt,8.409090909090908
VID27_s15_160_crop,rgb,8,n_pred,6.045454545454546
VID27_s15_160_crop,rgb,8,n_reg,6.545454545454546
VID27_s15_160_crop,rgb,12,f1@0.5,0.6645137097008754
VID27_s15_160_crop,rgb,12,f1@0.75,0.6087462448425015
VID27_s15_160_crop,rgb,12,miou,0.5412744328470876
VID27_s15_160_crop,rgb,12,n_gt,8.409090909090908
VID27_s15_160_crop,rgb,12,n_pred,5.090909090909091
VID27_s15_160_crop,rgb,12,n_reg,5.363636363636363
VID27_s15_160_crop,rgb,16,f1@0.5,0.6350850575449506
VID27_s15_160_crop,rgb,16,f1@0.75,0.5398242577386962
VID27_s15_160_crop,rgb,16,miou,0.5435758502386274
VID27_s15_160_crop,rgb,16,n_gt,8.409090909090908
VID27_s15_160_crop,rgb,16,n_pred,6.045454545454546
VID27_s15_160_crop,rgb,16,n_reg,6.227272727272728
VID27_s15_160_crop,rgb,24,f1@0.5,0.6294032393631324
VID27_s15_160_crop,rgb,24,f1@0.75,0.5398242577386962
VID27_s15_160_crop,rgb,24,miou,0.543836470349112
VID27_s15_160_crop,rgb,24,n_gt,8.409090909090908
VID27_s15_160_crop,rgb,24,n_pred,6.045454545454546
VID27_s15_160_crop,rgb,24,n_reg,6.227272727272728
VID27_s15_160_crop,rgb,32,f1@0.5,0.6820986500130886
VID27_s15_160_crop,rgb,32,f1@0.75,0.6085767174002469
VID27_s15_160_crop,rgb,32,miou,0.54119756458007
VID27_s15_160_crop,rgb,32,n_gt,8.409090909090908
VID27_s15_160_crop,rgb,32,n_pred,4.954545454545454
VID27_s15_160_crop,rgb,32,n_reg,5.318181818181818
VID27_s15_160_crop,rgb,48,f1@0.5,0.6294032393631324
VID27_s15_160_crop,rgb,48,f1@0.75,0.5398242577386962
VID27_s15_160_crop,rgb,48,miou,0.5437591724647391
VID27_s15_160_crop,rgb,48,n_gt,8.409090909090908
VID27_s15_160_crop,rgb,48,n_pred,6.045454545454546
VID27_s15_160_crop,rgb,48,n_reg,6.227272727272728
VID27_s15_400_crop,depth,4,f1@0.5,0.2805390687743628
VID27_s15_400_crop,depth,4,f1@0.75,0.0493166963755199
VID27_s15_400_crop,depth,4,miou,0.2082643404981462
VID27_s15_400_crop,depth,4,n_gt,11.529411764705882
VID27_s15_400_crop,depth,4,n_pred,2.4705882352941178
VID27_s15_400_crop,depth,4,n_reg,2.5294117647058822
VID27_s15_400_crop,depth,6,f1@0.5,0.4450980392156862
VID27_s15_400_crop,depth,6,f1@0.75,0.2306759545923632
VID27_s15_400_crop,depth,6,miou,0.3585296244033339
VID27_s15_400_crop,depth,6,n_gt,11.529411764705882
VID27_s15_400_crop,depth,6,n_pred,3.5294117647058822
VID27_s15_400_crop,depth,6,n_reg,3.5294117647058822
VID27_s15_400_crop,depth,8,f1@0.5,0.4424391428397984
VID27_s15_400_crop,depth,8,f1@0.75,0.23654464881928
VID27_s15_400_crop,depth,8,miou,0.3593217000828383
VID27_s15_400_crop,depth,8,n_gt,11.529411764705882
VID27_s15_400_crop,depth,8,n_pred,3.647058823529412
VID27_s15_400_crop,depth,8,n_reg,3.764705882352941
VID27_s15_400_crop,depth,12,f1@0.5,0.470995670995671
VID27_s15_400_crop,depth,12,f1@0.75,0.2636618283677107
VID27_s15_400_crop,depth,12,miou,0.3611425084295901
VID27_s15_400_crop,depth,12,n_gt,11.529411764705882
VID27_s15_400_crop,depth,12,n_pred,4.294117647058823
VID27_s15_400_crop,depth,12,n_reg,4.882352941176471
VID27_s15_400_crop,depth,16,f1@0.5,0.4450980392156862
VID27_s15_400_crop,depth,16,f1@0.75,0.2380288957688338
VID27_s15_400_crop,depth,16,miou,0.3582005536572832
VID27_s15_400_crop,depth,16,n_gt,11.529411764705882
VID27_s15_400_crop,depth,16,n_pred,3.5294117647058822
VID27_s15_400_crop,depth,16,n_reg,3.5294117647058822
VID27_s15_400_crop,depth,24,f1@0.5,0.5416246825905319
VID27_s15_400_crop,depth,24,f1@0.75,0.2903126327227425
VID27_s15_400_crop,depth,24,miou,0.4553289158023372
VID27_s15_400_crop,depth,24,n_gt,11.529411764705882
VID27_s15_400_crop,depth,24,n_pred,5.647058823529412
VID27_s15_400_crop,depth,24,n_reg,5.823529411764706
VID27_s15_400_crop,depth,32,f1@0.5,0.4441692466460268
VID27_s15_400_crop,depth,32,f1@0.75,0.2374097007223942
VID27_s15_400_crop,depth,32,miou,0.3583791555741
VID27_s15_400_crop,depth,32,n_gt,11.529411764705882
VID27_s15_400_crop,depth,32,n_pred,3.588235294117647
VID27_s15_400_crop,depth,32,n_reg,3.7058823529411766
VID27_s15_400_crop,depth,48,f1@0.5,0.4441692466460268
VID27_s15_400_crop,depth,48,f1@0.75,0.2374097007223942
VID27_s15_400_crop,depth,48,miou,0.358748135249995
VID27_s15_400_crop,depth,48,n_gt,11.529411764705882
VID27_s15_400_crop,depth,48,n_pred,3.588235294117647
VID27_s15_400_crop,depth,48,n_reg,3.764705882352941
VID27_s15_400_crop,normal,4,f1@0.5,0.5394373857996149
VID27_s15_400_crop,normal,4,f1@0.75,0.3719369725561676
VID27_s15_400_crop,normal,4,miou,0.5442473691898013
VID27_s15_400_crop,normal,4,n_gt,11.529411764705882
VID27_s15_400_crop,normal,4,n_pred,6.941176470588236
VID27_s15_400_crop,normal,4,n_reg,7.0
VID27_s15_400_crop,normal,6,f1@0.5,0.6375566473729081
VID27_s15_400_crop,normal,6,f1@0.75,0.3966318182498018
VID27_s15_400_crop,normal,6,miou,0.5887133156026477
VID27_s15_400_crop,normal,6,n_gt,11.529411764705882
VID27_s15_400_crop,normal,6,n_pred,7.470588235294118
VID27_s15_400_crop,normal,6,n_reg,7.470588235294118
VID27_s15_400_crop,normal,8,f1@0.5,0.7369426870671991
VID27_s15_400_crop,normal,8,f1@0.75,0.4650076277650648
VID27_s15_400_crop,normal,8,miou,0.5902524970895843
VID27_s15_400_crop,normal,8,n_gt,11.529411764705882
VID27_s15_400_crop,normal,8,n_pred,7.588235294117647
VID27_s15_400_crop,normal,8,n_reg,7.588235294117647
VID27_s15_400_crop,normal,12,f1@0.5,0.6880553026164026
VID27_s15_400_crop,normal,12,f1@0.75,0.4405031610167287
VID27_s15_400_crop,normal,12,miou,0.6797546847394669
VID27_s15_400_crop,normal,12,n_gt,11.529411764705882
VID27_s15_400_crop,normal,12,n_pred,8.470588235294118
VID27_s15_400_crop,normal,12,n_reg,8.529411764705882
VID27_s15_400_crop,normal,16,f1@0.5,0.7655884036506874
VID27_s15_400_crop,normal,16,f1@0.75,0.5154391040204188
VID27_s15_400_crop,normal,16,miou,0.6765062568405666
VID27_s15_400_crop,normal,16,n_gt,11.529411764705882
VID27_s15_400_crop,normal,16,n_pred,9.823529411764708
VID27_s15_400_crop,normal,16,n_reg,9.882352941176473
VID27_s15_400_crop,normal,24,f1@0.5,0.7209166747462614
VID27_s15_400_crop,normal,24,f1@0.75,0.4921966951849842
VID27_s15_400_crop,normal,24,miou,0.6846222931233534
VID27_s15_400_crop,normal,24,n_gt,11.529411764705882
VID27_s15_400_crop,normal,24,n_pred,10.764705882352942
VID27_s15_400_crop,normal,24,n_reg,10.882352941176473
VID27_s15_400_crop,normal,32,f1@0.5,0.7886265985847118
VID27_s15_400_crop,normal,32,f1@0.75,0.5116530242591069
VID27_s15_400_crop,normal,32,miou,0.6766990000748114
VID27_s15_400_crop,normal,32,n_gt,11.529411764705882
VID27_s15_400_crop,normal,32,n_pred,9.529411764705882
VID27_s15_400_crop,normal,32,n_reg,9.588235294117649
VID27_s15_400_crop,normal,48,f1@0.5,0.7426943466787321
VID27_s15_400_crop,normal,48,f1@0.75,0.4743000178455825
VID27_s15_400_crop,normal,48,miou,0.6920456219093862
VID27_s15_400_crop,normal,48,n_gt,11.529411764705882
VID27_s15_400_crop,normal,48,n_pred,10.588235294117649
VID27_s15_400_crop,normal,48,n_reg,10.705882352941176
VID27_s15_400_crop,rgb,4,f1@0.5,0.4590981490635469
VID27_s15_400_crop,rgb,4,f1@0.75,0.2376009227220299
VID27_s15_400_crop,rgb,4,miou,0.4952696855928165
VID27_s15_400_crop,rgb,4,n_gt,11.529411764705882
VID27_s15_400_crop,rgb,4,n_pred,5.941176470588236
VID27_s15_400_crop,rgb,4,n_reg,6.0
VID27_s15_400_crop,rgb,6,f1@0.5,0.5715713316004702
VID27_s15_400_crop,rgb,6,f1@0.75,0.3280488224214321
VID27_s15_400_crop,rgb,6,miou,0.6366100996373266
VID27_s15_400_crop,rgb,6,n_gt,11.529411764705882
VID27_s15_400_crop,rgb,6,n_pred,9.176470588235292
VID27_s15_400_crop,rgb,6,n_reg,9.352941176470589
VID27_s15_400_crop,rgb,8,f1@0.5,0.647578370093583
VID27_s15_400_crop,rgb,8,f1@0.75,0.4647939169237343
VID27_s15_400_crop,rgb,8,miou,0.8017889172077238
VID27_s15_400_crop,rgb,8,n_gt,11.529411764705882
VID27_s15_400_crop,rgb,8,n_pred,11.941176470588236
VID27_s15_400_crop,rgb,8,n_reg,13.588235294117649
VID27_s15_400_crop,rgb,12,f1@0.5,0.634068361306213
VID27_s15_400_crop,rgb,12,f1@0.75,0.4564125265333484
VID27_s15_400_crop,rgb,12,miou,0.724174663708695
VID27_s15_400_crop,rgb,12,n_gt,11.529411764705882
VID27_s15_400_crop,rgb,12,n_pred,12.882352941176473
VID27_s15_400_crop,rgb,12,n_reg,14.0
VID27_s15_400_crop,rgb,16,f1@0.5,0.551667085751247
VID27_s15_400_crop,rgb,16,f1@0.75,0.331960747516055
VID27_s15_400_crop,rgb,16,miou,0.8395884491688859
VID27_s15_400_crop,rgb,16,n_gt,11.529411764705882
VID27_s15_400_crop,rgb,16,n_pred,15.764705882352942
VID27_s15_400_crop,rgb,16,n_reg,17.764705882352942
VID27_s15_400_crop,rgb,24,f1@0.5,0.6510636928993927
VID27_s15_400_crop,rgb,24,f1@0.75,0.4641641742300971
VID27_s15_400_crop,rgb,24,miou,0.8194347529946002
VID27_s15_400_crop,rgb,24,n_gt,11.529411764705882
VID27_s15_400_crop,rgb,24,n_pred,13.470588235294118
VID27_s15_400_crop,rgb,24,n_reg,14.058823529411764
VID27_s15_400_crop,rgb,32,f1@0.5,0.6498598611796282
VID27_s15_400_crop,rgb,32,f1@0.75,0.4442392151676978
VID27_s15_400_crop,rgb,32,miou,0.8442978050708321
VID27_s15_400_crop,rgb,32,n_gt,11.529411764705882
VID27_s15_400_crop,rgb,32,n_pred,13.764705882352942
VID27_s15_400_crop,rgb,32,n_reg,15.352941176470589
VID27_s15_400_crop,rgb,48,f1@0.5,0.710181670932178
VID27_s15_400_crop,rgb,48,f1@0.75,0.4797432114876333
VID27_s15_400_crop,rgb,48,miou,0.8530496801782499
VID27_s15_400_crop,rgb,48,n_gt,11.529411764705882
VID27_s15_400_crop,rgb,48,n_pred,13.470588235294118
VID27_s15_400_crop,rgb,48,n_reg,16.058823529411764
VID28_s15_0_crop,depth,4,f1@0.5,0.4335721685721685
VID28_s15_0_crop,depth,4,f1@0.75,0.169076479076479
VID28_s15_0_crop,depth,4,miou,0.3297954920614752
VID28_s15_0_crop,depth,4,n_gt,6.333333333333333
VID28_s15_0_crop,depth,4,n_pred,1.9666666666666663
VID28_s15_0_crop,depth,4,n_reg,1.9666666666666663
VID28_s15_0_crop,depth,6,f1@0.5,0.4335721685721685
VID28_s15_0_crop,depth,6,f1@0.75,0.169076479076479
VID28_s15_0_crop,depth,6,miou,0.3301615685761604
VID28_s15_0_crop,depth,6,n_gt,6.333333333333333
VID28_s15_0_crop,depth,6,n_pred,1.9666666666666663
VID28_s15_0_crop,depth,6,n_reg,1.9666666666666663
VID28_s15_0_crop,depth,8,f1@0.5,0.4335721685721685
VID28_s15_0_crop,depth,8,f1@0.75,0.169076479076479
VID28_s15_0_crop,depth,8,miou,0.3302229528613447
VID28_s15_0_crop,depth,8,n_gt,6.333333333333333
VID28_s15_0_crop,depth,8,n_pred,1.9666666666666663
VID28_s15_0_crop,depth,8,n_reg,1.9666666666666663
VID28_s15_0_crop,depth,12,f1@0.5,0.3362809412809412
VID28_s15_0_crop,depth,12,f1@0.75,0.1432234432234432
VID28_s15_0_crop,depth,12,miou,0.3336561279915294
VID28_s15_0_crop,depth,12,n_gt,6.333333333333333
VID28_s15_0_crop,depth,12,n_pred,2.7333333333333334
VID28_s15_0_crop,depth,12,n_reg,2.7333333333333334
VID28_s15_0_crop,depth,16,f1@0.5,0.3885127835127834
VID28_s15_0_crop,depth,16,f1@0.75,0.1459259259259259
VID28_s15_0_crop,depth,16,miou,0.4338554768437032
VID28_s15_0_crop,depth,16,n_gt,6.333333333333333
VID28_s15_0_crop,depth,16,n_pred,3.7
VID28_s15_0_crop,depth,16,n_reg,3.7
VID28_s15_0_crop,depth,24,f1@0.5,0.3635127835127835
VID28_s15_0_crop,depth,24,f1@0.75,0.1459259259259259
VID28_s15_0_crop,depth,24,miou,0.4290491391311866
VID28_s15_0_crop,depth,24,n_gt,6.333333333333333
VID28_s15_0_crop,depth,24,n_pred,3.7
VID28_s15_0_crop,depth,24,n_reg,3.7
VID28_s15_0_crop,depth,32,f1@0.5,0.4125868575868576
VID28_s15_0_crop,depth,32,f1@0.75,0.1364021164021163
VID28_s15_0_crop,depth,32,miou,0.4396293801265751
VID28_s15_0_crop,depth,32,n_gt,6.333333333333333
VID28_s15_0_crop,depth,32,n_pred,3.7
VID28_s15_0_crop,depth,32,n_reg,3.7
VID28_s15_0_crop,depth,48,f1@0.5,0.3362809412809412
VID28_s15_0_crop,depth,48,f1@0.75,0.1432234432234432
VID28_s15_0_crop,depth,48,miou,0.3332103959192319
VID28_s15_0_crop,depth,48,n_gt,6.333333333333333
VID28_s15_0_crop,depth,48,n_pred,2.7333333333333334
VID28_s15_0_crop,depth,48,n_reg,2.7333333333333334
VID28_s15_0_crop,normal,4,f1@0.5,0.3983524808524808
VID28_s15_0_crop,normal,4,f1@0.75,0.1527317127317127
VID28_s15_0_crop,normal,4,miou,0.5295618590306423
VID28_s15_0_crop,normal,4,n_gt,6.333333333333333
VID28_s15_0_crop,normal,4,n_pred,6.433333333333334
VID28_s15_0_crop,normal,4,n_reg,6.933333333333334
VID28_s15_0_crop,normal,6,f1@0.5,0.3677031465266759
VID28_s15_0_crop,normal,6,f1@0.75,0.0830050505050505
VID28_s15_0_crop,normal,6,miou,0.5299800702516181
VID28_s15_0_crop,normal,6,n_gt,6.333333333333333
VID28_s15_0_crop,normal,6,n_pred,6.7
VID28_s15_0_crop,normal,6,n_reg,7.0
VID28_s15_0_crop,normal,8,f1@0.5,0.376913511325276
VID28_s15_0_crop,normal,8,f1@0.75,0.0938496960555784
VID28_s15_0_crop,normal,8,miou,0.5313331766632795
VID28_s15_0_crop,normal,8,n_gt,6.333333333333333
VID28_s15_0_crop,normal,8,n_pred,6.8
VID28_s15_0_crop,normal,8,n_reg,7.066666666666666
VID28_s15_0_crop,normal,12,f1@0.5,0.3399851292498351
VID28_s15_0_crop,normal,12,f1@0.75,0.0977348740584034
VID28_s15_0_crop,normal,12,miou,0.5303420873097697
VID28_s15_0_crop,normal,12,n_gt,6.333333333333333
VID28_s15_0_crop,normal,12,n_pred,7.9
VID28_s15_0_crop,normal,12,n_reg,8.4
VID28_s15_0_crop,normal,16,f1@0.5,0.340900880165586
VID28_s15_0_crop,normal,16,f1@0.75,0.086259617289029
VID28_s15_0_crop,normal,16,miou,0.5300081138812532
VID28_s15_0_crop,normal,16,n_gt,6.333333333333333
VID28_s15_0_crop,normal,16,n_pred,7.866666666666666
VID28_s15_0_crop,normal,16,n_reg,8.366666666666667
VID28_s15_0_crop,normal,24,f1@0.5,0.4527598327598328
VID28_s15_0_crop,normal,24,f1@0.75,0.1817316942316942
VID28_s15_0_crop,normal,24,miou,0.5368608568187315
VID28_s15_0_crop,normal,24,n_gt,6.333333333333333
VID28_s15_0_crop,normal,24,n_pred,5.7
VID28_s15_0_crop,normal,24,n_reg,6.0
VID28_s15_0_crop,normal,32,f1@0.5,0.3293920567449979
VID28_s15_0_crop,normal,32,f1@0.75,0.0771966160201454
VID28_s15_0_crop,normal,32,miou,0.5310707629970655
VID28_s15_0_crop,normal,32,n_gt,6.333333333333333
VID28_s15_0_crop,normal,32,n_pred,8.066666666666666
VID28_s15_0_crop,normal,32,n_reg,8.466666666666667
VID28_s15_0_crop,normal,48,f1@0.5,0.3908011433011433
VID28_s15_0_crop,normal,48,f1@0.75,0.1383750508750508
VID28_s15_0_crop,normal,48,miou,0.5403714182619833
VID28_s15_0_crop,normal,48,n_gt,6.333333333333333
VID28_s15_0_crop,normal,48,n_pred,6.966666666666667
VID28_s15_0_crop,normal,48,n_reg,7.566666666666666
VID28_s15_0_crop,rgb,4,f1@0.5,0.3995781995781995
VID28_s15_0_crop,rgb,4,f1@0.75,0.1783629333629333
VID28_s15_0_crop,rgb,4,miou,0.3205920295346918
VID28_s15_0_crop,rgb,4,n_gt,6.333333333333333
VID28_s15_0_crop,rgb,4,n_pred,2.6666666666666665
VID28_s15_0_crop,rgb,4,n_reg,2.7666666666666666
VID28_s15_0_crop,rgb,6,f1@0.5,0.5664063714063714
VID28_s15_0_crop,rgb,6,f1@0.75,0.3283834683834684
VID28_s15_0_crop,rgb,6,miou,0.5741160166726622
VID28_s15_0_crop,rgb,6,n_gt,6.333333333333333
VID28_s15_0_crop,rgb,6,n_pred,4.766666666666667
VID28_s15_0_crop,rgb,6,n_reg,4.966666666666667
VID28_s15_0_crop,rgb,8,f1@0.5,0.4146471121471122
VID28_s15_0_crop,rgb,8,f1@0.75,0.155536963036963
VID28_s15_0_crop,rgb,8,miou,0.4471688170294551
VID28_s15_0_crop,rgb,8,n_gt,6.333333333333333
VID28_s15_0_crop,rgb,8,n_pred,5.633333333333334
VID28_s15_0_crop,rgb,8,n_reg,6.433333333333334
VID28_s15_0_crop,rgb,12,f1@0.5,0.4110264080206198
VID28_s15_0_crop,rgb,12,f1@0.75,0.1613828928931903
VID28_s15_0_crop,rgb,12,miou,0.5903697407177335
VID28_s15_0_crop,rgb,12,n_gt,6.333333333333333
VID28_s15_0_crop,rgb,12,n_pred,11.966666666666669
VID28_s15_0_crop,rgb,12,n_reg,13.033333333333331
VID28_s15_0_crop,rgb,16,f1@0.5,0.3350024489925553
VID28_s15_0_crop,rgb,16,f1@0.75,0.0833379542290566
VID28_s15_0_crop,rgb,16,miou,0.43909975202146
VID28_s15_0_crop,rgb,16,n_gt,6.333333333333333
VID28_s15_0_crop,rgb,16,n_pred,11.133333333333333
VID28_s15_0_crop,rgb,16,n_reg,12.266666666666667
VID28_s15_0_crop,rgb,24,f1@0.5,0.2903961614573367
VID28_s15_0_crop,rgb,24,f1@0.75,0.1034431346162686
VID28_s15_0_crop,rgb,24,miou,0.5036201542571137
VID28_s15_0_crop,rgb,24,n_gt,6.333333333333333
VID28_s15_0_crop,rgb,24,n_pred,14.566666666666666
VID28_s15_0_crop,rgb,24,n_reg,16.1
VID28_s15_0_crop,rgb,32,f1@0.5,0.2787036985349888
VID28_s15_0_crop,rgb,32,f1@0.75,0.05739277757842
VID28_s15_0_crop,rgb,32,miou,0.4369372334895269
VID28_s15_0_crop,rgb,32,n_gt,6.333333333333333
VID28_s15_0_crop,rgb,32,n_pred,14.533333333333331
VID28_s15_0_crop,rgb,32,n_reg,16.233333333333334
VID28_s15_0_crop,rgb,48,f1@0.5,0.3593923612853118
VID28_s15_0_crop,rgb,48,f1@0.75,0.1454344420820741
VID28_s15_0_crop,rgb,48,miou,0.5948262829471123
VID28_s15_0_crop,rgb,48,n_gt,6.333333333333333
VID28_s15_0_crop,rgb,48,n_pred,14.8
VID28_s15_0_crop,rgb,48,n_reg,16.333333333333332
VID35_s15_780_crop,depth,4,f1@0.5,0.4284722222222222
VID35_s15_780_crop,depth,4,f1@0.75,0.015625
VID35_s15_780_crop,depth,4,miou,0.3495869211551579
VID35_s15_780_crop,depth,4,n_gt,5.875
VID35_s15_780_crop,depth,4,n_pred,3.0
VID35_s15_780_crop,depth,4,n_reg,3.0
VID35_s15_780_crop,depth,6,f1@0.5,0.5878787878787879
VID35_s15_780_crop,depth,6,f1@0.75,0.2035353535353535
VID35_s15_780_crop,depth,6,miou,0.3900145947842152
VID35_s15_780_crop,depth,6,n_gt,5.875
VID35_s15_780_crop,depth,6,n_pred,4.0
VID35_s15_780_crop,depth,6,n_reg,4.0
VID35_s15_780_crop,depth,8,f1@0.5,0.5359848484848484
VID35_s15_780_crop,depth,8,f1@0.75,0.1401515151515151
VID35_s15_780_crop,depth,8,miou,0.386863450675237
VID35_s15_780_crop,depth,8,n_gt,5.875
VID35_s15_780_crop,depth,8,n_pred,4.9375
VID35_s15_780_crop,depth,8,n_reg,5.0
VID35_s15_780_crop,depth,12,f1@0.5,0.5537878787878787
VID35_s15_780_crop,depth,12,f1@0.75,0.1452020202020202
VID35_s15_780_crop,depth,12,miou,0.3980798010100762
VID35_s15_780_crop,depth,12,n_gt,5.875
VID35_s15_780_crop,depth,12,n_pred,4.625
VID35_s15_780_crop,depth,12,n_reg,4.8125
VID35_s15_780_crop,depth,16,f1@0.5,0.5331439393939393
VID35_s15_780_crop,depth,16,f1@0.75,0.1392045454545454
VID35_s15_780_crop,depth,16,miou,0.3905844306459647
VID35_s15_780_crop,depth,16,n_gt,5.875
VID35_s15_780_crop,depth,16,n_pred,5.0
VID35_s15_780_crop,depth,16,n_reg,5.0
VID35_s15_780_crop,depth,24,f1@0.5,0.5049388111888111
VID35_s15_780_crop,depth,24,f1@0.75,0.132298951048951
VID35_s15_780_crop,depth,24,miou,0.4026748982845964
VID35_s15_780_crop,depth,24,n_gt,5.875
VID35_s15_780_crop,depth,24,n_pred,5.625
VID35_s15_780_crop,depth,24,n_reg,5.8125
VID35_s15_780_crop,depth,32,f1@0.5,0.5331439393939393
VID35_s15_780_crop,depth,32,f1@0.75,0.1392045454545454
VID35_s15_780_crop,depth,32,miou,0.3908723296548034
VID35_s15_780_crop,depth,32,n_gt,5.875
VID35_s15_780_crop,depth,32,n_pred,5.0
VID35_s15_780_crop,depth,32,n_reg,5.0
VID35_s15_780_crop,depth,48,f1@0.5,0.3291812354312354
VID35_s15_780_crop,depth,48,f1@0.75,0.1368006993006993
VID35_s15_780_crop,depth,48,miou,0.3718100882229189
VID35_s15_780_crop,depth,48,n_gt,5.875
VID35_s15_780_crop,depth,48,n_pred,6.0
VID35_s15_780_crop,depth,48,n_reg,6.0
VID35_s15_780_crop,normal,4,f1@0.5,0.7381313131313132
VID35_s15_780_crop,normal,4,f1@0.75,0.6742424242424243
VID35_s15_780_crop,normal,4,miou,0.8630948512495333
VID35_s15_780_crop,normal,4,n_gt,5.875
VID35_s15_780_crop,normal,4,n_pred,4.5625
VID35_s15_780_crop,normal,4,n_reg,4.875
VID35_s15_780_crop,normal,6,f1@0.5,0.6546765734265735
VID35_s15_780_crop,normal,6,f1@0.75,0.4445804195804196
VID35_s15_780_crop,normal,6,miou,0.7319187297278389
VID35_s15_780_crop,normal,6,n_gt,5.875
VID35_s15_780_crop,normal,6,n_pred,5.6875
VID35_s15_780_crop,normal,6,n_reg,5.9375
VID35_s15_780_crop,normal,8,f1@0.5,0.6983245920745921
VID35_s15_780_crop,normal,8,f1@0.75,0.5879516317016317
VID35_s15_780_crop,normal,8,miou,0.8484148686194901
VID35_s15_780_crop,normal,8,n_gt,5.875
VID35_s15_780_crop,normal,8,n_pred,5.5
VID35_s15_780_crop,normal,8,n_reg,6.3125
VID35_s15_780_crop,normal,12,f1@0.5,0.6732309357309357
VID35_s15_780_crop,normal,12,f1@0.75,0.5116196303696303
VID35_s15_780_crop,normal,12,miou,0.7692393114236935
VID35_s15_780_crop,normal,12,n_gt,5.875
VID35_s15_780_crop,normal,12,n_pred,5.9375
VID35_s15_780_crop,normal,12,n_reg,6.5
VID35_s15_780_crop,normal,16,f1@0.5,0.6732309357309357
VID35_s15_780_crop,normal,16,f1@0.75,0.5140546953046953
VID35_s15_780_crop,normal,16,miou,0.7793946098622326
VID35_s15_780_crop,normal,16,n_gt,5.875
VID35_s15_780_crop,normal,16,n_pred,5.9375
VID35_s15_780_crop,normal,16,n_reg,6.5
VID35_s15_780_crop,normal,24,f1@0.5,0.6955065767565768
VID35_s15_780_crop,normal,24,f1@0.75,0.5763195138195139
VID35_s15_780_crop,normal,24,miou,0.8591675672753789
VID35_s15_780_crop,normal,24,n_gt,5.875
VID35_s15_780_crop,normal,24,n_pred,5.9375
VID35_s15_780_crop,normal,24,n_reg,6.4375
VID35_s15_780_crop,normal,32,f1@0.5,0.7021124708624709
VID35_s15_780_crop,normal,32,f1@0.75,0.6021561771561772
VID35_s15_780_crop,normal,32,miou,0.846843753624383
VID35_s15_780_crop,normal,32,n_gt,5.875
VID35_s15_780_crop,normal,32,n_pred,5.4375
VID35_s15_780_crop,normal,32,n_reg,6.25
VID35_s15_780_crop,normal,48,f1@0.5,0.6741113053613054
VID35_s15_780_crop,normal,48,f1@0.75,0.5225815850815851
VID35_s15_780_crop,normal,48,miou,0.7620355968865404
VID35_s15_780_crop,normal,48,n_gt,5.875
VID35_s15_780_crop,normal,48,n_pred,5.75
VID35_s15_780_crop,normal,48,n_reg,6.3125
VID35_s15_780_crop,rgb,4,f1@0.5,0.728219696969697
VID35_s15_780_crop,rgb,4,f1@0.75,0.484280303030303
VID35_s15_780_crop,rgb,4,miou,0.8453114131658994
VID35_s15_780_crop,rgb,4,n_gt,5.875
VID35_s15_780_crop,rgb,4,n_pred,5.0
VID35_s15_780_crop,rgb,4,n_reg,5.0
VID35_s15_780_crop,rgb,6,f1@0.5,0.6835664335664335
VID35_s15_780_crop,rgb,6,f1@0.75,0.5013111888111887
VID35_s15_780_crop,rgb,6,miou,0.6864377176639307
VID35_s15_780_crop,rgb,6,n_gt,5.875
VID35_s15_780_crop,rgb,6,n_pred,5.875
VID35_s15_780_crop,rgb,6,n_reg,6.0
VID35_s15_780_crop,rgb,8,f1@0.5,0.6801323676323676
VID35_s15_780_crop,rgb,8,f1@0.75,0.5341117216117216
VID35_s15_780_crop,rgb,8,miou,0.6862895979339296
VID35_s15_780_crop,rgb,8,n_gt,5.875
VID35_s15_780_crop,rgb,8,n_pred,6.125
VID35_s15_780_crop,rgb,8,n_reg,6.25
VID35_s15_780_crop,rgb,12,f1@0.5,0.696823489010989
VID35_s15_780_crop,rgb,12,f1@0.75,0.4095924908424908
VID35_s15_780_crop,rgb,12,miou,0.8813993015227451
VID35_s15_780_crop,rgb,12,n_gt,5.875
VID35_s15_780_crop,rgb,12,n_pred,8.6875
VID35_s15_780_crop,rgb,12,n_reg,9.1875
VID35_s15_780_crop,rgb,16,f1@0.5,0.70439942002442
VID35_s15_780_crop,rgb,16,f1@0.75,0.4552884615384615
VID35_s15_780_crop,rgb,16,miou,0.9147853827914306
VID35_s15_780_crop,rgb,16,n_gt,5.875
VID35_s15_780_crop,rgb,16,n_pred,8.75
VID35_s15_780_crop,rgb,16,n_reg,9.5625
VID35_s15_780_crop,rgb,24,f1@0.5,0.6927470507433743
VID35_s15_780_crop,rgb,24,f1@0.75,0.4398291047188106
VID35_s15_780_crop,rgb,24,miou,0.9157747035954448
VID35_s15_780_crop,rgb,24,n_gt,5.875
VID35_s15_780_crop,rgb,24,n_pred,9.0
VID35_s15_780_crop,rgb,24,n_reg,10.3125
VID35_s15_780_crop,rgb,32,f1@0.5,0.6701041879302329
VID35_s15_780_crop,rgb,32,f1@0.75,0.3824849524830175
VID35_s15_780_crop,rgb,32,miou,0.887742711588802
VID35_s15_780_crop,rgb,32,n_gt,5.875
VID35_s15_780_crop,rgb,32,n_pred,9.5
VID35_s15_780_crop,rgb,32,n_reg,10.75
VID35_s15_780_crop,rgb,48,f1@0.5,0.6781399022159471
VID35_s15_780_crop,rgb,48,f1@0.75,0.387023642959208
VID35_s15_780_crop,rgb,48,miou,0.9070110517825164
VID35_s15_780_crop,rgb,48,n_gt,5.875
VID35_s15_780_crop,rgb,48,n_pred,9.3125
VID35_s15_780_crop,rgb,48,n_reg,10.1875
VID37_s15_528_crop,depth,4,f1@0.5,0.2477373737373737
VID37_s15_528_crop,depth,4,f1@0.75,0.1988484848484848
VID37_s15_528_crop,depth,4,miou,0.322361100639701
VID37_s15_528_crop,depth,4,n_gt,7.2
VID37_s15_528_crop,depth,4,n_pred,2.96
VID37_s15_528_crop,depth,4,n_reg,2.96
VID37_s15_528_crop,depth,6,f1@0.5,0.2477373737373737
VID37_s15_528_crop,depth,6,f1@0.75,0.1988484848484848
VID37_s15_528_crop,depth,6,miou,0.321197132258782
VID37_s15_528_crop,depth,6,n_gt,7.2
VID37_s15_528_crop,depth,6,n_pred,2.96
VID37_s15_528_crop,depth,6,n_reg,2.96
VID37_s15_528_crop,depth,8,f1@0.5,0.2477373737373737
VID37_s15_528_crop,depth,8,f1@0.75,0.1988484848484848
VID37_s15_528_crop,depth,8,miou,0.3209500133237922
VID37_s15_528_crop,depth,8,n_gt,7.2
VID37_s15_528_crop,depth,8,n_pred,2.96
VID37_s15_528_crop,depth,8,n_reg,2.96
VID37_s15_528_crop,depth,12,f1@0.5,0.2477373737373737
VID37_s15_528_crop,depth,12,f1@0.75,0.1988484848484848
VID37_s15_528_crop,depth,12,miou,0.3205549592067603
VID37_s15_528_crop,depth,12,n_gt,7.2
VID37_s15_528_crop,depth,12,n_pred,2.96
VID37_s15_528_crop,depth,12,n_reg,2.96
VID37_s15_528_crop,depth,16,f1@0.5,0.2287972027972028
VID37_s15_528_crop,depth,16,f1@0.75,0.1836006216006216
VID37_s15_528_crop,depth,16,miou,0.3231572816546573
VID37_s15_528_crop,depth,16,n_gt,7.2
VID37_s15_528_crop,depth,16,n_pred,3.84
VID37_s15_528_crop,depth,16,n_reg,3.84
VID37_s15_528_crop,depth,24,f1@0.5,0.2477373737373737
VID37_s15_528_crop,depth,24,f1@0.75,0.1988484848484848
VID37_s15_528_crop,depth,24,miou,0.3211045423909589
VID37_s15_528_crop,depth,24,n_gt,7.2
VID37_s15_528_crop,depth,24,n_pred,2.96
VID37_s15_528_crop,depth,24,n_reg,2.96
VID37_s15_528_crop,depth,32,f1@0.5,0.2477373737373737
VID37_s15_528_crop,depth,32,f1@0.75,0.1988484848484848
VID37_s15_528_crop,depth,32,miou,0.3211385892645449
VID37_s15_528_crop,depth,32,n_gt,7.2
VID37_s15_528_crop,depth,32,n_pred,2.96
VID37_s15_528_crop,depth,32,n_reg,2.96
VID37_s15_528_crop,depth,48,f1@0.5,0.255948717948718
VID37_s15_528_crop,depth,48,f1@0.75,0.1818228438228438
VID37_s15_528_crop,depth,48,miou,0.3401510342997326
VID37_s15_528_crop,depth,48,n_gt,7.2
VID37_s15_528_crop,depth,48,n_pred,3.92
VID37_s15_528_crop,depth,48,n_reg,3.92
VID37_s15_528_crop,normal,4,f1@0.5,0.3767192807192807
VID37_s15_528_crop,normal,4,f1@0.75,0.1713433233433233
VID37_s15_528_crop,normal,4,miou,0.4735570422508226
VID37_s15_528_crop,normal,4,n_gt,7.2
VID37_s15_528_crop,normal,4,n_pred,4.96
VID37_s15_528_crop,normal,4,n_reg,5.32
VID37_s15_528_crop,normal,6,f1@0.5,0.3779007659007659
VID37_s15_528_crop,normal,6,f1@0.75,0.1564448884448884
VID37_s15_528_crop,normal,6,miou,0.5085878605717438
VID37_s15_528_crop,normal,6,n_gt,7.2
VID37_s15_528_crop,normal,6,n_pred,6.12
VID37_s15_528_crop,normal,6,n_reg,6.96
VID37_s15_528_crop,normal,8,f1@0.5,0.2555727213962508
VID37_s15_528_crop,normal,8,f1@0.75,0.1378564964447317
VID37_s15_528_crop,normal,8,miou,0.5151817181675468
VID37_s15_528_crop,normal,8,n_gt,7.2
VID37_s15_528_crop,normal,8,n_pred,7.92
VID37_s15_528_crop,normal,8,n_reg,8.6
VID37_s15_528_crop,normal,12,f1@0.5,0.2635444947209653
VID37_s15_528_crop,normal,12,f1@0.75,0.1394363283775048
VID37_s15_528_crop,normal,12,miou,0.5157142343307626
VID37_s15_528_crop,normal,12,n_gt,7.2
VID37_s15_528_crop,normal,12,n_pred,7.76
VID37_s15_528_crop,normal,12,n_reg,8.68
VID37_s15_528_crop,normal,16,f1@0.5,0.245825755943403
VID37_s15_528_crop,normal,16,f1@0.75,0.1330777849601379
VID37_s15_528_crop,normal,16,miou,0.5197000754895439
VID37_s15_528_crop,normal,16,n_gt,7.2
VID37_s15_528_crop,normal,16,n_pred,8.48
VID37_s15_528_crop,normal,16,n_reg,9.6
VID37_s15_528_crop,normal,24,f1@0.5,0.2490902822667528
VID37_s15_528_crop,normal,24,f1@0.75,0.1398758888170652
VID37_s15_528_crop,normal,24,miou,0.5144864424161709
VID37_s15_528_crop,normal,24,n_gt,7.2
VID37_s15_528_crop,normal,24,n_pred,7.72
VID37_s15_528_crop,normal,24,n_reg,8.64
VID37_s15_528_crop,normal,32,f1@0.5,0.2483210514975221
VID37_s15_528_crop,normal,32,f1@0.75,0.1397110536522301
VID37_s15_528_crop,normal,32,miou,0.5167545566826188
VID37_s15_528_crop,normal,32,n_gt,7.2
VID37_s15_528_crop,normal,32,n_pred,7.72
VID37_s15_528_crop,normal,32,n_reg,8.64
VID37_s15_528_crop,normal,48,f1@0.5,0.2454016375781081
VID37_s15_528_crop,normal,48,f1@0.75,0.1408648998060762
VID37_s15_528_crop,normal,48,miou,0.5146532502986119
VID37_s15_528_crop,normal,48,n_gt,7.2
VID37_s15_528_crop,normal,48,n_pred,7.6
VID37_s15_528_crop,normal,48,n_reg,8.6
VID37_s15_528_crop,rgb,4,f1@0.5,0.5122822667528549
VID37_s15_528_crop,rgb,4,f1@0.75,0.2533023055375996
VID37_s15_528_crop,rgb,4,miou,0.6577964275939833
VID37_s15_528_crop,rgb,4,n_gt,7.2
VID37_s15_528_crop,rgb,4,n_pred,7.96
VID37_s15_528_crop,rgb,4,n_reg,7.96
VID37_s15_528_crop,rgb,6,f1@0.5,0.4405353088603862
VID37_s15_528_crop,rgb,6,f1@0.75,0.2105529510049633
VID37_s15_528_crop,rgb,6,miou,0.6998951064475624
VID37_s15_528_crop,rgb,6,n_gt,7.2
VID37_s15_528_crop,rgb,6,n_pred,11.28
VID37_s15_528_crop,rgb,6,n_reg,11.48
VID37_s15_528_crop,rgb,8,f1@0.5,0.4637584156469605
VID37_s15_528_crop,rgb,8,f1@0.75,0.1682626173276328
VID37_s15_528_crop,rgb,8,miou,0.8152450222697759
VID37_s15_528_crop,rgb,8,n_gt,7.2
VID37_s15_528_crop,rgb,8,n_pred,11.92
VID37_s15_528_crop,rgb,8,n_reg,12.48
VID37_s15_528_crop,rgb,12,f1@0.5,0.4672874164019674
VID37_s15_528_crop,rgb,12,f1@0.75,0.2367587819816922
VID37_s15_528_crop,rgb,12,miou,0.8154213741424503
VID37_s15_528_crop,rgb,12,n_gt,7.2
VID37_s15_528_crop,rgb,12,n_pred,12.4
VID37_s15_528_crop,rgb,12,n_reg,12.52
VID37_s15_528_crop,rgb,16,f1@0.5,0.4847469034517628
VID37_s15_528_crop,rgb,16,f1@0.75,0.2566562746148423
VID37_s15_528_crop,rgb,16,miou,0.874468919929294
VID37_s15_528_crop,rgb,16,n_gt,7.2
VID37_s15_528_crop,rgb,16,n_pred,15.04
VID37_s15_528_crop,rgb,16,n_reg,16.32
VID37_s15_528_crop,rgb,24,f1@0.5,0.4338519724095172
VID37_s15_528_crop,rgb,24,f1@0.75,0.1801717430055026
VID37_s15_528_crop,rgb,24,miou,0.8281335132667058
VID37_s15_528_crop,rgb,24,n_gt,7.2
VID37_s15_528_crop,rgb,24,n_pred,14.44
VID37_s15_528_crop,rgb,24,n_reg,14.76
VID37_s15_528_crop,rgb,32,f1@0.5,0.4380878833584716
VID37_s15_528_crop,rgb,32,f1@0.75,0.1839306950130479
VID37_s15_528_crop,rgb,32,miou,0.8633325407471054
VID37_s15_528_crop,rgb,32,n_gt,7.2
VID37_s15_528_crop,rgb,32,n_pred,16.52
VID37_s15_528_crop,rgb,32,n_reg,17.72
VID37_s15_528_crop,rgb,48,f1@0.5,0.4166279241465673
VID37_s15_528_crop,rgb,48,f1@0.75,0.1747471816019938
VID37_s15_528_crop,rgb,48,miou,0.8236108414524128
VID37_s15_528_crop,rgb,48,n_gt,7.2
VID37_s15_528_crop,rgb,48,n_pred,15.08
VID37_s15_528_crop,rgb,48,n_reg,15.56
VID43_s15_387_crop,depth,4,f1@0.5,0.6553462496109556
VID43_s15_387_crop,depth,4,f1@0.75,0.5984220354808589
VID43_s15_387_crop,depth,4,miou,0.3640569249560711
VID43_s15_387_crop,depth,4,n_gt,8.7
VID43_s15_387_crop,depth,4,n_pred,4.7
VID43_s15_387_crop,depth,4,n_reg,4.733333333333333
VID43_s15_387_crop,depth,6,f1@0.5,0.8049177757227294
VID43_s15_387_crop,depth,6,f1@0.75,0.6596337248349632
VID43_s15_387_crop,depth,6,miou,0.680163528546421
VID43_s15_387_crop,depth,6,n_gt,8.7
VID43_s15_387_crop,depth,6,n_pred,7.266666666666667
VID43_s15_387_crop,depth,6,n_reg,7.4
VID43_s15_387_crop,depth,8,f1@0.5,0.768971150395299
VID43_s15_387_crop,depth,8,f1@0.75,0.6136854912087111
VID43_s15_387_crop,depth,8,miou,0.6746785766998197
VID43_s15_387_crop,depth,8,n_gt,8.7
VID43_s15_387_crop,depth,8,n_pred,6.7
VID43_s15_387_crop,depth,8,n_reg,6.733333333333333
VID43_s15_387_crop,depth,12,f1@0.5,0.7482394488896037
VID43_s15_387_crop,depth,12,f1@0.75,0.5387673431945877
VID43_s15_387_crop,depth,12,miou,0.676811784904052
VID43_s15_387_crop,depth,12,n_gt,8.7
VID43_s15_387_crop,depth,12,n_pred,6.6
VID43_s15_387_crop,depth,12,n_reg,6.733333333333333
VID43_s15_387_crop,depth,16,f1@0.5,0.7543000549502098
VID43_s15_387_crop,depth,16,f1@0.75,0.5443228987501434
VID43_s15_387_crop,depth,16,miou,0.6782188976639981
VID43_s15_387_crop,depth,16,n_gt,8.7
VID43_s15_387_crop,depth,16,n_pred,6.6
VID43_s15_387_crop,depth,16,n_reg,6.733333333333333
VID43_s15_387_crop,depth,24,f1@0.5,0.7543000549502098
VID43_s15_387_crop,depth,24,f1@0.75,0.5406191950464396
VID43_s15_387_crop,depth,24,miou,0.6797364244469173
VID43_s15_387_crop,depth,24,n_gt,8.7
VID43_s15_387_crop,depth,24,n_pred,6.6
VID43_s15_387_crop,depth,24,n_reg,6.733333333333333
VID43_s15_387_crop,depth,32,f1@0.5,0.798025674302764
VID43_s15_387_crop,depth,32,f1@0.75,0.6467024034903291
VID43_s15_387_crop,depth,32,miou,0.6750568544868545
VID43_s15_387_crop,depth,32,n_gt,8.7
VID43_s15_387_crop,depth,32,n_pred,5.9
VID43_s15_387_crop,depth,32,n_reg,6.066666666666666
VID43_s15_387_crop,depth,48,f1@0.5,0.7913590076360975
VID43_s15_387_crop,depth,48,f1@0.75,0.631646790601899
VID43_s15_387_crop,depth,48,miou,0.6734213490502263
VID43_s15_387_crop,depth,48,n_gt,8.7
VID43_s15_387_crop,depth,48,n_pred,5.9
VID43_s15_387_crop,depth,48,n_reg,6.033333333333333
VID43_s15_387_crop,normal,4,f1@0.5,0.688911267610958
VID43_s15_387_crop,normal,4,f1@0.75,0.5866781930946018
VID43_s15_387_crop,normal,4,miou,0.5495978172025762
VID43_s15_387_crop,normal,4,n_gt,8.7
VID43_s15_387_crop,normal,4,n_pred,5.7
VID43_s15_387_crop,normal,4,n_reg,5.8
VID43_s15_387_crop,normal,6,f1@0.5,0.7800822615064101
VID43_s15_387_crop,normal,6,f1@0.75,0.6337694950388448
VID43_s15_387_crop,normal,6,miou,0.701736615806701
VID43_s15_387_crop,normal,6,n_gt,8.7
VID43_s15_387_crop,normal,6,n_pred,6.7
VID43_s15_387_crop,normal,6,n_reg,6.766666666666667
VID43_s15_387_crop,normal,8,f1@0.5,0.7767489281730768
VID43_s15_387_crop,normal,8,f1@0.75,0.6540510515742713
VID43_s15_387_crop,normal,8,miou,0.7044994353943533
VID43_s15_387_crop,normal,8,n_gt,8.7
VID43_s15_387_crop,normal,8,n_pred,6.7
VID43_s15_387_crop,normal,8,n_reg,6.733333333333333
VID43_s15_387_crop,normal,12,f1@0.5,0.8037024267442223
VID43_s15_387_crop,normal,12,f1@0.75,0.5477587276271486
VID43_s15_387_crop,normal,12,miou,0.8443108242890816
VID43_s15_387_crop,normal,12,n_gt,8.7
VID43_s15_387_crop,normal,12,n_pred,7.033333333333333
VID43_s15_387_crop,normal,12,n_reg,7.1
VID43_s15_387_crop,normal,16,f1@0.5,0.7249172081215425
VID43_s15_387_crop,normal,16,f1@0.75,0.4958711607163619
VID43_s15_387_crop,normal,16,miou,0.8504048090023654
VID43_s15_387_crop,normal,16,n_gt,8.7
VID43_s15_387_crop,normal,16,n_pred,8.6
VID43_s15_387_crop,normal,16,n_reg,8.733333333333333
VID43_s15_387_crop,normal,24,f1@0.5,0.7751506551583951
VID43_s15_387_crop,normal,24,f1@0.75,0.5410209681958909
VID43_s15_387_crop,normal,24,miou,0.8559933789222931
VID43_s15_387_crop,normal,24,n_gt,8.7
VID43_s15_387_crop,normal,24,n_pred,7.633333333333334
VID43_s15_387_crop,normal,24,n_reg,7.733333333333333
VID43_s15_387_crop,normal,32,f1@0.5,0.7571517809675704
VID43_s15_387_crop,normal,32,f1@0.75,0.5135401002506266
VID43_s15_387_crop,normal,32,miou,0.848868287220807
VID43_s15_387_crop,normal,32,n_gt,8.7
VID43_s15_387_crop,normal,32,n_pred,8.333333333333334
VID43_s15_387_crop,normal,32,n_reg,8.366666666666667
VID43_s15_387_crop,normal,48,f1@0.5,0.6857200694042799
VID43_s15_387_crop,normal,48,f1@0.75,0.4554055544845018
VID43_s15_387_crop,normal,48,miou,0.8630749362707869
VID43_s15_387_crop,normal,48,n_gt,8.7
VID43_s15_387_crop,normal,48,n_pred,8.033333333333333
VID43_s15_387_crop,normal,48,n_reg,8.066666666666666
VID43_s15_387_crop,rgb,4,f1@0.5,0.6619644888994733
VID43_s15_387_crop,rgb,4,f1@0.75,0.568075820521641
VID43_s15_387_crop,rgb,4,miou,0.5701864006663
VID43_s15_387_crop,rgb,4,n_gt,8.7
VID43_s15_387_crop,rgb,4,n_pred,6.366666666666666
VID43_s15_387_crop,rgb,4,n_reg,6.433333333333334
VID43_s15_387_crop,rgb,6,f1@0.5,0.6583028107158542
VID43_s15_387_crop,rgb,6,f1@0.75,0.5519363929146538
VID43_s15_387_crop,rgb,6,miou,0.7260666465798915
VID43_s15_387_crop,rgb,6,n_gt,8.7
VID43_s15_387_crop,rgb,6,n_pred,10.066666666666666
VID43_s15_387_crop,rgb,6,n_reg,10.4
VID43_s15_387_crop,rgb,8,f1@0.5,0.6584890222025772
VID43_s15_387_crop,rgb,8,f1@0.75,0.5125100263003076
VID43_s15_387_crop,rgb,8,miou,0.908918625279048
VID43_s15_387_crop,rgb,8,n_gt,8.7
VID43_s15_387_crop,rgb,8,n_pred,10.9
VID43_s15_387_crop,rgb,8,n_reg,11.0
VID43_s15_387_crop,rgb,12,f1@0.5,0.7611648319474406
VID43_s15_387_crop,rgb,12,f1@0.75,0.6504361001317523
VID43_s15_387_crop,rgb,12,miou,0.9141928986721112
VID43_s15_387_crop,rgb,12,n_gt,8.7
VID43_s15_387_crop,rgb,12,n_pred,10.633333333333333
VID43_s15_387_crop,rgb,12,n_reg,11.533333333333331
VID43_s15_387_crop,rgb,16,f1@0.5,0.5993179368587455
VID43_s15_387_crop,rgb,16,f1@0.75,0.3891982712882789
VID43_s15_387_crop,rgb,16,miou,0.9048894942757808
VID43_s15_387_crop,rgb,16,n_gt,8.7
VID43_s15_387_crop,rgb,16,n_pred,12.733333333333333
VID43_s15_387_crop,rgb,16,n_reg,14.533333333333331
VID43_s15_387_crop,rgb,24,f1@0.5,0.5814784247873492
VID43_s15_387_crop,rgb,24,f1@0.75,0.3734765807122786
VID43_s15_387_crop,rgb,24,miou,0.9026076425842928
VID43_s15_387_crop,rgb,24,n_gt,8.7
VID43_s15_387_crop,rgb,24,n_pred,13.7
VID43_s15_387_crop,rgb,24,n_reg,14.8
VID43_s15_387_crop,rgb,32,f1@0.5,0.5642808181871204
VID43_s15_387_crop,rgb,32,f1@0.75,0.3501639981063133
VID43_s15_387_crop,rgb,32,miou,0.8921658179423855
VID43_s15_387_crop,rgb,32,n_gt,8.7
VID43_s15_387_crop,rgb,32,n_pred,14.233333333333333
VID43_s15_387_crop,rgb,32,n_reg,14.9
VID43_s15_387_crop,rgb,48,f1@0.5,0.601393640176249
VID43_s15_387_crop,rgb,48,f1@0.75,0.4689444179009396
VID43_s15_387_crop,rgb,48,miou,0.9078649556361434
VID43_s15_387_crop,rgb,48,n_gt,8.7
VID43_s15_387_crop,rgb,48,n_pred,13.033333333333331
VID43_s15_387_crop,rgb,48,n_reg,14.133333333333333
VID43_s15_67_crop,depth,4,f1@0.5,0.6148494838494838
VID43_s15_67_crop,depth,4,f1@0.75,0.36798334998335
VID43_s15_67_crop,depth,4,miou,0.6587365556371053
VID43_s15_67_crop,depth,4,n_gt,6.72
VID43_s15_67_crop,depth,4,n_pred,5.12
VID43_s15_67_crop,depth,4,n_reg,5.88
VID43_s15_67_crop,depth,6,f1@0.5,0.5574144613556379
VID43_s15_67_crop,depth,6,f1@0.75,0.3415726038667215
VID43_s15_67_crop,depth,6,miou,0.632750754437524
VID43_s15_67_crop,depth,6,n_gt,6.72
VID43_s15_67_crop,depth,6,n_pred,5.88
VID43_s15_67_crop,depth,6,n_reg,5.88
VID43_s15_67_crop,depth,8,f1@0.5,0.5488090928679165
VID43_s15_67_crop,depth,8,f1@0.75,0.3215093729799612
VID43_s15_67_crop,depth,8,miou,0.6454623394637946
VID43_s15_67_crop,depth,8,n_gt,6.72
VID43_s15_67_crop,depth,8,n_pred,6.4
VID43_s15_67_crop,depth,8,n_reg,6.6
VID43_s15_67_crop,depth,12,f1@0.5,0.6354948512100215
VID43_s15_67_crop,depth,12,f1@0.75,0.3574902318184052
VID43_s15_67_crop,depth,12,miou,0.6628291172946696
VID43_s15_67_crop,depth,12,n_gt,6.72
VID43_s15_67_crop,depth,12,n_pred,6.96
VID43_s15_67_crop,depth,12,n_reg,7.2
VID43_s15_67_crop,depth,16,f1@0.5,0.598707410236822
VID43_s15_67_crop,depth,16,f1@0.75,0.3321577115694762
VID43_s15_67_crop,depth,16,miou,0.6527762573199811
VID43_s15_67_crop,depth,16,n_gt,6.72
VID43_s15_67_crop,depth,16,n_pred,7.08
VID43_s15_67_crop,depth,16,n_reg,7.36
VID43_s15_67_crop,depth,24,f1@0.5,0.6519083465554054
VID43_s15_67_crop,depth,24,f1@0.75,0.3823484685249391
VID43_s15_67_crop,depth,24,miou,0.6734392134677043
VID43_s15_67_crop,depth,24,n_gt,6.72
VID43_s15_67_crop,depth,24,n_pred,6.48
VID43_s15_67_crop,depth,24,n_reg,7.0
VID43_s15_67_crop,depth,32,f1@0.5,0.4696217116217116
VID43_s15_67_crop,depth,32,f1@0.75,0.269024975024975
VID43_s15_67_crop,depth,32,miou,0.414672480994694
VID43_s15_67_crop,depth,32,n_gt,6.72
VID43_s15_67_crop,depth,32,n_pred,3.28
VID43_s15_67_crop,depth,32,n_reg,3.52
VID43_s15_67_crop,depth,48,f1@0.5,0.6713001769472358
VID43_s15_67_crop,depth,48,f1@0.75,0.388807264630794
VID43_s15_67_crop,depth,48,miou,0.6905048164977078
VID43_s15_67_crop,depth,48,n_gt,6.72
VID43_s15_67_crop,depth,48,n_pred,6.4
VID43_s15_67_crop,depth,48,n_reg,6.44
VID43_s15_67_crop,normal,4,f1@0.5,0.7827625119978062
VID43_s15_67_crop,normal,4,f1@0.75,0.6105213218154395
VID43_s15_67_crop,normal,4,miou,0.8203235777625312
VID43_s15_67_crop,normal,4,n_gt,6.72
VID43_s15_67_crop,normal,4,n_pred,5.68
VID43_s15_67_crop,normal,4,n_reg,6.6
VID43_s15_67_crop,normal,6,f1@0.5,0.7186636108989051
VID43_s15_67_crop,normal,6,f1@0.75,0.5447669977081742
VID43_s15_67_crop,normal,6,miou,0.6915062569112189
VID43_s15_67_crop,normal,6,n_gt,6.72
VID43_s15_67_crop,normal,6,n_pred,5.12
VID43_s15_67_crop,normal,6,n_reg,5.28
VID43_s15_67_crop,normal,8,f1@0.5,0.6742326366444015
VID43_s15_67_crop,normal,8,f1@0.75,0.4997615456438986
VID43_s15_67_crop,normal,8,miou,0.6279360577843721
VID43_s15_67_crop,normal,8,n_gt,6.72
VID43_s15_67_crop,normal,8,n_pred,5.48
VID43_s15_67_crop,normal,8,n_reg,5.8
VID43_s15_67_crop,normal,12,f1@0.5,0.7487266651477178
VID43_s15_67_crop,normal,12,f1@0.75,0.5502651325282905
VID43_s15_67_crop,normal,12,miou,0.8347277605571051
VID43_s15_67_crop,normal,12,n_gt,6.72
VID43_s15_67_crop,normal,12,n_pred,7.68
VID43_s15_67_crop,normal,12,n_reg,7.76
VID43_s15_67_crop,normal,16,f1@0.5,0.7075316324542331
VID43_s15_67_crop,normal,16,f1@0.75,0.5181348678840939
VID43_s15_67_crop,normal,16,miou,0.8380330376568227
VID43_s15_67_crop,normal,16,n_gt,6.72
VID43_s15_67_crop,normal,16,n_pred,8.4
VID43_s15_67_crop,normal,16,n_reg,8.72
VID43_s15_67_crop,normal,24,f1@0.5,0.6262293894615876
VID43_s15_67_crop,normal,24,f1@0.75,0.4563376767711133
VID43_s15_67_crop,normal,24,miou,0.6424901718212489
VID43_s15_67_crop,normal,24,n_gt,6.72
VID43_s15_67_crop,normal,24,n_pred,7.36
VID43_s15_67_crop,normal,24,n_reg,8.48
VID43_s15_67_crop,normal,32,f1@0.5,0.6552595629344856
VID43_s15_67_crop,normal,32,f1@0.75,0.4956655363899946
VID43_s15_67_crop,normal,32,miou,0.7063523686458351
VID43_s15_67_crop,normal,32,n_gt,6.72
VID43_s15_67_crop,normal,32,n_pred,7.68
VID43_s15_67_crop,normal,32,n_reg,8.84
VID43_s15_67_crop,normal,48,f1@0.5,0.6291534719150819
VID43_s15_67_crop,normal,48,f1@0.75,0.464922895473979
VID43_s15_67_crop,normal,48,miou,0.6425963938937833
VID43_s15_67_crop,normal,48,n_gt,6.72
VID43_s15_67_crop,normal,48,n_pred,7.32
VID43_s15_67_crop,normal,48,n_reg,8.2
VID43_s15_67_crop,rgb,4,f1@0.5,0.7786562484642979
VID43_s15_67_crop,rgb,4,f1@0.75,0.5750517470145953
VID43_s15_67_crop,rgb,4,miou,0.8286928769728246
VID43_s15_67_crop,rgb,4,n_gt,6.72
VID43_s15_67_crop,rgb,4,n_pred,7.12
VID43_s15_67_crop,rgb,4,n_reg,7.28
VID43_s15_67_crop,rgb,6,f1@0.5,0.6266838173866037
VID43_s15_67_crop,rgb,6,f1@0.75,0.4831446754140253
VID43_s15_67_crop,rgb,6,miou,0.6437607013522793
VID43_s15_67_crop,rgb,6,n_gt,6.72
VID43_s15_67_crop,rgb,6,n_pred,6.96
VID43_s15_67_crop,rgb,6,n_reg,7.28
VID43_s15_67_crop,rgb,8,f1@0.5,0.6563180098195578
VID43_s15_67_crop,rgb,8,f1@0.75,0.5194042325063997
VID43_s15_67_crop,rgb,8,miou,0.8433434980432402
VID43_s15_67_crop,rgb,8,n_gt,6.72
VID43_s15_67_crop,rgb,8,n_pred,9.64
VID43_s15_67_crop,rgb,8,n_reg,9.96
VID43_s15_67_crop,rgb,12,f1@0.5,0.5373920712810469
VID43_s15_67_crop,rgb,12,f1@0.75,0.3723073134281102
VID43_s15_67_crop,rgb,12,miou,0.8524553729073184
VID43_s15_67_crop,rgb,12,n_gt,6.72
VID43_s15_67_crop,rgb,12,n_pred,13.0
VID43_s15_67_crop,rgb,12,n_reg,14.72
VID43_s15_67_crop,rgb,16,f1@0.5,0.5361138408293072
VID43_s15_67_crop,rgb,16,f1@0.75,0.383080417621594
VID43_s15_67_crop,rgb,16,miou,0.8562889001002051
VID43_s15_67_crop,rgb,16,n_gt,6.72
VID43_s15_67_crop,rgb,16,n_pred,13.08
VID43_s15_67_crop,rgb,16,n_reg,13.88
VID43_s15_67_crop,rgb,24,f1@0.5,0.5455794512243564
VID43_s15_67_crop,rgb,24,f1@0.75,0.3970597325678763
VID43_s15_67_crop,rgb,24,miou,0.8540877494632275
VID43_s15_67_crop,rgb,24,n_gt,6.72
VID43_s15_67_crop,rgb,24,n_pred,12.76
VID43_s15_67_crop,rgb,24,n_reg,14.44
VID43_s15_67_crop,rgb,32,f1@0.5,0.5532047416844832
VID43_s15_67_crop,rgb,32,f1@0.75,0.402607578972231
VID43_s15_67_crop,rgb,32,miou,0.854710618456121
VID43_s15_67_crop,rgb,32,n_gt,6.72
VID43_s15_67_crop,rgb,32,n_pred,12.48
VID43_s15_67_crop,rgb,32,n_reg,13.44
VID43_s15_67_crop,rgb,48,f1@0.5,0.4753604842443717
VID43_s15_67_crop,rgb,48,f1@0.75,0.3257493918036118
VID43_s15_67_crop,rgb,48,miou,0.8553721063260562
VID43_s15_67_crop,rgb,48,n_gt,6.72
VID43_s15_67_crop,rgb,48,n_pred,15.36
VID43_s15_67_crop,rgb,48,n_reg,17.68
VID48_s15_561_crop,depth,4,f1@0.5,0.4758942038353803
VID48_s15_561_crop,depth,4,f1@0.75,0.3163452560511384
VID48_s15_561_crop,depth,4,miou,0.3676892677578947
VID48_s15_561_crop,depth,4,n_gt,9.176470588235292
VID48_s15_561_crop,depth,4,n_pred,4.0588235294117645
VID48_s15_561_crop,depth,4,n_reg,4.705882352941177
VID48_s15_561_crop,depth,6,f1@0.5,0.4919790993320405
VID48_s15_561_crop,depth,6,f1@0.75,0.3944211017740429
VID48_s15_561_crop,depth,6,miou,0.3724042013640152
VID48_s15_561_crop,depth,6,n_gt,9.176470588235292
VID48_s15_561_crop,depth,6,n_pred,3.764705882352941
VID48_s15_561_crop,depth,6,n_reg,3.941176470588236
VID48_s15_561_crop,depth,8,f1@0.5,0.4696246371851908
VID48_s15_561_crop,depth,8,f1@0.75,0.3568544008855427
VID48_s15_561_crop,depth,8,miou,0.3703590424113359
VID48_s15_561_crop,depth,8,n_gt,9.176470588235292
VID48_s15_561_crop,depth,8,n_pred,4.235294117647059
VID48_s15_561_crop,depth,8,n_reg,4.411764705882353
VID48_s15_561_crop,depth,12,f1@0.5,0.4778334410687352
VID48_s15_561_crop,depth,12,f1@0.75,0.3886788048552754
VID48_s15_561_crop,depth,12,miou,0.3727587436759624
VID48_s15_561_crop,depth,12,n_gt,9.176470588235292
VID48_s15_561_crop,depth,12,n_pred,4.0
VID48_s15_561_crop,depth,12,n_reg,4.176470588235294
VID48_s15_561_crop,depth,16,f1@0.5,0.4919790993320405
VID48_s15_561_crop,depth,16,f1@0.75,0.3944211017740429
VID48_s15_561_crop,depth,16,miou,0.3724867368216271
VID48_s15_561_crop,depth,16,n_gt,9.176470588235292
VID48_s15_561_crop,depth,16,n_pred,3.764705882352941
VID48_s15_561_crop,depth,16,n_reg,3.941176470588236
VID48_s15_561_crop,depth,24,f1@0.5,0.4778334410687352
VID48_s15_561_crop,depth,24,f1@0.75,0.3886788048552754
VID48_s15_561_crop,depth,24,miou,0.3725973489894253
VID48_s15_561_crop,depth,24,n_gt,9.176470588235292
VID48_s15_561_crop,depth,24,n_pred,4.0
VID48_s15_561_crop,depth,24,n_reg,4.235294117647059
VID48_s15_561_crop,depth,32,f1@0.5,0.4778334410687352
VID48_s15_561_crop,depth,32,f1@0.75,0.3886788048552754
VID48_s15_561_crop,depth,32,miou,0.3725894128845293
VID48_s15_561_crop,depth,32,n_gt,9.176470588235292
VID48_s15_561_crop,depth,32,n_pred,4.0
VID48_s15_561_crop,depth,32,n_reg,4.176470588235294
VID48_s15_561_crop,depth,48,f1@0.5,0.4778334410687352
VID48_s15_561_crop,depth,48,f1@0.75,0.3886788048552754
VID48_s15_561_crop,depth,48,miou,0.3726304207118194
VID48_s15_561_crop,depth,48,n_gt,9.176470588235292
VID48_s15_561_crop,depth,48,n_pred,4.0
VID48_s15_561_crop,depth,48,n_reg,4.235294117647059
VID48_s15_561_crop,normal,4,f1@0.5,0.6134178363371589
VID48_s15_561_crop,normal,4,f1@0.75,0.4517136862611275
VID48_s15_561_crop,normal,4,miou,0.5281526923768224
VID48_s15_561_crop,normal,4,n_gt,9.176470588235292
VID48_s15_561_crop,normal,4,n_pred,6.0588235294117645
VID48_s15_561_crop,normal,4,n_reg,6.235294117647059
VID48_s15_561_crop,normal,6,f1@0.5,0.5826878391848344
VID48_s15_561_crop,normal,6,f1@0.75,0.4479897184504724
VID48_s15_561_crop,normal,6,miou,0.516958287024304
VID48_s15_561_crop,normal,6,n_gt,9.176470588235292
VID48_s15_561_crop,normal,6,n_pred,6.647058823529412
VID48_s15_561_crop,normal,6,n_reg,6.882352941176471
VID48_s15_561_crop,normal,8,f1@0.5,0.5132356574807858
VID48_s15_561_crop,normal,8,f1@0.75,0.3550331050604225
VID48_s15_561_crop,normal,8,miou,0.525566721904305
VID48_s15_561_crop,normal,8,n_gt,9.176470588235292
VID48_s15_561_crop,normal,8,n_pred,7.529411764705882
VID48_s15_561_crop,normal,8,n_reg,7.705882352941177
VID48_s15_561_crop,normal,12,f1@0.5,0.5082472506347939
VID48_s15_561_crop,normal,12,f1@0.75,0.3459100299930749
VID48_s15_561_crop,normal,12,miou,0.5270478116756266
VID48_s15_561_crop,normal,12,n_gt,9.176470588235292
VID48_s15_561_crop,normal,12,n_pred,7.764705882352941
VID48_s15_561_crop,normal,12,n_reg,7.882352941176471
VID48_s15_561_crop,normal,16,f1@0.5,0.5270244417255733
VID48_s15_561_crop,normal,16,f1@0.75,0.3557634447325483
VID48_s15_561_crop,normal,16,miou,0.5724200356399181
VID48_s15_561_crop,normal,16,n_gt,9.176470588235292
VID48_s15_561_crop,normal,16,n_pred,9.0
VID48_s15_561_crop,normal,16,n_reg,9.352941176470589
VID48_s15_561_crop,normal,24,f1@0.5,0.5305895041141651
VID48_s15_561_crop,normal,24,f1@0.75,0.3584372415239921
VID48_s15_561_crop,normal,24,miou,0.5721748604719056
VID48_s15_561_crop,normal,24,n_gt,9.176470588235292
VID48_s15_561_crop,normal,24,n_pred,8.941176470588236
VID48_s15_561_crop,normal,24,n_reg,9.352941176470589
VID48_s15_561_crop,normal,32,f1@0.5,0.5187969222343654
VID48_s15_561_crop,normal,32,f1@0.75,0.3351342833495447
VID48_s15_561_crop,normal,32,miou,0.5709047625052942
VID48_s15_561_crop,normal,32,n_gt,9.176470588235292
VID48_s15_561_crop,normal,32,n_pred,8.470588235294118
VID48_s15_561_crop,normal,32,n_reg,8.705882352941176
VID48_s15_561_crop,normal,48,f1@0.5,0.5187969222343654
VID48_s15_561_crop,normal,48,f1@0.75,0.3351342833495447
VID48_s15_561_crop,normal,48,miou,0.5700521071742877
VID48_s15_561_crop,normal,48,n_gt,9.176470588235292
VID48_s15_561_crop,normal,48,n_pred,8.470588235294118
VID48_s15_561_crop,normal,48,n_reg,8.647058823529411
VID48_s15_561_crop,rgb,4,f1@0.5,0.4773422871108412
VID48_s15_561_crop,rgb,4,f1@0.75,0.3772376791324793
VID48_s15_561_crop,rgb,4,miou,0.5435510090218196
VID48_s15_561_crop,rgb,4,n_gt,9.176470588235292
VID48_s15_561_crop,rgb,4,n_pred,9.176470588235292
VID48_s15_561_crop,rgb,4,n_reg,9.647058823529411
VID48_s15_561_crop,rgb,6,f1@0.5,0.660474019930205
VID48_s15_561_crop,rgb,6,f1@0.75,0.4969892695360456
VID48_s15_561_crop,rgb,6,miou,0.7206824045061191
VID48_s15_561_crop,rgb,6,n_gt,9.176470588235292
VID48_s15_561_crop,rgb,6,n_pred,10.0
VID48_s15_561_crop,rgb,6,n_reg,10.470588235294118
VID48_s15_561_crop,rgb,8,f1@0.5,0.6315299121753162
VID48_s15_561_crop,rgb,8,f1@0.75,0.4706778060546678
VID48_s15_561_crop,rgb,8,miou,0.7426159137491234
VID48_s15_561_crop,rgb,8,n_gt,9.176470588235292
VID48_s15_561_crop,rgb,8,n_pred,12.235294117647058
VID48_s15_561_crop,rgb,8,n_reg,13.941176470588236
VID48_s15_561_crop,rgb,12,f1@0.5,0.6080876688088175
VID48_s15_561_crop,rgb,12,f1@0.75,0.4118676900757609
VID48_s15_561_crop,rgb,12,miou,0.7412543607184414
VID48_s15_561_crop,rgb,12,n_gt,9.176470588235292
VID48_s15_561_crop,rgb,12,n_pred,13.294117647058824
VID48_s15_561_crop,rgb,12,n_reg,14.470588235294118
VID48_s15_561_crop,rgb,16,f1@0.5,0.5661907025237178
VID48_s15_561_crop,rgb,16,f1@0.75,0.3668955414042302
VID48_s15_561_crop,rgb,16,miou,0.7466824942961561
VID48_s15_561_crop,rgb,16,n_gt,9.176470588235292
VID48_s15_561_crop,rgb,16,n_pred,15.176470588235292
VID48_s15_561_crop,rgb,16,n_reg,16.823529411764707
VID48_s15_561_crop,rgb,24,f1@0.5,0.5453805354468979
VID48_s15_561_crop,rgb,24,f1@0.75,0.2960884968829113
VID48_s15_561_crop,rgb,24,miou,0.8176993148595699
VID48_s15_561_crop,rgb,24,n_gt,9.176470588235292
VID48_s15_561_crop,rgb,24,n_pred,16.764705882352942
VID48_s15_561_crop,rgb,24,n_reg,17.941176470588236
VID48_s15_561_crop,rgb,32,f1@0.5,0.5397645816640904
VID48_s15_561_crop,rgb,32,f1@0.75,0.3614720095052161
VID48_s15_561_crop,rgb,32,miou,0.7403411289938405
VID48_s15_561_crop,rgb,32,n_gt,9.176470588235292
VID48_s15_561_crop,rgb,32,n_pred,16.11764705882353
VID48_s15_561_crop,rgb,32,n_reg,18.0
VID48_s15_561_crop,rgb,48,f1@0.5,0.5297683334644107
VID48_s15_561_crop,rgb,48,f1@0.75,0.3593327438724126
VID48_s15_561_crop,rgb,48,miou,0.7299373025652639
VID48_s15_561_crop,rgb,48,n_gt,9.176470588235292
VID48_s15_561_crop,rgb,48,n_pred,15.882352941176473
VID48_s15_561_crop,rgb,48,n_reg,17.823529411764707
VID52_s15_2746_crop,depth,4,f1@0.5,0.5654191679792366
VID52_s15_2746_crop,depth,4,f1@0.75,0.3823674180510565
VID52_s15_2746_crop,depth,4,miou,0.7031431464704859
VID52_s15_2746_crop,depth,4,n_gt,14.125
VID52_s15_2746_crop,depth,4,n_pred,7.75
VID52_s15_2746_crop,depth,4,n_reg,7.75
VID52_s15_2746_crop,depth,6,f1@0.5,0.4430104617604617
VID52_s15_2746_crop,depth,6,f1@0.75,0.2359036796536796
VID52_s15_2746_crop,depth,6,miou,0.4684057598563984
VID52_s15_2746_crop,depth,6,n_gt,14.125
VID52_s15_2746_crop,depth,6,n_pred,6.6875
VID52_s15_2746_crop,depth,6,n_reg,6.6875
VID52_s15_2746_crop,depth,8,f1@0.5,0.3993645180144036
VID52_s15_2746_crop,depth,8,f1@0.75,0.2805373116585931
VID52_s15_2746_crop,depth,8,miou,0.3562056471870894
VID52_s15_2746_crop,depth,8,n_gt,14.125
VID52_s15_2746_crop,depth,8,n_pred,7.625
VID52_s15_2746_crop,depth,8,n_reg,7.6875
VID52_s15_2746_crop,depth,12,f1@0.5,0.3887778363893924
VID52_s15_2746_crop,depth,12,f1@0.75,0.2696737520679168
VID52_s15_2746_crop,depth,12,miou,0.372181577726532
VID52_s15_2746_crop,depth,12,n_gt,14.125
VID52_s15_2746_crop,depth,12,n_pred,8.5
VID52_s15_2746_crop,depth,12,n_reg,8.6875
VID52_s15_2746_crop,depth,16,f1@0.5,0.3813323451910408
VID52_s15_2746_crop,depth,16,f1@0.75,0.2513381093544137
VID52_s15_2746_crop,depth,16,miou,0.3699096808013606
VID52_s15_2746_crop,depth,16,n_gt,14.125
VID52_s15_2746_crop,depth,16,n_pred,8.6875
VID52_s15_2746_crop,depth,16,n_reg,8.6875
VID52_s15_2746_crop,depth,24,f1@0.5,0.3987692799191655
VID52_s15_2746_crop,depth,24,f1@0.75,0.279942073563355
VID52_s15_2746_crop,depth,24,miou,0.3645661702778018
VID52_s15_2746_crop,depth,24,n_gt,14.125
VID52_s15_2746_crop,depth,24,n_pred,7.6875
VID52_s15_2746_crop,depth,24,n_reg,7.6875
VID52_s15_2746_crop,depth,32,f1@0.5,0.3987692799191655
VID52_s15_2746_crop,depth,32,f1@0.75,0.3033429671015483
VID52_s15_2746_crop,depth,32,miou,0.3643519269891435
VID52_s15_2746_crop,depth,32,n_gt,14.125
VID52_s15_2746_crop,depth,32,n_pred,7.6875
VID52_s15_2746_crop,depth,32,n_reg,7.6875
VID52_s15_2746_crop,depth,48,f1@0.5,0.3819902399278829
VID52_s15_2746_crop,depth,48,f1@0.75,0.2519960040912558
VID52_s15_2746_crop,depth,48,miou,0.367392823147362
VID52_s15_2746_crop,depth,48,n_gt,14.125
VID52_s15_2746_crop,depth,48,n_pred,8.625
VID52_s15_2746_crop,depth,48,n_reg,8.6875
VID52_s15_2746_crop,normal,4,f1@0.5,0.5792819499341239
VID52_s15_2746_crop,normal,4,f1@0.75,0.3053524374176548
VID52_s15_2746_crop,normal,4,miou,0.7469126705932861
VID52_s15_2746_crop,normal,4,n_gt,14.125
VID52_s15_2746_crop,normal,4,n_pred,8.8125
VID52_s15_2746_crop,normal,4,n_reg,8.8125
VID52_s15_2746_crop,normal,6,f1@0.5,0.6597908432147562
VID52_s15_2746_crop,normal,6,f1@0.75,0.4409849661208356
VID52_s15_2746_crop,normal,6,miou,0.7371887457056657
VID52_s15_2746_crop,normal,6,n_gt,14.125
VID52_s15_2746_crop,normal,6,n_pred,8.8125
VID52_s15_2746_crop,normal,6,n_reg,8.8125
VID52_s15_2746_crop,normal,8,f1@0.5,0.6381593949528732
VID52_s15_2746_crop,normal,8,f1@0.75,0.4919999113205635
VID52_s15_2746_crop,normal,8,miou,0.7791461862255319
VID52_s15_2746_crop,normal,8,n_gt,14.125
VID52_s15_2746_crop,normal,8,n_pred,10.75
VID52_s15_2746_crop,normal,8,n_reg,10.75
VID52_s15_2746_crop,normal,12,f1@0.5,0.5695337301587302
VID52_s15_2746_crop,normal,12,f1@0.75,0.2911841168091168
VID52_s15_2746_crop,normal,12,miou,0.6922714944311633
VID52_s15_2746_crop,normal,12,n_gt,14.125
VID52_s15_2746_crop,normal,12,n_pred,12.5
VID52_s15_2746_crop,normal,12,n_reg,12.75
VID52_s15_2746_crop,normal,16,f1@0.5,0.6131053955622922
VID52_s15_2746_crop,normal,16,f1@0.75,0.3350538047520806
VID52_s15_2746_crop,normal,16,miou,0.7036414195977577
VID52_s15_2746_crop,normal,16,n_gt,14.125
VID52_s15_2746_crop,normal,16,n_pred,13.4375
VID52_s15_2746_crop,normal,16,n_reg,13.6875
VID52_s15_2746_crop,normal,24,f1@0.5,0.596397792022792
VID52_s15_2746_crop,normal,24,f1@0.75,0.3511533374033374
VID52_s15_2746_crop,normal,24,miou,0.645169883065036
VID52_s15_2746_crop,normal,24,n_gt,14.125
VID52_s15_2746_crop,normal,24,n_pred,12.5
VID52_s15_2746_crop,normal,24,n_reg,12.6875
VID52_s15_2746_crop,normal,32,f1@0.5,0.5473366468475164
VID52_s15_2746_crop,normal,32,f1@0.75,0.414680493620711
VID52_s15_2746_crop,normal,32,miou,0.5996411963518192
VID52_s15_2746_crop,normal,32,n_gt,14.125
VID52_s15_2746_crop,normal,32,n_pred,11.4375
VID52_s15_2746_crop,normal,32,n_reg,11.625
VID52_s15_2746_crop,normal,48,f1@0.5,0.5486953424996903
VID52_s15_2746_crop,normal,48,f1@0.75,0.3471475907345472
VID52_s15_2746_crop,normal,48,miou,0.5525708332916628
VID52_s15_2746_crop,normal,48,n_gt,14.125
VID52_s15_2746_crop,normal,48,n_pred,11.375
VID52_s15_2746_crop,normal,48,n_reg,11.625
VID52_s15_2746_crop,rgb,4,f1@0.5,0.6472773150762281
VID52_s15_2746_crop,rgb,4,f1@0.75,0.5435811923583662
VID52_s15_2746_crop,rgb,4,miou,0.7802753166584585
VID52_s15_2746_crop,rgb,4,n_gt,14.125
VID52_s15_2746_crop,rgb,4,n_pred,8.875
VID52_s15_2746_crop,rgb,4,n_reg,8.875
VID52_s15_2746_crop,rgb,6,f1@0.5,0.6326849480700982
VID52_s15_2746_crop,rgb,6,f1@0.75,0.4689226306770105
VID52_s15_2746_crop,rgb,6,miou,0.8529557547309372
VID52_s15_2746_crop,rgb,6,n_gt,14.125
VID52_s15_2746_crop,rgb,6,n_pred,15.9375
VID52_s15_2746_crop,rgb,6,n_reg,16.5625
VID52_s15_2746_crop,rgb,8,f1@0.5,0.6172966839992702
VID52_s15_2746_crop,rgb,8,f1@0.75,0.5024225734355044
VID52_s15_2746_crop,rgb,8,miou,0.8352528410210375
VID52_s15_2746_crop,rgb,8,n_gt,14.125
VID52_s15_2746_crop,rgb,8,n_pred,14.4375
VID52_s15_2746_crop,rgb,8,n_reg,14.75
VID52_s15_2746_crop,rgb,12,f1@0.5,0.6413247880715173
VID52_s15_2746_crop,rgb,12,f1@0.75,0.4862286925966642
VID52_s15_2746_crop,rgb,12,miou,0.9134605823303056
VID52_s15_2746_crop,rgb,12,n_gt,14.125
VID52_s15_2746_crop,rgb,12,n_pred,21.5625
VID52_s15_2746_crop,rgb,12,n_reg,23.375
VID52_s15_2746_crop,rgb,16,f1@0.5,0.6016092445885545
VID52_s15_2746_crop,rgb,16,f1@0.75,0.4531133717975941
VID52_s15_2746_crop,rgb,16,miou,0.9145310351773552
VID52_s15_2746_crop,rgb,16,n_gt,14.125
VID52_s15_2746_crop,rgb,16,n_pred,23.8125
VID52_s15_2746_crop,rgb,16,n_reg,26.4375
VID52_s15_2746_crop,rgb,24,f1@0.5,0.7297256107924007
VID52_s15_2746_crop,rgb,24,f1@0.75,0.6023858113310548
VID52_s15_2746_crop,rgb,24,miou,0.9167770215911624
VID52_s15_2746_crop,rgb,24,n_gt,14.125
VID52_s15_2746_crop,rgb,24,n_pred,17.5
VID52_s15_2746_crop,rgb,24,n_reg,19.75
VID52_s15_2746_crop,rgb,32,f1@0.5,0.5185399802180838
VID52_s15_2746_crop,rgb,32,f1@0.75,0.3895293466371111
VID52_s15_2746_crop,rgb,32,miou,0.7491897242848065
VID52_s15_2746_crop,rgb,32,n_gt,14.125
VID52_s15_2746_crop,rgb,32,n_pred,23.9375
VID52_s15_2746_crop,rgb,32,n_reg,26.625
VID52_s15_2746_crop,rgb,48,f1@0.5,0.5363847564293457
VID52_s15_2746_crop,rgb,48,f1@0.75,0.3969326960270969
VID52_s15_2746_crop,rgb,48,miou,0.9011780322558832
VID52_s15_2746_crop,rgb,48,n_gt,14.125
VID52_s15_2746_crop,rgb,48,n_pred,28.1875
VID52_s15_2746_crop,rgb,48,n_reg,30.6875
VID52_s15_80_crop,depth,4,f1@0.5,0.6527505827505827
VID52_s15_80_crop,depth,4,f1@0.75,0.3836519036519036
VID52_s15_80_crop,depth,4,miou,0.5498210370762414
VID52_s15_80_crop,depth,4,n_gt,6.933333333333334
VID52_s15_80_crop,depth,4,n_pred,5.0
VID52_s15_80_crop,depth,4,n_reg,5.0
VID52_s15_80_crop,depth,6,f1@0.5,0.7520812520812521
VID52_s15_80_crop,depth,6,f1@0.75,0.503896103896104
VID52_s15_80_crop,depth,6,miou,0.7239937403936421
VID52_s15_80_crop,depth,6,n_gt,6.933333333333334
VID52_s15_80_crop,depth,6,n_pred,6.0
VID52_s15_80_crop,depth,6,n_reg,6.0
VID52_s15_80_crop,depth,8,f1@0.5,0.7631715506715507
VID52_s15_80_crop,depth,8,f1@0.75,0.499114774114774
VID52_s15_80_crop,depth,8,miou,0.7846261579479392
VID52_s15_80_crop,depth,8,n_gt,6.933333333333334
VID52_s15_80_crop,depth,8,n_pred,7.966666666666667
VID52_s15_80_crop,depth,8,n_reg,8.0
VID52_s15_80_crop,depth,12,f1@0.5,0.7720604395604396
VID52_s15_80_crop,depth,12,f1@0.75,0.5083211233211233
VID52_s15_80_crop,depth,12,miou,0.7841863477883009
VID52_s15_80_crop,depth,12,n_gt,6.933333333333334
VID52_s15_80_crop,depth,12,n_pred,7.966666666666667
VID52_s15_80_crop,depth,12,n_reg,8.0
VID52_s15_80_crop,depth,16,f1@0.5,0.7522891977303742
VID52_s15_80_crop,depth,16,f1@0.75,0.473283954607484
VID52_s15_80_crop,depth,16,miou,0.7831361068977086
VID52_s15_80_crop,depth,16,n_gt,6.933333333333334
VID52_s15_80_crop,depth,16,n_pred,8.166666666666666
VID52_s15_80_crop,depth,16,n_reg,8.766666666666667
VID52_s15_80_crop,depth,24,f1@0.5,0.7393293471234649
VID52_s15_80_crop,depth,24,f1@0.75,0.4732302664655606
VID52_s15_80_crop,depth,24,miou,0.7841235600108092
VID52_s15_80_crop,depth,24,n_gt,6.933333333333334
VID52_s15_80_crop,depth,24,n_pred,8.433333333333334
VID52_s15_80_crop,depth,24,n_reg,9.366666666666667
VID52_s15_80_crop,depth,32,f1@0.5,0.6897924297924298
VID52_s15_80_crop,depth,32,f1@0.75,0.4316819291819291
VID52_s15_80_crop,depth,32,miou,0.7698909318525735
VID52_s15_80_crop,depth,32,n_gt,6.933333333333334
VID52_s15_80_crop,depth,32,n_pred,7.333333333333333
VID52_s15_80_crop,depth,32,n_reg,8.366666666666667
VID52_s15_80_crop,depth,48,f1@0.5,0.7534493284493284
VID52_s15_80_crop,depth,48,f1@0.75,0.4873595848595849
VID52_s15_80_crop,depth,48,miou,0.7833601798238302
VID52_s15_80_crop,depth,48,n_gt,6.933333333333334
VID52_s15_80_crop,depth,48,n_pred,8.133333333333333
VID52_s15_80_crop,depth,48,n_reg,8.6
VID52_s15_80_crop,normal,4,f1@0.5,0.7274048174048174
VID52_s15_80_crop,normal,4,f1@0.75,0.5914785214785214
VID52_s15_80_crop,normal,4,miou,0.7582893799577929
VID52_s15_80_crop,normal,4,n_gt,6.933333333333334
VID52_s15_80_crop,normal,4,n_pred,5.8
VID52_s15_80_crop,normal,4,n_reg,6.0
VID52_s15_80_crop,normal,6,f1@0.5,0.7956876456876457
VID52_s15_80_crop,normal,6,f1@0.75,0.6170293595293596
VID52_s15_80_crop,normal,6,miou,0.9105405307300248
VID52_s15_80_crop,normal,6,n_gt,6.933333333333334
VID52_s15_80_crop,normal,6,n_pred,7.333333333333333
VID52_s15_80_crop,normal,6,n_reg,7.8
VID52_s15_80_crop,normal,8,f1@0.5,0.7543613086260145
VID52_s15_80_crop,normal,8,f1@0.75,0.5989166008283655
VID52_s15_80_crop,normal,8,miou,0.9122918147195213
VID52_s15_80_crop,normal,8,n_gt,6.933333333333334
VID52_s15_80_crop,normal,8,n_pred,8.533333333333333
VID52_s15_80_crop,normal,8,n_reg,9.133333333333333
VID52_s15_80_crop,normal,12,f1@0.5,0.8173847231200173
VID52_s15_80_crop,normal,12,f1@0.75,0.6258563168857286
VID52_s15_80_crop,normal,12,miou,0.9147078064593644
VID52_s15_80_crop,normal,12,n_gt,6.933333333333334
VID52_s15_80_crop,normal,12,n_pred,7.733333333333333
VID52_s15_80_crop,normal,12,n_reg,8.166666666666666
VID52_s15_80_crop,normal,16,f1@0.5,0.7808540424716895
VID52_s15_80_crop,normal,16,f1@0.75,0.5915817352582059
VID52_s15_80_crop,normal,16,miou,0.914254419675655
VID52_s15_80_crop,normal,16,n_gt,6.933333333333334
VID52_s15_80_crop,normal,16,n_pred,8.5
VID52_s15_80_crop,normal,16,n_reg,9.733333333333333
VID52_s15_80_crop,normal,24,f1@0.5,0.7599658837894132
VID52_s15_80_crop,normal,24,f1@0.75,0.5964383873207403
VID52_s15_80_crop,normal,24,miou,0.9146987960989796
VID52_s15_80_crop,normal,24,n_gt,6.933333333333334
VID52_s15_80_crop,normal,24,n_pred,8.5
VID52_s15_80_crop,normal,24,n_reg,9.166666666666666
VID52_s15_80_crop,normal,32,f1@0.5,0.807662500897795
VID52_s15_80_crop,normal,32,f1@0.75,0.6103007613301731
VID52_s15_80_crop,normal,32,miou,0.8895953682048502
VID52_s15_80_crop,normal,32,n_gt,6.933333333333334
VID52_s15_80_crop,normal,32,n_pred,7.666666666666667
VID52_s15_80_crop,normal,32,n_reg,8.166666666666666
VID52_s15_80_crop,normal,48,f1@0.5,0.7538600586433404
VID52_s15_80_crop,normal,48,f1@0.75,0.5751063115304601
VID52_s15_80_crop,normal,48,miou,0.9170522610270267
VID52_s15_80_crop,normal,48,n_gt,6.933333333333334
VID52_s15_80_crop,normal,48,n_pred,9.2
VID52_s15_80_crop,normal,48,n_reg,11.466666666666669
VID52_s15_80_crop,rgb,4,f1@0.5,0.6951270951270951
VID52_s15_80_crop,rgb,4,f1@0.75,0.5645931845931845
VID52_s15_80_crop,rgb,4,miou,0.7680913740214647
VID52_s15_80_crop,rgb,4,n_gt,6.933333333333334
VID52_s15_80_crop,rgb,4,n_pred,6.4
VID52_s15_80_crop,rgb,4,n_reg,6.533333333333333
VID52_s15_80_crop,rgb,6,f1@0.5,0.7929304029304028
VID52_s15_80_crop,rgb,6,f1@0.75,0.6668192918192919
VID52_s15_80_crop,rgb,6,miou,0.9440981586626516
VID52_s15_80_crop,rgb,6,n_gt,6.933333333333334
VID52_s15_80_crop,rgb,6,n_pred,7.366666666666666
VID52_s15_80_crop,rgb,6,n_reg,7.466666666666667
VID52_s15_80_crop,rgb,8,f1@0.5,0.7390155976920683
VID52_s15_80_crop,rgb,8,f1@0.75,0.646171861907156
VID52_s15_80_crop,rgb,8,miou,0.94658455970764
VID52_s15_80_crop,rgb,8,n_gt,6.933333333333334
VID52_s15_80_crop,rgb,8,n_pred,9.333333333333334
VID52_s15_80_crop,rgb,8,n_reg,9.833333333333334
VID52_s15_80_crop,rgb,12,f1@0.5,0.6307389144833618
VID52_s15_80_crop,rgb,12,f1@0.75,0.5191912760616489
VID52_s15_80_crop,rgb,12,miou,0.9463102964747347
VID52_s15_80_crop,rgb,12,n_gt,6.933333333333334
VID52_s15_80_crop,rgb,12,n_pred,12.066666666666666
VID52_s15_80_crop,rgb,12,n_reg,13.933333333333334
VID52_s15_80_crop,rgb,16,f1@0.5,0.6541932774827511
VID52_s15_80_crop,rgb,16,f1@0.75,0.5501342597317829
VID52_s15_80_crop,rgb,16,miou,0.9472568218334386
VID52_s15_80_crop,rgb,16,n_gt,6.933333333333334
VID52_s15_80_crop,rgb,16,n_pred,11.366666666666667
VID52_s15_80_crop,rgb,16,n_reg,13.0
VID52_s15_80_crop,rgb,24,f1@0.5,0.7568322799205152
VID52_s15_80_crop,rgb,24,f1@0.75,0.6156443175560823
VID52_s15_80_crop,rgb,24,miou,0.9479762161937192
VID52_s15_80_crop,rgb,24,n_gt,6.933333333333334
VID52_s15_80_crop,rgb,24,n_pred,9.433333333333334
VID52_s15_80_crop,rgb,24,n_reg,10.3
VID52_s15_80_crop,rgb,32,f1@0.5,0.7673092138339815
VID52_s15_80_crop,rgb,32,f1@0.75,0.6174812849116255
VID52_s15_80_crop,rgb,32,miou,0.9462088130628106
VID52_s15_80_crop,rgb,32,n_gt,6.933333333333334
VID52_s15_80_crop,rgb,32,n_pred,9.233333333333333
VID52_s15_80_crop,rgb,32,n_reg,10.333333333333334
VID52_s15_80_crop,rgb,48,f1@0.5,0.6779305320868788
VID52_s15_80_crop,rgb,48,f1@0.75,0.5985528961922151
VID52_s15_80_crop,rgb,48,miou,0.9481029750259024
VID52_s15_80_crop,rgb,48,n_gt,6.933333333333334
VID52_s15_80_crop,rgb,48,n_pred,10.666666666666666
VID52_s15_80_crop,rgb,48,n_reg,12.1
VID55_s15_508_crop,depth,4,f1@0.5,0.1370614035087719
VID55_s15_508_crop,depth,4,f1@0.75,0.0812447786131996
VID55_s15_508_crop,depth,4,miou,0.0997898473755071
VID55_s15_508_crop,depth,4,n_gt,13.875
VID55_s15_508_crop,depth,4,n_pred,2.5625
VID55_s15_508_crop,depth,4,n_reg,2.5625
VID55_s15_508_crop,depth,6,f1@0.5,0.2671002076913454
VID55_s15_508_crop,depth,6,f1@0.75,0.2031671689808299
VID55_s15_508_crop,depth,6,miou,0.3054299068267772
VID55_s15_508_crop,depth,6,n_gt,13.875
VID55_s15_508_crop,depth,6,n_pred,3.8125
VID55_s15_508_crop,depth,6,n_reg,3.8125
VID55_s15_508_crop,depth,8,f1@0.5,0.355032937277982
VID55_s15_508_crop,depth,8,f1@0.75,0.218346603311437
VID55_s15_508_crop,depth,8,miou,0.3875279227241358
VID55_s15_508_crop,depth,8,n_gt,13.875
VID55_s15_508_crop,depth,8,n_pred,6.5625
VID55_s15_508_crop,depth,8,n_reg,6.5625
VID55_s15_508_crop,depth,12,f1@0.5,0.355032937277982
VID55_s15_508_crop,depth,12,f1@0.75,0.218346603311437
VID55_s15_508_crop,depth,12,miou,0.3873670496398874
VID55_s15_508_crop,depth,12,n_gt,13.875
VID55_s15_508_crop,depth,12,n_pred,6.5625
VID55_s15_508_crop,depth,12,n_reg,6.5625
VID55_s15_508_crop,depth,16,f1@0.5,0.3913354029282738
VID55_s15_508_crop,depth,16,f1@0.75,0.2150998500646838
VID55_s15_508_crop,depth,16,miou,0.3451506798831297
VID55_s15_508_crop,depth,16,n_gt,13.875
VID55_s15_508_crop,depth,16,n_pred,6.5625
VID55_s15_508_crop,depth,16,n_reg,6.5625
VID55_s15_508_crop,depth,24,f1@0.5,0.4211526418487735
VID55_s15_508_crop,depth,24,f1@0.75,0.2659185603399158
VID55_s15_508_crop,depth,24,miou,0.3652370428873126
VID55_s15_508_crop,depth,24,n_gt,13.875
VID55_s15_508_crop,depth,24,n_pred,7.25
VID55_s15_508_crop,depth,24,n_reg,7.25
VID55_s15_508_crop,depth,32,f1@0.5,0.355032937277982
VID55_s15_508_crop,depth,32,f1@0.75,0.218346603311437
VID55_s15_508_crop,depth,32,miou,0.3874271811855826
VID55_s15_508_crop,depth,32,n_gt,13.875
VID55_s15_508_crop,depth,32,n_pred,6.5625
VID55_s15_508_crop,depth,32,n_reg,6.5625
VID55_s15_508_crop,depth,48,f1@0.5,0.4271082577908026
VID55_s15_508_crop,depth,48,f1@0.75,0.2713533429486114
VID55_s15_508_crop,depth,48,miou,0.3655065277631666
VID55_s15_508_crop,depth,48,n_gt,13.875
VID55_s15_508_crop,depth,48,n_pred,7.1875
VID55_s15_508_crop,depth,48,n_reg,7.25
VID55_s15_508_crop,normal,4,f1@0.5,0.4860363649508386
VID55_s15_508_crop,normal,4,f1@0.75,0.202345467032967
VID55_s15_508_crop,normal,4,miou,0.515216852883737
VID55_s15_508_crop,normal,4,n_gt,13.875
VID55_s15_508_crop,normal,4,n_pred,9.125
VID55_s15_508_crop,normal,4,n_reg,9.125
VID55_s15_508_crop,normal,6,f1@0.5,0.5509736890663615
VID55_s15_508_crop,normal,6,f1@0.75,0.3230124879909362
VID55_s15_508_crop,normal,6,miou,0.6152146986341874
VID55_s15_508_crop,normal,6,n_gt,13.875
VID55_s15_508_crop,normal,6,n_pred,10.75
VID55_s15_508_crop,normal,6,n_reg,11.0625
VID55_s15_508_crop,normal,8,f1@0.5,0.5832035361668982
VID55_s15_508_crop,normal,8,f1@0.75,0.3289456891288788
VID55_s15_508_crop,normal,8,miou,0.625865926251815
VID55_s15_508_crop,normal,8,n_gt,13.875
VID55_s15_508_crop,normal,8,n_pred,10.75
VID55_s15_508_crop,normal,8,n_reg,10.875
VID55_s15_508_crop,normal,12,f1@0.5,0.509820856747998
VID55_s15_508_crop,normal,12,f1@0.75,0.2997736030654551
VID55_s15_508_crop,normal,12,miou,0.6220493017381981
VID55_s15_508_crop,normal,12,n_gt,13.875
VID55_s15_508_crop,normal,12,n_pred,13.0
VID55_s15_508_crop,normal,12,n_reg,13.5
VID55_s15_508_crop,normal,16,f1@0.5,0.5034132035888215
VID55_s15_508_crop,normal,16,f1@0.75,0.2944693754662258
VID55_s15_508_crop,normal,16,miou,0.6343067532886841
VID55_s15_508_crop,normal,16,n_gt,13.875
VID55_s15_508_crop,normal,16,n_pred,13.375
VID55_s15_508_crop,normal,16,n_reg,13.8125
VID55_s15_508_crop,normal,24,f1@0.5,0.4996750350497205
VID55_s15_508_crop,normal,24,f1@0.75,0.2968371896284971
VID55_s15_508_crop,normal,24,miou,0.6583987671070949
VID55_s15_508_crop,normal,24,n_gt,13.875
VID55_s15_508_crop,normal,24,n_pred,14.75
VID55_s15_508_crop,normal,24,n_reg,15.625
VID55_s15_508_crop,normal,32,f1@0.5,0.4752045286908592
VID55_s15_508_crop,normal,32,f1@0.75,0.2831087180186367
VID55_s15_508_crop,normal,32,miou,0.6398612206543743
VID55_s15_508_crop,normal,32,n_gt,13.875
VID55_s15_508_crop,normal,32,n_pred,15.0625
VID55_s15_508_crop,normal,32,n_reg,15.75
VID55_s15_508_crop,normal,48,f1@0.5,0.4914622194504475
VID55_s15_508_crop,normal,48,f1@0.75,0.2964563470262515
VID55_s15_508_crop,normal,48,miou,0.6381327497784102
VID55_s15_508_crop,normal,48,n_gt,13.875
VID55_s15_508_crop,normal,48,n_pred,14.125
VID55_s15_508_crop,normal,48,n_reg,14.6875
VID55_s15_508_crop,rgb,4,f1@0.5,0.5063649931435775
VID55_s15_508_crop,rgb,4,f1@0.75,0.3462742786721915
VID55_s15_508_crop,rgb,4,miou,0.6169187511803667
VID55_s15_508_crop,rgb,4,n_gt,13.875
VID55_s15_508_crop,rgb,4,n_pred,10.375
VID55_s15_508_crop,rgb,4,n_reg,10.625
VID55_s15_508_crop,rgb,6,f1@0.5,0.543059293725833
VID55_s15_508_crop,rgb,6,f1@0.75,0.3672674913263414
VID55_s15_508_crop,rgb,6,miou,0.7896695206427482
VID55_s15_508_crop,rgb,6,n_gt,13.875
VID55_s15_508_crop,rgb,6,n_pred,12.625
VID55_s15_508_crop,rgb,6,n_reg,13.25
VID55_s15_508_crop,rgb,8,f1@0.5,0.5213096290682497
VID55_s15_508_crop,rgb,8,f1@0.75,0.3021818557452298
VID55_s15_508_crop,rgb,8,miou,0.8153626960074509
VID55_s15_508_crop,rgb,8,n_gt,13.875
VID55_s15_508_crop,rgb,8,n_pred,18.0625
VID55_s15_508_crop,rgb,8,n_reg,19.1875
VID55_s15_508_crop,rgb,12,f1@0.5,0.5197766661001955
VID55_s15_508_crop,rgb,12,f1@0.75,0.3091540735503584
VID55_s15_508_crop,rgb,12,miou,0.8103686090116746
VID55_s15_508_crop,rgb,12,n_gt,13.875
VID55_s15_508_crop,rgb,12,n_pred,18.0625
VID55_s15_508_crop,rgb,12,n_reg,19.5625
VID55_s15_508_crop,rgb,16,f1@0.5,0.5299101020898621
VID55_s15_508_crop,rgb,16,f1@0.75,0.3277479255783241
VID55_s15_508_crop,rgb,16,miou,0.8159850030267144
VID55_s15_508_crop,rgb,16,n_gt,13.875
VID55_s15_508_crop,rgb,16,n_pred,17.25
VID55_s15_508_crop,rgb,16,n_reg,18.375
VID55_s15_508_crop,rgb,24,f1@0.5,0.5193176803912966
VID55_s15_508_crop,rgb,24,f1@0.75,0.3226720467521785
VID55_s15_508_crop,rgb,24,miou,0.8121460792003563
VID55_s15_508_crop,rgb,24,n_gt,13.875
VID55_s15_508_crop,rgb,24,n_pred,18.1875
VID55_s15_508_crop,rgb,24,n_reg,19.375
VID55_s15_508_crop,rgb,32,f1@0.5,0.5232520969178918
VID55_s15_508_crop,rgb,32,f1@0.75,0.3235395376764011
VID55_s15_508_crop,rgb,32,miou,0.8214448028349651
VID55_s15_508_crop,rgb,32,n_gt,13.875
VID55_s15_508_crop,rgb,32,n_pred,18.0
VID55_s15_508_crop,rgb,32,n_reg,19.5625
VID55_s15_508_crop,rgb,48,f1@0.5,0.5403883930097353
VID55_s15_508_crop,rgb,48,f1@0.75,0.3329602355049274
VID55_s15_508_crop,rgb,48,miou,0.8159406807516316
VID55_s15_508_crop,rgb,48,n_gt,13.875
VID55_s15_508_crop,rgb,48,n_pred,17.0625
VID55_s15_508_crop,rgb,48,n_reg,18.125
