clip,link,modality,region,frame_a,frame_b,gt_a,gt_b,class_a,class_b
VID01_s15_54_crop,consecutive_annotated,rgb,12,5,6,1,0,2,2
VID01_s15_54_crop,consecutive_annotated,rgb,12,6,7,0,1,2,2
VID01_s15_54_crop,consecutive_annotated,rgb,26,13,14,14,17,5,5
VID01_s15_54_crop,consecutive_annotated,depth,15,12,13,10,12,4,2
VID01_s15_54_crop,consecutive_annotated,depth,12,13,14,14,17,5,5
VID01_s15_54_crop,consecutive_annotated,normal,5,12,13,0,12,2,2
VID01_s15_54_crop,consecutive_annotated,normal,16,13,14,14,17,5,5
VID01_s15_54_crop,consecutive_annotated,normal,16,27,28,17,23,5,9
VID01_s15_54_crop,adjacent_samples,rgb,12,5,6,1,0,2,2
VID01_s15_54_crop,adjacent_samples,rgb,12,6,7,0,1,2,2
VID01_s15_54_crop,adjacent_samples,rgb,26,13,14,14,17,5,5
VID01_s15_54_crop,adjacent_samples,depth,15,12,13,10,12,4,2
VID01_s15_54_crop,adjacent_samples,depth,12,13,14,14,17,5,5
VID01_s15_54_crop,adjacent_samples,normal,5,12,13,0,12,2,2
VID01_s15_54_crop,adjacent_samples,normal,16,13,14,14,17,5,5
VID01_s15_54_crop,adjacent_samples,normal,16,27,28,26,32,5,9
VID01_s15_214_crop,consecutive_annotated,rgb,38,2,3,10,12,5,5
VID01_s15_214_crop,consecutive_annotated,depth,15,1,2,3,7,2,2
VID01_s15_214_crop,consecutive_annotated,depth,14,2,3,10,12,5,5
VID01_s15_214_crop,consecutive_annotated,normal,16,2,3,10,12,5,5
VID01_s15_214_crop,adjacent_samples,rgb,38,2,3,10,12,5,5
VID01_s15_214_crop,adjacent_samples,depth,15,1,2,3,7,2,2
VID01_s15_214_crop,adjacent_samples,depth,14,2,3,10,12,5,5
VID01_s15_214_crop,adjacent_samples,normal,16,2,3,10,12,5,5
VID01_s15_14673_crop,consecutive_annotated,rgb,28,15,16,7,16,5,5
VID01_s15_14673_crop,consecutive_annotated,rgb,33,17,18,6,18,5,5
VID01_s15_14673_crop,consecutive_annotated,rgb,35,17,18,11,19,9,5
VID01_s15_14673_crop,consecutive_annotated,rgb,35,18,19,19,23,5,9
VID01_s15_14673_crop,consecutive_annotated,rgb,28,18,19,20,22,5,5
VID01_s15_14673_crop,consecutive_annotated,normal,14,17,18,11,19,9,5
VID01_s15_14673_crop,consecutive_annotated,normal,14,18,19,19,23,5,9
VID01_s15_14673_crop,adjacent_samples,rgb,28,15,16,7,16,5,5
VID01_s15_14673_crop,adjacent_samples,rgb,33,17,18,6,18,5,5
VID01_s15_14673_crop,adjacent_samples,rgb,35,17,18,11,19,9,5
VID01_s15_14673_crop,adjacent_samples,rgb,35,18,19,19,23,5,9
VID01_s15_14673_crop,adjacent_samples,rgb,28,18,19,20,22,5,5
VID01_s15_14673_crop,adjacent_samples,normal,14,17,18,11,19,9,5
VID01_s15_14673_crop,adjacent_samples,normal,14,18,19,19,23,5,9
VID01_s15_14753_crop,consecutive_annotated,rgb,28,12,13,16,19,2,2
VID01_s15_14753_crop,consecutive_annotated,rgb,28,13,14,19,22,2,2
VID01_s15_14753_crop,consecutive_annotated,normal,14,12,13,16,19,2,2
VID01_s15_14753_crop,consecutive_annotated,normal,14,13,14,19,22,2,2
VID01_s15_14753_crop,adjacent_samples,rgb,28,12,13,16,19,2,2
VID01_s15_14753_crop,adjacent_samples,rgb,28,13,14,19,22,2,2
VID01_s15_14753_crop,adjacent_samples,normal,14,12,13,16,19,2,2
VID01_s15_14753_crop,adjacent_samples,normal,14,13,14,19,22,2,2
VID01_s15_14833_crop,consecutive_annotated,rgb,23,7,8,3,22,2,2
VID01_s15_14833_crop,adjacent_samples,rgb,23,7,8,3,22,2,2
VID01_s15_14913_crop,consecutive_annotated,rgb,25,1,2,6,13,5,5
VID01_s15_14913_crop,consecutive_annotated,rgb,27,1,2,9,14,9,5
VID01_s15_14913_crop,consecutive_annotated,rgb,27,2,3,14,18,5,9
VID01_s15_14913_crop,consecutive_annotated,depth,9,1,2,6,13,5,5
VID01_s15_14913_crop,consecutive_annotated,depth,11,1,2,9,14,9,5
VID01_s15_14913_crop,consecutive_annotated,depth,11,2,3,14,18,5,9
VID01_s15_14913_crop,consecutive_annotated,normal,10,1,2,6,13,5,5
VID01_s15_14913_crop,consecutive_annotated,normal,13,1,2,9,14,9,5
VID01_s15_14913_crop,consecutive_annotated,normal,13,2,3,14,18,5,9
VID01_s15_14913_crop,adjacent_samples,rgb,25,1,2,6,13,5,5
VID01_s15_14913_crop,adjacent_samples,rgb,27,1,2,9,14,9,5
VID01_s15_14913_crop,adjacent_samples,rgb,27,2,3,14,18,5,9
VID01_s15_14913_crop,adjacent_samples,depth,9,1,2,6,13,5,5
VID01_s15_14913_crop,adjacent_samples,depth,11,1,2,9,14,9,5
VID01_s15_14913_crop,adjacent_samples,depth,11,2,3,14,18,5,9
VID01_s15_14913_crop,adjacent_samples,normal,10,1,2,6,13,5,5
VID01_s15_14913_crop,adjacent_samples,normal,13,1,2,9,14,9,5
VID01_s15_14913_crop,adjacent_samples,normal,13,2,3,14,18,5,9
VID01_s15_16159_crop,consecutive_annotated,rgb,40,14,15,18,24,10,10
VID01_s15_16159_crop,consecutive_annotated,rgb,33,16,17,26,33,5,5
VID01_s15_16159_crop,consecutive_annotated,rgb,33,17,18,33,39,5,5
VID01_s15_16159_crop,consecutive_annotated,rgb,33,18,19,39,44,5,5
VID01_s15_16159_crop,consecutive_annotated,rgb,38,18,19,40,45,6,6
VID01_s15_16159_crop,consecutive_annotated,rgb,38,22,23,45,51,6,6
VID01_s15_16159_crop,adjacent_samples,rgb,40,14,15,18,24,10,10
VID01_s15_16159_crop,adjacent_samples,rgb,33,16,17,26,33,5,5
VID01_s15_16159_crop,adjacent_samples,rgb,33,17,18,33,39,5,5
VID01_s15_16159_crop,adjacent_samples,rgb,33,18,19,39,44,5,5
VID01_s15_16159_crop,adjacent_samples,rgb,38,18,19,40,45,6,6
VID01_s15_16159_crop,adjacent_samples,rgb,38,22,23,45,51,6,6
VID01_s15_16239_crop,consecutive_annotated,rgb,56,9,10,19,27,10,10
VID01_s15_16239_crop,consecutive_annotated,rgb,43,13,14,9,39,6,6
VID01_s15_16239_crop,consecutive_annotated,rgb,43,17,24,39,45,6,6
VID01_s15_16239_crop,consecutive_annotated,rgb,43,24,25,45,48,6,6
VID01_s15_16239_crop,consecutive_annotated,rgb,57,24,25,5,6,4,4
VID01_s15_16239_crop,consecutive_annotated,rgb,43,25,26,48,54,6,6
VID01_s15_16239_crop,consecutive_annotated,rgb,57,25,26,6,52,4,3
VID01_s15_16239_crop,consecutive_annotated,rgb,43,26,27,54,56,6,6
VID01_s15_16239_crop,consecutive_annotated,rgb,57,26,27,52,53,3,4
VID01_s15_16239_crop,consecutive_annotated,depth,1,9,10,7,22,5,5
VID01_s15_16239_crop,consecutive_annotated,depth,5,25,26,6,52,4,3
VID01_s15_16239_crop,consecutive_annotated,depth,5,26,27,52,53,3,4
VID01_s15_16239_crop,consecutive_annotated,normal,11,13,14,22,38,5,5
VID01_s15_16239_crop,adjacent_samples,rgb,56,9,10,19,27,10,10
VID01_s15_16239_crop,adjacent_samples,rgb,43,13,14,9,39,6,6
VID01_s15_16239_crop,adjacent_samples,rgb,43,24,25,53,61,6,6
VID01_s15_16239_crop,adjacent_samples,rgb,57,24,25,49,50,4,4
VID01_s15_16239_crop,adjacent_samples,rgb,43,25,26,61,67,6,6
VID01_s15_16239_crop,adjacent_samples,rgb,57,25,26,50,65,4,3
VID01_s15_16239_crop,adjacent_samples,rgb,43,26,27,67,69,6,6
VID01_s15_16239_crop,adjacent_samples,rgb,57,26,27,65,66,3,4
VID01_s15_16239_crop,adjacent_samples,depth,1,9,10,7,22,5,5
VID01_s15_16239_crop,adjacent_samples,depth,5,25,26,50,65,4,3
VID01_s15_16239_crop,adjacent_samples,depth,5,26,27,65,66,3,4
VID01_s15_16239_crop,adjacent_samples,normal,11,13,14,22,38,5,5
VID01_s15_16399_crop,consecutive_annotated,rgb,37,6,7,33,39,6,6
VID01_s15_16399_crop,consecutive_annotated,rgb,13,6,7,32,38,5,5
VID01_s15_16399_crop,adjacent_samples,rgb,37,6,7,33,39,6,6
VID01_s15_16399_crop,adjacent_samples,rgb,13,6,7,32,38,5,5
VID01_s15_28474_crop,consecutive_annotated,rgb,47,26,27,38,42,7,7
VID01_s15_28474_crop,adjacent_samples,rgb,47,26,27,38,42,7,7
VID01_s15_28554_crop,consecutive_annotated,rgb,26,19,20,15,49,7,7
VID01_s15_28554_crop,consecutive_annotated,rgb,41,20,21,2,46,2,2
VID01_s15_28554_crop,consecutive_annotated,rgb,41,21,22,46,2,2,2
VID01_s15_28554_crop,consecutive_annotated,rgb,43,24,25,33,63,9,9
VID01_s15_28554_crop,consecutive_annotated,rgb,7,25,26,55,6,10,6
VID01_s15_28554_crop,consecutive_annotated,depth,3,19,20,15,49,7,7
VID01_s15_28554_crop,consecutive_annotated,depth,7,24,25,33,63,9,9
VID01_s15_28554_crop,consecutive_annotated,depth,7,25,26,63,69,9,9
VID01_s15_28554_crop,consecutive_annotated,normal,5,24,25,33,63,9,9
VID01_s15_28554_crop,consecutive_annotated,normal,5,25,26,63,69,9,9
VID01_s15_28554_crop,adjacent_samples,rgb,26,19,20,15,49,7,7
VID01_s15_28554_crop,adjacent_samples,rgb,41,20,21,2,46,2,2
VID01_s15_28554_crop,adjacent_samples,rgb,41,21,22,46,2,2,2
VID01_s15_28554_crop,adjacent_samples,rgb,43,24,25,33,63,9,9
VID01_s15_28554_crop,adjacent_samples,rgb,7,25,26,55,6,10,6
VID01_s15_28554_crop,adjacent_samples,depth,3,19,20,15,49,7,7
VID01_s15_28554_crop,adjacent_samples,depth,7,24,25,33,63,9,9
VID01_s15_28554_crop,adjacent_samples,depth,7,25,26,63,69,9,9
VID01_s15_28554_crop,adjacent_samples,normal,5,24,25,33,63,9,9
VID01_s15_28554_crop,adjacent_samples,normal,5,25,26,63,69,9,9
VID01_s15_28634_crop,consecutive_annotated,rgb,43,18,19,12,60,9,9
VID01_s15_28634_crop,consecutive_annotated,rgb,6,18,19,41,2,2,2
VID01_s15_28634_crop,consecutive_annotated,rgb,43,19,20,60,67,9,9
VID01_s15_28634_crop,consecutive_annotated,depth,4,18,19,12,60,9,9
VID01_s15_28634_crop,consecutive_annotated,depth,4,19,20,60,67,9,9
VID01_s15_28634_crop,consecutive_annotated,normal,5,18,19,12,60,9,9
VID01_s15_28634_crop,consecutive_annotated,normal,5,19,20,60,67,9,9
VID01_s15_28634_crop,adjacent_samples,rgb,43,18,19,12,60,9,9
VID01_s15_28634_crop,adjacent_samples,rgb,6,18,19,41,2,2,2
VID01_s15_28634_crop,adjacent_samples,rgb,43,19,20,60,67,9,9
VID01_s15_28634_crop,adjacent_samples,depth,4,18,19,12,60,9,9
VID01_s15_28634_crop,adjacent_samples,depth,4,19,20,60,67,9,9
VID01_s15_28634_crop,adjacent_samples,normal,5,18,19,12,60,9,9
VID01_s15_28634_crop,adjacent_samples,normal,5,19,20,60,67,9,9
VID01_s15_28714_crop,consecutive_annotated,rgb,10,13,14,2,21,2,2
VID01_s15_28714_crop,consecutive_annotated,depth,8,13,14,13,36,9,9
VID01_s15_28714_crop,adjacent_samples,rgb,10,13,14,2,21,2,2
VID01_s15_28714_crop,adjacent_samples,depth,8,13,14,13,36,9,9
VID09_s15_726_crop,consecutive_annotated,rgb,13,18,19,4,3,4,3
VID09_s15_726_crop,consecutive_annotated,rgb,13,20,21,3,4,3,4
VID09_s15_726_crop,consecutive_annotated,depth,10,18,19,4,3,4,3
VID09_s15_726_crop,adjacent_samples,rgb,13,18,19,4,3,4,3
VID09_s15_726_crop,adjacent_samples,rgb,13,20,21,3,4,3,4
VID09_s15_726_crop,adjacent_samples,depth,10,18,19,4,3,4,3
VID09_s15_806_crop,consecutive_annotated,normal,10,12,13,5,4,4,3
VID09_s15_806_crop,adjacent_samples,normal,10,12,13,5,4,4,3
VID12_s15_15564_crop,consecutive_annotated,rgb,63,15,16,10,15,5,5
VID12_s15_15564_crop,consecutive_annotated,rgb,63,17,18,15,18,5,5
VID12_s15_15564_crop,consecutive_annotated,rgb,77,19,20,1,16,1,1
VID12_s15_15564_crop,consecutive_annotated,rgb,77,22,23,16,1,1,1
VID12_s15_15564_crop,consecutive_annotated,depth,10,15,16,10,15,5,5
VID12_s15_15564_crop,consecutive_annotated,depth,10,17,18,15,18,5,5
VID12_s15_15564_crop,consecutive_annotated,depth,12,19,20,1,16,1,1
VID12_s15_15564_crop,consecutive_annotated,depth,12,22,23,16,1,1,1
VID12_s15_15564_crop,consecutive_annotated,normal,6,15,16,10,15,5,5
VID12_s15_15564_crop,consecutive_annotated,normal,6,17,18,15,18,5,5
VID12_s15_15564_crop,consecutive_annotated,normal,13,17,18,0,2,1,1
VID12_s15_15564_crop,consecutive_annotated,normal,10,19,20,1,16,1,1
VID12_s15_15564_crop,consecutive_annotated,normal,10,22,23,16,1,1,1
VID12_s15_15564_crop,adjacent_samples,rgb,63,15,16,10,15,5,5
VID12_s15_15564_crop,adjacent_samples,rgb,63,17,18,15,18,5,5
VID12_s15_15564_crop,adjacent_samples,rgb,77,19,20,1,16,1,1
VID12_s15_15564_crop,adjacent_samples,rgb,77,22,23,16,1,1,1
VID12_s15_15564_crop,adjacent_samples,depth,10,15,16,10,15,5,5
VID12_s15_15564_crop,adjacent_samples,depth,10,17,18,15,18,5,5
VID12_s15_15564_crop,adjacent_samples,depth,12,19,20,1,16,1,1
VID12_s15_15564_crop,adjacent_samples,depth,12,22,23,16,1,1,1
VID12_s15_15564_crop,adjacent_samples,normal,6,15,16,10,15,5,5
VID12_s15_15564_crop,adjacent_samples,normal,6,17,18,15,18,5,5
VID12_s15_15564_crop,adjacent_samples,normal,13,17,18,0,2,1,1
VID12_s15_15564_crop,adjacent_samples,normal,10,19,20,1,16,1,1
VID12_s15_15564_crop,adjacent_samples,normal,10,22,23,16,1,1,1
VID12_s15_15644_crop,consecutive_annotated,rgb,29,9,10,10,15,5,5
VID12_s15_15644_crop,consecutive_annotated,rgb,29,10,11,15,17,5,5
VID12_s15_15644_crop,consecutive_annotated,rgb,29,12,13,17,18,5,5
VID12_s15_15644_crop,consecutive_annotated,depth,5,9,10,10,15,5,5
VID12_s15_15644_crop,consecutive_annotated,depth,5,10,11,15,17,5,5
VID12_s15_15644_crop,consecutive_annotated,depth,9,10,11,0,2,1,1
VID12_s15_15644_crop,consecutive_annotated,depth,5,12,13,17,18,5,5
VID12_s15_15644_crop,consecutive_annotated,depth,8,12,13,11,13,6,10
VID12_s15_15644_crop,consecutive_annotated,normal,7,10,11,0,2,1,1
VID12_s15_15644_crop,consecutive_annotated,normal,4,12,13,11,13,6,10
VID12_s15_15644_crop,adjacent_samples,rgb,29,9,10,10,15,5,5
VID12_s15_15644_crop,adjacent_samples,rgb,29,10,11,15,17,5,5
VID12_s15_15644_crop,adjacent_samples,rgb,29,12,13,17,18,5,5
VID12_s15_15644_crop,adjacent_samples,depth,5,9,10,10,15,5,5
VID12_s15_15644_crop,adjacent_samples,depth,5,10,11,15,17,5,5
VID12_s15_15644_crop,adjacent_samples,depth,9,10,11,0,2,1,1
VID12_s15_15644_crop,adjacent_samples,depth,5,12,13,17,18,5,5
VID12_s15_15644_crop,adjacent_samples,depth,8,12,13,11,13,6,10
VID12_s15_15644_crop,adjacent_samples,normal,7,10,11,0,2,1,1
VID12_s15_15644_crop,adjacent_samples,normal,4,12,13,11,13,6,10
VID12_s15_19314_crop,consecutive_annotated,rgb,6,27,28,17,18,10,1
VID12_s15_19314_crop,consecutive_annotated,depth,11,27,28,17,20,10,5
VID12_s15_19314_crop,consecutive_annotated,normal,7,28,29,8,20,9,5
VID12_s15_19314_crop,adjacent_samples,rgb,6,27,28,17,18,10,1
VID12_s15_19314_crop,adjacent_samples,depth,11,27,28,17,20,10,5
VID12_s15_19314_crop,adjacent_samples,normal,7,28,29,8,20,9,5
VID12_s15_19394_crop,consecutive_annotated,rgb,23,18,19,9,13,10,1
VID12_s15_19394_crop,consecutive_annotated,rgb,35,27,28,27,28,5,5
VID12_s15_19394_crop,adjacent_samples,rgb,23,18,19,9,13,10,1
VID12_s15_19394_crop,adjacent_samples,rgb,35,27,28,27,28,5,5
VID12_s15_19474_crop,consecutive_annotated,rgb,8,17,18,8,14,6,10
VID12_s15_19474_crop,consecutive_annotated,rgb,46,19,20,1,17,1,1
VID12_s15_19474_crop,consecutive_annotated,rgb,46,20,21,17,1,1,1
VID12_s15_19474_crop,consecutive_annotated,rgb,41,23,29,21,32,5,5
VID12_s15_19474_crop,consecutive_annotated,depth,4,3,4,7,3,5,2
VID12_s15_19474_crop,consecutive_annotated,depth,2,17,18,8,14,6,10
VID12_s15_19474_crop,consecutive_annotated,depth,11,17,18,9,21,9,5
VID12_s15_19474_crop,consecutive_annotated,depth,11,23,29,21,32,5,5
VID12_s15_19474_crop,adjacent_samples,rgb,8,17,18,8,14,6,10
VID12_s15_19474_crop,adjacent_samples,rgb,46,19,20,1,17,1,1
VID12_s15_19474_crop,adjacent_samples,rgb,46,20,21,17,1,1,1
VID12_s15_19474_crop,adjacent_samples,depth,4,3,4,7,3,5,2
VID12_s15_19474_crop,adjacent_samples,depth,2,17,18,8,14,6,10
VID12_s15_19474_crop,adjacent_samples,depth,11,17,18,9,21,9,5
VID12_s15_19554_crop,consecutive_annotated,rgb,17,11,12,16,17,10,1
VID12_s15_19554_crop,consecutive_annotated,rgb,43,17,24,19,35,5,5
VID12_s15_19554_crop,consecutive_annotated,depth,12,11,12,16,17,10,1
VID12_s15_19554_crop,consecutive_annotated,depth,1,17,24,27,34,5,5
VID12_s15_19554_crop,consecutive_annotated,depth,11,17,24,19,35,5,5
VID12_s15_19554_crop,consecutive_annotated,normal,7,11,12,16,17,10,1
VID12_s15_19554_crop,adjacent_samples,rgb,17,11,12,16,17,10,1
VID12_s15_19554_crop,adjacent_samples,depth,12,11,12,16,17,10,1
VID12_s15_19554_crop,adjacent_samples,normal,7,11,12,16,17,10,1
VID12_s15_19714_crop,consecutive_annotated,rgb,7,1,2,4,6,6,10
VID12_s15_19714_crop,consecutive_annotated,rgb,33,3,4,11,12,2,2
VID12_s15_19714_crop,consecutive_annotated,rgb,19,5,6,18,19,5,5
VID12_s15_19714_crop,consecutive_annotated,rgb,35,7,13,13,24,5,5
VID12_s15_19714_crop,consecutive_annotated,rgb,13,7,13,17,9,2,1
VID12_s15_19714_crop,consecutive_annotated,rgb,33,13,14,12,22,2,2
VID12_s15_19714_crop,consecutive_annotated,rgb,35,13,14,24,25,5,5
VID12_s15_19714_crop,consecutive_annotated,depth,5,1,2,4,6,6,10
VID12_s15_19714_crop,consecutive_annotated,depth,15,1,2,8,13,5,5
VID12_s15_19714_crop,consecutive_annotated,depth,3,5,6,18,19,5,5
VID12_s15_19714_crop,consecutive_annotated,depth,3,6,7,19,21,5,5
VID12_s15_19714_crop,consecutive_annotated,depth,6,7,13,17,9,2,1
VID12_s15_19714_crop,consecutive_annotated,depth,15,7,13,13,24,5,5
VID12_s15_19714_crop,consecutive_annotated,depth,15,13,14,24,25,5,5
VID12_s15_19714_crop,consecutive_annotated,depth,3,14,15,21,27,5,5
VID12_s15_19714_crop,consecutive_annotated,depth,14,17,18,22,30,2,2
VID12_s15_19714_crop,consecutive_annotated,normal,7,1,2,4,6,6,10
VID12_s15_19714_crop,consecutive_annotated,normal,5,3,4,11,12,2,2
VID12_s15_19714_crop,consecutive_annotated,normal,8,5,6,18,19,5,5
VID12_s15_19714_crop,consecutive_annotated,normal,8,6,7,19,21,5,5
VID12_s15_19714_crop,consecutive_annotated,normal,6,7,13,13,24,5,5
VID12_s15_19714_crop,consecutive_annotated,normal,6,13,14,24,25,5,5
VID12_s15_19714_crop,consecutive_annotated,normal,8,14,15,21,27,5,5
VID12_s15_19714_crop,adjacent_samples,rgb,7,1,2,4,6,6,10
VID12_s15_19714_crop,adjacent_samples,rgb,33,3,4,11,12,2,2
VID12_s15_19714_crop,adjacent_samples,rgb,19,5,6,18,19,5,5
VID12_s15_19714_crop,adjacent_samples,rgb,33,13,14,27,26,2,2
VID12_s15_19714_crop,adjacent_samples,rgb,35,13,14,32,35,5,5
VID12_s15_19714_crop,adjacent_samples,depth,5,1,2,4,6,6,10
VID12_s15_19714_crop,adjacent_samples,depth,15,1,2,8,13,5,5
VID12_s15_19714_crop,adjacent_samples,depth,3,5,6,18,19,5,5
VID12_s15_19714_crop,adjacent_samples,depth,3,6,7,19,21,5,5
VID12_s15_19714_crop,adjacent_samples,depth,15,13,14,32,35,5,5
VID12_s15_19714_crop,adjacent_samples,depth,3,14,15,31,37,5,5
VID12_s15_19714_crop,adjacent_samples,depth,14,17,18,26,40,2,2
VID12_s15_19714_crop,adjacent_samples,normal,7,1,2,4,6,6,10
VID12_s15_19714_crop,adjacent_samples,normal,5,3,4,11,12,2,2
VID12_s15_19714_crop,adjacent_samples,normal,8,5,6,18,19,5,5
VID12_s15_19714_crop,adjacent_samples,normal,8,6,7,19,21,5,5
VID12_s15_19714_crop,adjacent_samples,normal,6,13,14,32,35,5,5
VID12_s15_19714_crop,adjacent_samples,normal,8,14,15,31,37,5,5
VID12_s15_19794_crop,consecutive_annotated,rgb,11,1,8,11,20,10,10
VID12_s15_19794_crop,consecutive_annotated,rgb,48,1,8,9,19,5,5
VID12_s15_19794_crop,consecutive_annotated,rgb,50,1,8,8,18,5,5
VID12_s15_19794_crop,consecutive_annotated,depth,18,1,8,8,18,5,5
VID12_s15_19794_crop,consecutive_annotated,depth,13,1,8,9,19,5,5
VID12_s15_19794_crop,consecutive_annotated,normal,9,1,8,11,20,10,10
VID12_s15_19794_crop,consecutive_annotated,normal,13,1,8,9,19,5,5
VID17_s15_1377_crop,consecutive_annotated,rgb,5,17,18,12,16,5,5
VID17_s15_1377_crop,consecutive_annotated,rgb,2,20,21,18,19,1,1
VID17_s15_1377_crop,consecutive_annotated,rgb,10,20,21,5,21,3,3
VID17_s15_1377_crop,consecutive_annotated,rgb,20,20,21,6,22,4,4
VID17_s15_1377_crop,consecutive_annotated,rgb,26,20,21,10,20,2,2
VID17_s15_1377_crop,consecutive_annotated,rgb,2,21,22,19,24,1,1
VID17_s15_1377_crop,consecutive_annotated,rgb,30,21,22,6,22,4,4
VID17_s15_1377_crop,consecutive_annotated,rgb,2,23,29,24,28,1,1
VID17_s15_1377_crop,consecutive_annotated,rgb,5,23,29,26,30,5,5
VID17_s15_1377_crop,consecutive_annotated,rgb,30,23,29,22,29,4,4
VID17_s15_1377_crop,consecutive_annotated,depth,8,17,18,12,16,5,5
VID17_s15_1377_crop,consecutive_annotated,depth,6,20,21,6,22,4,4
VID17_s15_1377_crop,consecutive_annotated,depth,10,20,21,18,19,1,1
VID17_s15_1377_crop,consecutive_annotated,depth,9,21,22,6,22,4,4
VID17_s15_1377_crop,consecutive_annotated,depth,10,21,22,19,24,1,1
VID17_s15_1377_crop,consecutive_annotated,depth,8,23,29,26,30,5,5
VID17_s15_1377_crop,consecutive_annotated,depth,9,23,29,22,29,4,4
VID17_s15_1377_crop,consecutive_annotated,normal,8,16,17,8,12,5,5
VID17_s15_1377_crop,consecutive_annotated,normal,8,17,18,12,16,5,5
VID17_s15_1377_crop,consecutive_annotated,normal,8,20,21,16,23,5,5
VID17_s15_1377_crop,consecutive_annotated,normal,9,20,21,10,20,2,2
VID17_s15_1377_crop,consecutive_annotated,normal,13,20,21,6,22,4,4
VID17_s15_1377_crop,consecutive_annotated,normal,8,21,22,23,26,5,5
VID17_s15_1377_crop,consecutive_annotated,normal,12,21,22,6,22,4,4
VID17_s15_1377_crop,consecutive_annotated,normal,8,23,29,26,30,5,5
VID17_s15_1377_crop,consecutive_annotated,normal,12,23,29,22,29,4,4
VID17_s15_1377_crop,adjacent_samples,rgb,5,17,18,12,16,5,5
VID17_s15_1377_crop,adjacent_samples,rgb,2,20,21,18,19,1,1
VID17_s15_1377_crop,adjacent_samples,rgb,10,20,21,5,21,3,3
VID17_s15_1377_crop,adjacent_samples,rgb,20,20,21,6,22,4,4
VID17_s15_1377_crop,adjacent_samples,rgb,26,20,21,10,20,2,2
VID17_s15_1377_crop,adjacent_samples,rgb,2,21,22,19,24,1,1
VID17_s15_1377_crop,adjacent_samples,rgb,30,21,22,6,22,4,4
VID17_s15_1377_crop,adjacent_samples,depth,8,17,18,12,16,5,5
VID17_s15_1377_crop,adjacent_samples,depth,6,20,21,6,22,4,4
VID17_s15_1377_crop,adjacent_samples,depth,10,20,21,18,19,1,1
VID17_s15_1377_crop,adjacent_samples,depth,9,21,22,6,22,4,4
VID17_s15_1377_crop,adjacent_samples,depth,10,21,22,19,24,1,1
VID17_s15_1377_crop,adjacent_samples,normal,8,16,17,8,12,5,5
VID17_s15_1377_crop,adjacent_samples,normal,8,17,18,12,16,5,5
VID17_s15_1377_crop,adjacent_samples,normal,8,20,21,16,23,5,5
VID17_s15_1377_crop,adjacent_samples,normal,9,20,21,10,20,2,2
VID17_s15_1377_crop,adjacent_samples,normal,13,20,21,6,22,4,4
VID17_s15_1377_crop,adjacent_samples,normal,8,21,22,23,26,5,5
VID17_s15_1377_crop,adjacent_samples,normal,12,21,22,6,22,4,4
VID17_s15_1457_crop,consecutive_annotated,rgb,35,8,9,8,10,8,4
VID17_s15_1457_crop,consecutive_annotated,rgb,30,11,12,7,11,5,5
VID17_s15_1457_crop,consecutive_annotated,rgb,12,12,13,6,5,4,3
VID17_s15_1457_crop,consecutive_annotated,rgb,24,14,15,15,12,1,1
VID17_s15_1457_crop,consecutive_annotated,rgb,29,14,15,4,16,2,2
VID17_s15_1457_crop,consecutive_annotated,rgb,30,14,15,11,17,5,5
VID17_s15_1457_crop,consecutive_annotated,rgb,24,15,16,12,18,1,1
VID17_s15_1457_crop,consecutive_annotated,rgb,30,15,16,17,21,5,5
VID17_s15_1457_crop,consecutive_annotated,rgb,35,25,26,27,10,4,4
VID17_s15_1457_crop,consecutive_annotated,rgb,30,25,26,21,28,5,5
VID17_s15_1457_crop,consecutive_annotated,rgb,30,27,28,28,30,5,5
VID17_s15_1457_crop,consecutive_annotated,depth,4,8,9,8,10,8,4
VID17_s15_1457_crop,consecutive_annotated,depth,11,10,11,5,6,3,4
VID17_s15_1457_crop,consecutive_annotated,depth,8,11,12,7,11,5,5
VID17_s15_1457_crop,consecutive_annotated,depth,8,14,15,11,17,5,5
VID17_s15_1457_crop,consecutive_annotated,depth,10,14,15,15,12,1,1
VID17_s15_1457_crop,consecutive_annotated,depth,4,15,16,10,20,4,4
VID17_s15_1457_crop,consecutive_annotated,depth,8,15,16,17,21,5,5
VID17_s15_1457_crop,consecutive_annotated,depth,10,15,16,12,18,1,1
VID17_s15_1457_crop,consecutive_annotated,depth,8,25,26,21,28,5,5
VID17_s15_1457_crop,consecutive_annotated,depth,8,27,28,28,30,5,5
VID17_s15_1457_crop,consecutive_annotated,normal,15,8,9,8,10,8,4
VID17_s15_1457_crop,consecutive_annotated,normal,9,11,12,3,0,2,1
VID17_s15_1457_crop,consecutive_annotated,normal,14,14,15,4,16,2,2
VID17_s15_1457_crop,consecutive_annotated,normal,13,15,16,5,19,3,3
VID17_s15_1457_crop,consecutive_annotated,normal,12,25,26,21,28,5,5
VID17_s15_1457_crop,consecutive_annotated,normal,12,27,28,28,30,5,5
VID17_s15_1457_crop,adjacent_samples,rgb,35,8,9,8,10,8,4
VID17_s15_1457_crop,adjacent_samples,rgb,30,11,12,7,11,5,5
VID17_s15_1457_crop,adjacent_samples,rgb,12,12,13,6,5,4,3
VID17_s15_1457_crop,adjacent_samples,rgb,24,14,15,15,12,1,1
VID17_s15_1457_crop,adjacent_samples,rgb,29,14,15,4,16,2,2
VID17_s15_1457_crop,adjacent_samples,rgb,30,14,15,11,17,5,5
VID17_s15_1457_crop,adjacent_samples,rgb,24,15,16,12,18,1,1
VID17_s15_1457_crop,adjacent_samples,rgb,30,15,16,17,21,5,5
VID17_s15_1457_crop,adjacent_samples,rgb,35,25,26,34,28,4,4
VID17_s15_1457_crop,adjacent_samples,rgb,30,25,26,30,35,5,5
VID17_s15_1457_crop,adjacent_samples,rgb,30,27,28,35,37,5,5
VID17_s15_1457_crop,adjacent_samples,depth,4,8,9,8,10,8,4
VID17_s15_1457_crop,adjacent_samples,depth,11,10,11,5,6,3,4
VID17_s15_1457_crop,adjacent_samples,depth,8,11,12,7,11,5,5
VID17_s15_1457_crop,adjacent_samples,depth,8,14,15,11,17,5,5
VID17_s15_1457_crop,adjacent_samples,depth,10,14,15,15,12,1,1
VID17_s15_1457_crop,adjacent_samples,depth,4,15,16,10,20,4,4
VID17_s15_1457_crop,adjacent_samples,depth,8,15,16,17,21,5,5
VID17_s15_1457_crop,adjacent_samples,depth,10,15,16,12,18,1,1
VID17_s15_1457_crop,adjacent_samples,depth,8,25,26,30,35,5,5
VID17_s15_1457_crop,adjacent_samples,depth,8,27,28,35,37,5,5
VID17_s15_1457_crop,adjacent_samples,normal,15,8,9,8,10,8,4
VID17_s15_1457_crop,adjacent_samples,normal,9,11,12,3,0,2,1
VID17_s15_1457_crop,adjacent_samples,normal,14,14,15,4,16,2,2
VID17_s15_1457_crop,adjacent_samples,normal,13,15,16,5,19,3,3
VID17_s15_1457_crop,adjacent_samples,normal,12,25,26,30,35,5,5
VID17_s15_1457_crop,adjacent_samples,normal,12,27,28,35,37,5,5
VID17_s15_1617_crop,consecutive_annotated,rgb,31,0,1,7,10,5,5
VID17_s15_1617_crop,consecutive_annotated,rgb,31,1,2,10,14,5,5
VID17_s15_1617_crop,consecutive_annotated,rgb,8,4,5,16,17,1,1
VID17_s15_1617_crop,consecutive_annotated,rgb,12,4,5,5,20,4,4
VID17_s15_1617_crop,consecutive_annotated,rgb,26,4,5,3,18,2,2
VID17_s15_1617_crop,consecutive_annotated,rgb,28,4,5,4,19,3,3
VID17_s15_1617_crop,consecutive_annotated,rgb,31,4,5,14,21,5,5
VID17_s15_1617_crop,consecutive_annotated,rgb,8,5,6,17,22,1,1
VID17_s15_1617_crop,consecutive_annotated,rgb,30,5,6,5,20,4,4
VID17_s15_1617_crop,consecutive_annotated,rgb,31,5,6,21,24,5,5
VID17_s15_1617_crop,consecutive_annotated,rgb,8,7,13,22,26,1,1
VID17_s15_1617_crop,consecutive_annotated,rgb,30,7,13,20,27,4,4
VID17_s15_1617_crop,consecutive_annotated,rgb,31,7,13,24,28,5,5
VID17_s15_1617_crop,consecutive_annotated,rgb,31,14,15,28,30,5,5
VID17_s15_1617_crop,consecutive_annotated,rgb,31,16,17,30,34,5,5
VID17_s15_1617_crop,consecutive_annotated,rgb,32,17,24,8,37,10,10
VID17_s15_1617_crop,consecutive_annotated,rgb,26,17,24,18,12,2,2
VID17_s15_1617_crop,consecutive_annotated,depth,10,0,1,7,10,5,5
VID17_s15_1617_crop,consecutive_annotated,depth,10,1,2,10,14,5,5
VID17_s15_1617_crop,consecutive_annotated,depth,15,3,4,4,6,3,4
VID17_s15_1617_crop,consecutive_annotated,depth,10,4,5,14,21,5,5
VID17_s15_1617_crop,consecutive_annotated,depth,16,4,5,5,20,4,4
VID17_s15_1617_crop,consecutive_annotated,depth,18,4,5,16,17,1,1
VID17_s15_1617_crop,consecutive_annotated,depth,10,5,6,21,24,5,5
VID17_s15_1617_crop,consecutive_annotated,depth,14,5,6,5,20,4,4
VID17_s15_1617_crop,consecutive_annotated,depth,18,5,6,17,22,1,1
VID17_s15_1617_crop,consecutive_annotated,depth,10,7,13,24,28,5,5
VID17_s15_1617_crop,consecutive_annotated,depth,14,7,13,20,27,4,4
VID17_s15_1617_crop,consecutive_annotated,depth,18,7,13,22,26,1,1
VID17_s15_1617_crop,consecutive_annotated,depth,10,14,15,28,30,5,5
VID17_s15_1617_crop,consecutive_annotated,depth,10,16,17,30,34,5,5
VID17_s15_1617_crop,consecutive_annotated,depth,9,17,24,8,37,10,10
VID17_s15_1617_crop,consecutive_annotated,normal,7,0,1,7,10,5,5
VID17_s15_1617_crop,consecutive_annotated,normal,7,1,2,10,14,5,5
VID17_s15_1617_crop,consecutive_annotated,normal,6,4,5,16,17,1,1
VID17_s15_1617_crop,consecutive_annotated,normal,7,4,5,14,21,5,5
VID17_s15_1617_crop,consecutive_annotated,normal,12,4,5,5,20,4,4
VID17_s15_1617_crop,consecutive_annotated,normal,7,5,6,21,24,5,5
VID17_s15_1617_crop,consecutive_annotated,normal,7,7,13,24,28,5,5
VID17_s15_1617_crop,consecutive_annotated,normal,7,14,15,28,30,5,5
VID17_s15_1617_crop,consecutive_annotated,normal,7,16,17,30,34,5,5
VID17_s15_1617_crop,adjacent_samples,rgb,31,0,1,7,10,5,5
VID17_s15_1617_crop,adjacent_samples,rgb,31,1,2,10,14,5,5
VID17_s15_1617_crop,adjacent_samples,rgb,8,4,5,16,17,1,1
VID17_s15_1617_crop,adjacent_samples,rgb,12,4,5,5,20,4,4
VID17_s15_1617_crop,adjacent_samples,rgb,26,4,5,3,18,2,2
VID17_s15_1617_crop,adjacent_samples,rgb,28,4,5,4,19,3,3
VID17_s15_1617_crop,adjacent_samples,rgb,31,4,5,14,21,5,5
VID17_s15_1617_crop,adjacent_samples,rgb,8,5,6,17,22,1,1
VID17_s15_1617_crop,adjacent_samples,rgb,30,5,6,5,20,4,4
VID17_s15_1617_crop,adjacent_samples,rgb,31,5,6,21,24,5,5
VID17_s15_1617_crop,adjacent_samples,rgb,31,14,15,34,37,5,5
VID17_s15_1617_crop,adjacent_samples,rgb,31,16,17,37,41,5,5
VID17_s15_1617_crop,adjacent_samples,depth,10,0,1,7,10,5,5
VID17_s15_1617_crop,adjacent_samples,depth,10,1,2,10,14,5,5
VID17_s15_1617_crop,adjacent_samples,depth,15,3,4,4,6,3,4
VID17_s15_1617_crop,adjacent_samples,depth,10,4,5,14,21,5,5
VID17_s15_1617_crop,adjacent_samples,depth,16,4,5,5,20,4,4
VID17_s15_1617_crop,adjacent_samples,depth,18,4,5,16,17,1,1
VID17_s15_1617_crop,adjacent_samples,depth,10,5,6,21,24,5,5
VID17_s15_1617_crop,adjacent_samples,depth,14,5,6,5,20,4,4
VID17_s15_1617_crop,adjacent_samples,depth,18,5,6,17,22,1,1
VID17_s15_1617_crop,adjacent_samples,depth,10,14,15,34,37,5,5
VID17_s15_1617_crop,adjacent_samples,depth,10,16,17,37,41,5,5
VID17_s15_1617_crop,adjacent_samples,normal,7,0,1,7,10,5,5
VID17_s15_1617_crop,adjacent_samples,normal,7,1,2,10,14,5,5
VID17_s15_1617_crop,adjacent_samples,normal,6,4,5,16,17,1,1
VID17_s15_1617_crop,adjacent_samples,normal,7,4,5,14,21,5,5
VID17_s15_1617_crop,adjacent_samples,normal,12,4,5,5,20,4,4
VID17_s15_1617_crop,adjacent_samples,normal,7,5,6,21,24,5,5
VID17_s15_1617_crop,adjacent_samples,normal,7,14,15,34,37,5,5
VID17_s15_1617_crop,adjacent_samples,normal,7,16,17,37,41,5,5
VID17_s15_1777_crop,consecutive_annotated,rgb,25,7,13,9,18,10,10
VID17_s15_1777_crop,consecutive_annotated,rgb,10,7,13,0,1,1,1
VID17_s15_1777_crop,consecutive_annotated,normal,3,6,7,0,1,1,1
VID17_s15_1777_crop,adjacent_samples,normal,3,6,7,0,1,1,1
VID18_s15_793_crop,consecutive_annotated,rgb,35,17,24,16,18,1,1
VID18_s15_793_crop,consecutive_annotated,normal,18,17,24,16,18,1,1
VID18_s15_953_crop,consecutive_annotated,rgb,28,2,3,0,1,1,1
VID18_s15_953_crop,consecutive_annotated,rgb,28,7,13,1,18,1,1
VID18_s15_953_crop,consecutive_annotated,normal,8,7,13,1,18,1,1
VID18_s15_953_crop,adjacent_samples,rgb,28,2,3,0,1,1,1
VID20_s15_3074_crop,consecutive_annotated,rgb,13,15,16,3,12,2,2
VID20_s15_3074_crop,adjacent_samples,rgb,13,15,16,3,12,2,2
VID24_s15_54_crop,consecutive_annotated,rgb,23,16,17,5,7,10,10
VID24_s15_54_crop,consecutive_annotated,normal,7,16,17,5,7,10,10
VID24_s15_54_crop,adjacent_samples,rgb,23,16,17,5,7,10,10
VID24_s15_54_crop,adjacent_samples,normal,7,16,17,5,7,10,10
VID24_s15_294_crop,consecutive_annotated,rgb,8,0,1,4,5,10,10
VID24_s15_294_crop,adjacent_samples,rgb,8,0,1,4,5,10,10
VID24_s15_9410_crop,consecutive_annotated,rgb,29,13,14,6,10,4,4
VID24_s15_9410_crop,consecutive_annotated,rgb,38,17,18,11,15,2,2
VID24_s15_9410_crop,consecutive_annotated,rgb,37,22,23,8,21,5,5
VID24_s15_9410_crop,consecutive_annotated,rgb,29,22,23,17,20,4,4
VID24_s15_9410_crop,consecutive_annotated,rgb,21,23,29,1,0,1,1
VID24_s15_9410_crop,consecutive_annotated,depth,11,17,18,12,16,4,4
VID24_s15_9410_crop,consecutive_annotated,depth,11,22,23,16,5,4,4
VID24_s15_9410_crop,consecutive_annotated,depth,13,22,23,8,21,5,5
VID24_s15_9410_crop,consecutive_annotated,depth,12,23,29,1,0,1,1
VID24_s15_9410_crop,consecutive_annotated,depth,13,23,29,21,26,5,5
VID24_s15_9410_crop,consecutive_annotated,normal,12,22,23,8,21,5,5
VID24_s15_9410_crop,consecutive_annotated,normal,12,23,29,21,26,5,5
VID24_s15_9410_crop,adjacent_samples,rgb,29,13,14,6,10,4,4
VID24_s15_9410_crop,adjacent_samples,rgb,38,17,18,11,15,2,2
VID24_s15_9410_crop,adjacent_samples,rgb,37,22,23,8,21,5,5
VID24_s15_9410_crop,adjacent_samples,rgb,29,22,23,17,20,4,4
VID24_s15_9410_crop,adjacent_samples,depth,11,17,18,12,16,4,4
VID24_s15_9410_crop,adjacent_samples,depth,11,22,23,16,5,4,4
VID24_s15_9410_crop,adjacent_samples,depth,13,22,23,8,21,5,5
VID24_s15_9410_crop,adjacent_samples,normal,12,22,23,8,21,5,5
VID24_s15_9490_crop,consecutive_annotated,rgb,30,8,9,6,10,4,4
VID24_s15_9490_crop,consecutive_annotated,rgb,27,9,10,5,12,4,4
VID24_s15_9490_crop,consecutive_annotated,rgb,36,11,12,11,15,2,2
VID24_s15_9490_crop,consecutive_annotated,rgb,36,12,13,15,11,2,2
VID24_s15_9490_crop,consecutive_annotated,rgb,27,12,13,12,16,4,4
VID24_s15_9490_crop,consecutive_annotated,rgb,30,12,13,10,17,4,4
VID24_s15_9490_crop,consecutive_annotated,rgb,33,17,24,13,22,5,5
VID24_s15_9490_crop,consecutive_annotated,rgb,10,17,24,1,0,1,1
VID24_s15_9490_crop,consecutive_annotated,rgb,27,17,24,16,5,4,4
VID24_s15_9490_crop,consecutive_annotated,rgb,30,17,24,17,21,4,4
VID24_s15_9490_crop,consecutive_annotated,rgb,31,17,24,5,20,4,4
VID24_s15_9490_crop,consecutive_annotated,rgb,30,24,25,21,25,4,4
VID24_s15_9490_crop,consecutive_annotated,rgb,33,25,26,22,29,5,5
VID24_s15_9490_crop,consecutive_annotated,rgb,28,25,26,26,30,5,5
VID24_s15_9490_crop,consecutive_annotated,depth,8,9,10,5,12,4,4
VID24_s15_9490_crop,consecutive_annotated,depth,8,12,13,12,16,4,4
VID24_s15_9490_crop,consecutive_annotated,depth,8,17,24,16,5,4,4
VID24_s15_9490_crop,consecutive_annotated,depth,11,17,24,13,22,5,5
VID24_s15_9490_crop,consecutive_annotated,depth,5,24,25,1,0,1,1
VID24_s15_9490_crop,consecutive_annotated,depth,11,25,26,22,29,5,5
VID24_s15_9490_crop,consecutive_annotated,depth,7,25,26,26,30,5,5
VID24_s15_9490_crop,consecutive_annotated,depth,7,27,28,30,31,5,5
VID24_s15_9490_crop,consecutive_annotated,depth,7,28,29,31,35,5,5
VID24_s15_9490_crop,consecutive_annotated,normal,10,9,10,5,13,4,5
VID24_s15_9490_crop,consecutive_annotated,normal,10,17,24,13,22,5,5
VID24_s15_9490_crop,consecutive_annotated,normal,5,24,25,1,0,1,1
VID24_s15_9490_crop,consecutive_annotated,normal,10,25,26,22,29,5,5
VID24_s15_9490_crop,consecutive_annotated,normal,14,25,26,26,30,5,5
VID24_s15_9490_crop,consecutive_annotated,normal,14,27,28,30,31,5,5
VID24_s15_9490_crop,consecutive_annotated,normal,14,28,29,31,35,5,5
VID24_s15_9490_crop,adjacent_samples,rgb,30,8,9,6,10,4,4
VID24_s15_9490_crop,adjacent_samples,rgb,27,9,10,5,12,4,4
VID24_s15_9490_crop,adjacent_samples,rgb,36,11,12,11,15,2,2
VID24_s15_9490_crop,adjacent_samples,rgb,36,12,13,15,11,2,2
VID24_s15_9490_crop,adjacent_samples,rgb,27,12,13,12,16,4,4
VID24_s15_9490_crop,adjacent_samples,rgb,30,12,13,10,17,4,4
VID24_s15_9490_crop,adjacent_samples,rgb,30,24,25,29,35,4,4
VID24_s15_9490_crop,adjacent_samples,rgb,33,25,26,31,39,5,5
VID24_s15_9490_crop,adjacent_samples,rgb,28,25,26,36,40,5,5
VID24_s15_9490_crop,adjacent_samples,depth,8,9,10,5,12,4,4
VID24_s15_9490_crop,adjacent_samples,depth,8,12,13,12,16,4,4
VID24_s15_9490_crop,adjacent_samples,depth,5,24,25,21,20,1,1
VID24_s15_9490_crop,adjacent_samples,depth,11,25,26,31,39,5,5
VID24_s15_9490_crop,adjacent_samples,depth,7,25,26,36,40,5,5
VID24_s15_9490_crop,adjacent_samples,depth,7,27,28,40,41,5,5
VID24_s15_9490_crop,adjacent_samples,depth,7,28,29,41,45,5,5
VID24_s15_9490_crop,adjacent_samples,normal,10,9,10,5,13,4,5
VID24_s15_9490_crop,adjacent_samples,normal,5,24,25,21,20,1,1
VID24_s15_9490_crop,adjacent_samples,normal,10,25,26,31,39,5,5
VID24_s15_9490_crop,adjacent_samples,normal,14,25,26,36,40,5,5
VID24_s15_9490_crop,adjacent_samples,normal,14,27,28,40,41,5,5
VID24_s15_9490_crop,adjacent_samples,normal,14,28,29,41,45,5,5
VID24_s15_9650_crop,consecutive_annotated,rgb,25,6,7,16,19,4,4
VID24_s15_9650_crop,consecutive_annotated,rgb,31,6,7,11,20,5,5
VID24_s15_9650_crop,consecutive_annotated,rgb,31,7,13,20,25,5,5
VID24_s15_9650_crop,consecutive_annotated,rgb,31,13,14,25,27,5,5
VID24_s15_9650_crop,consecutive_annotated,rgb,29,14,15,10,29,5,5
VID24_s15_9650_crop,consecutive_annotated,rgb,31,14,15,27,30,5,5
VID24_s15_9650_crop,consecutive_annotated,rgb,31,15,16,30,31,5,5
VID24_s15_9650_crop,consecutive_annotated,rgb,31,16,17,31,32,5,5
VID24_s15_9650_crop,consecutive_annotated,rgb,31,17,18,32,35,5,5
VID24_s15_9650_crop,consecutive_annotated,rgb,31,18,19,35,37,5,5
VID24_s15_9650_crop,consecutive_annotated,rgb,31,23,29,37,41,5,5
VID24_s15_9650_crop,consecutive_annotated,rgb,6,23,29,9,5,4,3
VID24_s15_9650_crop,consecutive_annotated,depth,7,6,7,11,20,5,5
VID24_s15_9650_crop,consecutive_annotated,depth,6,7,13,1,0,1,1
VID24_s15_9650_crop,consecutive_annotated,depth,7,7,13,20,25,5,5
VID24_s15_9650_crop,consecutive_annotated,depth,7,13,14,25,27,5,5
VID24_s15_9650_crop,consecutive_annotated,depth,7,14,15,27,30,5,5
VID24_s15_9650_crop,consecutive_annotated,depth,7,15,16,30,31,5,5
VID24_s15_9650_crop,consecutive_annotated,depth,7,16,17,31,32,5,5
VID24_s15_9650_crop,consecutive_annotated,depth,7,17,18,32,35,5,5
VID24_s15_9650_crop,consecutive_annotated,depth,7,18,19,35,37,5,5
VID24_s15_9650_crop,consecutive_annotated,depth,7,23,29,37,41,5,5
VID24_s15_9650_crop,consecutive_annotated,normal,15,0,1,12,13,10,10
VID24_s15_9650_crop,consecutive_annotated,normal,10,6,7,16,19,4,4
VID24_s15_9650_crop,consecutive_annotated,normal,18,6,7,11,20,5,5
VID24_s15_9650_crop,consecutive_annotated,normal,18,7,13,20,25,5,5
VID24_s15_9650_crop,consecutive_annotated,normal,13,7,13,1,0,1,1
VID24_s15_9650_crop,consecutive_annotated,normal,18,13,14,25,27,5,5
VID24_s15_9650_crop,consecutive_annotated,normal,18,14,15,27,30,5,5
VID24_s15_9650_crop,consecutive_annotated,normal,18,15,16,30,31,5,5
VID24_s15_9650_crop,consecutive_annotated,normal,18,16,17,31,32,5,5
VID24_s15_9650_crop,consecutive_annotated,normal,18,17,18,32,35,5,5
VID24_s15_9650_crop,consecutive_annotated,normal,18,18,19,35,37,5,5
VID24_s15_9650_crop,consecutive_annotated,normal,18,23,29,37,41,5,5
VID24_s15_9650_crop,adjacent_samples,rgb,25,6,7,16,19,4,4
VID24_s15_9650_crop,adjacent_samples,rgb,31,6,7,11,20,5,5
VID24_s15_9650_crop,adjacent_samples,rgb,31,13,14,36,39,5,5
VID24_s15_9650_crop,adjacent_samples,rgb,29,14,15,35,41,5,5
VID24_s15_9650_crop,adjacent_samples,rgb,31,14,15,39,42,5,5
VID24_s15_9650_crop,adjacent_samples,rgb,31,15,16,42,43,5,5
VID24_s15_9650_crop,adjacent_samples,rgb,31,16,17,43,44,5,5
VID24_s15_9650_crop,adjacent_samples,rgb,31,17,18,44,47,5,5
VID24_s15_9650_crop,adjacent_samples,rgb,31,18,19,47,49,5,5
VID24_s15_9650_crop,adjacent_samples,depth,7,6,7,11,20,5,5
VID24_s15_9650_crop,adjacent_samples,depth,7,13,14,36,39,5,5
VID24_s15_9650_crop,adjacent_samples,depth,7,14,15,39,42,5,5
VID24_s15_9650_crop,adjacent_samples,depth,7,15,16,42,43,5,5
VID24_s15_9650_crop,adjacent_samples,depth,7,16,17,43,44,5,5
VID24_s15_9650_crop,adjacent_samples,depth,7,17,18,44,47,5,5
VID24_s15_9650_crop,adjacent_samples,depth,7,18,19,47,49,5,5
VID24_s15_9650_crop,adjacent_samples,normal,15,0,1,12,13,10,10
VID24_s15_9650_crop,adjacent_samples,normal,10,6,7,16,19,4,4
VID24_s15_9650_crop,adjacent_samples,normal,18,6,7,11,20,5,5
VID24_s15_9650_crop,adjacent_samples,normal,18,13,14,36,39,5,5
VID24_s15_9650_crop,adjacent_samples,normal,18,14,15,39,42,5,5
VID24_s15_9650_crop,adjacent_samples,normal,18,15,16,42,43,5,5
VID24_s15_9650_crop,adjacent_samples,normal,18,16,17,43,44,5,5
VID24_s15_9650_crop,adjacent_samples,normal,18,17,18,44,47,5,5
VID24_s15_9650_crop,adjacent_samples,normal,18,18,19,47,49,5,5
VID24_s15_9730_crop,consecutive_annotated,rgb,35,1,8,1,0,1,1
VID24_s15_9730_crop,consecutive_annotated,rgb,26,1,8,10,18,5,5
VID24_s15_9730_crop,consecutive_annotated,rgb,28,8,9,19,20,5,5
VID24_s15_9730_crop,consecutive_annotated,rgb,26,9,10,18,23,5,5
VID24_s15_9730_crop,consecutive_annotated,rgb,10,13,14,4,26,2,2
VID24_s15_9730_crop,consecutive_annotated,rgb,12,17,24,9,5,4,3
VID24_s15_9730_crop,consecutive_annotated,depth,13,1,8,1,0,1,1
VID24_s15_9730_crop,consecutive_annotated,depth,12,9,10,20,24,5,5
VID24_s15_9730_crop,consecutive_annotated,depth,12,11,12,24,25,5,5
VID24_s15_9730_crop,consecutive_annotated,depth,12,12,13,25,29,5,5
VID24_s15_9730_crop,consecutive_annotated,depth,12,13,14,29,30,5,5
VID24_s15_9730_crop,consecutive_annotated,depth,12,17,24,30,33,5,5
VID24_s15_9730_crop,consecutive_annotated,normal,5,1,8,10,18,5,5
VID24_s15_9730_crop,consecutive_annotated,normal,13,1,8,1,0,1,1
VID24_s15_9730_crop,consecutive_annotated,normal,11,9,10,20,24,5,5
VID24_s15_9730_crop,consecutive_annotated,normal,5,9,10,18,23,5,5
VID24_s15_9730_crop,consecutive_annotated,normal,11,11,12,24,25,5,5
VID24_s15_9730_crop,consecutive_annotated,normal,11,12,13,25,29,5,5
VID24_s15_9730_crop,consecutive_annotated,normal,11,13,14,29,30,5,5
VID24_s15_9730_crop,consecutive_annotated,normal,1,17,24,4,21,2,4
VID24_s15_9730_crop,consecutive_annotated,normal,11,17,24,30,33,5,5
VID24_s15_9730_crop,adjacent_samples,rgb,28,8,9,27,28,5,5
VID24_s15_9730_crop,adjacent_samples,rgb,26,9,10,26,32,5,5
VID24_s15_9730_crop,adjacent_samples,rgb,10,13,14,19,35,2,2
VID24_s15_9730_crop,adjacent_samples,depth,12,9,10,28,33,5,5
VID24_s15_9730_crop,adjacent_samples,depth,12,11,12,33,34,5,5
VID24_s15_9730_crop,adjacent_samples,depth,12,12,13,34,38,5,5
VID24_s15_9730_crop,adjacent_samples,depth,12,13,14,38,39,5,5
VID24_s15_9730_crop,adjacent_samples,normal,11,9,10,28,33,5,5
VID24_s15_9730_crop,adjacent_samples,normal,5,9,10,26,32,5,5
VID24_s15_9730_crop,adjacent_samples,normal,11,11,12,33,34,5,5
VID24_s15_9730_crop,adjacent_samples,normal,11,12,13,34,38,5,5
VID24_s15_9730_crop,adjacent_samples,normal,11,13,14,38,39,5,5
VID24_s15_9890_crop,consecutive_annotated,rgb,25,0,1,9,11,5,5
VID24_s15_9890_crop,consecutive_annotated,rgb,25,1,2,11,14,5,5
VID24_s15_9890_crop,consecutive_annotated,rgb,25,2,3,14,16,5,5
VID24_s15_9890_crop,consecutive_annotated,rgb,25,7,13,16,20,5,5
VID24_s15_9890_crop,consecutive_annotated,depth,5,0,1,9,11,5,5
VID24_s15_9890_crop,consecutive_annotated,depth,5,1,2,11,14,5,5
VID24_s15_9890_crop,consecutive_annotated,depth,5,2,3,14,16,5,5
VID24_s15_9890_crop,consecutive_annotated,depth,5,7,13,16,20,5,5
VID24_s15_9890_crop,consecutive_annotated,normal,7,0,1,9,11,5,5
VID24_s15_9890_crop,consecutive_annotated,normal,7,1,2,11,14,5,5
VID24_s15_9890_crop,consecutive_annotated,normal,7,2,3,14,16,5,5
VID24_s15_9890_crop,consecutive_annotated,normal,7,7,13,16,20,5,5
VID24_s15_9890_crop,adjacent_samples,rgb,25,0,1,9,11,5,5
VID24_s15_9890_crop,adjacent_samples,rgb,25,1,2,11,14,5,5
VID24_s15_9890_crop,adjacent_samples,rgb,25,2,3,14,16,5,5
VID24_s15_9890_crop,adjacent_samples,depth,5,0,1,9,11,5,5
VID24_s15_9890_crop,adjacent_samples,depth,5,1,2,11,14,5,5
VID24_s15_9890_crop,adjacent_samples,depth,5,2,3,14,16,5,5
VID24_s15_9890_crop,adjacent_samples,normal,7,0,1,9,11,5,5
VID24_s15_9890_crop,adjacent_samples,normal,7,1,2,11,14,5,5
VID24_s15_9890_crop,adjacent_samples,normal,7,2,3,14,16,5,5
VID25_s15_56_crop,consecutive_annotated,rgb,27,11,12,5,10,5,5
VID25_s15_56_crop,consecutive_annotated,rgb,27,12,13,10,12,5,5
VID25_s15_56_crop,consecutive_annotated,rgb,27,13,14,12,15,5,5
VID25_s15_56_crop,consecutive_annotated,rgb,27,14,15,15,16,5,5
VID25_s15_56_crop,consecutive_annotated,rgb,27,16,17,16,21,5,5
VID25_s15_56_crop,consecutive_annotated,rgb,8,24,25,9,29,10,10
VID25_s15_56_crop,consecutive_annotated,normal,6,9,10,7,2,2,2
VID25_s15_56_crop,consecutive_annotated,normal,2,11,12,9,2,10,2
VID25_s15_56_crop,consecutive_annotated,normal,4,11,12,5,10,5,5
VID25_s15_56_crop,consecutive_annotated,normal,4,12,13,10,12,5,5
VID25_s15_56_crop,consecutive_annotated,normal,4,13,14,12,15,5,5
VID25_s15_56_crop,consecutive_annotated,normal,4,16,17,16,21,5,5
VID25_s15_56_crop,consecutive_annotated,normal,2,17,24,9,2,10,2
VID25_s15_56_crop,consecutive_annotated,normal,8,17,24,0,17,1,1
VID25_s15_56_crop,consecutive_annotated,normal,8,24,25,17,0,1,1
VID25_s15_56_crop,consecutive_annotated,normal,8,26,27,0,17,1,1
VID25_s15_56_crop,consecutive_annotated,normal,8,28,29,17,0,1,1
VID25_s15_56_crop,adjacent_samples,rgb,27,11,12,5,10,5,5
VID25_s15_56_crop,adjacent_samples,rgb,27,12,13,10,12,5,5
VID25_s15_56_crop,adjacent_samples,rgb,27,13,14,12,15,5,5
VID25_s15_56_crop,adjacent_samples,rgb,27,14,15,15,16,5,5
VID25_s15_56_crop,adjacent_samples,rgb,27,16,17,16,21,5,5
VID25_s15_56_crop,adjacent_samples,rgb,8,24,25,35,38,10,10
VID25_s15_56_crop,adjacent_samples,normal,6,9,10,7,2,2,2
VID25_s15_56_crop,adjacent_samples,normal,2,11,12,9,2,10,2
VID25_s15_56_crop,adjacent_samples,normal,4,11,12,5,10,5,5
VID25_s15_56_crop,adjacent_samples,normal,4,12,13,10,12,5,5
VID25_s15_56_crop,adjacent_samples,normal,4,13,14,12,15,5,5
VID25_s15_56_crop,adjacent_samples,normal,4,16,17,16,21,5,5
VID25_s15_56_crop,adjacent_samples,normal,8,24,25,25,27,1,1
VID25_s15_56_crop,adjacent_samples,normal,8,26,27,27,25,1,1
VID25_s15_56_crop,adjacent_samples,normal,8,28,29,25,27,1,1
VID25_s15_216_crop,consecutive_annotated,rgb,20,2,3,10,12,5,5
VID25_s15_216_crop,consecutive_annotated,rgb,20,3,4,12,15,5,5
VID25_s15_216_crop,consecutive_annotated,rgb,20,4,5,15,21,5,5
VID25_s15_216_crop,consecutive_annotated,rgb,26,4,5,4,19,3,3
VID25_s15_216_crop,consecutive_annotated,rgb,15,5,6,20,27,5,5
VID25_s15_216_crop,consecutive_annotated,rgb,26,5,6,19,24,3,3
VID25_s15_216_crop,consecutive_annotated,rgb,30,5,6,0,22,1,1
VID25_s15_216_crop,consecutive_annotated,rgb,15,6,7,27,21,5,5
VID25_s15_216_crop,consecutive_annotated,rgb,30,6,7,22,0,1,1
VID25_s15_216_crop,consecutive_annotated,rgb,32,7,13,7,33,10,10
VID25_s15_216_crop,consecutive_annotated,rgb,15,7,13,21,31,5,5
VID25_s15_216_crop,consecutive_annotated,rgb,30,7,13,0,29,1,1
VID25_s15_216_crop,consecutive_annotated,rgb,9,13,14,7,33,10,10
VID25_s15_216_crop,consecutive_annotated,depth,9,1,2,6,10,5,5
VID25_s15_216_crop,consecutive_annotated,depth,9,2,3,10,12,5,5
VID25_s15_216_crop,consecutive_annotated,depth,9,3,4,12,15,5,5
VID25_s15_216_crop,consecutive_annotated,depth,8,4,5,4,19,3,3
VID25_s15_216_crop,consecutive_annotated,depth,9,4,5,15,21,5,5
VID25_s15_216_crop,consecutive_annotated,depth,8,5,6,19,24,3,3
VID25_s15_216_crop,consecutive_annotated,depth,7,5,6,20,27,5,5
VID25_s15_216_crop,consecutive_annotated,depth,7,6,7,27,21,5,5
VID25_s15_216_crop,consecutive_annotated,depth,7,7,13,21,33,5,10
VID25_s15_216_crop,consecutive_annotated,normal,10,1,2,6,10,5,5
VID25_s15_216_crop,consecutive_annotated,normal,10,2,3,10,12,5,5
VID25_s15_216_crop,consecutive_annotated,normal,14,2,3,0,1,1,1
VID25_s15_216_crop,consecutive_annotated,normal,10,3,4,12,15,5,5
VID25_s15_216_crop,consecutive_annotated,normal,10,4,5,15,21,5,5
VID25_s15_216_crop,consecutive_annotated,normal,13,4,5,4,19,3,3
VID25_s15_216_crop,consecutive_annotated,normal,13,5,6,19,24,3,3
VID25_s15_216_crop,consecutive_annotated,normal,15,5,6,0,22,1,1
VID25_s15_216_crop,consecutive_annotated,normal,15,6,7,22,0,1,1
VID25_s15_216_crop,consecutive_annotated,normal,14,7,13,1,0,1,1
VID25_s15_216_crop,consecutive_annotated,normal,15,7,13,0,29,1,1
VID25_s15_216_crop,consecutive_annotated,normal,14,13,14,0,1,1,1
VID25_s15_216_crop,consecutive_annotated,normal,14,17,18,1,38,1,1
VID25_s15_216_crop,consecutive_annotated,normal,14,18,19,38,1,1,1
VID25_s15_216_crop,consecutive_annotated,normal,14,22,23,1,38,1,1
VID25_s15_216_crop,adjacent_samples,rgb,20,2,3,10,12,5,5
VID25_s15_216_crop,adjacent_samples,rgb,20,3,4,12,15,5,5
VID25_s15_216_crop,adjacent_samples,rgb,20,4,5,15,21,5,5
VID25_s15_216_crop,adjacent_samples,rgb,26,4,5,4,19,3,3
VID25_s15_216_crop,adjacent_samples,rgb,15,5,6,20,27,5,5
VID25_s15_216_crop,adjacent_samples,rgb,26,5,6,19,24,3,3
VID25_s15_216_crop,adjacent_samples,rgb,30,5,6,0,22,1,1
VID25_s15_216_crop,adjacent_samples,rgb,15,6,7,27,21,5,5
VID25_s15_216_crop,adjacent_samples,rgb,30,6,7,22,0,1,1
VID25_s15_216_crop,adjacent_samples,rgb,9,13,14,39,42,10,10
VID25_s15_216_crop,adjacent_samples,depth,9,1,2,6,10,5,5
VID25_s15_216_crop,adjacent_samples,depth,9,2,3,10,12,5,5
VID25_s15_216_crop,adjacent_samples,depth,9,3,4,12,15,5,5
VID25_s15_216_crop,adjacent_samples,depth,8,4,5,4,19,3,3
VID25_s15_216_crop,adjacent_samples,depth,9,4,5,15,21,5,5
VID25_s15_216_crop,adjacent_samples,depth,8,5,6,19,24,3,3
VID25_s15_216_crop,adjacent_samples,depth,7,5,6,20,27,5,5
VID25_s15_216_crop,adjacent_samples,depth,7,6,7,27,21,5,5
VID25_s15_216_crop,adjacent_samples,normal,10,1,2,6,10,5,5
VID25_s15_216_crop,adjacent_samples,normal,10,2,3,10,12,5,5
VID25_s15_216_crop,adjacent_samples,normal,14,2,3,0,1,1,1
VID25_s15_216_crop,adjacent_samples,normal,10,3,4,12,15,5,5
VID25_s15_216_crop,adjacent_samples,normal,10,4,5,15,21,5,5
VID25_s15_216_crop,adjacent_samples,normal,13,4,5,4,19,3,3
VID25_s15_216_crop,adjacent_samples,normal,13,5,6,19,24,3,3
VID25_s15_216_crop,adjacent_samples,normal,15,5,6,0,22,1,1
VID25_s15_216_crop,adjacent_samples,normal,15,6,7,22,0,1,1
VID25_s15_216_crop,adjacent_samples,normal,14,13,14,29,30,1,1
VID25_s15_216_crop,adjacent_samples,normal,14,17,18,30,47,1,1
VID25_s15_216_crop,adjacent_samples,normal,14,18,19,47,30,1,1
VID25_s15_216_crop,adjacent_samples,normal,14,22,23,30,47,1,1
VID25_s15_296_crop,consecutive_annotated,rgb,1,0,1,6,12,3,3
VID25_s15_296_crop,consecutive_annotated,rgb,42,1,8,11,19,10,10
VID25_s15_296_crop,consecutive_annotated,rgb,7,8,9,11,19,10,10
VID25_s15_296_crop,consecutive_annotated,depth,8,1,8,11,19,10,10
VID25_s15_296_crop,consecutive_annotated,depth,19,1,8,9,16,5,5
VID25_s15_296_crop,consecutive_annotated,normal,8,1,8,9,16,5,5
VID25_s15_296_crop,adjacent_samples,rgb,1,0,1,6,12,3,3
VID25_s15_296_crop,adjacent_samples,rgb,7,8,9,25,28,10,10
VID26_s15_1669_crop,consecutive_annotated,rgb,8,13,14,8,11,10,10
VID26_s15_1669_crop,consecutive_annotated,rgb,16,13,14,7,10,10,10
VID26_s15_1669_crop,consecutive_annotated,rgb,19,13,14,4,9,4,4
VID26_s15_1669_crop,consecutive_annotated,rgb,20,15,16,5,12,4,4
VID26_s15_1669_crop,consecutive_annotated,rgb,16,16,17,10,15,10,10
VID26_s15_1669_crop,consecutive_annotated,rgb,19,16,17,9,13,4,4
VID26_s15_1669_crop,consecutive_annotated,rgb,20,16,17,12,14,4,4
VID26_s15_1669_crop,consecutive_annotated,rgb,8,17,18,11,15,10,10
VID26_s15_1669_crop,consecutive_annotated,rgb,19,17,18,13,16,4,4
VID26_s15_1669_crop,consecutive_annotated,rgb,8,18,19,15,19,10,10
VID26_s15_1669_crop,consecutive_annotated,rgb,8,19,20,19,27,10,10
VID26_s15_1669_crop,consecutive_annotated,rgb,16,19,20,20,19,10,10
VID26_s15_1669_crop,consecutive_annotated,rgb,8,21,22,27,32,10,10
VID26_s15_1669_crop,consecutive_annotated,rgb,16,21,22,19,31,10,10
VID26_s15_1669_crop,consecutive_annotated,rgb,8,23,29,32,35,10,10
VID26_s15_1669_crop,consecutive_annotated,depth,4,18,19,15,6,10,4
VID26_s15_1669_crop,consecutive_annotated,normal,7,18,19,15,6,10,4
VID26_s15_1669_crop,consecutive_annotated,normal,1,21,22,26,30,5,5
VID26_s15_1669_crop,consecutive_annotated,normal,1,23,29,30,34,5,5
VID26_s15_1669_crop,consecutive_annotated,normal,7,23,29,6,35,4,10
VID26_s15_1669_crop,adjacent_samples,rgb,8,13,14,8,11,10,10
VID26_s15_1669_crop,adjacent_samples,rgb,16,13,14,7,10,10,10
VID26_s15_1669_crop,adjacent_samples,rgb,19,13,14,4,9,4,4
VID26_s15_1669_crop,adjacent_samples,rgb,20,15,16,5,12,4,4
VID26_s15_1669_crop,adjacent_samples,rgb,16,16,17,10,15,10,10
VID26_s15_1669_crop,adjacent_samples,rgb,19,16,17,9,13,4,4
VID26_s15_1669_crop,adjacent_samples,rgb,20,16,17,12,14,4,4
VID26_s15_1669_crop,adjacent_samples,rgb,8,17,18,11,15,10,10
VID26_s15_1669_crop,adjacent_samples,rgb,19,17,18,13,16,4,4
VID26_s15_1669_crop,adjacent_samples,rgb,8,18,19,15,19,10,10
VID26_s15_1669_crop,adjacent_samples,rgb,8,19,20,19,27,10,10
VID26_s15_1669_crop,adjacent_samples,rgb,16,19,20,20,19,10,10
VID26_s15_1669_crop,adjacent_samples,rgb,8,21,22,27,32,10,10
VID26_s15_1669_crop,adjacent_samples,rgb,16,21,22,19,31,10,10
VID26_s15_1669_crop,adjacent_samples,depth,4,18,19,15,6,10,4
VID26_s15_1669_crop,adjacent_samples,normal,7,18,19,15,6,10,4
VID26_s15_1669_crop,adjacent_samples,normal,1,21,22,26,30,5,5
VID26_s15_1749_crop,consecutive_annotated,rgb,10,8,9,4,9,4,4
VID26_s15_1749_crop,consecutive_annotated,rgb,18,8,9,7,11,10,10
VID26_s15_1749_crop,consecutive_annotated,rgb,21,8,9,5,10,4,4
VID26_s15_1749_crop,consecutive_annotated,rgb,21,9,10,10,12,4,4
VID26_s15_1749_crop,consecutive_annotated,rgb,10,11,12,9,12,4,4
VID26_s15_1749_crop,consecutive_annotated,rgb,21,11,12,12,13,4,4
VID26_s15_1749_crop,consecutive_annotated,rgb,8,12,13,8,11,10,10
VID26_s15_1749_crop,consecutive_annotated,rgb,8,15,16,22,27,10,10
VID26_s15_1749_crop,consecutive_annotated,rgb,13,15,16,0,2,1,2
VID26_s15_1749_crop,consecutive_annotated,rgb,18,15,16,21,26,10,10
VID26_s15_1749_crop,consecutive_annotated,rgb,21,15,16,19,24,4,4
VID26_s15_1749_crop,consecutive_annotated,rgb,13,16,17,2,0,2,1
VID26_s15_1749_crop,consecutive_annotated,rgb,18,16,17,26,28,10,10
VID26_s15_1749_crop,consecutive_annotated,rgb,8,17,24,27,28,10,10
VID26_s15_1749_crop,consecutive_annotated,rgb,13,17,24,0,2,1,2
VID26_s15_1749_crop,consecutive_annotated,rgb,10,27,28,32,34,4,4
VID26_s15_1749_crop,consecutive_annotated,rgb,10,28,29,34,38,4,4
VID26_s15_1749_crop,consecutive_annotated,depth,2,8,9,4,9,4,4
VID26_s15_1749_crop,consecutive_annotated,depth,2,11,12,9,12,4,4
VID26_s15_1749_crop,consecutive_annotated,depth,1,17,24,2,29,2,2
VID26_s15_1749_crop,consecutive_annotated,depth,4,17,24,20,28,4,10
VID26_s15_1749_crop,consecutive_annotated,depth,7,24,25,0,2,1,2
VID26_s15_1749_crop,consecutive_annotated,depth,7,28,29,31,37,1,1
VID26_s15_1749_crop,consecutive_annotated,normal,3,12,13,12,0,4,1
VID26_s15_1749_crop,consecutive_annotated,normal,3,17,24,20,28,4,10
VID26_s15_1749_crop,consecutive_annotated,normal,4,17,24,2,29,2,2
VID26_s15_1749_crop,adjacent_samples,rgb,10,8,9,4,9,4,4
VID26_s15_1749_crop,adjacent_samples,rgb,18,8,9,7,11,10,10
VID26_s15_1749_crop,adjacent_samples,rgb,21,8,9,5,10,4,4
VID26_s15_1749_crop,adjacent_samples,rgb,21,9,10,10,12,4,4
VID26_s15_1749_crop,adjacent_samples,rgb,10,11,12,9,12,4,4
VID26_s15_1749_crop,adjacent_samples,rgb,21,11,12,12,13,4,4
VID26_s15_1749_crop,adjacent_samples,rgb,8,12,13,8,11,10,10
VID26_s15_1749_crop,adjacent_samples,rgb,8,15,16,22,27,10,10
VID26_s15_1749_crop,adjacent_samples,rgb,13,15,16,0,2,1,2
VID26_s15_1749_crop,adjacent_samples,rgb,18,15,16,21,26,10,10
VID26_s15_1749_crop,adjacent_samples,rgb,21,15,16,19,24,4,4
VID26_s15_1749_crop,adjacent_samples,rgb,13,16,17,2,0,2,1
VID26_s15_1749_crop,adjacent_samples,rgb,18,16,17,26,28,10,10
VID26_s15_1749_crop,adjacent_samples,rgb,10,27,28,37,39,4,4
VID26_s15_1749_crop,adjacent_samples,rgb,10,28,29,39,43,4,4
VID26_s15_1749_crop,adjacent_samples,depth,2,8,9,4,9,4,4
VID26_s15_1749_crop,adjacent_samples,depth,2,11,12,9,12,4,4
VID26_s15_1749_crop,adjacent_samples,depth,7,24,25,29,30,1,2
VID26_s15_1749_crop,adjacent_samples,depth,7,28,29,36,42,1,1
VID26_s15_1749_crop,adjacent_samples,normal,3,12,13,12,0,4,1
VID26_s15_1909_crop,consecutive_annotated,rgb,30,2,3,10,14,10,10
VID26_s15_1909_crop,consecutive_annotated,rgb,7,5,6,21,25,5,5
VID26_s15_1909_crop,consecutive_annotated,normal,8,1,2,0,1,1,2
VID26_s15_1909_crop,consecutive_annotated,normal,8,2,3,1,0,2,1
VID26_s15_1909_crop,consecutive_annotated,normal,4,2,3,2,5,3,4
VID26_s15_1909_crop,consecutive_annotated,normal,5,2,3,10,14,10,10
VID26_s15_1909_crop,consecutive_annotated,normal,4,3,4,5,2,4,3
VID26_s15_1909_crop,consecutive_annotated,normal,5,3,4,14,22,10,10
VID26_s15_1909_crop,consecutive_annotated,normal,5,5,6,22,27,10,10
VID26_s15_1909_crop,adjacent_samples,rgb,30,2,3,10,14,10,10
VID26_s15_1909_crop,adjacent_samples,rgb,7,5,6,21,25,5,5
VID26_s15_1909_crop,adjacent_samples,normal,8,1,2,0,1,1,2
VID26_s15_1909_crop,adjacent_samples,normal,8,2,3,1,0,2,1
VID26_s15_1909_crop,adjacent_samples,normal,4,2,3,2,5,3,4
VID26_s15_1909_crop,adjacent_samples,normal,5,2,3,10,14,10,10
VID26_s15_1909_crop,adjacent_samples,normal,4,3,4,5,2,4,3
VID26_s15_1909_crop,adjacent_samples,normal,5,3,4,14,22,10,10
VID26_s15_1909_crop,adjacent_samples,normal,5,5,6,22,27,10,10
VID26_s15_1989_crop,consecutive_annotated,rgb,17,1,8,0,1,1,2
VID26_s15_1989_crop,consecutive_annotated,rgb,37,11,12,14,16,4,4
VID26_s15_1989_crop,consecutive_annotated,rgb,14,12,13,17,20,5,5
VID26_s15_1989_crop,consecutive_annotated,depth,4,1,8,7,0,5,1
VID26_s15_1989_crop,consecutive_annotated,normal,8,12,13,17,20,5,5
VID26_s15_1989_crop,consecutive_annotated,normal,8,13,14,20,22,5,5
VID26_s15_1989_crop,adjacent_samples,rgb,37,11,12,19,21,4,4
VID26_s15_1989_crop,adjacent_samples,rgb,14,12,13,22,25,5,5
VID26_s15_1989_crop,adjacent_samples,normal,8,12,13,22,25,5,5
VID26_s15_1989_crop,adjacent_samples,normal,8,13,14,25,27,5,5
VID27_s15_54_crop,consecutive_annotated,rgb,20,14,15,8,9,5,5
VID27_s15_54_crop,consecutive_annotated,rgb,20,15,16,9,11,5,5
VID27_s15_54_crop,consecutive_annotated,rgb,20,17,24,11,15,5,5
VID27_s15_54_crop,consecutive_annotated,rgb,20,27,28,15,16,5,5
VID27_s15_54_crop,consecutive_annotated,depth,9,14,15,8,9,5,5
VID27_s15_54_crop,consecutive_annotated,depth,9,15,16,9,11,5,5
VID27_s15_54_crop,consecutive_annotated,depth,9,17,24,11,15,5,5
VID27_s15_54_crop,consecutive_annotated,depth,9,27,28,15,16,5,5
VID27_s15_54_crop,consecutive_annotated,normal,9,14,15,8,9,5,5
VID27_s15_54_crop,consecutive_annotated,normal,9,15,16,9,11,5,5
VID27_s15_54_crop,consecutive_annotated,normal,9,17,24,11,15,5,5
VID27_s15_54_crop,consecutive_annotated,normal,9,27,28,15,16,5,5
VID27_s15_54_crop,adjacent_samples,rgb,20,14,15,8,9,5,5
VID27_s15_54_crop,adjacent_samples,rgb,20,15,16,9,11,5,5
VID27_s15_54_crop,adjacent_samples,rgb,20,27,28,20,22,5,5
VID27_s15_54_crop,adjacent_samples,depth,9,14,15,8,9,5,5
VID27_s15_54_crop,adjacent_samples,depth,9,15,16,9,11,5,5
VID27_s15_54_crop,adjacent_samples,depth,9,27,28,20,22,5,5
VID27_s15_54_crop,adjacent_samples,normal,9,14,15,8,9,5,5
VID27_s15_54_crop,adjacent_samples,normal,9,15,16,9,11,5,5
VID27_s15_54_crop,adjacent_samples,normal,9,27,28,20,22,5,5
VID27_s15_214_crop,consecutive_annotated,rgb,15,3,4,9,10,5,5
VID27_s15_214_crop,consecutive_annotated,rgb,15,4,5,10,12,5,5
VID27_s15_214_crop,consecutive_annotated,rgb,15,7,13,12,18,5,5
VID27_s15_214_crop,consecutive_annotated,rgb,15,16,17,18,19,5,5
VID27_s15_214_crop,consecutive_annotated,rgb,15,19,20,19,20,5,5
VID27_s15_214_crop,consecutive_annotated,rgb,15,23,29,20,24,5,5
VID27_s15_214_crop,consecutive_annotated,depth,7,3,4,9,10,5,5
VID27_s15_214_crop,consecutive_annotated,depth,7,4,5,10,12,5,5
VID27_s15_214_crop,consecutive_annotated,depth,7,7,13,12,18,5,5
VID27_s15_214_crop,consecutive_annotated,depth,7,16,17,18,19,5,5
VID27_s15_214_crop,consecutive_annotated,depth,7,19,20,19,20,5,5
VID27_s15_214_crop,consecutive_annotated,depth,7,23,29,20,24,5,5
VID27_s15_214_crop,consecutive_annotated,normal,7,3,4,9,10,5,5
VID27_s15_214_crop,consecutive_annotated,normal,7,4,5,10,12,5,5
VID27_s15_214_crop,consecutive_annotated,normal,7,7,13,12,18,5,5
VID27_s15_214_crop,consecutive_annotated,normal,7,16,17,18,19,5,5
VID27_s15_214_crop,consecutive_annotated,normal,7,23,29,20,24,5,5
VID27_s15_214_crop,adjacent_samples,rgb,15,3,4,9,10,5,5
VID27_s15_214_crop,adjacent_samples,rgb,15,4,5,10,12,5,5
VID27_s15_214_crop,adjacent_samples,rgb,15,16,17,22,24,5,5
VID27_s15_214_crop,adjacent_samples,rgb,15,19,20,24,25,5,5
VID27_s15_214_crop,adjacent_samples,depth,7,3,4,9,10,5,5
VID27_s15_214_crop,adjacent_samples,depth,7,4,5,10,12,5,5
VID27_s15_214_crop,adjacent_samples,depth,7,16,17,22,24,5,5
VID27_s15_214_crop,adjacent_samples,depth,7,19,20,24,25,5,5
VID27_s15_214_crop,adjacent_samples,normal,7,3,4,9,10,5,5
VID27_s15_214_crop,adjacent_samples,normal,7,4,5,10,12,5,5
VID27_s15_214_crop,adjacent_samples,normal,7,16,17,22,24,5,5
VID27_s15_294_crop,consecutive_annotated,rgb,20,1,8,6,11,5,5
VID27_s15_294_crop,consecutive_annotated,rgb,20,11,12,11,12,5,5
VID27_s15_294_crop,consecutive_annotated,rgb,20,14,15,12,16,5,5
VID27_s15_294_crop,consecutive_annotated,rgb,9,17,24,15,23,5,5
VID27_s15_294_crop,consecutive_annotated,depth,7,1,8,6,11,5,5
VID27_s15_294_crop,consecutive_annotated,depth,7,11,12,11,12,5,5
VID27_s15_294_crop,consecutive_annotated,depth,7,14,15,12,16,5,5
VID27_s15_294_crop,consecutive_annotated,depth,9,17,24,15,23,5,5
VID27_s15_294_crop,consecutive_annotated,normal,8,11,12,11,12,5,5
VID27_s15_294_crop,consecutive_annotated,normal,8,14,15,12,16,5,5
VID27_s15_294_crop,consecutive_annotated,normal,10,17,24,15,23,5,5
VID27_s15_294_crop,adjacent_samples,rgb,20,11,12,16,18,5,5
VID27_s15_294_crop,adjacent_samples,rgb,20,14,15,18,22,5,5
VID27_s15_294_crop,adjacent_samples,depth,7,11,12,16,18,5,5
VID27_s15_294_crop,adjacent_samples,depth,7,14,15,18,22,5,5
VID27_s15_294_crop,adjacent_samples,normal,8,11,12,16,18,5,5
VID27_s15_294_crop,adjacent_samples,normal,8,14,15,18,22,5,5
VID27_s15_454_crop,consecutive_annotated,rgb,29,0,1,7,9,5,5
VID27_s15_454_crop,consecutive_annotated,rgb,29,3,4,9,10,5,5
VID27_s15_454_crop,consecutive_annotated,rgb,36,4,5,11,14,5,5
VID27_s15_454_crop,consecutive_annotated,rgb,36,7,13,14,21,5,5
VID27_s15_454_crop,consecutive_annotated,rgb,29,7,13,10,14,5,5
VID27_s15_454_crop,consecutive_annotated,rgb,29,13,14,14,25,5,5
VID27_s15_454_crop,consecutive_annotated,depth,12,0,1,7,9,5,5
VID27_s15_454_crop,consecutive_annotated,depth,12,3,4,9,10,5,5
VID27_s15_454_crop,consecutive_annotated,depth,14,4,5,11,14,5,5
VID27_s15_454_crop,consecutive_annotated,depth,12,7,13,10,14,5,5
VID27_s15_454_crop,consecutive_annotated,depth,14,7,13,14,21,5,5
VID27_s15_454_crop,consecutive_annotated,depth,12,13,14,14,25,5,5
VID27_s15_454_crop,adjacent_samples,rgb,29,0,1,7,9,5,5
VID27_s15_454_crop,adjacent_samples,rgb,29,3,4,9,10,5,5
VID27_s15_454_crop,adjacent_samples,rgb,36,4,5,11,14,5,5
VID27_s15_454_crop,adjacent_samples,rgb,29,13,14,28,33,5,5
VID27_s15_454_crop,adjacent_samples,depth,12,0,1,7,9,5,5
VID27_s15_454_crop,adjacent_samples,depth,12,3,4,9,10,5,5
VID27_s15_454_crop,adjacent_samples,depth,14,4,5,11,14,5,5
VID27_s15_454_crop,adjacent_samples,depth,12,13,14,28,33,5,5
VID28_s15_54_crop,consecutive_annotated,rgb,28,7,8,6,7,2,2
VID28_s15_54_crop,consecutive_annotated,rgb,28,9,10,7,8,2,2
VID28_s15_54_crop,consecutive_annotated,rgb,32,17,18,9,12,5,5
VID28_s15_54_crop,consecutive_annotated,depth,9,17,18,9,12,5,5
VID28_s15_54_crop,consecutive_annotated,depth,8,19,20,0,10,1,1
VID28_s15_54_crop,consecutive_annotated,depth,5,25,26,4,26,4,4
VID28_s15_54_crop,consecutive_annotated,depth,5,26,27,26,23,4,10
VID28_s15_54_crop,consecutive_annotated,depth,5,27,28,23,4,10,4
VID28_s15_54_crop,consecutive_annotated,normal,5,21,22,17,18,5,5
VID28_s15_54_crop,adjacent_samples,rgb,28,7,8,6,7,2,2
VID28_s15_54_crop,adjacent_samples,rgb,28,9,10,7,8,2,2
VID28_s15_54_crop,adjacent_samples,rgb,32,17,18,9,12,5,5
VID28_s15_54_crop,adjacent_samples,depth,9,17,18,9,12,5,5
VID28_s15_54_crop,adjacent_samples,depth,8,19,20,0,10,1,1
VID28_s15_54_crop,adjacent_samples,depth,5,25,26,4,26,4,4
VID28_s15_54_crop,adjacent_samples,depth,5,26,27,26,23,4,10
VID28_s15_54_crop,adjacent_samples,depth,5,27,28,23,4,10,4
VID28_s15_54_crop,adjacent_samples,normal,5,21,22,17,18,5,5
VID28_s15_134_crop,consecutive_annotated,rgb,28,1,2,2,5,2,2
VID28_s15_134_crop,consecutive_annotated,rgb,14,12,13,1,8,2,1
VID28_s15_134_crop,consecutive_annotated,rgb,28,12,13,5,11,2,2
VID28_s15_134_crop,consecutive_annotated,rgb,37,13,14,13,15,5,5
VID28_s15_134_crop,consecutive_annotated,rgb,14,13,14,8,1,1,2
VID28_s15_134_crop,consecutive_annotated,rgb,37,14,15,15,17,5,5
VID28_s15_134_crop,consecutive_annotated,rgb,37,15,16,17,18,5,5
VID28_s15_134_crop,consecutive_annotated,rgb,37,16,17,18,20,5,5
VID28_s15_134_crop,consecutive_annotated,rgb,37,19,20,24,25,5,5
VID28_s15_134_crop,consecutive_annotated,rgb,40,20,21,7,28,5,5
VID28_s15_134_crop,consecutive_annotated,rgb,40,25,26,28,31,5,5
VID28_s15_134_crop,consecutive_annotated,rgb,40,26,27,31,7,5,5
VID28_s15_134_crop,consecutive_annotated,depth,8,13,14,13,15,5,5
VID28_s15_134_crop,consecutive_annotated,depth,8,14,15,15,17,5,5
VID28_s15_134_crop,consecutive_annotated,depth,8,15,16,17,18,5,5
VID28_s15_134_crop,consecutive_annotated,depth,8,16,17,18,20,5,5
VID28_s15_134_crop,consecutive_annotated,depth,8,19,20,24,25,5,5
VID28_s15_134_crop,consecutive_annotated,depth,10,25,26,28,31,5,5
VID28_s15_134_crop,consecutive_annotated,depth,10,26,27,31,7,5,5
VID28_s15_134_crop,consecutive_annotated,normal,11,13,14,13,15,5,5
VID28_s15_134_crop,consecutive_annotated,normal,11,14,15,15,17,5,5
VID28_s15_134_crop,consecutive_annotated,normal,11,15,16,17,18,5,5
VID28_s15_134_crop,consecutive_annotated,normal,11,16,17,18,20,5,5
VID28_s15_134_crop,consecutive_annotated,normal,11,19,20,24,25,5,5
VID28_s15_134_crop,consecutive_annotated,normal,14,26,27,31,7,5,5
VID28_s15_134_crop,adjacent_samples,rgb,28,1,2,2,5,2,2
VID28_s15_134_crop,adjacent_samples,rgb,14,12,13,1,8,2,1
VID28_s15_134_crop,adjacent_samples,rgb,28,12,13,5,11,2,2
VID28_s15_134_crop,adjacent_samples,rgb,37,13,14,13,15,5,5
VID28_s15_134_crop,adjacent_samples,rgb,14,13,14,8,1,1,2
VID28_s15_134_crop,adjacent_samples,rgb,37,14,15,15,17,5,5
VID28_s15_134_crop,adjacent_samples,rgb,37,15,16,17,18,5,5
VID28_s15_134_crop,adjacent_samples,rgb,37,16,17,18,20,5,5
VID28_s15_134_crop,adjacent_samples,rgb,37,19,20,24,25,5,5
VID28_s15_134_crop,adjacent_samples,rgb,40,20,21,7,28,5,5
VID28_s15_134_crop,adjacent_samples,rgb,40,25,26,28,31,5,5
VID28_s15_134_crop,adjacent_samples,rgb,40,26,27,31,7,5,5
VID28_s15_134_crop,adjacent_samples,depth,8,13,14,13,15,5,5
VID28_s15_134_crop,adjacent_samples,depth,8,14,15,15,17,5,5
VID28_s15_134_crop,adjacent_samples,depth,8,15,16,17,18,5,5
VID28_s15_134_crop,adjacent_samples,depth,8,16,17,18,20,5,5
VID28_s15_134_crop,adjacent_samples,depth,8,19,20,24,25,5,5
VID28_s15_134_crop,adjacent_samples,depth,10,25,26,28,31,5,5
VID28_s15_134_crop,adjacent_samples,depth,10,26,27,31,7,5,5
VID28_s15_134_crop,adjacent_samples,normal,11,13,14,13,15,5,5
VID28_s15_134_crop,adjacent_samples,normal,11,14,15,15,17,5,5
VID28_s15_134_crop,adjacent_samples,normal,11,15,16,17,18,5,5
VID28_s15_134_crop,adjacent_samples,normal,11,16,17,18,20,5,5
VID28_s15_134_crop,adjacent_samples,normal,11,19,20,24,25,5,5
VID28_s15_134_crop,adjacent_samples,normal,14,26,27,31,7,5,5
VID28_s15_214_crop,consecutive_annotated,rgb,6,9,10,11,13,5,5
VID28_s15_214_crop,consecutive_annotated,rgb,6,10,11,13,15,5,5
VID28_s15_214_crop,consecutive_annotated,depth,11,19,20,23,5,5,5
VID28_s15_214_crop,consecutive_annotated,normal,5,20,21,23,5,5,5
VID28_s15_214_crop,adjacent_samples,rgb,6,9,10,11,13,5,5
VID28_s15_214_crop,adjacent_samples,rgb,6,10,11,13,15,5,5
VID28_s15_214_crop,adjacent_samples,depth,11,19,20,23,5,5,5
VID28_s15_214_crop,adjacent_samples,normal,5,20,21,23,5,5,5
VID28_s15_294_crop,consecutive_annotated,rgb,4,3,4,9,11,5,5
VID28_s15_294_crop,consecutive_annotated,rgb,4,5,6,11,12,5,5
VID28_s15_294_crop,consecutive_annotated,rgb,8,7,8,10,16,2,2
VID28_s15_294_crop,consecutive_annotated,rgb,5,9,10,8,20,4,4
VID28_s15_294_crop,consecutive_annotated,rgb,4,12,13,22,23,5,5
VID28_s15_294_crop,consecutive_annotated,rgb,29,15,16,6,21,5,5
VID28_s15_294_crop,consecutive_annotated,depth,3,3,4,2,10,2,2
VID28_s15_294_crop,consecutive_annotated,depth,4,7,8,13,8,10,4
VID28_s15_294_crop,consecutive_annotated,depth,11,15,16,6,21,5,5
VID28_s15_294_crop,consecutive_annotated,normal,15,7,8,10,16,2,2
VID28_s15_294_crop,adjacent_samples,rgb,4,3,4,9,11,5,5
VID28_s15_294_crop,adjacent_samples,rgb,4,5,6,11,12,5,5
VID28_s15_294_crop,adjacent_samples,rgb,8,7,8,10,16,2,2
VID28_s15_294_crop,adjacent_samples,rgb,5,9,10,8,20,4,4
VID28_s15_294_crop,adjacent_samples,rgb,4,12,13,22,23,5,5
VID28_s15_294_crop,adjacent_samples,rgb,29,15,16,6,21,5,5
VID28_s15_294_crop,adjacent_samples,depth,3,3,4,2,10,2,2
VID28_s15_294_crop,adjacent_samples,depth,4,7,8,13,8,10,4
VID28_s15_294_crop,adjacent_samples,depth,11,15,16,6,21,5,5
VID28_s15_294_crop,adjacent_samples,normal,15,7,8,10,16,2,2
VID35_s15_594_crop,consecutive_annotated,rgb,10,24,25,3,7,5,5
VID35_s15_594_crop,consecutive_annotated,rgb,10,26,27,7,8,5,5
VID35_s15_594_crop,consecutive_annotated,depth,12,24,25,3,7,5,5
VID35_s15_594_crop,consecutive_annotated,depth,12,26,27,7,8,5,5
VID35_s15_594_crop,adjacent_samples,rgb,10,24,25,9,12,5,5
VID35_s15_594_crop,adjacent_samples,rgb,10,26,27,12,13,5,5
VID35_s15_594_crop,adjacent_samples,depth,12,24,25,9,12,5,5
VID35_s15_594_crop,adjacent_samples,depth,12,26,27,12,13,5,5
VID35_s15_754_crop,consecutive_annotated,rgb,12,3,4,5,4,10,10
VID35_s15_754_crop,consecutive_annotated,rgb,17,14,15,3,10,5,5
VID35_s15_754_crop,consecutive_annotated,rgb,17,15,16,10,11,5,5
VID35_s15_754_crop,consecutive_annotated,rgb,17,16,17,11,12,5,5
VID35_s15_754_crop,consecutive_annotated,rgb,17,17,24,12,14,5,5
VID35_s15_754_crop,consecutive_annotated,depth,3,14,15,3,10,5,5
VID35_s15_754_crop,consecutive_annotated,depth,3,15,16,10,11,5,5
VID35_s15_754_crop,consecutive_annotated,depth,3,16,17,11,12,5,5
VID35_s15_754_crop,consecutive_annotated,depth,3,17,24,12,14,5,5
VID35_s15_754_crop,consecutive_annotated,normal,5,14,15,3,10,5,5
VID35_s15_754_crop,consecutive_annotated,normal,5,15,16,10,11,5,5
VID35_s15_754_crop,consecutive_annotated,normal,5,16,17,11,12,5,5
VID35_s15_754_crop,consecutive_annotated,normal,5,17,24,12,14,5,5
VID35_s15_754_crop,adjacent_samples,rgb,12,3,4,5,4,10,10
VID35_s15_754_crop,adjacent_samples,rgb,17,14,15,12,15,5,5
VID35_s15_754_crop,adjacent_samples,rgb,17,15,16,15,16,5,5
VID35_s15_754_crop,adjacent_samples,rgb,17,16,17,16,17,5,5
VID35_s15_754_crop,adjacent_samples,depth,3,14,15,12,15,5,5
VID35_s15_754_crop,adjacent_samples,depth,3,15,16,15,16,5,5
VID35_s15_754_crop,adjacent_samples,depth,3,16,17,16,17,5,5
VID35_s15_754_crop,adjacent_samples,normal,5,14,15,12,15,5,5
VID35_s15_754_crop,adjacent_samples,normal,5,15,16,15,16,5,5
VID35_s15_754_crop,adjacent_samples,normal,5,16,17,16,17,5,5
VID35_s15_914_crop,consecutive_annotated,rgb,27,3,4,4,7,5,5
VID35_s15_914_crop,consecutive_annotated,rgb,27,5,6,7,8,5,5
VID35_s15_914_crop,consecutive_annotated,rgb,27,7,13,8,9,5,5
VID35_s15_914_crop,consecutive_annotated,depth,5,5,6,7,8,5,5
VID35_s15_914_crop,adjacent_samples,rgb,27,3,4,4,7,5,5
VID35_s15_914_crop,adjacent_samples,rgb,27,5,6,7,8,5,5
VID35_s15_914_crop,adjacent_samples,depth,5,5,6,7,8,5,5
VID37_s15_342_crop,consecutive_annotated,rgb,10,13,14,2,1,2,2
VID37_s15_342_crop,consecutive_annotated,rgb,32,14,15,6,8,2,2
VID37_s15_342_crop,consecutive_annotated,rgb,5,14,15,7,9,5,5
VID37_s15_342_crop,consecutive_annotated,rgb,11,14,15,3,5,4,10
VID37_s15_342_crop,consecutive_annotated,rgb,11,15,16,5,3,10,4
VID37_s15_342_crop,consecutive_annotated,depth,3,14,15,1,5,2,10
VID37_s15_342_crop,consecutive_annotated,normal,4,14,15,1,5,2,10
VID37_s15_342_crop,adjacent_samples,rgb,10,13,14,2,1,2,2
VID37_s15_342_crop,adjacent_samples,rgb,32,14,15,6,8,2,2
VID37_s15_342_crop,adjacent_samples,rgb,5,14,15,7,9,5,5
VID37_s15_342_crop,adjacent_samples,rgb,11,14,15,3,5,4,10
VID37_s15_342_crop,adjacent_samples,rgb,11,15,16,5,3,10,4
VID37_s15_342_crop,adjacent_samples,depth,3,14,15,1,5,2,10
VID37_s15_342_crop,adjacent_samples,normal,4,14,15,1,5,2,10
VID37_s15_502_crop,consecutive_annotated,rgb,39,2,3,2,1,2,2
VID37_s15_502_crop,consecutive_annotated,rgb,40,14,15,15,17,5,5
VID37_s15_502_crop,consecutive_annotated,rgb,33,15,16,18,17,5,5
VID37_s15_502_crop,consecutive_annotated,rgb,33,16,17,17,21,5,5
VID37_s15_502_crop,consecutive_annotated,rgb,40,18,19,17,22,5,5
VID37_s15_502_crop,consecutive_annotated,rgb,40,19,20,22,23,5,5
VID37_s15_502_crop,consecutive_annotated,rgb,40,20,21,23,26,5,5
VID37_s15_502_crop,consecutive_annotated,rgb,40,23,24,26,28,5,5
VID37_s15_502_crop,consecutive_annotated,depth,10,14,15,15,17,5,5
VID37_s15_502_crop,consecutive_annotated,depth,10,16,17,17,21,5,5
VID37_s15_502_crop,consecutive_annotated,depth,10,18,19,21,22,5,5
VID37_s15_502_crop,consecutive_annotated,depth,10,19,20,22,23,5,5
VID37_s15_502_crop,consecutive_annotated,depth,10,20,21,23,26,5,5
VID37_s15_502_crop,consecutive_annotated,depth,10,23,24,26,28,5,5
VID37_s15_502_crop,consecutive_annotated,normal,10,14,15,15,17,5,5
VID37_s15_502_crop,consecutive_annotated,normal,8,15,16,18,17,5,5
VID37_s15_502_crop,consecutive_annotated,normal,8,16,17,17,21,5,5
VID37_s15_502_crop,consecutive_annotated,normal,10,18,19,17,22,5,5
VID37_s15_502_crop,consecutive_annotated,normal,10,19,20,22,23,5,5
VID37_s15_502_crop,consecutive_annotated,normal,10,20,21,23,26,5,5
VID37_s15_502_crop,consecutive_annotated,normal,10,23,24,26,28,5,5
VID37_s15_502_crop,adjacent_samples,rgb,39,2,3,2,1,2,2
VID37_s15_502_crop,adjacent_samples,rgb,40,14,15,21,23,5,5
VID37_s15_502_crop,adjacent_samples,rgb,33,15,16,24,23,5,5
VID37_s15_502_crop,adjacent_samples,rgb,33,16,17,23,27,5,5
VID37_s15_502_crop,adjacent_samples,rgb,40,18,19,23,28,5,5
VID37_s15_502_crop,adjacent_samples,rgb,40,19,20,28,29,5,5
VID37_s15_502_crop,adjacent_samples,rgb,40,20,21,29,32,5,5
VID37_s15_502_crop,adjacent_samples,rgb,40,23,24,32,34,5,5
VID37_s15_502_crop,adjacent_samples,depth,10,14,15,21,23,5,5
VID37_s15_502_crop,adjacent_samples,depth,10,16,17,23,27,5,5
VID37_s15_502_crop,adjacent_samples,depth,10,18,19,27,28,5,5
VID37_s15_502_crop,adjacent_samples,depth,10,19,20,28,29,5,5
VID37_s15_502_crop,adjacent_samples,depth,10,20,21,29,32,5,5
VID37_s15_502_crop,adjacent_samples,depth,10,23,24,32,34,5,5
VID37_s15_502_crop,adjacent_samples,normal,10,14,15,21,23,5,5
VID37_s15_502_crop,adjacent_samples,normal,8,15,16,24,23,5,5
VID37_s15_502_crop,adjacent_samples,normal,8,16,17,23,27,5,5
VID37_s15_502_crop,adjacent_samples,normal,10,18,19,23,28,5,5
VID37_s15_502_crop,adjacent_samples,normal,10,19,20,28,29,5,5
VID37_s15_502_crop,adjacent_samples,normal,10,20,21,29,32,5,5
VID37_s15_502_crop,adjacent_samples,normal,10,23,24,32,34,5,5
VID37_s15_582_crop,consecutive_annotated,rgb,38,8,9,7,10,5,5
VID37_s15_582_crop,consecutive_annotated,rgb,38,9,10,10,11,5,5
VID37_s15_582_crop,consecutive_annotated,rgb,38,12,13,12,14,5,5
VID37_s15_582_crop,consecutive_annotated,rgb,38,13,14,14,15,5,5
VID37_s15_582_crop,consecutive_annotated,rgb,38,14,15,15,16,5,5
VID37_s15_582_crop,consecutive_annotated,rgb,38,15,16,16,19,5,5
VID37_s15_582_crop,consecutive_annotated,rgb,38,18,19,19,21,5,5
VID37_s15_582_crop,consecutive_annotated,rgb,38,27,28,21,29,5,5
VID37_s15_582_crop,consecutive_annotated,depth,6,8,9,7,10,5,5
VID37_s15_582_crop,consecutive_annotated,depth,6,9,10,10,11,5,5
VID37_s15_582_crop,consecutive_annotated,depth,6,12,13,12,14,5,5
VID37_s15_582_crop,consecutive_annotated,depth,6,13,14,14,15,5,5
VID37_s15_582_crop,consecutive_annotated,depth,6,14,15,15,16,5,5
VID37_s15_582_crop,consecutive_annotated,depth,6,15,16,16,19,5,5
VID37_s15_582_crop,consecutive_annotated,depth,6,18,19,19,21,5,5
VID37_s15_582_crop,consecutive_annotated,depth,6,27,28,21,29,5,5
VID37_s15_582_crop,consecutive_annotated,normal,8,8,9,7,10,5,5
VID37_s15_582_crop,consecutive_annotated,normal,8,9,10,10,11,5,5
VID37_s15_582_crop,consecutive_annotated,normal,8,14,15,15,16,5,5
VID37_s15_582_crop,consecutive_annotated,normal,8,15,16,16,19,5,5
VID37_s15_582_crop,consecutive_annotated,normal,8,18,19,19,21,5,5
VID37_s15_582_crop,consecutive_annotated,normal,8,27,28,21,29,5,5
VID37_s15_582_crop,adjacent_samples,rgb,38,8,9,12,16,5,5
VID37_s15_582_crop,adjacent_samples,rgb,38,9,10,16,17,5,5
VID37_s15_582_crop,adjacent_samples,rgb,38,12,13,18,20,5,5
VID37_s15_582_crop,adjacent_samples,rgb,38,13,14,20,21,5,5
VID37_s15_582_crop,adjacent_samples,rgb,38,14,15,21,22,5,5
VID37_s15_582_crop,adjacent_samples,rgb,38,15,16,22,25,5,5
VID37_s15_582_crop,adjacent_samples,rgb,38,18,19,25,27,5,5
VID37_s15_582_crop,adjacent_samples,rgb,38,27,28,27,35,5,5
VID37_s15_582_crop,adjacent_samples,depth,6,8,9,12,16,5,5
VID37_s15_582_crop,adjacent_samples,depth,6,9,10,16,17,5,5
VID37_s15_582_crop,adjacent_samples,depth,6,12,13,18,20,5,5
VID37_s15_582_crop,adjacent_samples,depth,6,13,14,20,21,5,5
VID37_s15_582_crop,adjacent_samples,depth,6,14,15,21,22,5,5
VID37_s15_582_crop,adjacent_samples,depth,6,15,16,22,25,5,5
VID37_s15_582_crop,adjacent_samples,depth,6,18,19,25,27,5,5
VID37_s15_582_crop,adjacent_samples,depth,6,27,28,27,35,5,5
VID37_s15_582_crop,adjacent_samples,normal,8,8,9,12,16,5,5
VID37_s15_582_crop,adjacent_samples,normal,8,9,10,16,17,5,5
VID37_s15_582_crop,adjacent_samples,normal,8,14,15,21,22,5,5
VID37_s15_582_crop,adjacent_samples,normal,8,15,16,22,25,5,5
VID37_s15_582_crop,adjacent_samples,normal,8,18,19,25,27,5,5
VID37_s15_582_crop,adjacent_samples,normal,8,27,28,27,35,5,5
VID37_s15_662_crop,consecutive_annotated,rgb,39,2,3,5,7,5,5
VID37_s15_662_crop,consecutive_annotated,rgb,39,3,4,7,8,5,5
VID37_s15_662_crop,consecutive_annotated,rgb,39,7,8,11,12,5,5
VID37_s15_662_crop,consecutive_annotated,rgb,39,8,9,12,14,5,5
VID37_s15_662_crop,consecutive_annotated,rgb,39,9,10,14,17,5,5
VID37_s15_662_crop,consecutive_annotated,rgb,39,13,14,17,21,5,5
VID37_s15_662_crop,consecutive_annotated,rgb,39,22,23,21,25,5,5
VID37_s15_662_crop,consecutive_annotated,rgb,39,25,26,25,26,5,5
VID37_s15_662_crop,consecutive_annotated,rgb,33,26,27,23,29,9,5
VID37_s15_662_crop,consecutive_annotated,depth,6,2,3,5,7,5,5
VID37_s15_662_crop,consecutive_annotated,depth,6,3,4,7,8,5,5
VID37_s15_662_crop,consecutive_annotated,depth,6,4,5,8,9,5,5
VID37_s15_662_crop,consecutive_annotated,depth,6,7,8,11,12,5,5
VID37_s15_662_crop,consecutive_annotated,depth,6,8,9,12,14,5,5
VID37_s15_662_crop,consecutive_annotated,depth,6,9,10,14,17,5,5
VID37_s15_662_crop,consecutive_annotated,depth,6,13,14,17,21,5,5
VID37_s15_662_crop,consecutive_annotated,depth,6,22,23,21,25,5,5
VID37_s15_662_crop,consecutive_annotated,depth,6,25,26,25,26,5,5
VID37_s15_662_crop,consecutive_annotated,normal,9,2,3,5,7,5,5
VID37_s15_662_crop,consecutive_annotated,normal,9,3,4,7,8,5,5
VID37_s15_662_crop,consecutive_annotated,normal,9,4,5,8,9,5,5
VID37_s15_662_crop,consecutive_annotated,normal,9,9,10,14,17,5,5
VID37_s15_662_crop,consecutive_annotated,normal,9,13,14,17,21,5,5
VID37_s15_662_crop,consecutive_annotated,normal,9,22,23,21,25,5,5
VID37_s15_662_crop,consecutive_annotated,normal,5,22,23,6,2,10,2
VID37_s15_662_crop,consecutive_annotated,normal,9,25,26,25,26,5,5
VID37_s15_662_crop,adjacent_samples,rgb,39,2,3,5,7,5,5
VID37_s15_662_crop,adjacent_samples,rgb,39,3,4,7,8,5,5
VID37_s15_662_crop,adjacent_samples,rgb,39,7,8,11,12,5,5
VID37_s15_662_crop,adjacent_samples,rgb,39,8,9,12,14,5,5
VID37_s15_662_crop,adjacent_samples,rgb,39,9,10,14,17,5,5
VID37_s15_662_crop,adjacent_samples,rgb,39,13,14,17,21,5,5
VID37_s15_662_crop,adjacent_samples,rgb,39,22,23,21,25,5,5
VID37_s15_662_crop,adjacent_samples,rgb,39,25,26,25,26,5,5
VID37_s15_662_crop,adjacent_samples,rgb,33,26,27,23,29,9,5
VID37_s15_662_crop,adjacent_samples,depth,6,2,3,5,7,5,5
VID37_s15_662_crop,adjacent_samples,depth,6,3,4,7,8,5,5
VID37_s15_662_crop,adjacent_samples,depth,6,4,5,8,9,5,5
VID37_s15_662_crop,adjacent_samples,depth,6,7,8,11,12,5,5
VID37_s15_662_crop,adjacent_samples,depth,6,8,9,12,14,5,5
VID37_s15_662_crop,adjacent_samples,depth,6,9,10,14,17,5,5
VID37_s15_662_crop,adjacent_samples,depth,6,13,14,17,21,5,5
VID37_s15_662_crop,adjacent_samples,depth,6,22,23,21,25,5,5
VID37_s15_662_crop,adjacent_samples,depth,6,25,26,25,26,5,5
VID37_s15_662_crop,adjacent_samples,normal,9,2,3,5,7,5,5
VID37_s15_662_crop,adjacent_samples,normal,9,3,4,7,8,5,5
VID37_s15_662_crop,adjacent_samples,normal,9,4,5,8,9,5,5
VID37_s15_662_crop,adjacent_samples,normal,9,9,10,14,17,5,5
VID37_s15_662_crop,adjacent_samples,normal,9,13,14,17,21,5,5
VID37_s15_662_crop,adjacent_samples,normal,9,22,23,21,25,5,5
VID37_s15_662_crop,adjacent_samples,normal,5,22,23,6,2,10,2
VID37_s15_662_crop,adjacent_samples,normal,9,25,26,25,26,5,5
VID37_s15_742_crop,consecutive_annotated,rgb,33,2,3,7,10,5,5
VID37_s15_742_crop,consecutive_annotated,rgb,33,3,4,10,11,5,5
VID37_s15_742_crop,consecutive_annotated,rgb,33,4,5,11,14,5,5
VID37_s15_742_crop,consecutive_annotated,rgb,8,4,5,4,12,4,4
VID37_s15_742_crop,consecutive_annotated,rgb,33,7,8,14,16,5,5
VID37_s15_742_crop,consecutive_annotated,rgb,33,16,17,16,20,5,5
VID37_s15_742_crop,consecutive_annotated,rgb,33,18,19,20,23,5,5
VID37_s15_742_crop,consecutive_annotated,rgb,33,19,20,23,20,5,5
VID37_s15_742_crop,consecutive_annotated,rgb,33,20,21,20,27,5,5
VID37_s15_742_crop,consecutive_annotated,depth,10,2,3,7,10,5,5
VID37_s15_742_crop,consecutive_annotated,depth,10,3,4,10,11,5,5
VID37_s15_742_crop,consecutive_annotated,depth,8,4,5,4,12,4,4
VID37_s15_742_crop,consecutive_annotated,depth,10,4,5,11,14,5,5
VID37_s15_742_crop,consecutive_annotated,depth,10,7,8,14,16,5,5
VID37_s15_742_crop,consecutive_annotated,depth,10,16,17,16,20,5,5
VID37_s15_742_crop,consecutive_annotated,depth,10,18,19,20,23,5,5
VID37_s15_742_crop,consecutive_annotated,depth,10,19,20,23,20,5,5
VID37_s15_742_crop,consecutive_annotated,depth,10,20,21,20,27,5,5
VID37_s15_742_crop,consecutive_annotated,normal,10,1,2,7,9,5,5
VID37_s15_742_crop,consecutive_annotated,normal,10,2,3,9,10,5,5
VID37_s15_742_crop,consecutive_annotated,normal,10,3,4,10,11,5,5
VID37_s15_742_crop,consecutive_annotated,normal,10,4,5,11,14,5,5
VID37_s15_742_crop,consecutive_annotated,normal,10,7,8,14,16,5,5
VID37_s15_742_crop,consecutive_annotated,normal,10,16,17,16,20,5,5
VID37_s15_742_crop,consecutive_annotated,normal,10,18,19,20,23,5,5
VID37_s15_742_crop,consecutive_annotated,normal,10,19,20,23,20,5,5
VID37_s15_742_crop,consecutive_annotated,normal,10,20,21,20,27,5,5
VID37_s15_742_crop,adjacent_samples,rgb,33,2,3,7,10,5,5
VID37_s15_742_crop,adjacent_samples,rgb,33,3,4,10,11,5,5
VID37_s15_742_crop,adjacent_samples,rgb,33,4,5,11,14,5,5
VID37_s15_742_crop,adjacent_samples,rgb,8,4,5,4,12,4,4
VID37_s15_742_crop,adjacent_samples,rgb,33,7,8,14,16,5,5
VID37_s15_742_crop,adjacent_samples,rgb,33,16,17,16,20,5,5
VID37_s15_742_crop,adjacent_samples,rgb,33,18,19,20,23,5,5
VID37_s15_742_crop,adjacent_samples,rgb,33,19,20,23,20,5,5
VID37_s15_742_crop,adjacent_samples,rgb,33,20,21,20,27,5,5
VID37_s15_742_crop,adjacent_samples,depth,10,2,3,7,10,5,5
VID37_s15_742_crop,adjacent_samples,depth,10,3,4,10,11,5,5
VID37_s15_742_crop,adjacent_samples,depth,8,4,5,4,12,4,4
VID37_s15_742_crop,adjacent_samples,depth,10,4,5,11,14,5,5
VID37_s15_742_crop,adjacent_samples,depth,10,7,8,14,16,5,5
VID37_s15_742_crop,adjacent_samples,depth,10,16,17,16,20,5,5
VID37_s15_742_crop,adjacent_samples,depth,10,18,19,20,23,5,5
VID37_s15_742_crop,adjacent_samples,depth,10,19,20,23,20,5,5
VID37_s15_742_crop,adjacent_samples,depth,10,20,21,20,27,5,5
VID37_s15_742_crop,adjacent_samples,normal,10,1,2,7,9,5,5
VID37_s15_742_crop,adjacent_samples,normal,10,2,3,9,10,5,5
VID37_s15_742_crop,adjacent_samples,normal,10,3,4,10,11,5,5
VID37_s15_742_crop,adjacent_samples,normal,10,4,5,11,14,5,5
VID37_s15_742_crop,adjacent_samples,normal,10,7,8,14,16,5,5
VID37_s15_742_crop,adjacent_samples,normal,10,16,17,16,20,5,5
VID37_s15_742_crop,adjacent_samples,normal,10,18,19,20,23,5,5
VID37_s15_742_crop,adjacent_samples,normal,10,19,20,23,20,5,5
VID37_s15_742_crop,adjacent_samples,normal,10,20,21,20,27,5,5
VID37_s15_822_crop,consecutive_annotated,rgb,39,2,3,7,10,5,5
VID37_s15_822_crop,consecutive_annotated,rgb,39,11,12,10,18,5,5
VID37_s15_822_crop,consecutive_annotated,depth,9,2,3,7,10,5,5
VID37_s15_822_crop,consecutive_annotated,depth,8,11,12,17,19,9,9
VID37_s15_822_crop,consecutive_annotated,depth,9,11,12,10,18,5,5
VID37_s15_822_crop,consecutive_annotated,normal,9,2,3,7,10,5,5
VID37_s15_822_crop,consecutive_annotated,normal,4,11,12,17,19,9,9
VID37_s15_822_crop,consecutive_annotated,normal,9,11,12,10,18,5,5
VID37_s15_822_crop,adjacent_samples,rgb,39,2,3,7,10,5,5
VID37_s15_822_crop,adjacent_samples,rgb,39,11,12,10,18,5,5
VID37_s15_822_crop,adjacent_samples,depth,9,2,3,7,10,5,5
VID37_s15_822_crop,adjacent_samples,depth,8,11,12,17,19,9,9
VID37_s15_822_crop,adjacent_samples,depth,9,11,12,10,18,5,5
VID37_s15_822_crop,adjacent_samples,normal,9,2,3,7,10,5,5
VID37_s15_822_crop,adjacent_samples,normal,4,11,12,17,19,9,9
VID37_s15_822_crop,adjacent_samples,normal,9,11,12,10,18,5,5
VID43_s15_121_crop,consecutive_annotated,rgb,21,7,13,4,6,10,10
VID43_s15_121_crop,consecutive_annotated,rgb,21,13,14,6,8,10,10
VID43_s15_121_crop,consecutive_annotated,rgb,25,16,17,7,10,1,1
VID43_s15_121_crop,consecutive_annotated,rgb,25,17,18,10,7,1,1
VID43_s15_121_crop,consecutive_annotated,depth,8,7,13,3,6,4,10
VID43_s15_121_crop,consecutive_annotated,depth,8,13,14,6,3,10,4
VID43_s15_121_crop,consecutive_annotated,depth,11,16,17,7,10,1,1
VID43_s15_121_crop,consecutive_annotated,depth,11,17,18,10,7,1,1
VID43_s15_121_crop,consecutive_annotated,normal,6,7,13,3,6,4,10
VID43_s15_121_crop,consecutive_annotated,normal,6,13,14,6,3,10,4
VID43_s15_121_crop,adjacent_samples,rgb,21,13,14,10,12,10,10
VID43_s15_121_crop,adjacent_samples,rgb,25,16,17,11,14,1,1
VID43_s15_121_crop,adjacent_samples,rgb,25,17,18,14,11,1,1
VID43_s15_121_crop,adjacent_samples,depth,8,13,14,10,9,10,4
VID43_s15_121_crop,adjacent_samples,depth,11,16,17,11,14,1,1
VID43_s15_121_crop,adjacent_samples,depth,11,17,18,14,11,1,1
VID43_s15_121_crop,adjacent_samples,normal,6,13,14,10,9,10,4
VID43_s15_201_crop,consecutive_annotated,rgb,23,1,8,3,6,10,10
VID43_s15_201_crop,consecutive_annotated,rgb,23,8,9,6,8,10,10
VID43_s15_201_crop,consecutive_annotated,depth,11,22,23,8,20,10,10
VID43_s15_201_crop,consecutive_annotated,normal,11,1,8,3,6,10,10
VID43_s15_201_crop,consecutive_annotated,normal,11,8,9,6,8,10,10
VID43_s15_201_crop,adjacent_samples,rgb,23,8,9,9,11,10,10
VID43_s15_201_crop,adjacent_samples,depth,11,22,23,11,23,10,10
VID43_s15_201_crop,adjacent_samples,normal,11,8,9,9,11,10,10
VID43_s15_281_crop,consecutive_annotated,rgb,22,3,4,4,7,10,10
VID43_s15_281_crop,consecutive_annotated,rgb,26,18,19,17,21,10,10
VID43_s15_281_crop,consecutive_annotated,rgb,26,23,24,17,23,10,10
VID43_s15_281_crop,consecutive_annotated,rgb,26,24,25,23,17,10,10
VID43_s15_281_crop,consecutive_annotated,rgb,8,25,26,2,25,4,4
VID43_s15_281_crop,consecutive_annotated,depth,12,6,7,9,12,5,5
VID43_s15_281_crop,consecutive_annotated,depth,10,25,26,11,25,4,4
VID43_s15_281_crop,consecutive_annotated,normal,5,6,7,9,12,5,5
VID43_s15_281_crop,consecutive_annotated,normal,14,6,7,2,11,4,4
VID43_s15_281_crop,consecutive_annotated,normal,14,25,26,11,25,4,4
VID43_s15_281_crop,adjacent_samples,rgb,22,3,4,4,7,10,10
VID43_s15_281_crop,adjacent_samples,rgb,26,18,19,17,21,10,10
VID43_s15_281_crop,adjacent_samples,rgb,26,23,24,17,23,10,10
VID43_s15_281_crop,adjacent_samples,rgb,26,24,25,23,17,10,10
VID43_s15_281_crop,adjacent_samples,rgb,8,25,26,2,25,4,4
VID43_s15_281_crop,adjacent_samples,depth,12,6,7,9,12,5,5
VID43_s15_281_crop,adjacent_samples,depth,10,25,26,11,25,4,4
VID43_s15_281_crop,adjacent_samples,normal,5,6,7,9,12,5,5
VID43_s15_281_crop,adjacent_samples,normal,14,6,7,2,11,4,4
VID43_s15_281_crop,adjacent_samples,normal,14,25,26,11,25,4,4
VID43_s15_361_crop,consecutive_annotated,rgb,33,0,1,1,6,1,1
VID43_s15_361_crop,consecutive_annotated,rgb,32,1,2,3,8,4,4
VID43_s15_361_crop,consecutive_annotated,rgb,33,1,2,6,1,1,1
VID43_s15_361_crop,consecutive_annotated,rgb,35,1,2,7,9,5,5
VID43_s15_361_crop,consecutive_annotated,rgb,9,11,12,5,14,10,10
VID43_s15_361_crop,consecutive_annotated,rgb,17,20,21,19,22,2,2
VID43_s15_361_crop,consecutive_annotated,rgb,35,26,27,9,25,5,5
VID43_s15_361_crop,consecutive_annotated,rgb,35,28,29,25,26,5,5
VID43_s15_361_crop,consecutive_annotated,depth,13,0,1,1,6,1,1
VID43_s15_361_crop,consecutive_annotated,depth,12,1,2,7,9,5,5
VID43_s15_361_crop,consecutive_annotated,depth,13,1,2,6,1,1,1
VID43_s15_361_crop,consecutive_annotated,depth,12,26,27,9,25,5,5
VID43_s15_361_crop,consecutive_annotated,depth,12,28,29,25,26,5,5
VID43_s15_361_crop,consecutive_annotated,normal,8,0,1,1,6,1,1
VID43_s15_361_crop,consecutive_annotated,normal,7,1,2,7,9,5,5
VID43_s15_361_crop,consecutive_annotated,normal,8,1,2,6,1,1,1
VID43_s15_361_crop,consecutive_annotated,normal,12,2,3,3,8,4,4
VID43_s15_361_crop,consecutive_annotated,normal,7,26,27,9,25,5,5
VID43_s15_361_crop,consecutive_annotated,normal,7,28,29,25,26,5,5
VID43_s15_361_crop,adjacent_samples,rgb,33,0,1,1,6,1,1
VID43_s15_361_crop,adjacent_samples,rgb,32,1,2,3,8,4,4
VID43_s15_361_crop,adjacent_samples,rgb,33,1,2,6,1,1,1
VID43_s15_361_crop,adjacent_samples,rgb,35,1,2,7,9,5,5
VID43_s15_361_crop,adjacent_samples,rgb,9,11,12,5,14,10,10
VID43_s15_361_crop,adjacent_samples,rgb,17,20,21,19,22,2,2
VID43_s15_361_crop,adjacent_samples,rgb,35,26,27,9,25,5,5
VID43_s15_361_crop,adjacent_samples,rgb,35,28,29,25,26,5,5
VID43_s15_361_crop,adjacent_samples,depth,13,0,1,1,6,1,1
VID43_s15_361_crop,adjacent_samples,depth,12,1,2,7,9,5,5
VID43_s15_361_crop,adjacent_samples,depth,13,1,2,6,1,1,1
VID43_s15_361_crop,adjacent_samples,depth,12,26,27,9,25,5,5
VID43_s15_361_crop,adjacent_samples,depth,12,28,29,25,26,5,5
VID43_s15_361_crop,adjacent_samples,normal,8,0,1,1,6,1,1
VID43_s15_361_crop,adjacent_samples,normal,7,1,2,7,9,5,5
VID43_s15_361_crop,adjacent_samples,normal,8,1,2,6,1,1,1
VID43_s15_361_crop,adjacent_samples,normal,12,2,3,3,8,4,4
VID43_s15_361_crop,adjacent_samples,normal,7,26,27,9,25,5,5
VID43_s15_361_crop,adjacent_samples,normal,7,28,29,25,26,5,5
VID43_s15_441_crop,consecutive_annotated,rgb,25,4,5,8,13,10,10
VID43_s15_441_crop,consecutive_annotated,rgb,33,14,15,4,21,4,4
VID43_s15_441_crop,consecutive_annotated,rgb,27,14,15,17,20,1,1
VID43_s15_441_crop,consecutive_annotated,rgb,34,21,22,7,26,5,5
VID43_s15_441_crop,consecutive_annotated,rgb,34,23,24,26,27,5,5
VID43_s15_441_crop,consecutive_annotated,depth,6,14,15,17,20,1,1
VID43_s15_441_crop,consecutive_annotated,depth,7,14,15,5,21,4,4
VID43_s15_441_crop,consecutive_annotated,depth,9,21,22,7,26,5,5
VID43_s15_441_crop,consecutive_annotated,depth,9,23,24,26,27,5,5
VID43_s15_441_crop,consecutive_annotated,normal,7,14,15,5,21,4,4
VID43_s15_441_crop,consecutive_annotated,normal,10,21,22,7,26,5,5
VID43_s15_441_crop,consecutive_annotated,normal,10,23,24,26,27,5,5
VID43_s15_441_crop,adjacent_samples,rgb,25,4,5,8,13,10,10
VID43_s15_441_crop,adjacent_samples,rgb,33,14,15,4,21,4,4
VID43_s15_441_crop,adjacent_samples,rgb,27,14,15,17,20,1,1
VID43_s15_441_crop,adjacent_samples,rgb,34,21,22,7,26,5,5
VID43_s15_441_crop,adjacent_samples,rgb,34,23,24,26,27,5,5
VID43_s15_441_crop,adjacent_samples,depth,6,14,15,17,20,1,1
VID43_s15_441_crop,adjacent_samples,depth,7,14,15,5,21,4,4
VID43_s15_441_crop,adjacent_samples,depth,9,21,22,7,26,5,5
VID43_s15_441_crop,adjacent_samples,depth,9,23,24,26,27,5,5
VID43_s15_441_crop,adjacent_samples,normal,7,14,15,5,21,4,4
VID43_s15_441_crop,adjacent_samples,normal,10,21,22,7,26,5,5
VID43_s15_441_crop,adjacent_samples,normal,10,23,24,26,27,5,5
VID43_s15_521_crop,consecutive_annotated,rgb,26,17,18,7,19,5,5
VID43_s15_521_crop,consecutive_annotated,depth,3,17,18,7,19,5,5
VID43_s15_521_crop,consecutive_annotated,depth,3,18,19,19,20,5,5
VID43_s15_521_crop,consecutive_annotated,depth,5,19,20,3,8,2,10
VID43_s15_521_crop,consecutive_annotated,normal,5,17,18,7,19,5,5
VID43_s15_521_crop,consecutive_annotated,normal,5,18,19,19,8,5,10
VID43_s15_521_crop,adjacent_samples,rgb,26,17,18,7,19,5,5
VID43_s15_521_crop,adjacent_samples,depth,3,17,18,7,19,5,5
VID43_s15_521_crop,adjacent_samples,depth,3,18,19,19,20,5,5
VID43_s15_521_crop,adjacent_samples,depth,5,19,20,3,8,2,10
VID43_s15_521_crop,adjacent_samples,normal,5,17,18,7,19,5,5
VID43_s15_521_crop,adjacent_samples,normal,5,18,19,19,8,5,10
VID43_s15_601_crop,consecutive_annotated,rgb,18,10,11,7,17,5,5
VID43_s15_601_crop,consecutive_annotated,rgb,18,12,13,17,18,5,5
VID43_s15_601_crop,adjacent_samples,rgb,18,10,11,7,17,5,5
VID43_s15_601_crop,adjacent_samples,rgb,18,12,13,17,18,5,5
VID48_s15_375_crop,consecutive_annotated,rgb,27,17,18,6,11,5,5
VID48_s15_375_crop,consecutive_annotated,rgb,28,17,18,4,10,4,4
VID48_s15_375_crop,consecutive_annotated,rgb,27,19,20,11,13,5,5
VID48_s15_375_crop,consecutive_annotated,rgb,27,20,21,13,15,5,5
VID48_s15_375_crop,consecutive_annotated,rgb,10,23,29,5,19,4,3
VID48_s15_375_crop,consecutive_annotated,depth,12,17,18,6,11,5,5
VID48_s15_375_crop,consecutive_annotated,depth,14,17,18,4,10,4,4
VID48_s15_375_crop,consecutive_annotated,depth,12,19,20,11,13,5,5
VID48_s15_375_crop,consecutive_annotated,depth,12,20,21,13,15,5,5
VID48_s15_375_crop,consecutive_annotated,normal,2,17,18,6,11,5,5
VID48_s15_375_crop,consecutive_annotated,normal,3,17,18,1,2,2,2
VID48_s15_375_crop,consecutive_annotated,normal,8,17,18,4,10,4,4
VID48_s15_375_crop,consecutive_annotated,normal,2,19,20,11,13,5,5
VID48_s15_375_crop,consecutive_annotated,normal,2,20,21,13,15,5,5
VID48_s15_375_crop,consecutive_annotated,normal,3,23,29,1,2,2,2
VID48_s15_375_crop,adjacent_samples,rgb,27,17,18,6,11,5,5
VID48_s15_375_crop,adjacent_samples,rgb,28,17,18,4,10,4,4
VID48_s15_375_crop,adjacent_samples,rgb,27,19,20,11,13,5,5
VID48_s15_375_crop,adjacent_samples,rgb,27,20,21,13,15,5,5
VID48_s15_375_crop,adjacent_samples,depth,12,17,18,6,11,5,5
VID48_s15_375_crop,adjacent_samples,depth,14,17,18,4,10,4,4
VID48_s15_375_crop,adjacent_samples,depth,12,19,20,11,13,5,5
VID48_s15_375_crop,adjacent_samples,depth,12,20,21,13,15,5,5
VID48_s15_375_crop,adjacent_samples,normal,2,17,18,6,11,5,5
VID48_s15_375_crop,adjacent_samples,normal,3,17,18,1,2,2,2
VID48_s15_375_crop,adjacent_samples,normal,8,17,18,4,10,4,4
VID48_s15_375_crop,adjacent_samples,normal,2,19,20,11,13,5,5
VID48_s15_375_crop,adjacent_samples,normal,2,20,21,13,15,5,5
VID48_s15_455_crop,consecutive_annotated,rgb,19,11,12,4,8,5,5
VID48_s15_455_crop,consecutive_annotated,rgb,19,12,13,8,11,5,5
VID48_s15_455_crop,consecutive_annotated,rgb,19,14,15,11,13,5,5
VID48_s15_455_crop,consecutive_annotated,rgb,26,17,24,12,19,3,3
VID48_s15_455_crop,consecutive_annotated,rgb,26,25,26,19,22,3,3
VID48_s15_455_crop,consecutive_annotated,rgb,19,27,28,13,26,5,5
VID48_s15_455_crop,consecutive_annotated,rgb,23,27,28,24,25,2,2
VID48_s15_455_crop,consecutive_annotated,depth,2,17,24,12,19,3,3
VID48_s15_455_crop,consecutive_annotated,depth,2,25,26,19,22,3,3
VID48_s15_455_crop,adjacent_samples,rgb,19,11,12,4,8,5,5
VID48_s15_455_crop,adjacent_samples,rgb,19,12,13,8,11,5,5
VID48_s15_455_crop,adjacent_samples,rgb,19,14,15,11,13,5,5
VID48_s15_455_crop,adjacent_samples,rgb,26,25,26,22,29,3,3
VID48_s15_455_crop,adjacent_samples,rgb,19,27,28,26,33,5,5
VID48_s15_455_crop,adjacent_samples,rgb,23,27,28,31,32,2,2
VID48_s15_455_crop,adjacent_samples,depth,2,25,26,22,29,3,3
VID48_s15_615_crop,consecutive_annotated,rgb,36,1,2,4,9,4,4
VID48_s15_615_crop,consecutive_annotated,rgb,27,1,2,6,10,5,5
VID48_s15_615_crop,consecutive_annotated,rgb,27,3,4,10,12,5,5
VID48_s15_615_crop,consecutive_annotated,rgb,27,4,5,12,14,5,5
VID48_s15_615_crop,consecutive_annotated,rgb,6,5,6,13,15,3,3
VID48_s15_615_crop,consecutive_annotated,rgb,6,7,13,15,19,3,3
VID48_s15_615_crop,consecutive_annotated,rgb,6,13,14,19,22,3,3
VID48_s15_615_crop,consecutive_annotated,rgb,27,13,14,14,23,5,5
VID48_s15_615_crop,consecutive_annotated,rgb,29,13,14,17,21,2,2
VID48_s15_615_crop,consecutive_annotated,rgb,6,15,16,22,26,3,3
VID48_s15_615_crop,consecutive_annotated,rgb,27,15,16,23,27,5,5
VID48_s15_615_crop,consecutive_annotated,rgb,29,15,16,21,24,2,2
VID48_s15_615_crop,consecutive_annotated,rgb,6,16,17,26,29,3,3
VID48_s15_615_crop,consecutive_annotated,rgb,27,16,17,27,30,5,5
VID48_s15_615_crop,consecutive_annotated,rgb,29,16,17,24,28,2,2
VID48_s15_615_crop,consecutive_annotated,normal,8,13,14,17,21,2,2
VID48_s15_615_crop,consecutive_annotated,normal,8,15,16,21,24,2,2
VID48_s15_615_crop,consecutive_annotated,normal,8,16,17,24,28,2,2
VID48_s15_615_crop,adjacent_samples,rgb,36,1,2,4,9,4,4
VID48_s15_615_crop,adjacent_samples,rgb,27,1,2,6,10,5,5
VID48_s15_615_crop,adjacent_samples,rgb,27,3,4,10,12,5,5
VID48_s15_615_crop,adjacent_samples,rgb,27,4,5,12,14,5,5
VID48_s15_615_crop,adjacent_samples,rgb,6,5,6,13,15,3,3
VID48_s15_615_crop,adjacent_samples,rgb,6,13,14,22,29,3,3
VID48_s15_615_crop,adjacent_samples,rgb,27,13,14,25,30,5,5
VID48_s15_615_crop,adjacent_samples,rgb,29,13,14,18,28,2,2
VID48_s15_615_crop,adjacent_samples,rgb,6,15,16,29,33,3,3
VID48_s15_615_crop,adjacent_samples,rgb,27,15,16,30,34,5,5
VID48_s15_615_crop,adjacent_samples,rgb,29,15,16,28,31,2,2
VID48_s15_615_crop,adjacent_samples,rgb,6,16,17,33,36,3,3
VID48_s15_615_crop,adjacent_samples,rgb,27,16,17,34,37,5,5
VID48_s15_615_crop,adjacent_samples,rgb,29,16,17,31,35,2,2
VID48_s15_615_crop,adjacent_samples,normal,8,13,14,18,28,2,2
VID48_s15_615_crop,adjacent_samples,normal,8,15,16,28,31,2,2
VID48_s15_615_crop,adjacent_samples,normal,8,16,17,31,35,2,2
VID52_s15_54_crop,consecutive_annotated,rgb,34,0,1,1,2,2,2
VID52_s15_54_crop,consecutive_annotated,rgb,31,2,3,4,8,5,5
VID52_s15_54_crop,consecutive_annotated,rgb,31,4,5,8,10,5,5
VID52_s15_54_crop,consecutive_annotated,rgb,34,6,7,2,9,2,2
VID52_s15_54_crop,consecutive_annotated,rgb,34,8,9,9,2,2,2
VID52_s15_54_crop,consecutive_annotated,rgb,31,9,10,10,14,5,5
VID52_s15_54_crop,consecutive_annotated,rgb,31,11,12,14,15,5,5
VID52_s15_54_crop,consecutive_annotated,rgb,31,12,13,15,16,5,5
VID52_s15_54_crop,consecutive_annotated,rgb,33,13,14,9,17,2,2
VID52_s15_54_crop,consecutive_annotated,rgb,31,13,14,16,18,5,5
VID52_s15_54_crop,consecutive_annotated,rgb,17,15,16,13,19,1,1
VID52_s15_54_crop,consecutive_annotated,rgb,31,15,16,18,20,5,5
VID52_s15_54_crop,consecutive_annotated,rgb,17,20,21,19,21,1,1
VID52_s15_54_crop,consecutive_annotated,rgb,31,20,21,20,22,5,5
VID52_s15_54_crop,consecutive_annotated,rgb,31,23,24,22,25,5,5
VID52_s15_54_crop,consecutive_annotated,depth,12,2,3,4,8,5,5
VID52_s15_54_crop,consecutive_annotated,depth,12,4,5,8,10,5,5
VID52_s15_54_crop,consecutive_annotated,depth,12,9,10,10,14,5,5
VID52_s15_54_crop,consecutive_annotated,depth,12,11,12,14,15,5,5
VID52_s15_54_crop,consecutive_annotated,depth,12,12,13,15,16,5,5
VID52_s15_54_crop,consecutive_annotated,depth,11,13,14,9,17,2,2
VID52_s15_54_crop,consecutive_annotated,depth,12,13,14,16,18,5,5
VID52_s15_54_crop,consecutive_annotated,depth,8,15,16,13,19,1,1
VID52_s15_54_crop,consecutive_annotated,depth,12,15,16,18,20,5,5
VID52_s15_54_crop,consecutive_annotated,depth,8,20,21,19,21,1,1
VID52_s15_54_crop,consecutive_annotated,depth,12,20,21,20,22,5,5
VID52_s15_54_crop,consecutive_annotated,depth,12,23,24,22,25,5,5
VID52_s15_54_crop,consecutive_annotated,normal,13,2,3,4,8,5,5
VID52_s15_54_crop,consecutive_annotated,normal,13,4,5,8,10,5,5
VID52_s15_54_crop,consecutive_annotated,normal,13,9,10,10,14,5,5
VID52_s15_54_crop,consecutive_annotated,normal,13,11,12,14,15,5,5
VID52_s15_54_crop,consecutive_annotated,normal,13,12,13,15,16,5,5
VID52_s15_54_crop,consecutive_annotated,normal,13,13,14,16,18,5,5
VID52_s15_54_crop,consecutive_annotated,normal,15,13,14,9,17,2,2
VID52_s15_54_crop,consecutive_annotated,normal,10,15,16,13,19,1,1
VID52_s15_54_crop,consecutive_annotated,normal,10,20,21,19,21,1,1
VID52_s15_54_crop,consecutive_annotated,normal,13,20,21,20,22,5,5
VID52_s15_54_crop,consecutive_annotated,normal,13,23,24,22,25,5,5
VID52_s15_54_crop,adjacent_samples,rgb,34,0,1,1,2,2,2
VID52_s15_54_crop,adjacent_samples,rgb,31,2,3,4,8,5,5
VID52_s15_54_crop,adjacent_samples,rgb,31,4,5,8,10,5,5
VID52_s15_54_crop,adjacent_samples,rgb,34,6,7,2,9,2,2
VID52_s15_54_crop,adjacent_samples,rgb,34,8,9,9,2,2,2
VID52_s15_54_crop,adjacent_samples,rgb,31,9,10,10,14,5,5
VID52_s15_54_crop,adjacent_samples,rgb,31,11,12,14,15,5,5
VID52_s15_54_crop,adjacent_samples,rgb,31,12,13,15,16,5,5
VID52_s15_54_crop,adjacent_samples,rgb,33,13,14,9,17,2,2
VID52_s15_54_crop,adjacent_samples,rgb,31,13,14,16,18,5,5
VID52_s15_54_crop,adjacent_samples,rgb,17,15,16,13,19,1,1
VID52_s15_54_crop,adjacent_samples,rgb,31,15,16,18,20,5,5
VID52_s15_54_crop,adjacent_samples,rgb,17,20,21,19,21,1,1
VID52_s15_54_crop,adjacent_samples,rgb,31,20,21,20,22,5,5
VID52_s15_54_crop,adjacent_samples,rgb,31,23,24,22,25,5,5
VID52_s15_54_crop,adjacent_samples,depth,12,2,3,4,8,5,5
VID52_s15_54_crop,adjacent_samples,depth,12,4,5,8,10,5,5
VID52_s15_54_crop,adjacent_samples,depth,12,9,10,10,14,5,5
VID52_s15_54_crop,adjacent_samples,depth,12,11,12,14,15,5,5
VID52_s15_54_crop,adjacent_samples,depth,12,12,13,15,16,5,5
VID52_s15_54_crop,adjacent_samples,depth,11,13,14,9,17,2,2
VID52_s15_54_crop,adjacent_samples,depth,12,13,14,16,18,5,5
VID52_s15_54_crop,adjacent_samples,depth,8,15,16,13,19,1,1
VID52_s15_54_crop,adjacent_samples,depth,12,15,16,18,20,5,5
VID52_s15_54_crop,adjacent_samples,depth,8,20,21,19,21,1,1
VID52_s15_54_crop,adjacent_samples,depth,12,20,21,20,22,5,5
VID52_s15_54_crop,adjacent_samples,depth,12,23,24,22,25,5,5
VID52_s15_54_crop,adjacent_samples,normal,13,2,3,4,8,5,5
VID52_s15_54_crop,adjacent_samples,normal,13,4,5,8,10,5,5
VID52_s15_54_crop,adjacent_samples,normal,13,9,10,10,14,5,5
VID52_s15_54_crop,adjacent_samples,normal,13,11,12,14,15,5,5
VID52_s15_54_crop,adjacent_samples,normal,13,12,13,15,16,5,5
VID52_s15_54_crop,adjacent_samples,normal,13,13,14,16,18,5,5
VID52_s15_54_crop,adjacent_samples,normal,15,13,14,9,17,2,2
VID52_s15_54_crop,adjacent_samples,normal,10,15,16,13,19,1,1
VID52_s15_54_crop,adjacent_samples,normal,10,20,21,19,21,1,1
VID52_s15_54_crop,adjacent_samples,normal,13,20,21,20,22,5,5
VID52_s15_54_crop,adjacent_samples,normal,13,23,24,22,25,5,5
VID52_s15_134_crop,consecutive_annotated,rgb,26,3,4,4,9,5,5
VID52_s15_134_crop,consecutive_annotated,rgb,28,3,4,1,2,2,2
VID52_s15_134_crop,consecutive_annotated,rgb,26,4,5,9,11,5,5
VID52_s15_134_crop,consecutive_annotated,rgb,9,6,7,1,13,2,2
VID52_s15_134_crop,consecutive_annotated,rgb,26,6,7,11,14,5,5
VID52_s15_134_crop,consecutive_annotated,rgb,26,7,8,14,15,5,5
VID52_s15_134_crop,consecutive_annotated,rgb,26,8,9,15,16,5,5
VID52_s15_134_crop,consecutive_annotated,rgb,23,9,10,12,17,1,1
VID52_s15_134_crop,consecutive_annotated,rgb,26,9,10,16,18,5,5
VID52_s15_134_crop,consecutive_annotated,rgb,26,10,11,18,19,5,5
VID52_s15_134_crop,consecutive_annotated,rgb,23,15,16,17,20,1,1
VID52_s15_134_crop,consecutive_annotated,rgb,26,15,16,19,21,5,5
VID52_s15_134_crop,consecutive_annotated,rgb,26,23,24,21,24,5,5
VID52_s15_134_crop,consecutive_annotated,rgb,26,26,27,24,26,5,5
VID52_s15_134_crop,consecutive_annotated,depth,3,3,4,1,2,2,2
VID52_s15_134_crop,consecutive_annotated,depth,7,3,4,4,9,5,5
VID52_s15_134_crop,consecutive_annotated,depth,7,4,5,9,11,5,5
VID52_s15_134_crop,consecutive_annotated,depth,7,6,7,11,14,5,5
VID52_s15_134_crop,consecutive_annotated,depth,7,7,8,14,15,5,5
VID52_s15_134_crop,consecutive_annotated,depth,7,8,9,15,16,5,5
VID52_s15_134_crop,consecutive_annotated,depth,7,9,10,16,18,5,5
VID52_s15_134_crop,consecutive_annotated,depth,9,9,10,12,17,1,1
VID52_s15_134_crop,consecutive_annotated,depth,7,10,11,18,19,5,5
VID52_s15_134_crop,consecutive_annotated,depth,7,15,16,19,21,5,5
VID52_s15_134_crop,consecutive_annotated,depth,9,15,16,17,20,1,1
VID52_s15_134_crop,consecutive_annotated,depth,7,23,24,21,24,5,5
VID52_s15_134_crop,consecutive_annotated,normal,6,3,4,4,9,5,5
VID52_s15_134_crop,consecutive_annotated,normal,7,3,4,1,2,2,2
VID52_s15_134_crop,consecutive_annotated,normal,6,4,5,9,11,5,5
VID52_s15_134_crop,consecutive_annotated,normal,6,6,7,11,14,5,5
VID52_s15_134_crop,consecutive_annotated,normal,15,6,7,1,13,2,2
VID52_s15_134_crop,consecutive_annotated,normal,6,7,8,14,15,5,5
VID52_s15_134_crop,consecutive_annotated,normal,6,8,9,15,16,5,5
VID52_s15_134_crop,consecutive_annotated,normal,6,9,10,16,18,5,5
VID52_s15_134_crop,consecutive_annotated,normal,6,10,11,18,19,5,5
VID52_s15_134_crop,consecutive_annotated,normal,6,15,16,19,21,5,5
VID52_s15_134_crop,consecutive_annotated,normal,11,15,16,17,20,1,1
VID52_s15_134_crop,consecutive_annotated,normal,6,23,24,21,24,5,5
VID52_s15_134_crop,consecutive_annotated,normal,6,26,27,24,26,5,5
VID52_s15_134_crop,adjacent_samples,rgb,26,3,4,4,9,5,5
VID52_s15_134_crop,adjacent_samples,rgb,28,3,4,1,2,2,2
VID52_s15_134_crop,adjacent_samples,rgb,26,4,5,9,11,5,5
VID52_s15_134_crop,adjacent_samples,rgb,9,6,7,1,13,2,2
VID52_s15_134_crop,adjacent_samples,rgb,26,6,7,11,14,5,5
VID52_s15_134_crop,adjacent_samples,rgb,26,7,8,14,15,5,5
VID52_s15_134_crop,adjacent_samples,rgb,26,8,9,15,16,5,5
VID52_s15_134_crop,adjacent_samples,rgb,23,9,10,12,17,1,1
VID52_s15_134_crop,adjacent_samples,rgb,26,9,10,16,18,5,5
VID52_s15_134_crop,adjacent_samples,rgb,26,10,11,18,19,5,5
VID52_s15_134_crop,adjacent_samples,rgb,23,15,16,17,20,1,1
VID52_s15_134_crop,adjacent_samples,rgb,26,15,16,19,21,5,5
VID52_s15_134_crop,adjacent_samples,rgb,26,23,24,21,24,5,5
VID52_s15_134_crop,adjacent_samples,rgb,26,26,27,24,26,5,5
VID52_s15_134_crop,adjacent_samples,depth,3,3,4,1,2,2,2
VID52_s15_134_crop,adjacent_samples,depth,7,3,4,4,9,5,5
VID52_s15_134_crop,adjacent_samples,depth,7,4,5,9,11,5,5
VID52_s15_134_crop,adjacent_samples,depth,7,6,7,11,14,5,5
VID52_s15_134_crop,adjacent_samples,depth,7,7,8,14,15,5,5
VID52_s15_134_crop,adjacent_samples,depth,7,8,9,15,16,5,5
VID52_s15_134_crop,adjacent_samples,depth,7,9,10,16,18,5,5
VID52_s15_134_crop,adjacent_samples,depth,9,9,10,12,17,1,1
VID52_s15_134_crop,adjacent_samples,depth,7,10,11,18,19,5,5
VID52_s15_134_crop,adjacent_samples,depth,7,15,16,19,21,5,5
VID52_s15_134_crop,adjacent_samples,depth,9,15,16,17,20,1,1
VID52_s15_134_crop,adjacent_samples,depth,7,23,24,21,24,5,5
VID52_s15_134_crop,adjacent_samples,normal,6,3,4,4,9,5,5
VID52_s15_134_crop,adjacent_samples,normal,7,3,4,1,2,2,2
VID52_s15_134_crop,adjacent_samples,normal,6,4,5,9,11,5,5
VID52_s15_134_crop,adjacent_samples,normal,6,6,7,11,14,5,5
VID52_s15_134_crop,adjacent_samples,normal,15,6,7,1,13,2,2
VID52_s15_134_crop,adjacent_samples,normal,6,7,8,14,15,5,5
VID52_s15_134_crop,adjacent_samples,normal,6,8,9,15,16,5,5
VID52_s15_134_crop,adjacent_samples,normal,6,9,10,16,18,5,5
VID52_s15_134_crop,adjacent_samples,normal,6,10,11,18,19,5,5
VID52_s15_134_crop,adjacent_samples,normal,6,15,16,19,21,5,5
VID52_s15_134_crop,adjacent_samples,normal,11,15,16,17,20,1,1
VID52_s15_134_crop,adjacent_samples,normal,6,23,24,21,24,5,5
VID52_s15_134_crop,adjacent_samples,normal,6,26,27,24,26,5,5
VID52_s15_214_crop,consecutive_annotated,rgb,17,1,2,5,9,5,5
VID52_s15_214_crop,consecutive_annotated,rgb,18,1,2,3,8,2,2
VID52_s15_214_crop,consecutive_annotated,rgb,17,2,3,9,12,5,5
VID52_s15_214_crop,consecutive_annotated,rgb,18,2,3,8,11,2,2
VID52_s15_214_crop,consecutive_annotated,rgb,16,4,5,10,13,1,1
VID52_s15_214_crop,consecutive_annotated,rgb,17,4,5,12,14,5,5
VID52_s15_214_crop,consecutive_annotated,rgb,17,10,11,14,15,5,5
VID52_s15_214_crop,consecutive_annotated,rgb,17,12,13,15,16,5,5
VID52_s15_214_crop,consecutive_annotated,rgb,17,18,19,16,19,5,5
VID52_s15_214_crop,consecutive_annotated,rgb,17,21,22,19,21,5,5
VID52_s15_214_crop,consecutive_annotated,rgb,17,22,23,21,23,5,5
VID52_s15_214_crop,consecutive_annotated,depth,6,1,2,5,9,5,5
VID52_s15_214_crop,consecutive_annotated,depth,6,2,3,9,12,5,5
VID52_s15_214_crop,consecutive_annotated,depth,6,4,5,12,14,5,5
VID52_s15_214_crop,consecutive_annotated,depth,8,4,5,10,13,1,1
VID52_s15_214_crop,consecutive_annotated,depth,6,18,19,16,19,5,5
VID52_s15_214_crop,consecutive_annotated,depth,6,21,22,19,21,5,5
VID52_s15_214_crop,consecutive_annotated,depth,6,22,23,21,23,5,5
VID52_s15_214_crop,consecutive_annotated,normal,2,1,2,5,9,5,5
VID52_s15_214_crop,consecutive_annotated,normal,10,1,2,3,8,2,2
VID52_s15_214_crop,consecutive_annotated,normal,2,2,3,9,12,5,5
VID52_s15_214_crop,consecutive_annotated,normal,10,2,3,8,11,2,2
VID52_s15_214_crop,consecutive_annotated,normal,2,4,5,12,14,5,5
VID52_s15_214_crop,consecutive_annotated,normal,2,21,22,19,21,5,5
VID52_s15_214_crop,consecutive_annotated,normal,2,22,23,21,23,5,5
VID52_s15_214_crop,adjacent_samples,rgb,17,1,2,5,9,5,5
VID52_s15_214_crop,adjacent_samples,rgb,18,1,2,3,8,2,2
VID52_s15_214_crop,adjacent_samples,rgb,17,2,3,9,12,5,5
VID52_s15_214_crop,adjacent_samples,rgb,18,2,3,8,11,2,2
VID52_s15_214_crop,adjacent_samples,rgb,16,4,5,10,13,1,1
VID52_s15_214_crop,adjacent_samples,rgb,17,4,5,12,14,5,5
VID52_s15_214_crop,adjacent_samples,rgb,17,10,11,14,15,5,5
VID52_s15_214_crop,adjacent_samples,rgb,17,12,13,15,16,5,5
VID52_s15_214_crop,adjacent_samples,rgb,17,18,19,16,19,5,5
VID52_s15_214_crop,adjacent_samples,rgb,17,21,22,19,21,5,5
VID52_s15_214_crop,adjacent_samples,rgb,17,22,23,21,23,5,5
VID52_s15_214_crop,adjacent_samples,depth,6,1,2,5,9,5,5
VID52_s15_214_crop,adjacent_samples,depth,6,2,3,9,12,5,5
VID52_s15_214_crop,adjacent_samples,depth,6,4,5,12,14,5,5
VID52_s15_214_crop,adjacent_samples,depth,8,4,5,10,13,1,1
VID52_s15_214_crop,adjacent_samples,depth,6,18,19,16,19,5,5
VID52_s15_214_crop,adjacent_samples,depth,6,21,22,19,21,5,5
VID52_s15_214_crop,adjacent_samples,depth,6,22,23,21,23,5,5
VID52_s15_214_crop,adjacent_samples,normal,2,1,2,5,9,5,5
VID52_s15_214_crop,adjacent_samples,normal,10,1,2,3,8,2,2
VID52_s15_214_crop,adjacent_samples,normal,2,2,3,9,12,5,5
VID52_s15_214_crop,adjacent_samples,normal,10,2,3,8,11,2,2
VID52_s15_214_crop,adjacent_samples,normal,2,4,5,12,14,5,5
VID52_s15_214_crop,adjacent_samples,normal,2,21,22,19,21,5,5
VID52_s15_214_crop,adjacent_samples,normal,2,22,23,21,23,5,5
VID52_s15_294_crop,consecutive_annotated,rgb,2,4,5,5,8,5,5
VID52_s15_294_crop,consecutive_annotated,rgb,19,4,5,1,7,1,1
VID52_s15_294_crop,consecutive_annotated,rgb,2,7,8,8,12,5,5
VID52_s15_294_crop,consecutive_annotated,rgb,2,13,14,12,14,5,5
VID52_s15_294_crop,consecutive_annotated,rgb,2,15,16,14,16,5,5
VID52_s15_294_crop,consecutive_annotated,normal,7,4,5,1,7,1,1
VID52_s15_294_crop,adjacent_samples,rgb,2,4,5,5,8,5,5
VID52_s15_294_crop,adjacent_samples,rgb,19,4,5,1,7,1,1
VID52_s15_294_crop,adjacent_samples,rgb,2,7,8,8,12,5,5
VID52_s15_294_crop,adjacent_samples,rgb,2,13,14,12,14,5,5
VID52_s15_294_crop,adjacent_samples,rgb,2,15,16,14,16,5,5
VID52_s15_294_crop,adjacent_samples,normal,7,4,5,1,7,1,1
VID52_s15_2560_crop,consecutive_annotated,rgb,37,13,14,13,18,9,9
VID52_s15_2560_crop,consecutive_annotated,rgb,34,15,16,12,23,5,5
VID52_s15_2560_crop,consecutive_annotated,rgb,19,15,16,7,20,2,5
VID52_s15_2560_crop,consecutive_annotated,rgb,34,16,17,23,26,5,5
VID52_s15_2560_crop,consecutive_annotated,rgb,35,16,17,9,25,4,4
VID52_s15_2560_crop,consecutive_annotated,rgb,33,19,20,16,6,2,2
VID52_s15_2560_crop,consecutive_annotated,rgb,37,19,20,18,30,9,9
VID52_s15_2560_crop,consecutive_annotated,rgb,37,21,22,30,33,9,9
VID52_s15_2560_crop,consecutive_annotated,rgb,37,26,27,33,38,9,9
VID52_s15_2560_crop,consecutive_annotated,depth,12,13,14,13,18,9,9
VID52_s15_2560_crop,consecutive_annotated,depth,13,14,15,17,20,5,5
VID52_s15_2560_crop,consecutive_annotated,depth,10,15,16,12,23,5,5
VID52_s15_2560_crop,consecutive_annotated,depth,10,16,17,23,26,5,5
VID52_s15_2560_crop,consecutive_annotated,depth,13,16,17,20,27,5,5
VID52_s15_2560_crop,consecutive_annotated,depth,12,19,20,18,30,9,9
VID52_s15_2560_crop,consecutive_annotated,depth,12,21,22,30,33,9,9
VID52_s15_2560_crop,consecutive_annotated,depth,12,26,27,33,38,9,9
VID52_s15_2560_crop,consecutive_annotated,normal,21,14,15,17,20,5,5
VID52_s15_2560_crop,consecutive_annotated,normal,21,16,17,20,27,5,5
VID52_s15_2560_crop,adjacent_samples,rgb,37,13,14,13,18,9,9
VID52_s15_2560_crop,adjacent_samples,rgb,34,15,16,12,23,5,5
VID52_s15_2560_crop,adjacent_samples,rgb,19,15,16,7,20,2,5
VID52_s15_2560_crop,adjacent_samples,rgb,34,16,17,23,26,5,5
VID52_s15_2560_crop,adjacent_samples,rgb,35,16,17,9,25,4,4
VID52_s15_2560_crop,adjacent_samples,rgb,33,19,20,16,6,2,2
VID52_s15_2560_crop,adjacent_samples,rgb,37,19,20,18,30,9,9
VID52_s15_2560_crop,adjacent_samples,rgb,37,21,22,30,33,9,9
VID52_s15_2560_crop,adjacent_samples,rgb,37,26,27,33,38,9,9
VID52_s15_2560_crop,adjacent_samples,depth,12,13,14,13,18,9,9
VID52_s15_2560_crop,adjacent_samples,depth,13,14,15,17,20,5,5
VID52_s15_2560_crop,adjacent_samples,depth,10,15,16,12,23,5,5
VID52_s15_2560_crop,adjacent_samples,depth,10,16,17,23,26,5,5
VID52_s15_2560_crop,adjacent_samples,depth,13,16,17,20,27,5,5
VID52_s15_2560_crop,adjacent_samples,depth,12,19,20,18,30,9,9
VID52_s15_2560_crop,adjacent_samples,depth,12,21,22,30,33,9,9
VID52_s15_2560_crop,adjacent_samples,depth,12,26,27,33,38,9,9
VID52_s15_2560_crop,adjacent_samples,normal,21,14,15,17,20,5,5
VID52_s15_2560_crop,adjacent_samples,normal,21,16,17,20,27,5,5
VID52_s15_2640_crop,consecutive_annotated,rgb,8,8,9,12,15,9,9
VID52_s15_2640_crop,consecutive_annotated,rgb,35,9,10,14,19,5,5
VID52_s15_2640_crop,consecutive_annotated,rgb,8,9,10,15,20,9,9
VID52_s15_2640_crop,consecutive_annotated,rgb,41,9,10,7,17,2,2
VID52_s15_2640_crop,consecutive_annotated,rgb,33,10,11,11,23,5,5
VID52_s15_2640_crop,consecutive_annotated,rgb,35,10,11,19,24,5,5
VID52_s15_2640_crop,consecutive_annotated,rgb,8,13,14,20,25,9,9
VID52_s15_2640_crop,consecutive_annotated,rgb,8,14,15,25,27,9,9
VID52_s15_2640_crop,consecutive_annotated,rgb,27,14,15,13,28,10,10
VID52_s15_2640_crop,consecutive_annotated,rgb,33,15,16,23,26,5,1
VID52_s15_2640_crop,consecutive_annotated,rgb,33,16,17,26,23,1,5
VID52_s15_2640_crop,consecutive_annotated,rgb,8,16,17,27,29,9,9
VID52_s15_2640_crop,consecutive_annotated,rgb,33,17,18,23,31,5,5
VID52_s15_2640_crop,consecutive_annotated,rgb,8,17,18,29,32,9,9
VID52_s15_2640_crop,consecutive_annotated,rgb,8,18,19,32,34,9,9
VID52_s15_2640_crop,consecutive_annotated,rgb,8,21,22,34,36,9,9
VID52_s15_2640_crop,consecutive_annotated,rgb,39,22,23,9,37,4,4
VID52_s15_2640_crop,consecutive_annotated,depth,10,8,9,12,15,9,9
VID52_s15_2640_crop,consecutive_annotated,depth,10,9,10,15,20,9,9
VID52_s15_2640_crop,consecutive_annotated,depth,14,9,10,14,19,5,5
VID52_s15_2640_crop,consecutive_annotated,depth,16,9,10,7,17,2,2
VID52_s15_2640_crop,consecutive_annotated,depth,14,10,11,19,24,5,5
VID52_s15_2640_crop,consecutive_annotated,depth,10,13,14,20,25,9,9
VID52_s15_2640_crop,consecutive_annotated,depth,10,14,15,25,27,9,9
VID52_s15_2640_crop,consecutive_annotated,depth,10,16,17,27,29,9,9
VID52_s15_2640_crop,consecutive_annotated,depth,10,17,18,29,32,9,9
VID52_s15_2640_crop,consecutive_annotated,depth,10,18,19,32,34,9,9
VID52_s15_2640_crop,consecutive_annotated,depth,10,21,22,34,36,9,9
VID52_s15_2640_crop,consecutive_annotated,normal,14,8,9,4,2,1,1
VID52_s15_2640_crop,consecutive_annotated,normal,4,9,10,7,17,2,2
VID52_s15_2640_crop,consecutive_annotated,normal,13,9,10,14,19,5,5
VID52_s15_2640_crop,consecutive_annotated,normal,13,10,11,19,24,5,5
VID52_s15_2640_crop,adjacent_samples,rgb,8,8,9,12,15,9,9
VID52_s15_2640_crop,adjacent_samples,rgb,35,9,10,14,19,5,5
VID52_s15_2640_crop,adjacent_samples,rgb,8,9,10,15,20,9,9
VID52_s15_2640_crop,adjacent_samples,rgb,41,9,10,7,17,2,2
VID52_s15_2640_crop,adjacent_samples,rgb,33,10,11,11,23,5,5
VID52_s15_2640_crop,adjacent_samples,rgb,35,10,11,19,24,5,5
VID52_s15_2640_crop,adjacent_samples,rgb,8,13,14,20,25,9,9
VID52_s15_2640_crop,adjacent_samples,rgb,8,14,15,25,27,9,9
VID52_s15_2640_crop,adjacent_samples,rgb,27,14,15,13,28,10,10
VID52_s15_2640_crop,adjacent_samples,rgb,33,15,16,23,26,5,1
VID52_s15_2640_crop,adjacent_samples,rgb,33,16,17,26,23,1,5
VID52_s15_2640_crop,adjacent_samples,rgb,8,16,17,27,29,9,9
VID52_s15_2640_crop,adjacent_samples,rgb,33,17,18,23,31,5,5
VID52_s15_2640_crop,adjacent_samples,rgb,8,17,18,29,32,9,9
VID52_s15_2640_crop,adjacent_samples,rgb,8,18,19,32,34,9,9
VID52_s15_2640_crop,adjacent_samples,rgb,8,21,22,34,36,9,9
VID52_s15_2640_crop,adjacent_samples,rgb,39,22,23,9,37,4,4
VID52_s15_2640_crop,adjacent_samples,depth,10,8,9,12,15,9,9
VID52_s15_2640_crop,adjacent_samples,depth,10,9,10,15,20,9,9
VID52_s15_2640_crop,adjacent_samples,depth,14,9,10,14,19,5,5
VID52_s15_2640_crop,adjacent_samples,depth,16,9,10,7,17,2,2
VID52_s15_2640_crop,adjacent_samples,depth,14,10,11,19,24,5,5
VID52_s15_2640_crop,adjacent_samples,depth,10,13,14,20,25,9,9
VID52_s15_2640_crop,adjacent_samples,depth,10,14,15,25,27,9,9
VID52_s15_2640_crop,adjacent_samples,depth,10,16,17,27,29,9,9
VID52_s15_2640_crop,adjacent_samples,depth,10,17,18,29,32,9,9
VID52_s15_2640_crop,adjacent_samples,depth,10,18,19,32,34,9,9
VID52_s15_2640_crop,adjacent_samples,depth,10,21,22,34,36,9,9
VID52_s15_2640_crop,adjacent_samples,normal,14,8,9,4,2,1,1
VID52_s15_2640_crop,adjacent_samples,normal,4,9,10,7,17,2,2
VID52_s15_2640_crop,adjacent_samples,normal,13,9,10,14,19,5,5
VID52_s15_2640_crop,adjacent_samples,normal,13,10,11,19,24,5,5
VID52_s15_2720_crop,consecutive_annotated,rgb,45,2,3,12,18,9,9
VID52_s15_2720_crop,consecutive_annotated,rgb,17,3,4,5,16,2,2
VID52_s15_2720_crop,consecutive_annotated,rgb,39,4,5,11,24,5,5
VID52_s15_2720_crop,consecutive_annotated,rgb,44,4,5,19,25,5,5
VID52_s15_2720_crop,consecutive_annotated,rgb,35,5,6,22,6,2,2
VID52_s15_2720_crop,consecutive_annotated,rgb,36,5,6,6,26,2,2
VID52_s15_2720_crop,consecutive_annotated,rgb,39,5,6,24,28,5,5
VID52_s15_2720_crop,consecutive_annotated,rgb,44,5,6,25,29,5,5
VID52_s15_2720_crop,consecutive_annotated,rgb,45,5,6,18,30,9,9
VID52_s15_2720_crop,consecutive_annotated,rgb,45,8,9,30,34,9,9
VID52_s15_2720_crop,consecutive_annotated,rgb,17,8,9,21,16,2,2
VID52_s15_2720_crop,consecutive_annotated,rgb,22,10,11,13,35,10,10
VID52_s15_2720_crop,consecutive_annotated,rgb,39,12,13,36,38,5,5
VID52_s15_2720_crop,consecutive_annotated,rgb,45,12,13,34,39,9,9
VID52_s15_2720_crop,consecutive_annotated,rgb,15,12,13,32,37,1,1
VID52_s15_2720_crop,consecutive_annotated,rgb,15,13,14,37,32,1,1
VID52_s15_2720_crop,consecutive_annotated,rgb,45,16,17,39,43,9,9
VID52_s15_2720_crop,consecutive_annotated,depth,13,2,3,12,18,9,9
VID52_s15_2720_crop,consecutive_annotated,depth,16,3,4,5,16,2,2
VID52_s15_2720_crop,consecutive_annotated,depth,17,4,5,19,25,5,5
VID52_s15_2720_crop,consecutive_annotated,depth,13,5,6,18,30,9,9
VID52_s15_2720_crop,consecutive_annotated,depth,17,5,6,25,29,5,5
VID52_s15_2720_crop,consecutive_annotated,depth,13,8,9,30,34,9,9
VID52_s15_2720_crop,consecutive_annotated,depth,16,8,9,21,16,2,2
VID52_s15_2720_crop,consecutive_annotated,depth,13,12,13,34,39,9,9
VID52_s15_2720_crop,consecutive_annotated,depth,13,16,17,39,43,9,9
VID52_s15_2720_crop,consecutive_annotated,normal,11,2,3,12,18,9,9
VID52_s15_2720_crop,consecutive_annotated,normal,13,3,4,5,16,2,2
VID52_s15_2720_crop,consecutive_annotated,normal,19,4,5,19,25,5,5
VID52_s15_2720_crop,consecutive_annotated,normal,11,5,6,18,30,9,9
VID52_s15_2720_crop,consecutive_annotated,normal,19,5,6,25,29,5,5
VID52_s15_2720_crop,consecutive_annotated,normal,20,5,6,6,26,2,2
VID52_s15_2720_crop,consecutive_annotated,normal,11,8,9,30,34,9,9
VID52_s15_2720_crop,consecutive_annotated,normal,11,12,13,34,39,9,9
VID52_s15_2720_crop,consecutive_annotated,normal,11,16,17,39,43,9,9
VID52_s15_2720_crop,adjacent_samples,rgb,45,2,3,12,18,9,9
VID52_s15_2720_crop,adjacent_samples,rgb,17,3,4,5,16,2,2
VID52_s15_2720_crop,adjacent_samples,rgb,39,4,5,11,24,5,5
VID52_s15_2720_crop,adjacent_samples,rgb,44,4,5,19,25,5,5
VID52_s15_2720_crop,adjacent_samples,rgb,35,5,6,22,6,2,2
VID52_s15_2720_crop,adjacent_samples,rgb,36,5,6,6,26,2,2
VID52_s15_2720_crop,adjacent_samples,rgb,39,5,6,24,28,5,5
VID52_s15_2720_crop,adjacent_samples,rgb,44,5,6,25,29,5,5
VID52_s15_2720_crop,adjacent_samples,rgb,45,5,6,18,30,9,9
VID52_s15_2720_crop,adjacent_samples,rgb,45,8,9,30,34,9,9
VID52_s15_2720_crop,adjacent_samples,rgb,17,8,9,21,16,2,2
VID52_s15_2720_crop,adjacent_samples,rgb,22,10,11,13,35,10,10
VID52_s15_2720_crop,adjacent_samples,rgb,39,12,13,36,38,5,5
VID52_s15_2720_crop,adjacent_samples,rgb,45,12,13,34,39,9,9
VID52_s15_2720_crop,adjacent_samples,rgb,15,12,13,32,37,1,1
VID52_s15_2720_crop,adjacent_samples,rgb,15,13,14,37,32,1,1
VID52_s15_2720_crop,adjacent_samples,rgb,45,16,17,39,43,9,9
VID52_s15_2720_crop,adjacent_samples,depth,13,2,3,12,18,9,9
VID52_s15_2720_crop,adjacent_samples,depth,16,3,4,5,16,2,2
VID52_s15_2720_crop,adjacent_samples,depth,17,4,5,19,25,5,5
VID52_s15_2720_crop,adjacent_samples,depth,13,5,6,18,30,9,9
VID52_s15_2720_crop,adjacent_samples,depth,17,5,6,25,29,5,5
VID52_s15_2720_crop,adjacent_samples,depth,13,8,9,30,34,9,9
VID52_s15_2720_crop,adjacent_samples,depth,16,8,9,21,16,2,2
VID52_s15_2720_crop,adjacent_samples,depth,13,12,13,34,39,9,9
VID52_s15_2720_crop,adjacent_samples,depth,13,16,17,39,43,9,9
VID52_s15_2720_crop,adjacent_samples,normal,11,2,3,12,18,9,9
VID52_s15_2720_crop,adjacent_samples,normal,13,3,4,5,16,2,2
VID52_s15_2720_crop,adjacent_samples,normal,19,4,5,19,25,5,5
VID52_s15_2720_crop,adjacent_samples,normal,11,5,6,18,30,9,9
VID52_s15_2720_crop,adjacent_samples,normal,19,5,6,25,29,5,5
VID52_s15_2720_crop,adjacent_samples,normal,20,5,6,6,26,2,2
VID52_s15_2720_crop,adjacent_samples,normal,11,8,9,30,34,9,9
VID52_s15_2720_crop,adjacent_samples,normal,11,12,13,34,39,9,9
VID52_s15_2720_crop,adjacent_samples,normal,11,16,17,39,43,9,9
VID55_s15_322_crop,consecutive_annotated,rgb,29,14,15,15,18,9,9
VID55_s15_322_crop,consecutive_annotated,rgb,29,15,16,18,24,9,9
VID55_s15_322_crop,consecutive_annotated,rgb,28,15,16,11,23,5,5
VID55_s15_322_crop,consecutive_annotated,rgb,19,22,23,39,42,2,1
VID55_s15_322_crop,consecutive_annotated,depth,8,27,28,24,4,9,2
VID55_s15_322_crop,adjacent_samples,rgb,29,14,15,15,18,9,9
VID55_s15_322_crop,adjacent_samples,rgb,29,15,16,18,24,9,9
VID55_s15_322_crop,adjacent_samples,rgb,28,15,16,11,23,5,5
VID55_s15_322_crop,adjacent_samples,rgb,19,22,23,39,42,2,1
VID55_s15_322_crop,adjacent_samples,depth,8,27,28,24,4,9,2
VID55_s15_402_crop,consecutive_annotated,rgb,32,8,9,7,13,4,4
VID55_s15_402_crop,consecutive_annotated,rgb,39,8,9,0,14,1,9
VID55_s15_402_crop,consecutive_annotated,rgb,12,10,11,9,20,5,5
VID55_s15_402_crop,consecutive_annotated,rgb,32,11,12,19,24,4,4
VID55_s15_402_crop,consecutive_annotated,rgb,15,13,14,4,30,3,10
VID55_s15_402_crop,consecutive_annotated,rgb,7,14,15,27,6,2,4
VID55_s15_402_crop,consecutive_annotated,rgb,15,14,15,30,31,10,3
VID55_s15_402_crop,consecutive_annotated,rgb,32,15,16,24,34,4,4
VID55_s15_402_crop,consecutive_annotated,rgb,7,15,16,6,33,4,2
VID55_s15_402_crop,consecutive_annotated,rgb,35,16,17,18,36,2,1
VID55_s15_402_crop,consecutive_annotated,depth,15,10,11,9,20,5,5
VID55_s15_402_crop,consecutive_annotated,depth,8,13,14,4,30,3,10
VID55_s15_402_crop,consecutive_annotated,depth,8,14,15,30,31,10,3
VID55_s15_402_crop,consecutive_annotated,depth,10,14,15,27,6,2,4
VID55_s15_402_crop,consecutive_annotated,depth,10,15,16,6,33,4,2
VID55_s15_402_crop,consecutive_annotated,normal,9,13,14,4,30,3,10
VID55_s15_402_crop,consecutive_annotated,normal,9,14,15,30,31,10,3
VID55_s15_402_crop,adjacent_samples,rgb,32,8,9,7,13,4,4
VID55_s15_402_crop,adjacent_samples,rgb,39,8,9,0,14,1,9
VID55_s15_402_crop,adjacent_samples,rgb,12,10,11,9,20,5,5
VID55_s15_402_crop,adjacent_samples,rgb,32,11,12,19,24,4,4
VID55_s15_402_crop,adjacent_samples,rgb,15,13,14,4,30,3,10
VID55_s15_402_crop,adjacent_samples,rgb,7,14,15,27,6,2,4
VID55_s15_402_crop,adjacent_samples,rgb,15,14,15,30,31,10,3
VID55_s15_402_crop,adjacent_samples,rgb,32,15,16,24,34,4,4
VID55_s15_402_crop,adjacent_samples,rgb,7,15,16,6,33,4,2
VID55_s15_402_crop,adjacent_samples,rgb,35,16,17,18,36,2,1
VID55_s15_402_crop,adjacent_samples,depth,15,10,11,9,20,5,5
VID55_s15_402_crop,adjacent_samples,depth,8,13,14,4,30,3,10
VID55_s15_402_crop,adjacent_samples,depth,8,14,15,30,31,10,3
VID55_s15_402_crop,adjacent_samples,depth,10,14,15,27,6,2,4
VID55_s15_402_crop,adjacent_samples,depth,10,15,16,6,33,4,2
VID55_s15_402_crop,adjacent_samples,normal,9,13,14,4,30,3,10
VID55_s15_402_crop,adjacent_samples,normal,9,14,15,30,31,10,3
VID55_s15_482_crop,consecutive_annotated,rgb,41,5,6,15,24,9,9
VID55_s15_482_crop,consecutive_annotated,rgb,38,6,7,10,30,5,5
VID55_s15_482_crop,consecutive_annotated,rgb,11,6,7,22,23,4,4
VID55_s15_482_crop,consecutive_annotated,rgb,27,11,12,21,40,2,1
VID55_s15_482_crop,consecutive_annotated,depth,16,5,6,15,24,9,9
VID55_s15_482_crop,consecutive_annotated,depth,14,6,7,10,30,5,5
VID55_s15_482_crop,consecutive_annotated,normal,3,5,6,15,24,9,9
VID55_s15_482_crop,adjacent_samples,rgb,41,5,6,15,24,9,9
VID55_s15_482_crop,adjacent_samples,rgb,38,6,7,10,30,5,5
VID55_s15_482_crop,adjacent_samples,rgb,11,6,7,22,23,4,4
VID55_s15_482_crop,adjacent_samples,rgb,27,11,12,21,40,2,1
VID55_s15_482_crop,adjacent_samples,depth,16,5,6,15,24,9,9
VID55_s15_482_crop,adjacent_samples,depth,14,6,7,10,30,5,5
VID55_s15_482_crop,adjacent_samples,normal,3,5,6,15,24,9,9
