window_id,subset,link,modality,metric,value
W000,all,adjacent_samples,depth,class_switch_rate,0.011363636363636364
W000,all,adjacent_samples,depth,fragmentation_ge2,0.0
W000,all,adjacent_samples,depth,fragmentation_mean,1.0
W000,all,adjacent_samples,depth,gt_tracks_matched,17.0
W000,all,adjacent_samples,depth,id_switch_rate,0.022727272727272728
W000,all,adjacent_samples,depth,matched_pairs,88.0
W000,all,adjacent_samples,depth,reappear_events_judged,2.0
W000,all,adjacent_samples,depth,reappear_same_class,1.0
W000,all,adjacent_samples,depth,reappear_same_gt,0.0
W000,all,adjacent_samples,depth,reappearance_rate,0.375
W000,all,adjacent_samples,depth,seeded_regions,8.0
W000,all,adjacent_samples,depth,survival_backward,0.875
W000,all,adjacent_samples,depth,survival_forward,1.0
W000,all,adjacent_samples,normal,class_switch_rate,0.00909090909090909
W000,all,adjacent_samples,normal,fragmentation_ge2,0.045454545454545456
W000,all,adjacent_samples,normal,fragmentation_mean,1.0454545454545454
W000,all,adjacent_samples,normal,gt_tracks_matched,22.0
W000,all,adjacent_samples,normal,id_switch_rate,0.02727272727272727
W000,all,adjacent_samples,normal,matched_pairs,110.0
W000,all,adjacent_samples,normal,reappear_events_judged,2.0
W000,all,adjacent_samples,normal,reappear_same_class,1.0
W000,all,adjacent_samples,normal,reappear_same_gt,0.0
W000,all,adjacent_samples,normal,reappearance_rate,0.38461538461538464
W000,all,adjacent_samples,normal,seeded_regions,13.0
W000,all,adjacent_samples,normal,survival_backward,0.8153846153846154
W000,all,adjacent_samples,normal,survival_forward,0.9780219780219781
W000,all,adjacent_samples,rgb,class_switch_rate,0.0
W000,all,adjacent_samples,rgb,fragmentation_ge2,0.0
W000,all,adjacent_samples,rgb,fragmentation_mean,1.0
W000,all,adjacent_samples,rgb,gt_tracks_matched,14.0
W000,all,adjacent_samples,rgb,id_switch_rate,0.0625
W000,all,adjacent_samples,rgb,matched_pairs,48.0
W000,all,adjacent_samples,rgb,reappear_events_judged,2.0
W000,all,adjacent_samples,rgb,reappear_same_class,1.0
W000,all,adjacent_samples,rgb,reappear_same_gt,0.0
W000,all,adjacent_samples,rgb,reappearance_rate,0.36363636363636365
W000,all,adjacent_samples,rgb,seeded_regions,11.0
W000,all,adjacent_samples,rgb,survival_backward,0.6727272727272727
W000,all,adjacent_samples,rgb,survival_forward,0.9805194805194806
W000,all,consecutive_annotated,depth,class_switch_rate,0.010638297872340425
W000,all,consecutive_annotated,depth,fragmentation_ge2,0.0
W000,all,consecutive_annotated,depth,fragmentation_mean,1.0
W000,all,consecutive_annotated,depth,gt_tracks_matched,11.0
W000,all,consecutive_annotated,depth,id_switch_rate,0.02127659574468085
W000,all,consecutive_annotated,depth,matched_pairs,94.0
W000,all,consecutive_annotated,depth,reappear_events_judged,2.0
W000,all,consecutive_annotated,depth,reappear_same_class,1.0
W000,all,consecutive_annotated,depth,reappear_same_gt,0.0
W000,all,consecutive_annotated,depth,reappearance_rate,0.375
W000,all,consecutive_annotated,depth,seeded_regions,8.0
W000,all,consecutive_annotated,depth,survival_backward,0.875
W000,all,consecutive_annotated,depth,survival_forward,1.0
W000,all,consecutive_annotated,normal,class_switch_rate,0.00847457627118644
W000,all,consecutive_annotated,normal,fragmentation_ge2,0.07142857142857142
W000,all,consecutive_annotated,normal,fragmentation_mean,1.0714285714285714
W000,all,consecutive_annotated,normal,gt_tracks_matched,14.0
W000,all,consecutive_annotated,normal,id_switch_rate,0.025423728813559324
W000,all,consecutive_annotated,normal,matched_pairs,118.0
W000,all,consecutive_annotated,normal,reappear_events_judged,2.0
W000,all,consecutive_annotated,normal,reappear_same_class,1.0
W000,all,consecutive_annotated,normal,reappear_same_gt,0.0
W000,all,consecutive_annotated,normal,reappearance_rate,0.38461538461538464
W000,all,consecutive_annotated,normal,seeded_regions,13.0
W000,all,consecutive_annotated,normal,survival_backward,0.8153846153846154
W000,all,consecutive_annotated,normal,survival_forward,0.9780219780219781
W000,all,consecutive_annotated,rgb,class_switch_rate,0.0
W000,all,consecutive_annotated,rgb,fragmentation_ge2,0.0
W000,all,consecutive_annotated,rgb,fragmentation_mean,1.0
W000,all,consecutive_annotated,rgb,gt_tracks_matched,10.0
W000,all,consecutive_annotated,rgb,id_switch_rate,0.06
W000,all,consecutive_annotated,rgb,matched_pairs,50.0
W000,all,consecutive_annotated,rgb,reappear_events_judged,2.0
W000,all,consecutive_annotated,rgb,reappear_same_class,1.0
W000,all,consecutive_annotated,rgb,reappear_same_gt,0.0
W000,all,consecutive_annotated,rgb,reappearance_rate,0.36363636363636365
W000,all,consecutive_annotated,rgb,seeded_regions,11.0
W000,all,consecutive_annotated,rgb,survival_backward,0.6727272727272727
W000,all,consecutive_annotated,rgb,survival_forward,0.9805194805194806
W000,frames_in_order,adjacent_samples,depth,class_switch_rate,0.011363636363636364
W000,frames_in_order,adjacent_samples,depth,fragmentation_ge2,0.0
W000,frames_in_order,adjacent_samples,depth,fragmentation_mean,1.0
W000,frames_in_order,adjacent_samples,depth,gt_tracks_matched,17.0
W000,frames_in_order,adjacent_samples,depth,id_switch_rate,0.022727272727272728
W000,frames_in_order,adjacent_samples,depth,matched_pairs,88.0
W000,frames_in_order,adjacent_samples,depth,reappear_events_judged,2.0
W000,frames_in_order,adjacent_samples,depth,reappear_same_class,1.0
W000,frames_in_order,adjacent_samples,depth,reappear_same_gt,0.0
W000,frames_in_order,adjacent_samples,depth,reappearance_rate,0.375
W000,frames_in_order,adjacent_samples,depth,seeded_regions,8.0
W000,frames_in_order,adjacent_samples,depth,survival_backward,0.875
W000,frames_in_order,adjacent_samples,depth,survival_forward,1.0
W000,frames_in_order,adjacent_samples,normal,class_switch_rate,0.00909090909090909
W000,frames_in_order,adjacent_samples,normal,fragmentation_ge2,0.045454545454545456
W000,frames_in_order,adjacent_samples,normal,fragmentation_mean,1.0454545454545454
W000,frames_in_order,adjacent_samples,normal,gt_tracks_matched,22.0
W000,frames_in_order,adjacent_samples,normal,id_switch_rate,0.02727272727272727
W000,frames_in_order,adjacent_samples,normal,matched_pairs,110.0
W000,frames_in_order,adjacent_samples,normal,reappear_events_judged,2.0
W000,frames_in_order,adjacent_samples,normal,reappear_same_class,1.0
W000,frames_in_order,adjacent_samples,normal,reappear_same_gt,0.0
W000,frames_in_order,adjacent_samples,normal,reappearance_rate,0.38461538461538464
W000,frames_in_order,adjacent_samples,normal,seeded_regions,13.0
W000,frames_in_order,adjacent_samples,normal,survival_backward,0.8153846153846154
W000,frames_in_order,adjacent_samples,normal,survival_forward,0.9780219780219781
W000,frames_in_order,adjacent_samples,rgb,class_switch_rate,0.0
W000,frames_in_order,adjacent_samples,rgb,fragmentation_ge2,0.0
W000,frames_in_order,adjacent_samples,rgb,fragmentation_mean,1.0
W000,frames_in_order,adjacent_samples,rgb,gt_tracks_matched,14.0
W000,frames_in_order,adjacent_samples,rgb,id_switch_rate,0.0625
W000,frames_in_order,adjacent_samples,rgb,matched_pairs,48.0
W000,frames_in_order,adjacent_samples,rgb,reappear_events_judged,2.0
W000,frames_in_order,adjacent_samples,rgb,reappear_same_class,1.0
W000,frames_in_order,adjacent_samples,rgb,reappear_same_gt,0.0
W000,frames_in_order,adjacent_samples,rgb,reappearance_rate,0.36363636363636365
W000,frames_in_order,adjacent_samples,rgb,seeded_regions,11.0
W000,frames_in_order,adjacent_samples,rgb,survival_backward,0.6727272727272727
W000,frames_in_order,adjacent_samples,rgb,survival_forward,0.9805194805194806
W000,frames_in_order,consecutive_annotated,depth,class_switch_rate,0.010638297872340425
W000,frames_in_order,consecutive_annotated,depth,fragmentation_ge2,0.0
W000,frames_in_order,consecutive_annotated,depth,fragmentation_mean,1.0
W000,frames_in_order,consecutive_annotated,depth,gt_tracks_matched,11.0
W000,frames_in_order,consecutive_annotated,depth,id_switch_rate,0.02127659574468085
W000,frames_in_order,consecutive_annotated,depth,matched_pairs,94.0
W000,frames_in_order,consecutive_annotated,depth,reappear_events_judged,2.0
W000,frames_in_order,consecutive_annotated,depth,reappear_same_class,1.0
W000,frames_in_order,consecutive_annotated,depth,reappear_same_gt,0.0
W000,frames_in_order,consecutive_annotated,depth,reappearance_rate,0.375
W000,frames_in_order,consecutive_annotated,depth,seeded_regions,8.0
W000,frames_in_order,consecutive_annotated,depth,survival_backward,0.875
W000,frames_in_order,consecutive_annotated,depth,survival_forward,1.0
W000,frames_in_order,consecutive_annotated,normal,class_switch_rate,0.00847457627118644
W000,frames_in_order,consecutive_annotated,normal,fragmentation_ge2,0.07142857142857142
W000,frames_in_order,consecutive_annotated,normal,fragmentation_mean,1.0714285714285714
W000,frames_in_order,consecutive_annotated,normal,gt_tracks_matched,14.0
W000,frames_in_order,consecutive_annotated,normal,id_switch_rate,0.025423728813559324
W000,frames_in_order,consecutive_annotated,normal,matched_pairs,118.0
W000,frames_in_order,consecutive_annotated,normal,reappear_events_judged,2.0
W000,frames_in_order,consecutive_annotated,normal,reappear_same_class,1.0
W000,frames_in_order,consecutive_annotated,normal,reappear_same_gt,0.0
W000,frames_in_order,consecutive_annotated,normal,reappearance_rate,0.38461538461538464
W000,frames_in_order,consecutive_annotated,normal,seeded_regions,13.0
W000,frames_in_order,consecutive_annotated,normal,survival_backward,0.8153846153846154
W000,frames_in_order,consecutive_annotated,normal,survival_forward,0.9780219780219781
W000,frames_in_order,consecutive_annotated,rgb,class_switch_rate,0.0
W000,frames_in_order,consecutive_annotated,rgb,fragmentation_ge2,0.0
W000,frames_in_order,consecutive_annotated,rgb,fragmentation_mean,1.0
W000,frames_in_order,consecutive_annotated,rgb,gt_tracks_matched,10.0
W000,frames_in_order,consecutive_annotated,rgb,id_switch_rate,0.06
W000,frames_in_order,consecutive_annotated,rgb,matched_pairs,50.0
W000,frames_in_order,consecutive_annotated,rgb,reappear_events_judged,2.0
W000,frames_in_order,consecutive_annotated,rgb,reappear_same_class,1.0
W000,frames_in_order,consecutive_annotated,rgb,reappear_same_gt,0.0
W000,frames_in_order,consecutive_annotated,rgb,reappearance_rate,0.36363636363636365
W000,frames_in_order,consecutive_annotated,rgb,seeded_regions,11.0
W000,frames_in_order,consecutive_annotated,rgb,survival_backward,0.6727272727272727
W000,frames_in_order,consecutive_annotated,rgb,survival_forward,0.9805194805194806
W001,all,adjacent_samples,depth,class_switch_rate,0.0
W001,all,adjacent_samples,depth,fragmentation_ge2,0.07692307692307693
W001,all,adjacent_samples,depth,fragmentation_mean,1.0769230769230769
W001,all,adjacent_samples,depth,gt_tracks_matched,13.0
W001,all,adjacent_samples,depth,id_switch_rate,0.034482758620689655
W001,all,adjacent_samples,depth,matched_pairs,58.0
W001,all,adjacent_samples,depth,reappear_events_judged,0.0
W001,all,adjacent_samples,depth,reappear_same_class,
W001,all,adjacent_samples,depth,reappear_same_gt,
W001,all,adjacent_samples,depth,reappearance_rate,0.1111111111111111
W001,all,adjacent_samples,depth,seeded_regions,9.0
W001,all,adjacent_samples,depth,survival_backward,0.9703703703703704
W001,all,adjacent_samples,depth,survival_forward,0.9444444444444444
W001,all,adjacent_samples,normal,class_switch_rate,0.0
W001,all,adjacent_samples,normal,fragmentation_ge2,0.05555555555555555
W001,all,adjacent_samples,normal,fragmentation_mean,1.0555555555555556
W001,all,adjacent_samples,normal,gt_tracks_matched,18.0
W001,all,adjacent_samples,normal,id_switch_rate,0.0136986301369863
W001,all,adjacent_samples,normal,matched_pairs,73.0
W001,all,adjacent_samples,normal,reappear_events_judged,0.0
W001,all,adjacent_samples,normal,reappear_same_class,
W001,all,adjacent_samples,normal,reappear_same_gt,
W001,all,adjacent_samples,normal,reappearance_rate,0.15384615384615385
W001,all,adjacent_samples,normal,seeded_regions,13.0
W001,all,adjacent_samples,normal,survival_backward,0.9743589743589745
W001,all,adjacent_samples,normal,survival_forward,0.9175824175824177
W001,all,adjacent_samples,rgb,class_switch_rate,0.0
W001,all,adjacent_samples,rgb,fragmentation_ge2,0.0
W001,all,adjacent_samples,rgb,fragmentation_mean,1.0
W001,all,adjacent_samples,rgb,gt_tracks_matched,17.0
W001,all,adjacent_samples,rgb,id_switch_rate,0.0136986301369863
W001,all,adjacent_samples,rgb,matched_pairs,73.0
W001,all,adjacent_samples,rgb,reappear_events_judged,0.0
W001,all,adjacent_samples,rgb,reappear_same_class,
W001,all,adjacent_samples,rgb,reappear_same_gt,
W001,all,adjacent_samples,rgb,reappearance_rate,0.23076923076923078
W001,all,adjacent_samples,rgb,seeded_regions,13.0
W001,all,adjacent_samples,rgb,survival_backward,0.9230769230769231
W001,all,adjacent_samples,rgb,survival_forward,0.8296703296703296
W001,all,consecutive_annotated,depth,class_switch_rate,0.0
W001,all,consecutive_annotated,depth,fragmentation_ge2,0.14285714285714285
W001,all,consecutive_annotated,depth,fragmentation_mean,1.1428571428571428
W001,all,consecutive_annotated,depth,gt_tracks_matched,7.0
W001,all,consecutive_annotated,depth,id_switch_rate,0.03125
W001,all,consecutive_annotated,depth,matched_pairs,64.0
W001,all,consecutive_annotated,depth,reappear_events_judged,0.0
W001,all,consecutive_annotated,depth,reappear_same_class,
W001,all,consecutive_annotated,depth,reappear_same_gt,
W001,all,consecutive_annotated,depth,reappearance_rate,0.1111111111111111
W001,all,consecutive_annotated,depth,seeded_regions,9.0
W001,all,consecutive_annotated,depth,survival_backward,0.9703703703703704
W001,all,consecutive_annotated,depth,survival_forward,0.9444444444444444
W001,all,consecutive_annotated,normal,class_switch_rate,0.0
W001,all,consecutive_annotated,normal,fragmentation_ge2,0.1
W001,all,consecutive_annotated,normal,fragmentation_mean,1.1
W001,all,consecutive_annotated,normal,gt_tracks_matched,10.0
W001,all,consecutive_annotated,normal,id_switch_rate,0.012345679012345678
W001,all,consecutive_annotated,normal,matched_pairs,81.0
W001,all,consecutive_annotated,normal,reappear_events_judged,0.0
W001,all,consecutive_annotated,normal,reappear_same_class,
W001,all,consecutive_annotated,normal,reappear_same_gt,
W001,all,consecutive_annotated,normal,reappearance_rate,0.15384615384615385
W001,all,consecutive_annotated,normal,seeded_regions,13.0
W001,all,consecutive_annotated,normal,survival_backward,0.9743589743589745
W001,all,consecutive_annotated,normal,survival_forward,0.9175824175824177
W001,all,consecutive_annotated,rgb,class_switch_rate,0.0
W001,all,consecutive_annotated,rgb,fragmentation_ge2,0.0
W001,all,consecutive_annotated,rgb,fragmentation_mean,1.0
W001,all,consecutive_annotated,rgb,gt_tracks_matched,9.0
W001,all,consecutive_annotated,rgb,id_switch_rate,0.012345679012345678
W001,all,consecutive_annotated,rgb,matched_pairs,81.0
W001,all,consecutive_annotated,rgb,reappear_events_judged,0.0
W001,all,consecutive_annotated,rgb,reappear_same_class,
W001,all,consecutive_annotated,rgb,reappear_same_gt,
W001,all,consecutive_annotated,rgb,reappearance_rate,0.23076923076923078
W001,all,consecutive_annotated,rgb,seeded_regions,13.0
W001,all,consecutive_annotated,rgb,survival_backward,0.9230769230769231
W001,all,consecutive_annotated,rgb,survival_forward,0.8296703296703296
W001,frames_in_order,adjacent_samples,depth,class_switch_rate,0.0
W001,frames_in_order,adjacent_samples,depth,fragmentation_ge2,0.07692307692307693
W001,frames_in_order,adjacent_samples,depth,fragmentation_mean,1.0769230769230769
W001,frames_in_order,adjacent_samples,depth,gt_tracks_matched,13.0
W001,frames_in_order,adjacent_samples,depth,id_switch_rate,0.034482758620689655
W001,frames_in_order,adjacent_samples,depth,matched_pairs,58.0
W001,frames_in_order,adjacent_samples,depth,reappear_events_judged,0.0
W001,frames_in_order,adjacent_samples,depth,reappear_same_class,
W001,frames_in_order,adjacent_samples,depth,reappear_same_gt,
W001,frames_in_order,adjacent_samples,depth,reappearance_rate,0.1111111111111111
W001,frames_in_order,adjacent_samples,depth,seeded_regions,9.0
W001,frames_in_order,adjacent_samples,depth,survival_backward,0.9703703703703704
W001,frames_in_order,adjacent_samples,depth,survival_forward,0.9444444444444444
W001,frames_in_order,adjacent_samples,normal,class_switch_rate,0.0
W001,frames_in_order,adjacent_samples,normal,fragmentation_ge2,0.05555555555555555
W001,frames_in_order,adjacent_samples,normal,fragmentation_mean,1.0555555555555556
W001,frames_in_order,adjacent_samples,normal,gt_tracks_matched,18.0
W001,frames_in_order,adjacent_samples,normal,id_switch_rate,0.0136986301369863
W001,frames_in_order,adjacent_samples,normal,matched_pairs,73.0
W001,frames_in_order,adjacent_samples,normal,reappear_events_judged,0.0
W001,frames_in_order,adjacent_samples,normal,reappear_same_class,
W001,frames_in_order,adjacent_samples,normal,reappear_same_gt,
W001,frames_in_order,adjacent_samples,normal,reappearance_rate,0.15384615384615385
W001,frames_in_order,adjacent_samples,normal,seeded_regions,13.0
W001,frames_in_order,adjacent_samples,normal,survival_backward,0.9743589743589745
W001,frames_in_order,adjacent_samples,normal,survival_forward,0.9175824175824177
W001,frames_in_order,adjacent_samples,rgb,class_switch_rate,0.0
W001,frames_in_order,adjacent_samples,rgb,fragmentation_ge2,0.0
W001,frames_in_order,adjacent_samples,rgb,fragmentation_mean,1.0
W001,frames_in_order,adjacent_samples,rgb,gt_tracks_matched,17.0
W001,frames_in_order,adjacent_samples,rgb,id_switch_rate,0.0136986301369863
W001,frames_in_order,adjacent_samples,rgb,matched_pairs,73.0
W001,frames_in_order,adjacent_samples,rgb,reappear_events_judged,0.0
W001,frames_in_order,adjacent_samples,rgb,reappear_same_class,
W001,frames_in_order,adjacent_samples,rgb,reappear_same_gt,
W001,frames_in_order,adjacent_samples,rgb,reappearance_rate,0.23076923076923078
W001,frames_in_order,adjacent_samples,rgb,seeded_regions,13.0
W001,frames_in_order,adjacent_samples,rgb,survival_backward,0.9230769230769231
W001,frames_in_order,adjacent_samples,rgb,survival_forward,0.8296703296703296
W001,frames_in_order,consecutive_annotated,depth,class_switch_rate,0.0
W001,frames_in_order,consecutive_annotated,depth,fragmentation_ge2,0.14285714285714285
W001,frames_in_order,consecutive_annotated,depth,fragmentation_mean,1.1428571428571428
W001,frames_in_order,consecutive_annotated,depth,gt_tracks_matched,7.0
W001,frames_in_order,consecutive_annotated,depth,id_switch_rate,0.03125
W001,frames_in_order,consecutive_annotated,depth,matched_pairs,64.0
W001,frames_in_order,consecutive_annotated,depth,reappear_events_judged,0.0
W001,frames_in_order,consecutive_annotated,depth,reappear_same_class,
W001,frames_in_order,consecutive_annotated,depth,reappear_same_gt,
W001,frames_in_order,consecutive_annotated,depth,reappearance_rate,0.1111111111111111
W001,frames_in_order,consecutive_annotated,depth,seeded_regions,9.0
W001,frames_in_order,consecutive_annotated,depth,survival_backward,0.9703703703703704
W001,frames_in_order,consecutive_annotated,depth,survival_forward,0.9444444444444444
W001,frames_in_order,consecutive_annotated,normal,class_switch_rate,0.0
W001,frames_in_order,consecutive_annotated,normal,fragmentation_ge2,0.1
W001,frames_in_order,consecutive_annotated,normal,fragmentation_mean,1.1
W001,frames_in_order,consecutive_annotated,normal,gt_tracks_matched,10.0
W001,frames_in_order,consecutive_annotated,normal,id_switch_rate,0.012345679012345678
W001,frames_in_order,consecutive_annotated,normal,matched_pairs,81.0
W001,frames_in_order,consecutive_annotated,normal,reappear_events_judged,0.0
W001,frames_in_order,consecutive_annotated,normal,reappear_same_class,
W001,frames_in_order,consecutive_annotated,normal,reappear_same_gt,
W001,frames_in_order,consecutive_annotated,normal,reappearance_rate,0.15384615384615385
W001,frames_in_order,consecutive_annotated,normal,seeded_regions,13.0
W001,frames_in_order,consecutive_annotated,normal,survival_backward,0.9743589743589745
W001,frames_in_order,consecutive_annotated,normal,survival_forward,0.9175824175824177
W001,frames_in_order,consecutive_annotated,rgb,class_switch_rate,0.0
W001,frames_in_order,consecutive_annotated,rgb,fragmentation_ge2,0.0
W001,frames_in_order,consecutive_annotated,rgb,fragmentation_mean,1.0
W001,frames_in_order,consecutive_annotated,rgb,gt_tracks_matched,9.0
W001,frames_in_order,consecutive_annotated,rgb,id_switch_rate,0.012345679012345678
W001,frames_in_order,consecutive_annotated,rgb,matched_pairs,81.0
W001,frames_in_order,consecutive_annotated,rgb,reappear_events_judged,0.0
W001,frames_in_order,consecutive_annotated,rgb,reappear_same_class,
W001,frames_in_order,consecutive_annotated,rgb,reappear_same_gt,
W001,frames_in_order,consecutive_annotated,rgb,reappearance_rate,0.23076923076923078
W001,frames_in_order,consecutive_annotated,rgb,seeded_regions,13.0
W001,frames_in_order,consecutive_annotated,rgb,survival_backward,0.9230769230769231
W001,frames_in_order,consecutive_annotated,rgb,survival_forward,0.8296703296703296
W002,all,adjacent_samples,depth,class_switch_rate,0.0
W002,all,adjacent_samples,depth,fragmentation_ge2,0.0
W002,all,adjacent_samples,depth,fragmentation_mean,1.0
W002,all,adjacent_samples,depth,gt_tracks_matched,3.0
W002,all,adjacent_samples,depth,id_switch_rate,0.0
W002,all,adjacent_samples,depth,matched_pairs,48.0
W002,all,adjacent_samples,depth,reappear_events_judged,0.0
W002,all,adjacent_samples,depth,reappear_same_class,
W002,all,adjacent_samples,depth,reappear_same_gt,
W002,all,adjacent_samples,depth,reappearance_rate,0.0
W002,all,adjacent_samples,depth,seeded_regions,4.0
W002,all,adjacent_samples,depth,survival_backward,0.8
W002,all,adjacent_samples,depth,survival_forward,1.0
W002,all,adjacent_samples,normal,class_switch_rate,0.017699115044247787
W002,all,adjacent_samples,normal,fragmentation_ge2,0.0
W002,all,adjacent_samples,normal,fragmentation_mean,1.0
W002,all,adjacent_samples,normal,gt_tracks_matched,10.0
W002,all,adjacent_samples,normal,id_switch_rate,0.017699115044247787
W002,all,adjacent_samples,normal,matched_pairs,113.0
W002,all,adjacent_samples,normal,reappear_events_judged,0.0
W002,all,adjacent_samples,normal,reappear_same_class,
W002,all,adjacent_samples,normal,reappear_same_gt,
W002,all,adjacent_samples,normal,reappearance_rate,0.09090909090909091
W002,all,adjacent_samples,normal,seeded_regions,11.0
W002,all,adjacent_samples,normal,survival_backward,0.9212121212121211
W002,all,adjacent_samples,normal,survival_forward,0.9155844155844156
W002,all,adjacent_samples,rgb,class_switch_rate,0.017094017094017096
W002,all,adjacent_samples,rgb,fragmentation_ge2,0.0
W002,all,adjacent_samples,rgb,fragmentation_mean,1.0
W002,all,adjacent_samples,rgb,gt_tracks_matched,16.0
W002,all,adjacent_samples,rgb,id_switch_rate,0.042735042735042736
W002,all,adjacent_samples,rgb,matched_pairs,117.0
W002,all,adjacent_samples,rgb,reappear_events_judged,0.0
W002,all,adjacent_samples,rgb,reappear_same_class,
W002,all,adjacent_samples,rgb,reappear_same_gt,
W002,all,adjacent_samples,rgb,reappearance_rate,0.1111111111111111
W002,all,adjacent_samples,rgb,seeded_regions,18.0
W002,all,adjacent_samples,rgb,survival_backward,0.9296296296296297
W002,all,adjacent_samples,rgb,survival_forward,0.9404761904761906
W002,all,consecutive_annotated,depth,class_switch_rate,0.0
W002,all,consecutive_annotated,depth,fragmentation_ge2,0.0
W002,all,consecutive_annotated,depth,fragmentation_mean,1.0
W002,all,consecutive_annotated,depth,gt_tracks_matched,3.0
W002,all,consecutive_annotated,depth,id_switch_rate,0.0
W002,all,consecutive_annotated,depth,matched_pairs,48.0
W002,all,consecutive_annotated,depth,reappear_events_judged,0.0
W002,all,consecutive_annotated,depth,reappear_same_class,
W002,all,consecutive_annotated,depth,reappear_same_gt,
W002,all,consecutive_annotated,depth,reappearance_rate,0.0
W002,all,consecutive_annotated,depth,seeded_regions,4.0
W002,all,consecutive_annotated,depth,survival_backward,0.8
W002,all,consecutive_annotated,depth,survival_forward,1.0
W002,all,consecutive_annotated,normal,class_switch_rate,0.017699115044247787
W002,all,consecutive_annotated,normal,fragmentation_ge2,0.0
W002,all,consecutive_annotated,normal,fragmentation_mean,1.0
W002,all,consecutive_annotated,normal,gt_tracks_matched,10.0
W002,all,consecutive_annotated,normal,id_switch_rate,0.017699115044247787
W002,all,consecutive_annotated,normal,matched_pairs,113.0
W002,all,consecutive_annotated,normal,reappear_events_judged,0.0
W002,all,consecutive_annotated,normal,reappear_same_class,
W002,all,consecutive_annotated,normal,reappear_same_gt,
W002,all,consecutive_annotated,normal,reappearance_rate,0.09090909090909091
W002,all,consecutive_annotated,normal,seeded_regions,11.0
W002,all,consecutive_annotated,normal,survival_backward,0.9212121212121211
W002,all,consecutive_annotated,normal,survival_forward,0.9155844155844156
W002,all,consecutive_annotated,rgb,class_switch_rate,0.017094017094017096
W002,all,consecutive_annotated,rgb,fragmentation_ge2,0.0
W002,all,consecutive_annotated,rgb,fragmentation_mean,1.0
W002,all,consecutive_annotated,rgb,gt_tracks_matched,16.0
W002,all,consecutive_annotated,rgb,id_switch_rate,0.042735042735042736
W002,all,consecutive_annotated,rgb,matched_pairs,117.0
W002,all,consecutive_annotated,rgb,reappear_events_judged,0.0
W002,all,consecutive_annotated,rgb,reappear_same_class,
W002,all,consecutive_annotated,rgb,reappear_same_gt,
W002,all,consecutive_annotated,rgb,reappearance_rate,0.1111111111111111
W002,all,consecutive_annotated,rgb,seeded_regions,18.0
W002,all,consecutive_annotated,rgb,survival_backward,0.9296296296296297
W002,all,consecutive_annotated,rgb,survival_forward,0.9404761904761906
W002,frames_in_order,adjacent_samples,depth,class_switch_rate,0.0
W002,frames_in_order,adjacent_samples,depth,fragmentation_ge2,0.0
W002,frames_in_order,adjacent_samples,depth,fragmentation_mean,1.0
W002,frames_in_order,adjacent_samples,depth,gt_tracks_matched,3.0
W002,frames_in_order,adjacent_samples,depth,id_switch_rate,0.0
W002,frames_in_order,adjacent_samples,depth,matched_pairs,48.0
W002,frames_in_order,adjacent_samples,depth,reappear_events_judged,0.0
W002,frames_in_order,adjacent_samples,depth,reappear_same_class,
W002,frames_in_order,adjacent_samples,depth,reappear_same_gt,
W002,frames_in_order,adjacent_samples,depth,reappearance_rate,0.0
W002,frames_in_order,adjacent_samples,depth,seeded_regions,4.0
W002,frames_in_order,adjacent_samples,depth,survival_backward,0.8
W002,frames_in_order,adjacent_samples,depth,survival_forward,1.0
W002,frames_in_order,adjacent_samples,normal,class_switch_rate,0.017699115044247787
W002,frames_in_order,adjacent_samples,normal,fragmentation_ge2,0.0
W002,frames_in_order,adjacent_samples,normal,fragmentation_mean,1.0
W002,frames_in_order,adjacent_samples,normal,gt_tracks_matched,10.0
W002,frames_in_order,adjacent_samples,normal,id_switch_rate,0.017699115044247787
W002,frames_in_order,adjacent_samples,normal,matched_pairs,113.0
W002,frames_in_order,adjacent_samples,normal,reappear_events_judged,0.0
W002,frames_in_order,adjacent_samples,normal,reappear_same_class,
W002,frames_in_order,adjacent_samples,normal,reappear_same_gt,
W002,frames_in_order,adjacent_samples,normal,reappearance_rate,0.09090909090909091
W002,frames_in_order,adjacent_samples,normal,seeded_regions,11.0
W002,frames_in_order,adjacent_samples,normal,survival_backward,0.9212121212121211
W002,frames_in_order,adjacent_samples,normal,survival_forward,0.9155844155844156
W002,frames_in_order,adjacent_samples,rgb,class_switch_rate,0.017094017094017096
W002,frames_in_order,adjacent_samples,rgb,fragmentation_ge2,0.0
W002,frames_in_order,adjacent_samples,rgb,fragmentation_mean,1.0
W002,frames_in_order,adjacent_samples,rgb,gt_tracks_matched,16.0
W002,frames_in_order,adjacent_samples,rgb,id_switch_rate,0.042735042735042736
W002,frames_in_order,adjacent_samples,rgb,matched_pairs,117.0
W002,frames_in_order,adjacent_samples,rgb,reappear_events_judged,0.0
W002,frames_in_order,adjacent_samples,rgb,reappear_same_class,
W002,frames_in_order,adjacent_samples,rgb,reappear_same_gt,
W002,frames_in_order,adjacent_samples,rgb,reappearance_rate,0.1111111111111111
W002,frames_in_order,adjacent_samples,rgb,seeded_regions,18.0
W002,frames_in_order,adjacent_samples,rgb,survival_backward,0.9296296296296297
W002,frames_in_order,adjacent_samples,rgb,survival_forward,0.9404761904761906
W002,frames_in_order,consecutive_annotated,depth,class_switch_rate,0.0
W002,frames_in_order,consecutive_annotated,depth,fragmentation_ge2,0.0
W002,frames_in_order,consecutive_annotated,depth,fragmentation_mean,1.0
W002,frames_in_order,consecutive_annotated,depth,gt_tracks_matched,3.0
W002,frames_in_order,consecutive_annotated,depth,id_switch_rate,0.0
W002,frames_in_order,consecutive_annotated,depth,matched_pairs,48.0
W002,frames_in_order,consecutive_annotated,depth,reappear_events_judged,0.0
W002,frames_in_order,consecutive_annotated,depth,reappear_same_class,
W002,frames_in_order,consecutive_annotated,depth,reappear_same_gt,
W002,frames_in_order,consecutive_annotated,depth,reappearance_rate,0.0
W002,frames_in_order,consecutive_annotated,depth,seeded_regions,4.0
W002,frames_in_order,consecutive_annotated,depth,survival_backward,0.8
W002,frames_in_order,consecutive_annotated,depth,survival_forward,1.0
W002,frames_in_order,consecutive_annotated,normal,class_switch_rate,0.017699115044247787
W002,frames_in_order,consecutive_annotated,normal,fragmentation_ge2,0.0
W002,frames_in_order,consecutive_annotated,normal,fragmentation_mean,1.0
W002,frames_in_order,consecutive_annotated,normal,gt_tracks_matched,10.0
W002,frames_in_order,consecutive_annotated,normal,id_switch_rate,0.017699115044247787
W002,frames_in_order,consecutive_annotated,normal,matched_pairs,113.0
W002,frames_in_order,consecutive_annotated,normal,reappear_events_judged,0.0
W002,frames_in_order,consecutive_annotated,normal,reappear_same_class,
W002,frames_in_order,consecutive_annotated,normal,reappear_same_gt,
W002,frames_in_order,consecutive_annotated,normal,reappearance_rate,0.09090909090909091
W002,frames_in_order,consecutive_annotated,normal,seeded_regions,11.0
W002,frames_in_order,consecutive_annotated,normal,survival_backward,0.9212121212121211
W002,frames_in_order,consecutive_annotated,normal,survival_forward,0.9155844155844156
W002,frames_in_order,consecutive_annotated,rgb,class_switch_rate,0.017094017094017096
W002,frames_in_order,consecutive_annotated,rgb,fragmentation_ge2,0.0
W002,frames_in_order,consecutive_annotated,rgb,fragmentation_mean,1.0
W002,frames_in_order,consecutive_annotated,rgb,gt_tracks_matched,16.0
W002,frames_in_order,consecutive_annotated,rgb,id_switch_rate,0.042735042735042736
W002,frames_in_order,consecutive_annotated,rgb,matched_pairs,117.0
W002,frames_in_order,consecutive_annotated,rgb,reappear_events_judged,0.0
W002,frames_in_order,consecutive_annotated,rgb,reappear_same_class,
W002,frames_in_order,consecutive_annotated,rgb,reappear_same_gt,
W002,frames_in_order,consecutive_annotated,rgb,reappearance_rate,0.1111111111111111
W002,frames_in_order,consecutive_annotated,rgb,seeded_regions,18.0
W002,frames_in_order,consecutive_annotated,rgb,survival_backward,0.9296296296296297
W002,frames_in_order,consecutive_annotated,rgb,survival_forward,0.9404761904761906
W003,all,adjacent_samples,depth,class_switch_rate,0.0
W003,all,adjacent_samples,depth,fragmentation_ge2,0.0
W003,all,adjacent_samples,depth,fragmentation_mean,1.0
W003,all,adjacent_samples,depth,gt_tracks_matched,3.0
W003,all,adjacent_samples,depth,id_switch_rate,0.0
W003,all,adjacent_samples,depth,matched_pairs,60.0
W003,all,adjacent_samples,depth,reappear_events_judged,0.0
W003,all,adjacent_samples,depth,reappear_same_class,
W003,all,adjacent_samples,depth,reappear_same_gt,
W003,all,adjacent_samples,depth,reappearance_rate,0.0
W003,all,adjacent_samples,depth,seeded_regions,6.0
W003,all,adjacent_samples,depth,survival_backward,0.7444444444444445
W003,all,adjacent_samples,depth,survival_forward,0.8571428571428572
W003,all,adjacent_samples,normal,class_switch_rate,0.0
W003,all,adjacent_samples,normal,fragmentation_ge2,0.0
W003,all,adjacent_samples,normal,fragmentation_mean,1.0
W003,all,adjacent_samples,normal,gt_tracks_matched,14.0
W003,all,adjacent_samples,normal,id_switch_rate,0.012658227848101266
W003,all,adjacent_samples,normal,matched_pairs,158.0
W003,all,adjacent_samples,normal,reappear_events_judged,0.0
W003,all,adjacent_samples,normal,reappear_same_class,
W003,all,adjacent_samples,normal,reappear_same_gt,
W003,all,adjacent_samples,normal,reappearance_rate,0.0
W003,all,adjacent_samples,normal,seeded_regions,12.0
W003,all,adjacent_samples,normal,survival_backward,0.9555555555555556
W003,all,adjacent_samples,normal,survival_forward,1.0
W003,all,adjacent_samples,rgb,class_switch_rate,0.0
W003,all,adjacent_samples,rgb,fragmentation_ge2,0.0
W003,all,adjacent_samples,rgb,fragmentation_mean,1.0
W003,all,adjacent_samples,rgb,gt_tracks_matched,13.0
W003,all,adjacent_samples,rgb,id_switch_rate,0.011494252873563218
W003,all,adjacent_samples,rgb,matched_pairs,174.0
W003,all,adjacent_samples,rgb,reappear_events_judged,0.0
W003,all,adjacent_samples,rgb,reappear_same_class,
W003,all,adjacent_samples,rgb,reappear_same_gt,
W003,all,adjacent_samples,rgb,reappearance_rate,0.21052631578947367
W003,all,adjacent_samples,rgb,seeded_regions,19.0
W003,all,adjacent_samples,rgb,survival_backward,0.9438596491228071
W003,all,adjacent_samples,rgb,survival_forward,0.9398496240601504
W003,all,consecutive_annotated,depth,class_switch_rate,0.0
W003,all,consecutive_annotated,depth,fragmentation_ge2,0.0
W003,all,consecutive_annotated,depth,fragmentation_mean,1.0
W003,all,consecutive_annotated,depth,gt_tracks_matched,3.0
W003,all,consecutive_annotated,depth,id_switch_rate,0.0
W003,all,consecutive_annotated,depth,matched_pairs,60.0
W003,all,consecutive_annotated,depth,reappear_events_judged,0.0
W003,all,consecutive_annotated,depth,reappear_same_class,
W003,all,consecutive_annotated,depth,reappear_same_gt,
W003,all,consecutive_annotated,depth,reappearance_rate,0.0
W003,all,consecutive_annotated,depth,seeded_regions,6.0
W003,all,consecutive_annotated,depth,survival_backward,0.7444444444444445
W003,all,consecutive_annotated,depth,survival_forward,0.8571428571428572
W003,all,consecutive_annotated,normal,class_switch_rate,0.0
W003,all,consecutive_annotated,normal,fragmentation_ge2,0.0
W003,all,consecutive_annotated,normal,fragmentation_mean,1.0
W003,all,consecutive_annotated,normal,gt_tracks_matched,14.0
W003,all,consecutive_annotated,normal,id_switch_rate,0.012658227848101266
W003,all,consecutive_annotated,normal,matched_pairs,158.0
W003,all,consecutive_annotated,normal,reappear_events_judged,0.0
W003,all,consecutive_annotated,normal,reappear_same_class,
W003,all,consecutive_annotated,normal,reappear_same_gt,
W003,all,consecutive_annotated,normal,reappearance_rate,0.0
W003,all,consecutive_annotated,normal,seeded_regions,12.0
W003,all,consecutive_annotated,normal,survival_backward,0.9555555555555556
W003,all,consecutive_annotated,normal,survival_forward,1.0
W003,all,consecutive_annotated,rgb,class_switch_rate,0.0
W003,all,consecutive_annotated,rgb,fragmentation_ge2,0.0
W003,all,consecutive_annotated,rgb,fragmentation_mean,1.0
W003,all,consecutive_annotated,rgb,gt_tracks_matched,13.0
W003,all,consecutive_annotated,rgb,id_switch_rate,0.011494252873563218
W003,all,consecutive_annotated,rgb,matched_pairs,174.0
W003,all,consecutive_annotated,rgb,reappear_events_judged,0.0
W003,all,consecutive_annotated,rgb,reappear_same_class,
W003,all,consecutive_annotated,rgb,reappear_same_gt,
W003,all,consecutive_annotated,rgb,reappearance_rate,0.21052631578947367
W003,all,consecutive_annotated,rgb,seeded_regions,19.0
W003,all,consecutive_annotated,rgb,survival_backward,0.9438596491228071
W003,all,consecutive_annotated,rgb,survival_forward,0.9398496240601504
W003,frames_in_order,adjacent_samples,depth,class_switch_rate,0.0
W003,frames_in_order,adjacent_samples,depth,fragmentation_ge2,0.0
W003,frames_in_order,adjacent_samples,depth,fragmentation_mean,1.0
W003,frames_in_order,adjacent_samples,depth,gt_tracks_matched,3.0
W003,frames_in_order,adjacent_samples,depth,id_switch_rate,0.0
W003,frames_in_order,adjacent_samples,depth,matched_pairs,60.0
W003,frames_in_order,adjacent_samples,depth,reappear_events_judged,0.0
W003,frames_in_order,adjacent_samples,depth,reappear_same_class,
W003,frames_in_order,adjacent_samples,depth,reappear_same_gt,
W003,frames_in_order,adjacent_samples,depth,reappearance_rate,0.0
W003,frames_in_order,adjacent_samples,depth,seeded_regions,6.0
W003,frames_in_order,adjacent_samples,depth,survival_backward,0.7444444444444445
W003,frames_in_order,adjacent_samples,depth,survival_forward,0.8571428571428572
W003,frames_in_order,adjacent_samples,normal,class_switch_rate,0.0
W003,frames_in_order,adjacent_samples,normal,fragmentation_ge2,0.0
W003,frames_in_order,adjacent_samples,normal,fragmentation_mean,1.0
W003,frames_in_order,adjacent_samples,normal,gt_tracks_matched,14.0
W003,frames_in_order,adjacent_samples,normal,id_switch_rate,0.012658227848101266
W003,frames_in_order,adjacent_samples,normal,matched_pairs,158.0
W003,frames_in_order,adjacent_samples,normal,reappear_events_judged,0.0
W003,frames_in_order,adjacent_samples,normal,reappear_same_class,
W003,frames_in_order,adjacent_samples,normal,reappear_same_gt,
W003,frames_in_order,adjacent_samples,normal,reappearance_rate,0.0
W003,frames_in_order,adjacent_samples,normal,seeded_regions,12.0
W003,frames_in_order,adjacent_samples,normal,survival_backward,0.9555555555555556
W003,frames_in_order,adjacent_samples,normal,survival_forward,1.0
W003,frames_in_order,adjacent_samples,rgb,class_switch_rate,0.0
W003,frames_in_order,adjacent_samples,rgb,fragmentation_ge2,0.0
W003,frames_in_order,adjacent_samples,rgb,fragmentation_mean,1.0
W003,frames_in_order,adjacent_samples,rgb,gt_tracks_matched,13.0
W003,frames_in_order,adjacent_samples,rgb,id_switch_rate,0.011494252873563218
W003,frames_in_order,adjacent_samples,rgb,matched_pairs,174.0
W003,frames_in_order,adjacent_samples,rgb,reappear_events_judged,0.0
W003,frames_in_order,adjacent_samples,rgb,reappear_same_class,
W003,frames_in_order,adjacent_samples,rgb,reappear_same_gt,
W003,frames_in_order,adjacent_samples,rgb,reappearance_rate,0.21052631578947367
W003,frames_in_order,adjacent_samples,rgb,seeded_regions,19.0
W003,frames_in_order,adjacent_samples,rgb,survival_backward,0.9438596491228071
W003,frames_in_order,adjacent_samples,rgb,survival_forward,0.9398496240601504
W003,frames_in_order,consecutive_annotated,depth,class_switch_rate,0.0
W003,frames_in_order,consecutive_annotated,depth,fragmentation_ge2,0.0
W003,frames_in_order,consecutive_annotated,depth,fragmentation_mean,1.0
W003,frames_in_order,consecutive_annotated,depth,gt_tracks_matched,3.0
W003,frames_in_order,consecutive_annotated,depth,id_switch_rate,0.0
W003,frames_in_order,consecutive_annotated,depth,matched_pairs,60.0
W003,frames_in_order,consecutive_annotated,depth,reappear_events_judged,0.0
W003,frames_in_order,consecutive_annotated,depth,reappear_same_class,
W003,frames_in_order,consecutive_annotated,depth,reappear_same_gt,
W003,frames_in_order,consecutive_annotated,depth,reappearance_rate,0.0
W003,frames_in_order,consecutive_annotated,depth,seeded_regions,6.0
W003,frames_in_order,consecutive_annotated,depth,survival_backward,0.7444444444444445
W003,frames_in_order,consecutive_annotated,depth,survival_forward,0.8571428571428572
W003,frames_in_order,consecutive_annotated,normal,class_switch_rate,0.0
W003,frames_in_order,consecutive_annotated,normal,fragmentation_ge2,0.0
W003,frames_in_order,consecutive_annotated,normal,fragmentation_mean,1.0
W003,frames_in_order,consecutive_annotated,normal,gt_tracks_matched,14.0
W003,frames_in_order,consecutive_annotated,normal,id_switch_rate,0.012658227848101266
W003,frames_in_order,consecutive_annotated,normal,matched_pairs,158.0
W003,frames_in_order,consecutive_annotated,normal,reappear_events_judged,0.0
W003,frames_in_order,consecutive_annotated,normal,reappear_same_class,
W003,frames_in_order,consecutive_annotated,normal,reappear_same_gt,
W003,frames_in_order,consecutive_annotated,normal,reappearance_rate,0.0
W003,frames_in_order,consecutive_annotated,normal,seeded_regions,12.0
W003,frames_in_order,consecutive_annotated,normal,survival_backward,0.9555555555555556
W003,frames_in_order,consecutive_annotated,normal,survival_forward,1.0
W003,frames_in_order,consecutive_annotated,rgb,class_switch_rate,0.0
W003,frames_in_order,consecutive_annotated,rgb,fragmentation_ge2,0.0
W003,frames_in_order,consecutive_annotated,rgb,fragmentation_mean,1.0
W003,frames_in_order,consecutive_annotated,rgb,gt_tracks_matched,13.0
W003,frames_in_order,consecutive_annotated,rgb,id_switch_rate,0.011494252873563218
W003,frames_in_order,consecutive_annotated,rgb,matched_pairs,174.0
W003,frames_in_order,consecutive_annotated,rgb,reappear_events_judged,0.0
W003,frames_in_order,consecutive_annotated,rgb,reappear_same_class,
W003,frames_in_order,consecutive_annotated,rgb,reappear_same_gt,
W003,frames_in_order,consecutive_annotated,rgb,reappearance_rate,0.21052631578947367
W003,frames_in_order,consecutive_annotated,rgb,seeded_regions,19.0
W003,frames_in_order,consecutive_annotated,rgb,survival_backward,0.9438596491228071
W003,frames_in_order,consecutive_annotated,rgb,survival_forward,0.9398496240601504
W004,all,adjacent_samples,depth,class_switch_rate,0.0
W004,all,adjacent_samples,depth,fragmentation_ge2,0.0
W004,all,adjacent_samples,depth,fragmentation_mean,1.0
W004,all,adjacent_samples,depth,gt_tracks_matched,6.0
W004,all,adjacent_samples,depth,id_switch_rate,0.0
W004,all,adjacent_samples,depth,matched_pairs,102.0
W004,all,adjacent_samples,depth,reappear_events_judged,0.0
W004,all,adjacent_samples,depth,reappear_same_class,
W004,all,adjacent_samples,depth,reappear_same_gt,
W004,all,adjacent_samples,depth,reappearance_rate,0.1111111111111111
W004,all,adjacent_samples,depth,seeded_regions,9.0
W004,all,adjacent_samples,depth,survival_backward,0.7925925925925925
W004,all,adjacent_samples,depth,survival_forward,0.8888888888888888
W004,all,adjacent_samples,normal,class_switch_rate,0.0
W004,all,adjacent_samples,normal,fragmentation_ge2,0.0
W004,all,adjacent_samples,normal,fragmentation_mean,1.0
W004,all,adjacent_samples,normal,gt_tracks_matched,11.0
W004,all,adjacent_samples,normal,id_switch_rate,0.0
W004,all,adjacent_samples,normal,matched_pairs,165.0
W004,all,adjacent_samples,normal,reappear_events_judged,0.0
W004,all,adjacent_samples,normal,reappear_same_class,
W004,all,adjacent_samples,normal,reappear_same_gt,
W004,all,adjacent_samples,normal,reappearance_rate,0.08333333333333333
W004,all,adjacent_samples,normal,seeded_regions,12.0
W004,all,adjacent_samples,normal,survival_backward,0.9833333333333334
W004,all,adjacent_samples,normal,survival_forward,0.9880952380952381
W004,all,adjacent_samples,rgb,class_switch_rate,0.0
W004,all,adjacent_samples,rgb,fragmentation_ge2,0.0
W004,all,adjacent_samples,rgb,fragmentation_mean,1.0
W004,all,adjacent_samples,rgb,gt_tracks_matched,8.0
W004,all,adjacent_samples,rgb,id_switch_rate,0.0070921985815602835
W004,all,adjacent_samples,rgb,matched_pairs,141.0
W004,all,adjacent_samples,rgb,reappear_events_judged,0.0
W004,all,adjacent_samples,rgb,reappear_same_class,
W004,all,adjacent_samples,rgb,reappear_same_gt,
W004,all,adjacent_samples,rgb,reappearance_rate,0.18181818181818182
W004,all,adjacent_samples,rgb,seeded_regions,11.0
W004,all,adjacent_samples,rgb,survival_backward,0.890909090909091
W004,all,adjacent_samples,rgb,survival_forward,0.9415584415584416
W004,all,consecutive_annotated,depth,class_switch_rate,0.0
W004,all,consecutive_annotated,depth,fragmentation_ge2,0.0
W004,all,consecutive_annotated,depth,fragmentation_mean,1.0
W004,all,consecutive_annotated,depth,gt_tracks_matched,6.0
W004,all,consecutive_annotated,depth,id_switch_rate,0.0
W004,all,consecutive_annotated,depth,matched_pairs,102.0
W004,all,consecutive_annotated,depth,reappear_events_judged,0.0
W004,all,consecutive_annotated,depth,reappear_same_class,
W004,all,consecutive_annotated,depth,reappear_same_gt,
W004,all,consecutive_annotated,depth,reappearance_rate,0.1111111111111111
W004,all,consecutive_annotated,depth,seeded_regions,9.0
W004,all,consecutive_annotated,depth,survival_backward,0.7925925925925925
W004,all,consecutive_annotated,depth,survival_forward,0.8888888888888888
W004,all,consecutive_annotated,normal,class_switch_rate,0.0
W004,all,consecutive_annotated,normal,fragmentation_ge2,0.0
W004,all,consecutive_annotated,normal,fragmentation_mean,1.0
W004,all,consecutive_annotated,normal,gt_tracks_matched,11.0
W004,all,consecutive_annotated,normal,id_switch_rate,0.0
W004,all,consecutive_annotated,normal,matched_pairs,165.0
W004,all,consecutive_annotated,normal,reappear_events_judged,0.0
W004,all,consecutive_annotated,normal,reappear_same_class,
W004,all,consecutive_annotated,normal,reappear_same_gt,
W004,all,consecutive_annotated,normal,reappearance_rate,0.08333333333333333
W004,all,consecutive_annotated,normal,seeded_regions,12.0
W004,all,consecutive_annotated,normal,survival_backward,0.9833333333333334
W004,all,consecutive_annotated,normal,survival_forward,0.9880952380952381
W004,all,consecutive_annotated,rgb,class_switch_rate,0.0
W004,all,consecutive_annotated,rgb,fragmentation_ge2,0.0
W004,all,consecutive_annotated,rgb,fragmentation_mean,1.0
W004,all,consecutive_annotated,rgb,gt_tracks_matched,8.0
W004,all,consecutive_annotated,rgb,id_switch_rate,0.0070921985815602835
W004,all,consecutive_annotated,rgb,matched_pairs,141.0
W004,all,consecutive_annotated,rgb,reappear_events_judged,0.0
W004,all,consecutive_annotated,rgb,reappear_same_class,
W004,all,consecutive_annotated,rgb,reappear_same_gt,
W004,all,consecutive_annotated,rgb,reappearance_rate,0.18181818181818182
W004,all,consecutive_annotated,rgb,seeded_regions,11.0
W004,all,consecutive_annotated,rgb,survival_backward,0.890909090909091
W004,all,consecutive_annotated,rgb,survival_forward,0.9415584415584416
W004,frames_in_order,adjacent_samples,depth,class_switch_rate,0.0
W004,frames_in_order,adjacent_samples,depth,fragmentation_ge2,0.0
W004,frames_in_order,adjacent_samples,depth,fragmentation_mean,1.0
W004,frames_in_order,adjacent_samples,depth,gt_tracks_matched,6.0
W004,frames_in_order,adjacent_samples,depth,id_switch_rate,0.0
W004,frames_in_order,adjacent_samples,depth,matched_pairs,102.0
W004,frames_in_order,adjacent_samples,depth,reappear_events_judged,0.0
W004,frames_in_order,adjacent_samples,depth,reappear_same_class,
W004,frames_in_order,adjacent_samples,depth,reappear_same_gt,
W004,frames_in_order,adjacent_samples,depth,reappearance_rate,0.1111111111111111
W004,frames_in_order,adjacent_samples,depth,seeded_regions,9.0
W004,frames_in_order,adjacent_samples,depth,survival_backward,0.7925925925925925
W004,frames_in_order,adjacent_samples,depth,survival_forward,0.8888888888888888
W004,frames_in_order,adjacent_samples,normal,class_switch_rate,0.0
W004,frames_in_order,adjacent_samples,normal,fragmentation_ge2,0.0
W004,frames_in_order,adjacent_samples,normal,fragmentation_mean,1.0
W004,frames_in_order,adjacent_samples,normal,gt_tracks_matched,11.0
W004,frames_in_order,adjacent_samples,normal,id_switch_rate,0.0
W004,frames_in_order,adjacent_samples,normal,matched_pairs,165.0
W004,frames_in_order,adjacent_samples,normal,reappear_events_judged,0.0
W004,frames_in_order,adjacent_samples,normal,reappear_same_class,
W004,frames_in_order,adjacent_samples,normal,reappear_same_gt,
W004,frames_in_order,adjacent_samples,normal,reappearance_rate,0.08333333333333333
W004,frames_in_order,adjacent_samples,normal,seeded_regions,12.0
W004,frames_in_order,adjacent_samples,normal,survival_backward,0.9833333333333334
W004,frames_in_order,adjacent_samples,normal,survival_forward,0.9880952380952381
W004,frames_in_order,adjacent_samples,rgb,class_switch_rate,0.0
W004,frames_in_order,adjacent_samples,rgb,fragmentation_ge2,0.0
W004,frames_in_order,adjacent_samples,rgb,fragmentation_mean,1.0
W004,frames_in_order,adjacent_samples,rgb,gt_tracks_matched,8.0
W004,frames_in_order,adjacent_samples,rgb,id_switch_rate,0.0070921985815602835
W004,frames_in_order,adjacent_samples,rgb,matched_pairs,141.0
W004,frames_in_order,adjacent_samples,rgb,reappear_events_judged,0.0
W004,frames_in_order,adjacent_samples,rgb,reappear_same_class,
W004,frames_in_order,adjacent_samples,rgb,reappear_same_gt,
W004,frames_in_order,adjacent_samples,rgb,reappearance_rate,0.18181818181818182
W004,frames_in_order,adjacent_samples,rgb,seeded_regions,11.0
W004,frames_in_order,adjacent_samples,rgb,survival_backward,0.890909090909091
W004,frames_in_order,adjacent_samples,rgb,survival_forward,0.9415584415584416
W004,frames_in_order,consecutive_annotated,depth,class_switch_rate,0.0
W004,frames_in_order,consecutive_annotated,depth,fragmentation_ge2,0.0
W004,frames_in_order,consecutive_annotated,depth,fragmentation_mean,1.0
W004,frames_in_order,consecutive_annotated,depth,gt_tracks_matched,6.0
W004,frames_in_order,consecutive_annotated,depth,id_switch_rate,0.0
W004,frames_in_order,consecutive_annotated,depth,matched_pairs,102.0
W004,frames_in_order,consecutive_annotated,depth,reappear_events_judged,0.0
W004,frames_in_order,consecutive_annotated,depth,reappear_same_class,
W004,frames_in_order,consecutive_annotated,depth,reappear_same_gt,
W004,frames_in_order,consecutive_annotated,depth,reappearance_rate,0.1111111111111111
W004,frames_in_order,consecutive_annotated,depth,seeded_regions,9.0
W004,frames_in_order,consecutive_annotated,depth,survival_backward,0.7925925925925925
W004,frames_in_order,consecutive_annotated,depth,survival_forward,0.8888888888888888
W004,frames_in_order,consecutive_annotated,normal,class_switch_rate,0.0
W004,frames_in_order,consecutive_annotated,normal,fragmentation_ge2,0.0
W004,frames_in_order,consecutive_annotated,normal,fragmentation_mean,1.0
W004,frames_in_order,consecutive_annotated,normal,gt_tracks_matched,11.0
W004,frames_in_order,consecutive_annotated,normal,id_switch_rate,0.0
W004,frames_in_order,consecutive_annotated,normal,matched_pairs,165.0
W004,frames_in_order,consecutive_annotated,normal,reappear_events_judged,0.0
W004,frames_in_order,consecutive_annotated,normal,reappear_same_class,
W004,frames_in_order,consecutive_annotated,normal,reappear_same_gt,
W004,frames_in_order,consecutive_annotated,normal,reappearance_rate,0.08333333333333333
W004,frames_in_order,consecutive_annotated,normal,seeded_regions,12.0
W004,frames_in_order,consecutive_annotated,normal,survival_backward,0.9833333333333334
W004,frames_in_order,consecutive_annotated,normal,survival_forward,0.9880952380952381
W004,frames_in_order,consecutive_annotated,rgb,class_switch_rate,0.0
W004,frames_in_order,consecutive_annotated,rgb,fragmentation_ge2,0.0
W004,frames_in_order,consecutive_annotated,rgb,fragmentation_mean,1.0
W004,frames_in_order,consecutive_annotated,rgb,gt_tracks_matched,8.0
W004,frames_in_order,consecutive_annotated,rgb,id_switch_rate,0.0070921985815602835
W004,frames_in_order,consecutive_annotated,rgb,matched_pairs,141.0
W004,frames_in_order,consecutive_annotated,rgb,reappear_events_judged,0.0
W004,frames_in_order,consecutive_annotated,rgb,reappear_same_class,
W004,frames_in_order,consecutive_annotated,rgb,reappear_same_gt,
W004,frames_in_order,consecutive_annotated,rgb,reappearance_rate,0.18181818181818182
W004,frames_in_order,consecutive_annotated,rgb,seeded_regions,11.0
W004,frames_in_order,consecutive_annotated,rgb,survival_backward,0.890909090909091
W004,frames_in_order,consecutive_annotated,rgb,survival_forward,0.9415584415584416
W005,all,adjacent_samples,depth,class_switch_rate,0.027777777777777776
W005,all,adjacent_samples,depth,fragmentation_ge2,0.0
W005,all,adjacent_samples,depth,fragmentation_mean,1.0
W005,all,adjacent_samples,depth,gt_tracks_matched,8.0
W005,all,adjacent_samples,depth,id_switch_rate,0.041666666666666664
W005,all,adjacent_samples,depth,matched_pairs,72.0
W005,all,adjacent_samples,depth,reappear_events_judged,0.0
W005,all,adjacent_samples,depth,reappear_same_class,
W005,all,adjacent_samples,depth,reappear_same_gt,
W005,all,adjacent_samples,depth,reappearance_rate,0.3
W005,all,adjacent_samples,depth,seeded_regions,10.0
W005,all,adjacent_samples,depth,survival_backward,0.8
W005,all,adjacent_samples,depth,survival_forward,0.8785714285714284
W005,all,adjacent_samples,normal,class_switch_rate,0.019230769230769232
W005,all,adjacent_samples,normal,fragmentation_ge2,0.0
W005,all,adjacent_samples,normal,fragmentation_mean,1.0
W005,all,adjacent_samples,normal,gt_tracks_matched,10.0
W005,all,adjacent_samples,normal,id_switch_rate,0.028846153846153848
W005,all,adjacent_samples,normal,matched_pairs,104.0
W005,all,adjacent_samples,normal,reappear_events_judged,0.0
W005,all,adjacent_samples,normal,reappear_same_class,
W005,all,adjacent_samples,normal,reappear_same_gt,
W005,all,adjacent_samples,normal,reappearance_rate,0.0
W005,all,adjacent_samples,normal,seeded_regions,9.0
W005,all,adjacent_samples,normal,survival_backward,1.0
W005,all,adjacent_samples,normal,survival_forward,0.976190476190476
W005,all,adjacent_samples,rgb,class_switch_rate,0.024096385542168676
W005,all,adjacent_samples,rgb,fragmentation_ge2,0.0
W005,all,adjacent_samples,rgb,fragmentation_mean,1.0
W005,all,adjacent_samples,rgb,gt_tracks_matched,10.0
W005,all,adjacent_samples,rgb,id_switch_rate,0.03614457831325301
W005,all,adjacent_samples,rgb,matched_pairs,83.0
W005,all,adjacent_samples,rgb,reappear_events_judged,0.0
W005,all,adjacent_samples,rgb,reappear_same_class,
W005,all,adjacent_samples,rgb,reappear_same_gt,
W005,all,adjacent_samples,rgb,reappearance_rate,0.09090909090909091
W005,all,adjacent_samples,rgb,seeded_regions,11.0
W005,all,adjacent_samples,rgb,survival_backward,0.9575757575757575
W005,all,adjacent_samples,rgb,survival_forward,1.0
W005,all,consecutive_annotated,depth,class_switch_rate,0.027777777777777776
W005,all,consecutive_annotated,depth,fragmentation_ge2,0.0
W005,all,consecutive_annotated,depth,fragmentation_mean,1.0
W005,all,consecutive_annotated,depth,gt_tracks_matched,8.0
W005,all,consecutive_annotated,depth,id_switch_rate,0.041666666666666664
W005,all,consecutive_annotated,depth,matched_pairs,72.0
W005,all,consecutive_annotated,depth,reappear_events_judged,0.0
W005,all,consecutive_annotated,depth,reappear_same_class,
W005,all,consecutive_annotated,depth,reappear_same_gt,
W005,all,consecutive_annotated,depth,reappearance_rate,0.3
W005,all,consecutive_annotated,depth,seeded_regions,10.0
W005,all,consecutive_annotated,depth,survival_backward,0.8
W005,all,consecutive_annotated,depth,survival_forward,0.8785714285714284
W005,all,consecutive_annotated,normal,class_switch_rate,0.019230769230769232
W005,all,consecutive_annotated,normal,fragmentation_ge2,0.0
W005,all,consecutive_annotated,normal,fragmentation_mean,1.0
W005,all,consecutive_annotated,normal,gt_tracks_matched,10.0
W005,all,consecutive_annotated,normal,id_switch_rate,0.028846153846153848
W005,all,consecutive_annotated,normal,matched_pairs,104.0
W005,all,consecutive_annotated,normal,reappear_events_judged,0.0
W005,all,consecutive_annotated,normal,reappear_same_class,
W005,all,consecutive_annotated,normal,reappear_same_gt,
W005,all,consecutive_annotated,normal,reappearance_rate,0.0
W005,all,consecutive_annotated,normal,seeded_regions,9.0
W005,all,consecutive_annotated,normal,survival_backward,1.0
W005,all,consecutive_annotated,normal,survival_forward,0.976190476190476
W005,all,consecutive_annotated,rgb,class_switch_rate,0.024096385542168676
W005,all,consecutive_annotated,rgb,fragmentation_ge2,0.0
W005,all,consecutive_annotated,rgb,fragmentation_mean,1.0
W005,all,consecutive_annotated,rgb,gt_tracks_matched,10.0
W005,all,consecutive_annotated,rgb,id_switch_rate,0.03614457831325301
W005,all,consecutive_annotated,rgb,matched_pairs,83.0
W005,all,consecutive_annotated,rgb,reappear_events_judged,0.0
W005,all,consecutive_annotated,rgb,reappear_same_class,
W005,all,consecutive_annotated,rgb,reappear_same_gt,
W005,all,consecutive_annotated,rgb,reappearance_rate,0.09090909090909091
W005,all,consecutive_annotated,rgb,seeded_regions,11.0
W005,all,consecutive_annotated,rgb,survival_backward,0.9575757575757575
W005,all,consecutive_annotated,rgb,survival_forward,1.0
W005,frames_in_order,adjacent_samples,depth,class_switch_rate,0.027777777777777776
W005,frames_in_order,adjacent_samples,depth,fragmentation_ge2,0.0
W005,frames_in_order,adjacent_samples,depth,fragmentation_mean,1.0
W005,frames_in_order,adjacent_samples,depth,gt_tracks_matched,8.0
W005,frames_in_order,adjacent_samples,depth,id_switch_rate,0.041666666666666664
W005,frames_in_order,adjacent_samples,depth,matched_pairs,72.0
W005,frames_in_order,adjacent_samples,depth,reappear_events_judged,0.0
W005,frames_in_order,adjacent_samples,depth,reappear_same_class,
W005,frames_in_order,adjacent_samples,depth,reappear_same_gt,
W005,frames_in_order,adjacent_samples,depth,reappearance_rate,0.3
W005,frames_in_order,adjacent_samples,depth,seeded_regions,10.0
W005,frames_in_order,adjacent_samples,depth,survival_backward,0.8
W005,frames_in_order,adjacent_samples,depth,survival_forward,0.8785714285714284
W005,frames_in_order,adjacent_samples,normal,class_switch_rate,0.019230769230769232
W005,frames_in_order,adjacent_samples,normal,fragmentation_ge2,0.0
W005,frames_in_order,adjacent_samples,normal,fragmentation_mean,1.0
W005,frames_in_order,adjacent_samples,normal,gt_tracks_matched,10.0
W005,frames_in_order,adjacent_samples,normal,id_switch_rate,0.028846153846153848
W005,frames_in_order,adjacent_samples,normal,matched_pairs,104.0
W005,frames_in_order,adjacent_samples,normal,reappear_events_judged,0.0
W005,frames_in_order,adjacent_samples,normal,reappear_same_class,
W005,frames_in_order,adjacent_samples,normal,reappear_same_gt,
W005,frames_in_order,adjacent_samples,normal,reappearance_rate,0.0
W005,frames_in_order,adjacent_samples,normal,seeded_regions,9.0
W005,frames_in_order,adjacent_samples,normal,survival_backward,1.0
W005,frames_in_order,adjacent_samples,normal,survival_forward,0.976190476190476
W005,frames_in_order,adjacent_samples,rgb,class_switch_rate,0.024096385542168676
W005,frames_in_order,adjacent_samples,rgb,fragmentation_ge2,0.0
W005,frames_in_order,adjacent_samples,rgb,fragmentation_mean,1.0
W005,frames_in_order,adjacent_samples,rgb,gt_tracks_matched,10.0
W005,frames_in_order,adjacent_samples,rgb,id_switch_rate,0.03614457831325301
W005,frames_in_order,adjacent_samples,rgb,matched_pairs,83.0
W005,frames_in_order,adjacent_samples,rgb,reappear_events_judged,0.0
W005,frames_in_order,adjacent_samples,rgb,reappear_same_class,
W005,frames_in_order,adjacent_samples,rgb,reappear_same_gt,
W005,frames_in_order,adjacent_samples,rgb,reappearance_rate,0.09090909090909091
W005,frames_in_order,adjacent_samples,rgb,seeded_regions,11.0
W005,frames_in_order,adjacent_samples,rgb,survival_backward,0.9575757575757575
W005,frames_in_order,adjacent_samples,rgb,survival_forward,1.0
W005,frames_in_order,consecutive_annotated,depth,class_switch_rate,0.027777777777777776
W005,frames_in_order,consecutive_annotated,depth,fragmentation_ge2,0.0
W005,frames_in_order,consecutive_annotated,depth,fragmentation_mean,1.0
W005,frames_in_order,consecutive_annotated,depth,gt_tracks_matched,8.0
W005,frames_in_order,consecutive_annotated,depth,id_switch_rate,0.041666666666666664
W005,frames_in_order,consecutive_annotated,depth,matched_pairs,72.0
W005,frames_in_order,consecutive_annotated,depth,reappear_events_judged,0.0
W005,frames_in_order,consecutive_annotated,depth,reappear_same_class,
W005,frames_in_order,consecutive_annotated,depth,reappear_same_gt,
W005,frames_in_order,consecutive_annotated,depth,reappearance_rate,0.3
W005,frames_in_order,consecutive_annotated,depth,seeded_regions,10.0
W005,frames_in_order,consecutive_annotated,depth,survival_backward,0.8
W005,frames_in_order,consecutive_annotated,depth,survival_forward,0.8785714285714284
W005,frames_in_order,consecutive_annotated,normal,class_switch_rate,0.019230769230769232
W005,frames_in_order,consecutive_annotated,normal,fragmentation_ge2,0.0
W005,frames_in_order,consecutive_annotated,normal,fragmentation_mean,1.0
W005,frames_in_order,consecutive_annotated,normal,gt_tracks_matched,10.0
W005,frames_in_order,consecutive_annotated,normal,id_switch_rate,0.028846153846153848
W005,frames_in_order,consecutive_annotated,normal,matched_pairs,104.0
W005,frames_in_order,consecutive_annotated,normal,reappear_events_judged,0.0
W005,frames_in_order,consecutive_annotated,normal,reappear_same_class,
W005,frames_in_order,consecutive_annotated,normal,reappear_same_gt,
W005,frames_in_order,consecutive_annotated,normal,reappearance_rate,0.0
W005,frames_in_order,consecutive_annotated,normal,seeded_regions,9.0
W005,frames_in_order,consecutive_annotated,normal,survival_backward,1.0
W005,frames_in_order,consecutive_annotated,normal,survival_forward,0.976190476190476
W005,frames_in_order,consecutive_annotated,rgb,class_switch_rate,0.024096385542168676
W005,frames_in_order,consecutive_annotated,rgb,fragmentation_ge2,0.0
W005,frames_in_order,consecutive_annotated,rgb,fragmentation_mean,1.0
W005,frames_in_order,consecutive_annotated,rgb,gt_tracks_matched,10.0
W005,frames_in_order,consecutive_annotated,rgb,id_switch_rate,0.03614457831325301
W005,frames_in_order,consecutive_annotated,rgb,matched_pairs,83.0
W005,frames_in_order,consecutive_annotated,rgb,reappear_events_judged,0.0
W005,frames_in_order,consecutive_annotated,rgb,reappear_same_class,
W005,frames_in_order,consecutive_annotated,rgb,reappear_same_gt,
W005,frames_in_order,consecutive_annotated,rgb,reappearance_rate,0.09090909090909091
W005,frames_in_order,consecutive_annotated,rgb,seeded_regions,11.0
W005,frames_in_order,consecutive_annotated,rgb,survival_backward,0.9575757575757575
W005,frames_in_order,consecutive_annotated,rgb,survival_forward,1.0
W006,all,adjacent_samples,depth,class_switch_rate,0.0
W006,all,adjacent_samples,depth,fragmentation_ge2,0.0
W006,all,adjacent_samples,depth,fragmentation_mean,1.0
W006,all,adjacent_samples,depth,gt_tracks_matched,12.0
W006,all,adjacent_samples,depth,id_switch_rate,0.0
W006,all,adjacent_samples,depth,matched_pairs,33.0
W006,all,adjacent_samples,depth,reappear_events_judged,2.0
W006,all,adjacent_samples,depth,reappear_same_class,1.0
W006,all,adjacent_samples,depth,reappear_same_gt,0.0
W006,all,adjacent_samples,depth,reappearance_rate,0.1111111111111111
W006,all,adjacent_samples,depth,seeded_regions,9.0
W006,all,adjacent_samples,depth,survival_backward,0.7777777777777778
W006,all,adjacent_samples,depth,survival_forward,0.7777777777777778
W006,all,adjacent_samples,normal,class_switch_rate,0.0
W006,all,adjacent_samples,normal,fragmentation_ge2,0.0
W006,all,adjacent_samples,normal,fragmentation_mean,1.0
W006,all,adjacent_samples,normal,gt_tracks_matched,13.0
W006,all,adjacent_samples,normal,id_switch_rate,0.0
W006,all,adjacent_samples,normal,matched_pairs,51.0
W006,all,adjacent_samples,normal,reappear_events_judged,2.0
W006,all,adjacent_samples,normal,reappear_same_class,1.0
W006,all,adjacent_samples,normal,reappear_same_gt,0.0
W006,all,adjacent_samples,normal,reappearance_rate,0.4
W006,all,adjacent_samples,normal,seeded_regions,15.0
W006,all,adjacent_samples,normal,survival_backward,0.6977777777777778
W006,all,adjacent_samples,normal,survival_forward,0.8
W006,all,adjacent_samples,rgb,class_switch_rate,0.0
W006,all,adjacent_samples,rgb,fragmentation_ge2,0.0
W006,all,adjacent_samples,rgb,fragmentation_mean,1.0
W006,all,adjacent_samples,rgb,gt_tracks_matched,27.0
W006,all,adjacent_samples,rgb,id_switch_rate,0.08823529411764706
W006,all,adjacent_samples,rgb,matched_pairs,68.0
W006,all,adjacent_samples,rgb,reappear_events_judged,2.0
W006,all,adjacent_samples,rgb,reappear_same_class,1.0
W006,all,adjacent_samples,rgb,reappear_same_gt,0.5
W006,all,adjacent_samples,rgb,reappearance_rate,0.2631578947368421
W006,all,adjacent_samples,rgb,seeded_regions,19.0
W006,all,adjacent_samples,rgb,survival_backward,0.6070175438596491
W006,all,adjacent_samples,rgb,survival_forward,0.9022556390977443
W006,all,consecutive_annotated,depth,class_switch_rate,0.0
W006,all,consecutive_annotated,depth,fragmentation_ge2,0.0
W006,all,consecutive_annotated,depth,fragmentation_mean,1.0
W006,all,consecutive_annotated,depth,gt_tracks_matched,8.0
W006,all,consecutive_annotated,depth,id_switch_rate,0.0
W006,all,consecutive_annotated,depth,matched_pairs,36.0
W006,all,consecutive_annotated,depth,reappear_events_judged,2.0
W006,all,consecutive_annotated,depth,reappear_same_class,1.0
W006,all,consecutive_annotated,depth,reappear_same_gt,0.0
W006,all,consecutive_annotated,depth,reappearance_rate,0.1111111111111111
W006,all,consecutive_annotated,depth,seeded_regions,9.0
W006,all,consecutive_annotated,depth,survival_backward,0.7777777777777778
W006,all,consecutive_annotated,depth,survival_forward,0.7777777777777778
W006,all,consecutive_annotated,normal,class_switch_rate,0.0
W006,all,consecutive_annotated,normal,fragmentation_ge2,0.0
W006,all,consecutive_annotated,normal,fragmentation_mean,1.0
W006,all,consecutive_annotated,normal,gt_tracks_matched,10.0
W006,all,consecutive_annotated,normal,id_switch_rate,0.0
W006,all,consecutive_annotated,normal,matched_pairs,54.0
W006,all,consecutive_annotated,normal,reappear_events_judged,2.0
W006,all,consecutive_annotated,normal,reappear_same_class,1.0
W006,all,consecutive_annotated,normal,reappear_same_gt,0.0
W006,all,consecutive_annotated,normal,reappearance_rate,0.4
W006,all,consecutive_annotated,normal,seeded_regions,15.0
W006,all,consecutive_annotated,normal,survival_backward,0.6977777777777778
W006,all,consecutive_annotated,normal,survival_forward,0.8
W006,all,consecutive_annotated,rgb,class_switch_rate,0.0
W006,all,consecutive_annotated,rgb,fragmentation_ge2,0.0
W006,all,consecutive_annotated,rgb,fragmentation_mean,1.0
W006,all,consecutive_annotated,rgb,gt_tracks_matched,23.0
W006,all,consecutive_annotated,rgb,id_switch_rate,0.08450704225352113
W006,all,consecutive_annotated,rgb,matched_pairs,71.0
W006,all,consecutive_annotated,rgb,reappear_events_judged,2.0
W006,all,consecutive_annotated,rgb,reappear_same_class,1.0
W006,all,consecutive_annotated,rgb,reappear_same_gt,0.5
W006,all,consecutive_annotated,rgb,reappearance_rate,0.2631578947368421
W006,all,consecutive_annotated,rgb,seeded_regions,19.0
W006,all,consecutive_annotated,rgb,survival_backward,0.6070175438596491
W006,all,consecutive_annotated,rgb,survival_forward,0.9022556390977443
W006,frames_in_order,adjacent_samples,depth,class_switch_rate,0.0
W006,frames_in_order,adjacent_samples,depth,fragmentation_ge2,0.0
W006,frames_in_order,adjacent_samples,depth,fragmentation_mean,1.0
W006,frames_in_order,adjacent_samples,depth,gt_tracks_matched,12.0
W006,frames_in_order,adjacent_samples,depth,id_switch_rate,0.0
W006,frames_in_order,adjacent_samples,depth,matched_pairs,33.0
W006,frames_in_order,adjacent_samples,depth,reappear_events_judged,2.0
W006,frames_in_order,adjacent_samples,depth,reappear_same_class,1.0
W006,frames_in_order,adjacent_samples,depth,reappear_same_gt,0.0
W006,frames_in_order,adjacent_samples,depth,reappearance_rate,0.1111111111111111
W006,frames_in_order,adjacent_samples,depth,seeded_regions,9.0
W006,frames_in_order,adjacent_samples,depth,survival_backward,0.7777777777777778
W006,frames_in_order,adjacent_samples,depth,survival_forward,0.7777777777777778
W006,frames_in_order,adjacent_samples,normal,class_switch_rate,0.0
W006,frames_in_order,adjacent_samples,normal,fragmentation_ge2,0.0
W006,frames_in_order,adjacent_samples,normal,fragmentation_mean,1.0
W006,frames_in_order,adjacent_samples,normal,gt_tracks_matched,13.0
W006,frames_in_order,adjacent_samples,normal,id_switch_rate,0.0
W006,frames_in_order,adjacent_samples,normal,matched_pairs,51.0
W006,frames_in_order,adjacent_samples,normal,reappear_events_judged,2.0
W006,frames_in_order,adjacent_samples,normal,reappear_same_class,1.0
W006,frames_in_order,adjacent_samples,normal,reappear_same_gt,0.0
W006,frames_in_order,adjacent_samples,normal,reappearance_rate,0.4
W006,frames_in_order,adjacent_samples,normal,seeded_regions,15.0
W006,frames_in_order,adjacent_samples,normal,survival_backward,0.6977777777777778
W006,frames_in_order,adjacent_samples,normal,survival_forward,0.8
W006,frames_in_order,adjacent_samples,rgb,class_switch_rate,0.0
W006,frames_in_order,adjacent_samples,rgb,fragmentation_ge2,0.0
W006,frames_in_order,adjacent_samples,rgb,fragmentation_mean,1.0
W006,frames_in_order,adjacent_samples,rgb,gt_tracks_matched,27.0
W006,frames_in_order,adjacent_samples,rgb,id_switch_rate,0.08823529411764706
W006,frames_in_order,adjacent_samples,rgb,matched_pairs,68.0
W006,frames_in_order,adjacent_samples,rgb,reappear_events_judged,2.0
W006,frames_in_order,adjacent_samples,rgb,reappear_same_class,1.0
W006,frames_in_order,adjacent_samples,rgb,reappear_same_gt,0.5
W006,frames_in_order,adjacent_samples,rgb,reappearance_rate,0.2631578947368421
W006,frames_in_order,adjacent_samples,rgb,seeded_regions,19.0
W006,frames_in_order,adjacent_samples,rgb,survival_backward,0.6070175438596491
W006,frames_in_order,adjacent_samples,rgb,survival_forward,0.9022556390977443
W006,frames_in_order,consecutive_annotated,depth,class_switch_rate,0.0
W006,frames_in_order,consecutive_annotated,depth,fragmentation_ge2,0.0
W006,frames_in_order,consecutive_annotated,depth,fragmentation_mean,1.0
W006,frames_in_order,consecutive_annotated,depth,gt_tracks_matched,8.0
W006,frames_in_order,consecutive_annotated,depth,id_switch_rate,0.0
W006,frames_in_order,consecutive_annotated,depth,matched_pairs,36.0
W006,frames_in_order,consecutive_annotated,depth,reappear_events_judged,2.0
W006,frames_in_order,consecutive_annotated,depth,reappear_same_class,1.0
W006,frames_in_order,consecutive_annotated,depth,reappear_same_gt,0.0
W006,frames_in_order,consecutive_annotated,depth,reappearance_rate,0.1111111111111111
W006,frames_in_order,consecutive_annotated,depth,seeded_regions,9.0
W006,frames_in_order,consecutive_annotated,depth,survival_backward,0.7777777777777778
W006,frames_in_order,consecutive_annotated,depth,survival_forward,0.7777777777777778
W006,frames_in_order,consecutive_annotated,normal,class_switch_rate,0.0
W006,frames_in_order,consecutive_annotated,normal,fragmentation_ge2,0.0
W006,frames_in_order,consecutive_annotated,normal,fragmentation_mean,1.0
W006,frames_in_order,consecutive_annotated,normal,gt_tracks_matched,10.0
W006,frames_in_order,consecutive_annotated,normal,id_switch_rate,0.0
W006,frames_in_order,consecutive_annotated,normal,matched_pairs,54.0
W006,frames_in_order,consecutive_annotated,normal,reappear_events_judged,2.0
W006,frames_in_order,consecutive_annotated,normal,reappear_same_class,1.0
W006,frames_in_order,consecutive_annotated,normal,reappear_same_gt,0.0
W006,frames_in_order,consecutive_annotated,normal,reappearance_rate,0.4
W006,frames_in_order,consecutive_annotated,normal,seeded_regions,15.0
W006,frames_in_order,consecutive_annotated,normal,survival_backward,0.6977777777777778
W006,frames_in_order,consecutive_annotated,normal,survival_forward,0.8
W006,frames_in_order,consecutive_annotated,rgb,class_switch_rate,0.0
W006,frames_in_order,consecutive_annotated,rgb,fragmentation_ge2,0.0
W006,frames_in_order,consecutive_annotated,rgb,fragmentation_mean,1.0
W006,frames_in_order,consecutive_annotated,rgb,gt_tracks_matched,23.0
W006,frames_in_order,consecutive_annotated,rgb,id_switch_rate,0.08450704225352113
W006,frames_in_order,consecutive_annotated,rgb,matched_pairs,71.0
W006,frames_in_order,consecutive_annotated,rgb,reappear_events_judged,2.0
W006,frames_in_order,consecutive_annotated,rgb,reappear_same_class,1.0
W006,frames_in_order,consecutive_annotated,rgb,reappear_same_gt,0.5
W006,frames_in_order,consecutive_annotated,rgb,reappearance_rate,0.2631578947368421
W006,frames_in_order,consecutive_annotated,rgb,seeded_regions,19.0
W006,frames_in_order,consecutive_annotated,rgb,survival_backward,0.6070175438596491
W006,frames_in_order,consecutive_annotated,rgb,survival_forward,0.9022556390977443
W007,all,adjacent_samples,depth,class_switch_rate,0.03571428571428571
W007,all,adjacent_samples,depth,fragmentation_ge2,0.11764705882352941
W007,all,adjacent_samples,depth,fragmentation_mean,1.1176470588235294
W007,all,adjacent_samples,depth,gt_tracks_matched,17.0
W007,all,adjacent_samples,depth,id_switch_rate,0.05357142857142857
W007,all,adjacent_samples,depth,matched_pairs,56.0
W007,all,adjacent_samples,depth,reappear_events_judged,2.0
W007,all,adjacent_samples,depth,reappear_same_class,1.0
W007,all,adjacent_samples,depth,reappear_same_gt,0.0
W007,all,adjacent_samples,depth,reappearance_rate,0.375
W007,all,adjacent_samples,depth,seeded_regions,8.0
W007,all,adjacent_samples,depth,survival_backward,0.9083333333333333
W007,all,adjacent_samples,depth,survival_forward,0.9196428571428572
W007,all,adjacent_samples,normal,class_switch_rate,0.0
W007,all,adjacent_samples,normal,fragmentation_ge2,0.0
W007,all,adjacent_samples,normal,fragmentation_mean,1.0
W007,all,adjacent_samples,normal,gt_tracks_matched,23.0
W007,all,adjacent_samples,normal,id_switch_rate,0.01694915254237288
W007,all,adjacent_samples,normal,matched_pairs,59.0
W007,all,adjacent_samples,normal,reappear_events_judged,2.0
W007,all,adjacent_samples,normal,reappear_same_class,1.0
W007,all,adjacent_samples,normal,reappear_same_gt,0.0
W007,all,adjacent_samples,normal,reappearance_rate,0.26666666666666666
W007,all,adjacent_samples,normal,seeded_regions,15.0
W007,all,adjacent_samples,normal,survival_backward,0.7822222222222223
W007,all,adjacent_samples,normal,survival_forward,0.9380952380952381
W007,all,adjacent_samples,rgb,class_switch_rate,0.019230769230769232
W007,all,adjacent_samples,rgb,fragmentation_ge2,0.02857142857142857
W007,all,adjacent_samples,rgb,fragmentation_mean,1.0285714285714285
W007,all,adjacent_samples,rgb,gt_tracks_matched,35.0
W007,all,adjacent_samples,rgb,id_switch_rate,0.07692307692307693
W007,all,adjacent_samples,rgb,matched_pairs,104.0
W007,all,adjacent_samples,rgb,reappear_events_judged,3.0
W007,all,adjacent_samples,rgb,reappear_same_class,1.0
W007,all,adjacent_samples,rgb,reappear_same_gt,0.0
W007,all,adjacent_samples,rgb,reappearance_rate,0.3333333333333333
W007,all,adjacent_samples,rgb,seeded_regions,24.0
W007,all,adjacent_samples,rgb,survival_backward,0.7583333333333333
W007,all,adjacent_samples,rgb,survival_forward,0.9404761904761906
W007,all,consecutive_annotated,depth,class_switch_rate,0.034482758620689655
W007,all,consecutive_annotated,depth,fragmentation_ge2,0.15384615384615385
W007,all,consecutive_annotated,depth,fragmentation_mean,1.1538461538461537
W007,all,consecutive_annotated,depth,gt_tracks_matched,13.0
W007,all,consecutive_annotated,depth,id_switch_rate,0.05172413793103448
W007,all,consecutive_annotated,depth,matched_pairs,58.0
W007,all,consecutive_annotated,depth,reappear_events_judged,2.0
W007,all,consecutive_annotated,depth,reappear_same_class,1.0
W007,all,consecutive_annotated,depth,reappear_same_gt,1.0
W007,all,consecutive_annotated,depth,reappearance_rate,0.375
W007,all,consecutive_annotated,depth,seeded_regions,8.0
W007,all,consecutive_annotated,depth,survival_backward,0.9083333333333333
W007,all,consecutive_annotated,depth,survival_forward,0.9196428571428572
W007,all,consecutive_annotated,normal,class_switch_rate,0.0
W007,all,consecutive_annotated,normal,fragmentation_ge2,0.0625
W007,all,consecutive_annotated,normal,fragmentation_mean,1.0625
W007,all,consecutive_annotated,normal,gt_tracks_matched,16.0
W007,all,consecutive_annotated,normal,id_switch_rate,0.015873015873015872
W007,all,consecutive_annotated,normal,matched_pairs,63.0
W007,all,consecutive_annotated,normal,reappear_events_judged,2.0
W007,all,consecutive_annotated,normal,reappear_same_class,1.0
W007,all,consecutive_annotated,normal,reappear_same_gt,1.0
W007,all,consecutive_annotated,normal,reappearance_rate,0.26666666666666666
W007,all,consecutive_annotated,normal,seeded_regions,15.0
W007,all,consecutive_annotated,normal,survival_backward,0.7822222222222223
W007,all,consecutive_annotated,normal,survival_forward,0.9380952380952381
W007,all,consecutive_annotated,rgb,class_switch_rate,0.018018018018018018
W007,all,consecutive_annotated,rgb,fragmentation_ge2,0.038461538461538464
W007,all,consecutive_annotated,rgb,fragmentation_mean,1.0384615384615385
W007,all,consecutive_annotated,rgb,gt_tracks_matched,26.0
W007,all,consecutive_annotated,rgb,id_switch_rate,0.08108108108108109
W007,all,consecutive_annotated,rgb,matched_pairs,111.0
W007,all,consecutive_annotated,rgb,reappear_events_judged,3.0
W007,all,consecutive_annotated,rgb,reappear_same_class,1.0
W007,all,consecutive_annotated,rgb,reappear_same_gt,0.6666666666666666
W007,all,consecutive_annotated,rgb,reappearance_rate,0.3333333333333333
W007,all,consecutive_annotated,rgb,seeded_regions,24.0
W007,all,consecutive_annotated,rgb,survival_backward,0.7583333333333333
W007,all,consecutive_annotated,rgb,survival_forward,0.9404761904761906
W007,frames_in_order,adjacent_samples,depth,class_switch_rate,0.03571428571428571
W007,frames_in_order,adjacent_samples,depth,fragmentation_ge2,0.11764705882352941
W007,frames_in_order,adjacent_samples,depth,fragmentation_mean,1.1176470588235294
W007,frames_in_order,adjacent_samples,depth,gt_tracks_matched,17.0
W007,frames_in_order,adjacent_samples,depth,id_switch_rate,0.05357142857142857
W007,frames_in_order,adjacent_samples,depth,matched_pairs,56.0
W007,frames_in_order,adjacent_samples,depth,reappear_events_judged,2.0
W007,frames_in_order,adjacent_samples,depth,reappear_same_class,1.0
W007,frames_in_order,adjacent_samples,depth,reappear_same_gt,0.0
W007,frames_in_order,adjacent_samples,depth,reappearance_rate,0.375
W007,frames_in_order,adjacent_samples,depth,seeded_regions,8.0
W007,frames_in_order,adjacent_samples,depth,survival_backward,0.9083333333333333
W007,frames_in_order,adjacent_samples,depth,survival_forward,0.9196428571428572
W007,frames_in_order,adjacent_samples,normal,class_switch_rate,0.0
W007,frames_in_order,adjacent_samples,normal,fragmentation_ge2,0.0
W007,frames_in_order,adjacent_samples,normal,fragmentation_mean,1.0
W007,frames_in_order,adjacent_samples,normal,gt_tracks_matched,23.0
W007,frames_in_order,adjacent_samples,normal,id_switch_rate,0.01694915254237288
W007,frames_in_order,adjacent_samples,normal,matched_pairs,59.0
W007,frames_in_order,adjacent_samples,normal,reappear_events_judged,2.0
W007,frames_in_order,adjacent_samples,normal,reappear_same_class,1.0
W007,frames_in_order,adjacent_samples,normal,reappear_same_gt,0.0
W007,frames_in_order,adjacent_samples,normal,reappearance_rate,0.26666666666666666
W007,frames_in_order,adjacent_samples,normal,seeded_regions,15.0
W007,frames_in_order,adjacent_samples,normal,survival_backward,0.7822222222222223
W007,frames_in_order,adjacent_samples,normal,survival_forward,0.9380952380952381
W007,frames_in_order,adjacent_samples,rgb,class_switch_rate,0.019230769230769232
W007,frames_in_order,adjacent_samples,rgb,fragmentation_ge2,0.02857142857142857
W007,frames_in_order,adjacent_samples,rgb,fragmentation_mean,1.0285714285714285
W007,frames_in_order,adjacent_samples,rgb,gt_tracks_matched,35.0
W007,frames_in_order,adjacent_samples,rgb,id_switch_rate,0.07692307692307693
W007,frames_in_order,adjacent_samples,rgb,matched_pairs,104.0
W007,frames_in_order,adjacent_samples,rgb,reappear_events_judged,3.0
W007,frames_in_order,adjacent_samples,rgb,reappear_same_class,1.0
W007,frames_in_order,adjacent_samples,rgb,reappear_same_gt,0.0
W007,frames_in_order,adjacent_samples,rgb,reappearance_rate,0.3333333333333333
W007,frames_in_order,adjacent_samples,rgb,seeded_regions,24.0
W007,frames_in_order,adjacent_samples,rgb,survival_backward,0.7583333333333333
W007,frames_in_order,adjacent_samples,rgb,survival_forward,0.9404761904761906
W007,frames_in_order,consecutive_annotated,depth,class_switch_rate,0.034482758620689655
W007,frames_in_order,consecutive_annotated,depth,fragmentation_ge2,0.15384615384615385
W007,frames_in_order,consecutive_annotated,depth,fragmentation_mean,1.1538461538461537
W007,frames_in_order,consecutive_annotated,depth,gt_tracks_matched,13.0
W007,frames_in_order,consecutive_annotated,depth,id_switch_rate,0.05172413793103448
W007,frames_in_order,consecutive_annotated,depth,matched_pairs,58.0
W007,frames_in_order,consecutive_annotated,depth,reappear_events_judged,2.0
W007,frames_in_order,consecutive_annotated,depth,reappear_same_class,1.0
W007,frames_in_order,consecutive_annotated,depth,reappear_same_gt,1.0
W007,frames_in_order,consecutive_annotated,depth,reappearance_rate,0.375
W007,frames_in_order,consecutive_annotated,depth,seeded_regions,8.0
W007,frames_in_order,consecutive_annotated,depth,survival_backward,0.9083333333333333
W007,frames_in_order,consecutive_annotated,depth,survival_forward,0.9196428571428572
W007,frames_in_order,consecutive_annotated,normal,class_switch_rate,0.0
W007,frames_in_order,consecutive_annotated,normal,fragmentation_ge2,0.0625
W007,frames_in_order,consecutive_annotated,normal,fragmentation_mean,1.0625
W007,frames_in_order,consecutive_annotated,normal,gt_tracks_matched,16.0
W007,frames_in_order,consecutive_annotated,normal,id_switch_rate,0.015873015873015872
W007,frames_in_order,consecutive_annotated,normal,matched_pairs,63.0
W007,frames_in_order,consecutive_annotated,normal,reappear_events_judged,2.0
W007,frames_in_order,consecutive_annotated,normal,reappear_same_class,1.0
W007,frames_in_order,consecutive_annotated,normal,reappear_same_gt,1.0
W007,frames_in_order,consecutive_annotated,normal,reappearance_rate,0.26666666666666666
W007,frames_in_order,consecutive_annotated,normal,seeded_regions,15.0
W007,frames_in_order,consecutive_annotated,normal,survival_backward,0.7822222222222223
W007,frames_in_order,consecutive_annotated,normal,survival_forward,0.9380952380952381
W007,frames_in_order,consecutive_annotated,rgb,class_switch_rate,0.018018018018018018
W007,frames_in_order,consecutive_annotated,rgb,fragmentation_ge2,0.038461538461538464
W007,frames_in_order,consecutive_annotated,rgb,fragmentation_mean,1.0384615384615385
W007,frames_in_order,consecutive_annotated,rgb,gt_tracks_matched,26.0
W007,frames_in_order,consecutive_annotated,rgb,id_switch_rate,0.08108108108108109
W007,frames_in_order,consecutive_annotated,rgb,matched_pairs,111.0
W007,frames_in_order,consecutive_annotated,rgb,reappear_events_judged,3.0
W007,frames_in_order,consecutive_annotated,rgb,reappear_same_class,1.0
W007,frames_in_order,consecutive_annotated,rgb,reappear_same_gt,0.6666666666666666
W007,frames_in_order,consecutive_annotated,rgb,reappearance_rate,0.3333333333333333
W007,frames_in_order,consecutive_annotated,rgb,seeded_regions,24.0
W007,frames_in_order,consecutive_annotated,rgb,survival_backward,0.7583333333333333
W007,frames_in_order,consecutive_annotated,rgb,survival_forward,0.9404761904761906
W008,all,adjacent_samples,depth,class_switch_rate,0.0
W008,all,adjacent_samples,depth,fragmentation_ge2,0.0
W008,all,adjacent_samples,depth,fragmentation_mean,1.0
W008,all,adjacent_samples,depth,gt_tracks_matched,12.0
W008,all,adjacent_samples,depth,id_switch_rate,0.0
W008,all,adjacent_samples,depth,matched_pairs,34.0
W008,all,adjacent_samples,depth,reappear_events_judged,2.0
W008,all,adjacent_samples,depth,reappear_same_class,1.0
W008,all,adjacent_samples,depth,reappear_same_gt,0.0
W008,all,adjacent_samples,depth,reappearance_rate,0.5
W008,all,adjacent_samples,depth,seeded_regions,10.0
W008,all,adjacent_samples,depth,survival_backward,0.7533333333333333
W008,all,adjacent_samples,depth,survival_forward,0.9642857142857142
W008,all,adjacent_samples,normal,class_switch_rate,0.0
W008,all,adjacent_samples,normal,fragmentation_ge2,0.0
W008,all,adjacent_samples,normal,fragmentation_mean,1.0
W008,all,adjacent_samples,normal,gt_tracks_matched,12.0
W008,all,adjacent_samples,normal,id_switch_rate,0.0
W008,all,adjacent_samples,normal,matched_pairs,39.0
W008,all,adjacent_samples,normal,reappear_events_judged,0.0
W008,all,adjacent_samples,normal,reappear_same_class,
W008,all,adjacent_samples,normal,reappear_same_gt,
W008,all,adjacent_samples,normal,reappearance_rate,0.4666666666666667
W008,all,adjacent_samples,normal,seeded_regions,15.0
W008,all,adjacent_samples,normal,survival_backward,0.7422222222222222
W008,all,adjacent_samples,normal,survival_forward,0.980952380952381
W008,all,adjacent_samples,rgb,class_switch_rate,0.0
W008,all,adjacent_samples,rgb,fragmentation_ge2,0.03571428571428571
W008,all,adjacent_samples,rgb,fragmentation_mean,1.0357142857142858
W008,all,adjacent_samples,rgb,gt_tracks_matched,28.0
W008,all,adjacent_samples,rgb,id_switch_rate,0.0273972602739726
W008,all,adjacent_samples,rgb,matched_pairs,73.0
W008,all,adjacent_samples,rgb,reappear_events_judged,3.0
W008,all,adjacent_samples,rgb,reappear_same_class,1.0
W008,all,adjacent_samples,rgb,reappear_same_gt,0.0
W008,all,adjacent_samples,rgb,reappearance_rate,0.4782608695652174
W008,all,adjacent_samples,rgb,seeded_regions,23.0
W008,all,adjacent_samples,rgb,survival_backward,0.7014492753623188
W008,all,adjacent_samples,rgb,survival_forward,0.9161490683229815
W008,all,consecutive_annotated,depth,class_switch_rate,0.0
W008,all,consecutive_annotated,depth,fragmentation_ge2,0.0
W008,all,consecutive_annotated,depth,fragmentation_mean,1.0
W008,all,consecutive_annotated,depth,gt_tracks_matched,9.0
W008,all,consecutive_annotated,depth,id_switch_rate,0.0
W008,all,consecutive_annotated,depth,matched_pairs,37.0
W008,all,consecutive_annotated,depth,reappear_events_judged,2.0
W008,all,consecutive_annotated,depth,reappear_same_class,1.0
W008,all,consecutive_annotated,depth,reappear_same_gt,0.0
W008,all,consecutive_annotated,depth,reappearance_rate,0.5
W008,all,consecutive_annotated,depth,seeded_regions,10.0
W008,all,consecutive_annotated,depth,survival_backward,0.7533333333333333
W008,all,consecutive_annotated,depth,survival_forward,0.9642857142857142
W008,all,consecutive_annotated,normal,class_switch_rate,0.0
W008,all,consecutive_annotated,normal,fragmentation_ge2,0.0
W008,all,consecutive_annotated,normal,fragmentation_mean,1.0
W008,all,consecutive_annotated,normal,gt_tracks_matched,7.0
W008,all,consecutive_annotated,normal,id_switch_rate,0.0
W008,all,consecutive_annotated,normal,matched_pairs,44.0
W008,all,consecutive_annotated,normal,reappear_events_judged,0.0
W008,all,consecutive_annotated,normal,reappear_same_class,
W008,all,consecutive_annotated,normal,reappear_same_gt,
W008,all,consecutive_annotated,normal,reappearance_rate,0.4666666666666667
W008,all,consecutive_annotated,normal,seeded_regions,15.0
W008,all,consecutive_annotated,normal,survival_backward,0.7422222222222222
W008,all,consecutive_annotated,normal,survival_forward,0.980952380952381
W008,all,consecutive_annotated,rgb,class_switch_rate,0.0
W008,all,consecutive_annotated,rgb,fragmentation_ge2,0.047619047619047616
W008,all,consecutive_annotated,rgb,fragmentation_mean,1.0476190476190477
W008,all,consecutive_annotated,rgb,gt_tracks_matched,21.0
W008,all,consecutive_annotated,rgb,id_switch_rate,0.02564102564102564
W008,all,consecutive_annotated,rgb,matched_pairs,78.0
W008,all,consecutive_annotated,rgb,reappear_events_judged,3.0
W008,all,consecutive_annotated,rgb,reappear_same_class,1.0
W008,all,consecutive_annotated,rgb,reappear_same_gt,0.0
W008,all,consecutive_annotated,rgb,reappearance_rate,0.4782608695652174
W008,all,consecutive_annotated,rgb,seeded_regions,23.0
W008,all,consecutive_annotated,rgb,survival_backward,0.7014492753623188
W008,all,consecutive_annotated,rgb,survival_forward,0.9161490683229815
W008,frames_in_order,adjacent_samples,depth,class_switch_rate,0.0
W008,frames_in_order,adjacent_samples,depth,fragmentation_ge2,0.0
W008,frames_in_order,adjacent_samples,depth,fragmentation_mean,1.0
W008,frames_in_order,adjacent_samples,depth,gt_tracks_matched,12.0
W008,frames_in_order,adjacent_samples,depth,id_switch_rate,0.0
W008,frames_in_order,adjacent_samples,depth,matched_pairs,34.0
W008,frames_in_order,adjacent_samples,depth,reappear_events_judged,2.0
W008,frames_in_order,adjacent_samples,depth,reappear_same_class,1.0
W008,frames_in_order,adjacent_samples,depth,reappear_same_gt,0.0
W008,frames_in_order,adjacent_samples,depth,reappearance_rate,0.5
W008,frames_in_order,adjacent_samples,depth,seeded_regions,10.0
W008,frames_in_order,adjacent_samples,depth,survival_backward,0.7533333333333333
W008,frames_in_order,adjacent_samples,depth,survival_forward,0.9642857142857142
W008,frames_in_order,adjacent_samples,normal,class_switch_rate,0.0
W008,frames_in_order,adjacent_samples,normal,fragmentation_ge2,0.0
W008,frames_in_order,adjacent_samples,normal,fragmentation_mean,1.0
W008,frames_in_order,adjacent_samples,normal,gt_tracks_matched,12.0
W008,frames_in_order,adjacent_samples,normal,id_switch_rate,0.0
W008,frames_in_order,adjacent_samples,normal,matched_pairs,39.0
W008,frames_in_order,adjacent_samples,normal,reappear_events_judged,0.0
W008,frames_in_order,adjacent_samples,normal,reappear_same_class,
W008,frames_in_order,adjacent_samples,normal,reappear_same_gt,
W008,frames_in_order,adjacent_samples,normal,reappearance_rate,0.4666666666666667
W008,frames_in_order,adjacent_samples,normal,seeded_regions,15.0
W008,frames_in_order,adjacent_samples,normal,survival_backward,0.7422222222222222
W008,frames_in_order,adjacent_samples,normal,survival_forward,0.980952380952381
W008,frames_in_order,adjacent_samples,rgb,class_switch_rate,0.0
W008,frames_in_order,adjacent_samples,rgb,fragmentation_ge2,0.03571428571428571
W008,frames_in_order,adjacent_samples,rgb,fragmentation_mean,1.0357142857142858
W008,frames_in_order,adjacent_samples,rgb,gt_tracks_matched,28.0
W008,frames_in_order,adjacent_samples,rgb,id_switch_rate,0.0273972602739726
W008,frames_in_order,adjacent_samples,rgb,matched_pairs,73.0
W008,frames_in_order,adjacent_samples,rgb,reappear_events_judged,3.0
W008,frames_in_order,adjacent_samples,rgb,reappear_same_class,1.0
W008,frames_in_order,adjacent_samples,rgb,reappear_same_gt,0.0
W008,frames_in_order,adjacent_samples,rgb,reappearance_rate,0.4782608695652174
W008,frames_in_order,adjacent_samples,rgb,seeded_regions,23.0
W008,frames_in_order,adjacent_samples,rgb,survival_backward,0.7014492753623188
W008,frames_in_order,adjacent_samples,rgb,survival_forward,0.9161490683229815
W008,frames_in_order,consecutive_annotated,depth,class_switch_rate,0.0
W008,frames_in_order,consecutive_annotated,depth,fragmentation_ge2,0.0
W008,frames_in_order,consecutive_annotated,depth,fragmentation_mean,1.0
W008,frames_in_order,consecutive_annotated,depth,gt_tracks_matched,9.0
W008,frames_in_order,consecutive_annotated,depth,id_switch_rate,0.0
W008,frames_in_order,consecutive_annotated,depth,matched_pairs,37.0
W008,frames_in_order,consecutive_annotated,depth,reappear_events_judged,2.0
W008,frames_in_order,consecutive_annotated,depth,reappear_same_class,1.0
W008,frames_in_order,consecutive_annotated,depth,reappear_same_gt,0.0
W008,frames_in_order,consecutive_annotated,depth,reappearance_rate,0.5
W008,frames_in_order,consecutive_annotated,depth,seeded_regions,10.0
W008,frames_in_order,consecutive_annotated,depth,survival_backward,0.7533333333333333
W008,frames_in_order,consecutive_annotated,depth,survival_forward,0.9642857142857142
W008,frames_in_order,consecutive_annotated,normal,class_switch_rate,0.0
W008,frames_in_order,consecutive_annotated,normal,fragmentation_ge2,0.0
W008,frames_in_order,consecutive_annotated,normal,fragmentation_mean,1.0
W008,frames_in_order,consecutive_annotated,normal,gt_tracks_matched,7.0
W008,frames_in_order,consecutive_annotated,normal,id_switch_rate,0.0
W008,frames_in_order,consecutive_annotated,normal,matched_pairs,44.0
W008,frames_in_order,consecutive_annotated,normal,reappear_events_judged,0.0
W008,frames_in_order,consecutive_annotated,normal,reappear_same_class,
W008,frames_in_order,consecutive_annotated,normal,reappear_same_gt,
W008,frames_in_order,consecutive_annotated,normal,reappearance_rate,0.4666666666666667
W008,frames_in_order,consecutive_annotated,normal,seeded_regions,15.0
W008,frames_in_order,consecutive_annotated,normal,survival_backward,0.7422222222222222
W008,frames_in_order,consecutive_annotated,normal,survival_forward,0.980952380952381
W008,frames_in_order,consecutive_annotated,rgb,class_switch_rate,0.0
W008,frames_in_order,consecutive_annotated,rgb,fragmentation_ge2,0.047619047619047616
W008,frames_in_order,consecutive_annotated,rgb,fragmentation_mean,1.0476190476190477
W008,frames_in_order,consecutive_annotated,rgb,gt_tracks_matched,21.0
W008,frames_in_order,consecutive_annotated,rgb,id_switch_rate,0.02564102564102564
W008,frames_in_order,consecutive_annotated,rgb,matched_pairs,78.0
W008,frames_in_order,consecutive_annotated,rgb,reappear_events_judged,3.0
W008,frames_in_order,consecutive_annotated,rgb,reappear_same_class,1.0
W008,frames_in_order,consecutive_annotated,rgb,reappear_same_gt,0.0
W008,frames_in_order,consecutive_annotated,rgb,reappearance_rate,0.4782608695652174
W008,frames_in_order,consecutive_annotated,rgb,seeded_regions,23.0
W008,frames_in_order,consecutive_annotated,rgb,survival_backward,0.7014492753623188
W008,frames_in_order,consecutive_annotated,rgb,survival_forward,0.9161490683229815
W009,all,adjacent_samples,depth,class_switch_rate,0.0
W009,all,adjacent_samples,depth,fragmentation_ge2,0.0
W009,all,adjacent_samples,depth,fragmentation_mean,1.0
W009,all,adjacent_samples,depth,gt_tracks_matched,6.0
W009,all,adjacent_samples,depth,id_switch_rate,0.0
W009,all,adjacent_samples,depth,matched_pairs,76.0
W009,all,adjacent_samples,depth,reappear_events_judged,1.0
W009,all,adjacent_samples,depth,reappear_same_class,1.0
W009,all,adjacent_samples,depth,reappear_same_gt,0.0
W009,all,adjacent_samples,depth,reappearance_rate,0.2
W009,all,adjacent_samples,depth,seeded_regions,5.0
W009,all,adjacent_samples,depth,survival_backward,0.9733333333333334
W009,all,adjacent_samples,depth,survival_forward,0.9857142857142858
W009,all,adjacent_samples,normal,class_switch_rate,0.0
W009,all,adjacent_samples,normal,fragmentation_ge2,0.0
W009,all,adjacent_samples,normal,fragmentation_mean,1.0
W009,all,adjacent_samples,normal,gt_tracks_matched,4.0
W009,all,adjacent_samples,normal,id_switch_rate,0.0
W009,all,adjacent_samples,normal,matched_pairs,62.0
W009,all,adjacent_samples,normal,reappear_events_judged,0.0
W009,all,adjacent_samples,normal,reappear_same_class,
W009,all,adjacent_samples,normal,reappear_same_gt,
W009,all,adjacent_samples,normal,reappearance_rate,0.0
W009,all,adjacent_samples,normal,seeded_regions,6.0
W009,all,adjacent_samples,normal,survival_backward,1.0
W009,all,adjacent_samples,normal,survival_forward,1.0
W009,all,adjacent_samples,rgb,class_switch_rate,0.0
W009,all,adjacent_samples,rgb,fragmentation_ge2,0.1111111111111111
W009,all,adjacent_samples,rgb,fragmentation_mean,1.1111111111111112
W009,all,adjacent_samples,rgb,gt_tracks_matched,9.0
W009,all,adjacent_samples,rgb,id_switch_rate,0.0
W009,all,adjacent_samples,rgb,matched_pairs,91.0
W009,all,adjacent_samples,rgb,reappear_events_judged,1.0
W009,all,adjacent_samples,rgb,reappear_same_class,1.0
W009,all,adjacent_samples,rgb,reappear_same_gt,0.0
W009,all,adjacent_samples,rgb,reappearance_rate,0.4375
W009,all,adjacent_samples,rgb,seeded_regions,16.0
W009,all,adjacent_samples,rgb,survival_backward,0.9
W009,all,adjacent_samples,rgb,survival_forward,0.875
W009,all,consecutive_annotated,depth,class_switch_rate,0.0
W009,all,consecutive_annotated,depth,fragmentation_ge2,0.0
W009,all,consecutive_annotated,depth,fragmentation_mean,1.0
W009,all,consecutive_annotated,depth,gt_tracks_matched,6.0
W009,all,consecutive_annotated,depth,id_switch_rate,0.0
W009,all,consecutive_annotated,depth,matched_pairs,76.0
W009,all,consecutive_annotated,depth,reappear_events_judged,1.0
W009,all,consecutive_annotated,depth,reappear_same_class,1.0
W009,all,consecutive_annotated,depth,reappear_same_gt,0.0
W009,all,consecutive_annotated,depth,reappearance_rate,0.2
W009,all,consecutive_annotated,depth,seeded_regions,5.0
W009,all,consecutive_annotated,depth,survival_backward,0.9733333333333334
W009,all,consecutive_annotated,depth,survival_forward,0.9857142857142858
W009,all,consecutive_annotated,normal,class_switch_rate,0.0
W009,all,consecutive_annotated,normal,fragmentation_ge2,0.0
W009,all,consecutive_annotated,normal,fragmentation_mean,1.0
W009,all,consecutive_annotated,normal,gt_tracks_matched,4.0
W009,all,consecutive_annotated,normal,id_switch_rate,0.0
W009,all,consecutive_annotated,normal,matched_pairs,62.0
W009,all,consecutive_annotated,normal,reappear_events_judged,0.0
W009,all,consecutive_annotated,normal,reappear_same_class,
W009,all,consecutive_annotated,normal,reappear_same_gt,
W009,all,consecutive_annotated,normal,reappearance_rate,0.0
W009,all,consecutive_annotated,normal,seeded_regions,6.0
W009,all,consecutive_annotated,normal,survival_backward,1.0
W009,all,consecutive_annotated,normal,survival_forward,1.0
W009,all,consecutive_annotated,rgb,class_switch_rate,0.0
W009,all,consecutive_annotated,rgb,fragmentation_ge2,0.1111111111111111
W009,all,consecutive_annotated,rgb,fragmentation_mean,1.1111111111111112
W009,all,consecutive_annotated,rgb,gt_tracks_matched,9.0
W009,all,consecutive_annotated,rgb,id_switch_rate,0.0
W009,all,consecutive_annotated,rgb,matched_pairs,91.0
W009,all,consecutive_annotated,rgb,reappear_events_judged,1.0
W009,all,consecutive_annotated,rgb,reappear_same_class,1.0
W009,all,consecutive_annotated,rgb,reappear_same_gt,0.0
W009,all,consecutive_annotated,rgb,reappearance_rate,0.4375
W009,all,consecutive_annotated,rgb,seeded_regions,16.0
W009,all,consecutive_annotated,rgb,survival_backward,0.9
W009,all,consecutive_annotated,rgb,survival_forward,0.875
W009,frames_in_order,adjacent_samples,depth,class_switch_rate,0.0
W009,frames_in_order,adjacent_samples,depth,fragmentation_ge2,0.0
W009,frames_in_order,adjacent_samples,depth,fragmentation_mean,1.0
W009,frames_in_order,adjacent_samples,depth,gt_tracks_matched,6.0
W009,frames_in_order,adjacent_samples,depth,id_switch_rate,0.0
W009,frames_in_order,adjacent_samples,depth,matched_pairs,76.0
W009,frames_in_order,adjacent_samples,depth,reappear_events_judged,1.0
W009,frames_in_order,adjacent_samples,depth,reappear_same_class,1.0
W009,frames_in_order,adjacent_samples,depth,reappear_same_gt,0.0
W009,frames_in_order,adjacent_samples,depth,reappearance_rate,0.2
W009,frames_in_order,adjacent_samples,depth,seeded_regions,5.0
W009,frames_in_order,adjacent_samples,depth,survival_backward,0.9733333333333334
W009,frames_in_order,adjacent_samples,depth,survival_forward,0.9857142857142858
W009,frames_in_order,adjacent_samples,normal,class_switch_rate,0.0
W009,frames_in_order,adjacent_samples,normal,fragmentation_ge2,0.0
W009,frames_in_order,adjacent_samples,normal,fragmentation_mean,1.0
W009,frames_in_order,adjacent_samples,normal,gt_tracks_matched,4.0
W009,frames_in_order,adjacent_samples,normal,id_switch_rate,0.0
W009,frames_in_order,adjacent_samples,normal,matched_pairs,62.0
W009,frames_in_order,adjacent_samples,normal,reappear_events_judged,0.0
W009,frames_in_order,adjacent_samples,normal,reappear_same_class,
W009,frames_in_order,adjacent_samples,normal,reappear_same_gt,
W009,frames_in_order,adjacent_samples,normal,reappearance_rate,0.0
W009,frames_in_order,adjacent_samples,normal,seeded_regions,6.0
W009,frames_in_order,adjacent_samples,normal,survival_backward,1.0
W009,frames_in_order,adjacent_samples,normal,survival_forward,1.0
W009,frames_in_order,adjacent_samples,rgb,class_switch_rate,0.0
W009,frames_in_order,adjacent_samples,rgb,fragmentation_ge2,0.1111111111111111
W009,frames_in_order,adjacent_samples,rgb,fragmentation_mean,1.1111111111111112
W009,frames_in_order,adjacent_samples,rgb,gt_tracks_matched,9.0
W009,frames_in_order,adjacent_samples,rgb,id_switch_rate,0.0
W009,frames_in_order,adjacent_samples,rgb,matched_pairs,91.0
W009,frames_in_order,adjacent_samples,rgb,reappear_events_judged,1.0
W009,frames_in_order,adjacent_samples,rgb,reappear_same_class,1.0
W009,frames_in_order,adjacent_samples,rgb,reappear_same_gt,0.0
W009,frames_in_order,adjacent_samples,rgb,reappearance_rate,0.4375
W009,frames_in_order,adjacent_samples,rgb,seeded_regions,16.0
W009,frames_in_order,adjacent_samples,rgb,survival_backward,0.9
W009,frames_in_order,adjacent_samples,rgb,survival_forward,0.875
W009,frames_in_order,consecutive_annotated,depth,class_switch_rate,0.0
W009,frames_in_order,consecutive_annotated,depth,fragmentation_ge2,0.0
W009,frames_in_order,consecutive_annotated,depth,fragmentation_mean,1.0
W009,frames_in_order,consecutive_annotated,depth,gt_tracks_matched,6.0
W009,frames_in_order,consecutive_annotated,depth,id_switch_rate,0.0
W009,frames_in_order,consecutive_annotated,depth,matched_pairs,76.0
W009,frames_in_order,consecutive_annotated,depth,reappear_events_judged,1.0
W009,frames_in_order,consecutive_annotated,depth,reappear_same_class,1.0
W009,frames_in_order,consecutive_annotated,depth,reappear_same_gt,0.0
W009,frames_in_order,consecutive_annotated,depth,reappearance_rate,0.2
W009,frames_in_order,consecutive_annotated,depth,seeded_regions,5.0
W009,frames_in_order,consecutive_annotated,depth,survival_backward,0.9733333333333334
W009,frames_in_order,consecutive_annotated,depth,survival_forward,0.9857142857142858
W009,frames_in_order,consecutive_annotated,normal,class_switch_rate,0.0
W009,frames_in_order,consecutive_annotated,normal,fragmentation_ge2,0.0
W009,frames_in_order,consecutive_annotated,normal,fragmentation_mean,1.0
W009,frames_in_order,consecutive_annotated,normal,gt_tracks_matched,4.0
W009,frames_in_order,consecutive_annotated,normal,id_switch_rate,0.0
W009,frames_in_order,consecutive_annotated,normal,matched_pairs,62.0
W009,frames_in_order,consecutive_annotated,normal,reappear_events_judged,0.0
W009,frames_in_order,consecutive_annotated,normal,reappear_same_class,
W009,frames_in_order,consecutive_annotated,normal,reappear_same_gt,
W009,frames_in_order,consecutive_annotated,normal,reappearance_rate,0.0
W009,frames_in_order,consecutive_annotated,normal,seeded_regions,6.0
W009,frames_in_order,consecutive_annotated,normal,survival_backward,1.0
W009,frames_in_order,consecutive_annotated,normal,survival_forward,1.0
W009,frames_in_order,consecutive_annotated,rgb,class_switch_rate,0.0
W009,frames_in_order,consecutive_annotated,rgb,fragmentation_ge2,0.1111111111111111
W009,frames_in_order,consecutive_annotated,rgb,fragmentation_mean,1.1111111111111112
W009,frames_in_order,consecutive_annotated,rgb,gt_tracks_matched,9.0
W009,frames_in_order,consecutive_annotated,rgb,id_switch_rate,0.0
W009,frames_in_order,consecutive_annotated,rgb,matched_pairs,91.0
W009,frames_in_order,consecutive_annotated,rgb,reappear_events_judged,1.0
W009,frames_in_order,consecutive_annotated,rgb,reappear_same_class,1.0
W009,frames_in_order,consecutive_annotated,rgb,reappear_same_gt,0.0
W009,frames_in_order,consecutive_annotated,rgb,reappearance_rate,0.4375
W009,frames_in_order,consecutive_annotated,rgb,seeded_regions,16.0
W009,frames_in_order,consecutive_annotated,rgb,survival_backward,0.9
W009,frames_in_order,consecutive_annotated,rgb,survival_forward,0.875
W010,all,adjacent_samples,depth,class_switch_rate,0.0
W010,all,adjacent_samples,depth,fragmentation_ge2,0.0
W010,all,adjacent_samples,depth,fragmentation_mean,1.0
W010,all,adjacent_samples,depth,gt_tracks_matched,6.0
W010,all,adjacent_samples,depth,id_switch_rate,0.0
W010,all,adjacent_samples,depth,matched_pairs,64.0
W010,all,adjacent_samples,depth,reappear_events_judged,1.0
W010,all,adjacent_samples,depth,reappear_same_class,1.0
W010,all,adjacent_samples,depth,reappear_same_gt,1.0
W010,all,adjacent_samples,depth,reappearance_rate,0.42857142857142855
W010,all,adjacent_samples,depth,seeded_regions,7.0
W010,all,adjacent_samples,depth,survival_backward,0.9904761904761905
W010,all,adjacent_samples,depth,survival_forward,0.8571428571428571
W010,all,adjacent_samples,normal,class_switch_rate,0.0
W010,all,adjacent_samples,normal,fragmentation_ge2,0.0
W010,all,adjacent_samples,normal,fragmentation_mean,1.0
W010,all,adjacent_samples,normal,gt_tracks_matched,6.0
W010,all,adjacent_samples,normal,id_switch_rate,0.0
W010,all,adjacent_samples,normal,matched_pairs,94.0
W010,all,adjacent_samples,normal,reappear_events_judged,0.0
W010,all,adjacent_samples,normal,reappear_same_class,
W010,all,adjacent_samples,normal,reappear_same_gt,
W010,all,adjacent_samples,normal,reappearance_rate,0.3333333333333333
W010,all,adjacent_samples,normal,seeded_regions,9.0
W010,all,adjacent_samples,normal,survival_backward,0.8296296296296296
W010,all,adjacent_samples,normal,survival_forward,0.8174603174603176
W010,all,adjacent_samples,rgb,class_switch_rate,0.0
W010,all,adjacent_samples,rgb,fragmentation_ge2,0.21428571428571427
W010,all,adjacent_samples,rgb,fragmentation_mean,1.2142857142857142
W010,all,adjacent_samples,rgb,gt_tracks_matched,14.0
W010,all,adjacent_samples,rgb,id_switch_rate,0.008264462809917356
W010,all,adjacent_samples,rgb,matched_pairs,121.0
W010,all,adjacent_samples,rgb,reappear_events_judged,4.0
W010,all,adjacent_samples,rgb,reappear_same_class,1.0
W010,all,adjacent_samples,rgb,reappear_same_gt,0.0
W010,all,adjacent_samples,rgb,reappearance_rate,0.5294117647058824
W010,all,adjacent_samples,rgb,seeded_regions,17.0
W010,all,adjacent_samples,rgb,survival_backward,0.9372549019607843
W010,all,adjacent_samples,rgb,survival_forward,0.8739495798319328
W010,all,consecutive_annotated,depth,class_switch_rate,0.0
W010,all,consecutive_annotated,depth,fragmentation_ge2,0.0
W010,all,consecutive_annotated,depth,fragmentation_mean,1.0
W010,all,consecutive_annotated,depth,gt_tracks_matched,6.0
W010,all,consecutive_annotated,depth,id_switch_rate,0.0
W010,all,consecutive_annotated,depth,matched_pairs,64.0
W010,all,consecutive_annotated,depth,reappear_events_judged,1.0
W010,all,consecutive_annotated,depth,reappear_same_class,1.0
W010,all,consecutive_annotated,depth,reappear_same_gt,1.0
W010,all,consecutive_annotated,depth,reappearance_rate,0.42857142857142855
W010,all,consecutive_annotated,depth,seeded_regions,7.0
W010,all,consecutive_annotated,depth,survival_backward,0.9904761904761905
W010,all,consecutive_annotated,depth,survival_forward,0.8571428571428571
W010,all,consecutive_annotated,normal,class_switch_rate,0.0
W010,all,consecutive_annotated,normal,fragmentation_ge2,0.0
W010,all,consecutive_annotated,normal,fragmentation_mean,1.0
W010,all,consecutive_annotated,normal,gt_tracks_matched,6.0
W010,all,consecutive_annotated,normal,id_switch_rate,0.0
W010,all,consecutive_annotated,normal,matched_pairs,94.0
W010,all,consecutive_annotated,normal,reappear_events_judged,0.0
W010,all,consecutive_annotated,normal,reappear_same_class,
W010,all,consecutive_annotated,normal,reappear_same_gt,
W010,all,consecutive_annotated,normal,reappearance_rate,0.3333333333333333
W010,all,consecutive_annotated,normal,seeded_regions,9.0
W010,all,consecutive_annotated,normal,survival_backward,0.8296296296296296
W010,all,consecutive_annotated,normal,survival_forward,0.8174603174603176
W010,all,consecutive_annotated,rgb,class_switch_rate,0.0
W010,all,consecutive_annotated,rgb,fragmentation_ge2,0.21428571428571427
W010,all,consecutive_annotated,rgb,fragmentation_mean,1.2142857142857142
W010,all,consecutive_annotated,rgb,gt_tracks_matched,14.0
W010,all,consecutive_annotated,rgb,id_switch_rate,0.008264462809917356
W010,all,consecutive_annotated,rgb,matched_pairs,121.0
W010,all,consecutive_annotated,rgb,reappear_events_judged,4.0
W010,all,consecutive_annotated,rgb,reappear_same_class,1.0
W010,all,consecutive_annotated,rgb,reappear_same_gt,0.0
W010,all,consecutive_annotated,rgb,reappearance_rate,0.5294117647058824
W010,all,consecutive_annotated,rgb,seeded_regions,17.0
W010,all,consecutive_annotated,rgb,survival_backward,0.9372549019607843
W010,all,consecutive_annotated,rgb,survival_forward,0.8739495798319328
W010,frames_in_order,adjacent_samples,depth,class_switch_rate,0.0
W010,frames_in_order,adjacent_samples,depth,fragmentation_ge2,0.0
W010,frames_in_order,adjacent_samples,depth,fragmentation_mean,1.0
W010,frames_in_order,adjacent_samples,depth,gt_tracks_matched,6.0
W010,frames_in_order,adjacent_samples,depth,id_switch_rate,0.0
W010,frames_in_order,adjacent_samples,depth,matched_pairs,64.0
W010,frames_in_order,adjacent_samples,depth,reappear_events_judged,1.0
W010,frames_in_order,adjacent_samples,depth,reappear_same_class,1.0
W010,frames_in_order,adjacent_samples,depth,reappear_same_gt,1.0
W010,frames_in_order,adjacent_samples,depth,reappearance_rate,0.42857142857142855
W010,frames_in_order,adjacent_samples,depth,seeded_regions,7.0
W010,frames_in_order,adjacent_samples,depth,survival_backward,0.9904761904761905
W010,frames_in_order,adjacent_samples,depth,survival_forward,0.8571428571428571
W010,frames_in_order,adjacent_samples,normal,class_switch_rate,0.0
W010,frames_in_order,adjacent_samples,normal,fragmentation_ge2,0.0
W010,frames_in_order,adjacent_samples,normal,fragmentation_mean,1.0
W010,frames_in_order,adjacent_samples,normal,gt_tracks_matched,6.0
W010,frames_in_order,adjacent_samples,normal,id_switch_rate,0.0
W010,frames_in_order,adjacent_samples,normal,matched_pairs,94.0
W010,frames_in_order,adjacent_samples,normal,reappear_events_judged,0.0
W010,frames_in_order,adjacent_samples,normal,reappear_same_class,
W010,frames_in_order,adjacent_samples,normal,reappear_same_gt,
W010,frames_in_order,adjacent_samples,normal,reappearance_rate,0.3333333333333333
W010,frames_in_order,adjacent_samples,normal,seeded_regions,9.0
W010,frames_in_order,adjacent_samples,normal,survival_backward,0.8296296296296296
W010,frames_in_order,adjacent_samples,normal,survival_forward,0.8174603174603176
W010,frames_in_order,adjacent_samples,rgb,class_switch_rate,0.0
W010,frames_in_order,adjacent_samples,rgb,fragmentation_ge2,0.21428571428571427
W010,frames_in_order,adjacent_samples,rgb,fragmentation_mean,1.2142857142857142
W010,frames_in_order,adjacent_samples,rgb,gt_tracks_matched,14.0
W010,frames_in_order,adjacent_samples,rgb,id_switch_rate,0.008264462809917356
W010,frames_in_order,adjacent_samples,rgb,matched_pairs,121.0
W010,frames_in_order,adjacent_samples,rgb,reappear_events_judged,4.0
W010,frames_in_order,adjacent_samples,rgb,reappear_same_class,1.0
W010,frames_in_order,adjacent_samples,rgb,reappear_same_gt,0.0
W010,frames_in_order,adjacent_samples,rgb,reappearance_rate,0.5294117647058824
W010,frames_in_order,adjacent_samples,rgb,seeded_regions,17.0
W010,frames_in_order,adjacent_samples,rgb,survival_backward,0.9372549019607843
W010,frames_in_order,adjacent_samples,rgb,survival_forward,0.8739495798319328
W010,frames_in_order,consecutive_annotated,depth,class_switch_rate,0.0
W010,frames_in_order,consecutive_annotated,depth,fragmentation_ge2,0.0
W010,frames_in_order,consecutive_annotated,depth,fragmentation_mean,1.0
W010,frames_in_order,consecutive_annotated,depth,gt_tracks_matched,6.0
W010,frames_in_order,consecutive_annotated,depth,id_switch_rate,0.0
W010,frames_in_order,consecutive_annotated,depth,matched_pairs,64.0
W010,frames_in_order,consecutive_annotated,depth,reappear_events_judged,1.0
W010,frames_in_order,consecutive_annotated,depth,reappear_same_class,1.0
W010,frames_in_order,consecutive_annotated,depth,reappear_same_gt,1.0
W010,frames_in_order,consecutive_annotated,depth,reappearance_rate,0.42857142857142855
W010,frames_in_order,consecutive_annotated,depth,seeded_regions,7.0
W010,frames_in_order,consecutive_annotated,depth,survival_backward,0.9904761904761905
W010,frames_in_order,consecutive_annotated,depth,survival_forward,0.8571428571428571
W010,frames_in_order,consecutive_annotated,normal,class_switch_rate,0.0
W010,frames_in_order,consecutive_annotated,normal,fragmentation_ge2,0.0
W010,frames_in_order,consecutive_annotated,normal,fragmentation_mean,1.0
W010,frames_in_order,consecutive_annotated,normal,gt_tracks_matched,6.0
W010,frames_in_order,consecutive_annotated,normal,id_switch_rate,0.0
W010,frames_in_order,consecutive_annotated,normal,matched_pairs,94.0
W010,frames_in_order,consecutive_annotated,normal,reappear_events_judged,0.0
W010,frames_in_order,consecutive_annotated,normal,reappear_same_class,
W010,frames_in_order,consecutive_annotated,normal,reappear_same_gt,
W010,frames_in_order,consecutive_annotated,normal,reappearance_rate,0.3333333333333333
W010,frames_in_order,consecutive_annotated,normal,seeded_regions,9.0
W010,frames_in_order,consecutive_annotated,normal,survival_backward,0.8296296296296296
W010,frames_in_order,consecutive_annotated,normal,survival_forward,0.8174603174603176
W010,frames_in_order,consecutive_annotated,rgb,class_switch_rate,0.0
W010,frames_in_order,consecutive_annotated,rgb,fragmentation_ge2,0.21428571428571427
W010,frames_in_order,consecutive_annotated,rgb,fragmentation_mean,1.2142857142857142
W010,frames_in_order,consecutive_annotated,rgb,gt_tracks_matched,14.0
W010,frames_in_order,consecutive_annotated,rgb,id_switch_rate,0.008264462809917356
W010,frames_in_order,consecutive_annotated,rgb,matched_pairs,121.0
W010,frames_in_order,consecutive_annotated,rgb,reappear_events_judged,4.0
W010,frames_in_order,consecutive_annotated,rgb,reappear_same_class,1.0
W010,frames_in_order,consecutive_annotated,rgb,reappear_same_gt,0.0
W010,frames_in_order,consecutive_annotated,rgb,reappearance_rate,0.5294117647058824
W010,frames_in_order,consecutive_annotated,rgb,seeded_regions,17.0
W010,frames_in_order,consecutive_annotated,rgb,survival_backward,0.9372549019607843
W010,frames_in_order,consecutive_annotated,rgb,survival_forward,0.8739495798319328
W011,all,adjacent_samples,depth,class_switch_rate,0.0
W011,all,adjacent_samples,depth,fragmentation_ge2,0.0
W011,all,adjacent_samples,depth,fragmentation_mean,1.0
W011,all,adjacent_samples,depth,gt_tracks_matched,11.0
W011,all,adjacent_samples,depth,id_switch_rate,0.04918032786885246
W011,all,adjacent_samples,depth,matched_pairs,61.0
W011,all,adjacent_samples,depth,reappear_events_judged,0.0
W011,all,adjacent_samples,depth,reappear_same_class,
W011,all,adjacent_samples,depth,reappear_same_gt,
W011,all,adjacent_samples,depth,reappearance_rate,0.25
W011,all,adjacent_samples,depth,seeded_regions,4.0
W011,all,adjacent_samples,depth,survival_backward,1.0
W011,all,adjacent_samples,depth,survival_forward,0.9821428571428572
W011,all,adjacent_samples,normal,class_switch_rate,0.0
W011,all,adjacent_samples,normal,fragmentation_ge2,0.0
W011,all,adjacent_samples,normal,fragmentation_mean,1.0
W011,all,adjacent_samples,normal,gt_tracks_matched,7.0
W011,all,adjacent_samples,normal,id_switch_rate,0.02857142857142857
W011,all,adjacent_samples,normal,matched_pairs,70.0
W011,all,adjacent_samples,normal,reappear_events_judged,0.0
W011,all,adjacent_samples,normal,reappear_same_class,
W011,all,adjacent_samples,normal,reappear_same_gt,
W011,all,adjacent_samples,normal,reappearance_rate,0.0
W011,all,adjacent_samples,normal,seeded_regions,4.0
W011,all,adjacent_samples,normal,survival_backward,1.0
W011,all,adjacent_samples,normal,survival_forward,1.0
W011,all,adjacent_samples,rgb,class_switch_rate,0.007633587786259542
W011,all,adjacent_samples,rgb,fragmentation_ge2,0.15
W011,all,adjacent_samples,rgb,fragmentation_mean,1.15
W011,all,adjacent_samples,rgb,gt_tracks_matched,20.0
W011,all,adjacent_samples,rgb,id_switch_rate,0.03816793893129771
W011,all,adjacent_samples,rgb,matched_pairs,131.0
W011,all,adjacent_samples,rgb,reappear_events_judged,4.0
W011,all,adjacent_samples,rgb,reappear_same_class,1.0
W011,all,adjacent_samples,rgb,reappear_same_gt,0.0
W011,all,adjacent_samples,rgb,reappearance_rate,0.4666666666666667
W011,all,adjacent_samples,rgb,seeded_regions,15.0
W011,all,adjacent_samples,rgb,survival_backward,0.8666666666666667
W011,all,adjacent_samples,rgb,survival_forward,0.8000000000000002
W011,all,consecutive_annotated,depth,class_switch_rate,0.0
W011,all,consecutive_annotated,depth,fragmentation_ge2,0.0
W011,all,consecutive_annotated,depth,fragmentation_mean,1.0
W011,all,consecutive_annotated,depth,gt_tracks_matched,11.0
W011,all,consecutive_annotated,depth,id_switch_rate,0.04918032786885246
W011,all,consecutive_annotated,depth,matched_pairs,61.0
W011,all,consecutive_annotated,depth,reappear_events_judged,0.0
W011,all,consecutive_annotated,depth,reappear_same_class,
W011,all,consecutive_annotated,depth,reappear_same_gt,
W011,all,consecutive_annotated,depth,reappearance_rate,0.25
W011,all,consecutive_annotated,depth,seeded_regions,4.0
W011,all,consecutive_annotated,depth,survival_backward,1.0
W011,all,consecutive_annotated,depth,survival_forward,0.9821428571428572
W011,all,consecutive_annotated,normal,class_switch_rate,0.0
W011,all,consecutive_annotated,normal,fragmentation_ge2,0.0
W011,all,consecutive_annotated,normal,fragmentation_mean,1.0
W011,all,consecutive_annotated,normal,gt_tracks_matched,7.0
W011,all,consecutive_annotated,normal,id_switch_rate,0.02857142857142857
W011,all,consecutive_annotated,normal,matched_pairs,70.0
W011,all,consecutive_annotated,normal,reappear_events_judged,0.0
W011,all,consecutive_annotated,normal,reappear_same_class,
W011,all,consecutive_annotated,normal,reappear_same_gt,
W011,all,consecutive_annotated,normal,reappearance_rate,0.0
W011,all,consecutive_annotated,normal,seeded_regions,4.0
W011,all,consecutive_annotated,normal,survival_backward,1.0
W011,all,consecutive_annotated,normal,survival_forward,1.0
W011,all,consecutive_annotated,rgb,class_switch_rate,0.007633587786259542
W011,all,consecutive_annotated,rgb,fragmentation_ge2,0.15
W011,all,consecutive_annotated,rgb,fragmentation_mean,1.15
W011,all,consecutive_annotated,rgb,gt_tracks_matched,20.0
W011,all,consecutive_annotated,rgb,id_switch_rate,0.03816793893129771
W011,all,consecutive_annotated,rgb,matched_pairs,131.0
W011,all,consecutive_annotated,rgb,reappear_events_judged,4.0
W011,all,consecutive_annotated,rgb,reappear_same_class,1.0
W011,all,consecutive_annotated,rgb,reappear_same_gt,0.0
W011,all,consecutive_annotated,rgb,reappearance_rate,0.4666666666666667
W011,all,consecutive_annotated,rgb,seeded_regions,15.0
W011,all,consecutive_annotated,rgb,survival_backward,0.8666666666666667
W011,all,consecutive_annotated,rgb,survival_forward,0.8000000000000002
W011,frames_in_order,adjacent_samples,depth,class_switch_rate,0.0
W011,frames_in_order,adjacent_samples,depth,fragmentation_ge2,0.0
W011,frames_in_order,adjacent_samples,depth,fragmentation_mean,1.0
W011,frames_in_order,adjacent_samples,depth,gt_tracks_matched,11.0
W011,frames_in_order,adjacent_samples,depth,id_switch_rate,0.04918032786885246
W011,frames_in_order,adjacent_samples,depth,matched_pairs,61.0
W011,frames_in_order,adjacent_samples,depth,reappear_events_judged,0.0
W011,frames_in_order,adjacent_samples,depth,reappear_same_class,
W011,frames_in_order,adjacent_samples,depth,reappear_same_gt,
W011,frames_in_order,adjacent_samples,depth,reappearance_rate,0.25
W011,frames_in_order,adjacent_samples,depth,seeded_regions,4.0
W011,frames_in_order,adjacent_samples,depth,survival_backward,1.0
W011,frames_in_order,adjacent_samples,depth,survival_forward,0.9821428571428572
W011,frames_in_order,adjacent_samples,normal,class_switch_rate,0.0
W011,frames_in_order,adjacent_samples,normal,fragmentation_ge2,0.0
W011,frames_in_order,adjacent_samples,normal,fragmentation_mean,1.0
W011,frames_in_order,adjacent_samples,normal,gt_tracks_matched,7.0
W011,frames_in_order,adjacent_samples,normal,id_switch_rate,0.02857142857142857
W011,frames_in_order,adjacent_samples,normal,matched_pairs,70.0
W011,frames_in_order,adjacent_samples,normal,reappear_events_judged,0.0
W011,frames_in_order,adjacent_samples,normal,reappear_same_class,
W011,frames_in_order,adjacent_samples,normal,reappear_same_gt,
W011,frames_in_order,adjacent_samples,normal,reappearance_rate,0.0
W011,frames_in_order,adjacent_samples,normal,seeded_regions,4.0
W011,frames_in_order,adjacent_samples,normal,survival_backward,1.0
W011,frames_in_order,adjacent_samples,normal,survival_forward,1.0
W011,frames_in_order,adjacent_samples,rgb,class_switch_rate,0.007633587786259542
W011,frames_in_order,adjacent_samples,rgb,fragmentation_ge2,0.15
W011,frames_in_order,adjacent_samples,rgb,fragmentation_mean,1.15
W011,frames_in_order,adjacent_samples,rgb,gt_tracks_matched,20.0
W011,frames_in_order,adjacent_samples,rgb,id_switch_rate,0.03816793893129771
W011,frames_in_order,adjacent_samples,rgb,matched_pairs,131.0
W011,frames_in_order,adjacent_samples,rgb,reappear_events_judged,4.0
W011,frames_in_order,adjacent_samples,rgb,reappear_same_class,1.0
W011,frames_in_order,adjacent_samples,rgb,reappear_same_gt,0.0
W011,frames_in_order,adjacent_samples,rgb,reappearance_rate,0.4666666666666667
W011,frames_in_order,adjacent_samples,rgb,seeded_regions,15.0
W011,frames_in_order,adjacent_samples,rgb,survival_backward,0.8666666666666667
W011,frames_in_order,adjacent_samples,rgb,survival_forward,0.8000000000000002
W011,frames_in_order,consecutive_annotated,depth,class_switch_rate,0.0
W011,frames_in_order,consecutive_annotated,depth,fragmentation_ge2,0.0
W011,frames_in_order,consecutive_annotated,depth,fragmentation_mean,1.0
W011,frames_in_order,consecutive_annotated,depth,gt_tracks_matched,11.0
W011,frames_in_order,consecutive_annotated,depth,id_switch_rate,0.04918032786885246
W011,frames_in_order,consecutive_annotated,depth,matched_pairs,61.0
W011,frames_in_order,consecutive_annotated,depth,reappear_events_judged,0.0
W011,frames_in_order,consecutive_annotated,depth,reappear_same_class,
W011,frames_in_order,consecutive_annotated,depth,reappear_same_gt,
W011,frames_in_order,consecutive_annotated,depth,reappearance_rate,0.25
W011,frames_in_order,consecutive_annotated,depth,seeded_regions,4.0
W011,frames_in_order,consecutive_annotated,depth,survival_backward,1.0
W011,frames_in_order,consecutive_annotated,depth,survival_forward,0.9821428571428572
W011,frames_in_order,consecutive_annotated,normal,class_switch_rate,0.0
W011,frames_in_order,consecutive_annotated,normal,fragmentation_ge2,0.0
W011,frames_in_order,consecutive_annotated,normal,fragmentation_mean,1.0
W011,frames_in_order,consecutive_annotated,normal,gt_tracks_matched,7.0
W011,frames_in_order,consecutive_annotated,normal,id_switch_rate,0.02857142857142857
W011,frames_in_order,consecutive_annotated,normal,matched_pairs,70.0
W011,frames_in_order,consecutive_annotated,normal,reappear_events_judged,0.0
W011,frames_in_order,consecutive_annotated,normal,reappear_same_class,
W011,frames_in_order,consecutive_annotated,normal,reappear_same_gt,
W011,frames_in_order,consecutive_annotated,normal,reappearance_rate,0.0
W011,frames_in_order,consecutive_annotated,normal,seeded_regions,4.0
W011,frames_in_order,consecutive_annotated,normal,survival_backward,1.0
W011,frames_in_order,consecutive_annotated,normal,survival_forward,1.0
W011,frames_in_order,consecutive_annotated,rgb,class_switch_rate,0.007633587786259542
W011,frames_in_order,consecutive_annotated,rgb,fragmentation_ge2,0.15
W011,frames_in_order,consecutive_annotated,rgb,fragmentation_mean,1.15
W011,frames_in_order,consecutive_annotated,rgb,gt_tracks_matched,20.0
W011,frames_in_order,consecutive_annotated,rgb,id_switch_rate,0.03816793893129771
W011,frames_in_order,consecutive_annotated,rgb,matched_pairs,131.0
W011,frames_in_order,consecutive_annotated,rgb,reappear_events_judged,4.0
W011,frames_in_order,consecutive_annotated,rgb,reappear_same_class,1.0
W011,frames_in_order,consecutive_annotated,rgb,reappear_same_gt,0.0
W011,frames_in_order,consecutive_annotated,rgb,reappearance_rate,0.4666666666666667
W011,frames_in_order,consecutive_annotated,rgb,seeded_regions,15.0
W011,frames_in_order,consecutive_annotated,rgb,survival_backward,0.8666666666666667
W011,frames_in_order,consecutive_annotated,rgb,survival_forward,0.8000000000000002
W012,all,adjacent_samples,depth,class_switch_rate,0.0
W012,all,adjacent_samples,depth,fragmentation_ge2,0.0
W012,all,adjacent_samples,depth,fragmentation_mean,1.0
W012,all,adjacent_samples,depth,gt_tracks_matched,6.0
W012,all,adjacent_samples,depth,id_switch_rate,0.04081632653061224
W012,all,adjacent_samples,depth,matched_pairs,49.0
W012,all,adjacent_samples,depth,reappear_events_judged,0.0
W012,all,adjacent_samples,depth,reappear_same_class,
W012,all,adjacent_samples,depth,reappear_same_gt,
W012,all,adjacent_samples,depth,reappearance_rate,0.0
W012,all,adjacent_samples,depth,seeded_regions,3.0
W012,all,adjacent_samples,depth,survival_backward,1.0
W012,all,adjacent_samples,depth,survival_forward,1.0
W012,all,adjacent_samples,normal,class_switch_rate,0.0
W012,all,adjacent_samples,normal,fragmentation_ge2,0.0
W012,all,adjacent_samples,normal,fragmentation_mean,1.0
W012,all,adjacent_samples,normal,gt_tracks_matched,4.0
W012,all,adjacent_samples,normal,id_switch_rate,0.07142857142857142
W012,all,adjacent_samples,normal,matched_pairs,28.0
W012,all,adjacent_samples,normal,reappear_events_judged,0.0
W012,all,adjacent_samples,normal,reappear_same_class,
W012,all,adjacent_samples,normal,reappear_same_gt,
W012,all,adjacent_samples,normal,reappearance_rate,0.0
W012,all,adjacent_samples,normal,seeded_regions,2.0
W012,all,adjacent_samples,normal,survival_backward,1.0
W012,all,adjacent_samples,normal,survival_forward,1.0
W012,all,adjacent_samples,rgb,class_switch_rate,0.0
W012,all,adjacent_samples,rgb,fragmentation_ge2,0.14285714285714285
W012,all,adjacent_samples,rgb,fragmentation_mean,1.1428571428571428
W012,all,adjacent_samples,rgb,gt_tracks_matched,14.0
W012,all,adjacent_samples,rgb,id_switch_rate,0.02830188679245283
W012,all,adjacent_samples,rgb,matched_pairs,106.0
W012,all,adjacent_samples,rgb,reappear_events_judged,1.0
W012,all,adjacent_samples,rgb,reappear_same_class,1.0
W012,all,adjacent_samples,rgb,reappear_same_gt,0.0
W012,all,adjacent_samples,rgb,reappearance_rate,0.5
W012,all,adjacent_samples,rgb,seeded_regions,16.0
W012,all,adjacent_samples,rgb,survival_backward,0.7125
W012,all,adjacent_samples,rgb,survival_forward,0.71875
W012,all,consecutive_annotated,depth,class_switch_rate,0.0
W012,all,consecutive_annotated,depth,fragmentation_ge2,0.0
W012,all,consecutive_annotated,depth,fragmentation_mean,1.0
W012,all,consecutive_annotated,depth,gt_tracks_matched,6.0
W012,all,consecutive_annotated,depth,id_switch_rate,0.04081632653061224
W012,all,consecutive_annotated,depth,matched_pairs,49.0
W012,all,consecutive_annotated,depth,reappear_events_judged,0.0
W012,all,consecutive_annotated,depth,reappear_same_class,
W012,all,consecutive_annotated,depth,reappear_same_gt,
W012,all,consecutive_annotated,depth,reappearance_rate,0.0
W012,all,consecutive_annotated,depth,seeded_regions,3.0
W012,all,consecutive_annotated,depth,survival_backward,1.0
W012,all,consecutive_annotated,depth,survival_forward,1.0
W012,all,consecutive_annotated,normal,class_switch_rate,0.0
W012,all,consecutive_annotated,normal,fragmentation_ge2,0.0
W012,all,consecutive_annotated,normal,fragmentation_mean,1.0
W012,all,consecutive_annotated,normal,gt_tracks_matched,4.0
W012,all,consecutive_annotated,normal,id_switch_rate,0.07142857142857142
W012,all,consecutive_annotated,normal,matched_pairs,28.0
W012,all,consecutive_annotated,normal,reappear_events_judged,0.0
W012,all,consecutive_annotated,normal,reappear_same_class,
W012,all,consecutive_annotated,normal,reappear_same_gt,
W012,all,consecutive_annotated,normal,reappearance_rate,0.0
W012,all,consecutive_annotated,normal,seeded_regions,2.0
W012,all,consecutive_annotated,normal,survival_backward,1.0
W012,all,consecutive_annotated,normal,survival_forward,1.0
W012,all,consecutive_annotated,rgb,class_switch_rate,0.0
W012,all,consecutive_annotated,rgb,fragmentation_ge2,0.14285714285714285
W012,all,consecutive_annotated,rgb,fragmentation_mean,1.1428571428571428
W012,all,consecutive_annotated,rgb,gt_tracks_matched,14.0
W012,all,consecutive_annotated,rgb,id_switch_rate,0.02830188679245283
W012,all,consecutive_annotated,rgb,matched_pairs,106.0
W012,all,consecutive_annotated,rgb,reappear_events_judged,1.0
W012,all,consecutive_annotated,rgb,reappear_same_class,1.0
W012,all,consecutive_annotated,rgb,reappear_same_gt,0.0
W012,all,consecutive_annotated,rgb,reappearance_rate,0.5
W012,all,consecutive_annotated,rgb,seeded_regions,16.0
W012,all,consecutive_annotated,rgb,survival_backward,0.7125
W012,all,consecutive_annotated,rgb,survival_forward,0.71875
W012,frames_in_order,adjacent_samples,depth,class_switch_rate,0.0
W012,frames_in_order,adjacent_samples,depth,fragmentation_ge2,0.0
W012,frames_in_order,adjacent_samples,depth,fragmentation_mean,1.0
W012,frames_in_order,adjacent_samples,depth,gt_tracks_matched,6.0
W012,frames_in_order,adjacent_samples,depth,id_switch_rate,0.04081632653061224
W012,frames_in_order,adjacent_samples,depth,matched_pairs,49.0
W012,frames_in_order,adjacent_samples,depth,reappear_events_judged,0.0
W012,frames_in_order,adjacent_samples,depth,reappear_same_class,
W012,frames_in_order,adjacent_samples,depth,reappear_same_gt,
W012,frames_in_order,adjacent_samples,depth,reappearance_rate,0.0
W012,frames_in_order,adjacent_samples,depth,seeded_regions,3.0
W012,frames_in_order,adjacent_samples,depth,survival_backward,1.0
W012,frames_in_order,adjacent_samples,depth,survival_forward,1.0
W012,frames_in_order,adjacent_samples,normal,class_switch_rate,0.0
W012,frames_in_order,adjacent_samples,normal,fragmentation_ge2,0.0
W012,frames_in_order,adjacent_samples,normal,fragmentation_mean,1.0
W012,frames_in_order,adjacent_samples,normal,gt_tracks_matched,4.0
W012,frames_in_order,adjacent_samples,normal,id_switch_rate,0.07142857142857142
W012,frames_in_order,adjacent_samples,normal,matched_pairs,28.0
W012,frames_in_order,adjacent_samples,normal,reappear_events_judged,0.0
W012,frames_in_order,adjacent_samples,normal,reappear_same_class,
W012,frames_in_order,adjacent_samples,normal,reappear_same_gt,
W012,frames_in_order,adjacent_samples,normal,reappearance_rate,0.0
W012,frames_in_order,adjacent_samples,normal,seeded_regions,2.0
W012,frames_in_order,adjacent_samples,normal,survival_backward,1.0
W012,frames_in_order,adjacent_samples,normal,survival_forward,1.0
W012,frames_in_order,adjacent_samples,rgb,class_switch_rate,0.0
W012,frames_in_order,adjacent_samples,rgb,fragmentation_ge2,0.14285714285714285
W012,frames_in_order,adjacent_samples,rgb,fragmentation_mean,1.1428571428571428
W012,frames_in_order,adjacent_samples,rgb,gt_tracks_matched,14.0
W012,frames_in_order,adjacent_samples,rgb,id_switch_rate,0.02830188679245283
W012,frames_in_order,adjacent_samples,rgb,matched_pairs,106.0
W012,frames_in_order,adjacent_samples,rgb,reappear_events_judged,1.0
W012,frames_in_order,adjacent_samples,rgb,reappear_same_class,1.0
W012,frames_in_order,adjacent_samples,rgb,reappear_same_gt,0.0
W012,frames_in_order,adjacent_samples,rgb,reappearance_rate,0.5
W012,frames_in_order,adjacent_samples,rgb,seeded_regions,16.0
W012,frames_in_order,adjacent_samples,rgb,survival_backward,0.7125
W012,frames_in_order,adjacent_samples,rgb,survival_forward,0.71875
W012,frames_in_order,consecutive_annotated,depth,class_switch_rate,0.0
W012,frames_in_order,consecutive_annotated,depth,fragmentation_ge2,0.0
W012,frames_in_order,consecutive_annotated,depth,fragmentation_mean,1.0
W012,frames_in_order,consecutive_annotated,depth,gt_tracks_matched,6.0
W012,frames_in_order,consecutive_annotated,depth,id_switch_rate,0.04081632653061224
W012,frames_in_order,consecutive_annotated,depth,matched_pairs,49.0
W012,frames_in_order,consecutive_annotated,depth,reappear_events_judged,0.0
W012,frames_in_order,consecutive_annotated,depth,reappear_same_class,
W012,frames_in_order,consecutive_annotated,depth,reappear_same_gt,
W012,frames_in_order,consecutive_annotated,depth,reappearance_rate,0.0
W012,frames_in_order,consecutive_annotated,depth,seeded_regions,3.0
W012,frames_in_order,consecutive_annotated,depth,survival_backward,1.0
W012,frames_in_order,consecutive_annotated,depth,survival_forward,1.0
W012,frames_in_order,consecutive_annotated,normal,class_switch_rate,0.0
W012,frames_in_order,consecutive_annotated,normal,fragmentation_ge2,0.0
W012,frames_in_order,consecutive_annotated,normal,fragmentation_mean,1.0
W012,frames_in_order,consecutive_annotated,normal,gt_tracks_matched,4.0
W012,frames_in_order,consecutive_annotated,normal,id_switch_rate,0.07142857142857142
W012,frames_in_order,consecutive_annotated,normal,matched_pairs,28.0
W012,frames_in_order,consecutive_annotated,normal,reappear_events_judged,0.0
W012,frames_in_order,consecutive_annotated,normal,reappear_same_class,
W012,frames_in_order,consecutive_annotated,normal,reappear_same_gt,
W012,frames_in_order,consecutive_annotated,normal,reappearance_rate,0.0
W012,frames_in_order,consecutive_annotated,normal,seeded_regions,2.0
W012,frames_in_order,consecutive_annotated,normal,survival_backward,1.0
W012,frames_in_order,consecutive_annotated,normal,survival_forward,1.0
W012,frames_in_order,consecutive_annotated,rgb,class_switch_rate,0.0
W012,frames_in_order,consecutive_annotated,rgb,fragmentation_ge2,0.14285714285714285
W012,frames_in_order,consecutive_annotated,rgb,fragmentation_mean,1.1428571428571428
W012,frames_in_order,consecutive_annotated,rgb,gt_tracks_matched,14.0
W012,frames_in_order,consecutive_annotated,rgb,id_switch_rate,0.02830188679245283
W012,frames_in_order,consecutive_annotated,rgb,matched_pairs,106.0
W012,frames_in_order,consecutive_annotated,rgb,reappear_events_judged,1.0
W012,frames_in_order,consecutive_annotated,rgb,reappear_same_class,1.0
W012,frames_in_order,consecutive_annotated,rgb,reappear_same_gt,0.0
W012,frames_in_order,consecutive_annotated,rgb,reappearance_rate,0.5
W012,frames_in_order,consecutive_annotated,rgb,seeded_regions,16.0
W012,frames_in_order,consecutive_annotated,rgb,survival_backward,0.7125
W012,frames_in_order,consecutive_annotated,rgb,survival_forward,0.71875
W013,all,adjacent_samples,depth,class_switch_rate,0.0
W013,all,adjacent_samples,depth,fragmentation_ge2,0.0
W013,all,adjacent_samples,depth,fragmentation_mean,1.0
W013,all,adjacent_samples,depth,gt_tracks_matched,6.0
W013,all,adjacent_samples,depth,id_switch_rate,0.017543859649122806
W013,all,adjacent_samples,depth,matched_pairs,57.0
W013,all,adjacent_samples,depth,reappear_events_judged,0.0
W013,all,adjacent_samples,depth,reappear_same_class,
W013,all,adjacent_samples,depth,reappear_same_gt,
W013,all,adjacent_samples,depth,reappearance_rate,0.0
W013,all,adjacent_samples,depth,seeded_regions,5.0
W013,all,adjacent_samples,depth,survival_backward,1.0
W013,all,adjacent_samples,depth,survival_forward,1.0
W013,all,adjacent_samples,normal,class_switch_rate,0.0
W013,all,adjacent_samples,normal,fragmentation_ge2,0.0
W013,all,adjacent_samples,normal,fragmentation_mean,1.0
W013,all,adjacent_samples,normal,gt_tracks_matched,6.0
W013,all,adjacent_samples,normal,id_switch_rate,0.0
W013,all,adjacent_samples,normal,matched_pairs,34.0
W013,all,adjacent_samples,normal,reappear_events_judged,0.0
W013,all,adjacent_samples,normal,reappear_same_class,
W013,all,adjacent_samples,normal,reappear_same_gt,
W013,all,adjacent_samples,normal,reappearance_rate,0.2
W013,all,adjacent_samples,normal,seeded_regions,5.0
W013,all,adjacent_samples,normal,survival_backward,0.96
W013,all,adjacent_samples,normal,survival_forward,0.9714285714285715
W013,all,adjacent_samples,rgb,class_switch_rate,0.0
W013,all,adjacent_samples,rgb,fragmentation_ge2,0.08333333333333333
W013,all,adjacent_samples,rgb,fragmentation_mean,1.0833333333333333
W013,all,adjacent_samples,rgb,gt_tracks_matched,12.0
W013,all,adjacent_samples,rgb,id_switch_rate,0.011494252873563218
W013,all,adjacent_samples,rgb,matched_pairs,87.0
W013,all,adjacent_samples,rgb,reappear_events_judged,2.0
W013,all,adjacent_samples,rgb,reappear_same_class,1.0
W013,all,adjacent_samples,rgb,reappear_same_gt,0.0
W013,all,adjacent_samples,rgb,reappearance_rate,0.5625
W013,all,adjacent_samples,rgb,seeded_regions,16.0
W013,all,adjacent_samples,rgb,survival_backward,0.7041666666666666
W013,all,adjacent_samples,rgb,survival_forward,0.6830357142857143
W013,all,consecutive_annotated,depth,class_switch_rate,0.0
W013,all,consecutive_annotated,depth,fragmentation_ge2,0.0
W013,all,consecutive_annotated,depth,fragmentation_mean,1.0
W013,all,consecutive_annotated,depth,gt_tracks_matched,6.0
W013,all,consecutive_annotated,depth,id_switch_rate,0.017543859649122806
W013,all,consecutive_annotated,depth,matched_pairs,57.0
W013,all,consecutive_annotated,depth,reappear_events_judged,0.0
W013,all,consecutive_annotated,depth,reappear_same_class,
W013,all,consecutive_annotated,depth,reappear_same_gt,
W013,all,consecutive_annotated,depth,reappearance_rate,0.0
W013,all,consecutive_annotated,depth,seeded_regions,5.0
W013,all,consecutive_annotated,depth,survival_backward,1.0
W013,all,consecutive_annotated,depth,survival_forward,1.0
W013,all,consecutive_annotated,normal,class_switch_rate,0.0
W013,all,consecutive_annotated,normal,fragmentation_ge2,0.0
W013,all,consecutive_annotated,normal,fragmentation_mean,1.0
W013,all,consecutive_annotated,normal,gt_tracks_matched,6.0
W013,all,consecutive_annotated,normal,id_switch_rate,0.0
W013,all,consecutive_annotated,normal,matched_pairs,34.0
W013,all,consecutive_annotated,normal,reappear_events_judged,0.0
W013,all,consecutive_annotated,normal,reappear_same_class,
W013,all,consecutive_annotated,normal,reappear_same_gt,
W013,all,consecutive_annotated,normal,reappearance_rate,0.2
W013,all,consecutive_annotated,normal,seeded_regions,5.0
W013,all,consecutive_annotated,normal,survival_backward,0.96
W013,all,consecutive_annotated,normal,survival_forward,0.9714285714285715
W013,all,consecutive_annotated,rgb,class_switch_rate,0.0
W013,all,consecutive_annotated,rgb,fragmentation_ge2,0.08333333333333333
W013,all,consecutive_annotated,rgb,fragmentation_mean,1.0833333333333333
W013,all,consecutive_annotated,rgb,gt_tracks_matched,12.0
W013,all,consecutive_annotated,rgb,id_switch_rate,0.011494252873563218
W013,all,consecutive_annotated,rgb,matched_pairs,87.0
W013,all,consecutive_annotated,rgb,reappear_events_judged,2.0
W013,all,consecutive_annotated,rgb,reappear_same_class,1.0
W013,all,consecutive_annotated,rgb,reappear_same_gt,0.0
W013,all,consecutive_annotated,rgb,reappearance_rate,0.5625
W013,all,consecutive_annotated,rgb,seeded_regions,16.0
W013,all,consecutive_annotated,rgb,survival_backward,0.7041666666666666
W013,all,consecutive_annotated,rgb,survival_forward,0.6830357142857143
W013,frames_in_order,adjacent_samples,depth,class_switch_rate,0.0
W013,frames_in_order,adjacent_samples,depth,fragmentation_ge2,0.0
W013,frames_in_order,adjacent_samples,depth,fragmentation_mean,1.0
W013,frames_in_order,adjacent_samples,depth,gt_tracks_matched,6.0
W013,frames_in_order,adjacent_samples,depth,id_switch_rate,0.017543859649122806
W013,frames_in_order,adjacent_samples,depth,matched_pairs,57.0
W013,frames_in_order,adjacent_samples,depth,reappear_events_judged,0.0
W013,frames_in_order,adjacent_samples,depth,reappear_same_class,
W013,frames_in_order,adjacent_samples,depth,reappear_same_gt,
W013,frames_in_order,adjacent_samples,depth,reappearance_rate,0.0
W013,frames_in_order,adjacent_samples,depth,seeded_regions,5.0
W013,frames_in_order,adjacent_samples,depth,survival_backward,1.0
W013,frames_in_order,adjacent_samples,depth,survival_forward,1.0
W013,frames_in_order,adjacent_samples,normal,class_switch_rate,0.0
W013,frames_in_order,adjacent_samples,normal,fragmentation_ge2,0.0
W013,frames_in_order,adjacent_samples,normal,fragmentation_mean,1.0
W013,frames_in_order,adjacent_samples,normal,gt_tracks_matched,6.0
W013,frames_in_order,adjacent_samples,normal,id_switch_rate,0.0
W013,frames_in_order,adjacent_samples,normal,matched_pairs,34.0
W013,frames_in_order,adjacent_samples,normal,reappear_events_judged,0.0
W013,frames_in_order,adjacent_samples,normal,reappear_same_class,
W013,frames_in_order,adjacent_samples,normal,reappear_same_gt,
W013,frames_in_order,adjacent_samples,normal,reappearance_rate,0.2
W013,frames_in_order,adjacent_samples,normal,seeded_regions,5.0
W013,frames_in_order,adjacent_samples,normal,survival_backward,0.96
W013,frames_in_order,adjacent_samples,normal,survival_forward,0.9714285714285715
W013,frames_in_order,adjacent_samples,rgb,class_switch_rate,0.0
W013,frames_in_order,adjacent_samples,rgb,fragmentation_ge2,0.08333333333333333
W013,frames_in_order,adjacent_samples,rgb,fragmentation_mean,1.0833333333333333
W013,frames_in_order,adjacent_samples,rgb,gt_tracks_matched,12.0
W013,frames_in_order,adjacent_samples,rgb,id_switch_rate,0.011494252873563218
W013,frames_in_order,adjacent_samples,rgb,matched_pairs,87.0
W013,frames_in_order,adjacent_samples,rgb,reappear_events_judged,2.0
W013,frames_in_order,adjacent_samples,rgb,reappear_same_class,1.0
W013,frames_in_order,adjacent_samples,rgb,reappear_same_gt,0.0
W013,frames_in_order,adjacent_samples,rgb,reappearance_rate,0.5625
W013,frames_in_order,adjacent_samples,rgb,seeded_regions,16.0
W013,frames_in_order,adjacent_samples,rgb,survival_backward,0.7041666666666666
W013,frames_in_order,adjacent_samples,rgb,survival_forward,0.6830357142857143
W013,frames_in_order,consecutive_annotated,depth,class_switch_rate,0.0
W013,frames_in_order,consecutive_annotated,depth,fragmentation_ge2,0.0
W013,frames_in_order,consecutive_annotated,depth,fragmentation_mean,1.0
W013,frames_in_order,consecutive_annotated,depth,gt_tracks_matched,6.0
W013,frames_in_order,consecutive_annotated,depth,id_switch_rate,0.017543859649122806
W013,frames_in_order,consecutive_annotated,depth,matched_pairs,57.0
W013,frames_in_order,consecutive_annotated,depth,reappear_events_judged,0.0
W013,frames_in_order,consecutive_annotated,depth,reappear_same_class,
W013,frames_in_order,consecutive_annotated,depth,reappear_same_gt,
W013,frames_in_order,consecutive_annotated,depth,reappearance_rate,0.0
W013,frames_in_order,consecutive_annotated,depth,seeded_regions,5.0
W013,frames_in_order,consecutive_annotated,depth,survival_backward,1.0
W013,frames_in_order,consecutive_annotated,depth,survival_forward,1.0
W013,frames_in_order,consecutive_annotated,normal,class_switch_rate,0.0
W013,frames_in_order,consecutive_annotated,normal,fragmentation_ge2,0.0
W013,frames_in_order,consecutive_annotated,normal,fragmentation_mean,1.0
W013,frames_in_order,consecutive_annotated,normal,gt_tracks_matched,6.0
W013,frames_in_order,consecutive_annotated,normal,id_switch_rate,0.0
W013,frames_in_order,consecutive_annotated,normal,matched_pairs,34.0
W013,frames_in_order,consecutive_annotated,normal,reappear_events_judged,0.0
W013,frames_in_order,consecutive_annotated,normal,reappear_same_class,
W013,frames_in_order,consecutive_annotated,normal,reappear_same_gt,
W013,frames_in_order,consecutive_annotated,normal,reappearance_rate,0.2
W013,frames_in_order,consecutive_annotated,normal,seeded_regions,5.0
W013,frames_in_order,consecutive_annotated,normal,survival_backward,0.96
W013,frames_in_order,consecutive_annotated,normal,survival_forward,0.9714285714285715
W013,frames_in_order,consecutive_annotated,rgb,class_switch_rate,0.0
W013,frames_in_order,consecutive_annotated,rgb,fragmentation_ge2,0.08333333333333333
W013,frames_in_order,consecutive_annotated,rgb,fragmentation_mean,1.0833333333333333
W013,frames_in_order,consecutive_annotated,rgb,gt_tracks_matched,12.0
W013,frames_in_order,consecutive_annotated,rgb,id_switch_rate,0.011494252873563218
W013,frames_in_order,consecutive_annotated,rgb,matched_pairs,87.0
W013,frames_in_order,consecutive_annotated,rgb,reappear_events_judged,2.0
W013,frames_in_order,consecutive_annotated,rgb,reappear_same_class,1.0
W013,frames_in_order,consecutive_annotated,rgb,reappear_same_gt,0.0
W013,frames_in_order,consecutive_annotated,rgb,reappearance_rate,0.5625
W013,frames_in_order,consecutive_annotated,rgb,seeded_regions,16.0
W013,frames_in_order,consecutive_annotated,rgb,survival_backward,0.7041666666666666
W013,frames_in_order,consecutive_annotated,rgb,survival_forward,0.6830357142857143
W014,all,adjacent_samples,depth,class_switch_rate,0.0
W014,all,adjacent_samples,depth,fragmentation_ge2,0.0
W014,all,adjacent_samples,depth,fragmentation_mean,1.0
W014,all,adjacent_samples,depth,gt_tracks_matched,4.0
W014,all,adjacent_samples,depth,id_switch_rate,0.0
W014,all,adjacent_samples,depth,matched_pairs,44.0
W014,all,adjacent_samples,depth,reappear_events_judged,0.0
W014,all,adjacent_samples,depth,reappear_same_class,
W014,all,adjacent_samples,depth,reappear_same_gt,
W014,all,adjacent_samples,depth,reappearance_rate,1.0
W014,all,adjacent_samples,depth,seeded_regions,10.0
W014,all,adjacent_samples,depth,survival_backward,0.42666666666666664
W014,all,adjacent_samples,depth,survival_forward,0.8
W014,all,adjacent_samples,normal,class_switch_rate,0.0
W014,all,adjacent_samples,normal,fragmentation_ge2,0.0
W014,all,adjacent_samples,normal,fragmentation_mean,1.0
W014,all,adjacent_samples,normal,gt_tracks_matched,6.0
W014,all,adjacent_samples,normal,id_switch_rate,0.0
W014,all,adjacent_samples,normal,matched_pairs,72.0
W014,all,adjacent_samples,normal,reappear_events_judged,0.0
W014,all,adjacent_samples,normal,reappear_same_class,
W014,all,adjacent_samples,normal,reappear_same_gt,
W014,all,adjacent_samples,normal,reappearance_rate,0.8571428571428571
W014,all,adjacent_samples,normal,seeded_regions,7.0
W014,all,adjacent_samples,normal,survival_backward,0.5238095238095238
W014,all,adjacent_samples,normal,survival_forward,0.9489795918367347
W014,all,adjacent_samples,rgb,class_switch_rate,0.0
W014,all,adjacent_samples,rgb,fragmentation_ge2,0.0
W014,all,adjacent_samples,rgb,fragmentation_mean,1.0
W014,all,adjacent_samples,rgb,gt_tracks_matched,6.0
W014,all,adjacent_samples,rgb,id_switch_rate,0.0
W014,all,adjacent_samples,rgb,matched_pairs,71.0
W014,all,adjacent_samples,rgb,reappear_events_judged,0.0
W014,all,adjacent_samples,rgb,reappear_same_class,
W014,all,adjacent_samples,rgb,reappear_same_gt,
W014,all,adjacent_samples,rgb,reappearance_rate,0.8571428571428571
W014,all,adjacent_samples,rgb,seeded_regions,7.0
W014,all,adjacent_samples,rgb,survival_backward,0.3333333333333333
W014,all,adjacent_samples,rgb,survival_forward,0.9489795918367346
W014,all,consecutive_annotated,depth,class_switch_rate,0.0
W014,all,consecutive_annotated,depth,fragmentation_ge2,0.0
W014,all,consecutive_annotated,depth,fragmentation_mean,1.0
W014,all,consecutive_annotated,depth,gt_tracks_matched,4.0
W014,all,consecutive_annotated,depth,id_switch_rate,0.0
W014,all,consecutive_annotated,depth,matched_pairs,44.0
W014,all,consecutive_annotated,depth,reappear_events_judged,0.0
W014,all,consecutive_annotated,depth,reappear_same_class,
W014,all,consecutive_annotated,depth,reappear_same_gt,
W014,all,consecutive_annotated,depth,reappearance_rate,1.0
W014,all,consecutive_annotated,depth,seeded_regions,10.0
W014,all,consecutive_annotated,depth,survival_backward,0.42666666666666664
W014,all,consecutive_annotated,depth,survival_forward,0.8
W014,all,consecutive_annotated,normal,class_switch_rate,0.0
W014,all,consecutive_annotated,normal,fragmentation_ge2,0.0
W014,all,consecutive_annotated,normal,fragmentation_mean,1.0
W014,all,consecutive_annotated,normal,gt_tracks_matched,6.0
W014,all,consecutive_annotated,normal,id_switch_rate,0.0
W014,all,consecutive_annotated,normal,matched_pairs,72.0
W014,all,consecutive_annotated,normal,reappear_events_judged,0.0
W014,all,consecutive_annotated,normal,reappear_same_class,
W014,all,consecutive_annotated,normal,reappear_same_gt,
W014,all,consecutive_annotated,normal,reappearance_rate,0.8571428571428571
W014,all,consecutive_annotated,normal,seeded_regions,7.0
W014,all,consecutive_annotated,normal,survival_backward,0.5238095238095238
W014,all,consecutive_annotated,normal,survival_forward,0.9489795918367347
W014,all,consecutive_annotated,rgb,class_switch_rate,0.0
W014,all,consecutive_annotated,rgb,fragmentation_ge2,0.0
W014,all,consecutive_annotated,rgb,fragmentation_mean,1.0
W014,all,consecutive_annotated,rgb,gt_tracks_matched,6.0
W014,all,consecutive_annotated,rgb,id_switch_rate,0.0
W014,all,consecutive_annotated,rgb,matched_pairs,71.0
W014,all,consecutive_annotated,rgb,reappear_events_judged,0.0
W014,all,consecutive_annotated,rgb,reappear_same_class,
W014,all,consecutive_annotated,rgb,reappear_same_gt,
W014,all,consecutive_annotated,rgb,reappearance_rate,0.8571428571428571
W014,all,consecutive_annotated,rgb,seeded_regions,7.0
W014,all,consecutive_annotated,rgb,survival_backward,0.3333333333333333
W014,all,consecutive_annotated,rgb,survival_forward,0.9489795918367346
W014,frames_in_order,adjacent_samples,depth,class_switch_rate,0.0
W014,frames_in_order,adjacent_samples,depth,fragmentation_ge2,0.0
W014,frames_in_order,adjacent_samples,depth,fragmentation_mean,1.0
W014,frames_in_order,adjacent_samples,depth,gt_tracks_matched,4.0
W014,frames_in_order,adjacent_samples,depth,id_switch_rate,0.0
W014,frames_in_order,adjacent_samples,depth,matched_pairs,44.0
W014,frames_in_order,adjacent_samples,depth,reappear_events_judged,0.0
W014,frames_in_order,adjacent_samples,depth,reappear_same_class,
W014,frames_in_order,adjacent_samples,depth,reappear_same_gt,
W014,frames_in_order,adjacent_samples,depth,reappearance_rate,1.0
W014,frames_in_order,adjacent_samples,depth,seeded_regions,10.0
W014,frames_in_order,adjacent_samples,depth,survival_backward,0.42666666666666664
W014,frames_in_order,adjacent_samples,depth,survival_forward,0.8
W014,frames_in_order,adjacent_samples,normal,class_switch_rate,0.0
W014,frames_in_order,adjacent_samples,normal,fragmentation_ge2,0.0
W014,frames_in_order,adjacent_samples,normal,fragmentation_mean,1.0
W014,frames_in_order,adjacent_samples,normal,gt_tracks_matched,6.0
W014,frames_in_order,adjacent_samples,normal,id_switch_rate,0.0
W014,frames_in_order,adjacent_samples,normal,matched_pairs,72.0
W014,frames_in_order,adjacent_samples,normal,reappear_events_judged,0.0
W014,frames_in_order,adjacent_samples,normal,reappear_same_class,
W014,frames_in_order,adjacent_samples,normal,reappear_same_gt,
W014,frames_in_order,adjacent_samples,normal,reappearance_rate,0.8571428571428571
W014,frames_in_order,adjacent_samples,normal,seeded_regions,7.0
W014,frames_in_order,adjacent_samples,normal,survival_backward,0.5238095238095238
W014,frames_in_order,adjacent_samples,normal,survival_forward,0.9489795918367347
W014,frames_in_order,adjacent_samples,rgb,class_switch_rate,0.0
W014,frames_in_order,adjacent_samples,rgb,fragmentation_ge2,0.0
W014,frames_in_order,adjacent_samples,rgb,fragmentation_mean,1.0
W014,frames_in_order,adjacent_samples,rgb,gt_tracks_matched,6.0
W014,frames_in_order,adjacent_samples,rgb,id_switch_rate,0.0
W014,frames_in_order,adjacent_samples,rgb,matched_pairs,71.0
W014,frames_in_order,adjacent_samples,rgb,reappear_events_judged,0.0
W014,frames_in_order,adjacent_samples,rgb,reappear_same_class,
W014,frames_in_order,adjacent_samples,rgb,reappear_same_gt,
W014,frames_in_order,adjacent_samples,rgb,reappearance_rate,0.8571428571428571
W014,frames_in_order,adjacent_samples,rgb,seeded_regions,7.0
W014,frames_in_order,adjacent_samples,rgb,survival_backward,0.3333333333333333
W014,frames_in_order,adjacent_samples,rgb,survival_forward,0.9489795918367346
W014,frames_in_order,consecutive_annotated,depth,class_switch_rate,0.0
W014,frames_in_order,consecutive_annotated,depth,fragmentation_ge2,0.0
W014,frames_in_order,consecutive_annotated,depth,fragmentation_mean,1.0
W014,frames_in_order,consecutive_annotated,depth,gt_tracks_matched,4.0
W014,frames_in_order,consecutive_annotated,depth,id_switch_rate,0.0
W014,frames_in_order,consecutive_annotated,depth,matched_pairs,44.0
W014,frames_in_order,consecutive_annotated,depth,reappear_events_judged,0.0
W014,frames_in_order,consecutive_annotated,depth,reappear_same_class,
W014,frames_in_order,consecutive_annotated,depth,reappear_same_gt,
W014,frames_in_order,consecutive_annotated,depth,reappearance_rate,1.0
W014,frames_in_order,consecutive_annotated,depth,seeded_regions,10.0
W014,frames_in_order,consecutive_annotated,depth,survival_backward,0.42666666666666664
W014,frames_in_order,consecutive_annotated,depth,survival_forward,0.8
W014,frames_in_order,consecutive_annotated,normal,class_switch_rate,0.0
W014,frames_in_order,consecutive_annotated,normal,fragmentation_ge2,0.0
W014,frames_in_order,consecutive_annotated,normal,fragmentation_mean,1.0
W014,frames_in_order,consecutive_annotated,normal,gt_tracks_matched,6.0
W014,frames_in_order,consecutive_annotated,normal,id_switch_rate,0.0
W014,frames_in_order,consecutive_annotated,normal,matched_pairs,72.0
W014,frames_in_order,consecutive_annotated,normal,reappear_events_judged,0.0
W014,frames_in_order,consecutive_annotated,normal,reappear_same_class,
W014,frames_in_order,consecutive_annotated,normal,reappear_same_gt,
W014,frames_in_order,consecutive_annotated,normal,reappearance_rate,0.8571428571428571
W014,frames_in_order,consecutive_annotated,normal,seeded_regions,7.0
W014,frames_in_order,consecutive_annotated,normal,survival_backward,0.5238095238095238
W014,frames_in_order,consecutive_annotated,normal,survival_forward,0.9489795918367347
W014,frames_in_order,consecutive_annotated,rgb,class_switch_rate,0.0
W014,frames_in_order,consecutive_annotated,rgb,fragmentation_ge2,0.0
W014,frames_in_order,consecutive_annotated,rgb,fragmentation_mean,1.0
W014,frames_in_order,consecutive_annotated,rgb,gt_tracks_matched,6.0
W014,frames_in_order,consecutive_annotated,rgb,id_switch_rate,0.0
W014,frames_in_order,consecutive_annotated,rgb,matched_pairs,71.0
W014,frames_in_order,consecutive_annotated,rgb,reappear_events_judged,0.0
W014,frames_in_order,consecutive_annotated,rgb,reappear_same_class,
W014,frames_in_order,consecutive_annotated,rgb,reappear_same_gt,
W014,frames_in_order,consecutive_annotated,rgb,reappearance_rate,0.8571428571428571
W014,frames_in_order,consecutive_annotated,rgb,seeded_regions,7.0
W014,frames_in_order,consecutive_annotated,rgb,survival_backward,0.3333333333333333
W014,frames_in_order,consecutive_annotated,rgb,survival_forward,0.9489795918367346
W015,all,adjacent_samples,depth,class_switch_rate,0.017241379310344827
W015,all,adjacent_samples,depth,fragmentation_ge2,0.0
W015,all,adjacent_samples,depth,fragmentation_mean,1.0
W015,all,adjacent_samples,depth,gt_tracks_matched,5.0
W015,all,adjacent_samples,depth,id_switch_rate,0.017241379310344827
W015,all,adjacent_samples,depth,matched_pairs,58.0
W015,all,adjacent_samples,depth,reappear_events_judged,0.0
W015,all,adjacent_samples,depth,reappear_same_class,
W015,all,adjacent_samples,depth,reappear_same_gt,
W015,all,adjacent_samples,depth,reappearance_rate,0.75
W015,all,adjacent_samples,depth,seeded_regions,4.0
W015,all,adjacent_samples,depth,survival_backward,0.7666666666666666
W015,all,adjacent_samples,depth,survival_forward,0.9107142857142857
W015,all,adjacent_samples,normal,class_switch_rate,0.0
W015,all,adjacent_samples,normal,fragmentation_ge2,0.0
W015,all,adjacent_samples,normal,fragmentation_mean,1.0
W015,all,adjacent_samples,normal,gt_tracks_matched,6.0
W015,all,adjacent_samples,normal,id_switch_rate,0.0
W015,all,adjacent_samples,normal,matched_pairs,71.0
W015,all,adjacent_samples,normal,reappear_events_judged,0.0
W015,all,adjacent_samples,normal,reappear_same_class,
W015,all,adjacent_samples,normal,reappear_same_gt,
W015,all,adjacent_samples,normal,reappearance_rate,0.6666666666666666
W015,all,adjacent_samples,normal,seeded_regions,6.0
W015,all,adjacent_samples,normal,survival_backward,0.811111111111111
W015,all,adjacent_samples,normal,survival_forward,0.9285714285714285
W015,all,adjacent_samples,rgb,class_switch_rate,0.05
W015,all,adjacent_samples,rgb,fragmentation_ge2,0.0
W015,all,adjacent_samples,rgb,fragmentation_mean,1.0
W015,all,adjacent_samples,rgb,gt_tracks_matched,4.0
W015,all,adjacent_samples,rgb,id_switch_rate,0.05
W015,all,adjacent_samples,rgb,matched_pairs,40.0
W015,all,adjacent_samples,rgb,reappear_events_judged,0.0
W015,all,adjacent_samples,rgb,reappear_same_class,
W015,all,adjacent_samples,rgb,reappear_same_gt,
W015,all,adjacent_samples,rgb,reappearance_rate,0.6
W015,all,adjacent_samples,rgb,seeded_regions,5.0
W015,all,adjacent_samples,rgb,survival_backward,0.76
W015,all,adjacent_samples,rgb,survival_forward,1.0
W015,all,consecutive_annotated,depth,class_switch_rate,0.017241379310344827
W015,all,consecutive_annotated,depth,fragmentation_ge2,0.0
W015,all,consecutive_annotated,depth,fragmentation_mean,1.0
W015,all,consecutive_annotated,depth,gt_tracks_matched,5.0
W015,all,consecutive_annotated,depth,id_switch_rate,0.017241379310344827
W015,all,consecutive_annotated,depth,matched_pairs,58.0
W015,all,consecutive_annotated,depth,reappear_events_judged,0.0
W015,all,consecutive_annotated,depth,reappear_same_class,
W015,all,consecutive_annotated,depth,reappear_same_gt,
W015,all,consecutive_annotated,depth,reappearance_rate,0.75
W015,all,consecutive_annotated,depth,seeded_regions,4.0
W015,all,consecutive_annotated,depth,survival_backward,0.7666666666666666
W015,all,consecutive_annotated,depth,survival_forward,0.9107142857142857
W015,all,consecutive_annotated,normal,class_switch_rate,0.0
W015,all,consecutive_annotated,normal,fragmentation_ge2,0.0
W015,all,consecutive_annotated,normal,fragmentation_mean,1.0
W015,all,consecutive_annotated,normal,gt_tracks_matched,6.0
W015,all,consecutive_annotated,normal,id_switch_rate,0.0
W015,all,consecutive_annotated,normal,matched_pairs,71.0
W015,all,consecutive_annotated,normal,reappear_events_judged,0.0
W015,all,consecutive_annotated,normal,reappear_same_class,
W015,all,consecutive_annotated,normal,reappear_same_gt,
W015,all,consecutive_annotated,normal,reappearance_rate,0.6666666666666666
W015,all,consecutive_annotated,normal,seeded_regions,6.0
W015,all,consecutive_annotated,normal,survival_backward,0.811111111111111
W015,all,consecutive_annotated,normal,survival_forward,0.9285714285714285
W015,all,consecutive_annotated,rgb,class_switch_rate,0.05
W015,all,consecutive_annotated,rgb,fragmentation_ge2,0.0
W015,all,consecutive_annotated,rgb,fragmentation_mean,1.0
W015,all,consecutive_annotated,rgb,gt_tracks_matched,4.0
W015,all,consecutive_annotated,rgb,id_switch_rate,0.05
W015,all,consecutive_annotated,rgb,matched_pairs,40.0
W015,all,consecutive_annotated,rgb,reappear_events_judged,0.0
W015,all,consecutive_annotated,rgb,reappear_same_class,
W015,all,consecutive_annotated,rgb,reappear_same_gt,
W015,all,consecutive_annotated,rgb,reappearance_rate,0.6
W015,all,consecutive_annotated,rgb,seeded_regions,5.0
W015,all,consecutive_annotated,rgb,survival_backward,0.76
W015,all,consecutive_annotated,rgb,survival_forward,1.0
W015,frames_in_order,adjacent_samples,depth,class_switch_rate,0.017241379310344827
W015,frames_in_order,adjacent_samples,depth,fragmentation_ge2,0.0
W015,frames_in_order,adjacent_samples,depth,fragmentation_mean,1.0
W015,frames_in_order,adjacent_samples,depth,gt_tracks_matched,5.0
W015,frames_in_order,adjacent_samples,depth,id_switch_rate,0.017241379310344827
W015,frames_in_order,adjacent_samples,depth,matched_pairs,58.0
W015,frames_in_order,adjacent_samples,depth,reappear_events_judged,0.0
W015,frames_in_order,adjacent_samples,depth,reappear_same_class,
W015,frames_in_order,adjacent_samples,depth,reappear_same_gt,
W015,frames_in_order,adjacent_samples,depth,reappearance_rate,0.75
W015,frames_in_order,adjacent_samples,depth,seeded_regions,4.0
W015,frames_in_order,adjacent_samples,depth,survival_backward,0.7666666666666666
W015,frames_in_order,adjacent_samples,depth,survival_forward,0.9107142857142857
W015,frames_in_order,adjacent_samples,normal,class_switch_rate,0.0
W015,frames_in_order,adjacent_samples,normal,fragmentation_ge2,0.0
W015,frames_in_order,adjacent_samples,normal,fragmentation_mean,1.0
W015,frames_in_order,adjacent_samples,normal,gt_tracks_matched,6.0
W015,frames_in_order,adjacent_samples,normal,id_switch_rate,0.0
W015,frames_in_order,adjacent_samples,normal,matched_pairs,71.0
W015,frames_in_order,adjacent_samples,normal,reappear_events_judged,0.0
W015,frames_in_order,adjacent_samples,normal,reappear_same_class,
W015,frames_in_order,adjacent_samples,normal,reappear_same_gt,
W015,frames_in_order,adjacent_samples,normal,reappearance_rate,0.6666666666666666
W015,frames_in_order,adjacent_samples,normal,seeded_regions,6.0
W015,frames_in_order,adjacent_samples,normal,survival_backward,0.811111111111111
W015,frames_in_order,adjacent_samples,normal,survival_forward,0.9285714285714285
W015,frames_in_order,adjacent_samples,rgb,class_switch_rate,0.05
W015,frames_in_order,adjacent_samples,rgb,fragmentation_ge2,0.0
W015,frames_in_order,adjacent_samples,rgb,fragmentation_mean,1.0
W015,frames_in_order,adjacent_samples,rgb,gt_tracks_matched,4.0
W015,frames_in_order,adjacent_samples,rgb,id_switch_rate,0.05
W015,frames_in_order,adjacent_samples,rgb,matched_pairs,40.0
W015,frames_in_order,adjacent_samples,rgb,reappear_events_judged,0.0
W015,frames_in_order,adjacent_samples,rgb,reappear_same_class,
W015,frames_in_order,adjacent_samples,rgb,reappear_same_gt,
W015,frames_in_order,adjacent_samples,rgb,reappearance_rate,0.6
W015,frames_in_order,adjacent_samples,rgb,seeded_regions,5.0
W015,frames_in_order,adjacent_samples,rgb,survival_backward,0.76
W015,frames_in_order,adjacent_samples,rgb,survival_forward,1.0
W015,frames_in_order,consecutive_annotated,depth,class_switch_rate,0.017241379310344827
W015,frames_in_order,consecutive_annotated,depth,fragmentation_ge2,0.0
W015,frames_in_order,consecutive_annotated,depth,fragmentation_mean,1.0
W015,frames_in_order,consecutive_annotated,depth,gt_tracks_matched,5.0
W015,frames_in_order,consecutive_annotated,depth,id_switch_rate,0.017241379310344827
W015,frames_in_order,consecutive_annotated,depth,matched_pairs,58.0
W015,frames_in_order,consecutive_annotated,depth,reappear_events_judged,0.0
W015,frames_in_order,consecutive_annotated,depth,reappear_same_class,
W015,frames_in_order,consecutive_annotated,depth,reappear_same_gt,
W015,frames_in_order,consecutive_annotated,depth,reappearance_rate,0.75
W015,frames_in_order,consecutive_annotated,depth,seeded_regions,4.0
W015,frames_in_order,consecutive_annotated,depth,survival_backward,0.7666666666666666
W015,frames_in_order,consecutive_annotated,depth,survival_forward,0.9107142857142857
W015,frames_in_order,consecutive_annotated,normal,class_switch_rate,0.0
W015,frames_in_order,consecutive_annotated,normal,fragmentation_ge2,0.0
W015,frames_in_order,consecutive_annotated,normal,fragmentation_mean,1.0
W015,frames_in_order,consecutive_annotated,normal,gt_tracks_matched,6.0
W015,frames_in_order,consecutive_annotated,normal,id_switch_rate,0.0
W015,frames_in_order,consecutive_annotated,normal,matched_pairs,71.0
W015,frames_in_order,consecutive_annotated,normal,reappear_events_judged,0.0
W015,frames_in_order,consecutive_annotated,normal,reappear_same_class,
W015,frames_in_order,consecutive_annotated,normal,reappear_same_gt,
W015,frames_in_order,consecutive_annotated,normal,reappearance_rate,0.6666666666666666
W015,frames_in_order,consecutive_annotated,normal,seeded_regions,6.0
W015,frames_in_order,consecutive_annotated,normal,survival_backward,0.811111111111111
W015,frames_in_order,consecutive_annotated,normal,survival_forward,0.9285714285714285
W015,frames_in_order,consecutive_annotated,rgb,class_switch_rate,0.05
W015,frames_in_order,consecutive_annotated,rgb,fragmentation_ge2,0.0
W015,frames_in_order,consecutive_annotated,rgb,fragmentation_mean,1.0
W015,frames_in_order,consecutive_annotated,rgb,gt_tracks_matched,4.0
W015,frames_in_order,consecutive_annotated,rgb,id_switch_rate,0.05
W015,frames_in_order,consecutive_annotated,rgb,matched_pairs,40.0
W015,frames_in_order,consecutive_annotated,rgb,reappear_events_judged,0.0
W015,frames_in_order,consecutive_annotated,rgb,reappear_same_class,
W015,frames_in_order,consecutive_annotated,rgb,reappear_same_gt,
W015,frames_in_order,consecutive_annotated,rgb,reappearance_rate,0.6
W015,frames_in_order,consecutive_annotated,rgb,seeded_regions,5.0
W015,frames_in_order,consecutive_annotated,rgb,survival_backward,0.76
W015,frames_in_order,consecutive_annotated,rgb,survival_forward,1.0
W016,all,adjacent_samples,depth,class_switch_rate,0.0
W016,all,adjacent_samples,depth,fragmentation_ge2,0.0
W016,all,adjacent_samples,depth,fragmentation_mean,1.0
W016,all,adjacent_samples,depth,gt_tracks_matched,6.0
W016,all,adjacent_samples,depth,id_switch_rate,0.0
W016,all,adjacent_samples,depth,matched_pairs,90.0
W016,all,adjacent_samples,depth,reappear_events_judged,0.0
W016,all,adjacent_samples,depth,reappear_same_class,
W016,all,adjacent_samples,depth,reappear_same_gt,
W016,all,adjacent_samples,depth,reappearance_rate,0.14285714285714285
W016,all,adjacent_samples,depth,seeded_regions,7.0
W016,all,adjacent_samples,depth,survival_backward,0.9714285714285714
W016,all,adjacent_samples,depth,survival_forward,0.9081632653061226
W016,all,adjacent_samples,normal,class_switch_rate,0.013513513513513514
W016,all,adjacent_samples,normal,fragmentation_ge2,0.0
W016,all,adjacent_samples,normal,fragmentation_mean,1.0
W016,all,adjacent_samples,normal,gt_tracks_matched,7.0
W016,all,adjacent_samples,normal,id_switch_rate,0.013513513513513514
W016,all,adjacent_samples,normal,matched_pairs,74.0
W016,all,adjacent_samples,normal,reappear_events_judged,0.0
W016,all,adjacent_samples,normal,reappear_same_class,
W016,all,adjacent_samples,normal,reappear_same_gt,
W016,all,adjacent_samples,normal,reappearance_rate,0.5
W016,all,adjacent_samples,normal,seeded_regions,6.0
W016,all,adjacent_samples,normal,survival_backward,0.8444444444444444
W016,all,adjacent_samples,normal,survival_forward,0.8214285714285715
W016,all,adjacent_samples,rgb,class_switch_rate,0.0
W016,all,adjacent_samples,rgb,fragmentation_ge2,0.2
W016,all,adjacent_samples,rgb,fragmentation_mean,1.2
W016,all,adjacent_samples,rgb,gt_tracks_matched,5.0
W016,all,adjacent_samples,rgb,id_switch_rate,0.0
W016,all,adjacent_samples,rgb,matched_pairs,62.0
W016,all,adjacent_samples,rgb,reappear_events_judged,0.0
W016,all,adjacent_samples,rgb,reappear_same_class,
W016,all,adjacent_samples,rgb,reappear_same_gt,
W016,all,adjacent_samples,rgb,reappearance_rate,0.2
W016,all,adjacent_samples,rgb,seeded_regions,10.0
W016,all,adjacent_samples,rgb,survival_backward,0.9533333333333334
W016,all,adjacent_samples,rgb,survival_forward,0.9142857142857143
W016,all,consecutive_annotated,depth,class_switch_rate,0.0
W016,all,consecutive_annotated,depth,fragmentation_ge2,0.0
W016,all,consecutive_annotated,depth,fragmentation_mean,1.0
W016,all,consecutive_annotated,depth,gt_tracks_matched,6.0
W016,all,consecutive_annotated,depth,id_switch_rate,0.0
W016,all,consecutive_annotated,depth,matched_pairs,90.0
W016,all,consecutive_annotated,depth,reappear_events_judged,0.0
W016,all,consecutive_annotated,depth,reappear_same_class,
W016,all,consecutive_annotated,depth,reappear_same_gt,
W016,all,consecutive_annotated,depth,reappearance_rate,0.14285714285714285
W016,all,consecutive_annotated,depth,seeded_regions,7.0
W016,all,consecutive_annotated,depth,survival_backward,0.9714285714285714
W016,all,consecutive_annotated,depth,survival_forward,0.9081632653061226
W016,all,consecutive_annotated,normal,class_switch_rate,0.013513513513513514
W016,all,consecutive_annotated,normal,fragmentation_ge2,0.0
W016,all,consecutive_annotated,normal,fragmentation_mean,1.0
W016,all,consecutive_annotated,normal,gt_tracks_matched,7.0
W016,all,consecutive_annotated,normal,id_switch_rate,0.013513513513513514
W016,all,consecutive_annotated,normal,matched_pairs,74.0
W016,all,consecutive_annotated,normal,reappear_events_judged,0.0
W016,all,consecutive_annotated,normal,reappear_same_class,
W016,all,consecutive_annotated,normal,reappear_same_gt,
W016,all,consecutive_annotated,normal,reappearance_rate,0.5
W016,all,consecutive_annotated,normal,seeded_regions,6.0
W016,all,consecutive_annotated,normal,survival_backward,0.8444444444444444
W016,all,consecutive_annotated,normal,survival_forward,0.8214285714285715
W016,all,consecutive_annotated,rgb,class_switch_rate,0.0
W016,all,consecutive_annotated,rgb,fragmentation_ge2,0.2
W016,all,consecutive_annotated,rgb,fragmentation_mean,1.2
W016,all,consecutive_annotated,rgb,gt_tracks_matched,5.0
W016,all,consecutive_annotated,rgb,id_switch_rate,0.0
W016,all,consecutive_annotated,rgb,matched_pairs,62.0
W016,all,consecutive_annotated,rgb,reappear_events_judged,0.0
W016,all,consecutive_annotated,rgb,reappear_same_class,
W016,all,consecutive_annotated,rgb,reappear_same_gt,
W016,all,consecutive_annotated,rgb,reappearance_rate,0.2
W016,all,consecutive_annotated,rgb,seeded_regions,10.0
W016,all,consecutive_annotated,rgb,survival_backward,0.9533333333333334
W016,all,consecutive_annotated,rgb,survival_forward,0.9142857142857143
W016,frames_in_order,adjacent_samples,depth,class_switch_rate,0.0
W016,frames_in_order,adjacent_samples,depth,fragmentation_ge2,0.0
W016,frames_in_order,adjacent_samples,depth,fragmentation_mean,1.0
W016,frames_in_order,adjacent_samples,depth,gt_tracks_matched,6.0
W016,frames_in_order,adjacent_samples,depth,id_switch_rate,0.0
W016,frames_in_order,adjacent_samples,depth,matched_pairs,90.0
W016,frames_in_order,adjacent_samples,depth,reappear_events_judged,0.0
W016,frames_in_order,adjacent_samples,depth,reappear_same_class,
W016,frames_in_order,adjacent_samples,depth,reappear_same_gt,
W016,frames_in_order,adjacent_samples,depth,reappearance_rate,0.14285714285714285
W016,frames_in_order,adjacent_samples,depth,seeded_regions,7.0
W016,frames_in_order,adjacent_samples,depth,survival_backward,0.9714285714285714
W016,frames_in_order,adjacent_samples,depth,survival_forward,0.9081632653061226
W016,frames_in_order,adjacent_samples,normal,class_switch_rate,0.013513513513513514
W016,frames_in_order,adjacent_samples,normal,fragmentation_ge2,0.0
W016,frames_in_order,adjacent_samples,normal,fragmentation_mean,1.0
W016,frames_in_order,adjacent_samples,normal,gt_tracks_matched,7.0
W016,frames_in_order,adjacent_samples,normal,id_switch_rate,0.013513513513513514
W016,frames_in_order,adjacent_samples,normal,matched_pairs,74.0
W016,frames_in_order,adjacent_samples,normal,reappear_events_judged,0.0
W016,frames_in_order,adjacent_samples,normal,reappear_same_class,
W016,frames_in_order,adjacent_samples,normal,reappear_same_gt,
W016,frames_in_order,adjacent_samples,normal,reappearance_rate,0.5
W016,frames_in_order,adjacent_samples,normal,seeded_regions,6.0
W016,frames_in_order,adjacent_samples,normal,survival_backward,0.8444444444444444
W016,frames_in_order,adjacent_samples,normal,survival_forward,0.8214285714285715
W016,frames_in_order,adjacent_samples,rgb,class_switch_rate,0.0
W016,frames_in_order,adjacent_samples,rgb,fragmentation_ge2,0.2
W016,frames_in_order,adjacent_samples,rgb,fragmentation_mean,1.2
W016,frames_in_order,adjacent_samples,rgb,gt_tracks_matched,5.0
W016,frames_in_order,adjacent_samples,rgb,id_switch_rate,0.0
W016,frames_in_order,adjacent_samples,rgb,matched_pairs,62.0
W016,frames_in_order,adjacent_samples,rgb,reappear_events_judged,0.0
W016,frames_in_order,adjacent_samples,rgb,reappear_same_class,
W016,frames_in_order,adjacent_samples,rgb,reappear_same_gt,
W016,frames_in_order,adjacent_samples,rgb,reappearance_rate,0.2
W016,frames_in_order,adjacent_samples,rgb,seeded_regions,10.0
W016,frames_in_order,adjacent_samples,rgb,survival_backward,0.9533333333333334
W016,frames_in_order,adjacent_samples,rgb,survival_forward,0.9142857142857143
W016,frames_in_order,consecutive_annotated,depth,class_switch_rate,0.0
W016,frames_in_order,consecutive_annotated,depth,fragmentation_ge2,0.0
W016,frames_in_order,consecutive_annotated,depth,fragmentation_mean,1.0
W016,frames_in_order,consecutive_annotated,depth,gt_tracks_matched,6.0
W016,frames_in_order,consecutive_annotated,depth,id_switch_rate,0.0
W016,frames_in_order,consecutive_annotated,depth,matched_pairs,90.0
W016,frames_in_order,consecutive_annotated,depth,reappear_events_judged,0.0
W016,frames_in_order,consecutive_annotated,depth,reappear_same_class,
W016,frames_in_order,consecutive_annotated,depth,reappear_same_gt,
W016,frames_in_order,consecutive_annotated,depth,reappearance_rate,0.14285714285714285
W016,frames_in_order,consecutive_annotated,depth,seeded_regions,7.0
W016,frames_in_order,consecutive_annotated,depth,survival_backward,0.9714285714285714
W016,frames_in_order,consecutive_annotated,depth,survival_forward,0.9081632653061226
W016,frames_in_order,consecutive_annotated,normal,class_switch_rate,0.013513513513513514
W016,frames_in_order,consecutive_annotated,normal,fragmentation_ge2,0.0
W016,frames_in_order,consecutive_annotated,normal,fragmentation_mean,1.0
W016,frames_in_order,consecutive_annotated,normal,gt_tracks_matched,7.0
W016,frames_in_order,consecutive_annotated,normal,id_switch_rate,0.013513513513513514
W016,frames_in_order,consecutive_annotated,normal,matched_pairs,74.0
W016,frames_in_order,consecutive_annotated,normal,reappear_events_judged,0.0
W016,frames_in_order,consecutive_annotated,normal,reappear_same_class,
W016,frames_in_order,consecutive_annotated,normal,reappear_same_gt,
W016,frames_in_order,consecutive_annotated,normal,reappearance_rate,0.5
W016,frames_in_order,consecutive_annotated,normal,seeded_regions,6.0
W016,frames_in_order,consecutive_annotated,normal,survival_backward,0.8444444444444444
W016,frames_in_order,consecutive_annotated,normal,survival_forward,0.8214285714285715
W016,frames_in_order,consecutive_annotated,rgb,class_switch_rate,0.0
W016,frames_in_order,consecutive_annotated,rgb,fragmentation_ge2,0.2
W016,frames_in_order,consecutive_annotated,rgb,fragmentation_mean,1.2
W016,frames_in_order,consecutive_annotated,rgb,gt_tracks_matched,5.0
W016,frames_in_order,consecutive_annotated,rgb,id_switch_rate,0.0
W016,frames_in_order,consecutive_annotated,rgb,matched_pairs,62.0
W016,frames_in_order,consecutive_annotated,rgb,reappear_events_judged,0.0
W016,frames_in_order,consecutive_annotated,rgb,reappear_same_class,
W016,frames_in_order,consecutive_annotated,rgb,reappear_same_gt,
W016,frames_in_order,consecutive_annotated,rgb,reappearance_rate,0.2
W016,frames_in_order,consecutive_annotated,rgb,seeded_regions,10.0
W016,frames_in_order,consecutive_annotated,rgb,survival_backward,0.9533333333333334
W016,frames_in_order,consecutive_annotated,rgb,survival_forward,0.9142857142857143
W017,all,adjacent_samples,depth,class_switch_rate,0.0
W017,all,adjacent_samples,depth,fragmentation_ge2,0.0
W017,all,adjacent_samples,depth,fragmentation_mean,1.0
W017,all,adjacent_samples,depth,gt_tracks_matched,9.0
W017,all,adjacent_samples,depth,id_switch_rate,0.125
W017,all,adjacent_samples,depth,matched_pairs,32.0
W017,all,adjacent_samples,depth,reappear_events_judged,1.0
W017,all,adjacent_samples,depth,reappear_same_class,1.0
W017,all,adjacent_samples,depth,reappear_same_gt,0.0
W017,all,adjacent_samples,depth,reappearance_rate,0.25
W017,all,adjacent_samples,depth,seeded_regions,8.0
W017,all,adjacent_samples,depth,survival_backward,0.9333333333333333
W017,all,adjacent_samples,depth,survival_forward,0.9732142857142858
W017,all,adjacent_samples,normal,class_switch_rate,0.0
W017,all,adjacent_samples,normal,fragmentation_ge2,0.07142857142857142
W017,all,adjacent_samples,normal,fragmentation_mean,1.0714285714285714
W017,all,adjacent_samples,normal,gt_tracks_matched,14.0
W017,all,adjacent_samples,normal,id_switch_rate,0.07042253521126761
W017,all,adjacent_samples,normal,matched_pairs,71.0
W017,all,adjacent_samples,normal,reappear_events_judged,1.0
W017,all,adjacent_samples,normal,reappear_same_class,1.0
W017,all,adjacent_samples,normal,reappear_same_gt,0.0
W017,all,adjacent_samples,normal,reappearance_rate,0.23076923076923078
W017,all,adjacent_samples,normal,seeded_regions,13.0
W017,all,adjacent_samples,normal,survival_backward,0.9076923076923076
W017,all,adjacent_samples,normal,survival_forward,0.9285714285714286
W017,all,adjacent_samples,rgb,class_switch_rate,0.0
W017,all,adjacent_samples,rgb,fragmentation_ge2,0.047619047619047616
W017,all,adjacent_samples,rgb,fragmentation_mean,1.0476190476190477
W017,all,adjacent_samples,rgb,gt_tracks_matched,21.0
W017,all,adjacent_samples,rgb,id_switch_rate,0.0449438202247191
W017,all,adjacent_samples,rgb,matched_pairs,89.0
W017,all,adjacent_samples,rgb,reappear_events_judged,1.0
W017,all,adjacent_samples,rgb,reappear_same_class,1.0
W017,all,adjacent_samples,rgb,reappear_same_gt,0.0
W017,all,adjacent_samples,rgb,reappearance_rate,0.2682926829268293
W017,all,adjacent_samples,rgb,seeded_regions,41.0
W017,all,adjacent_samples,rgb,survival_backward,0.8829268292682928
W017,all,adjacent_samples,rgb,survival_forward,0.8937282229965158
W017,all,consecutive_annotated,depth,class_switch_rate,0.0
W017,all,consecutive_annotated,depth,fragmentation_ge2,0.0
W017,all,consecutive_annotated,depth,fragmentation_mean,1.0
W017,all,consecutive_annotated,depth,gt_tracks_matched,9.0
W017,all,consecutive_annotated,depth,id_switch_rate,0.125
W017,all,consecutive_annotated,depth,matched_pairs,32.0
W017,all,consecutive_annotated,depth,reappear_events_judged,1.0
W017,all,consecutive_annotated,depth,reappear_same_class,1.0
W017,all,consecutive_annotated,depth,reappear_same_gt,0.0
W017,all,consecutive_annotated,depth,reappearance_rate,0.25
W017,all,consecutive_annotated,depth,seeded_regions,8.0
W017,all,consecutive_annotated,depth,survival_backward,0.9333333333333333
W017,all,consecutive_annotated,depth,survival_forward,0.9732142857142858
W017,all,consecutive_annotated,normal,class_switch_rate,0.0
W017,all,consecutive_annotated,normal,fragmentation_ge2,0.07142857142857142
W017,all,consecutive_annotated,normal,fragmentation_mean,1.0714285714285714
W017,all,consecutive_annotated,normal,gt_tracks_matched,14.0
W017,all,consecutive_annotated,normal,id_switch_rate,0.07042253521126761
W017,all,consecutive_annotated,normal,matched_pairs,71.0
W017,all,consecutive_annotated,normal,reappear_events_judged,1.0
W017,all,consecutive_annotated,normal,reappear_same_class,1.0
W017,all,consecutive_annotated,normal,reappear_same_gt,0.0
W017,all,consecutive_annotated,normal,reappearance_rate,0.23076923076923078
W017,all,consecutive_annotated,normal,seeded_regions,13.0
W017,all,consecutive_annotated,normal,survival_backward,0.9076923076923076
W017,all,consecutive_annotated,normal,survival_forward,0.9285714285714286
W017,all,consecutive_annotated,rgb,class_switch_rate,0.0
W017,all,consecutive_annotated,rgb,fragmentation_ge2,0.047619047619047616
W017,all,consecutive_annotated,rgb,fragmentation_mean,1.0476190476190477
W017,all,consecutive_annotated,rgb,gt_tracks_matched,21.0
W017,all,consecutive_annotated,rgb,id_switch_rate,0.0449438202247191
W017,all,consecutive_annotated,rgb,matched_pairs,89.0
W017,all,consecutive_annotated,rgb,reappear_events_judged,1.0
W017,all,consecutive_annotated,rgb,reappear_same_class,1.0
W017,all,consecutive_annotated,rgb,reappear_same_gt,0.0
W017,all,consecutive_annotated,rgb,reappearance_rate,0.2682926829268293
W017,all,consecutive_annotated,rgb,seeded_regions,41.0
W017,all,consecutive_annotated,rgb,survival_backward,0.8829268292682928
W017,all,consecutive_annotated,rgb,survival_forward,0.8937282229965158
W017,frames_in_order,adjacent_samples,depth,class_switch_rate,0.0
W017,frames_in_order,adjacent_samples,depth,fragmentation_ge2,0.0
W017,frames_in_order,adjacent_samples,depth,fragmentation_mean,1.0
W017,frames_in_order,adjacent_samples,depth,gt_tracks_matched,9.0
W017,frames_in_order,adjacent_samples,depth,id_switch_rate,0.125
W017,frames_in_order,adjacent_samples,depth,matched_pairs,32.0
W017,frames_in_order,adjacent_samples,depth,reappear_events_judged,1.0
W017,frames_in_order,adjacent_samples,depth,reappear_same_class,1.0
W017,frames_in_order,adjacent_samples,depth,reappear_same_gt,0.0
W017,frames_in_order,adjacent_samples,depth,reappearance_rate,0.25
W017,frames_in_order,adjacent_samples,depth,seeded_regions,8.0
W017,frames_in_order,adjacent_samples,depth,survival_backward,0.9333333333333333
W017,frames_in_order,adjacent_samples,depth,survival_forward,0.9732142857142858
W017,frames_in_order,adjacent_samples,normal,class_switch_rate,0.0
W017,frames_in_order,adjacent_samples,normal,fragmentation_ge2,0.07142857142857142
W017,frames_in_order,adjacent_samples,normal,fragmentation_mean,1.0714285714285714
W017,frames_in_order,adjacent_samples,normal,gt_tracks_matched,14.0
W017,frames_in_order,adjacent_samples,normal,id_switch_rate,0.07042253521126761
W017,frames_in_order,adjacent_samples,normal,matched_pairs,71.0
W017,frames_in_order,adjacent_samples,normal,reappear_events_judged,1.0
W017,frames_in_order,adjacent_samples,normal,reappear_same_class,1.0
W017,frames_in_order,adjacent_samples,normal,reappear_same_gt,0.0
W017,frames_in_order,adjacent_samples,normal,reappearance_rate,0.23076923076923078
W017,frames_in_order,adjacent_samples,normal,seeded_regions,13.0
W017,frames_in_order,adjacent_samples,normal,survival_backward,0.9076923076923076
W017,frames_in_order,adjacent_samples,normal,survival_forward,0.9285714285714286
W017,frames_in_order,adjacent_samples,rgb,class_switch_rate,0.0
W017,frames_in_order,adjacent_samples,rgb,fragmentation_ge2,0.047619047619047616
W017,frames_in_order,adjacent_samples,rgb,fragmentation_mean,1.0476190476190477
W017,frames_in_order,adjacent_samples,rgb,gt_tracks_matched,21.0
W017,frames_in_order,adjacent_samples,rgb,id_switch_rate,0.0449438202247191
W017,frames_in_order,adjacent_samples,rgb,matched_pairs,89.0
W017,frames_in_order,adjacent_samples,rgb,reappear_events_judged,1.0
W017,frames_in_order,adjacent_samples,rgb,reappear_same_class,1.0
W017,frames_in_order,adjacent_samples,rgb,reappear_same_gt,0.0
W017,frames_in_order,adjacent_samples,rgb,reappearance_rate,0.2682926829268293
W017,frames_in_order,adjacent_samples,rgb,seeded_regions,41.0
W017,frames_in_order,adjacent_samples,rgb,survival_backward,0.8829268292682928
W017,frames_in_order,adjacent_samples,rgb,survival_forward,0.8937282229965158
W017,frames_in_order,consecutive_annotated,depth,class_switch_rate,0.0
W017,frames_in_order,consecutive_annotated,depth,fragmentation_ge2,0.0
W017,frames_in_order,consecutive_annotated,depth,fragmentation_mean,1.0
W017,frames_in_order,consecutive_annotated,depth,gt_tracks_matched,9.0
W017,frames_in_order,consecutive_annotated,depth,id_switch_rate,0.125
W017,frames_in_order,consecutive_annotated,depth,matched_pairs,32.0
W017,frames_in_order,consecutive_annotated,depth,reappear_events_judged,1.0
W017,frames_in_order,consecutive_annotated,depth,reappear_same_class,1.0
W017,frames_in_order,consecutive_annotated,depth,reappear_same_gt,0.0
W017,frames_in_order,consecutive_annotated,depth,reappearance_rate,0.25
W017,frames_in_order,consecutive_annotated,depth,seeded_regions,8.0
W017,frames_in_order,consecutive_annotated,depth,survival_backward,0.9333333333333333
W017,frames_in_order,consecutive_annotated,depth,survival_forward,0.9732142857142858
W017,frames_in_order,consecutive_annotated,normal,class_switch_rate,0.0
W017,frames_in_order,consecutive_annotated,normal,fragmentation_ge2,0.07142857142857142
W017,frames_in_order,consecutive_annotated,normal,fragmentation_mean,1.0714285714285714
W017,frames_in_order,consecutive_annotated,normal,gt_tracks_matched,14.0
W017,frames_in_order,consecutive_annotated,normal,id_switch_rate,0.07042253521126761
W017,frames_in_order,consecutive_annotated,normal,matched_pairs,71.0
W017,frames_in_order,consecutive_annotated,normal,reappear_events_judged,1.0
W017,frames_in_order,consecutive_annotated,normal,reappear_same_class,1.0
W017,frames_in_order,consecutive_annotated,normal,reappear_same_gt,0.0
W017,frames_in_order,consecutive_annotated,normal,reappearance_rate,0.23076923076923078
W017,frames_in_order,consecutive_annotated,normal,seeded_regions,13.0
W017,frames_in_order,consecutive_annotated,normal,survival_backward,0.9076923076923076
W017,frames_in_order,consecutive_annotated,normal,survival_forward,0.9285714285714286
W017,frames_in_order,consecutive_annotated,rgb,class_switch_rate,0.0
W017,frames_in_order,consecutive_annotated,rgb,fragmentation_ge2,0.047619047619047616
W017,frames_in_order,consecutive_annotated,rgb,fragmentation_mean,1.0476190476190477
W017,frames_in_order,consecutive_annotated,rgb,gt_tracks_matched,21.0
W017,frames_in_order,consecutive_annotated,rgb,id_switch_rate,0.0449438202247191
W017,frames_in_order,consecutive_annotated,rgb,matched_pairs,89.0
W017,frames_in_order,consecutive_annotated,rgb,reappear_events_judged,1.0
W017,frames_in_order,consecutive_annotated,rgb,reappear_same_class,1.0
W017,frames_in_order,consecutive_annotated,rgb,reappear_same_gt,0.0
W017,frames_in_order,consecutive_annotated,rgb,reappearance_rate,0.2682926829268293
W017,frames_in_order,consecutive_annotated,rgb,seeded_regions,41.0
W017,frames_in_order,consecutive_annotated,rgb,survival_backward,0.8829268292682928
W017,frames_in_order,consecutive_annotated,rgb,survival_forward,0.8937282229965158
W018,all,adjacent_samples,depth,class_switch_rate,0.020833333333333332
W018,all,adjacent_samples,depth,fragmentation_ge2,0.0
W018,all,adjacent_samples,depth,fragmentation_mean,1.0
W018,all,adjacent_samples,depth,gt_tracks_matched,11.0
W018,all,adjacent_samples,depth,id_switch_rate,0.10416666666666667
W018,all,adjacent_samples,depth,matched_pairs,48.0
W018,all,adjacent_samples,depth,reappear_events_judged,0.0
W018,all,adjacent_samples,depth,reappear_same_class,
W018,all,adjacent_samples,depth,reappear_same_gt,
W018,all,adjacent_samples,depth,reappearance_rate,0.1111111111111111
W018,all,adjacent_samples,depth,seeded_regions,9.0
W018,all,adjacent_samples,depth,survival_backward,1.0
W018,all,adjacent_samples,depth,survival_forward,0.9920634920634921
W018,all,adjacent_samples,normal,class_switch_rate,0.02127659574468085
W018,all,adjacent_samples,normal,fragmentation_ge2,0.0
W018,all,adjacent_samples,normal,fragmentation_mean,1.0
W018,all,adjacent_samples,normal,gt_tracks_matched,9.0
W018,all,adjacent_samples,normal,id_switch_rate,0.0425531914893617
W018,all,adjacent_samples,normal,matched_pairs,47.0
W018,all,adjacent_samples,normal,reappear_events_judged,0.0
W018,all,adjacent_samples,normal,reappear_same_class,
W018,all,adjacent_samples,normal,reappear_same_gt,
W018,all,adjacent_samples,normal,reappearance_rate,0.2
W018,all,adjacent_samples,normal,seeded_regions,10.0
W018,all,adjacent_samples,normal,survival_backward,0.9866666666666667
W018,all,adjacent_samples,normal,survival_forward,0.9928571428571429
W018,all,adjacent_samples,rgb,class_switch_rate,0.0
W018,all,adjacent_samples,rgb,fragmentation_ge2,0.0
W018,all,adjacent_samples,rgb,fragmentation_mean,1.0
W018,all,adjacent_samples,rgb,gt_tracks_matched,13.0
W018,all,adjacent_samples,rgb,id_switch_rate,0.05172413793103448
W018,all,adjacent_samples,rgb,matched_pairs,58.0
W018,all,adjacent_samples,rgb,reappear_events_judged,0.0
W018,all,adjacent_samples,rgb,reappear_same_class,
W018,all,adjacent_samples,rgb,reappear_same_gt,
W018,all,adjacent_samples,rgb,reappearance_rate,0.29411764705882354
W018,all,adjacent_samples,rgb,seeded_regions,34.0
W018,all,adjacent_samples,rgb,survival_backward,0.9529411764705884
W018,all,adjacent_samples,rgb,survival_forward,0.9054621848739496
W018,all,consecutive_annotated,depth,class_switch_rate,0.020833333333333332
W018,all,consecutive_annotated,depth,fragmentation_ge2,0.0
W018,all,consecutive_annotated,depth,fragmentation_mean,1.0
W018,all,consecutive_annotated,depth,gt_tracks_matched,11.0
W018,all,consecutive_annotated,depth,id_switch_rate,0.10416666666666667
W018,all,consecutive_annotated,depth,matched_pairs,48.0
W018,all,consecutive_annotated,depth,reappear_events_judged,0.0
W018,all,consecutive_annotated,depth,reappear_same_class,
W018,all,consecutive_annotated,depth,reappear_same_gt,
W018,all,consecutive_annotated,depth,reappearance_rate,0.1111111111111111
W018,all,consecutive_annotated,depth,seeded_regions,9.0
W018,all,consecutive_annotated,depth,survival_backward,1.0
W018,all,consecutive_annotated,depth,survival_forward,0.9920634920634921
W018,all,consecutive_annotated,normal,class_switch_rate,0.02127659574468085
W018,all,consecutive_annotated,normal,fragmentation_ge2,0.0
W018,all,consecutive_annotated,normal,fragmentation_mean,1.0
W018,all,consecutive_annotated,normal,gt_tracks_matched,9.0
W018,all,consecutive_annotated,normal,id_switch_rate,0.0425531914893617
W018,all,consecutive_annotated,normal,matched_pairs,47.0
W018,all,consecutive_annotated,normal,reappear_events_judged,0.0
W018,all,consecutive_annotated,normal,reappear_same_class,
W018,all,consecutive_annotated,normal,reappear_same_gt,
W018,all,consecutive_annotated,normal,reappearance_rate,0.2
W018,all,consecutive_annotated,normal,seeded_regions,10.0
W018,all,consecutive_annotated,normal,survival_backward,0.9866666666666667
W018,all,consecutive_annotated,normal,survival_forward,0.9928571428571429
W018,all,consecutive_annotated,rgb,class_switch_rate,0.0
W018,all,consecutive_annotated,rgb,fragmentation_ge2,0.0
W018,all,consecutive_annotated,rgb,fragmentation_mean,1.0
W018,all,consecutive_annotated,rgb,gt_tracks_matched,13.0
W018,all,consecutive_annotated,rgb,id_switch_rate,0.05172413793103448
W018,all,consecutive_annotated,rgb,matched_pairs,58.0
W018,all,consecutive_annotated,rgb,reappear_events_judged,0.0
W018,all,consecutive_annotated,rgb,reappear_same_class,
W018,all,consecutive_annotated,rgb,reappear_same_gt,
W018,all,consecutive_annotated,rgb,reappearance_rate,0.29411764705882354
W018,all,consecutive_annotated,rgb,seeded_regions,34.0
W018,all,consecutive_annotated,rgb,survival_backward,0.9529411764705884
W018,all,consecutive_annotated,rgb,survival_forward,0.9054621848739496
W018,frames_in_order,adjacent_samples,depth,class_switch_rate,0.020833333333333332
W018,frames_in_order,adjacent_samples,depth,fragmentation_ge2,0.0
W018,frames_in_order,adjacent_samples,depth,fragmentation_mean,1.0
W018,frames_in_order,adjacent_samples,depth,gt_tracks_matched,11.0
W018,frames_in_order,adjacent_samples,depth,id_switch_rate,0.10416666666666667
W018,frames_in_order,adjacent_samples,depth,matched_pairs,48.0
W018,frames_in_order,adjacent_samples,depth,reappear_events_judged,0.0
W018,frames_in_order,adjacent_samples,depth,reappear_same_class,
W018,frames_in_order,adjacent_samples,depth,reappear_same_gt,
W018,frames_in_order,adjacent_samples,depth,reappearance_rate,0.1111111111111111
W018,frames_in_order,adjacent_samples,depth,seeded_regions,9.0
W018,frames_in_order,adjacent_samples,depth,survival_backward,1.0
W018,frames_in_order,adjacent_samples,depth,survival_forward,0.9920634920634921
W018,frames_in_order,adjacent_samples,normal,class_switch_rate,0.02127659574468085
W018,frames_in_order,adjacent_samples,normal,fragmentation_ge2,0.0
W018,frames_in_order,adjacent_samples,normal,fragmentation_mean,1.0
W018,frames_in_order,adjacent_samples,normal,gt_tracks_matched,9.0
W018,frames_in_order,adjacent_samples,normal,id_switch_rate,0.0425531914893617
W018,frames_in_order,adjacent_samples,normal,matched_pairs,47.0
W018,frames_in_order,adjacent_samples,normal,reappear_events_judged,0.0
W018,frames_in_order,adjacent_samples,normal,reappear_same_class,
W018,frames_in_order,adjacent_samples,normal,reappear_same_gt,
W018,frames_in_order,adjacent_samples,normal,reappearance_rate,0.2
W018,frames_in_order,adjacent_samples,normal,seeded_regions,10.0
W018,frames_in_order,adjacent_samples,normal,survival_backward,0.9866666666666667
W018,frames_in_order,adjacent_samples,normal,survival_forward,0.9928571428571429
W018,frames_in_order,adjacent_samples,rgb,class_switch_rate,0.0
W018,frames_in_order,adjacent_samples,rgb,fragmentation_ge2,0.0
W018,frames_in_order,adjacent_samples,rgb,fragmentation_mean,1.0
W018,frames_in_order,adjacent_samples,rgb,gt_tracks_matched,13.0
W018,frames_in_order,adjacent_samples,rgb,id_switch_rate,0.05172413793103448
W018,frames_in_order,adjacent_samples,rgb,matched_pairs,58.0
W018,frames_in_order,adjacent_samples,rgb,reappear_events_judged,0.0
W018,frames_in_order,adjacent_samples,rgb,reappear_same_class,
W018,frames_in_order,adjacent_samples,rgb,reappear_same_gt,
W018,frames_in_order,adjacent_samples,rgb,reappearance_rate,0.29411764705882354
W018,frames_in_order,adjacent_samples,rgb,seeded_regions,34.0
W018,frames_in_order,adjacent_samples,rgb,survival_backward,0.9529411764705884
W018,frames_in_order,adjacent_samples,rgb,survival_forward,0.9054621848739496
W018,frames_in_order,consecutive_annotated,depth,class_switch_rate,0.020833333333333332
W018,frames_in_order,consecutive_annotated,depth,fragmentation_ge2,0.0
W018,frames_in_order,consecutive_annotated,depth,fragmentation_mean,1.0
W018,frames_in_order,consecutive_annotated,depth,gt_tracks_matched,11.0
W018,frames_in_order,consecutive_annotated,depth,id_switch_rate,0.10416666666666667
W018,frames_in_order,consecutive_annotated,depth,matched_pairs,48.0
W018,frames_in_order,consecutive_annotated,depth,reappear_events_judged,0.0
W018,frames_in_order,consecutive_annotated,depth,reappear_same_class,
W018,frames_in_order,consecutive_annotated,depth,reappear_same_gt,
W018,frames_in_order,consecutive_annotated,depth,reappearance_rate,0.1111111111111111
W018,frames_in_order,consecutive_annotated,depth,seeded_regions,9.0
W018,frames_in_order,consecutive_annotated,depth,survival_backward,1.0
W018,frames_in_order,consecutive_annotated,depth,survival_forward,0.9920634920634921
W018,frames_in_order,consecutive_annotated,normal,class_switch_rate,0.02127659574468085
W018,frames_in_order,consecutive_annotated,normal,fragmentation_ge2,0.0
W018,frames_in_order,consecutive_annotated,normal,fragmentation_mean,1.0
W018,frames_in_order,consecutive_annotated,normal,gt_tracks_matched,9.0
W018,frames_in_order,consecutive_annotated,normal,id_switch_rate,0.0425531914893617
W018,frames_in_order,consecutive_annotated,normal,matched_pairs,47.0
W018,frames_in_order,consecutive_annotated,normal,reappear_events_judged,0.0
W018,frames_in_order,consecutive_annotated,normal,reappear_same_class,
W018,frames_in_order,consecutive_annotated,normal,reappear_same_gt,
W018,frames_in_order,consecutive_annotated,normal,reappearance_rate,0.2
W018,frames_in_order,consecutive_annotated,normal,seeded_regions,10.0
W018,frames_in_order,consecutive_annotated,normal,survival_backward,0.9866666666666667
W018,frames_in_order,consecutive_annotated,normal,survival_forward,0.9928571428571429
W018,frames_in_order,consecutive_annotated,rgb,class_switch_rate,0.0
W018,frames_in_order,consecutive_annotated,rgb,fragmentation_ge2,0.0
W018,frames_in_order,consecutive_annotated,rgb,fragmentation_mean,1.0
W018,frames_in_order,consecutive_annotated,rgb,gt_tracks_matched,13.0
W018,frames_in_order,consecutive_annotated,rgb,id_switch_rate,0.05172413793103448
W018,frames_in_order,consecutive_annotated,rgb,matched_pairs,58.0
W018,frames_in_order,consecutive_annotated,rgb,reappear_events_judged,0.0
W018,frames_in_order,consecutive_annotated,rgb,reappear_same_class,
W018,frames_in_order,consecutive_annotated,rgb,reappear_same_gt,
W018,frames_in_order,consecutive_annotated,rgb,reappearance_rate,0.29411764705882354
W018,frames_in_order,consecutive_annotated,rgb,seeded_regions,34.0
W018,frames_in_order,consecutive_annotated,rgb,survival_backward,0.9529411764705884
W018,frames_in_order,consecutive_annotated,rgb,survival_forward,0.9054621848739496
W019,all,adjacent_samples,depth,class_switch_rate,0.045454545454545456
W019,all,adjacent_samples,depth,fragmentation_ge2,0.14285714285714285
W019,all,adjacent_samples,depth,fragmentation_mean,1.1428571428571428
W019,all,adjacent_samples,depth,gt_tracks_matched,7.0
W019,all,adjacent_samples,depth,id_switch_rate,0.045454545454545456
W019,all,adjacent_samples,depth,matched_pairs,22.0
W019,all,adjacent_samples,depth,reappear_events_judged,1.0
W019,all,adjacent_samples,depth,reappear_same_class,0.0
W019,all,adjacent_samples,depth,reappear_same_gt,0.0
W019,all,adjacent_samples,depth,reappearance_rate,0.125
W019,all,adjacent_samples,depth,seeded_regions,8.0
W019,all,adjacent_samples,depth,survival_backward,1.0
W019,all,adjacent_samples,depth,survival_forward,0.7857142857142858
W019,all,adjacent_samples,normal,class_switch_rate,0.024390243902439025
W019,all,adjacent_samples,normal,fragmentation_ge2,0.125
W019,all,adjacent_samples,normal,fragmentation_mean,1.125
W019,all,adjacent_samples,normal,gt_tracks_matched,8.0
W019,all,adjacent_samples,normal,id_switch_rate,0.024390243902439025
W019,all,adjacent_samples,normal,matched_pairs,41.0
W019,all,adjacent_samples,normal,reappear_events_judged,0.0
W019,all,adjacent_samples,normal,reappear_same_class,
W019,all,adjacent_samples,normal,reappear_same_gt,
W019,all,adjacent_samples,normal,reappearance_rate,0.125
W019,all,adjacent_samples,normal,seeded_regions,8.0
W019,all,adjacent_samples,normal,survival_backward,0.9
W019,all,adjacent_samples,normal,survival_forward,0.8303571428571428
W019,all,adjacent_samples,rgb,class_switch_rate,0.013157894736842105
W019,all,adjacent_samples,rgb,fragmentation_ge2,0.07142857142857142
W019,all,adjacent_samples,rgb,fragmentation_mean,1.0714285714285714
W019,all,adjacent_samples,rgb,gt_tracks_matched,14.0
W019,all,adjacent_samples,rgb,id_switch_rate,0.013157894736842105
W019,all,adjacent_samples,rgb,matched_pairs,76.0
W019,all,adjacent_samples,rgb,reappear_events_judged,1.0
W019,all,adjacent_samples,rgb,reappear_same_class,0.0
W019,all,adjacent_samples,rgb,reappear_same_gt,0.0
W019,all,adjacent_samples,rgb,reappearance_rate,0.1111111111111111
W019,all,adjacent_samples,rgb,seeded_regions,27.0
W019,all,adjacent_samples,rgb,survival_backward,0.9901234567901235
W019,all,adjacent_samples,rgb,survival_forward,0.8703703703703703
W019,all,consecutive_annotated,depth,class_switch_rate,0.045454545454545456
W019,all,consecutive_annotated,depth,fragmentation_ge2,0.14285714285714285
W019,all,consecutive_annotated,depth,fragmentation_mean,1.1428571428571428
W019,all,consecutive_annotated,depth,gt_tracks_matched,7.0
W019,all,consecutive_annotated,depth,id_switch_rate,0.045454545454545456
W019,all,consecutive_annotated,depth,matched_pairs,22.0
W019,all,consecutive_annotated,depth,reappear_events_judged,1.0
W019,all,consecutive_annotated,depth,reappear_same_class,0.0
W019,all,consecutive_annotated,depth,reappear_same_gt,0.0
W019,all,consecutive_annotated,depth,reappearance_rate,0.125
W019,all,consecutive_annotated,depth,seeded_regions,8.0
W019,all,consecutive_annotated,depth,survival_backward,1.0
W019,all,consecutive_annotated,depth,survival_forward,0.7857142857142858
W019,all,consecutive_annotated,normal,class_switch_rate,0.024390243902439025
W019,all,consecutive_annotated,normal,fragmentation_ge2,0.125
W019,all,consecutive_annotated,normal,fragmentation_mean,1.125
W019,all,consecutive_annotated,normal,gt_tracks_matched,8.0
W019,all,consecutive_annotated,normal,id_switch_rate,0.024390243902439025
W019,all,consecutive_annotated,normal,matched_pairs,41.0
W019,all,consecutive_annotated,normal,reappear_events_judged,0.0
W019,all,consecutive_annotated,normal,reappear_same_class,
W019,all,consecutive_annotated,normal,reappear_same_gt,
W019,all,consecutive_annotated,normal,reappearance_rate,0.125
W019,all,consecutive_annotated,normal,seeded_regions,8.0
W019,all,consecutive_annotated,normal,survival_backward,0.9
W019,all,consecutive_annotated,normal,survival_forward,0.8303571428571428
W019,all,consecutive_annotated,rgb,class_switch_rate,0.013157894736842105
W019,all,consecutive_annotated,rgb,fragmentation_ge2,0.07142857142857142
W019,all,consecutive_annotated,rgb,fragmentation_mean,1.0714285714285714
W019,all,consecutive_annotated,rgb,gt_tracks_matched,14.0
W019,all,consecutive_annotated,rgb,id_switch_rate,0.013157894736842105
W019,all,consecutive_annotated,rgb,matched_pairs,76.0
W019,all,consecutive_annotated,rgb,reappear_events_judged,1.0
W019,all,consecutive_annotated,rgb,reappear_same_class,0.0
W019,all,consecutive_annotated,rgb,reappear_same_gt,0.0
W019,all,consecutive_annotated,rgb,reappearance_rate,0.1111111111111111
W019,all,consecutive_annotated,rgb,seeded_regions,27.0
W019,all,consecutive_annotated,rgb,survival_backward,0.9901234567901235
W019,all,consecutive_annotated,rgb,survival_forward,0.8703703703703703
W019,frames_in_order,adjacent_samples,depth,class_switch_rate,0.045454545454545456
W019,frames_in_order,adjacent_samples,depth,fragmentation_ge2,0.14285714285714285
W019,frames_in_order,adjacent_samples,depth,fragmentation_mean,1.1428571428571428
W019,frames_in_order,adjacent_samples,depth,gt_tracks_matched,7.0
W019,frames_in_order,adjacent_samples,depth,id_switch_rate,0.045454545454545456
W019,frames_in_order,adjacent_samples,depth,matched_pairs,22.0
W019,frames_in_order,adjacent_samples,depth,reappear_events_judged,1.0
W019,frames_in_order,adjacent_samples,depth,reappear_same_class,0.0
W019,frames_in_order,adjacent_samples,depth,reappear_same_gt,0.0
W019,frames_in_order,adjacent_samples,depth,reappearance_rate,0.125
W019,frames_in_order,adjacent_samples,depth,seeded_regions,8.0
W019,frames_in_order,adjacent_samples,depth,survival_backward,1.0
W019,frames_in_order,adjacent_samples,depth,survival_forward,0.7857142857142858
W019,frames_in_order,adjacent_samples,normal,class_switch_rate,0.024390243902439025
W019,frames_in_order,adjacent_samples,normal,fragmentation_ge2,0.125
W019,frames_in_order,adjacent_samples,normal,fragmentation_mean,1.125
W019,frames_in_order,adjacent_samples,normal,gt_tracks_matched,8.0
W019,frames_in_order,adjacent_samples,normal,id_switch_rate,0.024390243902439025
W019,frames_in_order,adjacent_samples,normal,matched_pairs,41.0
W019,frames_in_order,adjacent_samples,normal,reappear_events_judged,0.0
W019,frames_in_order,adjacent_samples,normal,reappear_same_class,
W019,frames_in_order,adjacent_samples,normal,reappear_same_gt,
W019,frames_in_order,adjacent_samples,normal,reappearance_rate,0.125
W019,frames_in_order,adjacent_samples,normal,seeded_regions,8.0
W019,frames_in_order,adjacent_samples,normal,survival_backward,0.9
W019,frames_in_order,adjacent_samples,normal,survival_forward,0.8303571428571428
W019,frames_in_order,adjacent_samples,rgb,class_switch_rate,0.013157894736842105
W019,frames_in_order,adjacent_samples,rgb,fragmentation_ge2,0.07142857142857142
W019,frames_in_order,adjacent_samples,rgb,fragmentation_mean,1.0714285714285714
W019,frames_in_order,adjacent_samples,rgb,gt_tracks_matched,14.0
W019,frames_in_order,adjacent_samples,rgb,id_switch_rate,0.013157894736842105
W019,frames_in_order,adjacent_samples,rgb,matched_pairs,76.0
W019,frames_in_order,adjacent_samples,rgb,reappear_events_judged,1.0
W019,frames_in_order,adjacent_samples,rgb,reappear_same_class,0.0
W019,frames_in_order,adjacent_samples,rgb,reappear_same_gt,0.0
W019,frames_in_order,adjacent_samples,rgb,reappearance_rate,0.1111111111111111
W019,frames_in_order,adjacent_samples,rgb,seeded_regions,27.0
W019,frames_in_order,adjacent_samples,rgb,survival_backward,0.9901234567901235
W019,frames_in_order,adjacent_samples,rgb,survival_forward,0.8703703703703703
W019,frames_in_order,consecutive_annotated,depth,class_switch_rate,0.045454545454545456
W019,frames_in_order,consecutive_annotated,depth,fragmentation_ge2,0.14285714285714285
W019,frames_in_order,consecutive_annotated,depth,fragmentation_mean,1.1428571428571428
W019,frames_in_order,consecutive_annotated,depth,gt_tracks_matched,7.0
W019,frames_in_order,consecutive_annotated,depth,id_switch_rate,0.045454545454545456
W019,frames_in_order,consecutive_annotated,depth,matched_pairs,22.0
W019,frames_in_order,consecutive_annotated,depth,reappear_events_judged,1.0
W019,frames_in_order,consecutive_annotated,depth,reappear_same_class,0.0
W019,frames_in_order,consecutive_annotated,depth,reappear_same_gt,0.0
W019,frames_in_order,consecutive_annotated,depth,reappearance_rate,0.125
W019,frames_in_order,consecutive_annotated,depth,seeded_regions,8.0
W019,frames_in_order,consecutive_annotated,depth,survival_backward,1.0
W019,frames_in_order,consecutive_annotated,depth,survival_forward,0.7857142857142858
W019,frames_in_order,consecutive_annotated,normal,class_switch_rate,0.024390243902439025
W019,frames_in_order,consecutive_annotated,normal,fragmentation_ge2,0.125
W019,frames_in_order,consecutive_annotated,normal,fragmentation_mean,1.125
W019,frames_in_order,consecutive_annotated,normal,gt_tracks_matched,8.0
W019,frames_in_order,consecutive_annotated,normal,id_switch_rate,0.024390243902439025
W019,frames_in_order,consecutive_annotated,normal,matched_pairs,41.0
W019,frames_in_order,consecutive_annotated,normal,reappear_events_judged,0.0
W019,frames_in_order,consecutive_annotated,normal,reappear_same_class,
W019,frames_in_order,consecutive_annotated,normal,reappear_same_gt,
W019,frames_in_order,consecutive_annotated,normal,reappearance_rate,0.125
W019,frames_in_order,consecutive_annotated,normal,seeded_regions,8.0
W019,frames_in_order,consecutive_annotated,normal,survival_backward,0.9
W019,frames_in_order,consecutive_annotated,normal,survival_forward,0.8303571428571428
W019,frames_in_order,consecutive_annotated,rgb,class_switch_rate,0.013157894736842105
W019,frames_in_order,consecutive_annotated,rgb,fragmentation_ge2,0.07142857142857142
W019,frames_in_order,consecutive_annotated,rgb,fragmentation_mean,1.0714285714285714
W019,frames_in_order,consecutive_annotated,rgb,gt_tracks_matched,14.0
W019,frames_in_order,consecutive_annotated,rgb,id_switch_rate,0.013157894736842105
W019,frames_in_order,consecutive_annotated,rgb,matched_pairs,76.0
W019,frames_in_order,consecutive_annotated,rgb,reappear_events_judged,1.0
W019,frames_in_order,consecutive_annotated,rgb,reappear_same_class,0.0
W019,frames_in_order,consecutive_annotated,rgb,reappear_same_gt,0.0
W019,frames_in_order,consecutive_annotated,rgb,reappearance_rate,0.1111111111111111
W019,frames_in_order,consecutive_annotated,rgb,seeded_regions,27.0
W019,frames_in_order,consecutive_annotated,rgb,survival_backward,0.9901234567901235
W019,frames_in_order,consecutive_annotated,rgb,survival_forward,0.8703703703703703
W020,all,adjacent_samples,depth,class_switch_rate,0.0
W020,all,adjacent_samples,depth,fragmentation_ge2,0.0
W020,all,adjacent_samples,depth,fragmentation_mean,1.0
W020,all,adjacent_samples,depth,gt_tracks_matched,4.0
W020,all,adjacent_samples,depth,id_switch_rate,0.0
W020,all,adjacent_samples,depth,matched_pairs,33.0
W020,all,adjacent_samples,depth,reappear_events_judged,0.0
W020,all,adjacent_samples,depth,reappear_same_class,
W020,all,adjacent_samples,depth,reappear_same_gt,
W020,all,adjacent_samples,depth,reappearance_rate,0.5
W020,all,adjacent_samples,depth,seeded_regions,6.0
W020,all,adjacent_samples,depth,survival_backward,0.9555555555555556
W020,all,adjacent_samples,depth,survival_forward,0.7261904761904762
W020,all,adjacent_samples,normal,class_switch_rate,0.0
W020,all,adjacent_samples,normal,fragmentation_ge2,0.25
W020,all,adjacent_samples,normal,fragmentation_mean,1.25
W020,all,adjacent_samples,normal,gt_tracks_matched,4.0
W020,all,adjacent_samples,normal,id_switch_rate,0.0
W020,all,adjacent_samples,normal,matched_pairs,21.0
W020,all,adjacent_samples,normal,reappear_events_judged,0.0
W020,all,adjacent_samples,normal,reappear_same_class,
W020,all,adjacent_samples,normal,reappear_same_gt,
W020,all,adjacent_samples,normal,reappearance_rate,0.0
W020,all,adjacent_samples,normal,seeded_regions,4.0
W020,all,adjacent_samples,normal,survival_backward,1.0
W020,all,adjacent_samples,normal,survival_forward,0.7678571428571429
W020,all,adjacent_samples,rgb,class_switch_rate,0.0125
W020,all,adjacent_samples,rgb,fragmentation_ge2,0.0
W020,all,adjacent_samples,rgb,fragmentation_mean,1.0
W020,all,adjacent_samples,rgb,gt_tracks_matched,16.0
W020,all,adjacent_samples,rgb,id_switch_rate,0.025
W020,all,adjacent_samples,rgb,matched_pairs,80.0
W020,all,adjacent_samples,rgb,reappear_events_judged,0.0
W020,all,adjacent_samples,rgb,reappear_same_class,
W020,all,adjacent_samples,rgb,reappear_same_gt,
W020,all,adjacent_samples,rgb,reappearance_rate,0.391304347826087
W020,all,adjacent_samples,rgb,seeded_regions,23.0
W020,all,adjacent_samples,rgb,survival_backward,0.936231884057971
W020,all,adjacent_samples,rgb,survival_forward,0.8416149068322983
W020,all,consecutive_annotated,depth,class_switch_rate,0.0
W020,all,consecutive_annotated,depth,fragmentation_ge2,0.0
W020,all,consecutive_annotated,depth,fragmentation_mean,1.0
W020,all,consecutive_annotated,depth,gt_tracks_matched,4.0
W020,all,consecutive_annotated,depth,id_switch_rate,0.0
W020,all,consecutive_annotated,depth,matched_pairs,33.0
W020,all,consecutive_annotated,depth,reappear_events_judged,0.0
W020,all,consecutive_annotated,depth,reappear_same_class,
W020,all,consecutive_annotated,depth,reappear_same_gt,
W020,all,consecutive_annotated,depth,reappearance_rate,0.5
W020,all,consecutive_annotated,depth,seeded_regions,6.0
W020,all,consecutive_annotated,depth,survival_backward,0.9555555555555556
W020,all,consecutive_annotated,depth,survival_forward,0.7261904761904762
W020,all,consecutive_annotated,normal,class_switch_rate,0.0
W020,all,consecutive_annotated,normal,fragmentation_ge2,0.25
W020,all,consecutive_annotated,normal,fragmentation_mean,1.25
W020,all,consecutive_annotated,normal,gt_tracks_matched,4.0
W020,all,consecutive_annotated,normal,id_switch_rate,0.0
W020,all,consecutive_annotated,normal,matched_pairs,21.0
W020,all,consecutive_annotated,normal,reappear_events_judged,0.0
W020,all,consecutive_annotated,normal,reappear_same_class,
W020,all,consecutive_annotated,normal,reappear_same_gt,
W020,all,consecutive_annotated,normal,reappearance_rate,0.0
W020,all,consecutive_annotated,normal,seeded_regions,4.0
W020,all,consecutive_annotated,normal,survival_backward,1.0
W020,all,consecutive_annotated,normal,survival_forward,0.7678571428571429
W020,all,consecutive_annotated,rgb,class_switch_rate,0.0125
W020,all,consecutive_annotated,rgb,fragmentation_ge2,0.0
W020,all,consecutive_annotated,rgb,fragmentation_mean,1.0
W020,all,consecutive_annotated,rgb,gt_tracks_matched,16.0
W020,all,consecutive_annotated,rgb,id_switch_rate,0.025
W020,all,consecutive_annotated,rgb,matched_pairs,80.0
W020,all,consecutive_annotated,rgb,reappear_events_judged,0.0
W020,all,consecutive_annotated,rgb,reappear_same_class,
W020,all,consecutive_annotated,rgb,reappear_same_gt,
W020,all,consecutive_annotated,rgb,reappearance_rate,0.391304347826087
W020,all,consecutive_annotated,rgb,seeded_regions,23.0
W020,all,consecutive_annotated,rgb,survival_backward,0.936231884057971
W020,all,consecutive_annotated,rgb,survival_forward,0.8416149068322983
W020,frames_in_order,adjacent_samples,depth,class_switch_rate,0.0
W020,frames_in_order,adjacent_samples,depth,fragmentation_ge2,0.0
W020,frames_in_order,adjacent_samples,depth,fragmentation_mean,1.0
W020,frames_in_order,adjacent_samples,depth,gt_tracks_matched,4.0
W020,frames_in_order,adjacent_samples,depth,id_switch_rate,0.0
W020,frames_in_order,adjacent_samples,depth,matched_pairs,33.0
W020,frames_in_order,adjacent_samples,depth,reappear_events_judged,0.0
W020,frames_in_order,adjacent_samples,depth,reappear_same_class,
W020,frames_in_order,adjacent_samples,depth,reappear_same_gt,
W020,frames_in_order,adjacent_samples,depth,reappearance_rate,0.5
W020,frames_in_order,adjacent_samples,depth,seeded_regions,6.0
W020,frames_in_order,adjacent_samples,depth,survival_backward,0.9555555555555556
W020,frames_in_order,adjacent_samples,depth,survival_forward,0.7261904761904762
W020,frames_in_order,adjacent_samples,normal,class_switch_rate,0.0
W020,frames_in_order,adjacent_samples,normal,fragmentation_ge2,0.25
W020,frames_in_order,adjacent_samples,normal,fragmentation_mean,1.25
W020,frames_in_order,adjacent_samples,normal,gt_tracks_matched,4.0
W020,frames_in_order,adjacent_samples,normal,id_switch_rate,0.0
W020,frames_in_order,adjacent_samples,normal,matched_pairs,21.0
W020,frames_in_order,adjacent_samples,normal,reappear_events_judged,0.0
W020,frames_in_order,adjacent_samples,normal,reappear_same_class,
W020,frames_in_order,adjacent_samples,normal,reappear_same_gt,
W020,frames_in_order,adjacent_samples,normal,reappearance_rate,0.0
W020,frames_in_order,adjacent_samples,normal,seeded_regions,4.0
W020,frames_in_order,adjacent_samples,normal,survival_backward,1.0
W020,frames_in_order,adjacent_samples,normal,survival_forward,0.7678571428571429
W020,frames_in_order,adjacent_samples,rgb,class_switch_rate,0.0125
W020,frames_in_order,adjacent_samples,rgb,fragmentation_ge2,0.0
W020,frames_in_order,adjacent_samples,rgb,fragmentation_mean,1.0
W020,frames_in_order,adjacent_samples,rgb,gt_tracks_matched,16.0
W020,frames_in_order,adjacent_samples,rgb,id_switch_rate,0.025
W020,frames_in_order,adjacent_samples,rgb,matched_pairs,80.0
W020,frames_in_order,adjacent_samples,rgb,reappear_events_judged,0.0
W020,frames_in_order,adjacent_samples,rgb,reappear_same_class,
W020,frames_in_order,adjacent_samples,rgb,reappear_same_gt,
W020,frames_in_order,adjacent_samples,rgb,reappearance_rate,0.391304347826087
W020,frames_in_order,adjacent_samples,rgb,seeded_regions,23.0
W020,frames_in_order,adjacent_samples,rgb,survival_backward,0.936231884057971
W020,frames_in_order,adjacent_samples,rgb,survival_forward,0.8416149068322983
W020,frames_in_order,consecutive_annotated,depth,class_switch_rate,0.0
W020,frames_in_order,consecutive_annotated,depth,fragmentation_ge2,0.0
W020,frames_in_order,consecutive_annotated,depth,fragmentation_mean,1.0
W020,frames_in_order,consecutive_annotated,depth,gt_tracks_matched,4.0
W020,frames_in_order,consecutive_annotated,depth,id_switch_rate,0.0
W020,frames_in_order,consecutive_annotated,depth,matched_pairs,33.0
W020,frames_in_order,consecutive_annotated,depth,reappear_events_judged,0.0
W020,frames_in_order,consecutive_annotated,depth,reappear_same_class,
W020,frames_in_order,consecutive_annotated,depth,reappear_same_gt,
W020,frames_in_order,consecutive_annotated,depth,reappearance_rate,0.5
W020,frames_in_order,consecutive_annotated,depth,seeded_regions,6.0
W020,frames_in_order,consecutive_annotated,depth,survival_backward,0.9555555555555556
W020,frames_in_order,consecutive_annotated,depth,survival_forward,0.7261904761904762
W020,frames_in_order,consecutive_annotated,normal,class_switch_rate,0.0
W020,frames_in_order,consecutive_annotated,normal,fragmentation_ge2,0.25
W020,frames_in_order,consecutive_annotated,normal,fragmentation_mean,1.25
W020,frames_in_order,consecutive_annotated,normal,gt_tracks_matched,4.0
W020,frames_in_order,consecutive_annotated,normal,id_switch_rate,0.0
W020,frames_in_order,consecutive_annotated,normal,matched_pairs,21.0
W020,frames_in_order,consecutive_annotated,normal,reappear_events_judged,0.0
W020,frames_in_order,consecutive_annotated,normal,reappear_same_class,
W020,frames_in_order,consecutive_annotated,normal,reappear_same_gt,
W020,frames_in_order,consecutive_annotated,normal,reappearance_rate,0.0
W020,frames_in_order,consecutive_annotated,normal,seeded_regions,4.0
W020,frames_in_order,consecutive_annotated,normal,survival_backward,1.0
W020,frames_in_order,consecutive_annotated,normal,survival_forward,0.7678571428571429
W020,frames_in_order,consecutive_annotated,rgb,class_switch_rate,0.0125
W020,frames_in_order,consecutive_annotated,rgb,fragmentation_ge2,0.0
W020,frames_in_order,consecutive_annotated,rgb,fragmentation_mean,1.0
W020,frames_in_order,consecutive_annotated,rgb,gt_tracks_matched,16.0
W020,frames_in_order,consecutive_annotated,rgb,id_switch_rate,0.025
W020,frames_in_order,consecutive_annotated,rgb,matched_pairs,80.0
W020,frames_in_order,consecutive_annotated,rgb,reappear_events_judged,0.0
W020,frames_in_order,consecutive_annotated,rgb,reappear_same_class,
W020,frames_in_order,consecutive_annotated,rgb,reappear_same_gt,
W020,frames_in_order,consecutive_annotated,rgb,reappearance_rate,0.391304347826087
W020,frames_in_order,consecutive_annotated,rgb,seeded_regions,23.0
W020,frames_in_order,consecutive_annotated,rgb,survival_backward,0.936231884057971
W020,frames_in_order,consecutive_annotated,rgb,survival_forward,0.8416149068322983
W021,all,adjacent_samples,depth,class_switch_rate,0.058823529411764705
W021,all,adjacent_samples,depth,fragmentation_ge2,0.0
W021,all,adjacent_samples,depth,fragmentation_mean,1.0
W021,all,adjacent_samples,depth,gt_tracks_matched,15.0
W021,all,adjacent_samples,depth,id_switch_rate,0.058823529411764705
W021,all,adjacent_samples,depth,matched_pairs,51.0
W021,all,adjacent_samples,depth,reappear_events_judged,2.0
W021,all,adjacent_samples,depth,reappear_same_class,1.0
W021,all,adjacent_samples,depth,reappear_same_gt,0.5
W021,all,adjacent_samples,depth,reappearance_rate,0.5
W021,all,adjacent_samples,depth,seeded_regions,10.0
W021,all,adjacent_samples,depth,survival_backward,1.0
W021,all,adjacent_samples,depth,survival_forward,0.9571428571428573
W021,all,adjacent_samples,normal,class_switch_rate,0.0
W021,all,adjacent_samples,normal,fragmentation_ge2,0.0
W021,all,adjacent_samples,normal,fragmentation_mean,1.0
W021,all,adjacent_samples,normal,gt_tracks_matched,4.0
W021,all,adjacent_samples,normal,id_switch_rate,0.0
W021,all,adjacent_samples,normal,matched_pairs,45.0
W021,all,adjacent_samples,normal,reappear_events_judged,0.0
W021,all,adjacent_samples,normal,reappear_same_class,
W021,all,adjacent_samples,normal,reappear_same_gt,
W021,all,adjacent_samples,normal,reappearance_rate,0.0
W021,all,adjacent_samples,normal,seeded_regions,5.0
W021,all,adjacent_samples,normal,survival_backward,1.0
W021,all,adjacent_samples,normal,survival_forward,1.0
W021,all,adjacent_samples,rgb,class_switch_rate,0.011363636363636364
W021,all,adjacent_samples,rgb,fragmentation_ge2,0.05263157894736842
W021,all,adjacent_samples,rgb,fragmentation_mean,1.0526315789473684
W021,all,adjacent_samples,rgb,gt_tracks_matched,19.0
W021,all,adjacent_samples,rgb,id_switch_rate,0.03409090909090909
W021,all,adjacent_samples,rgb,matched_pairs,88.0
W021,all,adjacent_samples,rgb,reappear_events_judged,0.0
W021,all,adjacent_samples,rgb,reappear_same_class,
W021,all,adjacent_samples,rgb,reappear_same_gt,
W021,all,adjacent_samples,rgb,reappearance_rate,0.4230769230769231
W021,all,adjacent_samples,rgb,seeded_regions,26.0
W021,all,adjacent_samples,rgb,survival_backward,0.9410256410256411
W021,all,adjacent_samples,rgb,survival_forward,0.8626373626373626
W021,all,consecutive_annotated,depth,class_switch_rate,0.05555555555555555
W021,all,consecutive_annotated,depth,fragmentation_ge2,0.0
W021,all,consecutive_annotated,depth,fragmentation_mean,1.0
W021,all,consecutive_annotated,depth,gt_tracks_matched,13.0
W021,all,consecutive_annotated,depth,id_switch_rate,0.07407407407407407
W021,all,consecutive_annotated,depth,matched_pairs,54.0
W021,all,consecutive_annotated,depth,reappear_events_judged,2.0
W021,all,consecutive_annotated,depth,reappear_same_class,1.0
W021,all,consecutive_annotated,depth,reappear_same_gt,0.5
W021,all,consecutive_annotated,depth,reappearance_rate,0.5
W021,all,consecutive_annotated,depth,seeded_regions,10.0
W021,all,consecutive_annotated,depth,survival_backward,1.0
W021,all,consecutive_annotated,depth,survival_forward,0.9571428571428573
W021,all,consecutive_annotated,normal,class_switch_rate,0.0
W021,all,consecutive_annotated,normal,fragmentation_ge2,0.0
W021,all,consecutive_annotated,normal,fragmentation_mean,1.0
W021,all,consecutive_annotated,normal,gt_tracks_matched,3.0
W021,all,consecutive_annotated,normal,id_switch_rate,0.0
W021,all,consecutive_annotated,normal,matched_pairs,46.0
W021,all,consecutive_annotated,normal,reappear_events_judged,0.0
W021,all,consecutive_annotated,normal,reappear_same_class,
W021,all,consecutive_annotated,normal,reappear_same_gt,
W021,all,consecutive_annotated,normal,reappearance_rate,0.0
W021,all,consecutive_annotated,normal,seeded_regions,5.0
W021,all,consecutive_annotated,normal,survival_backward,1.0
W021,all,consecutive_annotated,normal,survival_forward,1.0
W021,all,consecutive_annotated,rgb,class_switch_rate,0.01098901098901099
W021,all,consecutive_annotated,rgb,fragmentation_ge2,0.0625
W021,all,consecutive_annotated,rgb,fragmentation_mean,1.0625
W021,all,consecutive_annotated,rgb,gt_tracks_matched,16.0
W021,all,consecutive_annotated,rgb,id_switch_rate,0.04395604395604396
W021,all,consecutive_annotated,rgb,matched_pairs,91.0
W021,all,consecutive_annotated,rgb,reappear_events_judged,0.0
W021,all,consecutive_annotated,rgb,reappear_same_class,
W021,all,consecutive_annotated,rgb,reappear_same_gt,
W021,all,consecutive_annotated,rgb,reappearance_rate,0.4230769230769231
W021,all,consecutive_annotated,rgb,seeded_regions,26.0
W021,all,consecutive_annotated,rgb,survival_backward,0.9410256410256411
W021,all,consecutive_annotated,rgb,survival_forward,0.8626373626373626
W021,frames_in_order,adjacent_samples,depth,class_switch_rate,0.058823529411764705
W021,frames_in_order,adjacent_samples,depth,fragmentation_ge2,0.0
W021,frames_in_order,adjacent_samples,depth,fragmentation_mean,1.0
W021,frames_in_order,adjacent_samples,depth,gt_tracks_matched,15.0
W021,frames_in_order,adjacent_samples,depth,id_switch_rate,0.058823529411764705
W021,frames_in_order,adjacent_samples,depth,matched_pairs,51.0
W021,frames_in_order,adjacent_samples,depth,reappear_events_judged,2.0
W021,frames_in_order,adjacent_samples,depth,reappear_same_class,1.0
W021,frames_in_order,adjacent_samples,depth,reappear_same_gt,0.5
W021,frames_in_order,adjacent_samples,depth,reappearance_rate,0.5
W021,frames_in_order,adjacent_samples,depth,seeded_regions,10.0
W021,frames_in_order,adjacent_samples,depth,survival_backward,1.0
W021,frames_in_order,adjacent_samples,depth,survival_forward,0.9571428571428573
W021,frames_in_order,adjacent_samples,normal,class_switch_rate,0.0
W021,frames_in_order,adjacent_samples,normal,fragmentation_ge2,0.0
W021,frames_in_order,adjacent_samples,normal,fragmentation_mean,1.0
W021,frames_in_order,adjacent_samples,normal,gt_tracks_matched,4.0
W021,frames_in_order,adjacent_samples,normal,id_switch_rate,0.0
W021,frames_in_order,adjacent_samples,normal,matched_pairs,45.0
W021,frames_in_order,adjacent_samples,normal,reappear_events_judged,0.0
W021,frames_in_order,adjacent_samples,normal,reappear_same_class,
W021,frames_in_order,adjacent_samples,normal,reappear_same_gt,
W021,frames_in_order,adjacent_samples,normal,reappearance_rate,0.0
W021,frames_in_order,adjacent_samples,normal,seeded_regions,5.0
W021,frames_in_order,adjacent_samples,normal,survival_backward,1.0
W021,frames_in_order,adjacent_samples,normal,survival_forward,1.0
W021,frames_in_order,adjacent_samples,rgb,class_switch_rate,0.011363636363636364
W021,frames_in_order,adjacent_samples,rgb,fragmentation_ge2,0.05263157894736842
W021,frames_in_order,adjacent_samples,rgb,fragmentation_mean,1.0526315789473684
W021,frames_in_order,adjacent_samples,rgb,gt_tracks_matched,19.0
W021,frames_in_order,adjacent_samples,rgb,id_switch_rate,0.03409090909090909
W021,frames_in_order,adjacent_samples,rgb,matched_pairs,88.0
W021,frames_in_order,adjacent_samples,rgb,reappear_events_judged,0.0
W021,frames_in_order,adjacent_samples,rgb,reappear_same_class,
W021,frames_in_order,adjacent_samples,rgb,reappear_same_gt,
W021,frames_in_order,adjacent_samples,rgb,reappearance_rate,0.4230769230769231
W021,frames_in_order,adjacent_samples,rgb,seeded_regions,26.0
W021,frames_in_order,adjacent_samples,rgb,survival_backward,0.9410256410256411
W021,frames_in_order,adjacent_samples,rgb,survival_forward,0.8626373626373626
W021,frames_in_order,consecutive_annotated,depth,class_switch_rate,0.05555555555555555
W021,frames_in_order,consecutive_annotated,depth,fragmentation_ge2,0.0
W021,frames_in_order,consecutive_annotated,depth,fragmentation_mean,1.0
W021,frames_in_order,consecutive_annotated,depth,gt_tracks_matched,13.0
W021,frames_in_order,consecutive_annotated,depth,id_switch_rate,0.07407407407407407
W021,frames_in_order,consecutive_annotated,depth,matched_pairs,54.0
W021,frames_in_order,consecutive_annotated,depth,reappear_events_judged,2.0
W021,frames_in_order,consecutive_annotated,depth,reappear_same_class,1.0
W021,frames_in_order,consecutive_annotated,depth,reappear_same_gt,0.5
W021,frames_in_order,consecutive_annotated,depth,reappearance_rate,0.5
W021,frames_in_order,consecutive_annotated,depth,seeded_regions,10.0
W021,frames_in_order,consecutive_annotated,depth,survival_backward,1.0
W021,frames_in_order,consecutive_annotated,depth,survival_forward,0.9571428571428573
W021,frames_in_order,consecutive_annotated,normal,class_switch_rate,0.0
W021,frames_in_order,consecutive_annotated,normal,fragmentation_ge2,0.0
W021,frames_in_order,consecutive_annotated,normal,fragmentation_mean,1.0
W021,frames_in_order,consecutive_annotated,normal,gt_tracks_matched,3.0
W021,frames_in_order,consecutive_annotated,normal,id_switch_rate,0.0
W021,frames_in_order,consecutive_annotated,normal,matched_pairs,46.0
W021,frames_in_order,consecutive_annotated,normal,reappear_events_judged,0.0
W021,frames_in_order,consecutive_annotated,normal,reappear_same_class,
W021,frames_in_order,consecutive_annotated,normal,reappear_same_gt,
W021,frames_in_order,consecutive_annotated,normal,reappearance_rate,0.0
W021,frames_in_order,consecutive_annotated,normal,seeded_regions,5.0
W021,frames_in_order,consecutive_annotated,normal,survival_backward,1.0
W021,frames_in_order,consecutive_annotated,normal,survival_forward,1.0
W021,frames_in_order,consecutive_annotated,rgb,class_switch_rate,0.01098901098901099
W021,frames_in_order,consecutive_annotated,rgb,fragmentation_ge2,0.0625
W021,frames_in_order,consecutive_annotated,rgb,fragmentation_mean,1.0625
W021,frames_in_order,consecutive_annotated,rgb,gt_tracks_matched,16.0
W021,frames_in_order,consecutive_annotated,rgb,id_switch_rate,0.04395604395604396
W021,frames_in_order,consecutive_annotated,rgb,matched_pairs,91.0
W021,frames_in_order,consecutive_annotated,rgb,reappear_events_judged,0.0
W021,frames_in_order,consecutive_annotated,rgb,reappear_same_class,
W021,frames_in_order,consecutive_annotated,rgb,reappear_same_gt,
W021,frames_in_order,consecutive_annotated,rgb,reappearance_rate,0.4230769230769231
W021,frames_in_order,consecutive_annotated,rgb,seeded_regions,26.0
W021,frames_in_order,consecutive_annotated,rgb,survival_backward,0.9410256410256411
W021,frames_in_order,consecutive_annotated,rgb,survival_forward,0.8626373626373626
W022,all,adjacent_samples,depth,class_switch_rate,0.013157894736842105
W022,all,adjacent_samples,depth,fragmentation_ge2,0.058823529411764705
W022,all,adjacent_samples,depth,fragmentation_mean,1.0588235294117647
W022,all,adjacent_samples,depth,gt_tracks_matched,17.0
W022,all,adjacent_samples,depth,id_switch_rate,0.013157894736842105
W022,all,adjacent_samples,depth,matched_pairs,76.0
W022,all,adjacent_samples,depth,reappear_events_judged,2.0
W022,all,adjacent_samples,depth,reappear_same_class,1.0
W022,all,adjacent_samples,depth,reappear_same_gt,0.5
W022,all,adjacent_samples,depth,reappearance_rate,0.3333333333333333
W022,all,adjacent_samples,depth,seeded_regions,12.0
W022,all,adjacent_samples,depth,survival_backward,0.7666666666666666
W022,all,adjacent_samples,depth,survival_forward,0.9107142857142857
W022,all,adjacent_samples,normal,class_switch_rate,0.013333333333333334
W022,all,adjacent_samples,normal,fragmentation_ge2,0.07142857142857142
W022,all,adjacent_samples,normal,fragmentation_mean,1.0714285714285714
W022,all,adjacent_samples,normal,gt_tracks_matched,14.0
W022,all,adjacent_samples,normal,id_switch_rate,0.013333333333333334
W022,all,adjacent_samples,normal,matched_pairs,75.0
W022,all,adjacent_samples,normal,reappear_events_judged,1.0
W022,all,adjacent_samples,normal,reappear_same_class,0.0
W022,all,adjacent_samples,normal,reappear_same_gt,0.0
W022,all,adjacent_samples,normal,reappearance_rate,0.5714285714285714
W022,all,adjacent_samples,normal,seeded_regions,7.0
W022,all,adjacent_samples,normal,survival_backward,0.9047619047619048
W022,all,adjacent_samples,normal,survival_forward,0.9693877551020409
W022,all,adjacent_samples,rgb,class_switch_rate,0.010638297872340425
W022,all,adjacent_samples,rgb,fragmentation_ge2,0.045454545454545456
W022,all,adjacent_samples,rgb,fragmentation_mean,1.0454545454545454
W022,all,adjacent_samples,rgb,gt_tracks_matched,22.0
W022,all,adjacent_samples,rgb,id_switch_rate,0.010638297872340425
W022,all,adjacent_samples,rgb,matched_pairs,94.0
W022,all,adjacent_samples,rgb,reappear_events_judged,0.0
W022,all,adjacent_samples,rgb,reappear_same_class,
W022,all,adjacent_samples,rgb,reappear_same_gt,
W022,all,adjacent_samples,rgb,reappearance_rate,0.38461538461538464
W022,all,adjacent_samples,rgb,seeded_regions,26.0
W022,all,adjacent_samples,rgb,survival_backward,0.7153846153846154
W022,all,adjacent_samples,rgb,survival_forward,0.8653846153846152
W022,all,consecutive_annotated,depth,class_switch_rate,0.012345679012345678
W022,all,consecutive_annotated,depth,fragmentation_ge2,0.07142857142857142
W022,all,consecutive_annotated,depth,fragmentation_mean,1.0714285714285714
W022,all,consecutive_annotated,depth,gt_tracks_matched,14.0
W022,all,consecutive_annotated,depth,id_switch_rate,0.037037037037037035
W022,all,consecutive_annotated,depth,matched_pairs,81.0
W022,all,consecutive_annotated,depth,reappear_events_judged,2.0
W022,all,consecutive_annotated,depth,reappear_same_class,1.0
W022,all,consecutive_annotated,depth,reappear_same_gt,0.5
W022,all,consecutive_annotated,depth,reappearance_rate,0.3333333333333333
W022,all,consecutive_annotated,depth,seeded_regions,12.0
W022,all,consecutive_annotated,depth,survival_backward,0.7666666666666666
W022,all,consecutive_annotated,depth,survival_forward,0.9107142857142857
W022,all,consecutive_annotated,normal,class_switch_rate,0.012987012987012988
W022,all,consecutive_annotated,normal,fragmentation_ge2,0.08333333333333333
W022,all,consecutive_annotated,normal,fragmentation_mean,1.0833333333333333
W022,all,consecutive_annotated,normal,gt_tracks_matched,12.0
W022,all,consecutive_annotated,normal,id_switch_rate,0.012987012987012988
W022,all,consecutive_annotated,normal,matched_pairs,77.0
W022,all,consecutive_annotated,normal,reappear_events_judged,1.0
W022,all,consecutive_annotated,normal,reappear_same_class,0.0
W022,all,consecutive_annotated,normal,reappear_same_gt,0.0
W022,all,consecutive_annotated,normal,reappearance_rate,0.5714285714285714
W022,all,consecutive_annotated,normal,seeded_regions,7.0
W022,all,consecutive_annotated,normal,survival_backward,0.9047619047619048
W022,all,consecutive_annotated,normal,survival_forward,0.9693877551020409
W022,all,consecutive_annotated,rgb,class_switch_rate,0.010101010101010102
W022,all,consecutive_annotated,rgb,fragmentation_ge2,0.058823529411764705
W022,all,consecutive_annotated,rgb,fragmentation_mean,1.0588235294117647
W022,all,consecutive_annotated,rgb,gt_tracks_matched,17.0
W022,all,consecutive_annotated,rgb,id_switch_rate,0.020202020202020204
W022,all,consecutive_annotated,rgb,matched_pairs,99.0
W022,all,consecutive_annotated,rgb,reappear_events_judged,0.0
W022,all,consecutive_annotated,rgb,reappear_same_class,
W022,all,consecutive_annotated,rgb,reappear_same_gt,
W022,all,consecutive_annotated,rgb,reappearance_rate,0.38461538461538464
W022,all,consecutive_annotated,rgb,seeded_regions,26.0
W022,all,consecutive_annotated,rgb,survival_backward,0.7153846153846154
W022,all,consecutive_annotated,rgb,survival_forward,0.8653846153846152
W022,frames_in_order,adjacent_samples,depth,class_switch_rate,0.013157894736842105
W022,frames_in_order,adjacent_samples,depth,fragmentation_ge2,0.058823529411764705
W022,frames_in_order,adjacent_samples,depth,fragmentation_mean,1.0588235294117647
W022,frames_in_order,adjacent_samples,depth,gt_tracks_matched,17.0
W022,frames_in_order,adjacent_samples,depth,id_switch_rate,0.013157894736842105
W022,frames_in_order,adjacent_samples,depth,matched_pairs,76.0
W022,frames_in_order,adjacent_samples,depth,reappear_events_judged,2.0
W022,frames_in_order,adjacent_samples,depth,reappear_same_class,1.0
W022,frames_in_order,adjacent_samples,depth,reappear_same_gt,0.5
W022,frames_in_order,adjacent_samples,depth,reappearance_rate,0.3333333333333333
W022,frames_in_order,adjacent_samples,depth,seeded_regions,12.0
W022,frames_in_order,adjacent_samples,depth,survival_backward,0.7666666666666666
W022,frames_in_order,adjacent_samples,depth,survival_forward,0.9107142857142857
W022,frames_in_order,adjacent_samples,normal,class_switch_rate,0.013333333333333334
W022,frames_in_order,adjacent_samples,normal,fragmentation_ge2,0.07142857142857142
W022,frames_in_order,adjacent_samples,normal,fragmentation_mean,1.0714285714285714
W022,frames_in_order,adjacent_samples,normal,gt_tracks_matched,14.0
W022,frames_in_order,adjacent_samples,normal,id_switch_rate,0.013333333333333334
W022,frames_in_order,adjacent_samples,normal,matched_pairs,75.0
W022,frames_in_order,adjacent_samples,normal,reappear_events_judged,1.0
W022,frames_in_order,adjacent_samples,normal,reappear_same_class,0.0
W022,frames_in_order,adjacent_samples,normal,reappear_same_gt,0.0
W022,frames_in_order,adjacent_samples,normal,reappearance_rate,0.5714285714285714
W022,frames_in_order,adjacent_samples,normal,seeded_regions,7.0
W022,frames_in_order,adjacent_samples,normal,survival_backward,0.9047619047619048
W022,frames_in_order,adjacent_samples,normal,survival_forward,0.9693877551020409
W022,frames_in_order,adjacent_samples,rgb,class_switch_rate,0.010638297872340425
W022,frames_in_order,adjacent_samples,rgb,fragmentation_ge2,0.045454545454545456
W022,frames_in_order,adjacent_samples,rgb,fragmentation_mean,1.0454545454545454
W022,frames_in_order,adjacent_samples,rgb,gt_tracks_matched,22.0
W022,frames_in_order,adjacent_samples,rgb,id_switch_rate,0.010638297872340425
W022,frames_in_order,adjacent_samples,rgb,matched_pairs,94.0
W022,frames_in_order,adjacent_samples,rgb,reappear_events_judged,0.0
W022,frames_in_order,adjacent_samples,rgb,reappear_same_class,
W022,frames_in_order,adjacent_samples,rgb,reappear_same_gt,
W022,frames_in_order,adjacent_samples,rgb,reappearance_rate,0.38461538461538464
W022,frames_in_order,adjacent_samples,rgb,seeded_regions,26.0
W022,frames_in_order,adjacent_samples,rgb,survival_backward,0.7153846153846154
W022,frames_in_order,adjacent_samples,rgb,survival_forward,0.8653846153846152
W022,frames_in_order,consecutive_annotated,depth,class_switch_rate,0.012345679012345678
W022,frames_in_order,consecutive_annotated,depth,fragmentation_ge2,0.07142857142857142
W022,frames_in_order,consecutive_annotated,depth,fragmentation_mean,1.0714285714285714
W022,frames_in_order,consecutive_annotated,depth,gt_tracks_matched,14.0
W022,frames_in_order,consecutive_annotated,depth,id_switch_rate,0.037037037037037035
W022,frames_in_order,consecutive_annotated,depth,matched_pairs,81.0
W022,frames_in_order,consecutive_annotated,depth,reappear_events_judged,2.0
W022,frames_in_order,consecutive_annotated,depth,reappear_same_class,1.0
W022,frames_in_order,consecutive_annotated,depth,reappear_same_gt,0.5
W022,frames_in_order,consecutive_annotated,depth,reappearance_rate,0.3333333333333333
W022,frames_in_order,consecutive_annotated,depth,seeded_regions,12.0
W022,frames_in_order,consecutive_annotated,depth,survival_backward,0.7666666666666666
W022,frames_in_order,consecutive_annotated,depth,survival_forward,0.9107142857142857
W022,frames_in_order,consecutive_annotated,normal,class_switch_rate,0.012987012987012988
W022,frames_in_order,consecutive_annotated,normal,fragmentation_ge2,0.08333333333333333
W022,frames_in_order,consecutive_annotated,normal,fragmentation_mean,1.0833333333333333
W022,frames_in_order,consecutive_annotated,normal,gt_tracks_matched,12.0
W022,frames_in_order,consecutive_annotated,normal,id_switch_rate,0.012987012987012988
W022,frames_in_order,consecutive_annotated,normal,matched_pairs,77.0
W022,frames_in_order,consecutive_annotated,normal,reappear_events_judged,1.0
W022,frames_in_order,consecutive_annotated,normal,reappear_same_class,0.0
W022,frames_in_order,consecutive_annotated,normal,reappear_same_gt,0.0
W022,frames_in_order,consecutive_annotated,normal,reappearance_rate,0.5714285714285714
W022,frames_in_order,consecutive_annotated,normal,seeded_regions,7.0
W022,frames_in_order,consecutive_annotated,normal,survival_backward,0.9047619047619048
W022,frames_in_order,consecutive_annotated,normal,survival_forward,0.9693877551020409
W022,frames_in_order,consecutive_annotated,rgb,class_switch_rate,0.010101010101010102
W022,frames_in_order,consecutive_annotated,rgb,fragmentation_ge2,0.058823529411764705
W022,frames_in_order,consecutive_annotated,rgb,fragmentation_mean,1.0588235294117647
W022,frames_in_order,consecutive_annotated,rgb,gt_tracks_matched,17.0
W022,frames_in_order,consecutive_annotated,rgb,id_switch_rate,0.020202020202020204
W022,frames_in_order,consecutive_annotated,rgb,matched_pairs,99.0
W022,frames_in_order,consecutive_annotated,rgb,reappear_events_judged,0.0
W022,frames_in_order,consecutive_annotated,rgb,reappear_same_class,
W022,frames_in_order,consecutive_annotated,rgb,reappear_same_gt,
W022,frames_in_order,consecutive_annotated,rgb,reappearance_rate,0.38461538461538464
W022,frames_in_order,consecutive_annotated,rgb,seeded_regions,26.0
W022,frames_in_order,consecutive_annotated,rgb,survival_backward,0.7153846153846154
W022,frames_in_order,consecutive_annotated,rgb,survival_forward,0.8653846153846152
W023,all,adjacent_samples,depth,class_switch_rate,0.013157894736842105
W023,all,adjacent_samples,depth,fragmentation_ge2,0.043478260869565216
W023,all,adjacent_samples,depth,fragmentation_mean,1.0434782608695652
W023,all,adjacent_samples,depth,gt_tracks_matched,23.0
W023,all,adjacent_samples,depth,id_switch_rate,0.09210526315789473
W023,all,adjacent_samples,depth,matched_pairs,76.0
W023,all,adjacent_samples,depth,reappear_events_judged,1.0
W023,all,adjacent_samples,depth,reappear_same_class,1.0
W023,all,adjacent_samples,depth,reappear_same_gt,0.0
W023,all,adjacent_samples,depth,reappearance_rate,0.3076923076923077
W023,all,adjacent_samples,depth,seeded_regions,13.0
W023,all,adjacent_samples,depth,survival_backward,0.8769230769230769
W023,all,adjacent_samples,depth,survival_forward,0.7912087912087912
W023,all,adjacent_samples,normal,class_switch_rate,0.0136986301369863
W023,all,adjacent_samples,normal,fragmentation_ge2,0.0
W023,all,adjacent_samples,normal,fragmentation_mean,1.0
W023,all,adjacent_samples,normal,gt_tracks_matched,20.0
W023,all,adjacent_samples,normal,id_switch_rate,0.0821917808219178
W023,all,adjacent_samples,normal,matched_pairs,73.0
W023,all,adjacent_samples,normal,reappear_events_judged,2.0
W023,all,adjacent_samples,normal,reappear_same_class,0.5
W023,all,adjacent_samples,normal,reappear_same_gt,0.0
W023,all,adjacent_samples,normal,reappearance_rate,0.4444444444444444
W023,all,adjacent_samples,normal,seeded_regions,9.0
W023,all,adjacent_samples,normal,survival_backward,0.8888888888888888
W023,all,adjacent_samples,normal,survival_forward,0.8174603174603176
W023,all,adjacent_samples,rgb,class_switch_rate,0.010526315789473684
W023,all,adjacent_samples,rgb,fragmentation_ge2,0.14814814814814814
W023,all,adjacent_samples,rgb,fragmentation_mean,1.1851851851851851
W023,all,adjacent_samples,rgb,gt_tracks_matched,27.0
W023,all,adjacent_samples,rgb,id_switch_rate,0.05263157894736842
W023,all,adjacent_samples,rgb,matched_pairs,95.0
W023,all,adjacent_samples,rgb,reappear_events_judged,1.0
W023,all,adjacent_samples,rgb,reappear_same_class,1.0
W023,all,adjacent_samples,rgb,reappear_same_gt,0.0
W023,all,adjacent_samples,rgb,reappearance_rate,0.4583333333333333
W023,all,adjacent_samples,rgb,seeded_regions,24.0
W023,all,adjacent_samples,rgb,survival_backward,0.8250000000000002
W023,all,adjacent_samples,rgb,survival_forward,0.8154761904761904
W023,all,consecutive_annotated,depth,class_switch_rate,0.024691358024691357
W023,all,consecutive_annotated,depth,fragmentation_ge2,0.1111111111111111
W023,all,consecutive_annotated,depth,fragmentation_mean,1.1111111111111112
W023,all,consecutive_annotated,depth,gt_tracks_matched,18.0
W023,all,consecutive_annotated,depth,id_switch_rate,0.1111111111111111
W023,all,consecutive_annotated,depth,matched_pairs,81.0
W023,all,consecutive_annotated,depth,reappear_events_judged,1.0
W023,all,consecutive_annotated,depth,reappear_same_class,1.0
W023,all,consecutive_annotated,depth,reappear_same_gt,0.0
W023,all,consecutive_annotated,depth,reappearance_rate,0.3076923076923077
W023,all,consecutive_annotated,depth,seeded_regions,13.0
W023,all,consecutive_annotated,depth,survival_backward,0.8769230769230769
W023,all,consecutive_annotated,depth,survival_forward,0.7912087912087912
W023,all,consecutive_annotated,normal,class_switch_rate,0.012987012987012988
W023,all,consecutive_annotated,normal,fragmentation_ge2,0.0
W023,all,consecutive_annotated,normal,fragmentation_mean,1.0
W023,all,consecutive_annotated,normal,gt_tracks_matched,17.0
W023,all,consecutive_annotated,normal,id_switch_rate,0.09090909090909091
W023,all,consecutive_annotated,normal,matched_pairs,77.0
W023,all,consecutive_annotated,normal,reappear_events_judged,2.0
W023,all,consecutive_annotated,normal,reappear_same_class,0.5
W023,all,consecutive_annotated,normal,reappear_same_gt,0.0
W023,all,consecutive_annotated,normal,reappearance_rate,0.4444444444444444
W023,all,consecutive_annotated,normal,seeded_regions,9.0
W023,all,consecutive_annotated,normal,survival_backward,0.8888888888888888
W023,all,consecutive_annotated,normal,survival_forward,0.8174603174603176
W023,all,consecutive_annotated,rgb,class_switch_rate,0.019801980198019802
W023,all,consecutive_annotated,rgb,fragmentation_ge2,0.23809523809523808
W023,all,consecutive_annotated,rgb,fragmentation_mean,1.2857142857142858
W023,all,consecutive_annotated,rgb,gt_tracks_matched,21.0
W023,all,consecutive_annotated,rgb,id_switch_rate,0.06930693069306931
W023,all,consecutive_annotated,rgb,matched_pairs,101.0
W023,all,consecutive_annotated,rgb,reappear_events_judged,1.0
W023,all,consecutive_annotated,rgb,reappear_same_class,1.0
W023,all,consecutive_annotated,rgb,reappear_same_gt,0.0
W023,all,consecutive_annotated,rgb,reappearance_rate,0.4583333333333333
W023,all,consecutive_annotated,rgb,seeded_regions,24.0
W023,all,consecutive_annotated,rgb,survival_backward,0.8250000000000002
W023,all,consecutive_annotated,rgb,survival_forward,0.8154761904761904
W023,frames_in_order,adjacent_samples,depth,class_switch_rate,0.013157894736842105
W023,frames_in_order,adjacent_samples,depth,fragmentation_ge2,0.043478260869565216
W023,frames_in_order,adjacent_samples,depth,fragmentation_mean,1.0434782608695652
W023,frames_in_order,adjacent_samples,depth,gt_tracks_matched,23.0
W023,frames_in_order,adjacent_samples,depth,id_switch_rate,0.09210526315789473
W023,frames_in_order,adjacent_samples,depth,matched_pairs,76.0
W023,frames_in_order,adjacent_samples,depth,reappear_events_judged,1.0
W023,frames_in_order,adjacent_samples,depth,reappear_same_class,1.0
W023,frames_in_order,adjacent_samples,depth,reappear_same_gt,0.0
W023,frames_in_order,adjacent_samples,depth,reappearance_rate,0.3076923076923077
W023,frames_in_order,adjacent_samples,depth,seeded_regions,13.0
W023,frames_in_order,adjacent_samples,depth,survival_backward,0.8769230769230769
W023,frames_in_order,adjacent_samples,depth,survival_forward,0.7912087912087912
W023,frames_in_order,adjacent_samples,normal,class_switch_rate,0.0136986301369863
W023,frames_in_order,adjacent_samples,normal,fragmentation_ge2,0.0
W023,frames_in_order,adjacent_samples,normal,fragmentation_mean,1.0
W023,frames_in_order,adjacent_samples,normal,gt_tracks_matched,20.0
W023,frames_in_order,adjacent_samples,normal,id_switch_rate,0.0821917808219178
W023,frames_in_order,adjacent_samples,normal,matched_pairs,73.0
W023,frames_in_order,adjacent_samples,normal,reappear_events_judged,2.0
W023,frames_in_order,adjacent_samples,normal,reappear_same_class,0.5
W023,frames_in_order,adjacent_samples,normal,reappear_same_gt,0.0
W023,frames_in_order,adjacent_samples,normal,reappearance_rate,0.4444444444444444
W023,frames_in_order,adjacent_samples,normal,seeded_regions,9.0
W023,frames_in_order,adjacent_samples,normal,survival_backward,0.8888888888888888
W023,frames_in_order,adjacent_samples,normal,survival_forward,0.8174603174603176
W023,frames_in_order,adjacent_samples,rgb,class_switch_rate,0.010526315789473684
W023,frames_in_order,adjacent_samples,rgb,fragmentation_ge2,0.14814814814814814
W023,frames_in_order,adjacent_samples,rgb,fragmentation_mean,1.1851851851851851
W023,frames_in_order,adjacent_samples,rgb,gt_tracks_matched,27.0
W023,frames_in_order,adjacent_samples,rgb,id_switch_rate,0.05263157894736842
W023,frames_in_order,adjacent_samples,rgb,matched_pairs,95.0
W023,frames_in_order,adjacent_samples,rgb,reappear_events_judged,1.0
W023,frames_in_order,adjacent_samples,rgb,reappear_same_class,1.0
W023,frames_in_order,adjacent_samples,rgb,reappear_same_gt,0.0
W023,frames_in_order,adjacent_samples,rgb,reappearance_rate,0.4583333333333333
W023,frames_in_order,adjacent_samples,rgb,seeded_regions,24.0
W023,frames_in_order,adjacent_samples,rgb,survival_backward,0.8250000000000002
W023,frames_in_order,adjacent_samples,rgb,survival_forward,0.8154761904761904
W023,frames_in_order,consecutive_annotated,depth,class_switch_rate,0.024691358024691357
W023,frames_in_order,consecutive_annotated,depth,fragmentation_ge2,0.1111111111111111
W023,frames_in_order,consecutive_annotated,depth,fragmentation_mean,1.1111111111111112
W023,frames_in_order,consecutive_annotated,depth,gt_tracks_matched,18.0
W023,frames_in_order,consecutive_annotated,depth,id_switch_rate,0.1111111111111111
W023,frames_in_order,consecutive_annotated,depth,matched_pairs,81.0
W023,frames_in_order,consecutive_annotated,depth,reappear_events_judged,1.0
W023,frames_in_order,consecutive_annotated,depth,reappear_same_class,1.0
W023,frames_in_order,consecutive_annotated,depth,reappear_same_gt,0.0
W023,frames_in_order,consecutive_annotated,depth,reappearance_rate,0.3076923076923077
W023,frames_in_order,consecutive_annotated,depth,seeded_regions,13.0
W023,frames_in_order,consecutive_annotated,depth,survival_backward,0.8769230769230769
W023,frames_in_order,consecutive_annotated,depth,survival_forward,0.7912087912087912
W023,frames_in_order,consecutive_annotated,normal,class_switch_rate,0.012987012987012988
W023,frames_in_order,consecutive_annotated,normal,fragmentation_ge2,0.0
W023,frames_in_order,consecutive_annotated,normal,fragmentation_mean,1.0
W023,frames_in_order,consecutive_annotated,normal,gt_tracks_matched,17.0
W023,frames_in_order,consecutive_annotated,normal,id_switch_rate,0.09090909090909091
W023,frames_in_order,consecutive_annotated,normal,matched_pairs,77.0
W023,frames_in_order,consecutive_annotated,normal,reappear_events_judged,2.0
W023,frames_in_order,consecutive_annotated,normal,reappear_same_class,0.5
W023,frames_in_order,consecutive_annotated,normal,reappear_same_gt,0.0
W023,frames_in_order,consecutive_annotated,normal,reappearance_rate,0.4444444444444444
W023,frames_in_order,consecutive_annotated,normal,seeded_regions,9.0
W023,frames_in_order,consecutive_annotated,normal,survival_backward,0.8888888888888888
W023,frames_in_order,consecutive_annotated,normal,survival_forward,0.8174603174603176
W023,frames_in_order,consecutive_annotated,rgb,class_switch_rate,0.019801980198019802
W023,frames_in_order,consecutive_annotated,rgb,fragmentation_ge2,0.23809523809523808
W023,frames_in_order,consecutive_annotated,rgb,fragmentation_mean,1.2857142857142858
W023,frames_in_order,consecutive_annotated,rgb,gt_tracks_matched,21.0
W023,frames_in_order,consecutive_annotated,rgb,id_switch_rate,0.06930693069306931
W023,frames_in_order,consecutive_annotated,rgb,matched_pairs,101.0
W023,frames_in_order,consecutive_annotated,rgb,reappear_events_judged,1.0
W023,frames_in_order,consecutive_annotated,rgb,reappear_same_class,1.0
W023,frames_in_order,consecutive_annotated,rgb,reappear_same_gt,0.0
W023,frames_in_order,consecutive_annotated,rgb,reappearance_rate,0.4583333333333333
W023,frames_in_order,consecutive_annotated,rgb,seeded_regions,24.0
W023,frames_in_order,consecutive_annotated,rgb,survival_backward,0.8250000000000002
W023,frames_in_order,consecutive_annotated,rgb,survival_forward,0.8154761904761904
W024,all,adjacent_samples,depth,class_switch_rate,0.0
W024,all,adjacent_samples,depth,fragmentation_ge2,0.1
W024,all,adjacent_samples,depth,fragmentation_mean,1.1
W024,all,adjacent_samples,depth,gt_tracks_matched,10.0
W024,all,adjacent_samples,depth,id_switch_rate,0.0
W024,all,adjacent_samples,depth,matched_pairs,48.0
W024,all,adjacent_samples,depth,reappear_events_judged,0.0
W024,all,adjacent_samples,depth,reappear_same_class,
W024,all,adjacent_samples,depth,reappear_same_gt,
W024,all,adjacent_samples,depth,reappearance_rate,0.5833333333333334
W024,all,adjacent_samples,depth,seeded_regions,12.0
W024,all,adjacent_samples,depth,survival_backward,0.7944444444444444
W024,all,adjacent_samples,depth,survival_forward,0.886904761904762
W024,all,adjacent_samples,normal,class_switch_rate,0.0
W024,all,adjacent_samples,normal,fragmentation_ge2,0.08333333333333333
W024,all,adjacent_samples,normal,fragmentation_mean,1.0833333333333333
W024,all,adjacent_samples,normal,gt_tracks_matched,12.0
W024,all,adjacent_samples,normal,id_switch_rate,0.0
W024,all,adjacent_samples,normal,matched_pairs,50.0
W024,all,adjacent_samples,normal,reappear_events_judged,1.0
W024,all,adjacent_samples,normal,reappear_same_class,1.0
W024,all,adjacent_samples,normal,reappear_same_gt,1.0
W024,all,adjacent_samples,normal,reappearance_rate,0.3333333333333333
W024,all,adjacent_samples,normal,seeded_regions,12.0
W024,all,adjacent_samples,normal,survival_backward,0.8166666666666668
W024,all,adjacent_samples,normal,survival_forward,0.8452380952380953
W024,all,adjacent_samples,rgb,class_switch_rate,0.0
W024,all,adjacent_samples,rgb,fragmentation_ge2,0.09090909090909091
W024,all,adjacent_samples,rgb,fragmentation_mean,1.0909090909090908
W024,all,adjacent_samples,rgb,gt_tracks_matched,22.0
W024,all,adjacent_samples,rgb,id_switch_rate,0.0
W024,all,adjacent_samples,rgb,matched_pairs,67.0
W024,all,adjacent_samples,rgb,reappear_events_judged,0.0
W024,all,adjacent_samples,rgb,reappear_same_class,
W024,all,adjacent_samples,rgb,reappear_same_gt,
W024,all,adjacent_samples,rgb,reappearance_rate,0.5161290322580645
W024,all,adjacent_samples,rgb,seeded_regions,31.0
W024,all,adjacent_samples,rgb,survival_backward,0.832258064516129
W024,all,adjacent_samples,rgb,survival_forward,0.8248847926267281
W024,all,consecutive_annotated,depth,class_switch_rate,0.0
W024,all,consecutive_annotated,depth,fragmentation_ge2,0.1111111111111111
W024,all,consecutive_annotated,depth,fragmentation_mean,1.1111111111111112
W024,all,consecutive_annotated,depth,gt_tracks_matched,9.0
W024,all,consecutive_annotated,depth,id_switch_rate,0.0392156862745098
W024,all,consecutive_annotated,depth,matched_pairs,51.0
W024,all,consecutive_annotated,depth,reappear_events_judged,0.0
W024,all,consecutive_annotated,depth,reappear_same_class,
W024,all,consecutive_annotated,depth,reappear_same_gt,
W024,all,consecutive_annotated,depth,reappearance_rate,0.5833333333333334
W024,all,consecutive_annotated,depth,seeded_regions,12.0
W024,all,consecutive_annotated,depth,survival_backward,0.7944444444444444
W024,all,consecutive_annotated,depth,survival_forward,0.886904761904762
W024,all,consecutive_annotated,normal,class_switch_rate,0.0
W024,all,consecutive_annotated,normal,fragmentation_ge2,0.1
W024,all,consecutive_annotated,normal,fragmentation_mean,1.1
W024,all,consecutive_annotated,normal,gt_tracks_matched,10.0
W024,all,consecutive_annotated,normal,id_switch_rate,0.037037037037037035
W024,all,consecutive_annotated,normal,matched_pairs,54.0
W024,all,consecutive_annotated,normal,reappear_events_judged,1.0
W024,all,consecutive_annotated,normal,reappear_same_class,1.0
W024,all,consecutive_annotated,normal,reappear_same_gt,1.0
W024,all,consecutive_annotated,normal,reappearance_rate,0.3333333333333333
W024,all,consecutive_annotated,normal,seeded_regions,12.0
W024,all,consecutive_annotated,normal,survival_backward,0.8166666666666668
W024,all,consecutive_annotated,normal,survival_forward,0.8452380952380953
W024,all,consecutive_annotated,rgb,class_switch_rate,0.0
W024,all,consecutive_annotated,rgb,fragmentation_ge2,0.1111111111111111
W024,all,consecutive_annotated,rgb,fragmentation_mean,1.1111111111111112
W024,all,consecutive_annotated,rgb,gt_tracks_matched,18.0
W024,all,consecutive_annotated,rgb,id_switch_rate,0.0410958904109589
W024,all,consecutive_annotated,rgb,matched_pairs,73.0
W024,all,consecutive_annotated,rgb,reappear_events_judged,0.0
W024,all,consecutive_annotated,rgb,reappear_same_class,
W024,all,consecutive_annotated,rgb,reappear_same_gt,
W024,all,consecutive_annotated,rgb,reappearance_rate,0.5161290322580645
W024,all,consecutive_annotated,rgb,seeded_regions,31.0
W024,all,consecutive_annotated,rgb,survival_backward,0.832258064516129
W024,all,consecutive_annotated,rgb,survival_forward,0.8248847926267281
W024,frames_in_order,adjacent_samples,depth,class_switch_rate,0.0
W024,frames_in_order,adjacent_samples,depth,fragmentation_ge2,0.1
W024,frames_in_order,adjacent_samples,depth,fragmentation_mean,1.1
W024,frames_in_order,adjacent_samples,depth,gt_tracks_matched,10.0
W024,frames_in_order,adjacent_samples,depth,id_switch_rate,0.0
W024,frames_in_order,adjacent_samples,depth,matched_pairs,48.0
W024,frames_in_order,adjacent_samples,depth,reappear_events_judged,0.0
W024,frames_in_order,adjacent_samples,depth,reappear_same_class,
W024,frames_in_order,adjacent_samples,depth,reappear_same_gt,
W024,frames_in_order,adjacent_samples,depth,reappearance_rate,0.5833333333333334
W024,frames_in_order,adjacent_samples,depth,seeded_regions,12.0
W024,frames_in_order,adjacent_samples,depth,survival_backward,0.7944444444444444
W024,frames_in_order,adjacent_samples,depth,survival_forward,0.886904761904762
W024,frames_in_order,adjacent_samples,normal,class_switch_rate,0.0
W024,frames_in_order,adjacent_samples,normal,fragmentation_ge2,0.08333333333333333
W024,frames_in_order,adjacent_samples,normal,fragmentation_mean,1.0833333333333333
W024,frames_in_order,adjacent_samples,normal,gt_tracks_matched,12.0
W024,frames_in_order,adjacent_samples,normal,id_switch_rate,0.0
W024,frames_in_order,adjacent_samples,normal,matched_pairs,50.0
W024,frames_in_order,adjacent_samples,normal,reappear_events_judged,1.0
W024,frames_in_order,adjacent_samples,normal,reappear_same_class,1.0
W024,frames_in_order,adjacent_samples,normal,reappear_same_gt,1.0
W024,frames_in_order,adjacent_samples,normal,reappearance_rate,0.3333333333333333
W024,frames_in_order,adjacent_samples,normal,seeded_regions,12.0
W024,frames_in_order,adjacent_samples,normal,survival_backward,0.8166666666666668
W024,frames_in_order,adjacent_samples,normal,survival_forward,0.8452380952380953
W024,frames_in_order,adjacent_samples,rgb,class_switch_rate,0.0
W024,frames_in_order,adjacent_samples,rgb,fragmentation_ge2,0.09090909090909091
W024,frames_in_order,adjacent_samples,rgb,fragmentation_mean,1.0909090909090908
W024,frames_in_order,adjacent_samples,rgb,gt_tracks_matched,22.0
W024,frames_in_order,adjacent_samples,rgb,id_switch_rate,0.0
W024,frames_in_order,adjacent_samples,rgb,matched_pairs,67.0
W024,frames_in_order,adjacent_samples,rgb,reappear_events_judged,0.0
W024,frames_in_order,adjacent_samples,rgb,reappear_same_class,
W024,frames_in_order,adjacent_samples,rgb,reappear_same_gt,
W024,frames_in_order,adjacent_samples,rgb,reappearance_rate,0.5161290322580645
W024,frames_in_order,adjacent_samples,rgb,seeded_regions,31.0
W024,frames_in_order,adjacent_samples,rgb,survival_backward,0.832258064516129
W024,frames_in_order,adjacent_samples,rgb,survival_forward,0.8248847926267281
W024,frames_in_order,consecutive_annotated,depth,class_switch_rate,0.0
W024,frames_in_order,consecutive_annotated,depth,fragmentation_ge2,0.1111111111111111
W024,frames_in_order,consecutive_annotated,depth,fragmentation_mean,1.1111111111111112
W024,frames_in_order,consecutive_annotated,depth,gt_tracks_matched,9.0
W024,frames_in_order,consecutive_annotated,depth,id_switch_rate,0.0392156862745098
W024,frames_in_order,consecutive_annotated,depth,matched_pairs,51.0
W024,frames_in_order,consecutive_annotated,depth,reappear_events_judged,0.0
W024,frames_in_order,consecutive_annotated,depth,reappear_same_class,
W024,frames_in_order,consecutive_annotated,depth,reappear_same_gt,
W024,frames_in_order,consecutive_annotated,depth,reappearance_rate,0.5833333333333334
W024,frames_in_order,consecutive_annotated,depth,seeded_regions,12.0
W024,frames_in_order,consecutive_annotated,depth,survival_backward,0.7944444444444444
W024,frames_in_order,consecutive_annotated,depth,survival_forward,0.886904761904762
W024,frames_in_order,consecutive_annotated,normal,class_switch_rate,0.0
W024,frames_in_order,consecutive_annotated,normal,fragmentation_ge2,0.1
W024,frames_in_order,consecutive_annotated,normal,fragmentation_mean,1.1
W024,frames_in_order,consecutive_annotated,normal,gt_tracks_matched,10.0
W024,frames_in_order,consecutive_annotated,normal,id_switch_rate,0.037037037037037035
W024,frames_in_order,consecutive_annotated,normal,matched_pairs,54.0
W024,frames_in_order,consecutive_annotated,normal,reappear_events_judged,1.0
W024,frames_in_order,consecutive_annotated,normal,reappear_same_class,1.0
W024,frames_in_order,consecutive_annotated,normal,reappear_same_gt,1.0
W024,frames_in_order,consecutive_annotated,normal,reappearance_rate,0.3333333333333333
W024,frames_in_order,consecutive_annotated,normal,seeded_regions,12.0
W024,frames_in_order,consecutive_annotated,normal,survival_backward,0.8166666666666668
W024,frames_in_order,consecutive_annotated,normal,survival_forward,0.8452380952380953
W024,frames_in_order,consecutive_annotated,rgb,class_switch_rate,0.0
W024,frames_in_order,consecutive_annotated,rgb,fragmentation_ge2,0.1111111111111111
W024,frames_in_order,consecutive_annotated,rgb,fragmentation_mean,1.1111111111111112
W024,frames_in_order,consecutive_annotated,rgb,gt_tracks_matched,18.0
W024,frames_in_order,consecutive_annotated,rgb,id_switch_rate,0.0410958904109589
W024,frames_in_order,consecutive_annotated,rgb,matched_pairs,73.0
W024,frames_in_order,consecutive_annotated,rgb,reappear_events_judged,0.0
W024,frames_in_order,consecutive_annotated,rgb,reappear_same_class,
W024,frames_in_order,consecutive_annotated,rgb,reappear_same_gt,
W024,frames_in_order,consecutive_annotated,rgb,reappearance_rate,0.5161290322580645
W024,frames_in_order,consecutive_annotated,rgb,seeded_regions,31.0
W024,frames_in_order,consecutive_annotated,rgb,survival_backward,0.832258064516129
W024,frames_in_order,consecutive_annotated,rgb,survival_forward,0.8248847926267281
W025,all,adjacent_samples,depth,class_switch_rate,0.0
W025,all,adjacent_samples,depth,fragmentation_ge2,0.07692307692307693
W025,all,adjacent_samples,depth,fragmentation_mean,1.0769230769230769
W025,all,adjacent_samples,depth,gt_tracks_matched,26.0
W025,all,adjacent_samples,depth,id_switch_rate,0.09433962264150944
W025,all,adjacent_samples,depth,matched_pairs,53.0
W025,all,adjacent_samples,depth,reappear_events_judged,2.0
W025,all,adjacent_samples,depth,reappear_same_class,1.0
W025,all,adjacent_samples,depth,reappear_same_gt,0.0
W025,all,adjacent_samples,depth,reappearance_rate,0.8333333333333334
W025,all,adjacent_samples,depth,seeded_regions,12.0
W025,all,adjacent_samples,depth,survival_backward,0.8055555555555555
W025,all,adjacent_samples,depth,survival_forward,0.8630952380952381
W025,all,adjacent_samples,normal,class_switch_rate,0.0
W025,all,adjacent_samples,normal,fragmentation_ge2,0.07142857142857142
W025,all,adjacent_samples,normal,fragmentation_mean,1.0714285714285714
W025,all,adjacent_samples,normal,gt_tracks_matched,28.0
W025,all,adjacent_samples,normal,id_switch_rate,0.12727272727272726
W025,all,adjacent_samples,normal,matched_pairs,55.0
W025,all,adjacent_samples,normal,reappear_events_judged,2.0
W025,all,adjacent_samples,normal,reappear_same_class,1.0
W025,all,adjacent_samples,normal,reappear_same_gt,0.5
W025,all,adjacent_samples,normal,reappearance_rate,0.6923076923076923
W025,all,adjacent_samples,normal,seeded_regions,13.0
W025,all,adjacent_samples,normal,survival_backward,0.8358974358974358
W025,all,adjacent_samples,normal,survival_forward,0.9120879120879122
W025,all,adjacent_samples,rgb,class_switch_rate,0.0
W025,all,adjacent_samples,rgb,fragmentation_ge2,0.058823529411764705
W025,all,adjacent_samples,rgb,fragmentation_mean,1.0588235294117647
W025,all,adjacent_samples,rgb,gt_tracks_matched,34.0
W025,all,adjacent_samples,rgb,id_switch_rate,0.10606060606060606
W025,all,adjacent_samples,rgb,matched_pairs,66.0
W025,all,adjacent_samples,rgb,reappear_events_judged,2.0
W025,all,adjacent_samples,rgb,reappear_same_class,1.0
W025,all,adjacent_samples,rgb,reappear_same_gt,0.0
W025,all,adjacent_samples,rgb,reappearance_rate,0.75
W025,all,adjacent_samples,rgb,seeded_regions,16.0
W025,all,adjacent_samples,rgb,survival_backward,0.7083333333333333
W025,all,adjacent_samples,rgb,survival_forward,0.8303571428571429
W025,all,consecutive_annotated,depth,class_switch_rate,0.0
W025,all,consecutive_annotated,depth,fragmentation_ge2,0.09523809523809523
W025,all,consecutive_annotated,depth,fragmentation_mean,1.0952380952380953
W025,all,consecutive_annotated,depth,gt_tracks_matched,21.0
W025,all,consecutive_annotated,depth,id_switch_rate,0.11864406779661017
W025,all,consecutive_annotated,depth,matched_pairs,59.0
W025,all,consecutive_annotated,depth,reappear_events_judged,2.0
W025,all,consecutive_annotated,depth,reappear_same_class,1.0
W025,all,consecutive_annotated,depth,reappear_same_gt,0.0
W025,all,consecutive_annotated,depth,reappearance_rate,0.8333333333333334
W025,all,consecutive_annotated,depth,seeded_regions,12.0
W025,all,consecutive_annotated,depth,survival_backward,0.8055555555555555
W025,all,consecutive_annotated,depth,survival_forward,0.8630952380952381
W025,all,consecutive_annotated,normal,class_switch_rate,0.0
W025,all,consecutive_annotated,normal,fragmentation_ge2,0.09090909090909091
W025,all,consecutive_annotated,normal,fragmentation_mean,1.0909090909090908
W025,all,consecutive_annotated,normal,gt_tracks_matched,22.0
W025,all,consecutive_annotated,normal,id_switch_rate,0.14516129032258066
W025,all,consecutive_annotated,normal,matched_pairs,62.0
W025,all,consecutive_annotated,normal,reappear_events_judged,2.0
W025,all,consecutive_annotated,normal,reappear_same_class,1.0
W025,all,consecutive_annotated,normal,reappear_same_gt,0.5
W025,all,consecutive_annotated,normal,reappearance_rate,0.6923076923076923
W025,all,consecutive_annotated,normal,seeded_regions,13.0
W025,all,consecutive_annotated,normal,survival_backward,0.8358974358974358
W025,all,consecutive_annotated,normal,survival_forward,0.9120879120879122
W025,all,consecutive_annotated,rgb,class_switch_rate,0.0
W025,all,consecutive_annotated,rgb,fragmentation_ge2,0.07407407407407407
W025,all,consecutive_annotated,rgb,fragmentation_mean,1.0740740740740742
W025,all,consecutive_annotated,rgb,gt_tracks_matched,27.0
W025,all,consecutive_annotated,rgb,id_switch_rate,0.13333333333333333
W025,all,consecutive_annotated,rgb,matched_pairs,75.0
W025,all,consecutive_annotated,rgb,reappear_events_judged,2.0
W025,all,consecutive_annotated,rgb,reappear_same_class,1.0
W025,all,consecutive_annotated,rgb,reappear_same_gt,0.0
W025,all,consecutive_annotated,rgb,reappearance_rate,0.75
W025,all,consecutive_annotated,rgb,seeded_regions,16.0
W025,all,consecutive_annotated,rgb,survival_backward,0.7083333333333333
W025,all,consecutive_annotated,rgb,survival_forward,0.8303571428571429
W025,frames_in_order,adjacent_samples,depth,class_switch_rate,0.0
W025,frames_in_order,adjacent_samples,depth,fragmentation_ge2,0.07692307692307693
W025,frames_in_order,adjacent_samples,depth,fragmentation_mean,1.0769230769230769
W025,frames_in_order,adjacent_samples,depth,gt_tracks_matched,26.0
W025,frames_in_order,adjacent_samples,depth,id_switch_rate,0.09433962264150944
W025,frames_in_order,adjacent_samples,depth,matched_pairs,53.0
W025,frames_in_order,adjacent_samples,depth,reappear_events_judged,2.0
W025,frames_in_order,adjacent_samples,depth,reappear_same_class,1.0
W025,frames_in_order,adjacent_samples,depth,reappear_same_gt,0.0
W025,frames_in_order,adjacent_samples,depth,reappearance_rate,0.8333333333333334
W025,frames_in_order,adjacent_samples,depth,seeded_regions,12.0
W025,frames_in_order,adjacent_samples,depth,survival_backward,0.8055555555555555
W025,frames_in_order,adjacent_samples,depth,survival_forward,0.8630952380952381
W025,frames_in_order,adjacent_samples,normal,class_switch_rate,0.0
W025,frames_in_order,adjacent_samples,normal,fragmentation_ge2,0.07142857142857142
W025,frames_in_order,adjacent_samples,normal,fragmentation_mean,1.0714285714285714
W025,frames_in_order,adjacent_samples,normal,gt_tracks_matched,28.0
W025,frames_in_order,adjacent_samples,normal,id_switch_rate,0.12727272727272726
W025,frames_in_order,adjacent_samples,normal,matched_pairs,55.0
W025,frames_in_order,adjacent_samples,normal,reappear_events_judged,2.0
W025,frames_in_order,adjacent_samples,normal,reappear_same_class,1.0
W025,frames_in_order,adjacent_samples,normal,reappear_same_gt,0.5
W025,frames_in_order,adjacent_samples,normal,reappearance_rate,0.6923076923076923
W025,frames_in_order,adjacent_samples,normal,seeded_regions,13.0
W025,frames_in_order,adjacent_samples,normal,survival_backward,0.8358974358974358
W025,frames_in_order,adjacent_samples,normal,survival_forward,0.9120879120879122
W025,frames_in_order,adjacent_samples,rgb,class_switch_rate,0.0
W025,frames_in_order,adjacent_samples,rgb,fragmentation_ge2,0.058823529411764705
W025,frames_in_order,adjacent_samples,rgb,fragmentation_mean,1.0588235294117647
W025,frames_in_order,adjacent_samples,rgb,gt_tracks_matched,34.0
W025,frames_in_order,adjacent_samples,rgb,id_switch_rate,0.10606060606060606
W025,frames_in_order,adjacent_samples,rgb,matched_pairs,66.0
W025,frames_in_order,adjacent_samples,rgb,reappear_events_judged,2.0
W025,frames_in_order,adjacent_samples,rgb,reappear_same_class,1.0
W025,frames_in_order,adjacent_samples,rgb,reappear_same_gt,0.0
W025,frames_in_order,adjacent_samples,rgb,reappearance_rate,0.75
W025,frames_in_order,adjacent_samples,rgb,seeded_regions,16.0
W025,frames_in_order,adjacent_samples,rgb,survival_backward,0.7083333333333333
W025,frames_in_order,adjacent_samples,rgb,survival_forward,0.8303571428571429
W025,frames_in_order,consecutive_annotated,depth,class_switch_rate,0.0
W025,frames_in_order,consecutive_annotated,depth,fragmentation_ge2,0.09523809523809523
W025,frames_in_order,consecutive_annotated,depth,fragmentation_mean,1.0952380952380953
W025,frames_in_order,consecutive_annotated,depth,gt_tracks_matched,21.0
W025,frames_in_order,consecutive_annotated,depth,id_switch_rate,0.11864406779661017
W025,frames_in_order,consecutive_annotated,depth,matched_pairs,59.0
W025,frames_in_order,consecutive_annotated,depth,reappear_events_judged,2.0
W025,frames_in_order,consecutive_annotated,depth,reappear_same_class,1.0
W025,frames_in_order,consecutive_annotated,depth,reappear_same_gt,0.0
W025,frames_in_order,consecutive_annotated,depth,reappearance_rate,0.8333333333333334
W025,frames_in_order,consecutive_annotated,depth,seeded_regions,12.0
W025,frames_in_order,consecutive_annotated,depth,survival_backward,0.8055555555555555
W025,frames_in_order,consecutive_annotated,depth,survival_forward,0.8630952380952381
W025,frames_in_order,consecutive_annotated,normal,class_switch_rate,0.0
W025,frames_in_order,consecutive_annotated,normal,fragmentation_ge2,0.09090909090909091
W025,frames_in_order,consecutive_annotated,normal,fragmentation_mean,1.0909090909090908
W025,frames_in_order,consecutive_annotated,normal,gt_tracks_matched,22.0
W025,frames_in_order,consecutive_annotated,normal,id_switch_rate,0.14516129032258066
W025,frames_in_order,consecutive_annotated,normal,matched_pairs,62.0
W025,frames_in_order,consecutive_annotated,normal,reappear_events_judged,2.0
W025,frames_in_order,consecutive_annotated,normal,reappear_same_class,1.0
W025,frames_in_order,consecutive_annotated,normal,reappear_same_gt,0.5
W025,frames_in_order,consecutive_annotated,normal,reappearance_rate,0.6923076923076923
W025,frames_in_order,consecutive_annotated,normal,seeded_regions,13.0
W025,frames_in_order,consecutive_annotated,normal,survival_backward,0.8358974358974358
W025,frames_in_order,consecutive_annotated,normal,survival_forward,0.9120879120879122
W025,frames_in_order,consecutive_annotated,rgb,class_switch_rate,0.0
W025,frames_in_order,consecutive_annotated,rgb,fragmentation_ge2,0.07407407407407407
W025,frames_in_order,consecutive_annotated,rgb,fragmentation_mean,1.0740740740740742
W025,frames_in_order,consecutive_annotated,rgb,gt_tracks_matched,27.0
W025,frames_in_order,consecutive_annotated,rgb,id_switch_rate,0.13333333333333333
W025,frames_in_order,consecutive_annotated,rgb,matched_pairs,75.0
W025,frames_in_order,consecutive_annotated,rgb,reappear_events_judged,2.0
W025,frames_in_order,consecutive_annotated,rgb,reappear_same_class,1.0
W025,frames_in_order,consecutive_annotated,rgb,reappear_same_gt,0.0
W025,frames_in_order,consecutive_annotated,rgb,reappearance_rate,0.75
W025,frames_in_order,consecutive_annotated,rgb,seeded_regions,16.0
W025,frames_in_order,consecutive_annotated,rgb,survival_backward,0.7083333333333333
W025,frames_in_order,consecutive_annotated,rgb,survival_forward,0.8303571428571429
W026,all,adjacent_samples,depth,class_switch_rate,0.024691358024691357
W026,all,adjacent_samples,depth,fragmentation_ge2,0.038461538461538464
W026,all,adjacent_samples,depth,fragmentation_mean,1.0384615384615385
W026,all,adjacent_samples,depth,gt_tracks_matched,26.0
W026,all,adjacent_samples,depth,id_switch_rate,0.12345679012345678
W026,all,adjacent_samples,depth,matched_pairs,81.0
W026,all,adjacent_samples,depth,reappear_events_judged,1.0
W026,all,adjacent_samples,depth,reappear_same_class,1.0
W026,all,adjacent_samples,depth,reappear_same_gt,0.0
W026,all,adjacent_samples,depth,reappearance_rate,0.5555555555555556
W026,all,adjacent_samples,depth,seeded_regions,9.0
W026,all,adjacent_samples,depth,survival_backward,0.7851851851851852
W026,all,adjacent_samples,depth,survival_forward,0.9682539682539684
W026,all,adjacent_samples,normal,class_switch_rate,0.025
W026,all,adjacent_samples,normal,fragmentation_ge2,0.041666666666666664
W026,all,adjacent_samples,normal,fragmentation_mean,1.0416666666666667
W026,all,adjacent_samples,normal,gt_tracks_matched,24.0
W026,all,adjacent_samples,normal,id_switch_rate,0.075
W026,all,adjacent_samples,normal,matched_pairs,80.0
W026,all,adjacent_samples,normal,reappear_events_judged,0.0
W026,all,adjacent_samples,normal,reappear_same_class,
W026,all,adjacent_samples,normal,reappear_same_gt,
W026,all,adjacent_samples,normal,reappearance_rate,0.5454545454545454
W026,all,adjacent_samples,normal,seeded_regions,11.0
W026,all,adjacent_samples,normal,survival_backward,0.8242424242424241
W026,all,adjacent_samples,normal,survival_forward,0.9090909090909091
W026,all,adjacent_samples,rgb,class_switch_rate,0.02247191011235955
W026,all,adjacent_samples,rgb,fragmentation_ge2,0.03571428571428571
W026,all,adjacent_samples,rgb,fragmentation_mean,1.0357142857142858
W026,all,adjacent_samples,rgb,gt_tracks_matched,28.0
W026,all,adjacent_samples,rgb,id_switch_rate,0.12359550561797752
W026,all,adjacent_samples,rgb,matched_pairs,89.0
W026,all,adjacent_samples,rgb,reappear_events_judged,1.0
W026,all,adjacent_samples,rgb,reappear_same_class,1.0
W026,all,adjacent_samples,rgb,reappear_same_gt,0.0
W026,all,adjacent_samples,rgb,reappearance_rate,0.631578947368421
W026,all,adjacent_samples,rgb,seeded_regions,19.0
W026,all,adjacent_samples,rgb,survival_backward,0.5964912280701755
W026,all,adjacent_samples,rgb,survival_forward,0.8984962406015038
W026,all,consecutive_annotated,depth,class_switch_rate,0.022988505747126436
W026,all,consecutive_annotated,depth,fragmentation_ge2,0.05
W026,all,consecutive_annotated,depth,fragmentation_mean,1.05
W026,all,consecutive_annotated,depth,gt_tracks_matched,20.0
W026,all,consecutive_annotated,depth,id_switch_rate,0.11494252873563218
W026,all,consecutive_annotated,depth,matched_pairs,87.0
W026,all,consecutive_annotated,depth,reappear_events_judged,1.0
W026,all,consecutive_annotated,depth,reappear_same_class,1.0
W026,all,consecutive_annotated,depth,reappear_same_gt,0.0
W026,all,consecutive_annotated,depth,reappearance_rate,0.5555555555555556
W026,all,consecutive_annotated,depth,seeded_regions,9.0
W026,all,consecutive_annotated,depth,survival_backward,0.7851851851851852
W026,all,consecutive_annotated,depth,survival_forward,0.9682539682539684
W026,all,consecutive_annotated,normal,class_switch_rate,0.023529411764705882
W026,all,consecutive_annotated,normal,fragmentation_ge2,0.1111111111111111
W026,all,consecutive_annotated,normal,fragmentation_mean,1.1111111111111112
W026,all,consecutive_annotated,normal,gt_tracks_matched,18.0
W026,all,consecutive_annotated,normal,id_switch_rate,0.07058823529411765
W026,all,consecutive_annotated,normal,matched_pairs,85.0
W026,all,consecutive_annotated,normal,reappear_events_judged,0.0
W026,all,consecutive_annotated,normal,reappear_same_class,
W026,all,consecutive_annotated,normal,reappear_same_gt,
W026,all,consecutive_annotated,normal,reappearance_rate,0.5454545454545454
W026,all,consecutive_annotated,normal,seeded_regions,11.0
W026,all,consecutive_annotated,normal,survival_backward,0.8242424242424241
W026,all,consecutive_annotated,normal,survival_forward,0.9090909090909091
W026,all,consecutive_annotated,rgb,class_switch_rate,0.021052631578947368
W026,all,consecutive_annotated,rgb,fragmentation_ge2,0.047619047619047616
W026,all,consecutive_annotated,rgb,fragmentation_mean,1.0476190476190477
W026,all,consecutive_annotated,rgb,gt_tracks_matched,21.0
W026,all,consecutive_annotated,rgb,id_switch_rate,0.11578947368421053
W026,all,consecutive_annotated,rgb,matched_pairs,95.0
W026,all,consecutive_annotated,rgb,reappear_events_judged,1.0
W026,all,consecutive_annotated,rgb,reappear_same_class,1.0
W026,all,consecutive_annotated,rgb,reappear_same_gt,0.0
W026,all,consecutive_annotated,rgb,reappearance_rate,0.631578947368421
W026,all,consecutive_annotated,rgb,seeded_regions,19.0
W026,all,consecutive_annotated,rgb,survival_backward,0.5964912280701755
W026,all,consecutive_annotated,rgb,survival_forward,0.8984962406015038
W026,frames_in_order,adjacent_samples,depth,class_switch_rate,0.024691358024691357
W026,frames_in_order,adjacent_samples,depth,fragmentation_ge2,0.038461538461538464
W026,frames_in_order,adjacent_samples,depth,fragmentation_mean,1.0384615384615385
W026,frames_in_order,adjacent_samples,depth,gt_tracks_matched,26.0
W026,frames_in_order,adjacent_samples,depth,id_switch_rate,0.12345679012345678
W026,frames_in_order,adjacent_samples,depth,matched_pairs,81.0
W026,frames_in_order,adjacent_samples,depth,reappear_events_judged,1.0
W026,frames_in_order,adjacent_samples,depth,reappear_same_class,1.0
W026,frames_in_order,adjacent_samples,depth,reappear_same_gt,0.0
W026,frames_in_order,adjacent_samples,depth,reappearance_rate,0.5555555555555556
W026,frames_in_order,adjacent_samples,depth,seeded_regions,9.0
W026,frames_in_order,adjacent_samples,depth,survival_backward,0.7851851851851852
W026,frames_in_order,adjacent_samples,depth,survival_forward,0.9682539682539684
W026,frames_in_order,adjacent_samples,normal,class_switch_rate,0.025
W026,frames_in_order,adjacent_samples,normal,fragmentation_ge2,0.041666666666666664
W026,frames_in_order,adjacent_samples,normal,fragmentation_mean,1.0416666666666667
W026,frames_in_order,adjacent_samples,normal,gt_tracks_matched,24.0
W026,frames_in_order,adjacent_samples,normal,id_switch_rate,0.075
W026,frames_in_order,adjacent_samples,normal,matched_pairs,80.0
W026,frames_in_order,adjacent_samples,normal,reappear_events_judged,0.0
W026,frames_in_order,adjacent_samples,normal,reappear_same_class,
W026,frames_in_order,adjacent_samples,normal,reappear_same_gt,
W026,frames_in_order,adjacent_samples,normal,reappearance_rate,0.5454545454545454
W026,frames_in_order,adjacent_samples,normal,seeded_regions,11.0
W026,frames_in_order,adjacent_samples,normal,survival_backward,0.8242424242424241
W026,frames_in_order,adjacent_samples,normal,survival_forward,0.9090909090909091
W026,frames_in_order,adjacent_samples,rgb,class_switch_rate,0.02247191011235955
W026,frames_in_order,adjacent_samples,rgb,fragmentation_ge2,0.03571428571428571
W026,frames_in_order,adjacent_samples,rgb,fragmentation_mean,1.0357142857142858
W026,frames_in_order,adjacent_samples,rgb,gt_tracks_matched,28.0
W026,frames_in_order,adjacent_samples,rgb,id_switch_rate,0.12359550561797752
W026,frames_in_order,adjacent_samples,rgb,matched_pairs,89.0
W026,frames_in_order,adjacent_samples,rgb,reappear_events_judged,1.0
W026,frames_in_order,adjacent_samples,rgb,reappear_same_class,1.0
W026,frames_in_order,adjacent_samples,rgb,reappear_same_gt,0.0
W026,frames_in_order,adjacent_samples,rgb,reappearance_rate,0.631578947368421
W026,frames_in_order,adjacent_samples,rgb,seeded_regions,19.0
W026,frames_in_order,adjacent_samples,rgb,survival_backward,0.5964912280701755
W026,frames_in_order,adjacent_samples,rgb,survival_forward,0.8984962406015038
W026,frames_in_order,consecutive_annotated,depth,class_switch_rate,0.022988505747126436
W026,frames_in_order,consecutive_annotated,depth,fragmentation_ge2,0.05
W026,frames_in_order,consecutive_annotated,depth,fragmentation_mean,1.05
W026,frames_in_order,consecutive_annotated,depth,gt_tracks_matched,20.0
W026,frames_in_order,consecutive_annotated,depth,id_switch_rate,0.11494252873563218
W026,frames_in_order,consecutive_annotated,depth,matched_pairs,87.0
W026,frames_in_order,consecutive_annotated,depth,reappear_events_judged,1.0
W026,frames_in_order,consecutive_annotated,depth,reappear_same_class,1.0
W026,frames_in_order,consecutive_annotated,depth,reappear_same_gt,0.0
W026,frames_in_order,consecutive_annotated,depth,reappearance_rate,0.5555555555555556
W026,frames_in_order,consecutive_annotated,depth,seeded_regions,9.0
W026,frames_in_order,consecutive_annotated,depth,survival_backward,0.7851851851851852
W026,frames_in_order,consecutive_annotated,depth,survival_forward,0.9682539682539684
W026,frames_in_order,consecutive_annotated,normal,class_switch_rate,0.023529411764705882
W026,frames_in_order,consecutive_annotated,normal,fragmentation_ge2,0.1111111111111111
W026,frames_in_order,consecutive_annotated,normal,fragmentation_mean,1.1111111111111112
W026,frames_in_order,consecutive_annotated,normal,gt_tracks_matched,18.0
W026,frames_in_order,consecutive_annotated,normal,id_switch_rate,0.07058823529411765
W026,frames_in_order,consecutive_annotated,normal,matched_pairs,85.0
W026,frames_in_order,consecutive_annotated,normal,reappear_events_judged,0.0
W026,frames_in_order,consecutive_annotated,normal,reappear_same_class,
W026,frames_in_order,consecutive_annotated,normal,reappear_same_gt,
W026,frames_in_order,consecutive_annotated,normal,reappearance_rate,0.5454545454545454
W026,frames_in_order,consecutive_annotated,normal,seeded_regions,11.0
W026,frames_in_order,consecutive_annotated,normal,survival_backward,0.8242424242424241
W026,frames_in_order,consecutive_annotated,normal,survival_forward,0.9090909090909091
W026,frames_in_order,consecutive_annotated,rgb,class_switch_rate,0.021052631578947368
W026,frames_in_order,consecutive_annotated,rgb,fragmentation_ge2,0.047619047619047616
W026,frames_in_order,consecutive_annotated,rgb,fragmentation_mean,1.0476190476190477
W026,frames_in_order,consecutive_annotated,rgb,gt_tracks_matched,21.0
W026,frames_in_order,consecutive_annotated,rgb,id_switch_rate,0.11578947368421053
W026,frames_in_order,consecutive_annotated,rgb,matched_pairs,95.0
W026,frames_in_order,consecutive_annotated,rgb,reappear_events_judged,1.0
W026,frames_in_order,consecutive_annotated,rgb,reappear_same_class,1.0
W026,frames_in_order,consecutive_annotated,rgb,reappear_same_gt,0.0
W026,frames_in_order,consecutive_annotated,rgb,reappearance_rate,0.631578947368421
W026,frames_in_order,consecutive_annotated,rgb,seeded_regions,19.0
W026,frames_in_order,consecutive_annotated,rgb,survival_backward,0.5964912280701755
W026,frames_in_order,consecutive_annotated,rgb,survival_forward,0.8984962406015038
W027,all,adjacent_samples,depth,class_switch_rate,0.012658227848101266
W027,all,adjacent_samples,depth,fragmentation_ge2,0.06666666666666667
W027,all,adjacent_samples,depth,fragmentation_mean,1.0666666666666667
W027,all,adjacent_samples,depth,gt_tracks_matched,30.0
W027,all,adjacent_samples,depth,id_switch_rate,0.13924050632911392
W027,all,adjacent_samples,depth,matched_pairs,79.0
W027,all,adjacent_samples,depth,reappear_events_judged,0.0
W027,all,adjacent_samples,depth,reappear_same_class,
W027,all,adjacent_samples,depth,reappear_same_gt,
W027,all,adjacent_samples,depth,reappearance_rate,0.1111111111111111
W027,all,adjacent_samples,depth,seeded_regions,9.0
W027,all,adjacent_samples,depth,survival_backward,0.9407407407407408
W027,all,adjacent_samples,depth,survival_forward,0.5079365079365079
W027,all,adjacent_samples,normal,class_switch_rate,0.0
W027,all,adjacent_samples,normal,fragmentation_ge2,0.0
W027,all,adjacent_samples,normal,fragmentation_mean,1.0
W027,all,adjacent_samples,normal,gt_tracks_matched,23.0
W027,all,adjacent_samples,normal,id_switch_rate,0.18181818181818182
W027,all,adjacent_samples,normal,matched_pairs,44.0
W027,all,adjacent_samples,normal,reappear_events_judged,0.0
W027,all,adjacent_samples,normal,reappear_same_class,
W027,all,adjacent_samples,normal,reappear_same_gt,
W027,all,adjacent_samples,normal,reappearance_rate,0.25
W027,all,adjacent_samples,normal,seeded_regions,8.0
W027,all,adjacent_samples,normal,survival_backward,0.875
W027,all,adjacent_samples,normal,survival_forward,0.5
W027,all,adjacent_samples,rgb,class_switch_rate,0.0
W027,all,adjacent_samples,rgb,fragmentation_ge2,0.058823529411764705
W027,all,adjacent_samples,rgb,fragmentation_mean,1.0588235294117647
W027,all,adjacent_samples,rgb,gt_tracks_matched,34.0
W027,all,adjacent_samples,rgb,id_switch_rate,0.11764705882352941
W027,all,adjacent_samples,rgb,matched_pairs,102.0
W027,all,adjacent_samples,rgb,reappear_events_judged,0.0
W027,all,adjacent_samples,rgb,reappear_same_class,
W027,all,adjacent_samples,rgb,reappear_same_gt,
W027,all,adjacent_samples,rgb,reappearance_rate,0.23076923076923078
W027,all,adjacent_samples,rgb,seeded_regions,13.0
W027,all,adjacent_samples,rgb,survival_backward,0.8974358974358974
W027,all,adjacent_samples,rgb,survival_forward,0.5384615384615384
W027,all,consecutive_annotated,depth,class_switch_rate,0.011235955056179775
W027,all,consecutive_annotated,depth,fragmentation_ge2,0.08695652173913043
W027,all,consecutive_annotated,depth,fragmentation_mean,1.0869565217391304
W027,all,consecutive_annotated,depth,gt_tracks_matched,23.0
W027,all,consecutive_annotated,depth,id_switch_rate,0.16853932584269662
W027,all,consecutive_annotated,depth,matched_pairs,89.0
W027,all,consecutive_annotated,depth,reappear_events_judged,0.0
W027,all,consecutive_annotated,depth,reappear_same_class,
W027,all,consecutive_annotated,depth,reappear_same_gt,
W027,all,consecutive_annotated,depth,reappearance_rate,0.1111111111111111
W027,all,consecutive_annotated,depth,seeded_regions,9.0
W027,all,consecutive_annotated,depth,survival_backward,0.9407407407407408
W027,all,consecutive_annotated,depth,survival_forward,0.5079365079365079
W027,all,consecutive_annotated,normal,class_switch_rate,0.0
W027,all,consecutive_annotated,normal,fragmentation_ge2,0.0
W027,all,consecutive_annotated,normal,fragmentation_mean,1.0
W027,all,consecutive_annotated,normal,gt_tracks_matched,18.0
W027,all,consecutive_annotated,normal,id_switch_rate,0.1836734693877551
W027,all,consecutive_annotated,normal,matched_pairs,49.0
W027,all,consecutive_annotated,normal,reappear_events_judged,0.0
W027,all,consecutive_annotated,normal,reappear_same_class,
W027,all,consecutive_annotated,normal,reappear_same_gt,
W027,all,consecutive_annotated,normal,reappearance_rate,0.25
W027,all,consecutive_annotated,normal,seeded_regions,8.0
W027,all,consecutive_annotated,normal,survival_backward,0.875
W027,all,consecutive_annotated,normal,survival_forward,0.5
W027,all,consecutive_annotated,rgb,class_switch_rate,0.0
W027,all,consecutive_annotated,rgb,fragmentation_ge2,0.125
W027,all,consecutive_annotated,rgb,fragmentation_mean,1.125
W027,all,consecutive_annotated,rgb,gt_tracks_matched,24.0
W027,all,consecutive_annotated,rgb,id_switch_rate,0.14782608695652175
W027,all,consecutive_annotated,rgb,matched_pairs,115.0
W027,all,consecutive_annotated,rgb,reappear_events_judged,0.0
W027,all,consecutive_annotated,rgb,reappear_same_class,
W027,all,consecutive_annotated,rgb,reappear_same_gt,
W027,all,consecutive_annotated,rgb,reappearance_rate,0.23076923076923078
W027,all,consecutive_annotated,rgb,seeded_regions,13.0
W027,all,consecutive_annotated,rgb,survival_backward,0.8974358974358974
W027,all,consecutive_annotated,rgb,survival_forward,0.5384615384615384
W027,frames_in_order,adjacent_samples,depth,class_switch_rate,0.012658227848101266
W027,frames_in_order,adjacent_samples,depth,fragmentation_ge2,0.06666666666666667
W027,frames_in_order,adjacent_samples,depth,fragmentation_mean,1.0666666666666667
W027,frames_in_order,adjacent_samples,depth,gt_tracks_matched,30.0
W027,frames_in_order,adjacent_samples,depth,id_switch_rate,0.13924050632911392
W027,frames_in_order,adjacent_samples,depth,matched_pairs,79.0
W027,frames_in_order,adjacent_samples,depth,reappear_events_judged,0.0
W027,frames_in_order,adjacent_samples,depth,reappear_same_class,
W027,frames_in_order,adjacent_samples,depth,reappear_same_gt,
W027,frames_in_order,adjacent_samples,depth,reappearance_rate,0.1111111111111111
W027,frames_in_order,adjacent_samples,depth,seeded_regions,9.0
W027,frames_in_order,adjacent_samples,depth,survival_backward,0.9407407407407408
W027,frames_in_order,adjacent_samples,depth,survival_forward,0.5079365079365079
W027,frames_in_order,adjacent_samples,normal,class_switch_rate,0.0
W027,frames_in_order,adjacent_samples,normal,fragmentation_ge2,0.0
W027,frames_in_order,adjacent_samples,normal,fragmentation_mean,1.0
W027,frames_in_order,adjacent_samples,normal,gt_tracks_matched,23.0
W027,frames_in_order,adjacent_samples,normal,id_switch_rate,0.18181818181818182
W027,frames_in_order,adjacent_samples,normal,matched_pairs,44.0
W027,frames_in_order,adjacent_samples,normal,reappear_events_judged,0.0
W027,frames_in_order,adjacent_samples,normal,reappear_same_class,
W027,frames_in_order,adjacent_samples,normal,reappear_same_gt,
W027,frames_in_order,adjacent_samples,normal,reappearance_rate,0.25
W027,frames_in_order,adjacent_samples,normal,seeded_regions,8.0
W027,frames_in_order,adjacent_samples,normal,survival_backward,0.875
W027,frames_in_order,adjacent_samples,normal,survival_forward,0.5
W027,frames_in_order,adjacent_samples,rgb,class_switch_rate,0.0
W027,frames_in_order,adjacent_samples,rgb,fragmentation_ge2,0.058823529411764705
W027,frames_in_order,adjacent_samples,rgb,fragmentation_mean,1.0588235294117647
W027,frames_in_order,adjacent_samples,rgb,gt_tracks_matched,34.0
W027,frames_in_order,adjacent_samples,rgb,id_switch_rate,0.11764705882352941
W027,frames_in_order,adjacent_samples,rgb,matched_pairs,102.0
W027,frames_in_order,adjacent_samples,rgb,reappear_events_judged,0.0
W027,frames_in_order,adjacent_samples,rgb,reappear_same_class,
W027,frames_in_order,adjacent_samples,rgb,reappear_same_gt,
W027,frames_in_order,adjacent_samples,rgb,reappearance_rate,0.23076923076923078
W027,frames_in_order,adjacent_samples,rgb,seeded_regions,13.0
W027,frames_in_order,adjacent_samples,rgb,survival_backward,0.8974358974358974
W027,frames_in_order,adjacent_samples,rgb,survival_forward,0.5384615384615384
W027,frames_in_order,consecutive_annotated,depth,class_switch_rate,0.011235955056179775
W027,frames_in_order,consecutive_annotated,depth,fragmentation_ge2,0.08695652173913043
W027,frames_in_order,consecutive_annotated,depth,fragmentation_mean,1.0869565217391304
W027,frames_in_order,consecutive_annotated,depth,gt_tracks_matched,23.0
W027,frames_in_order,consecutive_annotated,depth,id_switch_rate,0.16853932584269662
W027,frames_in_order,consecutive_annotated,depth,matched_pairs,89.0
W027,frames_in_order,consecutive_annotated,depth,reappear_events_judged,0.0
W027,frames_in_order,consecutive_annotated,depth,reappear_same_class,
W027,frames_in_order,consecutive_annotated,depth,reappear_same_gt,
W027,frames_in_order,consecutive_annotated,depth,reappearance_rate,0.1111111111111111
W027,frames_in_order,consecutive_annotated,depth,seeded_regions,9.0
W027,frames_in_order,consecutive_annotated,depth,survival_backward,0.9407407407407408
W027,frames_in_order,consecutive_annotated,depth,survival_forward,0.5079365079365079
W027,frames_in_order,consecutive_annotated,normal,class_switch_rate,0.0
W027,frames_in_order,consecutive_annotated,normal,fragmentation_ge2,0.0
W027,frames_in_order,consecutive_annotated,normal,fragmentation_mean,1.0
W027,frames_in_order,consecutive_annotated,normal,gt_tracks_matched,18.0
W027,frames_in_order,consecutive_annotated,normal,id_switch_rate,0.1836734693877551
W027,frames_in_order,consecutive_annotated,normal,matched_pairs,49.0
W027,frames_in_order,consecutive_annotated,normal,reappear_events_judged,0.0
W027,frames_in_order,consecutive_annotated,normal,reappear_same_class,
W027,frames_in_order,consecutive_annotated,normal,reappear_same_gt,
W027,frames_in_order,consecutive_annotated,normal,reappearance_rate,0.25
W027,frames_in_order,consecutive_annotated,normal,seeded_regions,8.0
W027,frames_in_order,consecutive_annotated,normal,survival_backward,0.875
W027,frames_in_order,consecutive_annotated,normal,survival_forward,0.5
W027,frames_in_order,consecutive_annotated,rgb,class_switch_rate,0.0
W027,frames_in_order,consecutive_annotated,rgb,fragmentation_ge2,0.125
W027,frames_in_order,consecutive_annotated,rgb,fragmentation_mean,1.125
W027,frames_in_order,consecutive_annotated,rgb,gt_tracks_matched,24.0
W027,frames_in_order,consecutive_annotated,rgb,id_switch_rate,0.14782608695652175
W027,frames_in_order,consecutive_annotated,rgb,matched_pairs,115.0
W027,frames_in_order,consecutive_annotated,rgb,reappear_events_judged,0.0
W027,frames_in_order,consecutive_annotated,rgb,reappear_same_class,
W027,frames_in_order,consecutive_annotated,rgb,reappear_same_gt,
W027,frames_in_order,consecutive_annotated,rgb,reappearance_rate,0.23076923076923078
W027,frames_in_order,consecutive_annotated,rgb,seeded_regions,13.0
W027,frames_in_order,consecutive_annotated,rgb,survival_backward,0.8974358974358974
W027,frames_in_order,consecutive_annotated,rgb,survival_forward,0.5384615384615384
W028,all,adjacent_samples,depth,class_switch_rate,0.0
W028,all,adjacent_samples,depth,fragmentation_ge2,0.0
W028,all,adjacent_samples,depth,fragmentation_mean,1.0
W028,all,adjacent_samples,depth,gt_tracks_matched,2.0
W028,all,adjacent_samples,depth,id_switch_rate,0.0
W028,all,adjacent_samples,depth,matched_pairs,6.0
W028,all,adjacent_samples,depth,reappear_events_judged,0.0
W028,all,adjacent_samples,depth,reappear_same_class,
W028,all,adjacent_samples,depth,reappear_same_gt,
W028,all,adjacent_samples,depth,reappearance_rate,0.0
W028,all,adjacent_samples,depth,seeded_regions,1.0
W028,all,adjacent_samples,depth,survival_backward,1.0
W028,all,adjacent_samples,depth,survival_forward,1.0
W028,all,adjacent_samples,normal,class_switch_rate,0.0
W028,all,adjacent_samples,normal,fragmentation_ge2,0.0
W028,all,adjacent_samples,normal,fragmentation_mean,1.0
W028,all,adjacent_samples,normal,gt_tracks_matched,7.0
W028,all,adjacent_samples,normal,id_switch_rate,0.041666666666666664
W028,all,adjacent_samples,normal,matched_pairs,24.0
W028,all,adjacent_samples,normal,reappear_events_judged,0.0
W028,all,adjacent_samples,normal,reappear_same_class,
W028,all,adjacent_samples,normal,reappear_same_gt,
W028,all,adjacent_samples,normal,reappearance_rate,0.25
W028,all,adjacent_samples,normal,seeded_regions,4.0
W028,all,adjacent_samples,normal,survival_backward,0.9333333333333333
W028,all,adjacent_samples,normal,survival_forward,1.0
W028,all,adjacent_samples,rgb,class_switch_rate,0.0
W028,all,adjacent_samples,rgb,fragmentation_ge2,0.0
W028,all,adjacent_samples,rgb,fragmentation_mean,1.0
W028,all,adjacent_samples,rgb,gt_tracks_matched,10.0
W028,all,adjacent_samples,rgb,id_switch_rate,0.0
W028,all,adjacent_samples,rgb,matched_pairs,32.0
W028,all,adjacent_samples,rgb,reappear_events_judged,0.0
W028,all,adjacent_samples,rgb,reappear_same_class,
W028,all,adjacent_samples,rgb,reappear_same_gt,
W028,all,adjacent_samples,rgb,reappearance_rate,0.15789473684210525
W028,all,adjacent_samples,rgb,seeded_regions,19.0
W028,all,adjacent_samples,rgb,survival_backward,0.3543859649122807
W028,all,adjacent_samples,rgb,survival_forward,0.9473684210526315
W028,all,consecutive_annotated,depth,class_switch_rate,0.0
W028,all,consecutive_annotated,depth,fragmentation_ge2,0.0
W028,all,consecutive_annotated,depth,fragmentation_mean,1.0
W028,all,consecutive_annotated,depth,gt_tracks_matched,2.0
W028,all,consecutive_annotated,depth,id_switch_rate,0.0
W028,all,consecutive_annotated,depth,matched_pairs,6.0
W028,all,consecutive_annotated,depth,reappear_events_judged,0.0
W028,all,consecutive_annotated,depth,reappear_same_class,
W028,all,consecutive_annotated,depth,reappear_same_gt,
W028,all,consecutive_annotated,depth,reappearance_rate,0.0
W028,all,consecutive_annotated,depth,seeded_regions,1.0
W028,all,consecutive_annotated,depth,survival_backward,1.0
W028,all,consecutive_annotated,depth,survival_forward,1.0
W028,all,consecutive_annotated,normal,class_switch_rate,0.0
W028,all,consecutive_annotated,normal,fragmentation_ge2,0.0
W028,all,consecutive_annotated,normal,fragmentation_mean,1.0
W028,all,consecutive_annotated,normal,gt_tracks_matched,4.0
W028,all,consecutive_annotated,normal,id_switch_rate,0.037037037037037035
W028,all,consecutive_annotated,normal,matched_pairs,27.0
W028,all,consecutive_annotated,normal,reappear_events_judged,0.0
W028,all,consecutive_annotated,normal,reappear_same_class,
W028,all,consecutive_annotated,normal,reappear_same_gt,
W028,all,consecutive_annotated,normal,reappearance_rate,0.25
W028,all,consecutive_annotated,normal,seeded_regions,4.0
W028,all,consecutive_annotated,normal,survival_backward,0.9333333333333333
W028,all,consecutive_annotated,normal,survival_forward,1.0
W028,all,consecutive_annotated,rgb,class_switch_rate,0.0
W028,all,consecutive_annotated,rgb,fragmentation_ge2,0.0
W028,all,consecutive_annotated,rgb,fragmentation_mean,1.0
W028,all,consecutive_annotated,rgb,gt_tracks_matched,8.0
W028,all,consecutive_annotated,rgb,id_switch_rate,0.05714285714285714
W028,all,consecutive_annotated,rgb,matched_pairs,35.0
W028,all,consecutive_annotated,rgb,reappear_events_judged,0.0
W028,all,consecutive_annotated,rgb,reappear_same_class,
W028,all,consecutive_annotated,rgb,reappear_same_gt,
W028,all,consecutive_annotated,rgb,reappearance_rate,0.15789473684210525
W028,all,consecutive_annotated,rgb,seeded_regions,19.0
W028,all,consecutive_annotated,rgb,survival_backward,0.3543859649122807
W028,all,consecutive_annotated,rgb,survival_forward,0.9473684210526315
W028,frames_in_order,adjacent_samples,depth,class_switch_rate,0.0
W028,frames_in_order,adjacent_samples,depth,fragmentation_ge2,0.0
W028,frames_in_order,adjacent_samples,depth,fragmentation_mean,1.0
W028,frames_in_order,adjacent_samples,depth,gt_tracks_matched,2.0
W028,frames_in_order,adjacent_samples,depth,id_switch_rate,0.0
W028,frames_in_order,adjacent_samples,depth,matched_pairs,6.0
W028,frames_in_order,adjacent_samples,depth,reappear_events_judged,0.0
W028,frames_in_order,adjacent_samples,depth,reappear_same_class,
W028,frames_in_order,adjacent_samples,depth,reappear_same_gt,
W028,frames_in_order,adjacent_samples,depth,reappearance_rate,0.0
W028,frames_in_order,adjacent_samples,depth,seeded_regions,1.0
W028,frames_in_order,adjacent_samples,depth,survival_backward,1.0
W028,frames_in_order,adjacent_samples,depth,survival_forward,1.0
W028,frames_in_order,adjacent_samples,normal,class_switch_rate,0.0
W028,frames_in_order,adjacent_samples,normal,fragmentation_ge2,0.0
W028,frames_in_order,adjacent_samples,normal,fragmentation_mean,1.0
W028,frames_in_order,adjacent_samples,normal,gt_tracks_matched,7.0
W028,frames_in_order,adjacent_samples,normal,id_switch_rate,0.041666666666666664
W028,frames_in_order,adjacent_samples,normal,matched_pairs,24.0
W028,frames_in_order,adjacent_samples,normal,reappear_events_judged,0.0
W028,frames_in_order,adjacent_samples,normal,reappear_same_class,
W028,frames_in_order,adjacent_samples,normal,reappear_same_gt,
W028,frames_in_order,adjacent_samples,normal,reappearance_rate,0.25
W028,frames_in_order,adjacent_samples,normal,seeded_regions,4.0
W028,frames_in_order,adjacent_samples,normal,survival_backward,0.9333333333333333
W028,frames_in_order,adjacent_samples,normal,survival_forward,1.0
W028,frames_in_order,adjacent_samples,rgb,class_switch_rate,0.0
W028,frames_in_order,adjacent_samples,rgb,fragmentation_ge2,0.0
W028,frames_in_order,adjacent_samples,rgb,fragmentation_mean,1.0
W028,frames_in_order,adjacent_samples,rgb,gt_tracks_matched,10.0
W028,frames_in_order,adjacent_samples,rgb,id_switch_rate,0.0
W028,frames_in_order,adjacent_samples,rgb,matched_pairs,32.0
W028,frames_in_order,adjacent_samples,rgb,reappear_events_judged,0.0
W028,frames_in_order,adjacent_samples,rgb,reappear_same_class,
W028,frames_in_order,adjacent_samples,rgb,reappear_same_gt,
W028,frames_in_order,adjacent_samples,rgb,reappearance_rate,0.15789473684210525
W028,frames_in_order,adjacent_samples,rgb,seeded_regions,19.0
W028,frames_in_order,adjacent_samples,rgb,survival_backward,0.3543859649122807
W028,frames_in_order,adjacent_samples,rgb,survival_forward,0.9473684210526315
W028,frames_in_order,consecutive_annotated,depth,class_switch_rate,0.0
W028,frames_in_order,consecutive_annotated,depth,fragmentation_ge2,0.0
W028,frames_in_order,consecutive_annotated,depth,fragmentation_mean,1.0
W028,frames_in_order,consecutive_annotated,depth,gt_tracks_matched,2.0
W028,frames_in_order,consecutive_annotated,depth,id_switch_rate,0.0
W028,frames_in_order,consecutive_annotated,depth,matched_pairs,6.0
W028,frames_in_order,consecutive_annotated,depth,reappear_events_judged,0.0
W028,frames_in_order,consecutive_annotated,depth,reappear_same_class,
W028,frames_in_order,consecutive_annotated,depth,reappear_same_gt,
W028,frames_in_order,consecutive_annotated,depth,reappearance_rate,0.0
W028,frames_in_order,consecutive_annotated,depth,seeded_regions,1.0
W028,frames_in_order,consecutive_annotated,depth,survival_backward,1.0
W028,frames_in_order,consecutive_annotated,depth,survival_forward,1.0
W028,frames_in_order,consecutive_annotated,normal,class_switch_rate,0.0
W028,frames_in_order,consecutive_annotated,normal,fragmentation_ge2,0.0
W028,frames_in_order,consecutive_annotated,normal,fragmentation_mean,1.0
W028,frames_in_order,consecutive_annotated,normal,gt_tracks_matched,4.0
W028,frames_in_order,consecutive_annotated,normal,id_switch_rate,0.037037037037037035
W028,frames_in_order,consecutive_annotated,normal,matched_pairs,27.0
W028,frames_in_order,consecutive_annotated,normal,reappear_events_judged,0.0
W028,frames_in_order,consecutive_annotated,normal,reappear_same_class,
W028,frames_in_order,consecutive_annotated,normal,reappear_same_gt,
W028,frames_in_order,consecutive_annotated,normal,reappearance_rate,0.25
W028,frames_in_order,consecutive_annotated,normal,seeded_regions,4.0
W028,frames_in_order,consecutive_annotated,normal,survival_backward,0.9333333333333333
W028,frames_in_order,consecutive_annotated,normal,survival_forward,1.0
W028,frames_in_order,consecutive_annotated,rgb,class_switch_rate,0.0
W028,frames_in_order,consecutive_annotated,rgb,fragmentation_ge2,0.0
W028,frames_in_order,consecutive_annotated,rgb,fragmentation_mean,1.0
W028,frames_in_order,consecutive_annotated,rgb,gt_tracks_matched,8.0
W028,frames_in_order,consecutive_annotated,rgb,id_switch_rate,0.05714285714285714
W028,frames_in_order,consecutive_annotated,rgb,matched_pairs,35.0
W028,frames_in_order,consecutive_annotated,rgb,reappear_events_judged,0.0
W028,frames_in_order,consecutive_annotated,rgb,reappear_same_class,
W028,frames_in_order,consecutive_annotated,rgb,reappear_same_gt,
W028,frames_in_order,consecutive_annotated,rgb,reappearance_rate,0.15789473684210525
W028,frames_in_order,consecutive_annotated,rgb,seeded_regions,19.0
W028,frames_in_order,consecutive_annotated,rgb,survival_backward,0.3543859649122807
W028,frames_in_order,consecutive_annotated,rgb,survival_forward,0.9473684210526315
W029,all,adjacent_samples,depth,class_switch_rate,0.0
W029,all,adjacent_samples,depth,fragmentation_ge2,0.0
W029,all,adjacent_samples,depth,fragmentation_mean,1.0
W029,all,adjacent_samples,depth,gt_tracks_matched,14.0
W029,all,adjacent_samples,depth,id_switch_rate,0.0
W029,all,adjacent_samples,depth,matched_pairs,46.0
W029,all,adjacent_samples,depth,reappear_events_judged,0.0
W029,all,adjacent_samples,depth,reappear_same_class,
W029,all,adjacent_samples,depth,reappear_same_gt,
W029,all,adjacent_samples,depth,reappearance_rate,0.0
W029,all,adjacent_samples,depth,seeded_regions,8.0
W029,all,adjacent_samples,depth,survival_backward,0.925
W029,all,adjacent_samples,depth,survival_forward,0.9553571428571428
W029,all,adjacent_samples,normal,class_switch_rate,0.0
W029,all,adjacent_samples,normal,fragmentation_ge2,0.0
W029,all,adjacent_samples,normal,fragmentation_mean,1.0
W029,all,adjacent_samples,normal,gt_tracks_matched,15.0
W029,all,adjacent_samples,normal,id_switch_rate,0.0
W029,all,adjacent_samples,normal,matched_pairs,36.0
W029,all,adjacent_samples,normal,reappear_events_judged,0.0
W029,all,adjacent_samples,normal,reappear_same_class,
W029,all,adjacent_samples,normal,reappear_same_gt,
W029,all,adjacent_samples,normal,reappearance_rate,0.0
W029,all,adjacent_samples,normal,seeded_regions,13.0
W029,all,adjacent_samples,normal,survival_backward,0.958974358974359
W029,all,adjacent_samples,normal,survival_forward,0.9230769230769231
W029,all,adjacent_samples,rgb,class_switch_rate,0.0
W029,all,adjacent_samples,rgb,fragmentation_ge2,0.047619047619047616
W029,all,adjacent_samples,rgb,fragmentation_mean,1.0476190476190477
W029,all,adjacent_samples,rgb,gt_tracks_matched,21.0
W029,all,adjacent_samples,rgb,id_switch_rate,0.0
W029,all,adjacent_samples,rgb,matched_pairs,59.0
W029,all,adjacent_samples,rgb,reappear_events_judged,0.0
W029,all,adjacent_samples,rgb,reappear_same_class,
W029,all,adjacent_samples,rgb,reappear_same_gt,
W029,all,adjacent_samples,rgb,reappearance_rate,0.3157894736842105
W029,all,adjacent_samples,rgb,seeded_regions,19.0
W029,all,adjacent_samples,rgb,survival_backward,0.9228070175438595
W029,all,adjacent_samples,rgb,survival_forward,0.887218045112782
W029,all,consecutive_annotated,depth,class_switch_rate,0.0
W029,all,consecutive_annotated,depth,fragmentation_ge2,0.0
W029,all,consecutive_annotated,depth,fragmentation_mean,1.0
W029,all,consecutive_annotated,depth,gt_tracks_matched,7.0
W029,all,consecutive_annotated,depth,id_switch_rate,0.0
W029,all,consecutive_annotated,depth,matched_pairs,52.0
W029,all,consecutive_annotated,depth,reappear_events_judged,0.0
W029,all,consecutive_annotated,depth,reappear_same_class,
W029,all,consecutive_annotated,depth,reappear_same_gt,
W029,all,consecutive_annotated,depth,reappearance_rate,0.0
W029,all,consecutive_annotated,depth,seeded_regions,8.0
W029,all,consecutive_annotated,depth,survival_backward,0.925
W029,all,consecutive_annotated,depth,survival_forward,0.9553571428571428
W029,all,consecutive_annotated,normal,class_switch_rate,0.0
W029,all,consecutive_annotated,normal,fragmentation_ge2,0.0
W029,all,consecutive_annotated,normal,fragmentation_mean,1.0
W029,all,consecutive_annotated,normal,gt_tracks_matched,11.0
W029,all,consecutive_annotated,normal,id_switch_rate,0.025
W029,all,consecutive_annotated,normal,matched_pairs,40.0
W029,all,consecutive_annotated,normal,reappear_events_judged,0.0
W029,all,consecutive_annotated,normal,reappear_same_class,
W029,all,consecutive_annotated,normal,reappear_same_gt,
W029,all,consecutive_annotated,normal,reappearance_rate,0.0
W029,all,consecutive_annotated,normal,seeded_regions,13.0
W029,all,consecutive_annotated,normal,survival_backward,0.958974358974359
W029,all,consecutive_annotated,normal,survival_forward,0.9230769230769231
W029,all,consecutive_annotated,rgb,class_switch_rate,0.0
W029,all,consecutive_annotated,rgb,fragmentation_ge2,0.07142857142857142
W029,all,consecutive_annotated,rgb,fragmentation_mean,1.0714285714285714
W029,all,consecutive_annotated,rgb,gt_tracks_matched,14.0
W029,all,consecutive_annotated,rgb,id_switch_rate,0.015151515151515152
W029,all,consecutive_annotated,rgb,matched_pairs,66.0
W029,all,consecutive_annotated,rgb,reappear_events_judged,0.0
W029,all,consecutive_annotated,rgb,reappear_same_class,
W029,all,consecutive_annotated,rgb,reappear_same_gt,
W029,all,consecutive_annotated,rgb,reappearance_rate,0.3157894736842105
W029,all,consecutive_annotated,rgb,seeded_regions,19.0
W029,all,consecutive_annotated,rgb,survival_backward,0.9228070175438595
W029,all,consecutive_annotated,rgb,survival_forward,0.887218045112782
W029,frames_in_order,adjacent_samples,depth,class_switch_rate,0.0
W029,frames_in_order,adjacent_samples,depth,fragmentation_ge2,0.0
W029,frames_in_order,adjacent_samples,depth,fragmentation_mean,1.0
W029,frames_in_order,adjacent_samples,depth,gt_tracks_matched,14.0
W029,frames_in_order,adjacent_samples,depth,id_switch_rate,0.0
W029,frames_in_order,adjacent_samples,depth,matched_pairs,46.0
W029,frames_in_order,adjacent_samples,depth,reappear_events_judged,0.0
W029,frames_in_order,adjacent_samples,depth,reappear_same_class,
W029,frames_in_order,adjacent_samples,depth,reappear_same_gt,
W029,frames_in_order,adjacent_samples,depth,reappearance_rate,0.0
W029,frames_in_order,adjacent_samples,depth,seeded_regions,8.0
W029,frames_in_order,adjacent_samples,depth,survival_backward,0.925
W029,frames_in_order,adjacent_samples,depth,survival_forward,0.9553571428571428
W029,frames_in_order,adjacent_samples,normal,class_switch_rate,0.0
W029,frames_in_order,adjacent_samples,normal,fragmentation_ge2,0.0
W029,frames_in_order,adjacent_samples,normal,fragmentation_mean,1.0
W029,frames_in_order,adjacent_samples,normal,gt_tracks_matched,15.0
W029,frames_in_order,adjacent_samples,normal,id_switch_rate,0.0
W029,frames_in_order,adjacent_samples,normal,matched_pairs,36.0
W029,frames_in_order,adjacent_samples,normal,reappear_events_judged,0.0
W029,frames_in_order,adjacent_samples,normal,reappear_same_class,
W029,frames_in_order,adjacent_samples,normal,reappear_same_gt,
W029,frames_in_order,adjacent_samples,normal,reappearance_rate,0.0
W029,frames_in_order,adjacent_samples,normal,seeded_regions,13.0
W029,frames_in_order,adjacent_samples,normal,survival_backward,0.958974358974359
W029,frames_in_order,adjacent_samples,normal,survival_forward,0.9230769230769231
W029,frames_in_order,adjacent_samples,rgb,class_switch_rate,0.0
W029,frames_in_order,adjacent_samples,rgb,fragmentation_ge2,0.047619047619047616
W029,frames_in_order,adjacent_samples,rgb,fragmentation_mean,1.0476190476190477
W029,frames_in_order,adjacent_samples,rgb,gt_tracks_matched,21.0
W029,frames_in_order,adjacent_samples,rgb,id_switch_rate,0.0
W029,frames_in_order,adjacent_samples,rgb,matched_pairs,59.0
W029,frames_in_order,adjacent_samples,rgb,reappear_events_judged,0.0
W029,frames_in_order,adjacent_samples,rgb,reappear_same_class,
W029,frames_in_order,adjacent_samples,rgb,reappear_same_gt,
W029,frames_in_order,adjacent_samples,rgb,reappearance_rate,0.3157894736842105
W029,frames_in_order,adjacent_samples,rgb,seeded_regions,19.0
W029,frames_in_order,adjacent_samples,rgb,survival_backward,0.9228070175438595
W029,frames_in_order,adjacent_samples,rgb,survival_forward,0.887218045112782
W029,frames_in_order,consecutive_annotated,depth,class_switch_rate,0.0
W029,frames_in_order,consecutive_annotated,depth,fragmentation_ge2,0.0
W029,frames_in_order,consecutive_annotated,depth,fragmentation_mean,1.0
W029,frames_in_order,consecutive_annotated,depth,gt_tracks_matched,7.0
W029,frames_in_order,consecutive_annotated,depth,id_switch_rate,0.0
W029,frames_in_order,consecutive_annotated,depth,matched_pairs,52.0
W029,frames_in_order,consecutive_annotated,depth,reappear_events_judged,0.0
W029,frames_in_order,consecutive_annotated,depth,reappear_same_class,
W029,frames_in_order,consecutive_annotated,depth,reappear_same_gt,
W029,frames_in_order,consecutive_annotated,depth,reappearance_rate,0.0
W029,frames_in_order,consecutive_annotated,depth,seeded_regions,8.0
W029,frames_in_order,consecutive_annotated,depth,survival_backward,0.925
W029,frames_in_order,consecutive_annotated,depth,survival_forward,0.9553571428571428
W029,frames_in_order,consecutive_annotated,normal,class_switch_rate,0.0
W029,frames_in_order,consecutive_annotated,normal,fragmentation_ge2,0.0
W029,frames_in_order,consecutive_annotated,normal,fragmentation_mean,1.0
W029,frames_in_order,consecutive_annotated,normal,gt_tracks_matched,11.0
W029,frames_in_order,consecutive_annotated,normal,id_switch_rate,0.025
W029,frames_in_order,consecutive_annotated,normal,matched_pairs,40.0
W029,frames_in_order,consecutive_annotated,normal,reappear_events_judged,0.0
W029,frames_in_order,consecutive_annotated,normal,reappear_same_class,
W029,frames_in_order,consecutive_annotated,normal,reappear_same_gt,
W029,frames_in_order,consecutive_annotated,normal,reappearance_rate,0.0
W029,frames_in_order,consecutive_annotated,normal,seeded_regions,13.0
W029,frames_in_order,consecutive_annotated,normal,survival_backward,0.958974358974359
W029,frames_in_order,consecutive_annotated,normal,survival_forward,0.9230769230769231
W029,frames_in_order,consecutive_annotated,rgb,class_switch_rate,0.0
W029,frames_in_order,consecutive_annotated,rgb,fragmentation_ge2,0.07142857142857142
W029,frames_in_order,consecutive_annotated,rgb,fragmentation_mean,1.0714285714285714
W029,frames_in_order,consecutive_annotated,rgb,gt_tracks_matched,14.0
W029,frames_in_order,consecutive_annotated,rgb,id_switch_rate,0.015151515151515152
W029,frames_in_order,consecutive_annotated,rgb,matched_pairs,66.0
W029,frames_in_order,consecutive_annotated,rgb,reappear_events_judged,0.0
W029,frames_in_order,consecutive_annotated,rgb,reappear_same_class,
W029,frames_in_order,consecutive_annotated,rgb,reappear_same_gt,
W029,frames_in_order,consecutive_annotated,rgb,reappearance_rate,0.3157894736842105
W029,frames_in_order,consecutive_annotated,rgb,seeded_regions,19.0
W029,frames_in_order,consecutive_annotated,rgb,survival_backward,0.9228070175438595
W029,frames_in_order,consecutive_annotated,rgb,survival_forward,0.887218045112782
W030,all,adjacent_samples,depth,class_switch_rate,0.0
W030,all,adjacent_samples,depth,fragmentation_ge2,0.0
W030,all,adjacent_samples,depth,fragmentation_mean,1.0
W030,all,adjacent_samples,depth,gt_tracks_matched,12.0
W030,all,adjacent_samples,depth,id_switch_rate,0.0
W030,all,adjacent_samples,depth,matched_pairs,53.0
W030,all,adjacent_samples,depth,reappear_events_judged,0.0
W030,all,adjacent_samples,depth,reappear_same_class,
W030,all,adjacent_samples,depth,reappear_same_gt,
W030,all,adjacent_samples,depth,reappearance_rate,0.0
W030,all,adjacent_samples,depth,seeded_regions,6.0
W030,all,adjacent_samples,depth,survival_backward,1.0
W030,all,adjacent_samples,depth,survival_forward,1.0
W030,all,adjacent_samples,normal,class_switch_rate,0.0
W030,all,adjacent_samples,normal,fragmentation_ge2,0.0
W030,all,adjacent_samples,normal,fragmentation_mean,1.0
W030,all,adjacent_samples,normal,gt_tracks_matched,16.0
W030,all,adjacent_samples,normal,id_switch_rate,0.0
W030,all,adjacent_samples,normal,matched_pairs,59.0
W030,all,adjacent_samples,normal,reappear_events_judged,0.0
W030,all,adjacent_samples,normal,reappear_same_class,
W030,all,adjacent_samples,normal,reappear_same_gt,
W030,all,adjacent_samples,normal,reappearance_rate,0.0
W030,all,adjacent_samples,normal,seeded_regions,10.0
W030,all,adjacent_samples,normal,survival_backward,1.0
W030,all,adjacent_samples,normal,survival_forward,1.0
W030,all,adjacent_samples,rgb,class_switch_rate,0.0
W030,all,adjacent_samples,rgb,fragmentation_ge2,0.0625
W030,all,adjacent_samples,rgb,fragmentation_mean,1.0625
W030,all,adjacent_samples,rgb,gt_tracks_matched,16.0
W030,all,adjacent_samples,rgb,id_switch_rate,0.01639344262295082
W030,all,adjacent_samples,rgb,matched_pairs,61.0
W030,all,adjacent_samples,rgb,reappear_events_judged,0.0
W030,all,adjacent_samples,rgb,reappear_same_class,
W030,all,adjacent_samples,rgb,reappear_same_gt,
W030,all,adjacent_samples,rgb,reappearance_rate,0.11764705882352941
W030,all,adjacent_samples,rgb,seeded_regions,17.0
W030,all,adjacent_samples,rgb,survival_backward,0.9921568627450981
W030,all,adjacent_samples,rgb,survival_forward,1.0
W030,all,consecutive_annotated,depth,class_switch_rate,0.0
W030,all,consecutive_annotated,depth,fragmentation_ge2,0.0
W030,all,consecutive_annotated,depth,fragmentation_mean,1.0
W030,all,consecutive_annotated,depth,gt_tracks_matched,6.0
W030,all,consecutive_annotated,depth,id_switch_rate,0.0
W030,all,consecutive_annotated,depth,matched_pairs,59.0
W030,all,consecutive_annotated,depth,reappear_events_judged,0.0
W030,all,consecutive_annotated,depth,reappear_same_class,
W030,all,consecutive_annotated,depth,reappear_same_gt,
W030,all,consecutive_annotated,depth,reappearance_rate,0.0
W030,all,consecutive_annotated,depth,seeded_regions,6.0
W030,all,consecutive_annotated,depth,survival_backward,1.0
W030,all,consecutive_annotated,depth,survival_forward,1.0
W030,all,consecutive_annotated,normal,class_switch_rate,0.0
W030,all,consecutive_annotated,normal,fragmentation_ge2,0.1
W030,all,consecutive_annotated,normal,fragmentation_mean,1.1
W030,all,consecutive_annotated,normal,gt_tracks_matched,10.0
W030,all,consecutive_annotated,normal,id_switch_rate,0.015384615384615385
W030,all,consecutive_annotated,normal,matched_pairs,65.0
W030,all,consecutive_annotated,normal,reappear_events_judged,0.0
W030,all,consecutive_annotated,normal,reappear_same_class,
W030,all,consecutive_annotated,normal,reappear_same_gt,
W030,all,consecutive_annotated,normal,reappearance_rate,0.0
W030,all,consecutive_annotated,normal,seeded_regions,10.0
W030,all,consecutive_annotated,normal,survival_backward,1.0
W030,all,consecutive_annotated,normal,survival_forward,1.0
W030,all,consecutive_annotated,rgb,class_switch_rate,0.0
W030,all,consecutive_annotated,rgb,fragmentation_ge2,0.2
W030,all,consecutive_annotated,rgb,fragmentation_mean,1.2
W030,all,consecutive_annotated,rgb,gt_tracks_matched,10.0
W030,all,consecutive_annotated,rgb,id_switch_rate,0.030303030303030304
W030,all,consecutive_annotated,rgb,matched_pairs,66.0
W030,all,consecutive_annotated,rgb,reappear_events_judged,0.0
W030,all,consecutive_annotated,rgb,reappear_same_class,
W030,all,consecutive_annotated,rgb,reappear_same_gt,
W030,all,consecutive_annotated,rgb,reappearance_rate,0.11764705882352941
W030,all,consecutive_annotated,rgb,seeded_regions,17.0
W030,all,consecutive_annotated,rgb,survival_backward,0.9921568627450981
W030,all,consecutive_annotated,rgb,survival_forward,1.0
W030,frames_in_order,adjacent_samples,depth,class_switch_rate,0.0
W030,frames_in_order,adjacent_samples,depth,fragmentation_ge2,0.0
W030,frames_in_order,adjacent_samples,depth,fragmentation_mean,1.0
W030,frames_in_order,adjacent_samples,depth,gt_tracks_matched,12.0
W030,frames_in_order,adjacent_samples,depth,id_switch_rate,0.0
W030,frames_in_order,adjacent_samples,depth,matched_pairs,53.0
W030,frames_in_order,adjacent_samples,depth,reappear_events_judged,0.0
W030,frames_in_order,adjacent_samples,depth,reappear_same_class,
W030,frames_in_order,adjacent_samples,depth,reappear_same_gt,
W030,frames_in_order,adjacent_samples,depth,reappearance_rate,0.0
W030,frames_in_order,adjacent_samples,depth,seeded_regions,6.0
W030,frames_in_order,adjacent_samples,depth,survival_backward,1.0
W030,frames_in_order,adjacent_samples,depth,survival_forward,1.0
W030,frames_in_order,adjacent_samples,normal,class_switch_rate,0.0
W030,frames_in_order,adjacent_samples,normal,fragmentation_ge2,0.0
W030,frames_in_order,adjacent_samples,normal,fragmentation_mean,1.0
W030,frames_in_order,adjacent_samples,normal,gt_tracks_matched,16.0
W030,frames_in_order,adjacent_samples,normal,id_switch_rate,0.0
W030,frames_in_order,adjacent_samples,normal,matched_pairs,59.0
W030,frames_in_order,adjacent_samples,normal,reappear_events_judged,0.0
W030,frames_in_order,adjacent_samples,normal,reappear_same_class,
W030,frames_in_order,adjacent_samples,normal,reappear_same_gt,
W030,frames_in_order,adjacent_samples,normal,reappearance_rate,0.0
W030,frames_in_order,adjacent_samples,normal,seeded_regions,10.0
W030,frames_in_order,adjacent_samples,normal,survival_backward,1.0
W030,frames_in_order,adjacent_samples,normal,survival_forward,1.0
W030,frames_in_order,adjacent_samples,rgb,class_switch_rate,0.0
W030,frames_in_order,adjacent_samples,rgb,fragmentation_ge2,0.0625
W030,frames_in_order,adjacent_samples,rgb,fragmentation_mean,1.0625
W030,frames_in_order,adjacent_samples,rgb,gt_tracks_matched,16.0
W030,frames_in_order,adjacent_samples,rgb,id_switch_rate,0.01639344262295082
W030,frames_in_order,adjacent_samples,rgb,matched_pairs,61.0
W030,frames_in_order,adjacent_samples,rgb,reappear_events_judged,0.0
W030,frames_in_order,adjacent_samples,rgb,reappear_same_class,
W030,frames_in_order,adjacent_samples,rgb,reappear_same_gt,
W030,frames_in_order,adjacent_samples,rgb,reappearance_rate,0.11764705882352941
W030,frames_in_order,adjacent_samples,rgb,seeded_regions,17.0
W030,frames_in_order,adjacent_samples,rgb,survival_backward,0.9921568627450981
W030,frames_in_order,adjacent_samples,rgb,survival_forward,1.0
W030,frames_in_order,consecutive_annotated,depth,class_switch_rate,0.0
W030,frames_in_order,consecutive_annotated,depth,fragmentation_ge2,0.0
W030,frames_in_order,consecutive_annotated,depth,fragmentation_mean,1.0
W030,frames_in_order,consecutive_annotated,depth,gt_tracks_matched,6.0
W030,frames_in_order,consecutive_annotated,depth,id_switch_rate,0.0
W030,frames_in_order,consecutive_annotated,depth,matched_pairs,59.0
W030,frames_in_order,consecutive_annotated,depth,reappear_events_judged,0.0
W030,frames_in_order,consecutive_annotated,depth,reappear_same_class,
W030,frames_in_order,consecutive_annotated,depth,reappear_same_gt,
W030,frames_in_order,consecutive_annotated,depth,reappearance_rate,0.0
W030,frames_in_order,consecutive_annotated,depth,seeded_regions,6.0
W030,frames_in_order,consecutive_annotated,depth,survival_backward,1.0
W030,frames_in_order,consecutive_annotated,depth,survival_forward,1.0
W030,frames_in_order,consecutive_annotated,normal,class_switch_rate,0.0
W030,frames_in_order,consecutive_annotated,normal,fragmentation_ge2,0.1
W030,frames_in_order,consecutive_annotated,normal,fragmentation_mean,1.1
W030,frames_in_order,consecutive_annotated,normal,gt_tracks_matched,10.0
W030,frames_in_order,consecutive_annotated,normal,id_switch_rate,0.015384615384615385
W030,frames_in_order,consecutive_annotated,normal,matched_pairs,65.0
W030,frames_in_order,consecutive_annotated,normal,reappear_events_judged,0.0
W030,frames_in_order,consecutive_annotated,normal,reappear_same_class,
W030,frames_in_order,consecutive_annotated,normal,reappear_same_gt,
W030,frames_in_order,consecutive_annotated,normal,reappearance_rate,0.0
W030,frames_in_order,consecutive_annotated,normal,seeded_regions,10.0
W030,frames_in_order,consecutive_annotated,normal,survival_backward,1.0
W030,frames_in_order,consecutive_annotated,normal,survival_forward,1.0
W030,frames_in_order,consecutive_annotated,rgb,class_switch_rate,0.0
W030,frames_in_order,consecutive_annotated,rgb,fragmentation_ge2,0.2
W030,frames_in_order,consecutive_annotated,rgb,fragmentation_mean,1.2
W030,frames_in_order,consecutive_annotated,rgb,gt_tracks_matched,10.0
W030,frames_in_order,consecutive_annotated,rgb,id_switch_rate,0.030303030303030304
W030,frames_in_order,consecutive_annotated,rgb,matched_pairs,66.0
W030,frames_in_order,consecutive_annotated,rgb,reappear_events_judged,0.0
W030,frames_in_order,consecutive_annotated,rgb,reappear_same_class,
W030,frames_in_order,consecutive_annotated,rgb,reappear_same_gt,
W030,frames_in_order,consecutive_annotated,rgb,reappearance_rate,0.11764705882352941
W030,frames_in_order,consecutive_annotated,rgb,seeded_regions,17.0
W030,frames_in_order,consecutive_annotated,rgb,survival_backward,0.9921568627450981
W030,frames_in_order,consecutive_annotated,rgb,survival_forward,1.0
W031,all,adjacent_samples,depth,class_switch_rate,0.0
W031,all,adjacent_samples,depth,fragmentation_ge2,0.0
W031,all,adjacent_samples,depth,fragmentation_mean,1.0
W031,all,adjacent_samples,depth,gt_tracks_matched,2.0
W031,all,adjacent_samples,depth,id_switch_rate,0.0
W031,all,adjacent_samples,depth,matched_pairs,19.0
W031,all,adjacent_samples,depth,reappear_events_judged,0.0
W031,all,adjacent_samples,depth,reappear_same_class,
W031,all,adjacent_samples,depth,reappear_same_gt,
W031,all,adjacent_samples,depth,reappearance_rate,0.0
W031,all,adjacent_samples,depth,seeded_regions,3.0
W031,all,adjacent_samples,depth,survival_backward,0.8222222222222223
W031,all,adjacent_samples,depth,survival_forward,1.0
W031,all,adjacent_samples,normal,class_switch_rate,0.0
W031,all,adjacent_samples,normal,fragmentation_ge2,0.0
W031,all,adjacent_samples,normal,fragmentation_mean,1.0
W031,all,adjacent_samples,normal,gt_tracks_matched,8.0
W031,all,adjacent_samples,normal,id_switch_rate,0.0
W031,all,adjacent_samples,normal,matched_pairs,75.0
W031,all,adjacent_samples,normal,reappear_events_judged,0.0
W031,all,adjacent_samples,normal,reappear_same_class,
W031,all,adjacent_samples,normal,reappear_same_gt,
W031,all,adjacent_samples,normal,reappearance_rate,0.0
W031,all,adjacent_samples,normal,seeded_regions,10.0
W031,all,adjacent_samples,normal,survival_backward,0.8933333333333333
W031,all,adjacent_samples,normal,survival_forward,1.0
W031,all,adjacent_samples,rgb,class_switch_rate,0.0
W031,all,adjacent_samples,rgb,fragmentation_ge2,0.0
W031,all,adjacent_samples,rgb,fragmentation_mean,1.0
W031,all,adjacent_samples,rgb,gt_tracks_matched,11.0
W031,all,adjacent_samples,rgb,id_switch_rate,0.011627906976744186
W031,all,adjacent_samples,rgb,matched_pairs,86.0
W031,all,adjacent_samples,rgb,reappear_events_judged,0.0
W031,all,adjacent_samples,rgb,reappear_same_class,
W031,all,adjacent_samples,rgb,reappear_same_gt,
W031,all,adjacent_samples,rgb,reappearance_rate,0.3076923076923077
W031,all,adjacent_samples,rgb,seeded_regions,13.0
W031,all,adjacent_samples,rgb,survival_backward,0.8717948717948717
W031,all,adjacent_samples,rgb,survival_forward,0.8956043956043955
W031,all,consecutive_annotated,depth,class_switch_rate,0.0
W031,all,consecutive_annotated,depth,fragmentation_ge2,0.0
W031,all,consecutive_annotated,depth,fragmentation_mean,1.0
W031,all,consecutive_annotated,depth,gt_tracks_matched,2.0
W031,all,consecutive_annotated,depth,id_switch_rate,0.0
W031,all,consecutive_annotated,depth,matched_pairs,19.0
W031,all,consecutive_annotated,depth,reappear_events_judged,0.0
W031,all,consecutive_annotated,depth,reappear_same_class,
W031,all,consecutive_annotated,depth,reappear_same_gt,
W031,all,consecutive_annotated,depth,reappearance_rate,0.0
W031,all,consecutive_annotated,depth,seeded_regions,3.0
W031,all,consecutive_annotated,depth,survival_backward,0.8222222222222223
W031,all,consecutive_annotated,depth,survival_forward,1.0
W031,all,consecutive_annotated,normal,class_switch_rate,0.0
W031,all,consecutive_annotated,normal,fragmentation_ge2,0.0
W031,all,consecutive_annotated,normal,fragmentation_mean,1.0
W031,all,consecutive_annotated,normal,gt_tracks_matched,8.0
W031,all,consecutive_annotated,normal,id_switch_rate,0.0
W031,all,consecutive_annotated,normal,matched_pairs,75.0
W031,all,consecutive_annotated,normal,reappear_events_judged,0.0
W031,all,consecutive_annotated,normal,reappear_same_class,
W031,all,consecutive_annotated,normal,reappear_same_gt,
W031,all,consecutive_annotated,normal,reappearance_rate,0.0
W031,all,consecutive_annotated,normal,seeded_regions,10.0
W031,all,consecutive_annotated,normal,survival_backward,0.8933333333333333
W031,all,consecutive_annotated,normal,survival_forward,1.0
W031,all,consecutive_annotated,rgb,class_switch_rate,0.0
W031,all,consecutive_annotated,rgb,fragmentation_ge2,0.0
W031,all,consecutive_annotated,rgb,fragmentation_mean,1.0
W031,all,consecutive_annotated,rgb,gt_tracks_matched,11.0
W031,all,consecutive_annotated,rgb,id_switch_rate,0.011627906976744186
W031,all,consecutive_annotated,rgb,matched_pairs,86.0
W031,all,consecutive_annotated,rgb,reappear_events_judged,0.0
W031,all,consecutive_annotated,rgb,reappear_same_class,
W031,all,consecutive_annotated,rgb,reappear_same_gt,
W031,all,consecutive_annotated,rgb,reappearance_rate,0.3076923076923077
W031,all,consecutive_annotated,rgb,seeded_regions,13.0
W031,all,consecutive_annotated,rgb,survival_backward,0.8717948717948717
W031,all,consecutive_annotated,rgb,survival_forward,0.8956043956043955
W031,frames_in_order,adjacent_samples,depth,class_switch_rate,0.0
W031,frames_in_order,adjacent_samples,depth,fragmentation_ge2,0.0
W031,frames_in_order,adjacent_samples,depth,fragmentation_mean,1.0
W031,frames_in_order,adjacent_samples,depth,gt_tracks_matched,2.0
W031,frames_in_order,adjacent_samples,depth,id_switch_rate,0.0
W031,frames_in_order,adjacent_samples,depth,matched_pairs,19.0
W031,frames_in_order,adjacent_samples,depth,reappear_events_judged,0.0
W031,frames_in_order,adjacent_samples,depth,reappear_same_class,
W031,frames_in_order,adjacent_samples,depth,reappear_same_gt,
W031,frames_in_order,adjacent_samples,depth,reappearance_rate,0.0
W031,frames_in_order,adjacent_samples,depth,seeded_regions,3.0
W031,frames_in_order,adjacent_samples,depth,survival_backward,0.8222222222222223
W031,frames_in_order,adjacent_samples,depth,survival_forward,1.0
W031,frames_in_order,adjacent_samples,normal,class_switch_rate,0.0
W031,frames_in_order,adjacent_samples,normal,fragmentation_ge2,0.0
W031,frames_in_order,adjacent_samples,normal,fragmentation_mean,1.0
W031,frames_in_order,adjacent_samples,normal,gt_tracks_matched,8.0
W031,frames_in_order,adjacent_samples,normal,id_switch_rate,0.0
W031,frames_in_order,adjacent_samples,normal,matched_pairs,75.0
W031,frames_in_order,adjacent_samples,normal,reappear_events_judged,0.0
W031,frames_in_order,adjacent_samples,normal,reappear_same_class,
W031,frames_in_order,adjacent_samples,normal,reappear_same_gt,
W031,frames_in_order,adjacent_samples,normal,reappearance_rate,0.0
W031,frames_in_order,adjacent_samples,normal,seeded_regions,10.0
W031,frames_in_order,adjacent_samples,normal,survival_backward,0.8933333333333333
W031,frames_in_order,adjacent_samples,normal,survival_forward,1.0
W031,frames_in_order,adjacent_samples,rgb,class_switch_rate,0.0
W031,frames_in_order,adjacent_samples,rgb,fragmentation_ge2,0.0
W031,frames_in_order,adjacent_samples,rgb,fragmentation_mean,1.0
W031,frames_in_order,adjacent_samples,rgb,gt_tracks_matched,11.0
W031,frames_in_order,adjacent_samples,rgb,id_switch_rate,0.011627906976744186
W031,frames_in_order,adjacent_samples,rgb,matched_pairs,86.0
W031,frames_in_order,adjacent_samples,rgb,reappear_events_judged,0.0
W031,frames_in_order,adjacent_samples,rgb,reappear_same_class,
W031,frames_in_order,adjacent_samples,rgb,reappear_same_gt,
W031,frames_in_order,adjacent_samples,rgb,reappearance_rate,0.3076923076923077
W031,frames_in_order,adjacent_samples,rgb,seeded_regions,13.0
W031,frames_in_order,adjacent_samples,rgb,survival_backward,0.8717948717948717
W031,frames_in_order,adjacent_samples,rgb,survival_forward,0.8956043956043955
W031,frames_in_order,consecutive_annotated,depth,class_switch_rate,0.0
W031,frames_in_order,consecutive_annotated,depth,fragmentation_ge2,0.0
W031,frames_in_order,consecutive_annotated,depth,fragmentation_mean,1.0
W031,frames_in_order,consecutive_annotated,depth,gt_tracks_matched,2.0
W031,frames_in_order,consecutive_annotated,depth,id_switch_rate,0.0
W031,frames_in_order,consecutive_annotated,depth,matched_pairs,19.0
W031,frames_in_order,consecutive_annotated,depth,reappear_events_judged,0.0
W031,frames_in_order,consecutive_annotated,depth,reappear_same_class,
W031,frames_in_order,consecutive_annotated,depth,reappear_same_gt,
W031,frames_in_order,consecutive_annotated,depth,reappearance_rate,0.0
W031,frames_in_order,consecutive_annotated,depth,seeded_regions,3.0
W031,frames_in_order,consecutive_annotated,depth,survival_backward,0.8222222222222223
W031,frames_in_order,consecutive_annotated,depth,survival_forward,1.0
W031,frames_in_order,consecutive_annotated,normal,class_switch_rate,0.0
W031,frames_in_order,consecutive_annotated,normal,fragmentation_ge2,0.0
W031,frames_in_order,consecutive_annotated,normal,fragmentation_mean,1.0
W031,frames_in_order,consecutive_annotated,normal,gt_tracks_matched,8.0
W031,frames_in_order,consecutive_annotated,normal,id_switch_rate,0.0
W031,frames_in_order,consecutive_annotated,normal,matched_pairs,75.0
W031,frames_in_order,consecutive_annotated,normal,reappear_events_judged,0.0
W031,frames_in_order,consecutive_annotated,normal,reappear_same_class,
W031,frames_in_order,consecutive_annotated,normal,reappear_same_gt,
W031,frames_in_order,consecutive_annotated,normal,reappearance_rate,0.0
W031,frames_in_order,consecutive_annotated,normal,seeded_regions,10.0
W031,frames_in_order,consecutive_annotated,normal,survival_backward,0.8933333333333333
W031,frames_in_order,consecutive_annotated,normal,survival_forward,1.0
W031,frames_in_order,consecutive_annotated,rgb,class_switch_rate,0.0
W031,frames_in_order,consecutive_annotated,rgb,fragmentation_ge2,0.0
W031,frames_in_order,consecutive_annotated,rgb,fragmentation_mean,1.0
W031,frames_in_order,consecutive_annotated,rgb,gt_tracks_matched,11.0
W031,frames_in_order,consecutive_annotated,rgb,id_switch_rate,0.011627906976744186
W031,frames_in_order,consecutive_annotated,rgb,matched_pairs,86.0
W031,frames_in_order,consecutive_annotated,rgb,reappear_events_judged,0.0
W031,frames_in_order,consecutive_annotated,rgb,reappear_same_class,
W031,frames_in_order,consecutive_annotated,rgb,reappear_same_gt,
W031,frames_in_order,consecutive_annotated,rgb,reappearance_rate,0.3076923076923077
W031,frames_in_order,consecutive_annotated,rgb,seeded_regions,13.0
W031,frames_in_order,consecutive_annotated,rgb,survival_backward,0.8717948717948717
W031,frames_in_order,consecutive_annotated,rgb,survival_forward,0.8956043956043955
W032,all,adjacent_samples,depth,class_switch_rate,0.0
W032,all,adjacent_samples,depth,fragmentation_ge2,0.0
W032,all,adjacent_samples,depth,fragmentation_mean,1.0
W032,all,adjacent_samples,depth,gt_tracks_matched,9.0
W032,all,adjacent_samples,depth,id_switch_rate,0.0
W032,all,adjacent_samples,depth,matched_pairs,68.0
W032,all,adjacent_samples,depth,reappear_events_judged,1.0
W032,all,adjacent_samples,depth,reappear_same_class,1.0
W032,all,adjacent_samples,depth,reappear_same_gt,0.0
W032,all,adjacent_samples,depth,reappearance_rate,0.1111111111111111
W032,all,adjacent_samples,depth,seeded_regions,9.0
W032,all,adjacent_samples,depth,survival_backward,0.9555555555555555
W032,all,adjacent_samples,depth,survival_forward,0.9841269841269842
W032,all,adjacent_samples,normal,class_switch_rate,0.0
W032,all,adjacent_samples,normal,fragmentation_ge2,0.0
W032,all,adjacent_samples,normal,fragmentation_mean,1.0
W032,all,adjacent_samples,normal,gt_tracks_matched,9.0
W032,all,adjacent_samples,normal,id_switch_rate,0.0
W032,all,adjacent_samples,normal,matched_pairs,64.0
W032,all,adjacent_samples,normal,reappear_events_judged,1.0
W032,all,adjacent_samples,normal,reappear_same_class,1.0
W032,all,adjacent_samples,normal,reappear_same_gt,0.0
W032,all,adjacent_samples,normal,reappearance_rate,0.1111111111111111
W032,all,adjacent_samples,normal,seeded_regions,9.0
W032,all,adjacent_samples,normal,survival_backward,0.9555555555555555
W032,all,adjacent_samples,normal,survival_forward,0.9841269841269842
W032,all,adjacent_samples,rgb,class_switch_rate,0.0
W032,all,adjacent_samples,rgb,fragmentation_ge2,0.0
W032,all,adjacent_samples,rgb,fragmentation_mean,1.0
W032,all,adjacent_samples,rgb,gt_tracks_matched,12.0
W032,all,adjacent_samples,rgb,id_switch_rate,0.0
W032,all,adjacent_samples,rgb,matched_pairs,83.0
W032,all,adjacent_samples,rgb,reappear_events_judged,1.0
W032,all,adjacent_samples,rgb,reappear_same_class,1.0
W032,all,adjacent_samples,rgb,reappear_same_gt,0.0
W032,all,adjacent_samples,rgb,reappearance_rate,0.2857142857142857
W032,all,adjacent_samples,rgb,seeded_regions,14.0
W032,all,adjacent_samples,rgb,survival_backward,0.961904761904762
W032,all,adjacent_samples,rgb,survival_forward,0.9540816326530612
W032,all,consecutive_annotated,depth,class_switch_rate,0.0
W032,all,consecutive_annotated,depth,fragmentation_ge2,0.0
W032,all,consecutive_annotated,depth,fragmentation_mean,1.0
W032,all,consecutive_annotated,depth,gt_tracks_matched,9.0
W032,all,consecutive_annotated,depth,id_switch_rate,0.0
W032,all,consecutive_annotated,depth,matched_pairs,68.0
W032,all,consecutive_annotated,depth,reappear_events_judged,1.0
W032,all,consecutive_annotated,depth,reappear_same_class,1.0
W032,all,consecutive_annotated,depth,reappear_same_gt,0.0
W032,all,consecutive_annotated,depth,reappearance_rate,0.1111111111111111
W032,all,consecutive_annotated,depth,seeded_regions,9.0
W032,all,consecutive_annotated,depth,survival_backward,0.9555555555555555
W032,all,consecutive_annotated,depth,survival_forward,0.9841269841269842
W032,all,consecutive_annotated,normal,class_switch_rate,0.0
W032,all,consecutive_annotated,normal,fragmentation_ge2,0.0
W032,all,consecutive_annotated,normal,fragmentation_mean,1.0
W032,all,consecutive_annotated,normal,gt_tracks_matched,9.0
W032,all,consecutive_annotated,normal,id_switch_rate,0.0
W032,all,consecutive_annotated,normal,matched_pairs,64.0
W032,all,consecutive_annotated,normal,reappear_events_judged,1.0
W032,all,consecutive_annotated,normal,reappear_same_class,1.0
W032,all,consecutive_annotated,normal,reappear_same_gt,0.0
W032,all,consecutive_annotated,normal,reappearance_rate,0.1111111111111111
W032,all,consecutive_annotated,normal,seeded_regions,9.0
W032,all,consecutive_annotated,normal,survival_backward,0.9555555555555555
W032,all,consecutive_annotated,normal,survival_forward,0.9841269841269842
W032,all,consecutive_annotated,rgb,class_switch_rate,0.0
W032,all,consecutive_annotated,rgb,fragmentation_ge2,0.0
W032,all,consecutive_annotated,rgb,fragmentation_mean,1.0
W032,all,consecutive_annotated,rgb,gt_tracks_matched,12.0
W032,all,consecutive_annotated,rgb,id_switch_rate,0.0
W032,all,consecutive_annotated,rgb,matched_pairs,83.0
W032,all,consecutive_annotated,rgb,reappear_events_judged,1.0
W032,all,consecutive_annotated,rgb,reappear_same_class,1.0
W032,all,consecutive_annotated,rgb,reappear_same_gt,0.0
W032,all,consecutive_annotated,rgb,reappearance_rate,0.2857142857142857
W032,all,consecutive_annotated,rgb,seeded_regions,14.0
W032,all,consecutive_annotated,rgb,survival_backward,0.961904761904762
W032,all,consecutive_annotated,rgb,survival_forward,0.9540816326530612
W032,frames_in_order,adjacent_samples,depth,class_switch_rate,0.0
W032,frames_in_order,adjacent_samples,depth,fragmentation_ge2,0.0
W032,frames_in_order,adjacent_samples,depth,fragmentation_mean,1.0
W032,frames_in_order,adjacent_samples,depth,gt_tracks_matched,9.0
W032,frames_in_order,adjacent_samples,depth,id_switch_rate,0.0
W032,frames_in_order,adjacent_samples,depth,matched_pairs,68.0
W032,frames_in_order,adjacent_samples,depth,reappear_events_judged,1.0
W032,frames_in_order,adjacent_samples,depth,reappear_same_class,1.0
W032,frames_in_order,adjacent_samples,depth,reappear_same_gt,0.0
W032,frames_in_order,adjacent_samples,depth,reappearance_rate,0.1111111111111111
W032,frames_in_order,adjacent_samples,depth,seeded_regions,9.0
W032,frames_in_order,adjacent_samples,depth,survival_backward,0.9555555555555555
W032,frames_in_order,adjacent_samples,depth,survival_forward,0.9841269841269842
W032,frames_in_order,adjacent_samples,normal,class_switch_rate,0.0
W032,frames_in_order,adjacent_samples,normal,fragmentation_ge2,0.0
W032,frames_in_order,adjacent_samples,normal,fragmentation_mean,1.0
W032,frames_in_order,adjacent_samples,normal,gt_tracks_matched,9.0
W032,frames_in_order,adjacent_samples,normal,id_switch_rate,0.0
W032,frames_in_order,adjacent_samples,normal,matched_pairs,64.0
W032,frames_in_order,adjacent_samples,normal,reappear_events_judged,1.0
W032,frames_in_order,adjacent_samples,normal,reappear_same_class,1.0
W032,frames_in_order,adjacent_samples,normal,reappear_same_gt,0.0
W032,frames_in_order,adjacent_samples,normal,reappearance_rate,0.1111111111111111
W032,frames_in_order,adjacent_samples,normal,seeded_regions,9.0
W032,frames_in_order,adjacent_samples,normal,survival_backward,0.9555555555555555
W032,frames_in_order,adjacent_samples,normal,survival_forward,0.9841269841269842
W032,frames_in_order,adjacent_samples,rgb,class_switch_rate,0.0
W032,frames_in_order,adjacent_samples,rgb,fragmentation_ge2,0.0
W032,frames_in_order,adjacent_samples,rgb,fragmentation_mean,1.0
W032,frames_in_order,adjacent_samples,rgb,gt_tracks_matched,12.0
W032,frames_in_order,adjacent_samples,rgb,id_switch_rate,0.0
W032,frames_in_order,adjacent_samples,rgb,matched_pairs,83.0
W032,frames_in_order,adjacent_samples,rgb,reappear_events_judged,1.0
W032,frames_in_order,adjacent_samples,rgb,reappear_same_class,1.0
W032,frames_in_order,adjacent_samples,rgb,reappear_same_gt,0.0
W032,frames_in_order,adjacent_samples,rgb,reappearance_rate,0.2857142857142857
W032,frames_in_order,adjacent_samples,rgb,seeded_regions,14.0
W032,frames_in_order,adjacent_samples,rgb,survival_backward,0.961904761904762
W032,frames_in_order,adjacent_samples,rgb,survival_forward,0.9540816326530612
W032,frames_in_order,consecutive_annotated,depth,class_switch_rate,0.0
W032,frames_in_order,consecutive_annotated,depth,fragmentation_ge2,0.0
W032,frames_in_order,consecutive_annotated,depth,fragmentation_mean,1.0
W032,frames_in_order,consecutive_annotated,depth,gt_tracks_matched,9.0
W032,frames_in_order,consecutive_annotated,depth,id_switch_rate,0.0
W032,frames_in_order,consecutive_annotated,depth,matched_pairs,68.0
W032,frames_in_order,consecutive_annotated,depth,reappear_events_judged,1.0
W032,frames_in_order,consecutive_annotated,depth,reappear_same_class,1.0
W032,frames_in_order,consecutive_annotated,depth,reappear_same_gt,0.0
W032,frames_in_order,consecutive_annotated,depth,reappearance_rate,0.1111111111111111
W032,frames_in_order,consecutive_annotated,depth,seeded_regions,9.0
W032,frames_in_order,consecutive_annotated,depth,survival_backward,0.9555555555555555
W032,frames_in_order,consecutive_annotated,depth,survival_forward,0.9841269841269842
W032,frames_in_order,consecutive_annotated,normal,class_switch_rate,0.0
W032,frames_in_order,consecutive_annotated,normal,fragmentation_ge2,0.0
W032,frames_in_order,consecutive_annotated,normal,fragmentation_mean,1.0
W032,frames_in_order,consecutive_annotated,normal,gt_tracks_matched,9.0
W032,frames_in_order,consecutive_annotated,normal,id_switch_rate,0.0
W032,frames_in_order,consecutive_annotated,normal,matched_pairs,64.0
W032,frames_in_order,consecutive_annotated,normal,reappear_events_judged,1.0
W032,frames_in_order,consecutive_annotated,normal,reappear_same_class,1.0
W032,frames_in_order,consecutive_annotated,normal,reappear_same_gt,0.0
W032,frames_in_order,consecutive_annotated,normal,reappearance_rate,0.1111111111111111
W032,frames_in_order,consecutive_annotated,normal,seeded_regions,9.0
W032,frames_in_order,consecutive_annotated,normal,survival_backward,0.9555555555555555
W032,frames_in_order,consecutive_annotated,normal,survival_forward,0.9841269841269842
W032,frames_in_order,consecutive_annotated,rgb,class_switch_rate,0.0
W032,frames_in_order,consecutive_annotated,rgb,fragmentation_ge2,0.0
W032,frames_in_order,consecutive_annotated,rgb,fragmentation_mean,1.0
W032,frames_in_order,consecutive_annotated,rgb,gt_tracks_matched,12.0
W032,frames_in_order,consecutive_annotated,rgb,id_switch_rate,0.0
W032,frames_in_order,consecutive_annotated,rgb,matched_pairs,83.0
W032,frames_in_order,consecutive_annotated,rgb,reappear_events_judged,1.0
W032,frames_in_order,consecutive_annotated,rgb,reappear_same_class,1.0
W032,frames_in_order,consecutive_annotated,rgb,reappear_same_gt,0.0
W032,frames_in_order,consecutive_annotated,rgb,reappearance_rate,0.2857142857142857
W032,frames_in_order,consecutive_annotated,rgb,seeded_regions,14.0
W032,frames_in_order,consecutive_annotated,rgb,survival_backward,0.961904761904762
W032,frames_in_order,consecutive_annotated,rgb,survival_forward,0.9540816326530612
W033,all,adjacent_samples,depth,class_switch_rate,0.0
W033,all,adjacent_samples,depth,fragmentation_ge2,0.2
W033,all,adjacent_samples,depth,fragmentation_mean,1.2
W033,all,adjacent_samples,depth,gt_tracks_matched,5.0
W033,all,adjacent_samples,depth,id_switch_rate,0.0
W033,all,adjacent_samples,depth,matched_pairs,20.0
W033,all,adjacent_samples,depth,reappear_events_judged,0.0
W033,all,adjacent_samples,depth,reappear_same_class,
W033,all,adjacent_samples,depth,reappear_same_gt,
W033,all,adjacent_samples,depth,reappearance_rate,0.6666666666666666
W033,all,adjacent_samples,depth,seeded_regions,3.0
W033,all,adjacent_samples,depth,survival_backward,0.9555555555555556
W033,all,adjacent_samples,depth,survival_forward,0.7857142857142857
W033,all,adjacent_samples,normal,class_switch_rate,0.0
W033,all,adjacent_samples,normal,fragmentation_ge2,0.2222222222222222
W033,all,adjacent_samples,normal,fragmentation_mean,1.2222222222222223
W033,all,adjacent_samples,normal,gt_tracks_matched,9.0
W033,all,adjacent_samples,normal,id_switch_rate,0.016129032258064516
W033,all,adjacent_samples,normal,matched_pairs,62.0
W033,all,adjacent_samples,normal,reappear_events_judged,3.0
W033,all,adjacent_samples,normal,reappear_same_class,1.0
W033,all,adjacent_samples,normal,reappear_same_gt,0.3333333333333333
W033,all,adjacent_samples,normal,reappearance_rate,1.0
W033,all,adjacent_samples,normal,seeded_regions,6.0
W033,all,adjacent_samples,normal,survival_backward,0.9
W033,all,adjacent_samples,normal,survival_forward,0.5833333333333334
W033,all,adjacent_samples,rgb,class_switch_rate,0.0
W033,all,adjacent_samples,rgb,fragmentation_ge2,0.2222222222222222
W033,all,adjacent_samples,rgb,fragmentation_mean,1.2222222222222223
W033,all,adjacent_samples,rgb,gt_tracks_matched,9.0
W033,all,adjacent_samples,rgb,id_switch_rate,0.024390243902439025
W033,all,adjacent_samples,rgb,matched_pairs,41.0
W033,all,adjacent_samples,rgb,reappear_events_judged,2.0
W033,all,adjacent_samples,rgb,reappear_same_class,1.0
W033,all,adjacent_samples,rgb,reappear_same_gt,0.0
W033,all,adjacent_samples,rgb,reappearance_rate,0.9411764705882353
W033,all,adjacent_samples,rgb,seeded_regions,17.0
W033,all,adjacent_samples,rgb,survival_backward,0.6588235294117647
W033,all,adjacent_samples,rgb,survival_forward,0.32773109243697485
W033,all,consecutive_annotated,depth,class_switch_rate,0.0
W033,all,consecutive_annotated,depth,fragmentation_ge2,0.3333333333333333
W033,all,consecutive_annotated,depth,fragmentation_mean,1.3333333333333333
W033,all,consecutive_annotated,depth,gt_tracks_matched,3.0
W033,all,consecutive_annotated,depth,id_switch_rate,0.0
W033,all,consecutive_annotated,depth,matched_pairs,21.0
W033,all,consecutive_annotated,depth,reappear_events_judged,0.0
W033,all,consecutive_annotated,depth,reappear_same_class,
W033,all,consecutive_annotated,depth,reappear_same_gt,
W033,all,consecutive_annotated,depth,reappearance_rate,0.6666666666666666
W033,all,consecutive_annotated,depth,seeded_regions,3.0
W033,all,consecutive_annotated,depth,survival_backward,0.9555555555555556
W033,all,consecutive_annotated,depth,survival_forward,0.7857142857142857
W033,all,consecutive_annotated,normal,class_switch_rate,0.0
W033,all,consecutive_annotated,normal,fragmentation_ge2,0.2857142857142857
W033,all,consecutive_annotated,normal,fragmentation_mean,1.2857142857142858
W033,all,consecutive_annotated,normal,gt_tracks_matched,7.0
W033,all,consecutive_annotated,normal,id_switch_rate,0.015873015873015872
W033,all,consecutive_annotated,normal,matched_pairs,63.0
W033,all,consecutive_annotated,normal,reappear_events_judged,3.0
W033,all,consecutive_annotated,normal,reappear_same_class,1.0
W033,all,consecutive_annotated,normal,reappear_same_gt,0.3333333333333333
W033,all,consecutive_annotated,normal,reappearance_rate,1.0
W033,all,consecutive_annotated,normal,seeded_regions,6.0
W033,all,consecutive_annotated,normal,survival_backward,0.9
W033,all,consecutive_annotated,normal,survival_forward,0.5833333333333334
W033,all,consecutive_annotated,rgb,class_switch_rate,0.0
W033,all,consecutive_annotated,rgb,fragmentation_ge2,0.2857142857142857
W033,all,consecutive_annotated,rgb,fragmentation_mean,1.2857142857142858
W033,all,consecutive_annotated,rgb,gt_tracks_matched,7.0
W033,all,consecutive_annotated,rgb,id_switch_rate,0.023809523809523808
W033,all,consecutive_annotated,rgb,matched_pairs,42.0
W033,all,consecutive_annotated,rgb,reappear_events_judged,2.0
W033,all,consecutive_annotated,rgb,reappear_same_class,1.0
W033,all,consecutive_annotated,rgb,reappear_same_gt,0.0
W033,all,consecutive_annotated,rgb,reappearance_rate,0.9411764705882353
W033,all,consecutive_annotated,rgb,seeded_regions,17.0
W033,all,consecutive_annotated,rgb,survival_backward,0.6588235294117647
W033,all,consecutive_annotated,rgb,survival_forward,0.32773109243697485
W033,frames_in_order,adjacent_samples,depth,class_switch_rate,0.0
W033,frames_in_order,adjacent_samples,depth,fragmentation_ge2,0.2
W033,frames_in_order,adjacent_samples,depth,fragmentation_mean,1.2
W033,frames_in_order,adjacent_samples,depth,gt_tracks_matched,5.0
W033,frames_in_order,adjacent_samples,depth,id_switch_rate,0.0
W033,frames_in_order,adjacent_samples,depth,matched_pairs,20.0
W033,frames_in_order,adjacent_samples,depth,reappear_events_judged,0.0
W033,frames_in_order,adjacent_samples,depth,reappear_same_class,
W033,frames_in_order,adjacent_samples,depth,reappear_same_gt,
W033,frames_in_order,adjacent_samples,depth,reappearance_rate,0.6666666666666666
W033,frames_in_order,adjacent_samples,depth,seeded_regions,3.0
W033,frames_in_order,adjacent_samples,depth,survival_backward,0.9555555555555556
W033,frames_in_order,adjacent_samples,depth,survival_forward,0.7857142857142857
W033,frames_in_order,adjacent_samples,normal,class_switch_rate,0.0
W033,frames_in_order,adjacent_samples,normal,fragmentation_ge2,0.2222222222222222
W033,frames_in_order,adjacent_samples,normal,fragmentation_mean,1.2222222222222223
W033,frames_in_order,adjacent_samples,normal,gt_tracks_matched,9.0
W033,frames_in_order,adjacent_samples,normal,id_switch_rate,0.016129032258064516
W033,frames_in_order,adjacent_samples,normal,matched_pairs,62.0
W033,frames_in_order,adjacent_samples,normal,reappear_events_judged,3.0
W033,frames_in_order,adjacent_samples,normal,reappear_same_class,1.0
W033,frames_in_order,adjacent_samples,normal,reappear_same_gt,0.3333333333333333
W033,frames_in_order,adjacent_samples,normal,reappearance_rate,1.0
W033,frames_in_order,adjacent_samples,normal,seeded_regions,6.0
W033,frames_in_order,adjacent_samples,normal,survival_backward,0.9
W033,frames_in_order,adjacent_samples,normal,survival_forward,0.5833333333333334
W033,frames_in_order,adjacent_samples,rgb,class_switch_rate,0.0
W033,frames_in_order,adjacent_samples,rgb,fragmentation_ge2,0.2222222222222222
W033,frames_in_order,adjacent_samples,rgb,fragmentation_mean,1.2222222222222223
W033,frames_in_order,adjacent_samples,rgb,gt_tracks_matched,9.0
W033,frames_in_order,adjacent_samples,rgb,id_switch_rate,0.024390243902439025
W033,frames_in_order,adjacent_samples,rgb,matched_pairs,41.0
W033,frames_in_order,adjacent_samples,rgb,reappear_events_judged,2.0
W033,frames_in_order,adjacent_samples,rgb,reappear_same_class,1.0
W033,frames_in_order,adjacent_samples,rgb,reappear_same_gt,0.0
W033,frames_in_order,adjacent_samples,rgb,reappearance_rate,0.9411764705882353
W033,frames_in_order,adjacent_samples,rgb,seeded_regions,17.0
W033,frames_in_order,adjacent_samples,rgb,survival_backward,0.6588235294117647
W033,frames_in_order,adjacent_samples,rgb,survival_forward,0.32773109243697485
W033,frames_in_order,consecutive_annotated,depth,class_switch_rate,0.0
W033,frames_in_order,consecutive_annotated,depth,fragmentation_ge2,0.3333333333333333
W033,frames_in_order,consecutive_annotated,depth,fragmentation_mean,1.3333333333333333
W033,frames_in_order,consecutive_annotated,depth,gt_tracks_matched,3.0
W033,frames_in_order,consecutive_annotated,depth,id_switch_rate,0.0
W033,frames_in_order,consecutive_annotated,depth,matched_pairs,21.0
W033,frames_in_order,consecutive_annotated,depth,reappear_events_judged,0.0
W033,frames_in_order,consecutive_annotated,depth,reappear_same_class,
W033,frames_in_order,consecutive_annotated,depth,reappear_same_gt,
W033,frames_in_order,consecutive_annotated,depth,reappearance_rate,0.6666666666666666
W033,frames_in_order,consecutive_annotated,depth,seeded_regions,3.0
W033,frames_in_order,consecutive_annotated,depth,survival_backward,0.9555555555555556
W033,frames_in_order,consecutive_annotated,depth,survival_forward,0.7857142857142857
W033,frames_in_order,consecutive_annotated,normal,class_switch_rate,0.0
W033,frames_in_order,consecutive_annotated,normal,fragmentation_ge2,0.2857142857142857
W033,frames_in_order,consecutive_annotated,normal,fragmentation_mean,1.2857142857142858
W033,frames_in_order,consecutive_annotated,normal,gt_tracks_matched,7.0
W033,frames_in_order,consecutive_annotated,normal,id_switch_rate,0.015873015873015872
W033,frames_in_order,consecutive_annotated,normal,matched_pairs,63.0
W033,frames_in_order,consecutive_annotated,normal,reappear_events_judged,3.0
W033,frames_in_order,consecutive_annotated,normal,reappear_same_class,1.0
W033,frames_in_order,consecutive_annotated,normal,reappear_same_gt,0.3333333333333333
W033,frames_in_order,consecutive_annotated,normal,reappearance_rate,1.0
W033,frames_in_order,consecutive_annotated,normal,seeded_regions,6.0
W033,frames_in_order,consecutive_annotated,normal,survival_backward,0.9
W033,frames_in_order,consecutive_annotated,normal,survival_forward,0.5833333333333334
W033,frames_in_order,consecutive_annotated,rgb,class_switch_rate,0.0
W033,frames_in_order,consecutive_annotated,rgb,fragmentation_ge2,0.2857142857142857
W033,frames_in_order,consecutive_annotated,rgb,fragmentation_mean,1.2857142857142858
W033,frames_in_order,consecutive_annotated,rgb,gt_tracks_matched,7.0
W033,frames_in_order,consecutive_annotated,rgb,id_switch_rate,0.023809523809523808
W033,frames_in_order,consecutive_annotated,rgb,matched_pairs,42.0
W033,frames_in_order,consecutive_annotated,rgb,reappear_events_judged,2.0
W033,frames_in_order,consecutive_annotated,rgb,reappear_same_class,1.0
W033,frames_in_order,consecutive_annotated,rgb,reappear_same_gt,0.0
W033,frames_in_order,consecutive_annotated,rgb,reappearance_rate,0.9411764705882353
W033,frames_in_order,consecutive_annotated,rgb,seeded_regions,17.0
W033,frames_in_order,consecutive_annotated,rgb,survival_backward,0.6588235294117647
W033,frames_in_order,consecutive_annotated,rgb,survival_forward,0.32773109243697485
W034,all,adjacent_samples,depth,class_switch_rate,0.0
W034,all,adjacent_samples,depth,fragmentation_ge2,0.0
W034,all,adjacent_samples,depth,fragmentation_mean,1.0
W034,all,adjacent_samples,depth,gt_tracks_matched,4.0
W034,all,adjacent_samples,depth,id_switch_rate,0.0
W034,all,adjacent_samples,depth,matched_pairs,44.0
W034,all,adjacent_samples,depth,reappear_events_judged,0.0
W034,all,adjacent_samples,depth,reappear_same_class,
W034,all,adjacent_samples,depth,reappear_same_gt,
W034,all,adjacent_samples,depth,reappearance_rate,0.0
W034,all,adjacent_samples,depth,seeded_regions,2.0
W034,all,adjacent_samples,depth,survival_backward,1.0
W034,all,adjacent_samples,depth,survival_forward,1.0
W034,all,adjacent_samples,normal,class_switch_rate,0.0
W034,all,adjacent_samples,normal,fragmentation_ge2,0.0
W034,all,adjacent_samples,normal,fragmentation_mean,1.0
W034,all,adjacent_samples,normal,gt_tracks_matched,5.0
W034,all,adjacent_samples,normal,id_switch_rate,0.0
W034,all,adjacent_samples,normal,matched_pairs,43.0
W034,all,adjacent_samples,normal,reappear_events_judged,0.0
W034,all,adjacent_samples,normal,reappear_same_class,
W034,all,adjacent_samples,normal,reappear_same_gt,
W034,all,adjacent_samples,normal,reappearance_rate,0.5
W034,all,adjacent_samples,normal,seeded_regions,4.0
W034,all,adjacent_samples,normal,survival_backward,0.9166666666666667
W034,all,adjacent_samples,normal,survival_forward,0.75
W034,all,adjacent_samples,rgb,class_switch_rate,0.0
W034,all,adjacent_samples,rgb,fragmentation_ge2,0.2
W034,all,adjacent_samples,rgb,fragmentation_mean,1.2
W034,all,adjacent_samples,rgb,gt_tracks_matched,5.0
W034,all,adjacent_samples,rgb,id_switch_rate,0.0
W034,all,adjacent_samples,rgb,matched_pairs,42.0
W034,all,adjacent_samples,rgb,reappear_events_judged,2.0
W034,all,adjacent_samples,rgb,reappear_same_class,0.5
W034,all,adjacent_samples,rgb,reappear_same_gt,0.0
W034,all,adjacent_samples,rgb,reappearance_rate,0.7142857142857143
W034,all,adjacent_samples,rgb,seeded_regions,7.0
W034,all,adjacent_samples,rgb,survival_backward,0.6571428571428571
W034,all,adjacent_samples,rgb,survival_forward,0.9183673469387755
W034,all,consecutive_annotated,depth,class_switch_rate,0.0
W034,all,consecutive_annotated,depth,fragmentation_ge2,0.0
W034,all,consecutive_annotated,depth,fragmentation_mean,1.0
W034,all,consecutive_annotated,depth,gt_tracks_matched,2.0
W034,all,consecutive_annotated,depth,id_switch_rate,0.0
W034,all,consecutive_annotated,depth,matched_pairs,46.0
W034,all,consecutive_annotated,depth,reappear_events_judged,0.0
W034,all,consecutive_annotated,depth,reappear_same_class,
W034,all,consecutive_annotated,depth,reappear_same_gt,
W034,all,consecutive_annotated,depth,reappearance_rate,0.0
W034,all,consecutive_annotated,depth,seeded_regions,2.0
W034,all,consecutive_annotated,depth,survival_backward,1.0
W034,all,consecutive_annotated,depth,survival_forward,1.0
W034,all,consecutive_annotated,normal,class_switch_rate,0.0
W034,all,consecutive_annotated,normal,fragmentation_ge2,0.0
W034,all,consecutive_annotated,normal,fragmentation_mean,1.0
W034,all,consecutive_annotated,normal,gt_tracks_matched,3.0
W034,all,consecutive_annotated,normal,id_switch_rate,0.0
W034,all,consecutive_annotated,normal,matched_pairs,45.0
W034,all,consecutive_annotated,normal,reappear_events_judged,0.0
W034,all,consecutive_annotated,normal,reappear_same_class,
W034,all,consecutive_annotated,normal,reappear_same_gt,
W034,all,consecutive_annotated,normal,reappearance_rate,0.5
W034,all,consecutive_annotated,normal,seeded_regions,4.0
W034,all,consecutive_annotated,normal,survival_backward,0.9166666666666667
W034,all,consecutive_annotated,normal,survival_forward,0.75
W034,all,consecutive_annotated,rgb,class_switch_rate,0.0
W034,all,consecutive_annotated,rgb,fragmentation_ge2,0.3333333333333333
W034,all,consecutive_annotated,rgb,fragmentation_mean,1.3333333333333333
W034,all,consecutive_annotated,rgb,gt_tracks_matched,3.0
W034,all,consecutive_annotated,rgb,id_switch_rate,0.0
W034,all,consecutive_annotated,rgb,matched_pairs,44.0
W034,all,consecutive_annotated,rgb,reappear_events_judged,2.0
W034,all,consecutive_annotated,rgb,reappear_same_class,0.5
W034,all,consecutive_annotated,rgb,reappear_same_gt,0.5
W034,all,consecutive_annotated,rgb,reappearance_rate,0.7142857142857143
W034,all,consecutive_annotated,rgb,seeded_regions,7.0
W034,all,consecutive_annotated,rgb,survival_backward,0.6571428571428571
W034,all,consecutive_annotated,rgb,survival_forward,0.9183673469387755
W034,frames_in_order,adjacent_samples,depth,class_switch_rate,0.0
W034,frames_in_order,adjacent_samples,depth,fragmentation_ge2,0.0
W034,frames_in_order,adjacent_samples,depth,fragmentation_mean,1.0
W034,frames_in_order,adjacent_samples,depth,gt_tracks_matched,4.0
W034,frames_in_order,adjacent_samples,depth,id_switch_rate,0.0
W034,frames_in_order,adjacent_samples,depth,matched_pairs,44.0
W034,frames_in_order,adjacent_samples,depth,reappear_events_judged,0.0
W034,frames_in_order,adjacent_samples,depth,reappear_same_class,
W034,frames_in_order,adjacent_samples,depth,reappear_same_gt,
W034,frames_in_order,adjacent_samples,depth,reappearance_rate,0.0
W034,frames_in_order,adjacent_samples,depth,seeded_regions,2.0
W034,frames_in_order,adjacent_samples,depth,survival_backward,1.0
W034,frames_in_order,adjacent_samples,depth,survival_forward,1.0
W034,frames_in_order,adjacent_samples,normal,class_switch_rate,0.0
W034,frames_in_order,adjacent_samples,normal,fragmentation_ge2,0.0
W034,frames_in_order,adjacent_samples,normal,fragmentation_mean,1.0
W034,frames_in_order,adjacent_samples,normal,gt_tracks_matched,5.0
W034,frames_in_order,adjacent_samples,normal,id_switch_rate,0.0
W034,frames_in_order,adjacent_samples,normal,matched_pairs,43.0
W034,frames_in_order,adjacent_samples,normal,reappear_events_judged,0.0
W034,frames_in_order,adjacent_samples,normal,reappear_same_class,
W034,frames_in_order,adjacent_samples,normal,reappear_same_gt,
W034,frames_in_order,adjacent_samples,normal,reappearance_rate,0.5
W034,frames_in_order,adjacent_samples,normal,seeded_regions,4.0
W034,frames_in_order,adjacent_samples,normal,survival_backward,0.9166666666666667
W034,frames_in_order,adjacent_samples,normal,survival_forward,0.75
W034,frames_in_order,adjacent_samples,rgb,class_switch_rate,0.0
W034,frames_in_order,adjacent_samples,rgb,fragmentation_ge2,0.2
W034,frames_in_order,adjacent_samples,rgb,fragmentation_mean,1.2
W034,frames_in_order,adjacent_samples,rgb,gt_tracks_matched,5.0
W034,frames_in_order,adjacent_samples,rgb,id_switch_rate,0.0
W034,frames_in_order,adjacent_samples,rgb,matched_pairs,42.0
W034,frames_in_order,adjacent_samples,rgb,reappear_events_judged,2.0
W034,frames_in_order,adjacent_samples,rgb,reappear_same_class,0.5
W034,frames_in_order,adjacent_samples,rgb,reappear_same_gt,0.0
W034,frames_in_order,adjacent_samples,rgb,reappearance_rate,0.7142857142857143
W034,frames_in_order,adjacent_samples,rgb,seeded_regions,7.0
W034,frames_in_order,adjacent_samples,rgb,survival_backward,0.6571428571428571
W034,frames_in_order,adjacent_samples,rgb,survival_forward,0.9183673469387755
W034,frames_in_order,consecutive_annotated,depth,class_switch_rate,0.0
W034,frames_in_order,consecutive_annotated,depth,fragmentation_ge2,0.0
W034,frames_in_order,consecutive_annotated,depth,fragmentation_mean,1.0
W034,frames_in_order,consecutive_annotated,depth,gt_tracks_matched,2.0
W034,frames_in_order,consecutive_annotated,depth,id_switch_rate,0.0
W034,frames_in_order,consecutive_annotated,depth,matched_pairs,46.0
W034,frames_in_order,consecutive_annotated,depth,reappear_events_judged,0.0
W034,frames_in_order,consecutive_annotated,depth,reappear_same_class,
W034,frames_in_order,consecutive_annotated,depth,reappear_same_gt,
W034,frames_in_order,consecutive_annotated,depth,reappearance_rate,0.0
W034,frames_in_order,consecutive_annotated,depth,seeded_regions,2.0
W034,frames_in_order,consecutive_annotated,depth,survival_backward,1.0
W034,frames_in_order,consecutive_annotated,depth,survival_forward,1.0
W034,frames_in_order,consecutive_annotated,normal,class_switch_rate,0.0
W034,frames_in_order,consecutive_annotated,normal,fragmentation_ge2,0.0
W034,frames_in_order,consecutive_annotated,normal,fragmentation_mean,1.0
W034,frames_in_order,consecutive_annotated,normal,gt_tracks_matched,3.0
W034,frames_in_order,consecutive_annotated,normal,id_switch_rate,0.0
W034,frames_in_order,consecutive_annotated,normal,matched_pairs,45.0
W034,frames_in_order,consecutive_annotated,normal,reappear_events_judged,0.0
W034,frames_in_order,consecutive_annotated,normal,reappear_same_class,
W034,frames_in_order,consecutive_annotated,normal,reappear_same_gt,
W034,frames_in_order,consecutive_annotated,normal,reappearance_rate,0.5
W034,frames_in_order,consecutive_annotated,normal,seeded_regions,4.0
W034,frames_in_order,consecutive_annotated,normal,survival_backward,0.9166666666666667
W034,frames_in_order,consecutive_annotated,normal,survival_forward,0.75
W034,frames_in_order,consecutive_annotated,rgb,class_switch_rate,0.0
W034,frames_in_order,consecutive_annotated,rgb,fragmentation_ge2,0.3333333333333333
W034,frames_in_order,consecutive_annotated,rgb,fragmentation_mean,1.3333333333333333
W034,frames_in_order,consecutive_annotated,rgb,gt_tracks_matched,3.0
W034,frames_in_order,consecutive_annotated,rgb,id_switch_rate,0.0
W034,frames_in_order,consecutive_annotated,rgb,matched_pairs,44.0
W034,frames_in_order,consecutive_annotated,rgb,reappear_events_judged,2.0
W034,frames_in_order,consecutive_annotated,rgb,reappear_same_class,0.5
W034,frames_in_order,consecutive_annotated,rgb,reappear_same_gt,0.5
W034,frames_in_order,consecutive_annotated,rgb,reappearance_rate,0.7142857142857143
W034,frames_in_order,consecutive_annotated,rgb,seeded_regions,7.0
W034,frames_in_order,consecutive_annotated,rgb,survival_backward,0.6571428571428571
W034,frames_in_order,consecutive_annotated,rgb,survival_forward,0.9183673469387755
W035,all,adjacent_samples,depth,class_switch_rate,0.0
W035,all,adjacent_samples,depth,fragmentation_ge2,0.0
W035,all,adjacent_samples,depth,fragmentation_mean,1.0
W035,all,adjacent_samples,depth,gt_tracks_matched,2.0
W035,all,adjacent_samples,depth,id_switch_rate,0.0
W035,all,adjacent_samples,depth,matched_pairs,16.0
W035,all,adjacent_samples,depth,reappear_events_judged,0.0
W035,all,adjacent_samples,depth,reappear_same_class,
W035,all,adjacent_samples,depth,reappear_same_gt,
W035,all,adjacent_samples,depth,reappearance_rate,0.6666666666666666
W035,all,adjacent_samples,depth,seeded_regions,3.0
W035,all,adjacent_samples,depth,survival_backward,0.37777777777777777
W035,all,adjacent_samples,depth,survival_forward,0.35714285714285715
W035,all,adjacent_samples,normal,class_switch_rate,0.0
W035,all,adjacent_samples,normal,fragmentation_ge2,0.0
W035,all,adjacent_samples,normal,fragmentation_mean,1.0
W035,all,adjacent_samples,normal,gt_tracks_matched,4.0
W035,all,adjacent_samples,normal,id_switch_rate,0.0
W035,all,adjacent_samples,normal,matched_pairs,32.0
W035,all,adjacent_samples,normal,reappear_events_judged,0.0
W035,all,adjacent_samples,normal,reappear_same_class,
W035,all,adjacent_samples,normal,reappear_same_gt,
W035,all,adjacent_samples,normal,reappearance_rate,0.0
W035,all,adjacent_samples,normal,seeded_regions,2.0
W035,all,adjacent_samples,normal,survival_backward,1.0
W035,all,adjacent_samples,normal,survival_forward,1.0
W035,all,adjacent_samples,rgb,class_switch_rate,0.0
W035,all,adjacent_samples,rgb,fragmentation_ge2,0.2
W035,all,adjacent_samples,rgb,fragmentation_mean,1.2
W035,all,adjacent_samples,rgb,gt_tracks_matched,5.0
W035,all,adjacent_samples,rgb,id_switch_rate,0.03225806451612903
W035,all,adjacent_samples,rgb,matched_pairs,31.0
W035,all,adjacent_samples,rgb,reappear_events_judged,0.0
W035,all,adjacent_samples,rgb,reappear_same_class,
W035,all,adjacent_samples,rgb,reappear_same_gt,
W035,all,adjacent_samples,rgb,reappearance_rate,0.5555555555555556
W035,all,adjacent_samples,rgb,seeded_regions,9.0
W035,all,adjacent_samples,rgb,survival_backward,0.6370370370370371
W035,all,adjacent_samples,rgb,survival_forward,0.9285714285714286
W035,all,consecutive_annotated,depth,class_switch_rate,0.0
W035,all,consecutive_annotated,depth,fragmentation_ge2,0.0
W035,all,consecutive_annotated,depth,fragmentation_mean,1.0
W035,all,consecutive_annotated,depth,gt_tracks_matched,1.0
W035,all,consecutive_annotated,depth,id_switch_rate,0.0
W035,all,consecutive_annotated,depth,matched_pairs,17.0
W035,all,consecutive_annotated,depth,reappear_events_judged,0.0
W035,all,consecutive_annotated,depth,reappear_same_class,
W035,all,consecutive_annotated,depth,reappear_same_gt,
W035,all,consecutive_annotated,depth,reappearance_rate,0.6666666666666666
W035,all,consecutive_annotated,depth,seeded_regions,3.0
W035,all,consecutive_annotated,depth,survival_backward,0.37777777777777777
W035,all,consecutive_annotated,depth,survival_forward,0.35714285714285715
W035,all,consecutive_annotated,normal,class_switch_rate,0.0
W035,all,consecutive_annotated,normal,fragmentation_ge2,0.0
W035,all,consecutive_annotated,normal,fragmentation_mean,1.0
W035,all,consecutive_annotated,normal,gt_tracks_matched,2.0
W035,all,consecutive_annotated,normal,id_switch_rate,0.0
W035,all,consecutive_annotated,normal,matched_pairs,34.0
W035,all,consecutive_annotated,normal,reappear_events_judged,0.0
W035,all,consecutive_annotated,normal,reappear_same_class,
W035,all,consecutive_annotated,normal,reappear_same_gt,
W035,all,consecutive_annotated,normal,reappearance_rate,0.0
W035,all,consecutive_annotated,normal,seeded_regions,2.0
W035,all,consecutive_annotated,normal,survival_backward,1.0
W035,all,consecutive_annotated,normal,survival_forward,1.0
W035,all,consecutive_annotated,rgb,class_switch_rate,0.0
W035,all,consecutive_annotated,rgb,fragmentation_ge2,0.25
W035,all,consecutive_annotated,rgb,fragmentation_mean,1.25
W035,all,consecutive_annotated,rgb,gt_tracks_matched,4.0
W035,all,consecutive_annotated,rgb,id_switch_rate,0.03125
W035,all,consecutive_annotated,rgb,matched_pairs,32.0
W035,all,consecutive_annotated,rgb,reappear_events_judged,0.0
W035,all,consecutive_annotated,rgb,reappear_same_class,
W035,all,consecutive_annotated,rgb,reappear_same_gt,
W035,all,consecutive_annotated,rgb,reappearance_rate,0.5555555555555556
W035,all,consecutive_annotated,rgb,seeded_regions,9.0
W035,all,consecutive_annotated,rgb,survival_backward,0.6370370370370371
W035,all,consecutive_annotated,rgb,survival_forward,0.9285714285714286
W035,frames_in_order,adjacent_samples,depth,class_switch_rate,0.0
W035,frames_in_order,adjacent_samples,depth,fragmentation_ge2,0.0
W035,frames_in_order,adjacent_samples,depth,fragmentation_mean,1.0
W035,frames_in_order,adjacent_samples,depth,gt_tracks_matched,2.0
W035,frames_in_order,adjacent_samples,depth,id_switch_rate,0.0
W035,frames_in_order,adjacent_samples,depth,matched_pairs,16.0
W035,frames_in_order,adjacent_samples,depth,reappear_events_judged,0.0
W035,frames_in_order,adjacent_samples,depth,reappear_same_class,
W035,frames_in_order,adjacent_samples,depth,reappear_same_gt,
W035,frames_in_order,adjacent_samples,depth,reappearance_rate,0.6666666666666666
W035,frames_in_order,adjacent_samples,depth,seeded_regions,3.0
W035,frames_in_order,adjacent_samples,depth,survival_backward,0.37777777777777777
W035,frames_in_order,adjacent_samples,depth,survival_forward,0.35714285714285715
W035,frames_in_order,adjacent_samples,normal,class_switch_rate,0.0
W035,frames_in_order,adjacent_samples,normal,fragmentation_ge2,0.0
W035,frames_in_order,adjacent_samples,normal,fragmentation_mean,1.0
W035,frames_in_order,adjacent_samples,normal,gt_tracks_matched,4.0
W035,frames_in_order,adjacent_samples,normal,id_switch_rate,0.0
W035,frames_in_order,adjacent_samples,normal,matched_pairs,32.0
W035,frames_in_order,adjacent_samples,normal,reappear_events_judged,0.0
W035,frames_in_order,adjacent_samples,normal,reappear_same_class,
W035,frames_in_order,adjacent_samples,normal,reappear_same_gt,
W035,frames_in_order,adjacent_samples,normal,reappearance_rate,0.0
W035,frames_in_order,adjacent_samples,normal,seeded_regions,2.0
W035,frames_in_order,adjacent_samples,normal,survival_backward,1.0
W035,frames_in_order,adjacent_samples,normal,survival_forward,1.0
W035,frames_in_order,adjacent_samples,rgb,class_switch_rate,0.0
W035,frames_in_order,adjacent_samples,rgb,fragmentation_ge2,0.2
W035,frames_in_order,adjacent_samples,rgb,fragmentation_mean,1.2
W035,frames_in_order,adjacent_samples,rgb,gt_tracks_matched,5.0
W035,frames_in_order,adjacent_samples,rgb,id_switch_rate,0.03225806451612903
W035,frames_in_order,adjacent_samples,rgb,matched_pairs,31.0
W035,frames_in_order,adjacent_samples,rgb,reappear_events_judged,0.0
W035,frames_in_order,adjacent_samples,rgb,reappear_same_class,
W035,frames_in_order,adjacent_samples,rgb,reappear_same_gt,
W035,frames_in_order,adjacent_samples,rgb,reappearance_rate,0.5555555555555556
W035,frames_in_order,adjacent_samples,rgb,seeded_regions,9.0
W035,frames_in_order,adjacent_samples,rgb,survival_backward,0.6370370370370371
W035,frames_in_order,adjacent_samples,rgb,survival_forward,0.9285714285714286
W035,frames_in_order,consecutive_annotated,depth,class_switch_rate,0.0
W035,frames_in_order,consecutive_annotated,depth,fragmentation_ge2,0.0
W035,frames_in_order,consecutive_annotated,depth,fragmentation_mean,1.0
W035,frames_in_order,consecutive_annotated,depth,gt_tracks_matched,1.0
W035,frames_in_order,consecutive_annotated,depth,id_switch_rate,0.0
W035,frames_in_order,consecutive_annotated,depth,matched_pairs,17.0
W035,frames_in_order,consecutive_annotated,depth,reappear_events_judged,0.0
W035,frames_in_order,consecutive_annotated,depth,reappear_same_class,
W035,frames_in_order,consecutive_annotated,depth,reappear_same_gt,
W035,frames_in_order,consecutive_annotated,depth,reappearance_rate,0.6666666666666666
W035,frames_in_order,consecutive_annotated,depth,seeded_regions,3.0
W035,frames_in_order,consecutive_annotated,depth,survival_backward,0.37777777777777777
W035,frames_in_order,consecutive_annotated,depth,survival_forward,0.35714285714285715
W035,frames_in_order,consecutive_annotated,normal,class_switch_rate,0.0
W035,frames_in_order,consecutive_annotated,normal,fragmentation_ge2,0.0
W035,frames_in_order,consecutive_annotated,normal,fragmentation_mean,1.0
W035,frames_in_order,consecutive_annotated,normal,gt_tracks_matched,2.0
W035,frames_in_order,consecutive_annotated,normal,id_switch_rate,0.0
W035,frames_in_order,consecutive_annotated,normal,matched_pairs,34.0
W035,frames_in_order,consecutive_annotated,normal,reappear_events_judged,0.0
W035,frames_in_order,consecutive_annotated,normal,reappear_same_class,
W035,frames_in_order,consecutive_annotated,normal,reappear_same_gt,
W035,frames_in_order,consecutive_annotated,normal,reappearance_rate,0.0
W035,frames_in_order,consecutive_annotated,normal,seeded_regions,2.0
W035,frames_in_order,consecutive_annotated,normal,survival_backward,1.0
W035,frames_in_order,consecutive_annotated,normal,survival_forward,1.0
W035,frames_in_order,consecutive_annotated,rgb,class_switch_rate,0.0
W035,frames_in_order,consecutive_annotated,rgb,fragmentation_ge2,0.25
W035,frames_in_order,consecutive_annotated,rgb,fragmentation_mean,1.25
W035,frames_in_order,consecutive_annotated,rgb,gt_tracks_matched,4.0
W035,frames_in_order,consecutive_annotated,rgb,id_switch_rate,0.03125
W035,frames_in_order,consecutive_annotated,rgb,matched_pairs,32.0
W035,frames_in_order,consecutive_annotated,rgb,reappear_events_judged,0.0
W035,frames_in_order,consecutive_annotated,rgb,reappear_same_class,
W035,frames_in_order,consecutive_annotated,rgb,reappear_same_gt,
W035,frames_in_order,consecutive_annotated,rgb,reappearance_rate,0.5555555555555556
W035,frames_in_order,consecutive_annotated,rgb,seeded_regions,9.0
W035,frames_in_order,consecutive_annotated,rgb,survival_backward,0.6370370370370371
W035,frames_in_order,consecutive_annotated,rgb,survival_forward,0.9285714285714286
W036,all,adjacent_samples,depth,class_switch_rate,0.0
W036,all,adjacent_samples,depth,fragmentation_ge2,0.0
W036,all,adjacent_samples,depth,fragmentation_mean,1.0
W036,all,adjacent_samples,depth,gt_tracks_matched,1.0
W036,all,adjacent_samples,depth,id_switch_rate,0.0
W036,all,adjacent_samples,depth,matched_pairs,15.0
W036,all,adjacent_samples,depth,reappear_events_judged,0.0
W036,all,adjacent_samples,depth,reappear_same_class,
W036,all,adjacent_samples,depth,reappear_same_gt,
W036,all,adjacent_samples,depth,reappearance_rate,0.0
W036,all,adjacent_samples,depth,seeded_regions,1.0
W036,all,adjacent_samples,depth,survival_backward,1.0
W036,all,adjacent_samples,depth,survival_forward,1.0
W036,all,adjacent_samples,normal,class_switch_rate,0.0
W036,all,adjacent_samples,normal,fragmentation_ge2,0.0
W036,all,adjacent_samples,normal,fragmentation_mean,1.0
W036,all,adjacent_samples,normal,gt_tracks_matched,1.0
W036,all,adjacent_samples,normal,id_switch_rate,0.0
W036,all,adjacent_samples,normal,matched_pairs,15.0
W036,all,adjacent_samples,normal,reappear_events_judged,0.0
W036,all,adjacent_samples,normal,reappear_same_class,
W036,all,adjacent_samples,normal,reappear_same_gt,
W036,all,adjacent_samples,normal,reappearance_rate,0.0
W036,all,adjacent_samples,normal,seeded_regions,1.0
W036,all,adjacent_samples,normal,survival_backward,1.0
W036,all,adjacent_samples,normal,survival_forward,1.0
W036,all,adjacent_samples,rgb,class_switch_rate,0.0
W036,all,adjacent_samples,rgb,fragmentation_ge2,0.0
W036,all,adjacent_samples,rgb,fragmentation_mean,1.0
W036,all,adjacent_samples,rgb,gt_tracks_matched,5.0
W036,all,adjacent_samples,rgb,id_switch_rate,0.0
W036,all,adjacent_samples,rgb,matched_pairs,19.0
W036,all,adjacent_samples,rgb,reappear_events_judged,0.0
W036,all,adjacent_samples,rgb,reappear_same_class,
W036,all,adjacent_samples,rgb,reappear_same_gt,
W036,all,adjacent_samples,rgb,reappearance_rate,0.2
W036,all,adjacent_samples,rgb,seeded_regions,10.0
W036,all,adjacent_samples,rgb,survival_backward,0.8400000000000001
W036,all,adjacent_samples,rgb,survival_forward,0.85
W036,all,consecutive_annotated,depth,class_switch_rate,0.0
W036,all,consecutive_annotated,depth,fragmentation_ge2,0.0
W036,all,consecutive_annotated,depth,fragmentation_mean,1.0
W036,all,consecutive_annotated,depth,gt_tracks_matched,1.0
W036,all,consecutive_annotated,depth,id_switch_rate,0.0
W036,all,consecutive_annotated,depth,matched_pairs,15.0
W036,all,consecutive_annotated,depth,reappear_events_judged,0.0
W036,all,consecutive_annotated,depth,reappear_same_class,
W036,all,consecutive_annotated,depth,reappear_same_gt,
W036,all,consecutive_annotated,depth,reappearance_rate,0.0
W036,all,consecutive_annotated,depth,seeded_regions,1.0
W036,all,consecutive_annotated,depth,survival_backward,1.0
W036,all,consecutive_annotated,depth,survival_forward,1.0
W036,all,consecutive_annotated,normal,class_switch_rate,0.0
W036,all,consecutive_annotated,normal,fragmentation_ge2,0.0
W036,all,consecutive_annotated,normal,fragmentation_mean,1.0
W036,all,consecutive_annotated,normal,gt_tracks_matched,1.0
W036,all,consecutive_annotated,normal,id_switch_rate,0.0
W036,all,consecutive_annotated,normal,matched_pairs,15.0
W036,all,consecutive_annotated,normal,reappear_events_judged,0.0
W036,all,consecutive_annotated,normal,reappear_same_class,
W036,all,consecutive_annotated,normal,reappear_same_gt,
W036,all,consecutive_annotated,normal,reappearance_rate,0.0
W036,all,consecutive_annotated,normal,seeded_regions,1.0
W036,all,consecutive_annotated,normal,survival_backward,1.0
W036,all,consecutive_annotated,normal,survival_forward,1.0
W036,all,consecutive_annotated,rgb,class_switch_rate,0.0
W036,all,consecutive_annotated,rgb,fragmentation_ge2,0.0
W036,all,consecutive_annotated,rgb,fragmentation_mean,1.0
W036,all,consecutive_annotated,rgb,gt_tracks_matched,5.0
W036,all,consecutive_annotated,rgb,id_switch_rate,0.0
W036,all,consecutive_annotated,rgb,matched_pairs,19.0
W036,all,consecutive_annotated,rgb,reappear_events_judged,0.0
W036,all,consecutive_annotated,rgb,reappear_same_class,
W036,all,consecutive_annotated,rgb,reappear_same_gt,
W036,all,consecutive_annotated,rgb,reappearance_rate,0.2
W036,all,consecutive_annotated,rgb,seeded_regions,10.0
W036,all,consecutive_annotated,rgb,survival_backward,0.8400000000000001
W036,all,consecutive_annotated,rgb,survival_forward,0.85
W036,frames_in_order,adjacent_samples,depth,class_switch_rate,0.0
W036,frames_in_order,adjacent_samples,depth,fragmentation_ge2,0.0
W036,frames_in_order,adjacent_samples,depth,fragmentation_mean,1.0
W036,frames_in_order,adjacent_samples,depth,gt_tracks_matched,1.0
W036,frames_in_order,adjacent_samples,depth,id_switch_rate,0.0
W036,frames_in_order,adjacent_samples,depth,matched_pairs,15.0
W036,frames_in_order,adjacent_samples,depth,reappear_events_judged,0.0
W036,frames_in_order,adjacent_samples,depth,reappear_same_class,
W036,frames_in_order,adjacent_samples,depth,reappear_same_gt,
W036,frames_in_order,adjacent_samples,depth,reappearance_rate,0.0
W036,frames_in_order,adjacent_samples,depth,seeded_regions,1.0
W036,frames_in_order,adjacent_samples,depth,survival_backward,1.0
W036,frames_in_order,adjacent_samples,depth,survival_forward,1.0
W036,frames_in_order,adjacent_samples,normal,class_switch_rate,0.0
W036,frames_in_order,adjacent_samples,normal,fragmentation_ge2,0.0
W036,frames_in_order,adjacent_samples,normal,fragmentation_mean,1.0
W036,frames_in_order,adjacent_samples,normal,gt_tracks_matched,1.0
W036,frames_in_order,adjacent_samples,normal,id_switch_rate,0.0
W036,frames_in_order,adjacent_samples,normal,matched_pairs,15.0
W036,frames_in_order,adjacent_samples,normal,reappear_events_judged,0.0
W036,frames_in_order,adjacent_samples,normal,reappear_same_class,
W036,frames_in_order,adjacent_samples,normal,reappear_same_gt,
W036,frames_in_order,adjacent_samples,normal,reappearance_rate,0.0
W036,frames_in_order,adjacent_samples,normal,seeded_regions,1.0
W036,frames_in_order,adjacent_samples,normal,survival_backward,1.0
W036,frames_in_order,adjacent_samples,normal,survival_forward,1.0
W036,frames_in_order,adjacent_samples,rgb,class_switch_rate,0.0
W036,frames_in_order,adjacent_samples,rgb,fragmentation_ge2,0.0
W036,frames_in_order,adjacent_samples,rgb,fragmentation_mean,1.0
W036,frames_in_order,adjacent_samples,rgb,gt_tracks_matched,5.0
W036,frames_in_order,adjacent_samples,rgb,id_switch_rate,0.0
W036,frames_in_order,adjacent_samples,rgb,matched_pairs,19.0
W036,frames_in_order,adjacent_samples,rgb,reappear_events_judged,0.0
W036,frames_in_order,adjacent_samples,rgb,reappear_same_class,
W036,frames_in_order,adjacent_samples,rgb,reappear_same_gt,
W036,frames_in_order,adjacent_samples,rgb,reappearance_rate,0.2
W036,frames_in_order,adjacent_samples,rgb,seeded_regions,10.0
W036,frames_in_order,adjacent_samples,rgb,survival_backward,0.8400000000000001
W036,frames_in_order,adjacent_samples,rgb,survival_forward,0.85
W036,frames_in_order,consecutive_annotated,depth,class_switch_rate,0.0
W036,frames_in_order,consecutive_annotated,depth,fragmentation_ge2,0.0
W036,frames_in_order,consecutive_annotated,depth,fragmentation_mean,1.0
W036,frames_in_order,consecutive_annotated,depth,gt_tracks_matched,1.0
W036,frames_in_order,consecutive_annotated,depth,id_switch_rate,0.0
W036,frames_in_order,consecutive_annotated,depth,matched_pairs,15.0
W036,frames_in_order,consecutive_annotated,depth,reappear_events_judged,0.0
W036,frames_in_order,consecutive_annotated,depth,reappear_same_class,
W036,frames_in_order,consecutive_annotated,depth,reappear_same_gt,
W036,frames_in_order,consecutive_annotated,depth,reappearance_rate,0.0
W036,frames_in_order,consecutive_annotated,depth,seeded_regions,1.0
W036,frames_in_order,consecutive_annotated,depth,survival_backward,1.0
W036,frames_in_order,consecutive_annotated,depth,survival_forward,1.0
W036,frames_in_order,consecutive_annotated,normal,class_switch_rate,0.0
W036,frames_in_order,consecutive_annotated,normal,fragmentation_ge2,0.0
W036,frames_in_order,consecutive_annotated,normal,fragmentation_mean,1.0
W036,frames_in_order,consecutive_annotated,normal,gt_tracks_matched,1.0
W036,frames_in_order,consecutive_annotated,normal,id_switch_rate,0.0
W036,frames_in_order,consecutive_annotated,normal,matched_pairs,15.0
W036,frames_in_order,consecutive_annotated,normal,reappear_events_judged,0.0
W036,frames_in_order,consecutive_annotated,normal,reappear_same_class,
W036,frames_in_order,consecutive_annotated,normal,reappear_same_gt,
W036,frames_in_order,consecutive_annotated,normal,reappearance_rate,0.0
W036,frames_in_order,consecutive_annotated,normal,seeded_regions,1.0
W036,frames_in_order,consecutive_annotated,normal,survival_backward,1.0
W036,frames_in_order,consecutive_annotated,normal,survival_forward,1.0
W036,frames_in_order,consecutive_annotated,rgb,class_switch_rate,0.0
W036,frames_in_order,consecutive_annotated,rgb,fragmentation_ge2,0.0
W036,frames_in_order,consecutive_annotated,rgb,fragmentation_mean,1.0
W036,frames_in_order,consecutive_annotated,rgb,gt_tracks_matched,5.0
W036,frames_in_order,consecutive_annotated,rgb,id_switch_rate,0.0
W036,frames_in_order,consecutive_annotated,rgb,matched_pairs,19.0
W036,frames_in_order,consecutive_annotated,rgb,reappear_events_judged,0.0
W036,frames_in_order,consecutive_annotated,rgb,reappear_same_class,
W036,frames_in_order,consecutive_annotated,rgb,reappear_same_gt,
W036,frames_in_order,consecutive_annotated,rgb,reappearance_rate,0.2
W036,frames_in_order,consecutive_annotated,rgb,seeded_regions,10.0
W036,frames_in_order,consecutive_annotated,rgb,survival_backward,0.8400000000000001
W036,frames_in_order,consecutive_annotated,rgb,survival_forward,0.85
W037,all,adjacent_samples,depth,class_switch_rate,0.0
W037,all,adjacent_samples,depth,fragmentation_ge2,0.0
W037,all,adjacent_samples,depth,fragmentation_mean,1.0
W037,all,adjacent_samples,depth,gt_tracks_matched,15.0
W037,all,adjacent_samples,depth,id_switch_rate,0.06
W037,all,adjacent_samples,depth,matched_pairs,50.0
W037,all,adjacent_samples,depth,reappear_events_judged,0.0
W037,all,adjacent_samples,depth,reappear_same_class,
W037,all,adjacent_samples,depth,reappear_same_gt,
W037,all,adjacent_samples,depth,reappearance_rate,0.1
W037,all,adjacent_samples,depth,seeded_regions,10.0
W037,all,adjacent_samples,depth,survival_backward,0.9066666666666666
W037,all,adjacent_samples,depth,survival_forward,1.0
W037,all,adjacent_samples,normal,class_switch_rate,0.0
W037,all,adjacent_samples,normal,fragmentation_ge2,0.0
W037,all,adjacent_samples,normal,fragmentation_mean,1.0
W037,all,adjacent_samples,normal,gt_tracks_matched,9.0
W037,all,adjacent_samples,normal,id_switch_rate,0.02631578947368421
W037,all,adjacent_samples,normal,matched_pairs,38.0
W037,all,adjacent_samples,normal,reappear_events_judged,0.0
W037,all,adjacent_samples,normal,reappear_same_class,
W037,all,adjacent_samples,normal,reappear_same_gt,
W037,all,adjacent_samples,normal,reappearance_rate,0.16666666666666666
W037,all,adjacent_samples,normal,seeded_regions,6.0
W037,all,adjacent_samples,normal,survival_backward,0.9111111111111111
W037,all,adjacent_samples,normal,survival_forward,1.0
W037,all,adjacent_samples,rgb,class_switch_rate,0.0
W037,all,adjacent_samples,rgb,fragmentation_ge2,0.0
W037,all,adjacent_samples,rgb,fragmentation_mean,1.0
W037,all,adjacent_samples,rgb,gt_tracks_matched,24.0
W037,all,adjacent_samples,rgb,id_switch_rate,0.04
W037,all,adjacent_samples,rgb,matched_pairs,100.0
W037,all,adjacent_samples,rgb,reappear_events_judged,0.0
W037,all,adjacent_samples,rgb,reappear_same_class,
W037,all,adjacent_samples,rgb,reappear_same_gt,
W037,all,adjacent_samples,rgb,reappearance_rate,0.125
W037,all,adjacent_samples,rgb,seeded_regions,16.0
W037,all,adjacent_samples,rgb,survival_backward,0.8375
W037,all,adjacent_samples,rgb,survival_forward,0.9910714285714286
W037,all,consecutive_annotated,depth,class_switch_rate,0.0
W037,all,consecutive_annotated,depth,fragmentation_ge2,0.09090909090909091
W037,all,consecutive_annotated,depth,fragmentation_mean,1.0909090909090908
W037,all,consecutive_annotated,depth,gt_tracks_matched,11.0
W037,all,consecutive_annotated,depth,id_switch_rate,0.09090909090909091
W037,all,consecutive_annotated,depth,matched_pairs,55.0
W037,all,consecutive_annotated,depth,reappear_events_judged,0.0
W037,all,consecutive_annotated,depth,reappear_same_class,
W037,all,consecutive_annotated,depth,reappear_same_gt,
W037,all,consecutive_annotated,depth,reappearance_rate,0.1
W037,all,consecutive_annotated,depth,seeded_regions,10.0
W037,all,consecutive_annotated,depth,survival_backward,0.9066666666666666
W037,all,consecutive_annotated,depth,survival_forward,1.0
W037,all,consecutive_annotated,normal,class_switch_rate,0.0
W037,all,consecutive_annotated,normal,fragmentation_ge2,0.0
W037,all,consecutive_annotated,normal,fragmentation_mean,1.0
W037,all,consecutive_annotated,normal,gt_tracks_matched,6.0
W037,all,consecutive_annotated,normal,id_switch_rate,0.047619047619047616
W037,all,consecutive_annotated,normal,matched_pairs,42.0
W037,all,consecutive_annotated,normal,reappear_events_judged,0.0
W037,all,consecutive_annotated,normal,reappear_same_class,
W037,all,consecutive_annotated,normal,reappear_same_gt,
W037,all,consecutive_annotated,normal,reappearance_rate,0.16666666666666666
W037,all,consecutive_annotated,normal,seeded_regions,6.0
W037,all,consecutive_annotated,normal,survival_backward,0.9111111111111111
W037,all,consecutive_annotated,normal,survival_forward,1.0
W037,all,consecutive_annotated,rgb,class_switch_rate,0.0
W037,all,consecutive_annotated,rgb,fragmentation_ge2,0.05555555555555555
W037,all,consecutive_annotated,rgb,fragmentation_mean,1.0555555555555556
W037,all,consecutive_annotated,rgb,gt_tracks_matched,18.0
W037,all,consecutive_annotated,rgb,id_switch_rate,0.04716981132075472
W037,all,consecutive_annotated,rgb,matched_pairs,106.0
W037,all,consecutive_annotated,rgb,reappear_events_judged,0.0
W037,all,consecutive_annotated,rgb,reappear_same_class,
W037,all,consecutive_annotated,rgb,reappear_same_gt,
W037,all,consecutive_annotated,rgb,reappearance_rate,0.125
W037,all,consecutive_annotated,rgb,seeded_regions,16.0
W037,all,consecutive_annotated,rgb,survival_backward,0.8375
W037,all,consecutive_annotated,rgb,survival_forward,0.9910714285714286
W037,frames_in_order,adjacent_samples,depth,class_switch_rate,0.0
W037,frames_in_order,adjacent_samples,depth,fragmentation_ge2,0.0
W037,frames_in_order,adjacent_samples,depth,fragmentation_mean,1.0
W037,frames_in_order,adjacent_samples,depth,gt_tracks_matched,15.0
W037,frames_in_order,adjacent_samples,depth,id_switch_rate,0.06
W037,frames_in_order,adjacent_samples,depth,matched_pairs,50.0
W037,frames_in_order,adjacent_samples,depth,reappear_events_judged,0.0
W037,frames_in_order,adjacent_samples,depth,reappear_same_class,
W037,frames_in_order,adjacent_samples,depth,reappear_same_gt,
W037,frames_in_order,adjacent_samples,depth,reappearance_rate,0.1
W037,frames_in_order,adjacent_samples,depth,seeded_regions,10.0
W037,frames_in_order,adjacent_samples,depth,survival_backward,0.9066666666666666
W037,frames_in_order,adjacent_samples,depth,survival_forward,1.0
W037,frames_in_order,adjacent_samples,normal,class_switch_rate,0.0
W037,frames_in_order,adjacent_samples,normal,fragmentation_ge2,0.0
W037,frames_in_order,adjacent_samples,normal,fragmentation_mean,1.0
W037,frames_in_order,adjacent_samples,normal,gt_tracks_matched,9.0
W037,frames_in_order,adjacent_samples,normal,id_switch_rate,0.02631578947368421
W037,frames_in_order,adjacent_samples,normal,matched_pairs,38.0
W037,frames_in_order,adjacent_samples,normal,reappear_events_judged,0.0
W037,frames_in_order,adjacent_samples,normal,reappear_same_class,
W037,frames_in_order,adjacent_samples,normal,reappear_same_gt,
W037,frames_in_order,adjacent_samples,normal,reappearance_rate,0.16666666666666666
W037,frames_in_order,adjacent_samples,normal,seeded_regions,6.0
W037,frames_in_order,adjacent_samples,normal,survival_backward,0.9111111111111111
W037,frames_in_order,adjacent_samples,normal,survival_forward,1.0
W037,frames_in_order,adjacent_samples,rgb,class_switch_rate,0.0
W037,frames_in_order,adjacent_samples,rgb,fragmentation_ge2,0.0
W037,frames_in_order,adjacent_samples,rgb,fragmentation_mean,1.0
W037,frames_in_order,adjacent_samples,rgb,gt_tracks_matched,24.0
W037,frames_in_order,adjacent_samples,rgb,id_switch_rate,0.04
W037,frames_in_order,adjacent_samples,rgb,matched_pairs,100.0
W037,frames_in_order,adjacent_samples,rgb,reappear_events_judged,0.0
W037,frames_in_order,adjacent_samples,rgb,reappear_same_class,
W037,frames_in_order,adjacent_samples,rgb,reappear_same_gt,
W037,frames_in_order,adjacent_samples,rgb,reappearance_rate,0.125
W037,frames_in_order,adjacent_samples,rgb,seeded_regions,16.0
W037,frames_in_order,adjacent_samples,rgb,survival_backward,0.8375
W037,frames_in_order,adjacent_samples,rgb,survival_forward,0.9910714285714286
W037,frames_in_order,consecutive_annotated,depth,class_switch_rate,0.0
W037,frames_in_order,consecutive_annotated,depth,fragmentation_ge2,0.09090909090909091
W037,frames_in_order,consecutive_annotated,depth,fragmentation_mean,1.0909090909090908
W037,frames_in_order,consecutive_annotated,depth,gt_tracks_matched,11.0
W037,frames_in_order,consecutive_annotated,depth,id_switch_rate,0.09090909090909091
W037,frames_in_order,consecutive_annotated,depth,matched_pairs,55.0
W037,frames_in_order,consecutive_annotated,depth,reappear_events_judged,0.0
W037,frames_in_order,consecutive_annotated,depth,reappear_same_class,
W037,frames_in_order,consecutive_annotated,depth,reappear_same_gt,
W037,frames_in_order,consecutive_annotated,depth,reappearance_rate,0.1
W037,frames_in_order,consecutive_annotated,depth,seeded_regions,10.0
W037,frames_in_order,consecutive_annotated,depth,survival_backward,0.9066666666666666
W037,frames_in_order,consecutive_annotated,depth,survival_forward,1.0
W037,frames_in_order,consecutive_annotated,normal,class_switch_rate,0.0
W037,frames_in_order,consecutive_annotated,normal,fragmentation_ge2,0.0
W037,frames_in_order,consecutive_annotated,normal,fragmentation_mean,1.0
W037,frames_in_order,consecutive_annotated,normal,gt_tracks_matched,6.0
W037,frames_in_order,consecutive_annotated,normal,id_switch_rate,0.047619047619047616
W037,frames_in_order,consecutive_annotated,normal,matched_pairs,42.0
W037,frames_in_order,consecutive_annotated,normal,reappear_events_judged,0.0
W037,frames_in_order,consecutive_annotated,normal,reappear_same_class,
W037,frames_in_order,consecutive_annotated,normal,reappear_same_gt,
W037,frames_in_order,consecutive_annotated,normal,reappearance_rate,0.16666666666666666
W037,frames_in_order,consecutive_annotated,normal,seeded_regions,6.0
W037,frames_in_order,consecutive_annotated,normal,survival_backward,0.9111111111111111
W037,frames_in_order,consecutive_annotated,normal,survival_forward,1.0
W037,frames_in_order,consecutive_annotated,rgb,class_switch_rate,0.0
W037,frames_in_order,consecutive_annotated,rgb,fragmentation_ge2,0.05555555555555555
W037,frames_in_order,consecutive_annotated,rgb,fragmentation_mean,1.0555555555555556
W037,frames_in_order,consecutive_annotated,rgb,gt_tracks_matched,18.0
W037,frames_in_order,consecutive_annotated,rgb,id_switch_rate,0.04716981132075472
W037,frames_in_order,consecutive_annotated,rgb,matched_pairs,106.0
W037,frames_in_order,consecutive_annotated,rgb,reappear_events_judged,0.0
W037,frames_in_order,consecutive_annotated,rgb,reappear_same_class,
W037,frames_in_order,consecutive_annotated,rgb,reappear_same_gt,
W037,frames_in_order,consecutive_annotated,rgb,reappearance_rate,0.125
W037,frames_in_order,consecutive_annotated,rgb,seeded_regions,16.0
W037,frames_in_order,consecutive_annotated,rgb,survival_backward,0.8375
W037,frames_in_order,consecutive_annotated,rgb,survival_forward,0.9910714285714286
W038,all,adjacent_samples,depth,class_switch_rate,0.0
W038,all,adjacent_samples,depth,fragmentation_ge2,0.05263157894736842
W038,all,adjacent_samples,depth,fragmentation_mean,1.0526315789473684
W038,all,adjacent_samples,depth,gt_tracks_matched,19.0
W038,all,adjacent_samples,depth,id_switch_rate,0.1076923076923077
W038,all,adjacent_samples,depth,matched_pairs,65.0
W038,all,adjacent_samples,depth,reappear_events_judged,0.0
W038,all,adjacent_samples,depth,reappear_same_class,
W038,all,adjacent_samples,depth,reappear_same_gt,
W038,all,adjacent_samples,depth,reappearance_rate,0.09090909090909091
W038,all,adjacent_samples,depth,seeded_regions,11.0
W038,all,adjacent_samples,depth,survival_backward,0.8666666666666667
W038,all,adjacent_samples,depth,survival_forward,0.9285714285714287
W038,all,adjacent_samples,normal,class_switch_rate,0.010526315789473684
W038,all,adjacent_samples,normal,fragmentation_ge2,0.043478260869565216
W038,all,adjacent_samples,normal,fragmentation_mean,1.0434782608695652
W038,all,adjacent_samples,normal,gt_tracks_matched,23.0
W038,all,adjacent_samples,normal,id_switch_rate,0.06315789473684211
W038,all,adjacent_samples,normal,matched_pairs,95.0
W038,all,adjacent_samples,normal,reappear_events_judged,0.0
W038,all,adjacent_samples,normal,reappear_same_class,
W038,all,adjacent_samples,normal,reappear_same_gt,
W038,all,adjacent_samples,normal,reappearance_rate,0.1875
W038,all,adjacent_samples,normal,seeded_regions,16.0
W038,all,adjacent_samples,normal,survival_backward,0.8875
W038,all,adjacent_samples,normal,survival_forward,0.8526785714285714
W038,all,adjacent_samples,rgb,class_switch_rate,0.0
W038,all,adjacent_samples,rgb,fragmentation_ge2,0.030303030303030304
W038,all,adjacent_samples,rgb,fragmentation_mean,1.0303030303030303
W038,all,adjacent_samples,rgb,gt_tracks_matched,33.0
W038,all,adjacent_samples,rgb,id_switch_rate,0.06818181818181818
W038,all,adjacent_samples,rgb,matched_pairs,132.0
W038,all,adjacent_samples,rgb,reappear_events_judged,1.0
W038,all,adjacent_samples,rgb,reappear_same_class,1.0
W038,all,adjacent_samples,rgb,reappear_same_gt,0.0
W038,all,adjacent_samples,rgb,reappearance_rate,0.23809523809523808
W038,all,adjacent_samples,rgb,seeded_regions,21.0
W038,all,adjacent_samples,rgb,survival_backward,0.888888888888889
W038,all,adjacent_samples,rgb,survival_forward,0.9013605442176872
W038,all,consecutive_annotated,depth,class_switch_rate,0.0
W038,all,consecutive_annotated,depth,fragmentation_ge2,0.06666666666666667
W038,all,consecutive_annotated,depth,fragmentation_mean,1.0666666666666667
W038,all,consecutive_annotated,depth,gt_tracks_matched,15.0
W038,all,consecutive_annotated,depth,id_switch_rate,0.12857142857142856
W038,all,consecutive_annotated,depth,matched_pairs,70.0
W038,all,consecutive_annotated,depth,reappear_events_judged,0.0
W038,all,consecutive_annotated,depth,reappear_same_class,
W038,all,consecutive_annotated,depth,reappear_same_gt,
W038,all,consecutive_annotated,depth,reappearance_rate,0.09090909090909091
W038,all,consecutive_annotated,depth,seeded_regions,11.0
W038,all,consecutive_annotated,depth,survival_backward,0.8666666666666667
W038,all,consecutive_annotated,depth,survival_forward,0.9285714285714287
W038,all,consecutive_annotated,normal,class_switch_rate,0.009900990099009901
W038,all,consecutive_annotated,normal,fragmentation_ge2,0.125
W038,all,consecutive_annotated,normal,fragmentation_mean,1.1875
W038,all,consecutive_annotated,normal,gt_tracks_matched,16.0
W038,all,consecutive_annotated,normal,id_switch_rate,0.06930693069306931
W038,all,consecutive_annotated,normal,matched_pairs,101.0
W038,all,consecutive_annotated,normal,reappear_events_judged,0.0
W038,all,consecutive_annotated,normal,reappear_same_class,
W038,all,consecutive_annotated,normal,reappear_same_gt,
W038,all,consecutive_annotated,normal,reappearance_rate,0.1875
W038,all,consecutive_annotated,normal,seeded_regions,16.0
W038,all,consecutive_annotated,normal,survival_backward,0.8875
W038,all,consecutive_annotated,normal,survival_forward,0.8526785714285714
W038,all,consecutive_annotated,rgb,class_switch_rate,0.0
W038,all,consecutive_annotated,rgb,fragmentation_ge2,0.07407407407407407
W038,all,consecutive_annotated,rgb,fragmentation_mean,1.0740740740740742
W038,all,consecutive_annotated,rgb,gt_tracks_matched,27.0
W038,all,consecutive_annotated,rgb,id_switch_rate,0.09929078014184398
W038,all,consecutive_annotated,rgb,matched_pairs,141.0
W038,all,consecutive_annotated,rgb,reappear_events_judged,1.0
W038,all,consecutive_annotated,rgb,reappear_same_class,1.0
W038,all,consecutive_annotated,rgb,reappear_same_gt,0.0
W038,all,consecutive_annotated,rgb,reappearance_rate,0.23809523809523808
W038,all,consecutive_annotated,rgb,seeded_regions,21.0
W038,all,consecutive_annotated,rgb,survival_backward,0.888888888888889
W038,all,consecutive_annotated,rgb,survival_forward,0.9013605442176872
W038,frames_in_order,adjacent_samples,depth,class_switch_rate,0.0
W038,frames_in_order,adjacent_samples,depth,fragmentation_ge2,0.05263157894736842
W038,frames_in_order,adjacent_samples,depth,fragmentation_mean,1.0526315789473684
W038,frames_in_order,adjacent_samples,depth,gt_tracks_matched,19.0
W038,frames_in_order,adjacent_samples,depth,id_switch_rate,0.1076923076923077
W038,frames_in_order,adjacent_samples,depth,matched_pairs,65.0
W038,frames_in_order,adjacent_samples,depth,reappear_events_judged,0.0
W038,frames_in_order,adjacent_samples,depth,reappear_same_class,
W038,frames_in_order,adjacent_samples,depth,reappear_same_gt,
W038,frames_in_order,adjacent_samples,depth,reappearance_rate,0.09090909090909091
W038,frames_in_order,adjacent_samples,depth,seeded_regions,11.0
W038,frames_in_order,adjacent_samples,depth,survival_backward,0.8666666666666667
W038,frames_in_order,adjacent_samples,depth,survival_forward,0.9285714285714287
W038,frames_in_order,adjacent_samples,normal,class_switch_rate,0.010526315789473684
W038,frames_in_order,adjacent_samples,normal,fragmentation_ge2,0.043478260869565216
W038,frames_in_order,adjacent_samples,normal,fragmentation_mean,1.0434782608695652
W038,frames_in_order,adjacent_samples,normal,gt_tracks_matched,23.0
W038,frames_in_order,adjacent_samples,normal,id_switch_rate,0.06315789473684211
W038,frames_in_order,adjacent_samples,normal,matched_pairs,95.0
W038,frames_in_order,adjacent_samples,normal,reappear_events_judged,0.0
W038,frames_in_order,adjacent_samples,normal,reappear_same_class,
W038,frames_in_order,adjacent_samples,normal,reappear_same_gt,
W038,frames_in_order,adjacent_samples,normal,reappearance_rate,0.1875
W038,frames_in_order,adjacent_samples,normal,seeded_regions,16.0
W038,frames_in_order,adjacent_samples,normal,survival_backward,0.8875
W038,frames_in_order,adjacent_samples,normal,survival_forward,0.8526785714285714
W038,frames_in_order,adjacent_samples,rgb,class_switch_rate,0.0
W038,frames_in_order,adjacent_samples,rgb,fragmentation_ge2,0.030303030303030304
W038,frames_in_order,adjacent_samples,rgb,fragmentation_mean,1.0303030303030303
W038,frames_in_order,adjacent_samples,rgb,gt_tracks_matched,33.0
W038,frames_in_order,adjacent_samples,rgb,id_switch_rate,0.06818181818181818
W038,frames_in_order,adjacent_samples,rgb,matched_pairs,132.0
W038,frames_in_order,adjacent_samples,rgb,reappear_events_judged,1.0
W038,frames_in_order,adjacent_samples,rgb,reappear_same_class,1.0
W038,frames_in_order,adjacent_samples,rgb,reappear_same_gt,0.0
W038,frames_in_order,adjacent_samples,rgb,reappearance_rate,0.23809523809523808
W038,frames_in_order,adjacent_samples,rgb,seeded_regions,21.0
W038,frames_in_order,adjacent_samples,rgb,survival_backward,0.888888888888889
W038,frames_in_order,adjacent_samples,rgb,survival_forward,0.9013605442176872
W038,frames_in_order,consecutive_annotated,depth,class_switch_rate,0.0
W038,frames_in_order,consecutive_annotated,depth,fragmentation_ge2,0.06666666666666667
W038,frames_in_order,consecutive_annotated,depth,fragmentation_mean,1.0666666666666667
W038,frames_in_order,consecutive_annotated,depth,gt_tracks_matched,15.0
W038,frames_in_order,consecutive_annotated,depth,id_switch_rate,0.12857142857142856
W038,frames_in_order,consecutive_annotated,depth,matched_pairs,70.0
W038,frames_in_order,consecutive_annotated,depth,reappear_events_judged,0.0
W038,frames_in_order,consecutive_annotated,depth,reappear_same_class,
W038,frames_in_order,consecutive_annotated,depth,reappear_same_gt,
W038,frames_in_order,consecutive_annotated,depth,reappearance_rate,0.09090909090909091
W038,frames_in_order,consecutive_annotated,depth,seeded_regions,11.0
W038,frames_in_order,consecutive_annotated,depth,survival_backward,0.8666666666666667
W038,frames_in_order,consecutive_annotated,depth,survival_forward,0.9285714285714287
W038,frames_in_order,consecutive_annotated,normal,class_switch_rate,0.009900990099009901
W038,frames_in_order,consecutive_annotated,normal,fragmentation_ge2,0.125
W038,frames_in_order,consecutive_annotated,normal,fragmentation_mean,1.1875
W038,frames_in_order,consecutive_annotated,normal,gt_tracks_matched,16.0
W038,frames_in_order,consecutive_annotated,normal,id_switch_rate,0.06930693069306931
W038,frames_in_order,consecutive_annotated,normal,matched_pairs,101.0
W038,frames_in_order,consecutive_annotated,normal,reappear_events_judged,0.0
W038,frames_in_order,consecutive_annotated,normal,reappear_same_class,
W038,frames_in_order,consecutive_annotated,normal,reappear_same_gt,
W038,frames_in_order,consecutive_annotated,normal,reappearance_rate,0.1875
W038,frames_in_order,consecutive_annotated,normal,seeded_regions,16.0
W038,frames_in_order,consecutive_annotated,normal,survival_backward,0.8875
W038,frames_in_order,consecutive_annotated,normal,survival_forward,0.8526785714285714
W038,frames_in_order,consecutive_annotated,rgb,class_switch_rate,0.0
W038,frames_in_order,consecutive_annotated,rgb,fragmentation_ge2,0.07407407407407407
W038,frames_in_order,consecutive_annotated,rgb,fragmentation_mean,1.0740740740740742
W038,frames_in_order,consecutive_annotated,rgb,gt_tracks_matched,27.0
W038,frames_in_order,consecutive_annotated,rgb,id_switch_rate,0.09929078014184398
W038,frames_in_order,consecutive_annotated,rgb,matched_pairs,141.0
W038,frames_in_order,consecutive_annotated,rgb,reappear_events_judged,1.0
W038,frames_in_order,consecutive_annotated,rgb,reappear_same_class,1.0
W038,frames_in_order,consecutive_annotated,rgb,reappear_same_gt,0.0
W038,frames_in_order,consecutive_annotated,rgb,reappearance_rate,0.23809523809523808
W038,frames_in_order,consecutive_annotated,rgb,seeded_regions,21.0
W038,frames_in_order,consecutive_annotated,rgb,survival_backward,0.888888888888889
W038,frames_in_order,consecutive_annotated,rgb,survival_forward,0.9013605442176872
W039,all,adjacent_samples,depth,class_switch_rate,0.0
W039,all,adjacent_samples,depth,fragmentation_ge2,0.0
W039,all,adjacent_samples,depth,fragmentation_mean,1.0
W039,all,adjacent_samples,depth,gt_tracks_matched,17.0
W039,all,adjacent_samples,depth,id_switch_rate,0.16279069767441862
W039,all,adjacent_samples,depth,matched_pairs,43.0
W039,all,adjacent_samples,depth,reappear_events_judged,0.0
W039,all,adjacent_samples,depth,reappear_same_class,
W039,all,adjacent_samples,depth,reappear_same_gt,
W039,all,adjacent_samples,depth,reappearance_rate,0.0
W039,all,adjacent_samples,depth,seeded_regions,5.0
W039,all,adjacent_samples,depth,survival_backward,1.0
W039,all,adjacent_samples,depth,survival_forward,0.7285714285714285
W039,all,adjacent_samples,normal,class_switch_rate,0.0
W039,all,adjacent_samples,normal,fragmentation_ge2,0.0
W039,all,adjacent_samples,normal,fragmentation_mean,1.0
W039,all,adjacent_samples,normal,gt_tracks_matched,27.0
W039,all,adjacent_samples,normal,id_switch_rate,0.13043478260869565
W039,all,adjacent_samples,normal,matched_pairs,69.0
W039,all,adjacent_samples,normal,reappear_events_judged,1.0
W039,all,adjacent_samples,normal,reappear_same_class,1.0
W039,all,adjacent_samples,normal,reappear_same_gt,0.0
W039,all,adjacent_samples,normal,reappearance_rate,0.2
W039,all,adjacent_samples,normal,seeded_regions,10.0
W039,all,adjacent_samples,normal,survival_backward,0.9266666666666665
W039,all,adjacent_samples,normal,survival_forward,0.9
W039,all,adjacent_samples,rgb,class_switch_rate,0.0
W039,all,adjacent_samples,rgb,fragmentation_ge2,0.05714285714285714
W039,all,adjacent_samples,rgb,fragmentation_mean,1.0571428571428572
W039,all,adjacent_samples,rgb,gt_tracks_matched,35.0
W039,all,adjacent_samples,rgb,id_switch_rate,0.07964601769911504
W039,all,adjacent_samples,rgb,matched_pairs,113.0
W039,all,adjacent_samples,rgb,reappear_events_judged,0.0
W039,all,adjacent_samples,rgb,reappear_same_class,
W039,all,adjacent_samples,rgb,reappear_same_gt,
W039,all,adjacent_samples,rgb,reappearance_rate,0.2631578947368421
W039,all,adjacent_samples,rgb,seeded_regions,19.0
W039,all,adjacent_samples,rgb,survival_backward,0.8947368421052632
W039,all,adjacent_samples,rgb,survival_forward,0.7330827067669172
W039,all,consecutive_annotated,depth,class_switch_rate,0.0
W039,all,consecutive_annotated,depth,fragmentation_ge2,0.0
W039,all,consecutive_annotated,depth,fragmentation_mean,1.0
W039,all,consecutive_annotated,depth,gt_tracks_matched,15.0
W039,all,consecutive_annotated,depth,id_switch_rate,0.2127659574468085
W039,all,consecutive_annotated,depth,matched_pairs,47.0
W039,all,consecutive_annotated,depth,reappear_events_judged,0.0
W039,all,consecutive_annotated,depth,reappear_same_class,
W039,all,consecutive_annotated,depth,reappear_same_gt,
W039,all,consecutive_annotated,depth,reappearance_rate,0.0
W039,all,consecutive_annotated,depth,seeded_regions,5.0
W039,all,consecutive_annotated,depth,survival_backward,1.0
W039,all,consecutive_annotated,depth,survival_forward,0.7285714285714285
W039,all,consecutive_annotated,normal,class_switch_rate,0.0
W039,all,consecutive_annotated,normal,fragmentation_ge2,0.047619047619047616
W039,all,consecutive_annotated,normal,fragmentation_mean,1.0476190476190477
W039,all,consecutive_annotated,normal,gt_tracks_matched,21.0
W039,all,consecutive_annotated,normal,id_switch_rate,0.15789473684210525
W039,all,consecutive_annotated,normal,matched_pairs,76.0
W039,all,consecutive_annotated,normal,reappear_events_judged,1.0
W039,all,consecutive_annotated,normal,reappear_same_class,1.0
W039,all,consecutive_annotated,normal,reappear_same_gt,0.0
W039,all,consecutive_annotated,normal,reappearance_rate,0.2
W039,all,consecutive_annotated,normal,seeded_regions,10.0
W039,all,consecutive_annotated,normal,survival_backward,0.9266666666666665
W039,all,consecutive_annotated,normal,survival_forward,0.9
W039,all,consecutive_annotated,rgb,class_switch_rate,0.00819672131147541
W039,all,consecutive_annotated,rgb,fragmentation_ge2,0.07407407407407407
W039,all,consecutive_annotated,rgb,fragmentation_mean,1.0740740740740742
W039,all,consecutive_annotated,rgb,gt_tracks_matched,27.0
W039,all,consecutive_annotated,rgb,id_switch_rate,0.09836065573770492
W039,all,consecutive_annotated,rgb,matched_pairs,122.0
W039,all,consecutive_annotated,rgb,reappear_events_judged,0.0
W039,all,consecutive_annotated,rgb,reappear_same_class,
W039,all,consecutive_annotated,rgb,reappear_same_gt,
W039,all,consecutive_annotated,rgb,reappearance_rate,0.2631578947368421
W039,all,consecutive_annotated,rgb,seeded_regions,19.0
W039,all,consecutive_annotated,rgb,survival_backward,0.8947368421052632
W039,all,consecutive_annotated,rgb,survival_forward,0.7330827067669172
W039,frames_in_order,adjacent_samples,depth,class_switch_rate,0.0
W039,frames_in_order,adjacent_samples,depth,fragmentation_ge2,0.0
W039,frames_in_order,adjacent_samples,depth,fragmentation_mean,1.0
W039,frames_in_order,adjacent_samples,depth,gt_tracks_matched,17.0
W039,frames_in_order,adjacent_samples,depth,id_switch_rate,0.16279069767441862
W039,frames_in_order,adjacent_samples,depth,matched_pairs,43.0
W039,frames_in_order,adjacent_samples,depth,reappear_events_judged,0.0
W039,frames_in_order,adjacent_samples,depth,reappear_same_class,
W039,frames_in_order,adjacent_samples,depth,reappear_same_gt,
W039,frames_in_order,adjacent_samples,depth,reappearance_rate,0.0
W039,frames_in_order,adjacent_samples,depth,seeded_regions,5.0
W039,frames_in_order,adjacent_samples,depth,survival_backward,1.0
W039,frames_in_order,adjacent_samples,depth,survival_forward,0.7285714285714285
W039,frames_in_order,adjacent_samples,normal,class_switch_rate,0.0
W039,frames_in_order,adjacent_samples,normal,fragmentation_ge2,0.0
W039,frames_in_order,adjacent_samples,normal,fragmentation_mean,1.0
W039,frames_in_order,adjacent_samples,normal,gt_tracks_matched,27.0
W039,frames_in_order,adjacent_samples,normal,id_switch_rate,0.13043478260869565
W039,frames_in_order,adjacent_samples,normal,matched_pairs,69.0
W039,frames_in_order,adjacent_samples,normal,reappear_events_judged,1.0
W039,frames_in_order,adjacent_samples,normal,reappear_same_class,1.0
W039,frames_in_order,adjacent_samples,normal,reappear_same_gt,0.0
W039,frames_in_order,adjacent_samples,normal,reappearance_rate,0.2
W039,frames_in_order,adjacent_samples,normal,seeded_regions,10.0
W039,frames_in_order,adjacent_samples,normal,survival_backward,0.9266666666666665
W039,frames_in_order,adjacent_samples,normal,survival_forward,0.9
W039,frames_in_order,adjacent_samples,rgb,class_switch_rate,0.0
W039,frames_in_order,adjacent_samples,rgb,fragmentation_ge2,0.05714285714285714
W039,frames_in_order,adjacent_samples,rgb,fragmentation_mean,1.0571428571428572
W039,frames_in_order,adjacent_samples,rgb,gt_tracks_matched,35.0
W039,frames_in_order,adjacent_samples,rgb,id_switch_rate,0.07964601769911504
W039,frames_in_order,adjacent_samples,rgb,matched_pairs,113.0
W039,frames_in_order,adjacent_samples,rgb,reappear_events_judged,0.0
W039,frames_in_order,adjacent_samples,rgb,reappear_same_class,
W039,frames_in_order,adjacent_samples,rgb,reappear_same_gt,
W039,frames_in_order,adjacent_samples,rgb,reappearance_rate,0.2631578947368421
W039,frames_in_order,adjacent_samples,rgb,seeded_regions,19.0
W039,frames_in_order,adjacent_samples,rgb,survival_backward,0.8947368421052632
W039,frames_in_order,adjacent_samples,rgb,survival_forward,0.7330827067669172
W039,frames_in_order,consecutive_annotated,depth,class_switch_rate,0.0
W039,frames_in_order,consecutive_annotated,depth,fragmentation_ge2,0.0
W039,frames_in_order,consecutive_annotated,depth,fragmentation_mean,1.0
W039,frames_in_order,consecutive_annotated,depth,gt_tracks_matched,15.0
W039,frames_in_order,consecutive_annotated,depth,id_switch_rate,0.2127659574468085
W039,frames_in_order,consecutive_annotated,depth,matched_pairs,47.0
W039,frames_in_order,consecutive_annotated,depth,reappear_events_judged,0.0
W039,frames_in_order,consecutive_annotated,depth,reappear_same_class,
W039,frames_in_order,consecutive_annotated,depth,reappear_same_gt,
W039,frames_in_order,consecutive_annotated,depth,reappearance_rate,0.0
W039,frames_in_order,consecutive_annotated,depth,seeded_regions,5.0
W039,frames_in_order,consecutive_annotated,depth,survival_backward,1.0
W039,frames_in_order,consecutive_annotated,depth,survival_forward,0.7285714285714285
W039,frames_in_order,consecutive_annotated,normal,class_switch_rate,0.0
W039,frames_in_order,consecutive_annotated,normal,fragmentation_ge2,0.047619047619047616
W039,frames_in_order,consecutive_annotated,normal,fragmentation_mean,1.0476190476190477
W039,frames_in_order,consecutive_annotated,normal,gt_tracks_matched,21.0
W039,frames_in_order,consecutive_annotated,normal,id_switch_rate,0.15789473684210525
W039,frames_in_order,consecutive_annotated,normal,matched_pairs,76.0
W039,frames_in_order,consecutive_annotated,normal,reappear_events_judged,1.0
W039,frames_in_order,consecutive_annotated,normal,reappear_same_class,1.0
W039,frames_in_order,consecutive_annotated,normal,reappear_same_gt,0.0
W039,frames_in_order,consecutive_annotated,normal,reappearance_rate,0.2
W039,frames_in_order,consecutive_annotated,normal,seeded_regions,10.0
W039,frames_in_order,consecutive_annotated,normal,survival_backward,0.9266666666666665
W039,frames_in_order,consecutive_annotated,normal,survival_forward,0.9
W039,frames_in_order,consecutive_annotated,rgb,class_switch_rate,0.00819672131147541
W039,frames_in_order,consecutive_annotated,rgb,fragmentation_ge2,0.07407407407407407
W039,frames_in_order,consecutive_annotated,rgb,fragmentation_mean,1.0740740740740742
W039,frames_in_order,consecutive_annotated,rgb,gt_tracks_matched,27.0
W039,frames_in_order,consecutive_annotated,rgb,id_switch_rate,0.09836065573770492
W039,frames_in_order,consecutive_annotated,rgb,matched_pairs,122.0
W039,frames_in_order,consecutive_annotated,rgb,reappear_events_judged,0.0
W039,frames_in_order,consecutive_annotated,rgb,reappear_same_class,
W039,frames_in_order,consecutive_annotated,rgb,reappear_same_gt,
W039,frames_in_order,consecutive_annotated,rgb,reappearance_rate,0.2631578947368421
W039,frames_in_order,consecutive_annotated,rgb,seeded_regions,19.0
W039,frames_in_order,consecutive_annotated,rgb,survival_backward,0.8947368421052632
W039,frames_in_order,consecutive_annotated,rgb,survival_forward,0.7330827067669172
W040,all,adjacent_samples,depth,class_switch_rate,0.0
W040,all,adjacent_samples,depth,fragmentation_ge2,0.0
W040,all,adjacent_samples,depth,fragmentation_mean,1.0
W040,all,adjacent_samples,depth,gt_tracks_matched,13.0
W040,all,adjacent_samples,depth,id_switch_rate,0.14285714285714285
W040,all,adjacent_samples,depth,matched_pairs,28.0
W040,all,adjacent_samples,depth,reappear_events_judged,0.0
W040,all,adjacent_samples,depth,reappear_same_class,
W040,all,adjacent_samples,depth,reappear_same_gt,
W040,all,adjacent_samples,depth,reappearance_rate,0.3333333333333333
W040,all,adjacent_samples,depth,seeded_regions,6.0
W040,all,adjacent_samples,depth,survival_backward,0.8444444444444444
W040,all,adjacent_samples,depth,survival_forward,0.7142857142857143
W040,all,adjacent_samples,normal,class_switch_rate,0.0
W040,all,adjacent_samples,normal,fragmentation_ge2,0.034482758620689655
W040,all,adjacent_samples,normal,fragmentation_mean,1.0344827586206897
W040,all,adjacent_samples,normal,gt_tracks_matched,29.0
W040,all,adjacent_samples,normal,id_switch_rate,0.0684931506849315
W040,all,adjacent_samples,normal,matched_pairs,73.0
W040,all,adjacent_samples,normal,reappear_events_judged,0.0
W040,all,adjacent_samples,normal,reappear_same_class,
W040,all,adjacent_samples,normal,reappear_same_gt,
W040,all,adjacent_samples,normal,reappearance_rate,0.09090909090909091
W040,all,adjacent_samples,normal,seeded_regions,11.0
W040,all,adjacent_samples,normal,survival_backward,1.0
W040,all,adjacent_samples,normal,survival_forward,0.7532467532467532
W040,all,adjacent_samples,rgb,class_switch_rate,0.0
W040,all,adjacent_samples,rgb,fragmentation_ge2,0.038461538461538464
W040,all,adjacent_samples,rgb,fragmentation_mean,1.0384615384615385
W040,all,adjacent_samples,rgb,gt_tracks_matched,26.0
W040,all,adjacent_samples,rgb,id_switch_rate,0.04285714285714286
W040,all,adjacent_samples,rgb,matched_pairs,70.0
W040,all,adjacent_samples,rgb,reappear_events_judged,2.0
W040,all,adjacent_samples,rgb,reappear_same_class,1.0
W040,all,adjacent_samples,rgb,reappear_same_gt,0.0
W040,all,adjacent_samples,rgb,reappearance_rate,0.55
W040,all,adjacent_samples,rgb,seeded_regions,20.0
W040,all,adjacent_samples,rgb,survival_backward,0.7633333333333333
W040,all,adjacent_samples,rgb,survival_forward,0.6214285714285713
W040,all,consecutive_annotated,depth,class_switch_rate,0.0
W040,all,consecutive_annotated,depth,fragmentation_ge2,0.0
W040,all,consecutive_annotated,depth,fragmentation_mean,1.0
W040,all,consecutive_annotated,depth,gt_tracks_matched,11.0
W040,all,consecutive_annotated,depth,id_switch_rate,0.1935483870967742
W040,all,consecutive_annotated,depth,matched_pairs,31.0
W040,all,consecutive_annotated,depth,reappear_events_judged,0.0
W040,all,consecutive_annotated,depth,reappear_same_class,
W040,all,consecutive_annotated,depth,reappear_same_gt,
W040,all,consecutive_annotated,depth,reappearance_rate,0.3333333333333333
W040,all,consecutive_annotated,depth,seeded_regions,6.0
W040,all,consecutive_annotated,depth,survival_backward,0.8444444444444444
W040,all,consecutive_annotated,depth,survival_forward,0.7142857142857143
W040,all,consecutive_annotated,normal,class_switch_rate,0.012048192771084338
W040,all,consecutive_annotated,normal,fragmentation_ge2,0.09523809523809523
W040,all,consecutive_annotated,normal,fragmentation_mean,1.0952380952380953
W040,all,consecutive_annotated,normal,gt_tracks_matched,21.0
W040,all,consecutive_annotated,normal,id_switch_rate,0.10843373493975904
W040,all,consecutive_annotated,normal,matched_pairs,83.0
W040,all,consecutive_annotated,normal,reappear_events_judged,0.0
W040,all,consecutive_annotated,normal,reappear_same_class,
W040,all,consecutive_annotated,normal,reappear_same_gt,
W040,all,consecutive_annotated,normal,reappearance_rate,0.09090909090909091
W040,all,consecutive_annotated,normal,seeded_regions,11.0
W040,all,consecutive_annotated,normal,survival_backward,1.0
W040,all,consecutive_annotated,normal,survival_forward,0.7532467532467532
W040,all,consecutive_annotated,rgb,class_switch_rate,0.012987012987012988
W040,all,consecutive_annotated,rgb,fragmentation_ge2,0.10526315789473684
W040,all,consecutive_annotated,rgb,fragmentation_mean,1.105263157894737
W040,all,consecutive_annotated,rgb,gt_tracks_matched,19.0
W040,all,consecutive_annotated,rgb,id_switch_rate,0.07792207792207792
W040,all,consecutive_annotated,rgb,matched_pairs,77.0
W040,all,consecutive_annotated,rgb,reappear_events_judged,2.0
W040,all,consecutive_annotated,rgb,reappear_same_class,1.0
W040,all,consecutive_annotated,rgb,reappear_same_gt,0.0
W040,all,consecutive_annotated,rgb,reappearance_rate,0.55
W040,all,consecutive_annotated,rgb,seeded_regions,20.0
W040,all,consecutive_annotated,rgb,survival_backward,0.7633333333333333
W040,all,consecutive_annotated,rgb,survival_forward,0.6214285714285713
W040,frames_in_order,adjacent_samples,depth,class_switch_rate,0.0
W040,frames_in_order,adjacent_samples,depth,fragmentation_ge2,0.0
W040,frames_in_order,adjacent_samples,depth,fragmentation_mean,1.0
W040,frames_in_order,adjacent_samples,depth,gt_tracks_matched,13.0
W040,frames_in_order,adjacent_samples,depth,id_switch_rate,0.14285714285714285
W040,frames_in_order,adjacent_samples,depth,matched_pairs,28.0
W040,frames_in_order,adjacent_samples,depth,reappear_events_judged,0.0
W040,frames_in_order,adjacent_samples,depth,reappear_same_class,
W040,frames_in_order,adjacent_samples,depth,reappear_same_gt,
W040,frames_in_order,adjacent_samples,depth,reappearance_rate,0.3333333333333333
W040,frames_in_order,adjacent_samples,depth,seeded_regions,6.0
W040,frames_in_order,adjacent_samples,depth,survival_backward,0.8444444444444444
W040,frames_in_order,adjacent_samples,depth,survival_forward,0.7142857142857143
W040,frames_in_order,adjacent_samples,normal,class_switch_rate,0.0
W040,frames_in_order,adjacent_samples,normal,fragmentation_ge2,0.034482758620689655
W040,frames_in_order,adjacent_samples,normal,fragmentation_mean,1.0344827586206897
W040,frames_in_order,adjacent_samples,normal,gt_tracks_matched,29.0
W040,frames_in_order,adjacent_samples,normal,id_switch_rate,0.0684931506849315
W040,frames_in_order,adjacent_samples,normal,matched_pairs,73.0
W040,frames_in_order,adjacent_samples,normal,reappear_events_judged,0.0
W040,frames_in_order,adjacent_samples,normal,reappear_same_class,
W040,frames_in_order,adjacent_samples,normal,reappear_same_gt,
W040,frames_in_order,adjacent_samples,normal,reappearance_rate,0.09090909090909091
W040,frames_in_order,adjacent_samples,normal,seeded_regions,11.0
W040,frames_in_order,adjacent_samples,normal,survival_backward,1.0
W040,frames_in_order,adjacent_samples,normal,survival_forward,0.7532467532467532
W040,frames_in_order,adjacent_samples,rgb,class_switch_rate,0.0
W040,frames_in_order,adjacent_samples,rgb,fragmentation_ge2,0.038461538461538464
W040,frames_in_order,adjacent_samples,rgb,fragmentation_mean,1.0384615384615385
W040,frames_in_order,adjacent_samples,rgb,gt_tracks_matched,26.0
W040,frames_in_order,adjacent_samples,rgb,id_switch_rate,0.04285714285714286
W040,frames_in_order,adjacent_samples,rgb,matched_pairs,70.0
W040,frames_in_order,adjacent_samples,rgb,reappear_events_judged,2.0
W040,frames_in_order,adjacent_samples,rgb,reappear_same_class,1.0
W040,frames_in_order,adjacent_samples,rgb,reappear_same_gt,0.0
W040,frames_in_order,adjacent_samples,rgb,reappearance_rate,0.55
W040,frames_in_order,adjacent_samples,rgb,seeded_regions,20.0
W040,frames_in_order,adjacent_samples,rgb,survival_backward,0.7633333333333333
W040,frames_in_order,adjacent_samples,rgb,survival_forward,0.6214285714285713
W040,frames_in_order,consecutive_annotated,depth,class_switch_rate,0.0
W040,frames_in_order,consecutive_annotated,depth,fragmentation_ge2,0.0
W040,frames_in_order,consecutive_annotated,depth,fragmentation_mean,1.0
W040,frames_in_order,consecutive_annotated,depth,gt_tracks_matched,11.0
W040,frames_in_order,consecutive_annotated,depth,id_switch_rate,0.1935483870967742
W040,frames_in_order,consecutive_annotated,depth,matched_pairs,31.0
W040,frames_in_order,consecutive_annotated,depth,reappear_events_judged,0.0
W040,frames_in_order,consecutive_annotated,depth,reappear_same_class,
W040,frames_in_order,consecutive_annotated,depth,reappear_same_gt,
W040,frames_in_order,consecutive_annotated,depth,reappearance_rate,0.3333333333333333
W040,frames_in_order,consecutive_annotated,depth,seeded_regions,6.0
W040,frames_in_order,consecutive_annotated,depth,survival_backward,0.8444444444444444
W040,frames_in_order,consecutive_annotated,depth,survival_forward,0.7142857142857143
W040,frames_in_order,consecutive_annotated,normal,class_switch_rate,0.012048192771084338
W040,frames_in_order,consecutive_annotated,normal,fragmentation_ge2,0.09523809523809523
W040,frames_in_order,consecutive_annotated,normal,fragmentation_mean,1.0952380952380953
W040,frames_in_order,consecutive_annotated,normal,gt_tracks_matched,21.0
W040,frames_in_order,consecutive_annotated,normal,id_switch_rate,0.10843373493975904
W040,frames_in_order,consecutive_annotated,normal,matched_pairs,83.0
W040,frames_in_order,consecutive_annotated,normal,reappear_events_judged,0.0
W040,frames_in_order,consecutive_annotated,normal,reappear_same_class,
W040,frames_in_order,consecutive_annotated,normal,reappear_same_gt,
W040,frames_in_order,consecutive_annotated,normal,reappearance_rate,0.09090909090909091
W040,frames_in_order,consecutive_annotated,normal,seeded_regions,11.0
W040,frames_in_order,consecutive_annotated,normal,survival_backward,1.0
W040,frames_in_order,consecutive_annotated,normal,survival_forward,0.7532467532467532
W040,frames_in_order,consecutive_annotated,rgb,class_switch_rate,0.012987012987012988
W040,frames_in_order,consecutive_annotated,rgb,fragmentation_ge2,0.10526315789473684
W040,frames_in_order,consecutive_annotated,rgb,fragmentation_mean,1.105263157894737
W040,frames_in_order,consecutive_annotated,rgb,gt_tracks_matched,19.0
W040,frames_in_order,consecutive_annotated,rgb,id_switch_rate,0.07792207792207792
W040,frames_in_order,consecutive_annotated,rgb,matched_pairs,77.0
W040,frames_in_order,consecutive_annotated,rgb,reappear_events_judged,2.0
W040,frames_in_order,consecutive_annotated,rgb,reappear_same_class,1.0
W040,frames_in_order,consecutive_annotated,rgb,reappear_same_gt,0.0
W040,frames_in_order,consecutive_annotated,rgb,reappearance_rate,0.55
W040,frames_in_order,consecutive_annotated,rgb,seeded_regions,20.0
W040,frames_in_order,consecutive_annotated,rgb,survival_backward,0.7633333333333333
W040,frames_in_order,consecutive_annotated,rgb,survival_forward,0.6214285714285713
W041,all,adjacent_samples,depth,class_switch_rate,0.0
W041,all,adjacent_samples,depth,fragmentation_ge2,0.0
W041,all,adjacent_samples,depth,fragmentation_mean,1.0
W041,all,adjacent_samples,depth,gt_tracks_matched,10.0
W041,all,adjacent_samples,depth,id_switch_rate,0.13043478260869565
W041,all,adjacent_samples,depth,matched_pairs,23.0
W041,all,adjacent_samples,depth,reappear_events_judged,0.0
W041,all,adjacent_samples,depth,reappear_same_class,
W041,all,adjacent_samples,depth,reappear_same_gt,
W041,all,adjacent_samples,depth,reappearance_rate,0.2
W041,all,adjacent_samples,depth,seeded_regions,5.0
W041,all,adjacent_samples,depth,survival_backward,0.9866666666666667
W041,all,adjacent_samples,depth,survival_forward,0.9857142857142858
W041,all,adjacent_samples,normal,class_switch_rate,0.0
W041,all,adjacent_samples,normal,fragmentation_ge2,0.07142857142857142
W041,all,adjacent_samples,normal,fragmentation_mean,1.0714285714285714
W041,all,adjacent_samples,normal,gt_tracks_matched,14.0
W041,all,adjacent_samples,normal,id_switch_rate,0.0625
W041,all,adjacent_samples,normal,matched_pairs,48.0
W041,all,adjacent_samples,normal,reappear_events_judged,0.0
W041,all,adjacent_samples,normal,reappear_same_class,
W041,all,adjacent_samples,normal,reappear_same_gt,
W041,all,adjacent_samples,normal,reappearance_rate,0.125
W041,all,adjacent_samples,normal,seeded_regions,8.0
W041,all,adjacent_samples,normal,survival_backward,0.9916666666666667
W041,all,adjacent_samples,normal,survival_forward,0.9732142857142858
W041,all,adjacent_samples,rgb,class_switch_rate,0.0
W041,all,adjacent_samples,rgb,fragmentation_ge2,0.07142857142857142
W041,all,adjacent_samples,rgb,fragmentation_mean,1.0714285714285714
W041,all,adjacent_samples,rgb,gt_tracks_matched,14.0
W041,all,adjacent_samples,rgb,id_switch_rate,0.06382978723404255
W041,all,adjacent_samples,rgb,matched_pairs,47.0
W041,all,adjacent_samples,rgb,reappear_events_judged,0.0
W041,all,adjacent_samples,rgb,reappear_same_class,
W041,all,adjacent_samples,rgb,reappear_same_gt,
W041,all,adjacent_samples,rgb,reappearance_rate,0.3333333333333333
W041,all,adjacent_samples,rgb,seeded_regions,12.0
W041,all,adjacent_samples,rgb,survival_backward,0.9777777777777779
W041,all,adjacent_samples,rgb,survival_forward,0.9880952380952381
W041,all,consecutive_annotated,depth,class_switch_rate,0.0
W041,all,consecutive_annotated,depth,fragmentation_ge2,0.0
W041,all,consecutive_annotated,depth,fragmentation_mean,1.0
W041,all,consecutive_annotated,depth,gt_tracks_matched,9.0
W041,all,consecutive_annotated,depth,id_switch_rate,0.16
W041,all,consecutive_annotated,depth,matched_pairs,25.0
W041,all,consecutive_annotated,depth,reappear_events_judged,0.0
W041,all,consecutive_annotated,depth,reappear_same_class,
W041,all,consecutive_annotated,depth,reappear_same_gt,
W041,all,consecutive_annotated,depth,reappearance_rate,0.2
W041,all,consecutive_annotated,depth,seeded_regions,5.0
W041,all,consecutive_annotated,depth,survival_backward,0.9866666666666667
W041,all,consecutive_annotated,depth,survival_forward,0.9857142857142858
W041,all,consecutive_annotated,normal,class_switch_rate,0.0
W041,all,consecutive_annotated,normal,fragmentation_ge2,0.1
W041,all,consecutive_annotated,normal,fragmentation_mean,1.1
W041,all,consecutive_annotated,normal,gt_tracks_matched,10.0
W041,all,consecutive_annotated,normal,id_switch_rate,0.07692307692307693
W041,all,consecutive_annotated,normal,matched_pairs,52.0
W041,all,consecutive_annotated,normal,reappear_events_judged,0.0
W041,all,consecutive_annotated,normal,reappear_same_class,
W041,all,consecutive_annotated,normal,reappear_same_gt,
W041,all,consecutive_annotated,normal,reappearance_rate,0.125
W041,all,consecutive_annotated,normal,seeded_regions,8.0
W041,all,consecutive_annotated,normal,survival_backward,0.9916666666666667
W041,all,consecutive_annotated,normal,survival_forward,0.9732142857142858
W041,all,consecutive_annotated,rgb,class_switch_rate,0.0
W041,all,consecutive_annotated,rgb,fragmentation_ge2,0.1
W041,all,consecutive_annotated,rgb,fragmentation_mean,1.1
W041,all,consecutive_annotated,rgb,gt_tracks_matched,10.0
W041,all,consecutive_annotated,rgb,id_switch_rate,0.0784313725490196
W041,all,consecutive_annotated,rgb,matched_pairs,51.0
W041,all,consecutive_annotated,rgb,reappear_events_judged,0.0
W041,all,consecutive_annotated,rgb,reappear_same_class,
W041,all,consecutive_annotated,rgb,reappear_same_gt,
W041,all,consecutive_annotated,rgb,reappearance_rate,0.3333333333333333
W041,all,consecutive_annotated,rgb,seeded_regions,12.0
W041,all,consecutive_annotated,rgb,survival_backward,0.9777777777777779
W041,all,consecutive_annotated,rgb,survival_forward,0.9880952380952381
W041,frames_in_order,adjacent_samples,depth,class_switch_rate,0.0
W041,frames_in_order,adjacent_samples,depth,fragmentation_ge2,0.0
W041,frames_in_order,adjacent_samples,depth,fragmentation_mean,1.0
W041,frames_in_order,adjacent_samples,depth,gt_tracks_matched,10.0
W041,frames_in_order,adjacent_samples,depth,id_switch_rate,0.13043478260869565
W041,frames_in_order,adjacent_samples,depth,matched_pairs,23.0
W041,frames_in_order,adjacent_samples,depth,reappear_events_judged,0.0
W041,frames_in_order,adjacent_samples,depth,reappear_same_class,
W041,frames_in_order,adjacent_samples,depth,reappear_same_gt,
W041,frames_in_order,adjacent_samples,depth,reappearance_rate,0.2
W041,frames_in_order,adjacent_samples,depth,seeded_regions,5.0
W041,frames_in_order,adjacent_samples,depth,survival_backward,0.9866666666666667
W041,frames_in_order,adjacent_samples,depth,survival_forward,0.9857142857142858
W041,frames_in_order,adjacent_samples,normal,class_switch_rate,0.0
W041,frames_in_order,adjacent_samples,normal,fragmentation_ge2,0.07142857142857142
W041,frames_in_order,adjacent_samples,normal,fragmentation_mean,1.0714285714285714
W041,frames_in_order,adjacent_samples,normal,gt_tracks_matched,14.0
W041,frames_in_order,adjacent_samples,normal,id_switch_rate,0.0625
W041,frames_in_order,adjacent_samples,normal,matched_pairs,48.0
W041,frames_in_order,adjacent_samples,normal,reappear_events_judged,0.0
W041,frames_in_order,adjacent_samples,normal,reappear_same_class,
W041,frames_in_order,adjacent_samples,normal,reappear_same_gt,
W041,frames_in_order,adjacent_samples,normal,reappearance_rate,0.125
W041,frames_in_order,adjacent_samples,normal,seeded_regions,8.0
W041,frames_in_order,adjacent_samples,normal,survival_backward,0.9916666666666667
W041,frames_in_order,adjacent_samples,normal,survival_forward,0.9732142857142858
W041,frames_in_order,adjacent_samples,rgb,class_switch_rate,0.0
W041,frames_in_order,adjacent_samples,rgb,fragmentation_ge2,0.07142857142857142
W041,frames_in_order,adjacent_samples,rgb,fragmentation_mean,1.0714285714285714
W041,frames_in_order,adjacent_samples,rgb,gt_tracks_matched,14.0
W041,frames_in_order,adjacent_samples,rgb,id_switch_rate,0.06382978723404255
W041,frames_in_order,adjacent_samples,rgb,matched_pairs,47.0
W041,frames_in_order,adjacent_samples,rgb,reappear_events_judged,0.0
W041,frames_in_order,adjacent_samples,rgb,reappear_same_class,
W041,frames_in_order,adjacent_samples,rgb,reappear_same_gt,
W041,frames_in_order,adjacent_samples,rgb,reappearance_rate,0.3333333333333333
W041,frames_in_order,adjacent_samples,rgb,seeded_regions,12.0
W041,frames_in_order,adjacent_samples,rgb,survival_backward,0.9777777777777779
W041,frames_in_order,adjacent_samples,rgb,survival_forward,0.9880952380952381
W041,frames_in_order,consecutive_annotated,depth,class_switch_rate,0.0
W041,frames_in_order,consecutive_annotated,depth,fragmentation_ge2,0.0
W041,frames_in_order,consecutive_annotated,depth,fragmentation_mean,1.0
W041,frames_in_order,consecutive_annotated,depth,gt_tracks_matched,9.0
W041,frames_in_order,consecutive_annotated,depth,id_switch_rate,0.16
W041,frames_in_order,consecutive_annotated,depth,matched_pairs,25.0
W041,frames_in_order,consecutive_annotated,depth,reappear_events_judged,0.0
W041,frames_in_order,consecutive_annotated,depth,reappear_same_class,
W041,frames_in_order,consecutive_annotated,depth,reappear_same_gt,
W041,frames_in_order,consecutive_annotated,depth,reappearance_rate,0.2
W041,frames_in_order,consecutive_annotated,depth,seeded_regions,5.0
W041,frames_in_order,consecutive_annotated,depth,survival_backward,0.9866666666666667
W041,frames_in_order,consecutive_annotated,depth,survival_forward,0.9857142857142858
W041,frames_in_order,consecutive_annotated,normal,class_switch_rate,0.0
W041,frames_in_order,consecutive_annotated,normal,fragmentation_ge2,0.1
W041,frames_in_order,consecutive_annotated,normal,fragmentation_mean,1.1
W041,frames_in_order,consecutive_annotated,normal,gt_tracks_matched,10.0
W041,frames_in_order,consecutive_annotated,normal,id_switch_rate,0.07692307692307693
W041,frames_in_order,consecutive_annotated,normal,matched_pairs,52.0
W041,frames_in_order,consecutive_annotated,normal,reappear_events_judged,0.0
W041,frames_in_order,consecutive_annotated,normal,reappear_same_class,
W041,frames_in_order,consecutive_annotated,normal,reappear_same_gt,
W041,frames_in_order,consecutive_annotated,normal,reappearance_rate,0.125
W041,frames_in_order,consecutive_annotated,normal,seeded_regions,8.0
W041,frames_in_order,consecutive_annotated,normal,survival_backward,0.9916666666666667
W041,frames_in_order,consecutive_annotated,normal,survival_forward,0.9732142857142858
W041,frames_in_order,consecutive_annotated,rgb,class_switch_rate,0.0
W041,frames_in_order,consecutive_annotated,rgb,fragmentation_ge2,0.1
W041,frames_in_order,consecutive_annotated,rgb,fragmentation_mean,1.1
W041,frames_in_order,consecutive_annotated,rgb,gt_tracks_matched,10.0
W041,frames_in_order,consecutive_annotated,rgb,id_switch_rate,0.0784313725490196
W041,frames_in_order,consecutive_annotated,rgb,matched_pairs,51.0
W041,frames_in_order,consecutive_annotated,rgb,reappear_events_judged,0.0
W041,frames_in_order,consecutive_annotated,rgb,reappear_same_class,
W041,frames_in_order,consecutive_annotated,rgb,reappear_same_gt,
W041,frames_in_order,consecutive_annotated,rgb,reappearance_rate,0.3333333333333333
W041,frames_in_order,consecutive_annotated,rgb,seeded_regions,12.0
W041,frames_in_order,consecutive_annotated,rgb,survival_backward,0.9777777777777779
W041,frames_in_order,consecutive_annotated,rgb,survival_forward,0.9880952380952381
W042,all,adjacent_samples,depth,class_switch_rate,0.0
W042,all,adjacent_samples,depth,fragmentation_ge2,0.0
W042,all,adjacent_samples,depth,fragmentation_mean,1.0
W042,all,adjacent_samples,depth,gt_tracks_matched,3.0
W042,all,adjacent_samples,depth,id_switch_rate,0.0
W042,all,adjacent_samples,depth,matched_pairs,15.0
W042,all,adjacent_samples,depth,reappear_events_judged,0.0
W042,all,adjacent_samples,depth,reappear_same_class,
W042,all,adjacent_samples,depth,reappear_same_gt,
W042,all,adjacent_samples,depth,reappearance_rate,0.3333333333333333
W042,all,adjacent_samples,depth,seeded_regions,3.0
W042,all,adjacent_samples,depth,survival_backward,1.0
W042,all,adjacent_samples,depth,survival_forward,0.8333333333333334
W042,all,adjacent_samples,normal,class_switch_rate,0.019230769230769232
W042,all,adjacent_samples,normal,fragmentation_ge2,0.05263157894736842
W042,all,adjacent_samples,normal,fragmentation_mean,1.0526315789473684
W042,all,adjacent_samples,normal,gt_tracks_matched,19.0
W042,all,adjacent_samples,normal,id_switch_rate,0.17307692307692307
W042,all,adjacent_samples,normal,matched_pairs,52.0
W042,all,adjacent_samples,normal,reappear_events_judged,0.0
W042,all,adjacent_samples,normal,reappear_same_class,
W042,all,adjacent_samples,normal,reappear_same_gt,
W042,all,adjacent_samples,normal,reappearance_rate,0.25
W042,all,adjacent_samples,normal,seeded_regions,8.0
W042,all,adjacent_samples,normal,survival_backward,0.8916666666666666
W042,all,adjacent_samples,normal,survival_forward,0.8035714285714286
W042,all,adjacent_samples,rgb,class_switch_rate,0.0
W042,all,adjacent_samples,rgb,fragmentation_ge2,0.0
W042,all,adjacent_samples,rgb,fragmentation_mean,1.0
W042,all,adjacent_samples,rgb,gt_tracks_matched,21.0
W042,all,adjacent_samples,rgb,id_switch_rate,0.07792207792207792
W042,all,adjacent_samples,rgb,matched_pairs,77.0
W042,all,adjacent_samples,rgb,reappear_events_judged,0.0
W042,all,adjacent_samples,rgb,reappear_same_class,
W042,all,adjacent_samples,rgb,reappear_same_gt,
W042,all,adjacent_samples,rgb,reappearance_rate,0.2857142857142857
W042,all,adjacent_samples,rgb,seeded_regions,14.0
W042,all,adjacent_samples,rgb,survival_backward,0.6952380952380952
W042,all,adjacent_samples,rgb,survival_forward,0.6428571428571429
W042,all,consecutive_annotated,depth,class_switch_rate,0.0
W042,all,consecutive_annotated,depth,fragmentation_ge2,0.0
W042,all,consecutive_annotated,depth,fragmentation_mean,1.0
W042,all,consecutive_annotated,depth,gt_tracks_matched,2.0
W042,all,consecutive_annotated,depth,id_switch_rate,0.0
W042,all,consecutive_annotated,depth,matched_pairs,16.0
W042,all,consecutive_annotated,depth,reappear_events_judged,0.0
W042,all,consecutive_annotated,depth,reappear_same_class,
W042,all,consecutive_annotated,depth,reappear_same_gt,
W042,all,consecutive_annotated,depth,reappearance_rate,0.3333333333333333
W042,all,consecutive_annotated,depth,seeded_regions,3.0
W042,all,consecutive_annotated,depth,survival_backward,1.0
W042,all,consecutive_annotated,depth,survival_forward,0.8333333333333334
W042,all,consecutive_annotated,normal,class_switch_rate,0.034482758620689655
W042,all,consecutive_annotated,normal,fragmentation_ge2,0.07692307692307693
W042,all,consecutive_annotated,normal,fragmentation_mean,1.0769230769230769
W042,all,consecutive_annotated,normal,gt_tracks_matched,13.0
W042,all,consecutive_annotated,normal,id_switch_rate,0.1896551724137931
W042,all,consecutive_annotated,normal,matched_pairs,58.0
W042,all,consecutive_annotated,normal,reappear_events_judged,0.0
W042,all,consecutive_annotated,normal,reappear_same_class,
W042,all,consecutive_annotated,normal,reappear_same_gt,
W042,all,consecutive_annotated,normal,reappearance_rate,0.25
W042,all,consecutive_annotated,normal,seeded_regions,8.0
W042,all,consecutive_annotated,normal,survival_backward,0.8916666666666666
W042,all,consecutive_annotated,normal,survival_forward,0.8035714285714286
W042,all,consecutive_annotated,rgb,class_switch_rate,0.0
W042,all,consecutive_annotated,rgb,fragmentation_ge2,0.0
W042,all,consecutive_annotated,rgb,fragmentation_mean,1.0
W042,all,consecutive_annotated,rgb,gt_tracks_matched,16.0
W042,all,consecutive_annotated,rgb,id_switch_rate,0.07317073170731707
W042,all,consecutive_annotated,rgb,matched_pairs,82.0
W042,all,consecutive_annotated,rgb,reappear_events_judged,0.0
W042,all,consecutive_annotated,rgb,reappear_same_class,
W042,all,consecutive_annotated,rgb,reappear_same_gt,
W042,all,consecutive_annotated,rgb,reappearance_rate,0.2857142857142857
W042,all,consecutive_annotated,rgb,seeded_regions,14.0
W042,all,consecutive_annotated,rgb,survival_backward,0.6952380952380952
W042,all,consecutive_annotated,rgb,survival_forward,0.6428571428571429
W042,frames_in_order,adjacent_samples,depth,class_switch_rate,0.0
W042,frames_in_order,adjacent_samples,depth,fragmentation_ge2,0.0
W042,frames_in_order,adjacent_samples,depth,fragmentation_mean,1.0
W042,frames_in_order,adjacent_samples,depth,gt_tracks_matched,3.0
W042,frames_in_order,adjacent_samples,depth,id_switch_rate,0.0
W042,frames_in_order,adjacent_samples,depth,matched_pairs,15.0
W042,frames_in_order,adjacent_samples,depth,reappear_events_judged,0.0
W042,frames_in_order,adjacent_samples,depth,reappear_same_class,
W042,frames_in_order,adjacent_samples,depth,reappear_same_gt,
W042,frames_in_order,adjacent_samples,depth,reappearance_rate,0.3333333333333333
W042,frames_in_order,adjacent_samples,depth,seeded_regions,3.0
W042,frames_in_order,adjacent_samples,depth,survival_backward,1.0
W042,frames_in_order,adjacent_samples,depth,survival_forward,0.8333333333333334
W042,frames_in_order,adjacent_samples,normal,class_switch_rate,0.019230769230769232
W042,frames_in_order,adjacent_samples,normal,fragmentation_ge2,0.05263157894736842
W042,frames_in_order,adjacent_samples,normal,fragmentation_mean,1.0526315789473684
W042,frames_in_order,adjacent_samples,normal,gt_tracks_matched,19.0
W042,frames_in_order,adjacent_samples,normal,id_switch_rate,0.17307692307692307
W042,frames_in_order,adjacent_samples,normal,matched_pairs,52.0
W042,frames_in_order,adjacent_samples,normal,reappear_events_judged,0.0
W042,frames_in_order,adjacent_samples,normal,reappear_same_class,
W042,frames_in_order,adjacent_samples,normal,reappear_same_gt,
W042,frames_in_order,adjacent_samples,normal,reappearance_rate,0.25
W042,frames_in_order,adjacent_samples,normal,seeded_regions,8.0
W042,frames_in_order,adjacent_samples,normal,survival_backward,0.8916666666666666
W042,frames_in_order,adjacent_samples,normal,survival_forward,0.8035714285714286
W042,frames_in_order,adjacent_samples,rgb,class_switch_rate,0.0
W042,frames_in_order,adjacent_samples,rgb,fragmentation_ge2,0.0
W042,frames_in_order,adjacent_samples,rgb,fragmentation_mean,1.0
W042,frames_in_order,adjacent_samples,rgb,gt_tracks_matched,21.0
W042,frames_in_order,adjacent_samples,rgb,id_switch_rate,0.07792207792207792
W042,frames_in_order,adjacent_samples,rgb,matched_pairs,77.0
W042,frames_in_order,adjacent_samples,rgb,reappear_events_judged,0.0
W042,frames_in_order,adjacent_samples,rgb,reappear_same_class,
W042,frames_in_order,adjacent_samples,rgb,reappear_same_gt,
W042,frames_in_order,adjacent_samples,rgb,reappearance_rate,0.2857142857142857
W042,frames_in_order,adjacent_samples,rgb,seeded_regions,14.0
W042,frames_in_order,adjacent_samples,rgb,survival_backward,0.6952380952380952
W042,frames_in_order,adjacent_samples,rgb,survival_forward,0.6428571428571429
W042,frames_in_order,consecutive_annotated,depth,class_switch_rate,0.0
W042,frames_in_order,consecutive_annotated,depth,fragmentation_ge2,0.0
W042,frames_in_order,consecutive_annotated,depth,fragmentation_mean,1.0
W042,frames_in_order,consecutive_annotated,depth,gt_tracks_matched,2.0
W042,frames_in_order,consecutive_annotated,depth,id_switch_rate,0.0
W042,frames_in_order,consecutive_annotated,depth,matched_pairs,16.0
W042,frames_in_order,consecutive_annotated,depth,reappear_events_judged,0.0
W042,frames_in_order,consecutive_annotated,depth,reappear_same_class,
W042,frames_in_order,consecutive_annotated,depth,reappear_same_gt,
W042,frames_in_order,consecutive_annotated,depth,reappearance_rate,0.3333333333333333
W042,frames_in_order,consecutive_annotated,depth,seeded_regions,3.0
W042,frames_in_order,consecutive_annotated,depth,survival_backward,1.0
W042,frames_in_order,consecutive_annotated,depth,survival_forward,0.8333333333333334
W042,frames_in_order,consecutive_annotated,normal,class_switch_rate,0.034482758620689655
W042,frames_in_order,consecutive_annotated,normal,fragmentation_ge2,0.07692307692307693
W042,frames_in_order,consecutive_annotated,normal,fragmentation_mean,1.0769230769230769
W042,frames_in_order,consecutive_annotated,normal,gt_tracks_matched,13.0
W042,frames_in_order,consecutive_annotated,normal,id_switch_rate,0.1896551724137931
W042,frames_in_order,consecutive_annotated,normal,matched_pairs,58.0
W042,frames_in_order,consecutive_annotated,normal,reappear_events_judged,0.0
W042,frames_in_order,consecutive_annotated,normal,reappear_same_class,
W042,frames_in_order,consecutive_annotated,normal,reappear_same_gt,
W042,frames_in_order,consecutive_annotated,normal,reappearance_rate,0.25
W042,frames_in_order,consecutive_annotated,normal,seeded_regions,8.0
W042,frames_in_order,consecutive_annotated,normal,survival_backward,0.8916666666666666
W042,frames_in_order,consecutive_annotated,normal,survival_forward,0.8035714285714286
W042,frames_in_order,consecutive_annotated,rgb,class_switch_rate,0.0
W042,frames_in_order,consecutive_annotated,rgb,fragmentation_ge2,0.0
W042,frames_in_order,consecutive_annotated,rgb,fragmentation_mean,1.0
W042,frames_in_order,consecutive_annotated,rgb,gt_tracks_matched,16.0
W042,frames_in_order,consecutive_annotated,rgb,id_switch_rate,0.07317073170731707
W042,frames_in_order,consecutive_annotated,rgb,matched_pairs,82.0
W042,frames_in_order,consecutive_annotated,rgb,reappear_events_judged,0.0
W042,frames_in_order,consecutive_annotated,rgb,reappear_same_class,
W042,frames_in_order,consecutive_annotated,rgb,reappear_same_gt,
W042,frames_in_order,consecutive_annotated,rgb,reappearance_rate,0.2857142857142857
W042,frames_in_order,consecutive_annotated,rgb,seeded_regions,14.0
W042,frames_in_order,consecutive_annotated,rgb,survival_backward,0.6952380952380952
W042,frames_in_order,consecutive_annotated,rgb,survival_forward,0.6428571428571429
W043,all,adjacent_samples,depth,class_switch_rate,0.0
W043,all,adjacent_samples,depth,fragmentation_ge2,0.05263157894736842
W043,all,adjacent_samples,depth,fragmentation_mean,1.0526315789473684
W043,all,adjacent_samples,depth,gt_tracks_matched,19.0
W043,all,adjacent_samples,depth,id_switch_rate,0.16666666666666666
W043,all,adjacent_samples,depth,matched_pairs,48.0
W043,all,adjacent_samples,depth,reappear_events_judged,1.0
W043,all,adjacent_samples,depth,reappear_same_class,1.0
W043,all,adjacent_samples,depth,reappear_same_gt,0.0
W043,all,adjacent_samples,depth,reappearance_rate,0.16666666666666666
W043,all,adjacent_samples,depth,seeded_regions,6.0
W043,all,adjacent_samples,depth,survival_backward,0.8666666666666666
W043,all,adjacent_samples,depth,survival_forward,1.0
W043,all,adjacent_samples,normal,class_switch_rate,0.0
W043,all,adjacent_samples,normal,fragmentation_ge2,0.037037037037037035
W043,all,adjacent_samples,normal,fragmentation_mean,1.037037037037037
W043,all,adjacent_samples,normal,gt_tracks_matched,27.0
W043,all,adjacent_samples,normal,id_switch_rate,0.125
W043,all,adjacent_samples,normal,matched_pairs,104.0
W043,all,adjacent_samples,normal,reappear_events_judged,1.0
W043,all,adjacent_samples,normal,reappear_same_class,1.0
W043,all,adjacent_samples,normal,reappear_same_gt,0.0
W043,all,adjacent_samples,normal,reappearance_rate,0.3
W043,all,adjacent_samples,normal,seeded_regions,10.0
W043,all,adjacent_samples,normal,survival_backward,0.9
W043,all,adjacent_samples,normal,survival_forward,0.9857142857142858
W043,all,adjacent_samples,rgb,class_switch_rate,0.0
W043,all,adjacent_samples,rgb,fragmentation_ge2,0.15151515151515152
W043,all,adjacent_samples,rgb,fragmentation_mean,1.1515151515151516
W043,all,adjacent_samples,rgb,gt_tracks_matched,33.0
W043,all,adjacent_samples,rgb,id_switch_rate,0.08064516129032258
W043,all,adjacent_samples,rgb,matched_pairs,124.0
W043,all,adjacent_samples,rgb,reappear_events_judged,1.0
W043,all,adjacent_samples,rgb,reappear_same_class,1.0
W043,all,adjacent_samples,rgb,reappear_same_gt,0.0
W043,all,adjacent_samples,rgb,reappearance_rate,0.2222222222222222
W043,all,adjacent_samples,rgb,seeded_regions,18.0
W043,all,adjacent_samples,rgb,survival_backward,0.8962962962962963
W043,all,adjacent_samples,rgb,survival_forward,0.9920634920634921
W043,all,consecutive_annotated,depth,class_switch_rate,0.02
W043,all,consecutive_annotated,depth,fragmentation_ge2,0.0625
W043,all,consecutive_annotated,depth,fragmentation_mean,1.0625
W043,all,consecutive_annotated,depth,gt_tracks_matched,16.0
W043,all,consecutive_annotated,depth,id_switch_rate,0.18
W043,all,consecutive_annotated,depth,matched_pairs,50.0
W043,all,consecutive_annotated,depth,reappear_events_judged,1.0
W043,all,consecutive_annotated,depth,reappear_same_class,1.0
W043,all,consecutive_annotated,depth,reappear_same_gt,1.0
W043,all,consecutive_annotated,depth,reappearance_rate,0.16666666666666666
W043,all,consecutive_annotated,depth,seeded_regions,6.0
W043,all,consecutive_annotated,depth,survival_backward,0.8666666666666666
W043,all,consecutive_annotated,depth,survival_forward,1.0
W043,all,consecutive_annotated,normal,class_switch_rate,0.0
W043,all,consecutive_annotated,normal,fragmentation_ge2,0.05263157894736842
W043,all,consecutive_annotated,normal,fragmentation_mean,1.0526315789473684
W043,all,consecutive_annotated,normal,gt_tracks_matched,19.0
W043,all,consecutive_annotated,normal,id_switch_rate,0.13636363636363635
W043,all,consecutive_annotated,normal,matched_pairs,110.0
W043,all,consecutive_annotated,normal,reappear_events_judged,1.0
W043,all,consecutive_annotated,normal,reappear_same_class,1.0
W043,all,consecutive_annotated,normal,reappear_same_gt,1.0
W043,all,consecutive_annotated,normal,reappearance_rate,0.3
W043,all,consecutive_annotated,normal,seeded_regions,10.0
W043,all,consecutive_annotated,normal,survival_backward,0.9
W043,all,consecutive_annotated,normal,survival_forward,0.9857142857142858
W043,all,consecutive_annotated,rgb,class_switch_rate,0.0
W043,all,consecutive_annotated,rgb,fragmentation_ge2,0.2
W043,all,consecutive_annotated,rgb,fragmentation_mean,1.24
W043,all,consecutive_annotated,rgb,gt_tracks_matched,25.0
W043,all,consecutive_annotated,rgb,id_switch_rate,0.09848484848484848
W043,all,consecutive_annotated,rgb,matched_pairs,132.0
W043,all,consecutive_annotated,rgb,reappear_events_judged,1.0
W043,all,consecutive_annotated,rgb,reappear_same_class,1.0
W043,all,consecutive_annotated,rgb,reappear_same_gt,1.0
W043,all,consecutive_annotated,rgb,reappearance_rate,0.2222222222222222
W043,all,consecutive_annotated,rgb,seeded_regions,18.0
W043,all,consecutive_annotated,rgb,survival_backward,0.8962962962962963
W043,all,consecutive_annotated,rgb,survival_forward,0.9920634920634921
W043,frames_in_order,adjacent_samples,depth,class_switch_rate,0.0
W043,frames_in_order,adjacent_samples,depth,fragmentation_ge2,0.05263157894736842
W043,frames_in_order,adjacent_samples,depth,fragmentation_mean,1.0526315789473684
W043,frames_in_order,adjacent_samples,depth,gt_tracks_matched,19.0
W043,frames_in_order,adjacent_samples,depth,id_switch_rate,0.16666666666666666
W043,frames_in_order,adjacent_samples,depth,matched_pairs,48.0
W043,frames_in_order,adjacent_samples,depth,reappear_events_judged,1.0
W043,frames_in_order,adjacent_samples,depth,reappear_same_class,1.0
W043,frames_in_order,adjacent_samples,depth,reappear_same_gt,0.0
W043,frames_in_order,adjacent_samples,depth,reappearance_rate,0.16666666666666666
W043,frames_in_order,adjacent_samples,depth,seeded_regions,6.0
W043,frames_in_order,adjacent_samples,depth,survival_backward,0.8666666666666666
W043,frames_in_order,adjacent_samples,depth,survival_forward,1.0
W043,frames_in_order,adjacent_samples,normal,class_switch_rate,0.0
W043,frames_in_order,adjacent_samples,normal,fragmentation_ge2,0.037037037037037035
W043,frames_in_order,adjacent_samples,normal,fragmentation_mean,1.037037037037037
W043,frames_in_order,adjacent_samples,normal,gt_tracks_matched,27.0
W043,frames_in_order,adjacent_samples,normal,id_switch_rate,0.125
W043,frames_in_order,adjacent_samples,normal,matched_pairs,104.0
W043,frames_in_order,adjacent_samples,normal,reappear_events_judged,1.0
W043,frames_in_order,adjacent_samples,normal,reappear_same_class,1.0
W043,frames_in_order,adjacent_samples,normal,reappear_same_gt,0.0
W043,frames_in_order,adjacent_samples,normal,reappearance_rate,0.3
W043,frames_in_order,adjacent_samples,normal,seeded_regions,10.0
W043,frames_in_order,adjacent_samples,normal,survival_backward,0.9
W043,frames_in_order,adjacent_samples,normal,survival_forward,0.9857142857142858
W043,frames_in_order,adjacent_samples,rgb,class_switch_rate,0.0
W043,frames_in_order,adjacent_samples,rgb,fragmentation_ge2,0.15151515151515152
W043,frames_in_order,adjacent_samples,rgb,fragmentation_mean,1.1515151515151516
W043,frames_in_order,adjacent_samples,rgb,gt_tracks_matched,33.0
W043,frames_in_order,adjacent_samples,rgb,id_switch_rate,0.08064516129032258
W043,frames_in_order,adjacent_samples,rgb,matched_pairs,124.0
W043,frames_in_order,adjacent_samples,rgb,reappear_events_judged,1.0
W043,frames_in_order,adjacent_samples,rgb,reappear_same_class,1.0
W043,frames_in_order,adjacent_samples,rgb,reappear_same_gt,0.0
W043,frames_in_order,adjacent_samples,rgb,reappearance_rate,0.2222222222222222
W043,frames_in_order,adjacent_samples,rgb,seeded_regions,18.0
W043,frames_in_order,adjacent_samples,rgb,survival_backward,0.8962962962962963
W043,frames_in_order,adjacent_samples,rgb,survival_forward,0.9920634920634921
W043,frames_in_order,consecutive_annotated,depth,class_switch_rate,0.02
W043,frames_in_order,consecutive_annotated,depth,fragmentation_ge2,0.0625
W043,frames_in_order,consecutive_annotated,depth,fragmentation_mean,1.0625
W043,frames_in_order,consecutive_annotated,depth,gt_tracks_matched,16.0
W043,frames_in_order,consecutive_annotated,depth,id_switch_rate,0.18
W043,frames_in_order,consecutive_annotated,depth,matched_pairs,50.0
W043,frames_in_order,consecutive_annotated,depth,reappear_events_judged,1.0
W043,frames_in_order,consecutive_annotated,depth,reappear_same_class,1.0
W043,frames_in_order,consecutive_annotated,depth,reappear_same_gt,1.0
W043,frames_in_order,consecutive_annotated,depth,reappearance_rate,0.16666666666666666
W043,frames_in_order,consecutive_annotated,depth,seeded_regions,6.0
W043,frames_in_order,consecutive_annotated,depth,survival_backward,0.8666666666666666
W043,frames_in_order,consecutive_annotated,depth,survival_forward,1.0
W043,frames_in_order,consecutive_annotated,normal,class_switch_rate,0.0
W043,frames_in_order,consecutive_annotated,normal,fragmentation_ge2,0.05263157894736842
W043,frames_in_order,consecutive_annotated,normal,fragmentation_mean,1.0526315789473684
W043,frames_in_order,consecutive_annotated,normal,gt_tracks_matched,19.0
W043,frames_in_order,consecutive_annotated,normal,id_switch_rate,0.13636363636363635
W043,frames_in_order,consecutive_annotated,normal,matched_pairs,110.0
W043,frames_in_order,consecutive_annotated,normal,reappear_events_judged,1.0
W043,frames_in_order,consecutive_annotated,normal,reappear_same_class,1.0
W043,frames_in_order,consecutive_annotated,normal,reappear_same_gt,1.0
W043,frames_in_order,consecutive_annotated,normal,reappearance_rate,0.3
W043,frames_in_order,consecutive_annotated,normal,seeded_regions,10.0
W043,frames_in_order,consecutive_annotated,normal,survival_backward,0.9
W043,frames_in_order,consecutive_annotated,normal,survival_forward,0.9857142857142858
W043,frames_in_order,consecutive_annotated,rgb,class_switch_rate,0.0
W043,frames_in_order,consecutive_annotated,rgb,fragmentation_ge2,0.2
W043,frames_in_order,consecutive_annotated,rgb,fragmentation_mean,1.24
W043,frames_in_order,consecutive_annotated,rgb,gt_tracks_matched,25.0
W043,frames_in_order,consecutive_annotated,rgb,id_switch_rate,0.09848484848484848
W043,frames_in_order,consecutive_annotated,rgb,matched_pairs,132.0
W043,frames_in_order,consecutive_annotated,rgb,reappear_events_judged,1.0
W043,frames_in_order,consecutive_annotated,rgb,reappear_same_class,1.0
W043,frames_in_order,consecutive_annotated,rgb,reappear_same_gt,1.0
W043,frames_in_order,consecutive_annotated,rgb,reappearance_rate,0.2222222222222222
W043,frames_in_order,consecutive_annotated,rgb,seeded_regions,18.0
W043,frames_in_order,consecutive_annotated,rgb,survival_backward,0.8962962962962963
W043,frames_in_order,consecutive_annotated,rgb,survival_forward,0.9920634920634921
W044,all,adjacent_samples,depth,class_switch_rate,0.0
W044,all,adjacent_samples,depth,fragmentation_ge2,0.0
W044,all,adjacent_samples,depth,fragmentation_mean,1.0
W044,all,adjacent_samples,depth,gt_tracks_matched,11.0
W044,all,adjacent_samples,depth,id_switch_rate,0.0
W044,all,adjacent_samples,depth,matched_pairs,27.0
W044,all,adjacent_samples,depth,reappear_events_judged,0.0
W044,all,adjacent_samples,depth,reappear_same_class,
W044,all,adjacent_samples,depth,reappear_same_gt,
W044,all,adjacent_samples,depth,reappearance_rate,0.09090909090909091
W044,all,adjacent_samples,depth,seeded_regions,11.0
W044,all,adjacent_samples,depth,survival_backward,0.9333333333333332
W044,all,adjacent_samples,depth,survival_forward,0.9350649350649352
W044,all,adjacent_samples,normal,class_switch_rate,0.0
W044,all,adjacent_samples,normal,fragmentation_ge2,0.0
W044,all,adjacent_samples,normal,fragmentation_mean,1.0
W044,all,adjacent_samples,normal,gt_tracks_matched,18.0
W044,all,adjacent_samples,normal,id_switch_rate,0.0
W044,all,adjacent_samples,normal,matched_pairs,59.0
W044,all,adjacent_samples,normal,reappear_events_judged,0.0
W044,all,adjacent_samples,normal,reappear_same_class,
W044,all,adjacent_samples,normal,reappear_same_gt,
W044,all,adjacent_samples,normal,reappearance_rate,0.3333333333333333
W044,all,adjacent_samples,normal,seeded_regions,15.0
W044,all,adjacent_samples,normal,survival_backward,0.8977777777777778
W044,all,adjacent_samples,normal,survival_forward,0.9476190476190477
W044,all,adjacent_samples,rgb,class_switch_rate,0.0
W044,all,adjacent_samples,rgb,fragmentation_ge2,0.07407407407407407
W044,all,adjacent_samples,rgb,fragmentation_mean,1.0740740740740742
W044,all,adjacent_samples,rgb,gt_tracks_matched,27.0
W044,all,adjacent_samples,rgb,id_switch_rate,0.024390243902439025
W044,all,adjacent_samples,rgb,matched_pairs,82.0
W044,all,adjacent_samples,rgb,reappear_events_judged,0.0
W044,all,adjacent_samples,rgb,reappear_same_class,
W044,all,adjacent_samples,rgb,reappear_same_gt,
W044,all,adjacent_samples,rgb,reappearance_rate,0.24
W044,all,adjacent_samples,rgb,seeded_regions,25.0
W044,all,adjacent_samples,rgb,survival_backward,0.9440000000000001
W044,all,adjacent_samples,rgb,survival_forward,0.9742857142857143
W044,all,consecutive_annotated,depth,class_switch_rate,0.0
W044,all,consecutive_annotated,depth,fragmentation_ge2,0.25
W044,all,consecutive_annotated,depth,fragmentation_mean,1.25
W044,all,consecutive_annotated,depth,gt_tracks_matched,8.0
W044,all,consecutive_annotated,depth,id_switch_rate,0.06666666666666667
W044,all,consecutive_annotated,depth,matched_pairs,30.0
W044,all,consecutive_annotated,depth,reappear_events_judged,0.0
W044,all,consecutive_annotated,depth,reappear_same_class,
W044,all,consecutive_annotated,depth,reappear_same_gt,
W044,all,consecutive_annotated,depth,reappearance_rate,0.09090909090909091
W044,all,consecutive_annotated,depth,seeded_regions,11.0
W044,all,consecutive_annotated,depth,survival_backward,0.9333333333333332
W044,all,consecutive_annotated,depth,survival_forward,0.9350649350649352
W044,all,consecutive_annotated,normal,class_switch_rate,0.0
W044,all,consecutive_annotated,normal,fragmentation_ge2,0.09090909090909091
W044,all,consecutive_annotated,normal,fragmentation_mean,1.0909090909090908
W044,all,consecutive_annotated,normal,gt_tracks_matched,11.0
W044,all,consecutive_annotated,normal,id_switch_rate,0.015151515151515152
W044,all,consecutive_annotated,normal,matched_pairs,66.0
W044,all,consecutive_annotated,normal,reappear_events_judged,0.0
W044,all,consecutive_annotated,normal,reappear_same_class,
W044,all,consecutive_annotated,normal,reappear_same_gt,
W044,all,consecutive_annotated,normal,reappearance_rate,0.3333333333333333
W044,all,consecutive_annotated,normal,seeded_regions,15.0
W044,all,consecutive_annotated,normal,survival_backward,0.8977777777777778
W044,all,consecutive_annotated,normal,survival_forward,0.9476190476190477
W044,all,consecutive_annotated,rgb,class_switch_rate,0.0
W044,all,consecutive_annotated,rgb,fragmentation_ge2,0.16666666666666666
W044,all,consecutive_annotated,rgb,fragmentation_mean,1.2222222222222223
W044,all,consecutive_annotated,rgb,gt_tracks_matched,18.0
W044,all,consecutive_annotated,rgb,id_switch_rate,0.03409090909090909
W044,all,consecutive_annotated,rgb,matched_pairs,88.0
W044,all,consecutive_annotated,rgb,reappear_events_judged,0.0
W044,all,consecutive_annotated,rgb,reappear_same_class,
W044,all,consecutive_annotated,rgb,reappear_same_gt,
W044,all,consecutive_annotated,rgb,reappearance_rate,0.24
W044,all,consecutive_annotated,rgb,seeded_regions,25.0
W044,all,consecutive_annotated,rgb,survival_backward,0.9440000000000001
W044,all,consecutive_annotated,rgb,survival_forward,0.9742857142857143
W044,frames_in_order,adjacent_samples,depth,class_switch_rate,0.0
W044,frames_in_order,adjacent_samples,depth,fragmentation_ge2,0.0
W044,frames_in_order,adjacent_samples,depth,fragmentation_mean,1.0
W044,frames_in_order,adjacent_samples,depth,gt_tracks_matched,11.0
W044,frames_in_order,adjacent_samples,depth,id_switch_rate,0.0
W044,frames_in_order,adjacent_samples,depth,matched_pairs,27.0
W044,frames_in_order,adjacent_samples,depth,reappear_events_judged,0.0
W044,frames_in_order,adjacent_samples,depth,reappear_same_class,
W044,frames_in_order,adjacent_samples,depth,reappear_same_gt,
W044,frames_in_order,adjacent_samples,depth,reappearance_rate,0.09090909090909091
W044,frames_in_order,adjacent_samples,depth,seeded_regions,11.0
W044,frames_in_order,adjacent_samples,depth,survival_backward,0.9333333333333332
W044,frames_in_order,adjacent_samples,depth,survival_forward,0.9350649350649352
W044,frames_in_order,adjacent_samples,normal,class_switch_rate,0.0
W044,frames_in_order,adjacent_samples,normal,fragmentation_ge2,0.0
W044,frames_in_order,adjacent_samples,normal,fragmentation_mean,1.0
W044,frames_in_order,adjacent_samples,normal,gt_tracks_matched,18.0
W044,frames_in_order,adjacent_samples,normal,id_switch_rate,0.0
W044,frames_in_order,adjacent_samples,normal,matched_pairs,59.0
W044,frames_in_order,adjacent_samples,normal,reappear_events_judged,0.0
W044,frames_in_order,adjacent_samples,normal,reappear_same_class,
W044,frames_in_order,adjacent_samples,normal,reappear_same_gt,
W044,frames_in_order,adjacent_samples,normal,reappearance_rate,0.3333333333333333
W044,frames_in_order,adjacent_samples,normal,seeded_regions,15.0
W044,frames_in_order,adjacent_samples,normal,survival_backward,0.8977777777777778
W044,frames_in_order,adjacent_samples,normal,survival_forward,0.9476190476190477
W044,frames_in_order,adjacent_samples,rgb,class_switch_rate,0.0
W044,frames_in_order,adjacent_samples,rgb,fragmentation_ge2,0.07407407407407407
W044,frames_in_order,adjacent_samples,rgb,fragmentation_mean,1.0740740740740742
W044,frames_in_order,adjacent_samples,rgb,gt_tracks_matched,27.0
W044,frames_in_order,adjacent_samples,rgb,id_switch_rate,0.024390243902439025
W044,frames_in_order,adjacent_samples,rgb,matched_pairs,82.0
W044,frames_in_order,adjacent_samples,rgb,reappear_events_judged,0.0
W044,frames_in_order,adjacent_samples,rgb,reappear_same_class,
W044,frames_in_order,adjacent_samples,rgb,reappear_same_gt,
W044,frames_in_order,adjacent_samples,rgb,reappearance_rate,0.24
W044,frames_in_order,adjacent_samples,rgb,seeded_regions,25.0
W044,frames_in_order,adjacent_samples,rgb,survival_backward,0.9440000000000001
W044,frames_in_order,adjacent_samples,rgb,survival_forward,0.9742857142857143
W044,frames_in_order,consecutive_annotated,depth,class_switch_rate,0.0
W044,frames_in_order,consecutive_annotated,depth,fragmentation_ge2,0.25
W044,frames_in_order,consecutive_annotated,depth,fragmentation_mean,1.25
W044,frames_in_order,consecutive_annotated,depth,gt_tracks_matched,8.0
W044,frames_in_order,consecutive_annotated,depth,id_switch_rate,0.06666666666666667
W044,frames_in_order,consecutive_annotated,depth,matched_pairs,30.0
W044,frames_in_order,consecutive_annotated,depth,reappear_events_judged,0.0
W044,frames_in_order,consecutive_annotated,depth,reappear_same_class,
W044,frames_in_order,consecutive_annotated,depth,reappear_same_gt,
W044,frames_in_order,consecutive_annotated,depth,reappearance_rate,0.09090909090909091
W044,frames_in_order,consecutive_annotated,depth,seeded_regions,11.0
W044,frames_in_order,consecutive_annotated,depth,survival_backward,0.9333333333333332
W044,frames_in_order,consecutive_annotated,depth,survival_forward,0.9350649350649352
W044,frames_in_order,consecutive_annotated,normal,class_switch_rate,0.0
W044,frames_in_order,consecutive_annotated,normal,fragmentation_ge2,0.09090909090909091
W044,frames_in_order,consecutive_annotated,normal,fragmentation_mean,1.0909090909090908
W044,frames_in_order,consecutive_annotated,normal,gt_tracks_matched,11.0
W044,frames_in_order,consecutive_annotated,normal,id_switch_rate,0.015151515151515152
W044,frames_in_order,consecutive_annotated,normal,matched_pairs,66.0
W044,frames_in_order,consecutive_annotated,normal,reappear_events_judged,0.0
W044,frames_in_order,consecutive_annotated,normal,reappear_same_class,
W044,frames_in_order,consecutive_annotated,normal,reappear_same_gt,
W044,frames_in_order,consecutive_annotated,normal,reappearance_rate,0.3333333333333333
W044,frames_in_order,consecutive_annotated,normal,seeded_regions,15.0
W044,frames_in_order,consecutive_annotated,normal,survival_backward,0.8977777777777778
W044,frames_in_order,consecutive_annotated,normal,survival_forward,0.9476190476190477
W044,frames_in_order,consecutive_annotated,rgb,class_switch_rate,0.0
W044,frames_in_order,consecutive_annotated,rgb,fragmentation_ge2,0.16666666666666666
W044,frames_in_order,consecutive_annotated,rgb,fragmentation_mean,1.2222222222222223
W044,frames_in_order,consecutive_annotated,rgb,gt_tracks_matched,18.0
W044,frames_in_order,consecutive_annotated,rgb,id_switch_rate,0.03409090909090909
W044,frames_in_order,consecutive_annotated,rgb,matched_pairs,88.0
W044,frames_in_order,consecutive_annotated,rgb,reappear_events_judged,0.0
W044,frames_in_order,consecutive_annotated,rgb,reappear_same_class,
W044,frames_in_order,consecutive_annotated,rgb,reappear_same_gt,
W044,frames_in_order,consecutive_annotated,rgb,reappearance_rate,0.24
W044,frames_in_order,consecutive_annotated,rgb,seeded_regions,25.0
W044,frames_in_order,consecutive_annotated,rgb,survival_backward,0.9440000000000001
W044,frames_in_order,consecutive_annotated,rgb,survival_forward,0.9742857142857143
W045,all,adjacent_samples,depth,class_switch_rate,0.03333333333333333
W045,all,adjacent_samples,depth,fragmentation_ge2,0.1111111111111111
W045,all,adjacent_samples,depth,fragmentation_mean,1.1111111111111112
W045,all,adjacent_samples,depth,gt_tracks_matched,9.0
W045,all,adjacent_samples,depth,id_switch_rate,0.03333333333333333
W045,all,adjacent_samples,depth,matched_pairs,30.0
W045,all,adjacent_samples,depth,reappear_events_judged,0.0
W045,all,adjacent_samples,depth,reappear_same_class,
W045,all,adjacent_samples,depth,reappear_same_gt,
W045,all,adjacent_samples,depth,reappearance_rate,0.3333333333333333
W045,all,adjacent_samples,depth,seeded_regions,6.0
W045,all,adjacent_samples,depth,survival_backward,0.8555555555555555
W045,all,adjacent_samples,depth,survival_forward,0.8690476190476191
W045,all,adjacent_samples,normal,class_switch_rate,0.04
W045,all,adjacent_samples,normal,fragmentation_ge2,0.0
W045,all,adjacent_samples,normal,fragmentation_mean,1.0
W045,all,adjacent_samples,normal,gt_tracks_matched,12.0
W045,all,adjacent_samples,normal,id_switch_rate,0.08
W045,all,adjacent_samples,normal,matched_pairs,25.0
W045,all,adjacent_samples,normal,reappear_events_judged,0.0
W045,all,adjacent_samples,normal,reappear_same_class,
W045,all,adjacent_samples,normal,reappear_same_gt,
W045,all,adjacent_samples,normal,reappearance_rate,0.16666666666666666
W045,all,adjacent_samples,normal,seeded_regions,6.0
W045,all,adjacent_samples,normal,survival_backward,0.9555555555555556
W045,all,adjacent_samples,normal,survival_forward,0.9761904761904763
W045,all,adjacent_samples,rgb,class_switch_rate,0.0
W045,all,adjacent_samples,rgb,fragmentation_ge2,0.0967741935483871
W045,all,adjacent_samples,rgb,fragmentation_mean,1.096774193548387
W045,all,adjacent_samples,rgb,gt_tracks_matched,31.0
W045,all,adjacent_samples,rgb,id_switch_rate,0.2028985507246377
W045,all,adjacent_samples,rgb,matched_pairs,69.0
W045,all,adjacent_samples,rgb,reappear_events_judged,2.0
W045,all,adjacent_samples,rgb,reappear_same_class,1.0
W045,all,adjacent_samples,rgb,reappear_same_gt,0.0
W045,all,adjacent_samples,rgb,reappearance_rate,0.5833333333333334
W045,all,adjacent_samples,rgb,seeded_regions,12.0
W045,all,adjacent_samples,rgb,survival_backward,0.7999999999999999
W045,all,adjacent_samples,rgb,survival_forward,0.8928571428571428
W045,all,consecutive_annotated,depth,class_switch_rate,0.030303030303030304
W045,all,consecutive_annotated,depth,fragmentation_ge2,0.16666666666666666
W045,all,consecutive_annotated,depth,fragmentation_mean,1.1666666666666667
W045,all,consecutive_annotated,depth,gt_tracks_matched,6.0
W045,all,consecutive_annotated,depth,id_switch_rate,0.030303030303030304
W045,all,consecutive_annotated,depth,matched_pairs,33.0
W045,all,consecutive_annotated,depth,reappear_events_judged,0.0
W045,all,consecutive_annotated,depth,reappear_same_class,
W045,all,consecutive_annotated,depth,reappear_same_gt,
W045,all,consecutive_annotated,depth,reappearance_rate,0.3333333333333333
W045,all,consecutive_annotated,depth,seeded_regions,6.0
W045,all,consecutive_annotated,depth,survival_backward,0.8555555555555555
W045,all,consecutive_annotated,depth,survival_forward,0.8690476190476191
W045,all,consecutive_annotated,normal,class_switch_rate,0.06896551724137931
W045,all,consecutive_annotated,normal,fragmentation_ge2,0.0
W045,all,consecutive_annotated,normal,fragmentation_mean,1.0
W045,all,consecutive_annotated,normal,gt_tracks_matched,10.0
W045,all,consecutive_annotated,normal,id_switch_rate,0.13793103448275862
W045,all,consecutive_annotated,normal,matched_pairs,29.0
W045,all,consecutive_annotated,normal,reappear_events_judged,0.0
W045,all,consecutive_annotated,normal,reappear_same_class,
W045,all,consecutive_annotated,normal,reappear_same_gt,
W045,all,consecutive_annotated,normal,reappearance_rate,0.16666666666666666
W045,all,consecutive_annotated,normal,seeded_regions,6.0
W045,all,consecutive_annotated,normal,survival_backward,0.9555555555555556
W045,all,consecutive_annotated,normal,survival_forward,0.9761904761904763
W045,all,consecutive_annotated,rgb,class_switch_rate,0.0
W045,all,consecutive_annotated,rgb,fragmentation_ge2,0.1111111111111111
W045,all,consecutive_annotated,rgb,fragmentation_mean,1.1111111111111112
W045,all,consecutive_annotated,rgb,gt_tracks_matched,27.0
W045,all,consecutive_annotated,rgb,id_switch_rate,0.20270270270270271
W045,all,consecutive_annotated,rgb,matched_pairs,74.0
W045,all,consecutive_annotated,rgb,reappear_events_judged,2.0
W045,all,consecutive_annotated,rgb,reappear_same_class,1.0
W045,all,consecutive_annotated,rgb,reappear_same_gt,0.0
W045,all,consecutive_annotated,rgb,reappearance_rate,0.5833333333333334
W045,all,consecutive_annotated,rgb,seeded_regions,12.0
W045,all,consecutive_annotated,rgb,survival_backward,0.7999999999999999
W045,all,consecutive_annotated,rgb,survival_forward,0.8928571428571428
W045,frames_in_order,adjacent_samples,depth,class_switch_rate,0.03333333333333333
W045,frames_in_order,adjacent_samples,depth,fragmentation_ge2,0.1111111111111111
W045,frames_in_order,adjacent_samples,depth,fragmentation_mean,1.1111111111111112
W045,frames_in_order,adjacent_samples,depth,gt_tracks_matched,9.0
W045,frames_in_order,adjacent_samples,depth,id_switch_rate,0.03333333333333333
W045,frames_in_order,adjacent_samples,depth,matched_pairs,30.0
W045,frames_in_order,adjacent_samples,depth,reappear_events_judged,0.0
W045,frames_in_order,adjacent_samples,depth,reappear_same_class,
W045,frames_in_order,adjacent_samples,depth,reappear_same_gt,
W045,frames_in_order,adjacent_samples,depth,reappearance_rate,0.3333333333333333
W045,frames_in_order,adjacent_samples,depth,seeded_regions,6.0
W045,frames_in_order,adjacent_samples,depth,survival_backward,0.8555555555555555
W045,frames_in_order,adjacent_samples,depth,survival_forward,0.8690476190476191
W045,frames_in_order,adjacent_samples,normal,class_switch_rate,0.04
W045,frames_in_order,adjacent_samples,normal,fragmentation_ge2,0.0
W045,frames_in_order,adjacent_samples,normal,fragmentation_mean,1.0
W045,frames_in_order,adjacent_samples,normal,gt_tracks_matched,12.0
W045,frames_in_order,adjacent_samples,normal,id_switch_rate,0.08
W045,frames_in_order,adjacent_samples,normal,matched_pairs,25.0
W045,frames_in_order,adjacent_samples,normal,reappear_events_judged,0.0
W045,frames_in_order,adjacent_samples,normal,reappear_same_class,
W045,frames_in_order,adjacent_samples,normal,reappear_same_gt,
W045,frames_in_order,adjacent_samples,normal,reappearance_rate,0.16666666666666666
W045,frames_in_order,adjacent_samples,normal,seeded_regions,6.0
W045,frames_in_order,adjacent_samples,normal,survival_backward,0.9555555555555556
W045,frames_in_order,adjacent_samples,normal,survival_forward,0.9761904761904763
W045,frames_in_order,adjacent_samples,rgb,class_switch_rate,0.0
W045,frames_in_order,adjacent_samples,rgb,fragmentation_ge2,0.0967741935483871
W045,frames_in_order,adjacent_samples,rgb,fragmentation_mean,1.096774193548387
W045,frames_in_order,adjacent_samples,rgb,gt_tracks_matched,31.0
W045,frames_in_order,adjacent_samples,rgb,id_switch_rate,0.2028985507246377
W045,frames_in_order,adjacent_samples,rgb,matched_pairs,69.0
W045,frames_in_order,adjacent_samples,rgb,reappear_events_judged,2.0
W045,frames_in_order,adjacent_samples,rgb,reappear_same_class,1.0
W045,frames_in_order,adjacent_samples,rgb,reappear_same_gt,0.0
W045,frames_in_order,adjacent_samples,rgb,reappearance_rate,0.5833333333333334
W045,frames_in_order,adjacent_samples,rgb,seeded_regions,12.0
W045,frames_in_order,adjacent_samples,rgb,survival_backward,0.7999999999999999
W045,frames_in_order,adjacent_samples,rgb,survival_forward,0.8928571428571428
W045,frames_in_order,consecutive_annotated,depth,class_switch_rate,0.030303030303030304
W045,frames_in_order,consecutive_annotated,depth,fragmentation_ge2,0.16666666666666666
W045,frames_in_order,consecutive_annotated,depth,fragmentation_mean,1.1666666666666667
W045,frames_in_order,consecutive_annotated,depth,gt_tracks_matched,6.0
W045,frames_in_order,consecutive_annotated,depth,id_switch_rate,0.030303030303030304
W045,frames_in_order,consecutive_annotated,depth,matched_pairs,33.0
W045,frames_in_order,consecutive_annotated,depth,reappear_events_judged,0.0
W045,frames_in_order,consecutive_annotated,depth,reappear_same_class,
W045,frames_in_order,consecutive_annotated,depth,reappear_same_gt,
W045,frames_in_order,consecutive_annotated,depth,reappearance_rate,0.3333333333333333
W045,frames_in_order,consecutive_annotated,depth,seeded_regions,6.0
W045,frames_in_order,consecutive_annotated,depth,survival_backward,0.8555555555555555
W045,frames_in_order,consecutive_annotated,depth,survival_forward,0.8690476190476191
W045,frames_in_order,consecutive_annotated,normal,class_switch_rate,0.06896551724137931
W045,frames_in_order,consecutive_annotated,normal,fragmentation_ge2,0.0
W045,frames_in_order,consecutive_annotated,normal,fragmentation_mean,1.0
W045,frames_in_order,consecutive_annotated,normal,gt_tracks_matched,10.0
W045,frames_in_order,consecutive_annotated,normal,id_switch_rate,0.13793103448275862
W045,frames_in_order,consecutive_annotated,normal,matched_pairs,29.0
W045,frames_in_order,consecutive_annotated,normal,reappear_events_judged,0.0
W045,frames_in_order,consecutive_annotated,normal,reappear_same_class,
W045,frames_in_order,consecutive_annotated,normal,reappear_same_gt,
W045,frames_in_order,consecutive_annotated,normal,reappearance_rate,0.16666666666666666
W045,frames_in_order,consecutive_annotated,normal,seeded_regions,6.0
W045,frames_in_order,consecutive_annotated,normal,survival_backward,0.9555555555555556
W045,frames_in_order,consecutive_annotated,normal,survival_forward,0.9761904761904763
W045,frames_in_order,consecutive_annotated,rgb,class_switch_rate,0.0
W045,frames_in_order,consecutive_annotated,rgb,fragmentation_ge2,0.1111111111111111
W045,frames_in_order,consecutive_annotated,rgb,fragmentation_mean,1.1111111111111112
W045,frames_in_order,consecutive_annotated,rgb,gt_tracks_matched,27.0
W045,frames_in_order,consecutive_annotated,rgb,id_switch_rate,0.20270270270270271
W045,frames_in_order,consecutive_annotated,rgb,matched_pairs,74.0
W045,frames_in_order,consecutive_annotated,rgb,reappear_events_judged,2.0
W045,frames_in_order,consecutive_annotated,rgb,reappear_same_class,1.0
W045,frames_in_order,consecutive_annotated,rgb,reappear_same_gt,0.0
W045,frames_in_order,consecutive_annotated,rgb,reappearance_rate,0.5833333333333334
W045,frames_in_order,consecutive_annotated,rgb,seeded_regions,12.0
W045,frames_in_order,consecutive_annotated,rgb,survival_backward,0.7999999999999999
W045,frames_in_order,consecutive_annotated,rgb,survival_forward,0.8928571428571428
W046,all,adjacent_samples,depth,class_switch_rate,0.02127659574468085
W046,all,adjacent_samples,depth,fragmentation_ge2,0.05555555555555555
W046,all,adjacent_samples,depth,fragmentation_mean,1.0555555555555556
W046,all,adjacent_samples,depth,gt_tracks_matched,18.0
W046,all,adjacent_samples,depth,id_switch_rate,0.0851063829787234
W046,all,adjacent_samples,depth,matched_pairs,47.0
W046,all,adjacent_samples,depth,reappear_events_judged,1.0
W046,all,adjacent_samples,depth,reappear_same_class,1.0
W046,all,adjacent_samples,depth,reappear_same_gt,0.0
W046,all,adjacent_samples,depth,reappearance_rate,0.3333333333333333
W046,all,adjacent_samples,depth,seeded_regions,6.0
W046,all,adjacent_samples,depth,survival_backward,0.9333333333333332
W046,all,adjacent_samples,depth,survival_forward,0.9523809523809524
W046,all,adjacent_samples,normal,class_switch_rate,0.05
W046,all,adjacent_samples,normal,fragmentation_ge2,0.09090909090909091
W046,all,adjacent_samples,normal,fragmentation_mean,1.0909090909090908
W046,all,adjacent_samples,normal,gt_tracks_matched,11.0
W046,all,adjacent_samples,normal,id_switch_rate,0.05
W046,all,adjacent_samples,normal,matched_pairs,20.0
W046,all,adjacent_samples,normal,reappear_events_judged,1.0
W046,all,adjacent_samples,normal,reappear_same_class,1.0
W046,all,adjacent_samples,normal,reappear_same_gt,0.0
W046,all,adjacent_samples,normal,reappearance_rate,0.4
W046,all,adjacent_samples,normal,seeded_regions,5.0
W046,all,adjacent_samples,normal,survival_backward,0.8800000000000001
W046,all,adjacent_samples,normal,survival_forward,0.8571428571428573
W046,all,adjacent_samples,rgb,class_switch_rate,0.02857142857142857
W046,all,adjacent_samples,rgb,fragmentation_ge2,0.05555555555555555
W046,all,adjacent_samples,rgb,fragmentation_mean,1.0555555555555556
W046,all,adjacent_samples,rgb,gt_tracks_matched,36.0
W046,all,adjacent_samples,rgb,id_switch_rate,0.21428571428571427
W046,all,adjacent_samples,rgb,matched_pairs,70.0
W046,all,adjacent_samples,rgb,reappear_events_judged,4.0
W046,all,adjacent_samples,rgb,reappear_same_class,1.0
W046,all,adjacent_samples,rgb,reappear_same_gt,0.0
W046,all,adjacent_samples,rgb,reappearance_rate,0.6363636363636364
W046,all,adjacent_samples,rgb,seeded_regions,11.0
W046,all,adjacent_samples,rgb,survival_backward,0.9030303030303028
W046,all,adjacent_samples,rgb,survival_forward,0.9220779220779222
W046,all,consecutive_annotated,depth,class_switch_rate,0.0392156862745098
W046,all,consecutive_annotated,depth,fragmentation_ge2,0.13333333333333333
W046,all,consecutive_annotated,depth,fragmentation_mean,1.1333333333333333
W046,all,consecutive_annotated,depth,gt_tracks_matched,15.0
W046,all,consecutive_annotated,depth,id_switch_rate,0.11764705882352941
W046,all,consecutive_annotated,depth,matched_pairs,51.0
W046,all,consecutive_annotated,depth,reappear_events_judged,1.0
W046,all,consecutive_annotated,depth,reappear_same_class,1.0
W046,all,consecutive_annotated,depth,reappear_same_gt,0.0
W046,all,consecutive_annotated,depth,reappearance_rate,0.3333333333333333
W046,all,consecutive_annotated,depth,seeded_regions,6.0
W046,all,consecutive_annotated,depth,survival_backward,0.9333333333333332
W046,all,consecutive_annotated,depth,survival_forward,0.9523809523809524
W046,all,consecutive_annotated,normal,class_switch_rate,0.08695652173913043
W046,all,consecutive_annotated,normal,fragmentation_ge2,0.1
W046,all,consecutive_annotated,normal,fragmentation_mean,1.1
W046,all,consecutive_annotated,normal,gt_tracks_matched,10.0
W046,all,consecutive_annotated,normal,id_switch_rate,0.13043478260869565
W046,all,consecutive_annotated,normal,matched_pairs,23.0
W046,all,consecutive_annotated,normal,reappear_events_judged,1.0
W046,all,consecutive_annotated,normal,reappear_same_class,1.0
W046,all,consecutive_annotated,normal,reappear_same_gt,0.0
W046,all,consecutive_annotated,normal,reappearance_rate,0.4
W046,all,consecutive_annotated,normal,seeded_regions,5.0
W046,all,consecutive_annotated,normal,survival_backward,0.8800000000000001
W046,all,consecutive_annotated,normal,survival_forward,0.8571428571428573
W046,all,consecutive_annotated,rgb,class_switch_rate,0.04054054054054054
W046,all,consecutive_annotated,rgb,fragmentation_ge2,0.09375
W046,all,consecutive_annotated,rgb,fragmentation_mean,1.09375
W046,all,consecutive_annotated,rgb,gt_tracks_matched,32.0
W046,all,consecutive_annotated,rgb,id_switch_rate,0.22972972972972974
W046,all,consecutive_annotated,rgb,matched_pairs,74.0
W046,all,consecutive_annotated,rgb,reappear_events_judged,4.0
W046,all,consecutive_annotated,rgb,reappear_same_class,1.0
W046,all,consecutive_annotated,rgb,reappear_same_gt,0.0
W046,all,consecutive_annotated,rgb,reappearance_rate,0.6363636363636364
W046,all,consecutive_annotated,rgb,seeded_regions,11.0
W046,all,consecutive_annotated,rgb,survival_backward,0.9030303030303028
W046,all,consecutive_annotated,rgb,survival_forward,0.9220779220779222
W046,frames_in_order,adjacent_samples,depth,class_switch_rate,0.02127659574468085
W046,frames_in_order,adjacent_samples,depth,fragmentation_ge2,0.05555555555555555
W046,frames_in_order,adjacent_samples,depth,fragmentation_mean,1.0555555555555556
W046,frames_in_order,adjacent_samples,depth,gt_tracks_matched,18.0
W046,frames_in_order,adjacent_samples,depth,id_switch_rate,0.0851063829787234
W046,frames_in_order,adjacent_samples,depth,matched_pairs,47.0
W046,frames_in_order,adjacent_samples,depth,reappear_events_judged,1.0
W046,frames_in_order,adjacent_samples,depth,reappear_same_class,1.0
W046,frames_in_order,adjacent_samples,depth,reappear_same_gt,0.0
W046,frames_in_order,adjacent_samples,depth,reappearance_rate,0.3333333333333333
W046,frames_in_order,adjacent_samples,depth,seeded_regions,6.0
W046,frames_in_order,adjacent_samples,depth,survival_backward,0.9333333333333332
W046,frames_in_order,adjacent_samples,depth,survival_forward,0.9523809523809524
W046,frames_in_order,adjacent_samples,normal,class_switch_rate,0.05
W046,frames_in_order,adjacent_samples,normal,fragmentation_ge2,0.09090909090909091
W046,frames_in_order,adjacent_samples,normal,fragmentation_mean,1.0909090909090908
W046,frames_in_order,adjacent_samples,normal,gt_tracks_matched,11.0
W046,frames_in_order,adjacent_samples,normal,id_switch_rate,0.05
W046,frames_in_order,adjacent_samples,normal,matched_pairs,20.0
W046,frames_in_order,adjacent_samples,normal,reappear_events_judged,1.0
W046,frames_in_order,adjacent_samples,normal,reappear_same_class,1.0
W046,frames_in_order,adjacent_samples,normal,reappear_same_gt,0.0
W046,frames_in_order,adjacent_samples,normal,reappearance_rate,0.4
W046,frames_in_order,adjacent_samples,normal,seeded_regions,5.0
W046,frames_in_order,adjacent_samples,normal,survival_backward,0.8800000000000001
W046,frames_in_order,adjacent_samples,normal,survival_forward,0.8571428571428573
W046,frames_in_order,adjacent_samples,rgb,class_switch_rate,0.02857142857142857
W046,frames_in_order,adjacent_samples,rgb,fragmentation_ge2,0.05555555555555555
W046,frames_in_order,adjacent_samples,rgb,fragmentation_mean,1.0555555555555556
W046,frames_in_order,adjacent_samples,rgb,gt_tracks_matched,36.0
W046,frames_in_order,adjacent_samples,rgb,id_switch_rate,0.21428571428571427
W046,frames_in_order,adjacent_samples,rgb,matched_pairs,70.0
W046,frames_in_order,adjacent_samples,rgb,reappear_events_judged,4.0
W046,frames_in_order,adjacent_samples,rgb,reappear_same_class,1.0
W046,frames_in_order,adjacent_samples,rgb,reappear_same_gt,0.0
W046,frames_in_order,adjacent_samples,rgb,reappearance_rate,0.6363636363636364
W046,frames_in_order,adjacent_samples,rgb,seeded_regions,11.0
W046,frames_in_order,adjacent_samples,rgb,survival_backward,0.9030303030303028
W046,frames_in_order,adjacent_samples,rgb,survival_forward,0.9220779220779222
W046,frames_in_order,consecutive_annotated,depth,class_switch_rate,0.0392156862745098
W046,frames_in_order,consecutive_annotated,depth,fragmentation_ge2,0.13333333333333333
W046,frames_in_order,consecutive_annotated,depth,fragmentation_mean,1.1333333333333333
W046,frames_in_order,consecutive_annotated,depth,gt_tracks_matched,15.0
W046,frames_in_order,consecutive_annotated,depth,id_switch_rate,0.11764705882352941
W046,frames_in_order,consecutive_annotated,depth,matched_pairs,51.0
W046,frames_in_order,consecutive_annotated,depth,reappear_events_judged,1.0
W046,frames_in_order,consecutive_annotated,depth,reappear_same_class,1.0
W046,frames_in_order,consecutive_annotated,depth,reappear_same_gt,0.0
W046,frames_in_order,consecutive_annotated,depth,reappearance_rate,0.3333333333333333
W046,frames_in_order,consecutive_annotated,depth,seeded_regions,6.0
W046,frames_in_order,consecutive_annotated,depth,survival_backward,0.9333333333333332
W046,frames_in_order,consecutive_annotated,depth,survival_forward,0.9523809523809524
W046,frames_in_order,consecutive_annotated,normal,class_switch_rate,0.08695652173913043
W046,frames_in_order,consecutive_annotated,normal,fragmentation_ge2,0.1
W046,frames_in_order,consecutive_annotated,normal,fragmentation_mean,1.1
W046,frames_in_order,consecutive_annotated,normal,gt_tracks_matched,10.0
W046,frames_in_order,consecutive_annotated,normal,id_switch_rate,0.13043478260869565
W046,frames_in_order,consecutive_annotated,normal,matched_pairs,23.0
W046,frames_in_order,consecutive_annotated,normal,reappear_events_judged,1.0
W046,frames_in_order,consecutive_annotated,normal,reappear_same_class,1.0
W046,frames_in_order,consecutive_annotated,normal,reappear_same_gt,0.0
W046,frames_in_order,consecutive_annotated,normal,reappearance_rate,0.4
W046,frames_in_order,consecutive_annotated,normal,seeded_regions,5.0
W046,frames_in_order,consecutive_annotated,normal,survival_backward,0.8800000000000001
W046,frames_in_order,consecutive_annotated,normal,survival_forward,0.8571428571428573
W046,frames_in_order,consecutive_annotated,rgb,class_switch_rate,0.04054054054054054
W046,frames_in_order,consecutive_annotated,rgb,fragmentation_ge2,0.09375
W046,frames_in_order,consecutive_annotated,rgb,fragmentation_mean,1.09375
W046,frames_in_order,consecutive_annotated,rgb,gt_tracks_matched,32.0
W046,frames_in_order,consecutive_annotated,rgb,id_switch_rate,0.22972972972972974
W046,frames_in_order,consecutive_annotated,rgb,matched_pairs,74.0
W046,frames_in_order,consecutive_annotated,rgb,reappear_events_judged,4.0
W046,frames_in_order,consecutive_annotated,rgb,reappear_same_class,1.0
W046,frames_in_order,consecutive_annotated,rgb,reappear_same_gt,0.0
W046,frames_in_order,consecutive_annotated,rgb,reappearance_rate,0.6363636363636364
W046,frames_in_order,consecutive_annotated,rgb,seeded_regions,11.0
W046,frames_in_order,consecutive_annotated,rgb,survival_backward,0.9030303030303028
W046,frames_in_order,consecutive_annotated,rgb,survival_forward,0.9220779220779222
W047,all,adjacent_samples,depth,class_switch_rate,0.0
W047,all,adjacent_samples,depth,fragmentation_ge2,0.2
W047,all,adjacent_samples,depth,fragmentation_mean,1.2
W047,all,adjacent_samples,depth,gt_tracks_matched,5.0
W047,all,adjacent_samples,depth,id_switch_rate,0.0
W047,all,adjacent_samples,depth,matched_pairs,11.0
W047,all,adjacent_samples,depth,reappear_events_judged,0.0
W047,all,adjacent_samples,depth,reappear_same_class,
W047,all,adjacent_samples,depth,reappear_same_gt,
W047,all,adjacent_samples,depth,reappearance_rate,0.25
W047,all,adjacent_samples,depth,seeded_regions,4.0
W047,all,adjacent_samples,depth,survival_backward,0.9
W047,all,adjacent_samples,depth,survival_forward,1.0
W047,all,adjacent_samples,normal,class_switch_rate,0.15384615384615385
W047,all,adjacent_samples,normal,fragmentation_ge2,0.09090909090909091
W047,all,adjacent_samples,normal,fragmentation_mean,1.0909090909090908
W047,all,adjacent_samples,normal,gt_tracks_matched,11.0
W047,all,adjacent_samples,normal,id_switch_rate,0.2692307692307692
W047,all,adjacent_samples,normal,matched_pairs,26.0
W047,all,adjacent_samples,normal,reappear_events_judged,0.0
W047,all,adjacent_samples,normal,reappear_same_class,
W047,all,adjacent_samples,normal,reappear_same_gt,
W047,all,adjacent_samples,normal,reappearance_rate,0.0
W047,all,adjacent_samples,normal,seeded_regions,6.0
W047,all,adjacent_samples,normal,survival_backward,0.8444444444444444
W047,all,adjacent_samples,normal,survival_forward,1.0
W047,all,adjacent_samples,rgb,class_switch_rate,0.0
W047,all,adjacent_samples,rgb,fragmentation_ge2,0.09523809523809523
W047,all,adjacent_samples,rgb,fragmentation_mean,1.1428571428571428
W047,all,adjacent_samples,rgb,gt_tracks_matched,21.0
W047,all,adjacent_samples,rgb,id_switch_rate,0.027777777777777776
W047,all,adjacent_samples,rgb,matched_pairs,72.0
W047,all,adjacent_samples,rgb,reappear_events_judged,0.0
W047,all,adjacent_samples,rgb,reappear_same_class,
W047,all,adjacent_samples,rgb,reappear_same_gt,
W047,all,adjacent_samples,rgb,reappearance_rate,0.35714285714285715
W047,all,adjacent_samples,rgb,seeded_regions,14.0
W047,all,adjacent_samples,rgb,survival_backward,0.680952380952381
W047,all,adjacent_samples,rgb,survival_forward,0.9489795918367346
W047,all,consecutive_annotated,depth,class_switch_rate,0.0
W047,all,consecutive_annotated,depth,fragmentation_ge2,0.3333333333333333
W047,all,consecutive_annotated,depth,fragmentation_mean,1.3333333333333333
W047,all,consecutive_annotated,depth,gt_tracks_matched,3.0
W047,all,consecutive_annotated,depth,id_switch_rate,0.0
W047,all,consecutive_annotated,depth,matched_pairs,12.0
W047,all,consecutive_annotated,depth,reappear_events_judged,0.0
W047,all,consecutive_annotated,depth,reappear_same_class,
W047,all,consecutive_annotated,depth,reappear_same_gt,
W047,all,consecutive_annotated,depth,reappearance_rate,0.25
W047,all,consecutive_annotated,depth,seeded_regions,4.0
W047,all,consecutive_annotated,depth,survival_backward,0.9
W047,all,consecutive_annotated,depth,survival_forward,1.0
W047,all,consecutive_annotated,normal,class_switch_rate,0.14814814814814814
W047,all,consecutive_annotated,normal,fragmentation_ge2,0.1111111111111111
W047,all,consecutive_annotated,normal,fragmentation_mean,1.1111111111111112
W047,all,consecutive_annotated,normal,gt_tracks_matched,9.0
W047,all,consecutive_annotated,normal,id_switch_rate,0.25925925925925924
W047,all,consecutive_annotated,normal,matched_pairs,27.0
W047,all,consecutive_annotated,normal,reappear_events_judged,0.0
W047,all,consecutive_annotated,normal,reappear_same_class,
W047,all,consecutive_annotated,normal,reappear_same_gt,
W047,all,consecutive_annotated,normal,reappearance_rate,0.0
W047,all,consecutive_annotated,normal,seeded_regions,6.0
W047,all,consecutive_annotated,normal,survival_backward,0.8444444444444444
W047,all,consecutive_annotated,normal,survival_forward,1.0
W047,all,consecutive_annotated,rgb,class_switch_rate,0.0
W047,all,consecutive_annotated,rgb,fragmentation_ge2,0.11764705882352941
W047,all,consecutive_annotated,rgb,fragmentation_mean,1.1764705882352942
W047,all,consecutive_annotated,rgb,gt_tracks_matched,17.0
W047,all,consecutive_annotated,rgb,id_switch_rate,0.02666666666666667
W047,all,consecutive_annotated,rgb,matched_pairs,75.0
W047,all,consecutive_annotated,rgb,reappear_events_judged,0.0
W047,all,consecutive_annotated,rgb,reappear_same_class,
W047,all,consecutive_annotated,rgb,reappear_same_gt,
W047,all,consecutive_annotated,rgb,reappearance_rate,0.35714285714285715
W047,all,consecutive_annotated,rgb,seeded_regions,14.0
W047,all,consecutive_annotated,rgb,survival_backward,0.680952380952381
W047,all,consecutive_annotated,rgb,survival_forward,0.9489795918367346
W047,frames_in_order,adjacent_samples,depth,class_switch_rate,0.0
W047,frames_in_order,adjacent_samples,depth,fragmentation_ge2,0.2
W047,frames_in_order,adjacent_samples,depth,fragmentation_mean,1.2
W047,frames_in_order,adjacent_samples,depth,gt_tracks_matched,5.0
W047,frames_in_order,adjacent_samples,depth,id_switch_rate,0.0
W047,frames_in_order,adjacent_samples,depth,matched_pairs,11.0
W047,frames_in_order,adjacent_samples,depth,reappear_events_judged,0.0
W047,frames_in_order,adjacent_samples,depth,reappear_same_class,
W047,frames_in_order,adjacent_samples,depth,reappear_same_gt,
W047,frames_in_order,adjacent_samples,depth,reappearance_rate,0.25
W047,frames_in_order,adjacent_samples,depth,seeded_regions,4.0
W047,frames_in_order,adjacent_samples,depth,survival_backward,0.9
W047,frames_in_order,adjacent_samples,depth,survival_forward,1.0
W047,frames_in_order,adjacent_samples,normal,class_switch_rate,0.15384615384615385
W047,frames_in_order,adjacent_samples,normal,fragmentation_ge2,0.09090909090909091
W047,frames_in_order,adjacent_samples,normal,fragmentation_mean,1.0909090909090908
W047,frames_in_order,adjacent_samples,normal,gt_tracks_matched,11.0
W047,frames_in_order,adjacent_samples,normal,id_switch_rate,0.2692307692307692
W047,frames_in_order,adjacent_samples,normal,matched_pairs,26.0
W047,frames_in_order,adjacent_samples,normal,reappear_events_judged,0.0
W047,frames_in_order,adjacent_samples,normal,reappear_same_class,
W047,frames_in_order,adjacent_samples,normal,reappear_same_gt,
W047,frames_in_order,adjacent_samples,normal,reappearance_rate,0.0
W047,frames_in_order,adjacent_samples,normal,seeded_regions,6.0
W047,frames_in_order,adjacent_samples,normal,survival_backward,0.8444444444444444
W047,frames_in_order,adjacent_samples,normal,survival_forward,1.0
W047,frames_in_order,adjacent_samples,rgb,class_switch_rate,0.0
W047,frames_in_order,adjacent_samples,rgb,fragmentation_ge2,0.09523809523809523
W047,frames_in_order,adjacent_samples,rgb,fragmentation_mean,1.1428571428571428
W047,frames_in_order,adjacent_samples,rgb,gt_tracks_matched,21.0
W047,frames_in_order,adjacent_samples,rgb,id_switch_rate,0.027777777777777776
W047,frames_in_order,adjacent_samples,rgb,matched_pairs,72.0
W047,frames_in_order,adjacent_samples,rgb,reappear_events_judged,0.0
W047,frames_in_order,adjacent_samples,rgb,reappear_same_class,
W047,frames_in_order,adjacent_samples,rgb,reappear_same_gt,
W047,frames_in_order,adjacent_samples,rgb,reappearance_rate,0.35714285714285715
W047,frames_in_order,adjacent_samples,rgb,seeded_regions,14.0
W047,frames_in_order,adjacent_samples,rgb,survival_backward,0.680952380952381
W047,frames_in_order,adjacent_samples,rgb,survival_forward,0.9489795918367346
W047,frames_in_order,consecutive_annotated,depth,class_switch_rate,0.0
W047,frames_in_order,consecutive_annotated,depth,fragmentation_ge2,0.3333333333333333
W047,frames_in_order,consecutive_annotated,depth,fragmentation_mean,1.3333333333333333
W047,frames_in_order,consecutive_annotated,depth,gt_tracks_matched,3.0
W047,frames_in_order,consecutive_annotated,depth,id_switch_rate,0.0
W047,frames_in_order,consecutive_annotated,depth,matched_pairs,12.0
W047,frames_in_order,consecutive_annotated,depth,reappear_events_judged,0.0
W047,frames_in_order,consecutive_annotated,depth,reappear_same_class,
W047,frames_in_order,consecutive_annotated,depth,reappear_same_gt,
W047,frames_in_order,consecutive_annotated,depth,reappearance_rate,0.25
W047,frames_in_order,consecutive_annotated,depth,seeded_regions,4.0
W047,frames_in_order,consecutive_annotated,depth,survival_backward,0.9
W047,frames_in_order,consecutive_annotated,depth,survival_forward,1.0
W047,frames_in_order,consecutive_annotated,normal,class_switch_rate,0.14814814814814814
W047,frames_in_order,consecutive_annotated,normal,fragmentation_ge2,0.1111111111111111
W047,frames_in_order,consecutive_annotated,normal,fragmentation_mean,1.1111111111111112
W047,frames_in_order,consecutive_annotated,normal,gt_tracks_matched,9.0
W047,frames_in_order,consecutive_annotated,normal,id_switch_rate,0.25925925925925924
W047,frames_in_order,consecutive_annotated,normal,matched_pairs,27.0
W047,frames_in_order,consecutive_annotated,normal,reappear_events_judged,0.0
W047,frames_in_order,consecutive_annotated,normal,reappear_same_class,
W047,frames_in_order,consecutive_annotated,normal,reappear_same_gt,
W047,frames_in_order,consecutive_annotated,normal,reappearance_rate,0.0
W047,frames_in_order,consecutive_annotated,normal,seeded_regions,6.0
W047,frames_in_order,consecutive_annotated,normal,survival_backward,0.8444444444444444
W047,frames_in_order,consecutive_annotated,normal,survival_forward,1.0
W047,frames_in_order,consecutive_annotated,rgb,class_switch_rate,0.0
W047,frames_in_order,consecutive_annotated,rgb,fragmentation_ge2,0.11764705882352941
W047,frames_in_order,consecutive_annotated,rgb,fragmentation_mean,1.1764705882352942
W047,frames_in_order,consecutive_annotated,rgb,gt_tracks_matched,17.0
W047,frames_in_order,consecutive_annotated,rgb,id_switch_rate,0.02666666666666667
W047,frames_in_order,consecutive_annotated,rgb,matched_pairs,75.0
W047,frames_in_order,consecutive_annotated,rgb,reappear_events_judged,0.0
W047,frames_in_order,consecutive_annotated,rgb,reappear_same_class,
W047,frames_in_order,consecutive_annotated,rgb,reappear_same_gt,
W047,frames_in_order,consecutive_annotated,rgb,reappearance_rate,0.35714285714285715
W047,frames_in_order,consecutive_annotated,rgb,seeded_regions,14.0
W047,frames_in_order,consecutive_annotated,rgb,survival_backward,0.680952380952381
W047,frames_in_order,consecutive_annotated,rgb,survival_forward,0.9489795918367346
W048,all,adjacent_samples,depth,class_switch_rate,0.0
W048,all,adjacent_samples,depth,fragmentation_ge2,0.0
W048,all,adjacent_samples,depth,fragmentation_mean,1.0
W048,all,adjacent_samples,depth,gt_tracks_matched,11.0
W048,all,adjacent_samples,depth,id_switch_rate,0.0
W048,all,adjacent_samples,depth,matched_pairs,12.0
W048,all,adjacent_samples,depth,reappear_events_judged,2.0
W048,all,adjacent_samples,depth,reappear_same_class,1.0
W048,all,adjacent_samples,depth,reappear_same_gt,0.0
W048,all,adjacent_samples,depth,reappearance_rate,0.5
W048,all,adjacent_samples,depth,seeded_regions,6.0
W048,all,adjacent_samples,depth,survival_backward,0.8222222222222221
W048,all,adjacent_samples,depth,survival_forward,0.8928571428571429
W048,all,adjacent_samples,normal,class_switch_rate,0.0
W048,all,adjacent_samples,normal,fragmentation_ge2,0.0
W048,all,adjacent_samples,normal,fragmentation_mean,1.0
W048,all,adjacent_samples,normal,gt_tracks_matched,15.0
W048,all,adjacent_samples,normal,id_switch_rate,0.06666666666666667
W048,all,adjacent_samples,normal,matched_pairs,30.0
W048,all,adjacent_samples,normal,reappear_events_judged,2.0
W048,all,adjacent_samples,normal,reappear_same_class,1.0
W048,all,adjacent_samples,normal,reappear_same_gt,0.0
W048,all,adjacent_samples,normal,reappearance_rate,0.4
W048,all,adjacent_samples,normal,seeded_regions,10.0
W048,all,adjacent_samples,normal,survival_backward,0.7866666666666667
W048,all,adjacent_samples,normal,survival_forward,0.9571428571428571
W048,all,adjacent_samples,rgb,class_switch_rate,0.0
W048,all,adjacent_samples,rgb,fragmentation_ge2,0.0
W048,all,adjacent_samples,rgb,fragmentation_mean,1.0
W048,all,adjacent_samples,rgb,gt_tracks_matched,20.0
W048,all,adjacent_samples,rgb,id_switch_rate,0.06666666666666667
W048,all,adjacent_samples,rgb,matched_pairs,30.0
W048,all,adjacent_samples,rgb,reappear_events_judged,3.0
W048,all,adjacent_samples,rgb,reappear_same_class,1.0
W048,all,adjacent_samples,rgb,reappear_same_gt,0.0
W048,all,adjacent_samples,rgb,reappearance_rate,0.5454545454545454
W048,all,adjacent_samples,rgb,seeded_regions,22.0
W048,all,adjacent_samples,rgb,survival_backward,0.7666666666666667
W048,all,adjacent_samples,rgb,survival_forward,0.9383116883116884
W048,all,consecutive_annotated,depth,class_switch_rate,0.07692307692307693
W048,all,consecutive_annotated,depth,fragmentation_ge2,0.0
W048,all,consecutive_annotated,depth,fragmentation_mean,1.0
W048,all,consecutive_annotated,depth,gt_tracks_matched,10.0
W048,all,consecutive_annotated,depth,id_switch_rate,0.07692307692307693
W048,all,consecutive_annotated,depth,matched_pairs,13.0
W048,all,consecutive_annotated,depth,reappear_events_judged,2.0
W048,all,consecutive_annotated,depth,reappear_same_class,1.0
W048,all,consecutive_annotated,depth,reappear_same_gt,0.0
W048,all,consecutive_annotated,depth,reappearance_rate,0.5
W048,all,consecutive_annotated,depth,seeded_regions,6.0
W048,all,consecutive_annotated,depth,survival_backward,0.8222222222222221
W048,all,consecutive_annotated,depth,survival_forward,0.8928571428571429
W048,all,consecutive_annotated,normal,class_switch_rate,0.0
W048,all,consecutive_annotated,normal,fragmentation_ge2,0.0
W048,all,consecutive_annotated,normal,fragmentation_mean,1.0
W048,all,consecutive_annotated,normal,gt_tracks_matched,14.0
W048,all,consecutive_annotated,normal,id_switch_rate,0.06666666666666667
W048,all,consecutive_annotated,normal,matched_pairs,30.0
W048,all,consecutive_annotated,normal,reappear_events_judged,2.0
W048,all,consecutive_annotated,normal,reappear_same_class,1.0
W048,all,consecutive_annotated,normal,reappear_same_gt,0.0
W048,all,consecutive_annotated,normal,reappearance_rate,0.4
W048,all,consecutive_annotated,normal,seeded_regions,10.0
W048,all,consecutive_annotated,normal,survival_backward,0.7866666666666667
W048,all,consecutive_annotated,normal,survival_forward,0.9571428571428571
W048,all,consecutive_annotated,rgb,class_switch_rate,0.03225806451612903
W048,all,consecutive_annotated,rgb,fragmentation_ge2,0.1111111111111111
W048,all,consecutive_annotated,rgb,fragmentation_mean,1.1111111111111112
W048,all,consecutive_annotated,rgb,gt_tracks_matched,18.0
W048,all,consecutive_annotated,rgb,id_switch_rate,0.0967741935483871
W048,all,consecutive_annotated,rgb,matched_pairs,31.0
W048,all,consecutive_annotated,rgb,reappear_events_judged,3.0
W048,all,consecutive_annotated,rgb,reappear_same_class,1.0
W048,all,consecutive_annotated,rgb,reappear_same_gt,0.0
W048,all,consecutive_annotated,rgb,reappearance_rate,0.5454545454545454
W048,all,consecutive_annotated,rgb,seeded_regions,22.0
W048,all,consecutive_annotated,rgb,survival_backward,0.7666666666666667
W048,all,consecutive_annotated,rgb,survival_forward,0.9383116883116884
W048,frames_in_order,adjacent_samples,depth,class_switch_rate,0.0
W048,frames_in_order,adjacent_samples,depth,fragmentation_ge2,0.0
W048,frames_in_order,adjacent_samples,depth,fragmentation_mean,1.0
W048,frames_in_order,adjacent_samples,depth,gt_tracks_matched,11.0
W048,frames_in_order,adjacent_samples,depth,id_switch_rate,0.0
W048,frames_in_order,adjacent_samples,depth,matched_pairs,12.0
W048,frames_in_order,adjacent_samples,depth,reappear_events_judged,2.0
W048,frames_in_order,adjacent_samples,depth,reappear_same_class,1.0
W048,frames_in_order,adjacent_samples,depth,reappear_same_gt,0.0
W048,frames_in_order,adjacent_samples,depth,reappearance_rate,0.5
W048,frames_in_order,adjacent_samples,depth,seeded_regions,6.0
W048,frames_in_order,adjacent_samples,depth,survival_backward,0.8222222222222221
W048,frames_in_order,adjacent_samples,depth,survival_forward,0.8928571428571429
W048,frames_in_order,adjacent_samples,normal,class_switch_rate,0.0
W048,frames_in_order,adjacent_samples,normal,fragmentation_ge2,0.0
W048,frames_in_order,adjacent_samples,normal,fragmentation_mean,1.0
W048,frames_in_order,adjacent_samples,normal,gt_tracks_matched,15.0
W048,frames_in_order,adjacent_samples,normal,id_switch_rate,0.06666666666666667
W048,frames_in_order,adjacent_samples,normal,matched_pairs,30.0
W048,frames_in_order,adjacent_samples,normal,reappear_events_judged,2.0
W048,frames_in_order,adjacent_samples,normal,reappear_same_class,1.0
W048,frames_in_order,adjacent_samples,normal,reappear_same_gt,0.0
W048,frames_in_order,adjacent_samples,normal,reappearance_rate,0.4
W048,frames_in_order,adjacent_samples,normal,seeded_regions,10.0
W048,frames_in_order,adjacent_samples,normal,survival_backward,0.7866666666666667
W048,frames_in_order,adjacent_samples,normal,survival_forward,0.9571428571428571
W048,frames_in_order,adjacent_samples,rgb,class_switch_rate,0.0
W048,frames_in_order,adjacent_samples,rgb,fragmentation_ge2,0.0
W048,frames_in_order,adjacent_samples,rgb,fragmentation_mean,1.0
W048,frames_in_order,adjacent_samples,rgb,gt_tracks_matched,20.0
W048,frames_in_order,adjacent_samples,rgb,id_switch_rate,0.06666666666666667
W048,frames_in_order,adjacent_samples,rgb,matched_pairs,30.0
W048,frames_in_order,adjacent_samples,rgb,reappear_events_judged,3.0
W048,frames_in_order,adjacent_samples,rgb,reappear_same_class,1.0
W048,frames_in_order,adjacent_samples,rgb,reappear_same_gt,0.0
W048,frames_in_order,adjacent_samples,rgb,reappearance_rate,0.5454545454545454
W048,frames_in_order,adjacent_samples,rgb,seeded_regions,22.0
W048,frames_in_order,adjacent_samples,rgb,survival_backward,0.7666666666666667
W048,frames_in_order,adjacent_samples,rgb,survival_forward,0.9383116883116884
W048,frames_in_order,consecutive_annotated,depth,class_switch_rate,0.07692307692307693
W048,frames_in_order,consecutive_annotated,depth,fragmentation_ge2,0.0
W048,frames_in_order,consecutive_annotated,depth,fragmentation_mean,1.0
W048,frames_in_order,consecutive_annotated,depth,gt_tracks_matched,10.0
W048,frames_in_order,consecutive_annotated,depth,id_switch_rate,0.07692307692307693
W048,frames_in_order,consecutive_annotated,depth,matched_pairs,13.0
W048,frames_in_order,consecutive_annotated,depth,reappear_events_judged,2.0
W048,frames_in_order,consecutive_annotated,depth,reappear_same_class,1.0
W048,frames_in_order,consecutive_annotated,depth,reappear_same_gt,0.0
W048,frames_in_order,consecutive_annotated,depth,reappearance_rate,0.5
W048,frames_in_order,consecutive_annotated,depth,seeded_regions,6.0
W048,frames_in_order,consecutive_annotated,depth,survival_backward,0.8222222222222221
W048,frames_in_order,consecutive_annotated,depth,survival_forward,0.8928571428571429
W048,frames_in_order,consecutive_annotated,normal,class_switch_rate,0.0
W048,frames_in_order,consecutive_annotated,normal,fragmentation_ge2,0.0
W048,frames_in_order,consecutive_annotated,normal,fragmentation_mean,1.0
W048,frames_in_order,consecutive_annotated,normal,gt_tracks_matched,14.0
W048,frames_in_order,consecutive_annotated,normal,id_switch_rate,0.06666666666666667
W048,frames_in_order,consecutive_annotated,normal,matched_pairs,30.0
W048,frames_in_order,consecutive_annotated,normal,reappear_events_judged,2.0
W048,frames_in_order,consecutive_annotated,normal,reappear_same_class,1.0
W048,frames_in_order,consecutive_annotated,normal,reappear_same_gt,0.0
W048,frames_in_order,consecutive_annotated,normal,reappearance_rate,0.4
W048,frames_in_order,consecutive_annotated,normal,seeded_regions,10.0
W048,frames_in_order,consecutive_annotated,normal,survival_backward,0.7866666666666667
W048,frames_in_order,consecutive_annotated,normal,survival_forward,0.9571428571428571
W048,frames_in_order,consecutive_annotated,rgb,class_switch_rate,0.03225806451612903
W048,frames_in_order,consecutive_annotated,rgb,fragmentation_ge2,0.1111111111111111
W048,frames_in_order,consecutive_annotated,rgb,fragmentation_mean,1.1111111111111112
W048,frames_in_order,consecutive_annotated,rgb,gt_tracks_matched,18.0
W048,frames_in_order,consecutive_annotated,rgb,id_switch_rate,0.0967741935483871
W048,frames_in_order,consecutive_annotated,rgb,matched_pairs,31.0
W048,frames_in_order,consecutive_annotated,rgb,reappear_events_judged,3.0
W048,frames_in_order,consecutive_annotated,rgb,reappear_same_class,1.0
W048,frames_in_order,consecutive_annotated,rgb,reappear_same_gt,0.0
W048,frames_in_order,consecutive_annotated,rgb,reappearance_rate,0.5454545454545454
W048,frames_in_order,consecutive_annotated,rgb,seeded_regions,22.0
W048,frames_in_order,consecutive_annotated,rgb,survival_backward,0.7666666666666667
W048,frames_in_order,consecutive_annotated,rgb,survival_forward,0.9383116883116884
W049,all,adjacent_samples,depth,class_switch_rate,0.0
W049,all,adjacent_samples,depth,fragmentation_ge2,0.0
W049,all,adjacent_samples,depth,fragmentation_mean,1.0
W049,all,adjacent_samples,depth,gt_tracks_matched,10.0
W049,all,adjacent_samples,depth,id_switch_rate,0.08333333333333333
W049,all,adjacent_samples,depth,matched_pairs,36.0
W049,all,adjacent_samples,depth,reappear_events_judged,0.0
W049,all,adjacent_samples,depth,reappear_same_class,
W049,all,adjacent_samples,depth,reappear_same_gt,
W049,all,adjacent_samples,depth,reappearance_rate,0.1111111111111111
W049,all,adjacent_samples,depth,seeded_regions,9.0
W049,all,adjacent_samples,depth,survival_backward,0.8074074074074074
W049,all,adjacent_samples,depth,survival_forward,0.9920634920634921
W049,all,adjacent_samples,normal,class_switch_rate,0.0
W049,all,adjacent_samples,normal,fragmentation_ge2,0.0
W049,all,adjacent_samples,normal,fragmentation_mean,1.0
W049,all,adjacent_samples,normal,gt_tracks_matched,12.0
W049,all,adjacent_samples,normal,id_switch_rate,0.058823529411764705
W049,all,adjacent_samples,normal,matched_pairs,51.0
W049,all,adjacent_samples,normal,reappear_events_judged,0.0
W049,all,adjacent_samples,normal,reappear_same_class,
W049,all,adjacent_samples,normal,reappear_same_gt,
W049,all,adjacent_samples,normal,reappearance_rate,0.0
W049,all,adjacent_samples,normal,seeded_regions,8.0
W049,all,adjacent_samples,normal,survival_backward,0.8833333333333333
W049,all,adjacent_samples,normal,survival_forward,1.0
W049,all,adjacent_samples,rgb,class_switch_rate,0.0
W049,all,adjacent_samples,rgb,fragmentation_ge2,0.0
W049,all,adjacent_samples,rgb,fragmentation_mean,1.0
W049,all,adjacent_samples,rgb,gt_tracks_matched,14.0
W049,all,adjacent_samples,rgb,id_switch_rate,0.046875
W049,all,adjacent_samples,rgb,matched_pairs,64.0
W049,all,adjacent_samples,rgb,reappear_events_judged,0.0
W049,all,adjacent_samples,rgb,reappear_same_class,
W049,all,adjacent_samples,rgb,reappear_same_gt,
W049,all,adjacent_samples,rgb,reappearance_rate,0.0
W049,all,adjacent_samples,rgb,seeded_regions,10.0
W049,all,adjacent_samples,rgb,survival_backward,0.82
W049,all,adjacent_samples,rgb,survival_forward,1.0
W049,all,consecutive_annotated,depth,class_switch_rate,0.0
W049,all,consecutive_annotated,depth,fragmentation_ge2,0.0
W049,all,consecutive_annotated,depth,fragmentation_mean,1.0
W049,all,consecutive_annotated,depth,gt_tracks_matched,8.0
W049,all,consecutive_annotated,depth,id_switch_rate,0.10256410256410256
W049,all,consecutive_annotated,depth,matched_pairs,39.0
W049,all,consecutive_annotated,depth,reappear_events_judged,0.0
W049,all,consecutive_annotated,depth,reappear_same_class,
W049,all,consecutive_annotated,depth,reappear_same_gt,
W049,all,consecutive_annotated,depth,reappearance_rate,0.1111111111111111
W049,all,consecutive_annotated,depth,seeded_regions,9.0
W049,all,consecutive_annotated,depth,survival_backward,0.8074074074074074
W049,all,consecutive_annotated,depth,survival_forward,0.9920634920634921
W049,all,consecutive_annotated,normal,class_switch_rate,0.0
W049,all,consecutive_annotated,normal,fragmentation_ge2,0.0
W049,all,consecutive_annotated,normal,fragmentation_mean,1.0
W049,all,consecutive_annotated,normal,gt_tracks_matched,9.0
W049,all,consecutive_annotated,normal,id_switch_rate,0.07272727272727272
W049,all,consecutive_annotated,normal,matched_pairs,55.0
W049,all,consecutive_annotated,normal,reappear_events_judged,0.0
W049,all,consecutive_annotated,normal,reappear_same_class,
W049,all,consecutive_annotated,normal,reappear_same_gt,
W049,all,consecutive_annotated,normal,reappearance_rate,0.0
W049,all,consecutive_annotated,normal,seeded_regions,8.0
W049,all,consecutive_annotated,normal,survival_backward,0.8833333333333333
W049,all,consecutive_annotated,normal,survival_forward,1.0
W049,all,consecutive_annotated,rgb,class_switch_rate,0.0
W049,all,consecutive_annotated,rgb,fragmentation_ge2,0.0
W049,all,consecutive_annotated,rgb,fragmentation_mean,1.0
W049,all,consecutive_annotated,rgb,gt_tracks_matched,10.0
W049,all,consecutive_annotated,rgb,id_switch_rate,0.057971014492753624
W049,all,consecutive_annotated,rgb,matched_pairs,69.0
W049,all,consecutive_annotated,rgb,reappear_events_judged,0.0
W049,all,consecutive_annotated,rgb,reappear_same_class,
W049,all,consecutive_annotated,rgb,reappear_same_gt,
W049,all,consecutive_annotated,rgb,reappearance_rate,0.0
W049,all,consecutive_annotated,rgb,seeded_regions,10.0
W049,all,consecutive_annotated,rgb,survival_backward,0.82
W049,all,consecutive_annotated,rgb,survival_forward,1.0
W049,frames_in_order,adjacent_samples,depth,class_switch_rate,0.0
W049,frames_in_order,adjacent_samples,depth,fragmentation_ge2,0.0
W049,frames_in_order,adjacent_samples,depth,fragmentation_mean,1.0
W049,frames_in_order,adjacent_samples,depth,gt_tracks_matched,10.0
W049,frames_in_order,adjacent_samples,depth,id_switch_rate,0.08333333333333333
W049,frames_in_order,adjacent_samples,depth,matched_pairs,36.0
W049,frames_in_order,adjacent_samples,depth,reappear_events_judged,0.0
W049,frames_in_order,adjacent_samples,depth,reappear_same_class,
W049,frames_in_order,adjacent_samples,depth,reappear_same_gt,
W049,frames_in_order,adjacent_samples,depth,reappearance_rate,0.1111111111111111
W049,frames_in_order,adjacent_samples,depth,seeded_regions,9.0
W049,frames_in_order,adjacent_samples,depth,survival_backward,0.8074074074074074
W049,frames_in_order,adjacent_samples,depth,survival_forward,0.9920634920634921
W049,frames_in_order,adjacent_samples,normal,class_switch_rate,0.0
W049,frames_in_order,adjacent_samples,normal,fragmentation_ge2,0.0
W049,frames_in_order,adjacent_samples,normal,fragmentation_mean,1.0
W049,frames_in_order,adjacent_samples,normal,gt_tracks_matched,12.0
W049,frames_in_order,adjacent_samples,normal,id_switch_rate,0.058823529411764705
W049,frames_in_order,adjacent_samples,normal,matched_pairs,51.0
W049,frames_in_order,adjacent_samples,normal,reappear_events_judged,0.0
W049,frames_in_order,adjacent_samples,normal,reappear_same_class,
W049,frames_in_order,adjacent_samples,normal,reappear_same_gt,
W049,frames_in_order,adjacent_samples,normal,reappearance_rate,0.0
W049,frames_in_order,adjacent_samples,normal,seeded_regions,8.0
W049,frames_in_order,adjacent_samples,normal,survival_backward,0.8833333333333333
W049,frames_in_order,adjacent_samples,normal,survival_forward,1.0
W049,frames_in_order,adjacent_samples,rgb,class_switch_rate,0.0
W049,frames_in_order,adjacent_samples,rgb,fragmentation_ge2,0.0
W049,frames_in_order,adjacent_samples,rgb,fragmentation_mean,1.0
W049,frames_in_order,adjacent_samples,rgb,gt_tracks_matched,14.0
W049,frames_in_order,adjacent_samples,rgb,id_switch_rate,0.046875
W049,frames_in_order,adjacent_samples,rgb,matched_pairs,64.0
W049,frames_in_order,adjacent_samples,rgb,reappear_events_judged,0.0
W049,frames_in_order,adjacent_samples,rgb,reappear_same_class,
W049,frames_in_order,adjacent_samples,rgb,reappear_same_gt,
W049,frames_in_order,adjacent_samples,rgb,reappearance_rate,0.0
W049,frames_in_order,adjacent_samples,rgb,seeded_regions,10.0
W049,frames_in_order,adjacent_samples,rgb,survival_backward,0.82
W049,frames_in_order,adjacent_samples,rgb,survival_forward,1.0
W049,frames_in_order,consecutive_annotated,depth,class_switch_rate,0.0
W049,frames_in_order,consecutive_annotated,depth,fragmentation_ge2,0.0
W049,frames_in_order,consecutive_annotated,depth,fragmentation_mean,1.0
W049,frames_in_order,consecutive_annotated,depth,gt_tracks_matched,8.0
W049,frames_in_order,consecutive_annotated,depth,id_switch_rate,0.10256410256410256
W049,frames_in_order,consecutive_annotated,depth,matched_pairs,39.0
W049,frames_in_order,consecutive_annotated,depth,reappear_events_judged,0.0
W049,frames_in_order,consecutive_annotated,depth,reappear_same_class,
W049,frames_in_order,consecutive_annotated,depth,reappear_same_gt,
W049,frames_in_order,consecutive_annotated,depth,reappearance_rate,0.1111111111111111
W049,frames_in_order,consecutive_annotated,depth,seeded_regions,9.0
W049,frames_in_order,consecutive_annotated,depth,survival_backward,0.8074074074074074
W049,frames_in_order,consecutive_annotated,depth,survival_forward,0.9920634920634921
W049,frames_in_order,consecutive_annotated,normal,class_switch_rate,0.0
W049,frames_in_order,consecutive_annotated,normal,fragmentation_ge2,0.0
W049,frames_in_order,consecutive_annotated,normal,fragmentation_mean,1.0
W049,frames_in_order,consecutive_annotated,normal,gt_tracks_matched,9.0
W049,frames_in_order,consecutive_annotated,normal,id_switch_rate,0.07272727272727272
W049,frames_in_order,consecutive_annotated,normal,matched_pairs,55.0
W049,frames_in_order,consecutive_annotated,normal,reappear_events_judged,0.0
W049,frames_in_order,consecutive_annotated,normal,reappear_same_class,
W049,frames_in_order,consecutive_annotated,normal,reappear_same_gt,
W049,frames_in_order,consecutive_annotated,normal,reappearance_rate,0.0
W049,frames_in_order,consecutive_annotated,normal,seeded_regions,8.0
W049,frames_in_order,consecutive_annotated,normal,survival_backward,0.8833333333333333
W049,frames_in_order,consecutive_annotated,normal,survival_forward,1.0
W049,frames_in_order,consecutive_annotated,rgb,class_switch_rate,0.0
W049,frames_in_order,consecutive_annotated,rgb,fragmentation_ge2,0.0
W049,frames_in_order,consecutive_annotated,rgb,fragmentation_mean,1.0
W049,frames_in_order,consecutive_annotated,rgb,gt_tracks_matched,10.0
W049,frames_in_order,consecutive_annotated,rgb,id_switch_rate,0.057971014492753624
W049,frames_in_order,consecutive_annotated,rgb,matched_pairs,69.0
W049,frames_in_order,consecutive_annotated,rgb,reappear_events_judged,0.0
W049,frames_in_order,consecutive_annotated,rgb,reappear_same_class,
W049,frames_in_order,consecutive_annotated,rgb,reappear_same_gt,
W049,frames_in_order,consecutive_annotated,rgb,reappearance_rate,0.0
W049,frames_in_order,consecutive_annotated,rgb,seeded_regions,10.0
W049,frames_in_order,consecutive_annotated,rgb,survival_backward,0.82
W049,frames_in_order,consecutive_annotated,rgb,survival_forward,1.0
W050,all,adjacent_samples,depth,class_switch_rate,0.0
W050,all,adjacent_samples,depth,fragmentation_ge2,0.0
W050,all,adjacent_samples,depth,fragmentation_mean,1.0
W050,all,adjacent_samples,depth,gt_tracks_matched,18.0
W050,all,adjacent_samples,depth,id_switch_rate,0.05128205128205128
W050,all,adjacent_samples,depth,matched_pairs,78.0
W050,all,adjacent_samples,depth,reappear_events_judged,0.0
W050,all,adjacent_samples,depth,reappear_same_class,
W050,all,adjacent_samples,depth,reappear_same_gt,
W050,all,adjacent_samples,depth,reappearance_rate,0.0
W050,all,adjacent_samples,depth,seeded_regions,7.0
W050,all,adjacent_samples,depth,survival_backward,0.9714285714285714
W050,all,adjacent_samples,depth,survival_forward,1.0
W050,all,adjacent_samples,normal,class_switch_rate,0.0
W050,all,adjacent_samples,normal,fragmentation_ge2,0.0
W050,all,adjacent_samples,normal,fragmentation_mean,1.0
W050,all,adjacent_samples,normal,gt_tracks_matched,18.0
W050,all,adjacent_samples,normal,id_switch_rate,0.043478260869565216
W050,all,adjacent_samples,normal,matched_pairs,69.0
W050,all,adjacent_samples,normal,reappear_events_judged,0.0
W050,all,adjacent_samples,normal,reappear_same_class,
W050,all,adjacent_samples,normal,reappear_same_gt,
W050,all,adjacent_samples,normal,reappearance_rate,0.0
W050,all,adjacent_samples,normal,seeded_regions,8.0
W050,all,adjacent_samples,normal,survival_backward,0.975
W050,all,adjacent_samples,normal,survival_forward,0.9732142857142857
W050,all,adjacent_samples,rgb,class_switch_rate,0.0
W050,all,adjacent_samples,rgb,fragmentation_ge2,0.0
W050,all,adjacent_samples,rgb,fragmentation_mean,1.0
W050,all,adjacent_samples,rgb,gt_tracks_matched,18.0
W050,all,adjacent_samples,rgb,id_switch_rate,0.047058823529411764
W050,all,adjacent_samples,rgb,matched_pairs,85.0
W050,all,adjacent_samples,rgb,reappear_events_judged,0.0
W050,all,adjacent_samples,rgb,reappear_same_class,
W050,all,adjacent_samples,rgb,reappear_same_gt,
W050,all,adjacent_samples,rgb,reappearance_rate,0.42857142857142855
W050,all,adjacent_samples,rgb,seeded_regions,7.0
W050,all,adjacent_samples,rgb,survival_backward,0.9523809523809524
W050,all,adjacent_samples,rgb,survival_forward,0.9387755102040816
W050,all,consecutive_annotated,depth,class_switch_rate,0.0
W050,all,consecutive_annotated,depth,fragmentation_ge2,0.0
W050,all,consecutive_annotated,depth,fragmentation_mean,1.0
W050,all,consecutive_annotated,depth,gt_tracks_matched,11.0
W050,all,consecutive_annotated,depth,id_switch_rate,0.06976744186046512
W050,all,consecutive_annotated,depth,matched_pairs,86.0
W050,all,consecutive_annotated,depth,reappear_events_judged,0.0
W050,all,consecutive_annotated,depth,reappear_same_class,
W050,all,consecutive_annotated,depth,reappear_same_gt,
W050,all,consecutive_annotated,depth,reappearance_rate,0.0
W050,all,consecutive_annotated,depth,seeded_regions,7.0
W050,all,consecutive_annotated,depth,survival_backward,0.9714285714285714
W050,all,consecutive_annotated,depth,survival_forward,1.0
W050,all,consecutive_annotated,normal,class_switch_rate,0.0
W050,all,consecutive_annotated,normal,fragmentation_ge2,0.0
W050,all,consecutive_annotated,normal,fragmentation_mean,1.0
W050,all,consecutive_annotated,normal,gt_tracks_matched,11.0
W050,all,consecutive_annotated,normal,id_switch_rate,0.0641025641025641
W050,all,consecutive_annotated,normal,matched_pairs,78.0
W050,all,consecutive_annotated,normal,reappear_events_judged,0.0
W050,all,consecutive_annotated,normal,reappear_same_class,
W050,all,consecutive_annotated,normal,reappear_same_gt,
W050,all,consecutive_annotated,normal,reappearance_rate,0.0
W050,all,consecutive_annotated,normal,seeded_regions,8.0
W050,all,consecutive_annotated,normal,survival_backward,0.975
W050,all,consecutive_annotated,normal,survival_forward,0.9732142857142857
W050,all,consecutive_annotated,rgb,class_switch_rate,0.0
W050,all,consecutive_annotated,rgb,fragmentation_ge2,0.0
W050,all,consecutive_annotated,rgb,fragmentation_mean,1.0
W050,all,consecutive_annotated,rgb,gt_tracks_matched,12.0
W050,all,consecutive_annotated,rgb,id_switch_rate,0.06451612903225806
W050,all,consecutive_annotated,rgb,matched_pairs,93.0
W050,all,consecutive_annotated,rgb,reappear_events_judged,0.0
W050,all,consecutive_annotated,rgb,reappear_same_class,
W050,all,consecutive_annotated,rgb,reappear_same_gt,
W050,all,consecutive_annotated,rgb,reappearance_rate,0.42857142857142855
W050,all,consecutive_annotated,rgb,seeded_regions,7.0
W050,all,consecutive_annotated,rgb,survival_backward,0.9523809523809524
W050,all,consecutive_annotated,rgb,survival_forward,0.9387755102040816
W050,frames_in_order,adjacent_samples,depth,class_switch_rate,0.0
W050,frames_in_order,adjacent_samples,depth,fragmentation_ge2,0.0
W050,frames_in_order,adjacent_samples,depth,fragmentation_mean,1.0
W050,frames_in_order,adjacent_samples,depth,gt_tracks_matched,18.0
W050,frames_in_order,adjacent_samples,depth,id_switch_rate,0.05128205128205128
W050,frames_in_order,adjacent_samples,depth,matched_pairs,78.0
W050,frames_in_order,adjacent_samples,depth,reappear_events_judged,0.0
W050,frames_in_order,adjacent_samples,depth,reappear_same_class,
W050,frames_in_order,adjacent_samples,depth,reappear_same_gt,
W050,frames_in_order,adjacent_samples,depth,reappearance_rate,0.0
W050,frames_in_order,adjacent_samples,depth,seeded_regions,7.0
W050,frames_in_order,adjacent_samples,depth,survival_backward,0.9714285714285714
W050,frames_in_order,adjacent_samples,depth,survival_forward,1.0
W050,frames_in_order,adjacent_samples,normal,class_switch_rate,0.0
W050,frames_in_order,adjacent_samples,normal,fragmentation_ge2,0.0
W050,frames_in_order,adjacent_samples,normal,fragmentation_mean,1.0
W050,frames_in_order,adjacent_samples,normal,gt_tracks_matched,18.0
W050,frames_in_order,adjacent_samples,normal,id_switch_rate,0.043478260869565216
W050,frames_in_order,adjacent_samples,normal,matched_pairs,69.0
W050,frames_in_order,adjacent_samples,normal,reappear_events_judged,0.0
W050,frames_in_order,adjacent_samples,normal,reappear_same_class,
W050,frames_in_order,adjacent_samples,normal,reappear_same_gt,
W050,frames_in_order,adjacent_samples,normal,reappearance_rate,0.0
W050,frames_in_order,adjacent_samples,normal,seeded_regions,8.0
W050,frames_in_order,adjacent_samples,normal,survival_backward,0.975
W050,frames_in_order,adjacent_samples,normal,survival_forward,0.9732142857142857
W050,frames_in_order,adjacent_samples,rgb,class_switch_rate,0.0
W050,frames_in_order,adjacent_samples,rgb,fragmentation_ge2,0.0
W050,frames_in_order,adjacent_samples,rgb,fragmentation_mean,1.0
W050,frames_in_order,adjacent_samples,rgb,gt_tracks_matched,18.0
W050,frames_in_order,adjacent_samples,rgb,id_switch_rate,0.047058823529411764
W050,frames_in_order,adjacent_samples,rgb,matched_pairs,85.0
W050,frames_in_order,adjacent_samples,rgb,reappear_events_judged,0.0
W050,frames_in_order,adjacent_samples,rgb,reappear_same_class,
W050,frames_in_order,adjacent_samples,rgb,reappear_same_gt,
W050,frames_in_order,adjacent_samples,rgb,reappearance_rate,0.42857142857142855
W050,frames_in_order,adjacent_samples,rgb,seeded_regions,7.0
W050,frames_in_order,adjacent_samples,rgb,survival_backward,0.9523809523809524
W050,frames_in_order,adjacent_samples,rgb,survival_forward,0.9387755102040816
W050,frames_in_order,consecutive_annotated,depth,class_switch_rate,0.0
W050,frames_in_order,consecutive_annotated,depth,fragmentation_ge2,0.0
W050,frames_in_order,consecutive_annotated,depth,fragmentation_mean,1.0
W050,frames_in_order,consecutive_annotated,depth,gt_tracks_matched,11.0
W050,frames_in_order,consecutive_annotated,depth,id_switch_rate,0.06976744186046512
W050,frames_in_order,consecutive_annotated,depth,matched_pairs,86.0
W050,frames_in_order,consecutive_annotated,depth,reappear_events_judged,0.0
W050,frames_in_order,consecutive_annotated,depth,reappear_same_class,
W050,frames_in_order,consecutive_annotated,depth,reappear_same_gt,
W050,frames_in_order,consecutive_annotated,depth,reappearance_rate,0.0
W050,frames_in_order,consecutive_annotated,depth,seeded_regions,7.0
W050,frames_in_order,consecutive_annotated,depth,survival_backward,0.9714285714285714
W050,frames_in_order,consecutive_annotated,depth,survival_forward,1.0
W050,frames_in_order,consecutive_annotated,normal,class_switch_rate,0.0
W050,frames_in_order,consecutive_annotated,normal,fragmentation_ge2,0.0
W050,frames_in_order,consecutive_annotated,normal,fragmentation_mean,1.0
W050,frames_in_order,consecutive_annotated,normal,gt_tracks_matched,11.0
W050,frames_in_order,consecutive_annotated,normal,id_switch_rate,0.0641025641025641
W050,frames_in_order,consecutive_annotated,normal,matched_pairs,78.0
W050,frames_in_order,consecutive_annotated,normal,reappear_events_judged,0.0
W050,frames_in_order,consecutive_annotated,normal,reappear_same_class,
W050,frames_in_order,consecutive_annotated,normal,reappear_same_gt,
W050,frames_in_order,consecutive_annotated,normal,reappearance_rate,0.0
W050,frames_in_order,consecutive_annotated,normal,seeded_regions,8.0
W050,frames_in_order,consecutive_annotated,normal,survival_backward,0.975
W050,frames_in_order,consecutive_annotated,normal,survival_forward,0.9732142857142857
W050,frames_in_order,consecutive_annotated,rgb,class_switch_rate,0.0
W050,frames_in_order,consecutive_annotated,rgb,fragmentation_ge2,0.0
W050,frames_in_order,consecutive_annotated,rgb,fragmentation_mean,1.0
W050,frames_in_order,consecutive_annotated,rgb,gt_tracks_matched,12.0
W050,frames_in_order,consecutive_annotated,rgb,id_switch_rate,0.06451612903225806
W050,frames_in_order,consecutive_annotated,rgb,matched_pairs,93.0
W050,frames_in_order,consecutive_annotated,rgb,reappear_events_judged,0.0
W050,frames_in_order,consecutive_annotated,rgb,reappear_same_class,
W050,frames_in_order,consecutive_annotated,rgb,reappear_same_gt,
W050,frames_in_order,consecutive_annotated,rgb,reappearance_rate,0.42857142857142855
W050,frames_in_order,consecutive_annotated,rgb,seeded_regions,7.0
W050,frames_in_order,consecutive_annotated,rgb,survival_backward,0.9523809523809524
W050,frames_in_order,consecutive_annotated,rgb,survival_forward,0.9387755102040816
W051,all,adjacent_samples,depth,class_switch_rate,0.0
W051,all,adjacent_samples,depth,fragmentation_ge2,0.0
W051,all,adjacent_samples,depth,fragmentation_mean,1.0
W051,all,adjacent_samples,depth,gt_tracks_matched,13.0
W051,all,adjacent_samples,depth,id_switch_rate,0.045454545454545456
W051,all,adjacent_samples,depth,matched_pairs,44.0
W051,all,adjacent_samples,depth,reappear_events_judged,0.0
W051,all,adjacent_samples,depth,reappear_same_class,
W051,all,adjacent_samples,depth,reappear_same_gt,
W051,all,adjacent_samples,depth,reappearance_rate,0.25
W051,all,adjacent_samples,depth,seeded_regions,4.0
W051,all,adjacent_samples,depth,survival_backward,0.7833333333333333
W051,all,adjacent_samples,depth,survival_forward,1.0
W051,all,adjacent_samples,normal,class_switch_rate,0.0
W051,all,adjacent_samples,normal,fragmentation_ge2,0.0
W051,all,adjacent_samples,normal,fragmentation_mean,1.0
W051,all,adjacent_samples,normal,gt_tracks_matched,9.0
W051,all,adjacent_samples,normal,id_switch_rate,0.07692307692307693
W051,all,adjacent_samples,normal,matched_pairs,26.0
W051,all,adjacent_samples,normal,reappear_events_judged,0.0
W051,all,adjacent_samples,normal,reappear_same_class,
W051,all,adjacent_samples,normal,reappear_same_gt,
W051,all,adjacent_samples,normal,reappearance_rate,0.16666666666666666
W051,all,adjacent_samples,normal,seeded_regions,6.0
W051,all,adjacent_samples,normal,survival_backward,0.8444444444444444
W051,all,adjacent_samples,normal,survival_forward,1.0
W051,all,adjacent_samples,rgb,class_switch_rate,0.0
W051,all,adjacent_samples,rgb,fragmentation_ge2,0.0
W051,all,adjacent_samples,rgb,fragmentation_mean,1.0
W051,all,adjacent_samples,rgb,gt_tracks_matched,23.0
W051,all,adjacent_samples,rgb,id_switch_rate,0.020833333333333332
W051,all,adjacent_samples,rgb,matched_pairs,96.0
W051,all,adjacent_samples,rgb,reappear_events_judged,1.0
W051,all,adjacent_samples,rgb,reappear_same_class,1.0
W051,all,adjacent_samples,rgb,reappear_same_gt,0.0
W051,all,adjacent_samples,rgb,reappearance_rate,0.3333333333333333
W051,all,adjacent_samples,rgb,seeded_regions,12.0
W051,all,adjacent_samples,rgb,survival_backward,0.6999999999999998
W051,all,adjacent_samples,rgb,survival_forward,0.8988095238095237
W051,all,consecutive_annotated,depth,class_switch_rate,0.0
W051,all,consecutive_annotated,depth,fragmentation_ge2,0.0
W051,all,consecutive_annotated,depth,fragmentation_mean,1.0
W051,all,consecutive_annotated,depth,gt_tracks_matched,8.0
W051,all,consecutive_annotated,depth,id_switch_rate,0.0784313725490196
W051,all,consecutive_annotated,depth,matched_pairs,51.0
W051,all,consecutive_annotated,depth,reappear_events_judged,0.0
W051,all,consecutive_annotated,depth,reappear_same_class,
W051,all,consecutive_annotated,depth,reappear_same_gt,
W051,all,consecutive_annotated,depth,reappearance_rate,0.25
W051,all,consecutive_annotated,depth,seeded_regions,4.0
W051,all,consecutive_annotated,depth,survival_backward,0.7833333333333333
W051,all,consecutive_annotated,depth,survival_forward,1.0
W051,all,consecutive_annotated,normal,class_switch_rate,0.0
W051,all,consecutive_annotated,normal,fragmentation_ge2,0.0
W051,all,consecutive_annotated,normal,fragmentation_mean,1.0
W051,all,consecutive_annotated,normal,gt_tracks_matched,7.0
W051,all,consecutive_annotated,normal,id_switch_rate,0.10344827586206896
W051,all,consecutive_annotated,normal,matched_pairs,29.0
W051,all,consecutive_annotated,normal,reappear_events_judged,0.0
W051,all,consecutive_annotated,normal,reappear_same_class,
W051,all,consecutive_annotated,normal,reappear_same_gt,
W051,all,consecutive_annotated,normal,reappearance_rate,0.16666666666666666
W051,all,consecutive_annotated,normal,seeded_regions,6.0
W051,all,consecutive_annotated,normal,survival_backward,0.8444444444444444
W051,all,consecutive_annotated,normal,survival_forward,1.0
W051,all,consecutive_annotated,rgb,class_switch_rate,0.0
W051,all,consecutive_annotated,rgb,fragmentation_ge2,0.0
W051,all,consecutive_annotated,rgb,fragmentation_mean,1.0
W051,all,consecutive_annotated,rgb,gt_tracks_matched,14.0
W051,all,consecutive_annotated,rgb,id_switch_rate,0.037383177570093455
W051,all,consecutive_annotated,rgb,matched_pairs,107.0
W051,all,consecutive_annotated,rgb,reappear_events_judged,1.0
W051,all,consecutive_annotated,rgb,reappear_same_class,1.0
W051,all,consecutive_annotated,rgb,reappear_same_gt,1.0
W051,all,consecutive_annotated,rgb,reappearance_rate,0.3333333333333333
W051,all,consecutive_annotated,rgb,seeded_regions,12.0
W051,all,consecutive_annotated,rgb,survival_backward,0.6999999999999998
W051,all,consecutive_annotated,rgb,survival_forward,0.8988095238095237
W051,frames_in_order,adjacent_samples,depth,class_switch_rate,0.0
W051,frames_in_order,adjacent_samples,depth,fragmentation_ge2,0.0
W051,frames_in_order,adjacent_samples,depth,fragmentation_mean,1.0
W051,frames_in_order,adjacent_samples,depth,gt_tracks_matched,13.0
W051,frames_in_order,adjacent_samples,depth,id_switch_rate,0.045454545454545456
W051,frames_in_order,adjacent_samples,depth,matched_pairs,44.0
W051,frames_in_order,adjacent_samples,depth,reappear_events_judged,0.0
W051,frames_in_order,adjacent_samples,depth,reappear_same_class,
W051,frames_in_order,adjacent_samples,depth,reappear_same_gt,
W051,frames_in_order,adjacent_samples,depth,reappearance_rate,0.25
W051,frames_in_order,adjacent_samples,depth,seeded_regions,4.0
W051,frames_in_order,adjacent_samples,depth,survival_backward,0.7833333333333333
W051,frames_in_order,adjacent_samples,depth,survival_forward,1.0
W051,frames_in_order,adjacent_samples,normal,class_switch_rate,0.0
W051,frames_in_order,adjacent_samples,normal,fragmentation_ge2,0.0
W051,frames_in_order,adjacent_samples,normal,fragmentation_mean,1.0
W051,frames_in_order,adjacent_samples,normal,gt_tracks_matched,9.0
W051,frames_in_order,adjacent_samples,normal,id_switch_rate,0.07692307692307693
W051,frames_in_order,adjacent_samples,normal,matched_pairs,26.0
W051,frames_in_order,adjacent_samples,normal,reappear_events_judged,0.0
W051,frames_in_order,adjacent_samples,normal,reappear_same_class,
W051,frames_in_order,adjacent_samples,normal,reappear_same_gt,
W051,frames_in_order,adjacent_samples,normal,reappearance_rate,0.16666666666666666
W051,frames_in_order,adjacent_samples,normal,seeded_regions,6.0
W051,frames_in_order,adjacent_samples,normal,survival_backward,0.8444444444444444
W051,frames_in_order,adjacent_samples,normal,survival_forward,1.0
W051,frames_in_order,adjacent_samples,rgb,class_switch_rate,0.0
W051,frames_in_order,adjacent_samples,rgb,fragmentation_ge2,0.0
W051,frames_in_order,adjacent_samples,rgb,fragmentation_mean,1.0
W051,frames_in_order,adjacent_samples,rgb,gt_tracks_matched,23.0
W051,frames_in_order,adjacent_samples,rgb,id_switch_rate,0.020833333333333332
W051,frames_in_order,adjacent_samples,rgb,matched_pairs,96.0
W051,frames_in_order,adjacent_samples,rgb,reappear_events_judged,1.0
W051,frames_in_order,adjacent_samples,rgb,reappear_same_class,1.0
W051,frames_in_order,adjacent_samples,rgb,reappear_same_gt,0.0
W051,frames_in_order,adjacent_samples,rgb,reappearance_rate,0.3333333333333333
W051,frames_in_order,adjacent_samples,rgb,seeded_regions,12.0
W051,frames_in_order,adjacent_samples,rgb,survival_backward,0.6999999999999998
W051,frames_in_order,adjacent_samples,rgb,survival_forward,0.8988095238095237
W051,frames_in_order,consecutive_annotated,depth,class_switch_rate,0.0
W051,frames_in_order,consecutive_annotated,depth,fragmentation_ge2,0.0
W051,frames_in_order,consecutive_annotated,depth,fragmentation_mean,1.0
W051,frames_in_order,consecutive_annotated,depth,gt_tracks_matched,8.0
W051,frames_in_order,consecutive_annotated,depth,id_switch_rate,0.0784313725490196
W051,frames_in_order,consecutive_annotated,depth,matched_pairs,51.0
W051,frames_in_order,consecutive_annotated,depth,reappear_events_judged,0.0
W051,frames_in_order,consecutive_annotated,depth,reappear_same_class,
W051,frames_in_order,consecutive_annotated,depth,reappear_same_gt,
W051,frames_in_order,consecutive_annotated,depth,reappearance_rate,0.25
W051,frames_in_order,consecutive_annotated,depth,seeded_regions,4.0
W051,frames_in_order,consecutive_annotated,depth,survival_backward,0.7833333333333333
W051,frames_in_order,consecutive_annotated,depth,survival_forward,1.0
W051,frames_in_order,consecutive_annotated,normal,class_switch_rate,0.0
W051,frames_in_order,consecutive_annotated,normal,fragmentation_ge2,0.0
W051,frames_in_order,consecutive_annotated,normal,fragmentation_mean,1.0
W051,frames_in_order,consecutive_annotated,normal,gt_tracks_matched,7.0
W051,frames_in_order,consecutive_annotated,normal,id_switch_rate,0.10344827586206896
W051,frames_in_order,consecutive_annotated,normal,matched_pairs,29.0
W051,frames_in_order,consecutive_annotated,normal,reappear_events_judged,0.0
W051,frames_in_order,consecutive_annotated,normal,reappear_same_class,
W051,frames_in_order,consecutive_annotated,normal,reappear_same_gt,
W051,frames_in_order,consecutive_annotated,normal,reappearance_rate,0.16666666666666666
W051,frames_in_order,consecutive_annotated,normal,seeded_regions,6.0
W051,frames_in_order,consecutive_annotated,normal,survival_backward,0.8444444444444444
W051,frames_in_order,consecutive_annotated,normal,survival_forward,1.0
W051,frames_in_order,consecutive_annotated,rgb,class_switch_rate,0.0
W051,frames_in_order,consecutive_annotated,rgb,fragmentation_ge2,0.0
W051,frames_in_order,consecutive_annotated,rgb,fragmentation_mean,1.0
W051,frames_in_order,consecutive_annotated,rgb,gt_tracks_matched,14.0
W051,frames_in_order,consecutive_annotated,rgb,id_switch_rate,0.037383177570093455
W051,frames_in_order,consecutive_annotated,rgb,matched_pairs,107.0
W051,frames_in_order,consecutive_annotated,rgb,reappear_events_judged,1.0
W051,frames_in_order,consecutive_annotated,rgb,reappear_same_class,1.0
W051,frames_in_order,consecutive_annotated,rgb,reappear_same_gt,1.0
W051,frames_in_order,consecutive_annotated,rgb,reappearance_rate,0.3333333333333333
W051,frames_in_order,consecutive_annotated,rgb,seeded_regions,12.0
W051,frames_in_order,consecutive_annotated,rgb,survival_backward,0.6999999999999998
W051,frames_in_order,consecutive_annotated,rgb,survival_forward,0.8988095238095237
W052,all,adjacent_samples,depth,class_switch_rate,0.0
W052,all,adjacent_samples,depth,fragmentation_ge2,0.0
W052,all,adjacent_samples,depth,fragmentation_mean,1.0
W052,all,adjacent_samples,depth,gt_tracks_matched,12.0
W052,all,adjacent_samples,depth,id_switch_rate,0.1111111111111111
W052,all,adjacent_samples,depth,matched_pairs,36.0
W052,all,adjacent_samples,depth,reappear_events_judged,0.0
W052,all,adjacent_samples,depth,reappear_same_class,
W052,all,adjacent_samples,depth,reappear_same_gt,
W052,all,adjacent_samples,depth,reappearance_rate,0.0
W052,all,adjacent_samples,depth,seeded_regions,4.0
W052,all,adjacent_samples,depth,survival_backward,0.9333333333333333
W052,all,adjacent_samples,depth,survival_forward,0.9821428571428572
W052,all,adjacent_samples,normal,class_switch_rate,0.0
W052,all,adjacent_samples,normal,fragmentation_ge2,0.0
W052,all,adjacent_samples,normal,fragmentation_mean,1.0
W052,all,adjacent_samples,normal,gt_tracks_matched,6.0
W052,all,adjacent_samples,normal,id_switch_rate,0.0
W052,all,adjacent_samples,normal,matched_pairs,26.0
W052,all,adjacent_samples,normal,reappear_events_judged,0.0
W052,all,adjacent_samples,normal,reappear_same_class,
W052,all,adjacent_samples,normal,reappear_same_gt,
W052,all,adjacent_samples,normal,reappearance_rate,0.6
W052,all,adjacent_samples,normal,seeded_regions,10.0
W052,all,adjacent_samples,normal,survival_backward,0.6533333333333333
W052,all,adjacent_samples,normal,survival_forward,0.8714285714285716
W052,all,adjacent_samples,rgb,class_switch_rate,0.0
W052,all,adjacent_samples,rgb,fragmentation_ge2,0.04
W052,all,adjacent_samples,rgb,fragmentation_mean,1.04
W052,all,adjacent_samples,rgb,gt_tracks_matched,25.0
W052,all,adjacent_samples,rgb,id_switch_rate,0.043478260869565216
W052,all,adjacent_samples,rgb,matched_pairs,92.0
W052,all,adjacent_samples,rgb,reappear_events_judged,0.0
W052,all,adjacent_samples,rgb,reappear_same_class,
W052,all,adjacent_samples,rgb,reappear_same_gt,
W052,all,adjacent_samples,rgb,reappearance_rate,0.3
W052,all,adjacent_samples,rgb,seeded_regions,20.0
W052,all,adjacent_samples,rgb,survival_backward,0.8333333333333333
W052,all,adjacent_samples,rgb,survival_forward,0.9821428571428571
W052,all,consecutive_annotated,depth,class_switch_rate,0.0
W052,all,consecutive_annotated,depth,fragmentation_ge2,0.1111111111111111
W052,all,consecutive_annotated,depth,fragmentation_mean,1.1111111111111112
W052,all,consecutive_annotated,depth,gt_tracks_matched,9.0
W052,all,consecutive_annotated,depth,id_switch_rate,0.15
W052,all,consecutive_annotated,depth,matched_pairs,40.0
W052,all,consecutive_annotated,depth,reappear_events_judged,0.0
W052,all,consecutive_annotated,depth,reappear_same_class,
W052,all,consecutive_annotated,depth,reappear_same_gt,
W052,all,consecutive_annotated,depth,reappearance_rate,0.0
W052,all,consecutive_annotated,depth,seeded_regions,4.0
W052,all,consecutive_annotated,depth,survival_backward,0.9333333333333333
W052,all,consecutive_annotated,depth,survival_forward,0.9821428571428572
W052,all,consecutive_annotated,normal,class_switch_rate,0.0
W052,all,consecutive_annotated,normal,fragmentation_ge2,0.0
W052,all,consecutive_annotated,normal,fragmentation_mean,1.0
W052,all,consecutive_annotated,normal,gt_tracks_matched,4.0
W052,all,consecutive_annotated,normal,id_switch_rate,0.0
W052,all,consecutive_annotated,normal,matched_pairs,28.0
W052,all,consecutive_annotated,normal,reappear_events_judged,0.0
W052,all,consecutive_annotated,normal,reappear_same_class,
W052,all,consecutive_annotated,normal,reappear_same_gt,
W052,all,consecutive_annotated,normal,reappearance_rate,0.6
W052,all,consecutive_annotated,normal,seeded_regions,10.0
W052,all,consecutive_annotated,normal,survival_backward,0.6533333333333333
W052,all,consecutive_annotated,normal,survival_forward,0.8714285714285716
W052,all,consecutive_annotated,rgb,class_switch_rate,0.0
W052,all,consecutive_annotated,rgb,fragmentation_ge2,0.1
W052,all,consecutive_annotated,rgb,fragmentation_mean,1.1
W052,all,consecutive_annotated,rgb,gt_tracks_matched,20.0
W052,all,consecutive_annotated,rgb,id_switch_rate,0.061224489795918366
W052,all,consecutive_annotated,rgb,matched_pairs,98.0
W052,all,consecutive_annotated,rgb,reappear_events_judged,0.0
W052,all,consecutive_annotated,rgb,reappear_same_class,
W052,all,consecutive_annotated,rgb,reappear_same_gt,
W052,all,consecutive_annotated,rgb,reappearance_rate,0.3
W052,all,consecutive_annotated,rgb,seeded_regions,20.0
W052,all,consecutive_annotated,rgb,survival_backward,0.8333333333333333
W052,all,consecutive_annotated,rgb,survival_forward,0.9821428571428571
W052,frames_in_order,adjacent_samples,depth,class_switch_rate,0.0
W052,frames_in_order,adjacent_samples,depth,fragmentation_ge2,0.0
W052,frames_in_order,adjacent_samples,depth,fragmentation_mean,1.0
W052,frames_in_order,adjacent_samples,depth,gt_tracks_matched,12.0
W052,frames_in_order,adjacent_samples,depth,id_switch_rate,0.1111111111111111
W052,frames_in_order,adjacent_samples,depth,matched_pairs,36.0
W052,frames_in_order,adjacent_samples,depth,reappear_events_judged,0.0
W052,frames_in_order,adjacent_samples,depth,reappear_same_class,
W052,frames_in_order,adjacent_samples,depth,reappear_same_gt,
W052,frames_in_order,adjacent_samples,depth,reappearance_rate,0.0
W052,frames_in_order,adjacent_samples,depth,seeded_regions,4.0
W052,frames_in_order,adjacent_samples,depth,survival_backward,0.9333333333333333
W052,frames_in_order,adjacent_samples,depth,survival_forward,0.9821428571428572
W052,frames_in_order,adjacent_samples,normal,class_switch_rate,0.0
W052,frames_in_order,adjacent_samples,normal,fragmentation_ge2,0.0
W052,frames_in_order,adjacent_samples,normal,fragmentation_mean,1.0
W052,frames_in_order,adjacent_samples,normal,gt_tracks_matched,6.0
W052,frames_in_order,adjacent_samples,normal,id_switch_rate,0.0
W052,frames_in_order,adjacent_samples,normal,matched_pairs,26.0
W052,frames_in_order,adjacent_samples,normal,reappear_events_judged,0.0
W052,frames_in_order,adjacent_samples,normal,reappear_same_class,
W052,frames_in_order,adjacent_samples,normal,reappear_same_gt,
W052,frames_in_order,adjacent_samples,normal,reappearance_rate,0.6
W052,frames_in_order,adjacent_samples,normal,seeded_regions,10.0
W052,frames_in_order,adjacent_samples,normal,survival_backward,0.6533333333333333
W052,frames_in_order,adjacent_samples,normal,survival_forward,0.8714285714285716
W052,frames_in_order,adjacent_samples,rgb,class_switch_rate,0.0
W052,frames_in_order,adjacent_samples,rgb,fragmentation_ge2,0.04
W052,frames_in_order,adjacent_samples,rgb,fragmentation_mean,1.04
W052,frames_in_order,adjacent_samples,rgb,gt_tracks_matched,25.0
W052,frames_in_order,adjacent_samples,rgb,id_switch_rate,0.043478260869565216
W052,frames_in_order,adjacent_samples,rgb,matched_pairs,92.0
W052,frames_in_order,adjacent_samples,rgb,reappear_events_judged,0.0
W052,frames_in_order,adjacent_samples,rgb,reappear_same_class,
W052,frames_in_order,adjacent_samples,rgb,reappear_same_gt,
W052,frames_in_order,adjacent_samples,rgb,reappearance_rate,0.3
W052,frames_in_order,adjacent_samples,rgb,seeded_regions,20.0
W052,frames_in_order,adjacent_samples,rgb,survival_backward,0.8333333333333333
W052,frames_in_order,adjacent_samples,rgb,survival_forward,0.9821428571428571
W052,frames_in_order,consecutive_annotated,depth,class_switch_rate,0.0
W052,frames_in_order,consecutive_annotated,depth,fragmentation_ge2,0.1111111111111111
W052,frames_in_order,consecutive_annotated,depth,fragmentation_mean,1.1111111111111112
W052,frames_in_order,consecutive_annotated,depth,gt_tracks_matched,9.0
W052,frames_in_order,consecutive_annotated,depth,id_switch_rate,0.15
W052,frames_in_order,consecutive_annotated,depth,matched_pairs,40.0
W052,frames_in_order,consecutive_annotated,depth,reappear_events_judged,0.0
W052,frames_in_order,consecutive_annotated,depth,reappear_same_class,
W052,frames_in_order,consecutive_annotated,depth,reappear_same_gt,
W052,frames_in_order,consecutive_annotated,depth,reappearance_rate,0.0
W052,frames_in_order,consecutive_annotated,depth,seeded_regions,4.0
W052,frames_in_order,consecutive_annotated,depth,survival_backward,0.9333333333333333
W052,frames_in_order,consecutive_annotated,depth,survival_forward,0.9821428571428572
W052,frames_in_order,consecutive_annotated,normal,class_switch_rate,0.0
W052,frames_in_order,consecutive_annotated,normal,fragmentation_ge2,0.0
W052,frames_in_order,consecutive_annotated,normal,fragmentation_mean,1.0
W052,frames_in_order,consecutive_annotated,normal,gt_tracks_matched,4.0
W052,frames_in_order,consecutive_annotated,normal,id_switch_rate,0.0
W052,frames_in_order,consecutive_annotated,normal,matched_pairs,28.0
W052,frames_in_order,consecutive_annotated,normal,reappear_events_judged,0.0
W052,frames_in_order,consecutive_annotated,normal,reappear_same_class,
W052,frames_in_order,consecutive_annotated,normal,reappear_same_gt,
W052,frames_in_order,consecutive_annotated,normal,reappearance_rate,0.6
W052,frames_in_order,consecutive_annotated,normal,seeded_regions,10.0
W052,frames_in_order,consecutive_annotated,normal,survival_backward,0.6533333333333333
W052,frames_in_order,consecutive_annotated,normal,survival_forward,0.8714285714285716
W052,frames_in_order,consecutive_annotated,rgb,class_switch_rate,0.0
W052,frames_in_order,consecutive_annotated,rgb,fragmentation_ge2,0.1
W052,frames_in_order,consecutive_annotated,rgb,fragmentation_mean,1.1
W052,frames_in_order,consecutive_annotated,rgb,gt_tracks_matched,20.0
W052,frames_in_order,consecutive_annotated,rgb,id_switch_rate,0.061224489795918366
W052,frames_in_order,consecutive_annotated,rgb,matched_pairs,98.0
W052,frames_in_order,consecutive_annotated,rgb,reappear_events_judged,0.0
W052,frames_in_order,consecutive_annotated,rgb,reappear_same_class,
W052,frames_in_order,consecutive_annotated,rgb,reappear_same_gt,
W052,frames_in_order,consecutive_annotated,rgb,reappearance_rate,0.3
W052,frames_in_order,consecutive_annotated,rgb,seeded_regions,20.0
W052,frames_in_order,consecutive_annotated,rgb,survival_backward,0.8333333333333333
W052,frames_in_order,consecutive_annotated,rgb,survival_forward,0.9821428571428571
W053,all,adjacent_samples,depth,class_switch_rate,0.021739130434782608
W053,all,adjacent_samples,depth,fragmentation_ge2,0.3
W053,all,adjacent_samples,depth,fragmentation_mean,1.3
W053,all,adjacent_samples,depth,gt_tracks_matched,10.0
W053,all,adjacent_samples,depth,id_switch_rate,0.05434782608695652
W053,all,adjacent_samples,depth,matched_pairs,92.0
W053,all,adjacent_samples,depth,reappear_events_judged,0.0
W053,all,adjacent_samples,depth,reappear_same_class,
W053,all,adjacent_samples,depth,reappear_same_gt,
W053,all,adjacent_samples,depth,reappearance_rate,0.0
W053,all,adjacent_samples,depth,seeded_regions,6.0
W053,all,adjacent_samples,depth,survival_backward,0.8333333333333334
W053,all,adjacent_samples,depth,survival_forward,1.0
W053,all,adjacent_samples,normal,class_switch_rate,0.0
W053,all,adjacent_samples,normal,fragmentation_ge2,0.0
W053,all,adjacent_samples,normal,fragmentation_mean,1.0
W053,all,adjacent_samples,normal,gt_tracks_matched,4.0
W053,all,adjacent_samples,normal,id_switch_rate,1.0
W053,all,adjacent_samples,normal,matched_pairs,1.0
W053,all,adjacent_samples,normal,reappear_events_judged,0.0
W053,all,adjacent_samples,normal,reappear_same_class,
W053,all,adjacent_samples,normal,reappear_same_gt,
W053,all,adjacent_samples,normal,reappearance_rate,0.4
W053,all,adjacent_samples,normal,seeded_regions,5.0
W053,all,adjacent_samples,normal,survival_backward,0.7466666666666667
W053,all,adjacent_samples,normal,survival_forward,0.9428571428571428
W053,all,adjacent_samples,rgb,class_switch_rate,0.0
W053,all,adjacent_samples,rgb,fragmentation_ge2,0.0
W053,all,adjacent_samples,rgb,fragmentation_mean,1.0
W053,all,adjacent_samples,rgb,gt_tracks_matched,10.0
W053,all,adjacent_samples,rgb,id_switch_rate,0.045454545454545456
W053,all,adjacent_samples,rgb,matched_pairs,66.0
W053,all,adjacent_samples,rgb,reappear_events_judged,0.0
W053,all,adjacent_samples,rgb,reappear_same_class,
W053,all,adjacent_samples,rgb,reappear_same_gt,
W053,all,adjacent_samples,rgb,reappearance_rate,0.5
W053,all,adjacent_samples,rgb,seeded_regions,16.0
W053,all,adjacent_samples,rgb,survival_backward,0.7666666666666667
W053,all,adjacent_samples,rgb,survival_forward,0.65625
W053,all,consecutive_annotated,depth,class_switch_rate,0.021739130434782608
W053,all,consecutive_annotated,depth,fragmentation_ge2,0.3
W053,all,consecutive_annotated,depth,fragmentation_mean,1.3
W053,all,consecutive_annotated,depth,gt_tracks_matched,10.0
W053,all,consecutive_annotated,depth,id_switch_rate,0.05434782608695652
W053,all,consecutive_annotated,depth,matched_pairs,92.0
W053,all,consecutive_annotated,depth,reappear_events_judged,0.0
W053,all,consecutive_annotated,depth,reappear_same_class,
W053,all,consecutive_annotated,depth,reappear_same_gt,
W053,all,consecutive_annotated,depth,reappearance_rate,0.0
W053,all,consecutive_annotated,depth,seeded_regions,6.0
W053,all,consecutive_annotated,depth,survival_backward,0.8333333333333334
W053,all,consecutive_annotated,depth,survival_forward,1.0
W053,all,consecutive_annotated,normal,class_switch_rate,0.0
W053,all,consecutive_annotated,normal,fragmentation_ge2,0.0
W053,all,consecutive_annotated,normal,fragmentation_mean,1.0
W053,all,consecutive_annotated,normal,gt_tracks_matched,4.0
W053,all,consecutive_annotated,normal,id_switch_rate,1.0
W053,all,consecutive_annotated,normal,matched_pairs,1.0
W053,all,consecutive_annotated,normal,reappear_events_judged,0.0
W053,all,consecutive_annotated,normal,reappear_same_class,
W053,all,consecutive_annotated,normal,reappear_same_gt,
W053,all,consecutive_annotated,normal,reappearance_rate,0.4
W053,all,consecutive_annotated,normal,seeded_regions,5.0
W053,all,consecutive_annotated,normal,survival_backward,0.7466666666666667
W053,all,consecutive_annotated,normal,survival_forward,0.9428571428571428
W053,all,consecutive_annotated,rgb,class_switch_rate,0.0
W053,all,consecutive_annotated,rgb,fragmentation_ge2,0.0
W053,all,consecutive_annotated,rgb,fragmentation_mean,1.0
W053,all,consecutive_annotated,rgb,gt_tracks_matched,10.0
W053,all,consecutive_annotated,rgb,id_switch_rate,0.045454545454545456
W053,all,consecutive_annotated,rgb,matched_pairs,66.0
W053,all,consecutive_annotated,rgb,reappear_events_judged,0.0
W053,all,consecutive_annotated,rgb,reappear_same_class,
W053,all,consecutive_annotated,rgb,reappear_same_gt,
W053,all,consecutive_annotated,rgb,reappearance_rate,0.5
W053,all,consecutive_annotated,rgb,seeded_regions,16.0
W053,all,consecutive_annotated,rgb,survival_backward,0.7666666666666667
W053,all,consecutive_annotated,rgb,survival_forward,0.65625
W053,frames_in_order,adjacent_samples,depth,class_switch_rate,0.021739130434782608
W053,frames_in_order,adjacent_samples,depth,fragmentation_ge2,0.3
W053,frames_in_order,adjacent_samples,depth,fragmentation_mean,1.3
W053,frames_in_order,adjacent_samples,depth,gt_tracks_matched,10.0
W053,frames_in_order,adjacent_samples,depth,id_switch_rate,0.05434782608695652
W053,frames_in_order,adjacent_samples,depth,matched_pairs,92.0
W053,frames_in_order,adjacent_samples,depth,reappear_events_judged,0.0
W053,frames_in_order,adjacent_samples,depth,reappear_same_class,
W053,frames_in_order,adjacent_samples,depth,reappear_same_gt,
W053,frames_in_order,adjacent_samples,depth,reappearance_rate,0.0
W053,frames_in_order,adjacent_samples,depth,seeded_regions,6.0
W053,frames_in_order,adjacent_samples,depth,survival_backward,0.8333333333333334
W053,frames_in_order,adjacent_samples,depth,survival_forward,1.0
W053,frames_in_order,adjacent_samples,normal,class_switch_rate,0.0
W053,frames_in_order,adjacent_samples,normal,fragmentation_ge2,0.0
W053,frames_in_order,adjacent_samples,normal,fragmentation_mean,1.0
W053,frames_in_order,adjacent_samples,normal,gt_tracks_matched,4.0
W053,frames_in_order,adjacent_samples,normal,id_switch_rate,1.0
W053,frames_in_order,adjacent_samples,normal,matched_pairs,1.0
W053,frames_in_order,adjacent_samples,normal,reappear_events_judged,0.0
W053,frames_in_order,adjacent_samples,normal,reappear_same_class,
W053,frames_in_order,adjacent_samples,normal,reappear_same_gt,
W053,frames_in_order,adjacent_samples,normal,reappearance_rate,0.4
W053,frames_in_order,adjacent_samples,normal,seeded_regions,5.0
W053,frames_in_order,adjacent_samples,normal,survival_backward,0.7466666666666667
W053,frames_in_order,adjacent_samples,normal,survival_forward,0.9428571428571428
W053,frames_in_order,adjacent_samples,rgb,class_switch_rate,0.0
W053,frames_in_order,adjacent_samples,rgb,fragmentation_ge2,0.0
W053,frames_in_order,adjacent_samples,rgb,fragmentation_mean,1.0
W053,frames_in_order,adjacent_samples,rgb,gt_tracks_matched,10.0
W053,frames_in_order,adjacent_samples,rgb,id_switch_rate,0.045454545454545456
W053,frames_in_order,adjacent_samples,rgb,matched_pairs,66.0
W053,frames_in_order,adjacent_samples,rgb,reappear_events_judged,0.0
W053,frames_in_order,adjacent_samples,rgb,reappear_same_class,
W053,frames_in_order,adjacent_samples,rgb,reappear_same_gt,
W053,frames_in_order,adjacent_samples,rgb,reappearance_rate,0.5
W053,frames_in_order,adjacent_samples,rgb,seeded_regions,16.0
W053,frames_in_order,adjacent_samples,rgb,survival_backward,0.7666666666666667
W053,frames_in_order,adjacent_samples,rgb,survival_forward,0.65625
W053,frames_in_order,consecutive_annotated,depth,class_switch_rate,0.021739130434782608
W053,frames_in_order,consecutive_annotated,depth,fragmentation_ge2,0.3
W053,frames_in_order,consecutive_annotated,depth,fragmentation_mean,1.3
W053,frames_in_order,consecutive_annotated,depth,gt_tracks_matched,10.0
W053,frames_in_order,consecutive_annotated,depth,id_switch_rate,0.05434782608695652
W053,frames_in_order,consecutive_annotated,depth,matched_pairs,92.0
W053,frames_in_order,consecutive_annotated,depth,reappear_events_judged,0.0
W053,frames_in_order,consecutive_annotated,depth,reappear_same_class,
W053,frames_in_order,consecutive_annotated,depth,reappear_same_gt,
W053,frames_in_order,consecutive_annotated,depth,reappearance_rate,0.0
W053,frames_in_order,consecutive_annotated,depth,seeded_regions,6.0
W053,frames_in_order,consecutive_annotated,depth,survival_backward,0.8333333333333334
W053,frames_in_order,consecutive_annotated,depth,survival_forward,1.0
W053,frames_in_order,consecutive_annotated,normal,class_switch_rate,0.0
W053,frames_in_order,consecutive_annotated,normal,fragmentation_ge2,0.0
W053,frames_in_order,consecutive_annotated,normal,fragmentation_mean,1.0
W053,frames_in_order,consecutive_annotated,normal,gt_tracks_matched,4.0
W053,frames_in_order,consecutive_annotated,normal,id_switch_rate,1.0
W053,frames_in_order,consecutive_annotated,normal,matched_pairs,1.0
W053,frames_in_order,consecutive_annotated,normal,reappear_events_judged,0.0
W053,frames_in_order,consecutive_annotated,normal,reappear_same_class,
W053,frames_in_order,consecutive_annotated,normal,reappear_same_gt,
W053,frames_in_order,consecutive_annotated,normal,reappearance_rate,0.4
W053,frames_in_order,consecutive_annotated,normal,seeded_regions,5.0
W053,frames_in_order,consecutive_annotated,normal,survival_backward,0.7466666666666667
W053,frames_in_order,consecutive_annotated,normal,survival_forward,0.9428571428571428
W053,frames_in_order,consecutive_annotated,rgb,class_switch_rate,0.0
W053,frames_in_order,consecutive_annotated,rgb,fragmentation_ge2,0.0
W053,frames_in_order,consecutive_annotated,rgb,fragmentation_mean,1.0
W053,frames_in_order,consecutive_annotated,rgb,gt_tracks_matched,10.0
W053,frames_in_order,consecutive_annotated,rgb,id_switch_rate,0.045454545454545456
W053,frames_in_order,consecutive_annotated,rgb,matched_pairs,66.0
W053,frames_in_order,consecutive_annotated,rgb,reappear_events_judged,0.0
W053,frames_in_order,consecutive_annotated,rgb,reappear_same_class,
W053,frames_in_order,consecutive_annotated,rgb,reappear_same_gt,
W053,frames_in_order,consecutive_annotated,rgb,reappearance_rate,0.5
W053,frames_in_order,consecutive_annotated,rgb,seeded_regions,16.0
W053,frames_in_order,consecutive_annotated,rgb,survival_backward,0.7666666666666667
W053,frames_in_order,consecutive_annotated,rgb,survival_forward,0.65625
W054,all,adjacent_samples,depth,class_switch_rate,0.0
W054,all,adjacent_samples,depth,fragmentation_ge2,0.07142857142857142
W054,all,adjacent_samples,depth,fragmentation_mean,1.0714285714285714
W054,all,adjacent_samples,depth,gt_tracks_matched,14.0
W054,all,adjacent_samples,depth,id_switch_rate,0.16279069767441862
W054,all,adjacent_samples,depth,matched_pairs,43.0
W054,all,adjacent_samples,depth,reappear_events_judged,2.0
W054,all,adjacent_samples,depth,reappear_same_class,1.0
W054,all,adjacent_samples,depth,reappear_same_gt,0.0
W054,all,adjacent_samples,depth,reappearance_rate,0.42857142857142855
W054,all,adjacent_samples,depth,seeded_regions,7.0
W054,all,adjacent_samples,depth,survival_backward,0.8095238095238095
W054,all,adjacent_samples,depth,survival_forward,0.8775510204081632
W054,all,adjacent_samples,normal,class_switch_rate,0.0
W054,all,adjacent_samples,normal,fragmentation_ge2,0.0
W054,all,adjacent_samples,normal,fragmentation_mean,1.0
W054,all,adjacent_samples,normal,gt_tracks_matched,14.0
W054,all,adjacent_samples,normal,id_switch_rate,0.1875
W054,all,adjacent_samples,normal,matched_pairs,32.0
W054,all,adjacent_samples,normal,reappear_events_judged,2.0
W054,all,adjacent_samples,normal,reappear_same_class,1.0
W054,all,adjacent_samples,normal,reappear_same_gt,0.0
W054,all,adjacent_samples,normal,reappearance_rate,0.5
W054,all,adjacent_samples,normal,seeded_regions,8.0
W054,all,adjacent_samples,normal,survival_backward,0.7583333333333333
W054,all,adjacent_samples,normal,survival_forward,0.7767857142857142
W054,all,adjacent_samples,rgb,class_switch_rate,0.016260162601626018
W054,all,adjacent_samples,rgb,fragmentation_ge2,0.08695652173913043
W054,all,adjacent_samples,rgb,fragmentation_mean,1.0869565217391304
W054,all,adjacent_samples,rgb,gt_tracks_matched,23.0
W054,all,adjacent_samples,rgb,id_switch_rate,0.0975609756097561
W054,all,adjacent_samples,rgb,matched_pairs,123.0
W054,all,adjacent_samples,rgb,reappear_events_judged,4.0
W054,all,adjacent_samples,rgb,reappear_same_class,1.0
W054,all,adjacent_samples,rgb,reappear_same_gt,0.0
W054,all,adjacent_samples,rgb,reappearance_rate,0.5833333333333334
W054,all,adjacent_samples,rgb,seeded_regions,24.0
W054,all,adjacent_samples,rgb,survival_backward,0.8055555555555555
W054,all,adjacent_samples,rgb,survival_forward,0.6517857142857143
W054,all,consecutive_annotated,depth,class_switch_rate,0.0
W054,all,consecutive_annotated,depth,fragmentation_ge2,0.07142857142857142
W054,all,consecutive_annotated,depth,fragmentation_mean,1.0714285714285714
W054,all,consecutive_annotated,depth,gt_tracks_matched,14.0
W054,all,consecutive_annotated,depth,id_switch_rate,0.16279069767441862
W054,all,consecutive_annotated,depth,matched_pairs,43.0
W054,all,consecutive_annotated,depth,reappear_events_judged,2.0
W054,all,consecutive_annotated,depth,reappear_same_class,1.0
W054,all,consecutive_annotated,depth,reappear_same_gt,0.0
W054,all,consecutive_annotated,depth,reappearance_rate,0.42857142857142855
W054,all,consecutive_annotated,depth,seeded_regions,7.0
W054,all,consecutive_annotated,depth,survival_backward,0.8095238095238095
W054,all,consecutive_annotated,depth,survival_forward,0.8775510204081632
W054,all,consecutive_annotated,normal,class_switch_rate,0.0
W054,all,consecutive_annotated,normal,fragmentation_ge2,0.0
W054,all,consecutive_annotated,normal,fragmentation_mean,1.0
W054,all,consecutive_annotated,normal,gt_tracks_matched,14.0
W054,all,consecutive_annotated,normal,id_switch_rate,0.1875
W054,all,consecutive_annotated,normal,matched_pairs,32.0
W054,all,consecutive_annotated,normal,reappear_events_judged,2.0
W054,all,consecutive_annotated,normal,reappear_same_class,1.0
W054,all,consecutive_annotated,normal,reappear_same_gt,0.0
W054,all,consecutive_annotated,normal,reappearance_rate,0.5
W054,all,consecutive_annotated,normal,seeded_regions,8.0
W054,all,consecutive_annotated,normal,survival_backward,0.7583333333333333
W054,all,consecutive_annotated,normal,survival_forward,0.7767857142857142
W054,all,consecutive_annotated,rgb,class_switch_rate,0.016260162601626018
W054,all,consecutive_annotated,rgb,fragmentation_ge2,0.08695652173913043
W054,all,consecutive_annotated,rgb,fragmentation_mean,1.0869565217391304
W054,all,consecutive_annotated,rgb,gt_tracks_matched,23.0
W054,all,consecutive_annotated,rgb,id_switch_rate,0.0975609756097561
W054,all,consecutive_annotated,rgb,matched_pairs,123.0
W054,all,consecutive_annotated,rgb,reappear_events_judged,4.0
W054,all,consecutive_annotated,rgb,reappear_same_class,1.0
W054,all,consecutive_annotated,rgb,reappear_same_gt,0.0
W054,all,consecutive_annotated,rgb,reappearance_rate,0.5833333333333334
W054,all,consecutive_annotated,rgb,seeded_regions,24.0
W054,all,consecutive_annotated,rgb,survival_backward,0.8055555555555555
W054,all,consecutive_annotated,rgb,survival_forward,0.6517857142857143
W054,frames_in_order,adjacent_samples,depth,class_switch_rate,0.0
W054,frames_in_order,adjacent_samples,depth,fragmentation_ge2,0.07142857142857142
W054,frames_in_order,adjacent_samples,depth,fragmentation_mean,1.0714285714285714
W054,frames_in_order,adjacent_samples,depth,gt_tracks_matched,14.0
W054,frames_in_order,adjacent_samples,depth,id_switch_rate,0.16279069767441862
W054,frames_in_order,adjacent_samples,depth,matched_pairs,43.0
W054,frames_in_order,adjacent_samples,depth,reappear_events_judged,2.0
W054,frames_in_order,adjacent_samples,depth,reappear_same_class,1.0
W054,frames_in_order,adjacent_samples,depth,reappear_same_gt,0.0
W054,frames_in_order,adjacent_samples,depth,reappearance_rate,0.42857142857142855
W054,frames_in_order,adjacent_samples,depth,seeded_regions,7.0
W054,frames_in_order,adjacent_samples,depth,survival_backward,0.8095238095238095
W054,frames_in_order,adjacent_samples,depth,survival_forward,0.8775510204081632
W054,frames_in_order,adjacent_samples,normal,class_switch_rate,0.0
W054,frames_in_order,adjacent_samples,normal,fragmentation_ge2,0.0
W054,frames_in_order,adjacent_samples,normal,fragmentation_mean,1.0
W054,frames_in_order,adjacent_samples,normal,gt_tracks_matched,14.0
W054,frames_in_order,adjacent_samples,normal,id_switch_rate,0.1875
W054,frames_in_order,adjacent_samples,normal,matched_pairs,32.0
W054,frames_in_order,adjacent_samples,normal,reappear_events_judged,2.0
W054,frames_in_order,adjacent_samples,normal,reappear_same_class,1.0
W054,frames_in_order,adjacent_samples,normal,reappear_same_gt,0.0
W054,frames_in_order,adjacent_samples,normal,reappearance_rate,0.5
W054,frames_in_order,adjacent_samples,normal,seeded_regions,8.0
W054,frames_in_order,adjacent_samples,normal,survival_backward,0.7583333333333333
W054,frames_in_order,adjacent_samples,normal,survival_forward,0.7767857142857142
W054,frames_in_order,adjacent_samples,rgb,class_switch_rate,0.016260162601626018
W054,frames_in_order,adjacent_samples,rgb,fragmentation_ge2,0.08695652173913043
W054,frames_in_order,adjacent_samples,rgb,fragmentation_mean,1.0869565217391304
W054,frames_in_order,adjacent_samples,rgb,gt_tracks_matched,23.0
W054,frames_in_order,adjacent_samples,rgb,id_switch_rate,0.0975609756097561
W054,frames_in_order,adjacent_samples,rgb,matched_pairs,123.0
W054,frames_in_order,adjacent_samples,rgb,reappear_events_judged,4.0
W054,frames_in_order,adjacent_samples,rgb,reappear_same_class,1.0
W054,frames_in_order,adjacent_samples,rgb,reappear_same_gt,0.0
W054,frames_in_order,adjacent_samples,rgb,reappearance_rate,0.5833333333333334
W054,frames_in_order,adjacent_samples,rgb,seeded_regions,24.0
W054,frames_in_order,adjacent_samples,rgb,survival_backward,0.8055555555555555
W054,frames_in_order,adjacent_samples,rgb,survival_forward,0.6517857142857143
W054,frames_in_order,consecutive_annotated,depth,class_switch_rate,0.0
W054,frames_in_order,consecutive_annotated,depth,fragmentation_ge2,0.07142857142857142
W054,frames_in_order,consecutive_annotated,depth,fragmentation_mean,1.0714285714285714
W054,frames_in_order,consecutive_annotated,depth,gt_tracks_matched,14.0
W054,frames_in_order,consecutive_annotated,depth,id_switch_rate,0.16279069767441862
W054,frames_in_order,consecutive_annotated,depth,matched_pairs,43.0
W054,frames_in_order,consecutive_annotated,depth,reappear_events_judged,2.0
W054,frames_in_order,consecutive_annotated,depth,reappear_same_class,1.0
W054,frames_in_order,consecutive_annotated,depth,reappear_same_gt,0.0
W054,frames_in_order,consecutive_annotated,depth,reappearance_rate,0.42857142857142855
W054,frames_in_order,consecutive_annotated,depth,seeded_regions,7.0
W054,frames_in_order,consecutive_annotated,depth,survival_backward,0.8095238095238095
W054,frames_in_order,consecutive_annotated,depth,survival_forward,0.8775510204081632
W054,frames_in_order,consecutive_annotated,normal,class_switch_rate,0.0
W054,frames_in_order,consecutive_annotated,normal,fragmentation_ge2,0.0
W054,frames_in_order,consecutive_annotated,normal,fragmentation_mean,1.0
W054,frames_in_order,consecutive_annotated,normal,gt_tracks_matched,14.0
W054,frames_in_order,consecutive_annotated,normal,id_switch_rate,0.1875
W054,frames_in_order,consecutive_annotated,normal,matched_pairs,32.0
W054,frames_in_order,consecutive_annotated,normal,reappear_events_judged,2.0
W054,frames_in_order,consecutive_annotated,normal,reappear_same_class,1.0
W054,frames_in_order,consecutive_annotated,normal,reappear_same_gt,0.0
W054,frames_in_order,consecutive_annotated,normal,reappearance_rate,0.5
W054,frames_in_order,consecutive_annotated,normal,seeded_regions,8.0
W054,frames_in_order,consecutive_annotated,normal,survival_backward,0.7583333333333333
W054,frames_in_order,consecutive_annotated,normal,survival_forward,0.7767857142857142
W054,frames_in_order,consecutive_annotated,rgb,class_switch_rate,0.016260162601626018
W054,frames_in_order,consecutive_annotated,rgb,fragmentation_ge2,0.08695652173913043
W054,frames_in_order,consecutive_annotated,rgb,fragmentation_mean,1.0869565217391304
W054,frames_in_order,consecutive_annotated,rgb,gt_tracks_matched,23.0
W054,frames_in_order,consecutive_annotated,rgb,id_switch_rate,0.0975609756097561
W054,frames_in_order,consecutive_annotated,rgb,matched_pairs,123.0
W054,frames_in_order,consecutive_annotated,rgb,reappear_events_judged,4.0
W054,frames_in_order,consecutive_annotated,rgb,reappear_same_class,1.0
W054,frames_in_order,consecutive_annotated,rgb,reappear_same_gt,0.0
W054,frames_in_order,consecutive_annotated,rgb,reappearance_rate,0.5833333333333334
W054,frames_in_order,consecutive_annotated,rgb,seeded_regions,24.0
W054,frames_in_order,consecutive_annotated,rgb,survival_backward,0.8055555555555555
W054,frames_in_order,consecutive_annotated,rgb,survival_forward,0.6517857142857143
W055,all,adjacent_samples,depth,class_switch_rate,0.0
W055,all,adjacent_samples,depth,fragmentation_ge2,0.0
W055,all,adjacent_samples,depth,fragmentation_mean,1.0
W055,all,adjacent_samples,depth,gt_tracks_matched,4.0
W055,all,adjacent_samples,depth,id_switch_rate,0.043478260869565216
W055,all,adjacent_samples,depth,matched_pairs,23.0
W055,all,adjacent_samples,depth,reappear_events_judged,0.0
W055,all,adjacent_samples,depth,reappear_same_class,
W055,all,adjacent_samples,depth,reappear_same_gt,
W055,all,adjacent_samples,depth,reappearance_rate,0.5
W055,all,adjacent_samples,depth,seeded_regions,4.0
W055,all,adjacent_samples,depth,survival_backward,0.8
W055,all,adjacent_samples,depth,survival_forward,0.7321428571428572
W055,all,adjacent_samples,normal,class_switch_rate,0.0
W055,all,adjacent_samples,normal,fragmentation_ge2,0.0
W055,all,adjacent_samples,normal,fragmentation_mean,1.0
W055,all,adjacent_samples,normal,gt_tracks_matched,5.0
W055,all,adjacent_samples,normal,id_switch_rate,0.02
W055,all,adjacent_samples,normal,matched_pairs,50.0
W055,all,adjacent_samples,normal,reappear_events_judged,0.0
W055,all,adjacent_samples,normal,reappear_same_class,
W055,all,adjacent_samples,normal,reappear_same_gt,
W055,all,adjacent_samples,normal,reappearance_rate,0.2857142857142857
W055,all,adjacent_samples,normal,seeded_regions,7.0
W055,all,adjacent_samples,normal,survival_backward,0.7142857142857143
W055,all,adjacent_samples,normal,survival_forward,0.7755102040816327
W055,all,adjacent_samples,rgb,class_switch_rate,0.0
W055,all,adjacent_samples,rgb,fragmentation_ge2,0.1875
W055,all,adjacent_samples,rgb,fragmentation_mean,1.1875
W055,all,adjacent_samples,rgb,gt_tracks_matched,16.0
W055,all,adjacent_samples,rgb,id_switch_rate,0.028169014084507043
W055,all,adjacent_samples,rgb,matched_pairs,71.0
W055,all,adjacent_samples,rgb,reappear_events_judged,3.0
W055,all,adjacent_samples,rgb,reappear_same_class,1.0
W055,all,adjacent_samples,rgb,reappear_same_gt,0.3333333333333333
W055,all,adjacent_samples,rgb,reappearance_rate,0.5333333333333333
W055,all,adjacent_samples,rgb,seeded_regions,15.0
W055,all,adjacent_samples,rgb,survival_backward,0.7733333333333334
W055,all,adjacent_samples,rgb,survival_forward,0.8
W055,all,consecutive_annotated,depth,class_switch_rate,0.0
W055,all,consecutive_annotated,depth,fragmentation_ge2,0.0
W055,all,consecutive_annotated,depth,fragmentation_mean,1.0
W055,all,consecutive_annotated,depth,gt_tracks_matched,4.0
W055,all,consecutive_annotated,depth,id_switch_rate,0.043478260869565216
W055,all,consecutive_annotated,depth,matched_pairs,23.0
W055,all,consecutive_annotated,depth,reappear_events_judged,0.0
W055,all,consecutive_annotated,depth,reappear_same_class,
W055,all,consecutive_annotated,depth,reappear_same_gt,
W055,all,consecutive_annotated,depth,reappearance_rate,0.5
W055,all,consecutive_annotated,depth,seeded_regions,4.0
W055,all,consecutive_annotated,depth,survival_backward,0.8
W055,all,consecutive_annotated,depth,survival_forward,0.7321428571428572
W055,all,consecutive_annotated,normal,class_switch_rate,0.0
W055,all,consecutive_annotated,normal,fragmentation_ge2,0.0
W055,all,consecutive_annotated,normal,fragmentation_mean,1.0
W055,all,consecutive_annotated,normal,gt_tracks_matched,5.0
W055,all,consecutive_annotated,normal,id_switch_rate,0.02
W055,all,consecutive_annotated,normal,matched_pairs,50.0
W055,all,consecutive_annotated,normal,reappear_events_judged,0.0
W055,all,consecutive_annotated,normal,reappear_same_class,
W055,all,consecutive_annotated,normal,reappear_same_gt,
W055,all,consecutive_annotated,normal,reappearance_rate,0.2857142857142857
W055,all,consecutive_annotated,normal,seeded_regions,7.0
W055,all,consecutive_annotated,normal,survival_backward,0.7142857142857143
W055,all,consecutive_annotated,normal,survival_forward,0.7755102040816327
W055,all,consecutive_annotated,rgb,class_switch_rate,0.0
W055,all,consecutive_annotated,rgb,fragmentation_ge2,0.1875
W055,all,consecutive_annotated,rgb,fragmentation_mean,1.1875
W055,all,consecutive_annotated,rgb,gt_tracks_matched,16.0
W055,all,consecutive_annotated,rgb,id_switch_rate,0.028169014084507043
W055,all,consecutive_annotated,rgb,matched_pairs,71.0
W055,all,consecutive_annotated,rgb,reappear_events_judged,3.0
W055,all,consecutive_annotated,rgb,reappear_same_class,1.0
W055,all,consecutive_annotated,rgb,reappear_same_gt,0.3333333333333333
W055,all,consecutive_annotated,rgb,reappearance_rate,0.5333333333333333
W055,all,consecutive_annotated,rgb,seeded_regions,15.0
W055,all,consecutive_annotated,rgb,survival_backward,0.7733333333333334
W055,all,consecutive_annotated,rgb,survival_forward,0.8
W055,frames_in_order,adjacent_samples,depth,class_switch_rate,0.0
W055,frames_in_order,adjacent_samples,depth,fragmentation_ge2,0.0
W055,frames_in_order,adjacent_samples,depth,fragmentation_mean,1.0
W055,frames_in_order,adjacent_samples,depth,gt_tracks_matched,4.0
W055,frames_in_order,adjacent_samples,depth,id_switch_rate,0.043478260869565216
W055,frames_in_order,adjacent_samples,depth,matched_pairs,23.0
W055,frames_in_order,adjacent_samples,depth,reappear_events_judged,0.0
W055,frames_in_order,adjacent_samples,depth,reappear_same_class,
W055,frames_in_order,adjacent_samples,depth,reappear_same_gt,
W055,frames_in_order,adjacent_samples,depth,reappearance_rate,0.5
W055,frames_in_order,adjacent_samples,depth,seeded_regions,4.0
W055,frames_in_order,adjacent_samples,depth,survival_backward,0.8
W055,frames_in_order,adjacent_samples,depth,survival_forward,0.7321428571428572
W055,frames_in_order,adjacent_samples,normal,class_switch_rate,0.0
W055,frames_in_order,adjacent_samples,normal,fragmentation_ge2,0.0
W055,frames_in_order,adjacent_samples,normal,fragmentation_mean,1.0
W055,frames_in_order,adjacent_samples,normal,gt_tracks_matched,5.0
W055,frames_in_order,adjacent_samples,normal,id_switch_rate,0.02
W055,frames_in_order,adjacent_samples,normal,matched_pairs,50.0
W055,frames_in_order,adjacent_samples,normal,reappear_events_judged,0.0
W055,frames_in_order,adjacent_samples,normal,reappear_same_class,
W055,frames_in_order,adjacent_samples,normal,reappear_same_gt,
W055,frames_in_order,adjacent_samples,normal,reappearance_rate,0.2857142857142857
W055,frames_in_order,adjacent_samples,normal,seeded_regions,7.0
W055,frames_in_order,adjacent_samples,normal,survival_backward,0.7142857142857143
W055,frames_in_order,adjacent_samples,normal,survival_forward,0.7755102040816327
W055,frames_in_order,adjacent_samples,rgb,class_switch_rate,0.0
W055,frames_in_order,adjacent_samples,rgb,fragmentation_ge2,0.1875
W055,frames_in_order,adjacent_samples,rgb,fragmentation_mean,1.1875
W055,frames_in_order,adjacent_samples,rgb,gt_tracks_matched,16.0
W055,frames_in_order,adjacent_samples,rgb,id_switch_rate,0.028169014084507043
W055,frames_in_order,adjacent_samples,rgb,matched_pairs,71.0
W055,frames_in_order,adjacent_samples,rgb,reappear_events_judged,3.0
W055,frames_in_order,adjacent_samples,rgb,reappear_same_class,1.0
W055,frames_in_order,adjacent_samples,rgb,reappear_same_gt,0.3333333333333333
W055,frames_in_order,adjacent_samples,rgb,reappearance_rate,0.5333333333333333
W055,frames_in_order,adjacent_samples,rgb,seeded_regions,15.0
W055,frames_in_order,adjacent_samples,rgb,survival_backward,0.7733333333333334
W055,frames_in_order,adjacent_samples,rgb,survival_forward,0.8
W055,frames_in_order,consecutive_annotated,depth,class_switch_rate,0.0
W055,frames_in_order,consecutive_annotated,depth,fragmentation_ge2,0.0
W055,frames_in_order,consecutive_annotated,depth,fragmentation_mean,1.0
W055,frames_in_order,consecutive_annotated,depth,gt_tracks_matched,4.0
W055,frames_in_order,consecutive_annotated,depth,id_switch_rate,0.043478260869565216
W055,frames_in_order,consecutive_annotated,depth,matched_pairs,23.0
W055,frames_in_order,consecutive_annotated,depth,reappear_events_judged,0.0
W055,frames_in_order,consecutive_annotated,depth,reappear_same_class,
W055,frames_in_order,consecutive_annotated,depth,reappear_same_gt,
W055,frames_in_order,consecutive_annotated,depth,reappearance_rate,0.5
W055,frames_in_order,consecutive_annotated,depth,seeded_regions,4.0
W055,frames_in_order,consecutive_annotated,depth,survival_backward,0.8
W055,frames_in_order,consecutive_annotated,depth,survival_forward,0.7321428571428572
W055,frames_in_order,consecutive_annotated,normal,class_switch_rate,0.0
W055,frames_in_order,consecutive_annotated,normal,fragmentation_ge2,0.0
W055,frames_in_order,consecutive_annotated,normal,fragmentation_mean,1.0
W055,frames_in_order,consecutive_annotated,normal,gt_tracks_matched,5.0
W055,frames_in_order,consecutive_annotated,normal,id_switch_rate,0.02
W055,frames_in_order,consecutive_annotated,normal,matched_pairs,50.0
W055,frames_in_order,consecutive_annotated,normal,reappear_events_judged,0.0
W055,frames_in_order,consecutive_annotated,normal,reappear_same_class,
W055,frames_in_order,consecutive_annotated,normal,reappear_same_gt,
W055,frames_in_order,consecutive_annotated,normal,reappearance_rate,0.2857142857142857
W055,frames_in_order,consecutive_annotated,normal,seeded_regions,7.0
W055,frames_in_order,consecutive_annotated,normal,survival_backward,0.7142857142857143
W055,frames_in_order,consecutive_annotated,normal,survival_forward,0.7755102040816327
W055,frames_in_order,consecutive_annotated,rgb,class_switch_rate,0.0
W055,frames_in_order,consecutive_annotated,rgb,fragmentation_ge2,0.1875
W055,frames_in_order,consecutive_annotated,rgb,fragmentation_mean,1.1875
W055,frames_in_order,consecutive_annotated,rgb,gt_tracks_matched,16.0
W055,frames_in_order,consecutive_annotated,rgb,id_switch_rate,0.028169014084507043
W055,frames_in_order,consecutive_annotated,rgb,matched_pairs,71.0
W055,frames_in_order,consecutive_annotated,rgb,reappear_events_judged,3.0
W055,frames_in_order,consecutive_annotated,rgb,reappear_same_class,1.0
W055,frames_in_order,consecutive_annotated,rgb,reappear_same_gt,0.3333333333333333
W055,frames_in_order,consecutive_annotated,rgb,reappearance_rate,0.5333333333333333
W055,frames_in_order,consecutive_annotated,rgb,seeded_regions,15.0
W055,frames_in_order,consecutive_annotated,rgb,survival_backward,0.7733333333333334
W055,frames_in_order,consecutive_annotated,rgb,survival_forward,0.8
W056,all,adjacent_samples,depth,class_switch_rate,0.02040816326530612
W056,all,adjacent_samples,depth,fragmentation_ge2,0.0
W056,all,adjacent_samples,depth,fragmentation_mean,1.0
W056,all,adjacent_samples,depth,gt_tracks_matched,10.0
W056,all,adjacent_samples,depth,id_switch_rate,0.061224489795918366
W056,all,adjacent_samples,depth,matched_pairs,49.0
W056,all,adjacent_samples,depth,reappear_events_judged,0.0
W056,all,adjacent_samples,depth,reappear_same_class,
W056,all,adjacent_samples,depth,reappear_same_gt,
W056,all,adjacent_samples,depth,reappearance_rate,0.2
W056,all,adjacent_samples,depth,seeded_regions,5.0
W056,all,adjacent_samples,depth,survival_backward,0.96
W056,all,adjacent_samples,depth,survival_forward,0.9857142857142858
W056,all,adjacent_samples,normal,class_switch_rate,0.0
W056,all,adjacent_samples,normal,fragmentation_ge2,0.0
W056,all,adjacent_samples,normal,fragmentation_mean,1.0
W056,all,adjacent_samples,normal,gt_tracks_matched,11.0
W056,all,adjacent_samples,normal,id_switch_rate,0.023255813953488372
W056,all,adjacent_samples,normal,matched_pairs,43.0
W056,all,adjacent_samples,normal,reappear_events_judged,0.0
W056,all,adjacent_samples,normal,reappear_same_class,
W056,all,adjacent_samples,normal,reappear_same_gt,
W056,all,adjacent_samples,normal,reappearance_rate,0.25
W056,all,adjacent_samples,normal,seeded_regions,8.0
W056,all,adjacent_samples,normal,survival_backward,0.925
W056,all,adjacent_samples,normal,survival_forward,0.9375
W056,all,adjacent_samples,rgb,class_switch_rate,0.0
W056,all,adjacent_samples,rgb,fragmentation_ge2,0.25
W056,all,adjacent_samples,rgb,fragmentation_mean,1.3
W056,all,adjacent_samples,rgb,gt_tracks_matched,20.0
W056,all,adjacent_samples,rgb,id_switch_rate,0.09230769230769231
W056,all,adjacent_samples,rgb,matched_pairs,65.0
W056,all,adjacent_samples,rgb,reappear_events_judged,5.0
W056,all,adjacent_samples,rgb,reappear_same_class,1.0
W056,all,adjacent_samples,rgb,reappear_same_gt,0.0
W056,all,adjacent_samples,rgb,reappearance_rate,0.4444444444444444
W056,all,adjacent_samples,rgb,seeded_regions,18.0
W056,all,adjacent_samples,rgb,survival_backward,0.7999999999999999
W056,all,adjacent_samples,rgb,survival_forward,0.9523809523809523
W056,all,consecutive_annotated,depth,class_switch_rate,0.02040816326530612
W056,all,consecutive_annotated,depth,fragmentation_ge2,0.0
W056,all,consecutive_annotated,depth,fragmentation_mean,1.0
W056,all,consecutive_annotated,depth,gt_tracks_matched,10.0
W056,all,consecutive_annotated,depth,id_switch_rate,0.061224489795918366
W056,all,consecutive_annotated,depth,matched_pairs,49.0
W056,all,consecutive_annotated,depth,reappear_events_judged,0.0
W056,all,consecutive_annotated,depth,reappear_same_class,
W056,all,consecutive_annotated,depth,reappear_same_gt,
W056,all,consecutive_annotated,depth,reappearance_rate,0.2
W056,all,consecutive_annotated,depth,seeded_regions,5.0
W056,all,consecutive_annotated,depth,survival_backward,0.96
W056,all,consecutive_annotated,depth,survival_forward,0.9857142857142858
W056,all,consecutive_annotated,normal,class_switch_rate,0.0
W056,all,consecutive_annotated,normal,fragmentation_ge2,0.0
W056,all,consecutive_annotated,normal,fragmentation_mean,1.0
W056,all,consecutive_annotated,normal,gt_tracks_matched,11.0
W056,all,consecutive_annotated,normal,id_switch_rate,0.023255813953488372
W056,all,consecutive_annotated,normal,matched_pairs,43.0
W056,all,consecutive_annotated,normal,reappear_events_judged,0.0
W056,all,consecutive_annotated,normal,reappear_same_class,
W056,all,consecutive_annotated,normal,reappear_same_gt,
W056,all,consecutive_annotated,normal,reappearance_rate,0.25
W056,all,consecutive_annotated,normal,seeded_regions,8.0
W056,all,consecutive_annotated,normal,survival_backward,0.925
W056,all,consecutive_annotated,normal,survival_forward,0.9375
W056,all,consecutive_annotated,rgb,class_switch_rate,0.0
W056,all,consecutive_annotated,rgb,fragmentation_ge2,0.25
W056,all,consecutive_annotated,rgb,fragmentation_mean,1.3
W056,all,consecutive_annotated,rgb,gt_tracks_matched,20.0
W056,all,consecutive_annotated,rgb,id_switch_rate,0.09230769230769231
W056,all,consecutive_annotated,rgb,matched_pairs,65.0
W056,all,consecutive_annotated,rgb,reappear_events_judged,5.0
W056,all,consecutive_annotated,rgb,reappear_same_class,1.0
W056,all,consecutive_annotated,rgb,reappear_same_gt,0.0
W056,all,consecutive_annotated,rgb,reappearance_rate,0.4444444444444444
W056,all,consecutive_annotated,rgb,seeded_regions,18.0
W056,all,consecutive_annotated,rgb,survival_backward,0.7999999999999999
W056,all,consecutive_annotated,rgb,survival_forward,0.9523809523809523
W056,frames_in_order,adjacent_samples,depth,class_switch_rate,0.02040816326530612
W056,frames_in_order,adjacent_samples,depth,fragmentation_ge2,0.0
W056,frames_in_order,adjacent_samples,depth,fragmentation_mean,1.0
W056,frames_in_order,adjacent_samples,depth,gt_tracks_matched,10.0
W056,frames_in_order,adjacent_samples,depth,id_switch_rate,0.061224489795918366
W056,frames_in_order,adjacent_samples,depth,matched_pairs,49.0
W056,frames_in_order,adjacent_samples,depth,reappear_events_judged,0.0
W056,frames_in_order,adjacent_samples,depth,reappear_same_class,
W056,frames_in_order,adjacent_samples,depth,reappear_same_gt,
W056,frames_in_order,adjacent_samples,depth,reappearance_rate,0.2
W056,frames_in_order,adjacent_samples,depth,seeded_regions,5.0
W056,frames_in_order,adjacent_samples,depth,survival_backward,0.96
W056,frames_in_order,adjacent_samples,depth,survival_forward,0.9857142857142858
W056,frames_in_order,adjacent_samples,normal,class_switch_rate,0.0
W056,frames_in_order,adjacent_samples,normal,fragmentation_ge2,0.0
W056,frames_in_order,adjacent_samples,normal,fragmentation_mean,1.0
W056,frames_in_order,adjacent_samples,normal,gt_tracks_matched,11.0
W056,frames_in_order,adjacent_samples,normal,id_switch_rate,0.023255813953488372
W056,frames_in_order,adjacent_samples,normal,matched_pairs,43.0
W056,frames_in_order,adjacent_samples,normal,reappear_events_judged,0.0
W056,frames_in_order,adjacent_samples,normal,reappear_same_class,
W056,frames_in_order,adjacent_samples,normal,reappear_same_gt,
W056,frames_in_order,adjacent_samples,normal,reappearance_rate,0.25
W056,frames_in_order,adjacent_samples,normal,seeded_regions,8.0
W056,frames_in_order,adjacent_samples,normal,survival_backward,0.925
W056,frames_in_order,adjacent_samples,normal,survival_forward,0.9375
W056,frames_in_order,adjacent_samples,rgb,class_switch_rate,0.0
W056,frames_in_order,adjacent_samples,rgb,fragmentation_ge2,0.25
W056,frames_in_order,adjacent_samples,rgb,fragmentation_mean,1.3
W056,frames_in_order,adjacent_samples,rgb,gt_tracks_matched,20.0
W056,frames_in_order,adjacent_samples,rgb,id_switch_rate,0.09230769230769231
W056,frames_in_order,adjacent_samples,rgb,matched_pairs,65.0
W056,frames_in_order,adjacent_samples,rgb,reappear_events_judged,5.0
W056,frames_in_order,adjacent_samples,rgb,reappear_same_class,1.0
W056,frames_in_order,adjacent_samples,rgb,reappear_same_gt,0.0
W056,frames_in_order,adjacent_samples,rgb,reappearance_rate,0.4444444444444444
W056,frames_in_order,adjacent_samples,rgb,seeded_regions,18.0
W056,frames_in_order,adjacent_samples,rgb,survival_backward,0.7999999999999999
W056,frames_in_order,adjacent_samples,rgb,survival_forward,0.9523809523809523
W056,frames_in_order,consecutive_annotated,depth,class_switch_rate,0.02040816326530612
W056,frames_in_order,consecutive_annotated,depth,fragmentation_ge2,0.0
W056,frames_in_order,consecutive_annotated,depth,fragmentation_mean,1.0
W056,frames_in_order,consecutive_annotated,depth,gt_tracks_matched,10.0
W056,frames_in_order,consecutive_annotated,depth,id_switch_rate,0.061224489795918366
W056,frames_in_order,consecutive_annotated,depth,matched_pairs,49.0
W056,frames_in_order,consecutive_annotated,depth,reappear_events_judged,0.0
W056,frames_in_order,consecutive_annotated,depth,reappear_same_class,
W056,frames_in_order,consecutive_annotated,depth,reappear_same_gt,
W056,frames_in_order,consecutive_annotated,depth,reappearance_rate,0.2
W056,frames_in_order,consecutive_annotated,depth,seeded_regions,5.0
W056,frames_in_order,consecutive_annotated,depth,survival_backward,0.96
W056,frames_in_order,consecutive_annotated,depth,survival_forward,0.9857142857142858
W056,frames_in_order,consecutive_annotated,normal,class_switch_rate,0.0
W056,frames_in_order,consecutive_annotated,normal,fragmentation_ge2,0.0
W056,frames_in_order,consecutive_annotated,normal,fragmentation_mean,1.0
W056,frames_in_order,consecutive_annotated,normal,gt_tracks_matched,11.0
W056,frames_in_order,consecutive_annotated,normal,id_switch_rate,0.023255813953488372
W056,frames_in_order,consecutive_annotated,normal,matched_pairs,43.0
W056,frames_in_order,consecutive_annotated,normal,reappear_events_judged,0.0
W056,frames_in_order,consecutive_annotated,normal,reappear_same_class,
W056,frames_in_order,consecutive_annotated,normal,reappear_same_gt,
W056,frames_in_order,consecutive_annotated,normal,reappearance_rate,0.25
W056,frames_in_order,consecutive_annotated,normal,seeded_regions,8.0
W056,frames_in_order,consecutive_annotated,normal,survival_backward,0.925
W056,frames_in_order,consecutive_annotated,normal,survival_forward,0.9375
W056,frames_in_order,consecutive_annotated,rgb,class_switch_rate,0.0
W056,frames_in_order,consecutive_annotated,rgb,fragmentation_ge2,0.25
W056,frames_in_order,consecutive_annotated,rgb,fragmentation_mean,1.3
W056,frames_in_order,consecutive_annotated,rgb,gt_tracks_matched,20.0
W056,frames_in_order,consecutive_annotated,rgb,id_switch_rate,0.09230769230769231
W056,frames_in_order,consecutive_annotated,rgb,matched_pairs,65.0
W056,frames_in_order,consecutive_annotated,rgb,reappear_events_judged,5.0
W056,frames_in_order,consecutive_annotated,rgb,reappear_same_class,1.0
W056,frames_in_order,consecutive_annotated,rgb,reappear_same_gt,0.0
W056,frames_in_order,consecutive_annotated,rgb,reappearance_rate,0.4444444444444444
W056,frames_in_order,consecutive_annotated,rgb,seeded_regions,18.0
W056,frames_in_order,consecutive_annotated,rgb,survival_backward,0.7999999999999999
W056,frames_in_order,consecutive_annotated,rgb,survival_forward,0.9523809523809523
W057,all,adjacent_samples,depth,class_switch_rate,0.0
W057,all,adjacent_samples,depth,fragmentation_ge2,0.0
W057,all,adjacent_samples,depth,fragmentation_mean,1.0
W057,all,adjacent_samples,depth,gt_tracks_matched,8.0
W057,all,adjacent_samples,depth,id_switch_rate,0.1111111111111111
W057,all,adjacent_samples,depth,matched_pairs,18.0
W057,all,adjacent_samples,depth,reappear_events_judged,0.0
W057,all,adjacent_samples,depth,reappear_same_class,
W057,all,adjacent_samples,depth,reappear_same_gt,
W057,all,adjacent_samples,depth,reappearance_rate,0.14285714285714285
W057,all,adjacent_samples,depth,seeded_regions,7.0
W057,all,adjacent_samples,depth,survival_backward,0.961904761904762
W057,all,adjacent_samples,depth,survival_forward,1.0
W057,all,adjacent_samples,normal,class_switch_rate,0.0
W057,all,adjacent_samples,normal,fragmentation_ge2,0.14285714285714285
W057,all,adjacent_samples,normal,fragmentation_mean,1.1428571428571428
W057,all,adjacent_samples,normal,gt_tracks_matched,7.0
W057,all,adjacent_samples,normal,id_switch_rate,0.0
W057,all,adjacent_samples,normal,matched_pairs,23.0
W057,all,adjacent_samples,normal,reappear_events_judged,0.0
W057,all,adjacent_samples,normal,reappear_same_class,
W057,all,adjacent_samples,normal,reappear_same_gt,
W057,all,adjacent_samples,normal,reappearance_rate,0.42857142857142855
W057,all,adjacent_samples,normal,seeded_regions,7.0
W057,all,adjacent_samples,normal,survival_backward,0.9333333333333335
W057,all,adjacent_samples,normal,survival_forward,0.9387755102040816
W057,all,adjacent_samples,rgb,class_switch_rate,0.0
W057,all,adjacent_samples,rgb,fragmentation_ge2,0.07692307692307693
W057,all,adjacent_samples,rgb,fragmentation_mean,1.0769230769230769
W057,all,adjacent_samples,rgb,gt_tracks_matched,13.0
W057,all,adjacent_samples,rgb,id_switch_rate,0.05128205128205128
W057,all,adjacent_samples,rgb,matched_pairs,39.0
W057,all,adjacent_samples,rgb,reappear_events_judged,0.0
W057,all,adjacent_samples,rgb,reappear_same_class,
W057,all,adjacent_samples,rgb,reappear_same_gt,
W057,all,adjacent_samples,rgb,reappearance_rate,0.46153846153846156
W057,all,adjacent_samples,rgb,seeded_regions,13.0
W057,all,adjacent_samples,rgb,survival_backward,0.8974358974358974
W057,all,adjacent_samples,rgb,survival_forward,0.8626373626373627
W057,all,consecutive_annotated,depth,class_switch_rate,0.0
W057,all,consecutive_annotated,depth,fragmentation_ge2,0.0
W057,all,consecutive_annotated,depth,fragmentation_mean,1.0
W057,all,consecutive_annotated,depth,gt_tracks_matched,5.0
W057,all,consecutive_annotated,depth,id_switch_rate,0.1
W057,all,consecutive_annotated,depth,matched_pairs,20.0
W057,all,consecutive_annotated,depth,reappear_events_judged,0.0
W057,all,consecutive_annotated,depth,reappear_same_class,
W057,all,consecutive_annotated,depth,reappear_same_gt,
W057,all,consecutive_annotated,depth,reappearance_rate,0.14285714285714285
W057,all,consecutive_annotated,depth,seeded_regions,7.0
W057,all,consecutive_annotated,depth,survival_backward,0.961904761904762
W057,all,consecutive_annotated,depth,survival_forward,1.0
W057,all,consecutive_annotated,normal,class_switch_rate,0.0
W057,all,consecutive_annotated,normal,fragmentation_ge2,0.25
W057,all,consecutive_annotated,normal,fragmentation_mean,1.25
W057,all,consecutive_annotated,normal,gt_tracks_matched,4.0
W057,all,consecutive_annotated,normal,id_switch_rate,0.0
W057,all,consecutive_annotated,normal,matched_pairs,26.0
W057,all,consecutive_annotated,normal,reappear_events_judged,0.0
W057,all,consecutive_annotated,normal,reappear_same_class,
W057,all,consecutive_annotated,normal,reappear_same_gt,
W057,all,consecutive_annotated,normal,reappearance_rate,0.42857142857142855
W057,all,consecutive_annotated,normal,seeded_regions,7.0
W057,all,consecutive_annotated,normal,survival_backward,0.9333333333333335
W057,all,consecutive_annotated,normal,survival_forward,0.9387755102040816
W057,all,consecutive_annotated,rgb,class_switch_rate,0.0
W057,all,consecutive_annotated,rgb,fragmentation_ge2,0.125
W057,all,consecutive_annotated,rgb,fragmentation_mean,1.125
W057,all,consecutive_annotated,rgb,gt_tracks_matched,8.0
W057,all,consecutive_annotated,rgb,id_switch_rate,0.045454545454545456
W057,all,consecutive_annotated,rgb,matched_pairs,44.0
W057,all,consecutive_annotated,rgb,reappear_events_judged,0.0
W057,all,consecutive_annotated,rgb,reappear_same_class,
W057,all,consecutive_annotated,rgb,reappear_same_gt,
W057,all,consecutive_annotated,rgb,reappearance_rate,0.46153846153846156
W057,all,consecutive_annotated,rgb,seeded_regions,13.0
W057,all,consecutive_annotated,rgb,survival_backward,0.8974358974358974
W057,all,consecutive_annotated,rgb,survival_forward,0.8626373626373627
W057,frames_in_order,adjacent_samples,depth,class_switch_rate,0.0
W057,frames_in_order,adjacent_samples,depth,fragmentation_ge2,0.0
W057,frames_in_order,adjacent_samples,depth,fragmentation_mean,1.0
W057,frames_in_order,adjacent_samples,depth,gt_tracks_matched,8.0
W057,frames_in_order,adjacent_samples,depth,id_switch_rate,0.1111111111111111
W057,frames_in_order,adjacent_samples,depth,matched_pairs,18.0
W057,frames_in_order,adjacent_samples,depth,reappear_events_judged,0.0
W057,frames_in_order,adjacent_samples,depth,reappear_same_class,
W057,frames_in_order,adjacent_samples,depth,reappear_same_gt,
W057,frames_in_order,adjacent_samples,depth,reappearance_rate,0.14285714285714285
W057,frames_in_order,adjacent_samples,depth,seeded_regions,7.0
W057,frames_in_order,adjacent_samples,depth,survival_backward,0.961904761904762
W057,frames_in_order,adjacent_samples,depth,survival_forward,1.0
W057,frames_in_order,adjacent_samples,normal,class_switch_rate,0.0
W057,frames_in_order,adjacent_samples,normal,fragmentation_ge2,0.14285714285714285
W057,frames_in_order,adjacent_samples,normal,fragmentation_mean,1.1428571428571428
W057,frames_in_order,adjacent_samples,normal,gt_tracks_matched,7.0
W057,frames_in_order,adjacent_samples,normal,id_switch_rate,0.0
W057,frames_in_order,adjacent_samples,normal,matched_pairs,23.0
W057,frames_in_order,adjacent_samples,normal,reappear_events_judged,0.0
W057,frames_in_order,adjacent_samples,normal,reappear_same_class,
W057,frames_in_order,adjacent_samples,normal,reappear_same_gt,
W057,frames_in_order,adjacent_samples,normal,reappearance_rate,0.42857142857142855
W057,frames_in_order,adjacent_samples,normal,seeded_regions,7.0
W057,frames_in_order,adjacent_samples,normal,survival_backward,0.9333333333333335
W057,frames_in_order,adjacent_samples,normal,survival_forward,0.9387755102040816
W057,frames_in_order,adjacent_samples,rgb,class_switch_rate,0.0
W057,frames_in_order,adjacent_samples,rgb,fragmentation_ge2,0.07692307692307693
W057,frames_in_order,adjacent_samples,rgb,fragmentation_mean,1.0769230769230769
W057,frames_in_order,adjacent_samples,rgb,gt_tracks_matched,13.0
W057,frames_in_order,adjacent_samples,rgb,id_switch_rate,0.05128205128205128
W057,frames_in_order,adjacent_samples,rgb,matched_pairs,39.0
W057,frames_in_order,adjacent_samples,rgb,reappear_events_judged,0.0
W057,frames_in_order,adjacent_samples,rgb,reappear_same_class,
W057,frames_in_order,adjacent_samples,rgb,reappear_same_gt,
W057,frames_in_order,adjacent_samples,rgb,reappearance_rate,0.46153846153846156
W057,frames_in_order,adjacent_samples,rgb,seeded_regions,13.0
W057,frames_in_order,adjacent_samples,rgb,survival_backward,0.8974358974358974
W057,frames_in_order,adjacent_samples,rgb,survival_forward,0.8626373626373627
W057,frames_in_order,consecutive_annotated,depth,class_switch_rate,0.0
W057,frames_in_order,consecutive_annotated,depth,fragmentation_ge2,0.0
W057,frames_in_order,consecutive_annotated,depth,fragmentation_mean,1.0
W057,frames_in_order,consecutive_annotated,depth,gt_tracks_matched,5.0
W057,frames_in_order,consecutive_annotated,depth,id_switch_rate,0.1
W057,frames_in_order,consecutive_annotated,depth,matched_pairs,20.0
W057,frames_in_order,consecutive_annotated,depth,reappear_events_judged,0.0
W057,frames_in_order,consecutive_annotated,depth,reappear_same_class,
W057,frames_in_order,consecutive_annotated,depth,reappear_same_gt,
W057,frames_in_order,consecutive_annotated,depth,reappearance_rate,0.14285714285714285
W057,frames_in_order,consecutive_annotated,depth,seeded_regions,7.0
W057,frames_in_order,consecutive_annotated,depth,survival_backward,0.961904761904762
W057,frames_in_order,consecutive_annotated,depth,survival_forward,1.0
W057,frames_in_order,consecutive_annotated,normal,class_switch_rate,0.0
W057,frames_in_order,consecutive_annotated,normal,fragmentation_ge2,0.25
W057,frames_in_order,consecutive_annotated,normal,fragmentation_mean,1.25
W057,frames_in_order,consecutive_annotated,normal,gt_tracks_matched,4.0
W057,frames_in_order,consecutive_annotated,normal,id_switch_rate,0.0
W057,frames_in_order,consecutive_annotated,normal,matched_pairs,26.0
W057,frames_in_order,consecutive_annotated,normal,reappear_events_judged,0.0
W057,frames_in_order,consecutive_annotated,normal,reappear_same_class,
W057,frames_in_order,consecutive_annotated,normal,reappear_same_gt,
W057,frames_in_order,consecutive_annotated,normal,reappearance_rate,0.42857142857142855
W057,frames_in_order,consecutive_annotated,normal,seeded_regions,7.0
W057,frames_in_order,consecutive_annotated,normal,survival_backward,0.9333333333333335
W057,frames_in_order,consecutive_annotated,normal,survival_forward,0.9387755102040816
W057,frames_in_order,consecutive_annotated,rgb,class_switch_rate,0.0
W057,frames_in_order,consecutive_annotated,rgb,fragmentation_ge2,0.125
W057,frames_in_order,consecutive_annotated,rgb,fragmentation_mean,1.125
W057,frames_in_order,consecutive_annotated,rgb,gt_tracks_matched,8.0
W057,frames_in_order,consecutive_annotated,rgb,id_switch_rate,0.045454545454545456
W057,frames_in_order,consecutive_annotated,rgb,matched_pairs,44.0
W057,frames_in_order,consecutive_annotated,rgb,reappear_events_judged,0.0
W057,frames_in_order,consecutive_annotated,rgb,reappear_same_class,
W057,frames_in_order,consecutive_annotated,rgb,reappear_same_gt,
W057,frames_in_order,consecutive_annotated,rgb,reappearance_rate,0.46153846153846156
W057,frames_in_order,consecutive_annotated,rgb,seeded_regions,13.0
W057,frames_in_order,consecutive_annotated,rgb,survival_backward,0.8974358974358974
W057,frames_in_order,consecutive_annotated,rgb,survival_forward,0.8626373626373627
W058,all,adjacent_samples,depth,class_switch_rate,0.0
W058,all,adjacent_samples,depth,fragmentation_ge2,0.09523809523809523
W058,all,adjacent_samples,depth,fragmentation_mean,1.0952380952380953
W058,all,adjacent_samples,depth,gt_tracks_matched,21.0
W058,all,adjacent_samples,depth,id_switch_rate,0.05454545454545454
W058,all,adjacent_samples,depth,matched_pairs,55.0
W058,all,adjacent_samples,depth,reappear_events_judged,0.0
W058,all,adjacent_samples,depth,reappear_same_class,
W058,all,adjacent_samples,depth,reappear_same_gt,
W058,all,adjacent_samples,depth,reappearance_rate,0.23076923076923078
W058,all,adjacent_samples,depth,seeded_regions,13.0
W058,all,adjacent_samples,depth,survival_backward,0.9794871794871796
W058,all,adjacent_samples,depth,survival_forward,0.868131868131868
W058,all,adjacent_samples,normal,class_switch_rate,0.0
W058,all,adjacent_samples,normal,fragmentation_ge2,0.06666666666666667
W058,all,adjacent_samples,normal,fragmentation_mean,1.0666666666666667
W058,all,adjacent_samples,normal,gt_tracks_matched,15.0
W058,all,adjacent_samples,normal,id_switch_rate,0.07692307692307693
W058,all,adjacent_samples,normal,matched_pairs,39.0
W058,all,adjacent_samples,normal,reappear_events_judged,1.0
W058,all,adjacent_samples,normal,reappear_same_class,1.0
W058,all,adjacent_samples,normal,reappear_same_gt,0.0
W058,all,adjacent_samples,normal,reappearance_rate,0.375
W058,all,adjacent_samples,normal,seeded_regions,8.0
W058,all,adjacent_samples,normal,survival_backward,0.975
W058,all,adjacent_samples,normal,survival_forward,0.8125
W058,all,adjacent_samples,rgb,class_switch_rate,0.0
W058,all,adjacent_samples,rgb,fragmentation_ge2,0.15
W058,all,adjacent_samples,rgb,fragmentation_mean,1.15
W058,all,adjacent_samples,rgb,gt_tracks_matched,20.0
W058,all,adjacent_samples,rgb,id_switch_rate,0.07017543859649122
W058,all,adjacent_samples,rgb,matched_pairs,57.0
W058,all,adjacent_samples,rgb,reappear_events_judged,0.0
W058,all,adjacent_samples,rgb,reappear_same_class,
W058,all,adjacent_samples,rgb,reappear_same_gt,
W058,all,adjacent_samples,rgb,reappearance_rate,0.42857142857142855
W058,all,adjacent_samples,rgb,seeded_regions,14.0
W058,all,adjacent_samples,rgb,survival_backward,0.9285714285714286
W058,all,adjacent_samples,rgb,survival_forward,0.7755102040816327
W058,all,consecutive_annotated,depth,class_switch_rate,0.0
W058,all,consecutive_annotated,depth,fragmentation_ge2,0.16666666666666666
W058,all,consecutive_annotated,depth,fragmentation_mean,1.1666666666666667
W058,all,consecutive_annotated,depth,gt_tracks_matched,12.0
W058,all,consecutive_annotated,depth,id_switch_rate,0.06451612903225806
W058,all,consecutive_annotated,depth,matched_pairs,62.0
W058,all,consecutive_annotated,depth,reappear_events_judged,0.0
W058,all,consecutive_annotated,depth,reappear_same_class,
W058,all,consecutive_annotated,depth,reappear_same_gt,
W058,all,consecutive_annotated,depth,reappearance_rate,0.23076923076923078
W058,all,consecutive_annotated,depth,seeded_regions,13.0
W058,all,consecutive_annotated,depth,survival_backward,0.9794871794871796
W058,all,consecutive_annotated,depth,survival_forward,0.868131868131868
W058,all,consecutive_annotated,normal,class_switch_rate,0.0
W058,all,consecutive_annotated,normal,fragmentation_ge2,0.1111111111111111
W058,all,consecutive_annotated,normal,fragmentation_mean,1.1111111111111112
W058,all,consecutive_annotated,normal,gt_tracks_matched,9.0
W058,all,consecutive_annotated,normal,id_switch_rate,0.08888888888888889
W058,all,consecutive_annotated,normal,matched_pairs,45.0
W058,all,consecutive_annotated,normal,reappear_events_judged,1.0
W058,all,consecutive_annotated,normal,reappear_same_class,1.0
W058,all,consecutive_annotated,normal,reappear_same_gt,1.0
W058,all,consecutive_annotated,normal,reappearance_rate,0.375
W058,all,consecutive_annotated,normal,seeded_regions,8.0
W058,all,consecutive_annotated,normal,survival_backward,0.975
W058,all,consecutive_annotated,normal,survival_forward,0.8125
W058,all,consecutive_annotated,rgb,class_switch_rate,0.0
W058,all,consecutive_annotated,rgb,fragmentation_ge2,0.18181818181818182
W058,all,consecutive_annotated,rgb,fragmentation_mean,1.1818181818181819
W058,all,consecutive_annotated,rgb,gt_tracks_matched,11.0
W058,all,consecutive_annotated,rgb,id_switch_rate,0.078125
W058,all,consecutive_annotated,rgb,matched_pairs,64.0
W058,all,consecutive_annotated,rgb,reappear_events_judged,0.0
W058,all,consecutive_annotated,rgb,reappear_same_class,
W058,all,consecutive_annotated,rgb,reappear_same_gt,
W058,all,consecutive_annotated,rgb,reappearance_rate,0.42857142857142855
W058,all,consecutive_annotated,rgb,seeded_regions,14.0
W058,all,consecutive_annotated,rgb,survival_backward,0.9285714285714286
W058,all,consecutive_annotated,rgb,survival_forward,0.7755102040816327
W058,frames_in_order,adjacent_samples,depth,class_switch_rate,0.0
W058,frames_in_order,adjacent_samples,depth,fragmentation_ge2,0.09523809523809523
W058,frames_in_order,adjacent_samples,depth,fragmentation_mean,1.0952380952380953
W058,frames_in_order,adjacent_samples,depth,gt_tracks_matched,21.0
W058,frames_in_order,adjacent_samples,depth,id_switch_rate,0.05454545454545454
W058,frames_in_order,adjacent_samples,depth,matched_pairs,55.0
W058,frames_in_order,adjacent_samples,depth,reappear_events_judged,0.0
W058,frames_in_order,adjacent_samples,depth,reappear_same_class,
W058,frames_in_order,adjacent_samples,depth,reappear_same_gt,
W058,frames_in_order,adjacent_samples,depth,reappearance_rate,0.23076923076923078
W058,frames_in_order,adjacent_samples,depth,seeded_regions,13.0
W058,frames_in_order,adjacent_samples,depth,survival_backward,0.9794871794871796
W058,frames_in_order,adjacent_samples,depth,survival_forward,0.868131868131868
W058,frames_in_order,adjacent_samples,normal,class_switch_rate,0.0
W058,frames_in_order,adjacent_samples,normal,fragmentation_ge2,0.06666666666666667
W058,frames_in_order,adjacent_samples,normal,fragmentation_mean,1.0666666666666667
W058,frames_in_order,adjacent_samples,normal,gt_tracks_matched,15.0
W058,frames_in_order,adjacent_samples,normal,id_switch_rate,0.07692307692307693
W058,frames_in_order,adjacent_samples,normal,matched_pairs,39.0
W058,frames_in_order,adjacent_samples,normal,reappear_events_judged,1.0
W058,frames_in_order,adjacent_samples,normal,reappear_same_class,1.0
W058,frames_in_order,adjacent_samples,normal,reappear_same_gt,0.0
W058,frames_in_order,adjacent_samples,normal,reappearance_rate,0.375
W058,frames_in_order,adjacent_samples,normal,seeded_regions,8.0
W058,frames_in_order,adjacent_samples,normal,survival_backward,0.975
W058,frames_in_order,adjacent_samples,normal,survival_forward,0.8125
W058,frames_in_order,adjacent_samples,rgb,class_switch_rate,0.0
W058,frames_in_order,adjacent_samples,rgb,fragmentation_ge2,0.15
W058,frames_in_order,adjacent_samples,rgb,fragmentation_mean,1.15
W058,frames_in_order,adjacent_samples,rgb,gt_tracks_matched,20.0
W058,frames_in_order,adjacent_samples,rgb,id_switch_rate,0.07017543859649122
W058,frames_in_order,adjacent_samples,rgb,matched_pairs,57.0
W058,frames_in_order,adjacent_samples,rgb,reappear_events_judged,0.0
W058,frames_in_order,adjacent_samples,rgb,reappear_same_class,
W058,frames_in_order,adjacent_samples,rgb,reappear_same_gt,
W058,frames_in_order,adjacent_samples,rgb,reappearance_rate,0.42857142857142855
W058,frames_in_order,adjacent_samples,rgb,seeded_regions,14.0
W058,frames_in_order,adjacent_samples,rgb,survival_backward,0.9285714285714286
W058,frames_in_order,adjacent_samples,rgb,survival_forward,0.7755102040816327
W058,frames_in_order,consecutive_annotated,depth,class_switch_rate,0.0
W058,frames_in_order,consecutive_annotated,depth,fragmentation_ge2,0.16666666666666666
W058,frames_in_order,consecutive_annotated,depth,fragmentation_mean,1.1666666666666667
W058,frames_in_order,consecutive_annotated,depth,gt_tracks_matched,12.0
W058,frames_in_order,consecutive_annotated,depth,id_switch_rate,0.06451612903225806
W058,frames_in_order,consecutive_annotated,depth,matched_pairs,62.0
W058,frames_in_order,consecutive_annotated,depth,reappear_events_judged,0.0
W058,frames_in_order,consecutive_annotated,depth,reappear_same_class,
W058,frames_in_order,consecutive_annotated,depth,reappear_same_gt,
W058,frames_in_order,consecutive_annotated,depth,reappearance_rate,0.23076923076923078
W058,frames_in_order,consecutive_annotated,depth,seeded_regions,13.0
W058,frames_in_order,consecutive_annotated,depth,survival_backward,0.9794871794871796
W058,frames_in_order,consecutive_annotated,depth,survival_forward,0.868131868131868
W058,frames_in_order,consecutive_annotated,normal,class_switch_rate,0.0
W058,frames_in_order,consecutive_annotated,normal,fragmentation_ge2,0.1111111111111111
W058,frames_in_order,consecutive_annotated,normal,fragmentation_mean,1.1111111111111112
W058,frames_in_order,consecutive_annotated,normal,gt_tracks_matched,9.0
W058,frames_in_order,consecutive_annotated,normal,id_switch_rate,0.08888888888888889
W058,frames_in_order,consecutive_annotated,normal,matched_pairs,45.0
W058,frames_in_order,consecutive_annotated,normal,reappear_events_judged,1.0
W058,frames_in_order,consecutive_annotated,normal,reappear_same_class,1.0
W058,frames_in_order,consecutive_annotated,normal,reappear_same_gt,1.0
W058,frames_in_order,consecutive_annotated,normal,reappearance_rate,0.375
W058,frames_in_order,consecutive_annotated,normal,seeded_regions,8.0
W058,frames_in_order,consecutive_annotated,normal,survival_backward,0.975
W058,frames_in_order,consecutive_annotated,normal,survival_forward,0.8125
W058,frames_in_order,consecutive_annotated,rgb,class_switch_rate,0.0
W058,frames_in_order,consecutive_annotated,rgb,fragmentation_ge2,0.18181818181818182
W058,frames_in_order,consecutive_annotated,rgb,fragmentation_mean,1.1818181818181819
W058,frames_in_order,consecutive_annotated,rgb,gt_tracks_matched,11.0
W058,frames_in_order,consecutive_annotated,rgb,id_switch_rate,0.078125
W058,frames_in_order,consecutive_annotated,rgb,matched_pairs,64.0
W058,frames_in_order,consecutive_annotated,rgb,reappear_events_judged,0.0
W058,frames_in_order,consecutive_annotated,rgb,reappear_same_class,
W058,frames_in_order,consecutive_annotated,rgb,reappear_same_gt,
W058,frames_in_order,consecutive_annotated,rgb,reappearance_rate,0.42857142857142855
W058,frames_in_order,consecutive_annotated,rgb,seeded_regions,14.0
W058,frames_in_order,consecutive_annotated,rgb,survival_backward,0.9285714285714286
W058,frames_in_order,consecutive_annotated,rgb,survival_forward,0.7755102040816327
W059,all,adjacent_samples,depth,class_switch_rate,0.0
W059,all,adjacent_samples,depth,fragmentation_ge2,0.0
W059,all,adjacent_samples,depth,fragmentation_mean,1.0
W059,all,adjacent_samples,depth,gt_tracks_matched,8.0
W059,all,adjacent_samples,depth,id_switch_rate,0.07142857142857142
W059,all,adjacent_samples,depth,matched_pairs,14.0
W059,all,adjacent_samples,depth,reappear_events_judged,0.0
W059,all,adjacent_samples,depth,reappear_same_class,
W059,all,adjacent_samples,depth,reappear_same_gt,
W059,all,adjacent_samples,depth,reappearance_rate,0.375
W059,all,adjacent_samples,depth,seeded_regions,8.0
W059,all,adjacent_samples,depth,survival_backward,0.9916666666666667
W059,all,adjacent_samples,depth,survival_forward,0.9732142857142857
W059,all,adjacent_samples,normal,class_switch_rate,0.0
W059,all,adjacent_samples,normal,fragmentation_ge2,0.0
W059,all,adjacent_samples,normal,fragmentation_mean,1.0
W059,all,adjacent_samples,normal,gt_tracks_matched,6.0
W059,all,adjacent_samples,normal,id_switch_rate,0.0
W059,all,adjacent_samples,normal,matched_pairs,17.0
W059,all,adjacent_samples,normal,reappear_events_judged,0.0
W059,all,adjacent_samples,normal,reappear_same_class,
W059,all,adjacent_samples,normal,reappear_same_gt,
W059,all,adjacent_samples,normal,reappearance_rate,0.16666666666666666
W059,all,adjacent_samples,normal,seeded_regions,6.0
W059,all,adjacent_samples,normal,survival_backward,0.9666666666666667
W059,all,adjacent_samples,normal,survival_forward,1.0
W059,all,adjacent_samples,rgb,class_switch_rate,0.0
W059,all,adjacent_samples,rgb,fragmentation_ge2,0.0
W059,all,adjacent_samples,rgb,fragmentation_mean,1.0
W059,all,adjacent_samples,rgb,gt_tracks_matched,13.0
W059,all,adjacent_samples,rgb,id_switch_rate,0.05128205128205128
W059,all,adjacent_samples,rgb,matched_pairs,39.0
W059,all,adjacent_samples,rgb,reappear_events_judged,0.0
W059,all,adjacent_samples,rgb,reappear_same_class,
W059,all,adjacent_samples,rgb,reappear_same_gt,
W059,all,adjacent_samples,rgb,reappearance_rate,0.46153846153846156
W059,all,adjacent_samples,rgb,seeded_regions,13.0
W059,all,adjacent_samples,rgb,survival_backward,0.9282051282051282
W059,all,adjacent_samples,rgb,survival_forward,0.9615384615384616
W059,all,consecutive_annotated,depth,class_switch_rate,0.0
W059,all,consecutive_annotated,depth,fragmentation_ge2,0.0
W059,all,consecutive_annotated,depth,fragmentation_mean,1.0
W059,all,consecutive_annotated,depth,gt_tracks_matched,6.0
W059,all,consecutive_annotated,depth,id_switch_rate,0.0625
W059,all,consecutive_annotated,depth,matched_pairs,16.0
W059,all,consecutive_annotated,depth,reappear_events_judged,0.0
W059,all,consecutive_annotated,depth,reappear_same_class,
W059,all,consecutive_annotated,depth,reappear_same_gt,
W059,all,consecutive_annotated,depth,reappearance_rate,0.375
W059,all,consecutive_annotated,depth,seeded_regions,8.0
W059,all,consecutive_annotated,depth,survival_backward,0.9916666666666667
W059,all,consecutive_annotated,depth,survival_forward,0.9732142857142857
W059,all,consecutive_annotated,normal,class_switch_rate,0.0
W059,all,consecutive_annotated,normal,fragmentation_ge2,0.0
W059,all,consecutive_annotated,normal,fragmentation_mean,1.0
W059,all,consecutive_annotated,normal,gt_tracks_matched,4.0
W059,all,consecutive_annotated,normal,id_switch_rate,0.0
W059,all,consecutive_annotated,normal,matched_pairs,19.0
W059,all,consecutive_annotated,normal,reappear_events_judged,0.0
W059,all,consecutive_annotated,normal,reappear_same_class,
W059,all,consecutive_annotated,normal,reappear_same_gt,
W059,all,consecutive_annotated,normal,reappearance_rate,0.16666666666666666
W059,all,consecutive_annotated,normal,seeded_regions,6.0
W059,all,consecutive_annotated,normal,survival_backward,0.9666666666666667
W059,all,consecutive_annotated,normal,survival_forward,1.0
W059,all,consecutive_annotated,rgb,class_switch_rate,0.0
W059,all,consecutive_annotated,rgb,fragmentation_ge2,0.0
W059,all,consecutive_annotated,rgb,fragmentation_mean,1.0
W059,all,consecutive_annotated,rgb,gt_tracks_matched,9.0
W059,all,consecutive_annotated,rgb,id_switch_rate,0.06818181818181818
W059,all,consecutive_annotated,rgb,matched_pairs,44.0
W059,all,consecutive_annotated,rgb,reappear_events_judged,0.0
W059,all,consecutive_annotated,rgb,reappear_same_class,
W059,all,consecutive_annotated,rgb,reappear_same_gt,
W059,all,consecutive_annotated,rgb,reappearance_rate,0.46153846153846156
W059,all,consecutive_annotated,rgb,seeded_regions,13.0
W059,all,consecutive_annotated,rgb,survival_backward,0.9282051282051282
W059,all,consecutive_annotated,rgb,survival_forward,0.9615384615384616
W059,frames_in_order,adjacent_samples,depth,class_switch_rate,0.0
W059,frames_in_order,adjacent_samples,depth,fragmentation_ge2,0.0
W059,frames_in_order,adjacent_samples,depth,fragmentation_mean,1.0
W059,frames_in_order,adjacent_samples,depth,gt_tracks_matched,8.0
W059,frames_in_order,adjacent_samples,depth,id_switch_rate,0.07142857142857142
W059,frames_in_order,adjacent_samples,depth,matched_pairs,14.0
W059,frames_in_order,adjacent_samples,depth,reappear_events_judged,0.0
W059,frames_in_order,adjacent_samples,depth,reappear_same_class,
W059,frames_in_order,adjacent_samples,depth,reappear_same_gt,
W059,frames_in_order,adjacent_samples,depth,reappearance_rate,0.375
W059,frames_in_order,adjacent_samples,depth,seeded_regions,8.0
W059,frames_in_order,adjacent_samples,depth,survival_backward,0.9916666666666667
W059,frames_in_order,adjacent_samples,depth,survival_forward,0.9732142857142857
W059,frames_in_order,adjacent_samples,normal,class_switch_rate,0.0
W059,frames_in_order,adjacent_samples,normal,fragmentation_ge2,0.0
W059,frames_in_order,adjacent_samples,normal,fragmentation_mean,1.0
W059,frames_in_order,adjacent_samples,normal,gt_tracks_matched,6.0
W059,frames_in_order,adjacent_samples,normal,id_switch_rate,0.0
W059,frames_in_order,adjacent_samples,normal,matched_pairs,17.0
W059,frames_in_order,adjacent_samples,normal,reappear_events_judged,0.0
W059,frames_in_order,adjacent_samples,normal,reappear_same_class,
W059,frames_in_order,adjacent_samples,normal,reappear_same_gt,
W059,frames_in_order,adjacent_samples,normal,reappearance_rate,0.16666666666666666
W059,frames_in_order,adjacent_samples,normal,seeded_regions,6.0
W059,frames_in_order,adjacent_samples,normal,survival_backward,0.9666666666666667
W059,frames_in_order,adjacent_samples,normal,survival_forward,1.0
W059,frames_in_order,adjacent_samples,rgb,class_switch_rate,0.0
W059,frames_in_order,adjacent_samples,rgb,fragmentation_ge2,0.0
W059,frames_in_order,adjacent_samples,rgb,fragmentation_mean,1.0
W059,frames_in_order,adjacent_samples,rgb,gt_tracks_matched,13.0
W059,frames_in_order,adjacent_samples,rgb,id_switch_rate,0.05128205128205128
W059,frames_in_order,adjacent_samples,rgb,matched_pairs,39.0
W059,frames_in_order,adjacent_samples,rgb,reappear_events_judged,0.0
W059,frames_in_order,adjacent_samples,rgb,reappear_same_class,
W059,frames_in_order,adjacent_samples,rgb,reappear_same_gt,
W059,frames_in_order,adjacent_samples,rgb,reappearance_rate,0.46153846153846156
W059,frames_in_order,adjacent_samples,rgb,seeded_regions,13.0
W059,frames_in_order,adjacent_samples,rgb,survival_backward,0.9282051282051282
W059,frames_in_order,adjacent_samples,rgb,survival_forward,0.9615384615384616
W059,frames_in_order,consecutive_annotated,depth,class_switch_rate,0.0
W059,frames_in_order,consecutive_annotated,depth,fragmentation_ge2,0.0
W059,frames_in_order,consecutive_annotated,depth,fragmentation_mean,1.0
W059,frames_in_order,consecutive_annotated,depth,gt_tracks_matched,6.0
W059,frames_in_order,consecutive_annotated,depth,id_switch_rate,0.0625
W059,frames_in_order,consecutive_annotated,depth,matched_pairs,16.0
W059,frames_in_order,consecutive_annotated,depth,reappear_events_judged,0.0
W059,frames_in_order,consecutive_annotated,depth,reappear_same_class,
W059,frames_in_order,consecutive_annotated,depth,reappear_same_gt,
W059,frames_in_order,consecutive_annotated,depth,reappearance_rate,0.375
W059,frames_in_order,consecutive_annotated,depth,seeded_regions,8.0
W059,frames_in_order,consecutive_annotated,depth,survival_backward,0.9916666666666667
W059,frames_in_order,consecutive_annotated,depth,survival_forward,0.9732142857142857
W059,frames_in_order,consecutive_annotated,normal,class_switch_rate,0.0
W059,frames_in_order,consecutive_annotated,normal,fragmentation_ge2,0.0
W059,frames_in_order,consecutive_annotated,normal,fragmentation_mean,1.0
W059,frames_in_order,consecutive_annotated,normal,gt_tracks_matched,4.0
W059,frames_in_order,consecutive_annotated,normal,id_switch_rate,0.0
W059,frames_in_order,consecutive_annotated,normal,matched_pairs,19.0
W059,frames_in_order,consecutive_annotated,normal,reappear_events_judged,0.0
W059,frames_in_order,consecutive_annotated,normal,reappear_same_class,
W059,frames_in_order,consecutive_annotated,normal,reappear_same_gt,
W059,frames_in_order,consecutive_annotated,normal,reappearance_rate,0.16666666666666666
W059,frames_in_order,consecutive_annotated,normal,seeded_regions,6.0
W059,frames_in_order,consecutive_annotated,normal,survival_backward,0.9666666666666667
W059,frames_in_order,consecutive_annotated,normal,survival_forward,1.0
W059,frames_in_order,consecutive_annotated,rgb,class_switch_rate,0.0
W059,frames_in_order,consecutive_annotated,rgb,fragmentation_ge2,0.0
W059,frames_in_order,consecutive_annotated,rgb,fragmentation_mean,1.0
W059,frames_in_order,consecutive_annotated,rgb,gt_tracks_matched,9.0
W059,frames_in_order,consecutive_annotated,rgb,id_switch_rate,0.06818181818181818
W059,frames_in_order,consecutive_annotated,rgb,matched_pairs,44.0
W059,frames_in_order,consecutive_annotated,rgb,reappear_events_judged,0.0
W059,frames_in_order,consecutive_annotated,rgb,reappear_same_class,
W059,frames_in_order,consecutive_annotated,rgb,reappear_same_gt,
W059,frames_in_order,consecutive_annotated,rgb,reappearance_rate,0.46153846153846156
W059,frames_in_order,consecutive_annotated,rgb,seeded_regions,13.0
W059,frames_in_order,consecutive_annotated,rgb,survival_backward,0.9282051282051282
W059,frames_in_order,consecutive_annotated,rgb,survival_forward,0.9615384615384616
W060,all,adjacent_samples,depth,class_switch_rate,0.05263157894736842
W060,all,adjacent_samples,depth,fragmentation_ge2,0.25
W060,all,adjacent_samples,depth,fragmentation_mean,1.25
W060,all,adjacent_samples,depth,gt_tracks_matched,8.0
W060,all,adjacent_samples,depth,id_switch_rate,0.05263157894736842
W060,all,adjacent_samples,depth,matched_pairs,19.0
W060,all,adjacent_samples,depth,reappear_events_judged,0.0
W060,all,adjacent_samples,depth,reappear_same_class,
W060,all,adjacent_samples,depth,reappear_same_gt,
W060,all,adjacent_samples,depth,reappearance_rate,0.5
W060,all,adjacent_samples,depth,seeded_regions,8.0
W060,all,adjacent_samples,depth,survival_backward,0.8166666666666667
W060,all,adjacent_samples,depth,survival_forward,0.7946428571428571
W060,all,adjacent_samples,normal,class_switch_rate,0.05263157894736842
W060,all,adjacent_samples,normal,fragmentation_ge2,0.14285714285714285
W060,all,adjacent_samples,normal,fragmentation_mean,1.1428571428571428
W060,all,adjacent_samples,normal,gt_tracks_matched,7.0
W060,all,adjacent_samples,normal,id_switch_rate,0.05263157894736842
W060,all,adjacent_samples,normal,matched_pairs,19.0
W060,all,adjacent_samples,normal,reappear_events_judged,0.0
W060,all,adjacent_samples,normal,reappear_same_class,
W060,all,adjacent_samples,normal,reappear_same_gt,
W060,all,adjacent_samples,normal,reappearance_rate,0.16666666666666666
W060,all,adjacent_samples,normal,seeded_regions,6.0
W060,all,adjacent_samples,normal,survival_backward,0.9
W060,all,adjacent_samples,normal,survival_forward,1.0
W060,all,adjacent_samples,rgb,class_switch_rate,0.05263157894736842
W060,all,adjacent_samples,rgb,fragmentation_ge2,0.0
W060,all,adjacent_samples,rgb,fragmentation_mean,1.0
W060,all,adjacent_samples,rgb,gt_tracks_matched,14.0
W060,all,adjacent_samples,rgb,id_switch_rate,0.13157894736842105
W060,all,adjacent_samples,rgb,matched_pairs,38.0
W060,all,adjacent_samples,rgb,reappear_events_judged,1.0
W060,all,adjacent_samples,rgb,reappear_same_class,1.0
W060,all,adjacent_samples,rgb,reappear_same_gt,0.0
W060,all,adjacent_samples,rgb,reappearance_rate,0.45454545454545453
W060,all,adjacent_samples,rgb,seeded_regions,11.0
W060,all,adjacent_samples,rgb,survival_backward,0.8
W060,all,adjacent_samples,rgb,survival_forward,0.7532467532467533
W060,all,consecutive_annotated,depth,class_switch_rate,0.047619047619047616
W060,all,consecutive_annotated,depth,fragmentation_ge2,0.2
W060,all,consecutive_annotated,depth,fragmentation_mean,1.2
W060,all,consecutive_annotated,depth,gt_tracks_matched,5.0
W060,all,consecutive_annotated,depth,id_switch_rate,0.047619047619047616
W060,all,consecutive_annotated,depth,matched_pairs,21.0
W060,all,consecutive_annotated,depth,reappear_events_judged,0.0
W060,all,consecutive_annotated,depth,reappear_same_class,
W060,all,consecutive_annotated,depth,reappear_same_gt,
W060,all,consecutive_annotated,depth,reappearance_rate,0.5
W060,all,consecutive_annotated,depth,seeded_regions,8.0
W060,all,consecutive_annotated,depth,survival_backward,0.8166666666666667
W060,all,consecutive_annotated,depth,survival_forward,0.7946428571428571
W060,all,consecutive_annotated,normal,class_switch_rate,0.045454545454545456
W060,all,consecutive_annotated,normal,fragmentation_ge2,0.25
W060,all,consecutive_annotated,normal,fragmentation_mean,1.25
W060,all,consecutive_annotated,normal,gt_tracks_matched,4.0
W060,all,consecutive_annotated,normal,id_switch_rate,0.045454545454545456
W060,all,consecutive_annotated,normal,matched_pairs,22.0
W060,all,consecutive_annotated,normal,reappear_events_judged,0.0
W060,all,consecutive_annotated,normal,reappear_same_class,
W060,all,consecutive_annotated,normal,reappear_same_gt,
W060,all,consecutive_annotated,normal,reappearance_rate,0.16666666666666666
W060,all,consecutive_annotated,normal,seeded_regions,6.0
W060,all,consecutive_annotated,normal,survival_backward,0.9
W060,all,consecutive_annotated,normal,survival_forward,1.0
W060,all,consecutive_annotated,rgb,class_switch_rate,0.046511627906976744
W060,all,consecutive_annotated,rgb,fragmentation_ge2,0.0
W060,all,consecutive_annotated,rgb,fragmentation_mean,1.0
W060,all,consecutive_annotated,rgb,gt_tracks_matched,9.0
W060,all,consecutive_annotated,rgb,id_switch_rate,0.11627906976744186
W060,all,consecutive_annotated,rgb,matched_pairs,43.0
W060,all,consecutive_annotated,rgb,reappear_events_judged,1.0
W060,all,consecutive_annotated,rgb,reappear_same_class,1.0
W060,all,consecutive_annotated,rgb,reappear_same_gt,1.0
W060,all,consecutive_annotated,rgb,reappearance_rate,0.45454545454545453
W060,all,consecutive_annotated,rgb,seeded_regions,11.0
W060,all,consecutive_annotated,rgb,survival_backward,0.8
W060,all,consecutive_annotated,rgb,survival_forward,0.7532467532467533
W060,frames_in_order,adjacent_samples,depth,class_switch_rate,0.05263157894736842
W060,frames_in_order,adjacent_samples,depth,fragmentation_ge2,0.25
W060,frames_in_order,adjacent_samples,depth,fragmentation_mean,1.25
W060,frames_in_order,adjacent_samples,depth,gt_tracks_matched,8.0
W060,frames_in_order,adjacent_samples,depth,id_switch_rate,0.05263157894736842
W060,frames_in_order,adjacent_samples,depth,matched_pairs,19.0
W060,frames_in_order,adjacent_samples,depth,reappear_events_judged,0.0
W060,frames_in_order,adjacent_samples,depth,reappear_same_class,
W060,frames_in_order,adjacent_samples,depth,reappear_same_gt,
W060,frames_in_order,adjacent_samples,depth,reappearance_rate,0.5
W060,frames_in_order,adjacent_samples,depth,seeded_regions,8.0
W060,frames_in_order,adjacent_samples,depth,survival_backward,0.8166666666666667
W060,frames_in_order,adjacent_samples,depth,survival_forward,0.7946428571428571
W060,frames_in_order,adjacent_samples,normal,class_switch_rate,0.05263157894736842
W060,frames_in_order,adjacent_samples,normal,fragmentation_ge2,0.14285714285714285
W060,frames_in_order,adjacent_samples,normal,fragmentation_mean,1.1428571428571428
W060,frames_in_order,adjacent_samples,normal,gt_tracks_matched,7.0
W060,frames_in_order,adjacent_samples,normal,id_switch_rate,0.05263157894736842
W060,frames_in_order,adjacent_samples,normal,matched_pairs,19.0
W060,frames_in_order,adjacent_samples,normal,reappear_events_judged,0.0
W060,frames_in_order,adjacent_samples,normal,reappear_same_class,
W060,frames_in_order,adjacent_samples,normal,reappear_same_gt,
W060,frames_in_order,adjacent_samples,normal,reappearance_rate,0.16666666666666666
W060,frames_in_order,adjacent_samples,normal,seeded_regions,6.0
W060,frames_in_order,adjacent_samples,normal,survival_backward,0.9
W060,frames_in_order,adjacent_samples,normal,survival_forward,1.0
W060,frames_in_order,adjacent_samples,rgb,class_switch_rate,0.05263157894736842
W060,frames_in_order,adjacent_samples,rgb,fragmentation_ge2,0.0
W060,frames_in_order,adjacent_samples,rgb,fragmentation_mean,1.0
W060,frames_in_order,adjacent_samples,rgb,gt_tracks_matched,14.0
W060,frames_in_order,adjacent_samples,rgb,id_switch_rate,0.13157894736842105
W060,frames_in_order,adjacent_samples,rgb,matched_pairs,38.0
W060,frames_in_order,adjacent_samples,rgb,reappear_events_judged,1.0
W060,frames_in_order,adjacent_samples,rgb,reappear_same_class,1.0
W060,frames_in_order,adjacent_samples,rgb,reappear_same_gt,0.0
W060,frames_in_order,adjacent_samples,rgb,reappearance_rate,0.45454545454545453
W060,frames_in_order,adjacent_samples,rgb,seeded_regions,11.0
W060,frames_in_order,adjacent_samples,rgb,survival_backward,0.8
W060,frames_in_order,adjacent_samples,rgb,survival_forward,0.7532467532467533
W060,frames_in_order,consecutive_annotated,depth,class_switch_rate,0.047619047619047616
W060,frames_in_order,consecutive_annotated,depth,fragmentation_ge2,0.2
W060,frames_in_order,consecutive_annotated,depth,fragmentation_mean,1.2
W060,frames_in_order,consecutive_annotated,depth,gt_tracks_matched,5.0
W060,frames_in_order,consecutive_annotated,depth,id_switch_rate,0.047619047619047616
W060,frames_in_order,consecutive_annotated,depth,matched_pairs,21.0
W060,frames_in_order,consecutive_annotated,depth,reappear_events_judged,0.0
W060,frames_in_order,consecutive_annotated,depth,reappear_same_class,
W060,frames_in_order,consecutive_annotated,depth,reappear_same_gt,
W060,frames_in_order,consecutive_annotated,depth,reappearance_rate,0.5
W060,frames_in_order,consecutive_annotated,depth,seeded_regions,8.0
W060,frames_in_order,consecutive_annotated,depth,survival_backward,0.8166666666666667
W060,frames_in_order,consecutive_annotated,depth,survival_forward,0.7946428571428571
W060,frames_in_order,consecutive_annotated,normal,class_switch_rate,0.045454545454545456
W060,frames_in_order,consecutive_annotated,normal,fragmentation_ge2,0.25
W060,frames_in_order,consecutive_annotated,normal,fragmentation_mean,1.25
W060,frames_in_order,consecutive_annotated,normal,gt_tracks_matched,4.0
W060,frames_in_order,consecutive_annotated,normal,id_switch_rate,0.045454545454545456
W060,frames_in_order,consecutive_annotated,normal,matched_pairs,22.0
W060,frames_in_order,consecutive_annotated,normal,reappear_events_judged,0.0
W060,frames_in_order,consecutive_annotated,normal,reappear_same_class,
W060,frames_in_order,consecutive_annotated,normal,reappear_same_gt,
W060,frames_in_order,consecutive_annotated,normal,reappearance_rate,0.16666666666666666
W060,frames_in_order,consecutive_annotated,normal,seeded_regions,6.0
W060,frames_in_order,consecutive_annotated,normal,survival_backward,0.9
W060,frames_in_order,consecutive_annotated,normal,survival_forward,1.0
W060,frames_in_order,consecutive_annotated,rgb,class_switch_rate,0.046511627906976744
W060,frames_in_order,consecutive_annotated,rgb,fragmentation_ge2,0.0
W060,frames_in_order,consecutive_annotated,rgb,fragmentation_mean,1.0
W060,frames_in_order,consecutive_annotated,rgb,gt_tracks_matched,9.0
W060,frames_in_order,consecutive_annotated,rgb,id_switch_rate,0.11627906976744186
W060,frames_in_order,consecutive_annotated,rgb,matched_pairs,43.0
W060,frames_in_order,consecutive_annotated,rgb,reappear_events_judged,1.0
W060,frames_in_order,consecutive_annotated,rgb,reappear_same_class,1.0
W060,frames_in_order,consecutive_annotated,rgb,reappear_same_gt,1.0
W060,frames_in_order,consecutive_annotated,rgb,reappearance_rate,0.45454545454545453
W060,frames_in_order,consecutive_annotated,rgb,seeded_regions,11.0
W060,frames_in_order,consecutive_annotated,rgb,survival_backward,0.8
W060,frames_in_order,consecutive_annotated,rgb,survival_forward,0.7532467532467533
W061,all,adjacent_samples,depth,class_switch_rate,0.0
W061,all,adjacent_samples,depth,fragmentation_ge2,0.06666666666666667
W061,all,adjacent_samples,depth,fragmentation_mean,1.0666666666666667
W061,all,adjacent_samples,depth,gt_tracks_matched,15.0
W061,all,adjacent_samples,depth,id_switch_rate,0.09523809523809523
W061,all,adjacent_samples,depth,matched_pairs,63.0
W061,all,adjacent_samples,depth,reappear_events_judged,0.0
W061,all,adjacent_samples,depth,reappear_same_class,
W061,all,adjacent_samples,depth,reappear_same_gt,
W061,all,adjacent_samples,depth,reappearance_rate,0.42857142857142855
W061,all,adjacent_samples,depth,seeded_regions,7.0
W061,all,adjacent_samples,depth,survival_backward,0.6571428571428571
W061,all,adjacent_samples,depth,survival_forward,0.9081632653061226
W061,all,adjacent_samples,normal,class_switch_rate,0.0
W061,all,adjacent_samples,normal,fragmentation_ge2,0.0625
W061,all,adjacent_samples,normal,fragmentation_mean,1.0625
W061,all,adjacent_samples,normal,gt_tracks_matched,16.0
W061,all,adjacent_samples,normal,id_switch_rate,0.15555555555555556
W061,all,adjacent_samples,normal,matched_pairs,45.0
W061,all,adjacent_samples,normal,reappear_events_judged,0.0
W061,all,adjacent_samples,normal,reappear_same_class,
W061,all,adjacent_samples,normal,reappear_same_gt,
W061,all,adjacent_samples,normal,reappearance_rate,0.1
W061,all,adjacent_samples,normal,seeded_regions,10.0
W061,all,adjacent_samples,normal,survival_backward,0.8
W061,all,adjacent_samples,normal,survival_forward,0.9571428571428571
W061,all,adjacent_samples,rgb,class_switch_rate,0.0
W061,all,adjacent_samples,rgb,fragmentation_ge2,0.09090909090909091
W061,all,adjacent_samples,rgb,fragmentation_mean,1.0909090909090908
W061,all,adjacent_samples,rgb,gt_tracks_matched,22.0
W061,all,adjacent_samples,rgb,id_switch_rate,0.09411764705882353
W061,all,adjacent_samples,rgb,matched_pairs,85.0
W061,all,adjacent_samples,rgb,reappear_events_judged,0.0
W061,all,adjacent_samples,rgb,reappear_same_class,
W061,all,adjacent_samples,rgb,reappear_same_gt,
W061,all,adjacent_samples,rgb,reappearance_rate,0.47368421052631576
W061,all,adjacent_samples,rgb,seeded_regions,19.0
W061,all,adjacent_samples,rgb,survival_backward,0.7894736842105262
W061,all,adjacent_samples,rgb,survival_forward,0.981203007518797
W061,all,consecutive_annotated,depth,class_switch_rate,0.0
W061,all,consecutive_annotated,depth,fragmentation_ge2,0.08333333333333333
W061,all,consecutive_annotated,depth,fragmentation_mean,1.0833333333333333
W061,all,consecutive_annotated,depth,gt_tracks_matched,12.0
W061,all,consecutive_annotated,depth,id_switch_rate,0.09375
W061,all,consecutive_annotated,depth,matched_pairs,64.0
W061,all,consecutive_annotated,depth,reappear_events_judged,0.0
W061,all,consecutive_annotated,depth,reappear_same_class,
W061,all,consecutive_annotated,depth,reappear_same_gt,
W061,all,consecutive_annotated,depth,reappearance_rate,0.42857142857142855
W061,all,consecutive_annotated,depth,seeded_regions,7.0
W061,all,consecutive_annotated,depth,survival_backward,0.6571428571428571
W061,all,consecutive_annotated,depth,survival_forward,0.9081632653061226
W061,all,consecutive_annotated,normal,class_switch_rate,0.0
W061,all,consecutive_annotated,normal,fragmentation_ge2,0.07142857142857142
W061,all,consecutive_annotated,normal,fragmentation_mean,1.0714285714285714
W061,all,consecutive_annotated,normal,gt_tracks_matched,14.0
W061,all,consecutive_annotated,normal,id_switch_rate,0.15217391304347827
W061,all,consecutive_annotated,normal,matched_pairs,46.0
W061,all,consecutive_annotated,normal,reappear_events_judged,0.0
W061,all,consecutive_annotated,normal,reappear_same_class,
W061,all,consecutive_annotated,normal,reappear_same_gt,
W061,all,consecutive_annotated,normal,reappearance_rate,0.1
W061,all,consecutive_annotated,normal,seeded_regions,10.0
W061,all,consecutive_annotated,normal,survival_backward,0.8
W061,all,consecutive_annotated,normal,survival_forward,0.9571428571428571
W061,all,consecutive_annotated,rgb,class_switch_rate,0.0
W061,all,consecutive_annotated,rgb,fragmentation_ge2,0.1111111111111111
W061,all,consecutive_annotated,rgb,fragmentation_mean,1.1111111111111112
W061,all,consecutive_annotated,rgb,gt_tracks_matched,18.0
W061,all,consecutive_annotated,rgb,id_switch_rate,0.09090909090909091
W061,all,consecutive_annotated,rgb,matched_pairs,88.0
W061,all,consecutive_annotated,rgb,reappear_events_judged,0.0
W061,all,consecutive_annotated,rgb,reappear_same_class,
W061,all,consecutive_annotated,rgb,reappear_same_gt,
W061,all,consecutive_annotated,rgb,reappearance_rate,0.47368421052631576
W061,all,consecutive_annotated,rgb,seeded_regions,19.0
W061,all,consecutive_annotated,rgb,survival_backward,0.7894736842105262
W061,all,consecutive_annotated,rgb,survival_forward,0.981203007518797
W061,frames_in_order,adjacent_samples,depth,class_switch_rate,0.0
W061,frames_in_order,adjacent_samples,depth,fragmentation_ge2,0.06666666666666667
W061,frames_in_order,adjacent_samples,depth,fragmentation_mean,1.0666666666666667
W061,frames_in_order,adjacent_samples,depth,gt_tracks_matched,15.0
W061,frames_in_order,adjacent_samples,depth,id_switch_rate,0.09523809523809523
W061,frames_in_order,adjacent_samples,depth,matched_pairs,63.0
W061,frames_in_order,adjacent_samples,depth,reappear_events_judged,0.0
W061,frames_in_order,adjacent_samples,depth,reappear_same_class,
W061,frames_in_order,adjacent_samples,depth,reappear_same_gt,
W061,frames_in_order,adjacent_samples,depth,reappearance_rate,0.42857142857142855
W061,frames_in_order,adjacent_samples,depth,seeded_regions,7.0
W061,frames_in_order,adjacent_samples,depth,survival_backward,0.6571428571428571
W061,frames_in_order,adjacent_samples,depth,survival_forward,0.9081632653061226
W061,frames_in_order,adjacent_samples,normal,class_switch_rate,0.0
W061,frames_in_order,adjacent_samples,normal,fragmentation_ge2,0.0625
W061,frames_in_order,adjacent_samples,normal,fragmentation_mean,1.0625
W061,frames_in_order,adjacent_samples,normal,gt_tracks_matched,16.0
W061,frames_in_order,adjacent_samples,normal,id_switch_rate,0.15555555555555556
W061,frames_in_order,adjacent_samples,normal,matched_pairs,45.0
W061,frames_in_order,adjacent_samples,normal,reappear_events_judged,0.0
W061,frames_in_order,adjacent_samples,normal,reappear_same_class,
W061,frames_in_order,adjacent_samples,normal,reappear_same_gt,
W061,frames_in_order,adjacent_samples,normal,reappearance_rate,0.1
W061,frames_in_order,adjacent_samples,normal,seeded_regions,10.0
W061,frames_in_order,adjacent_samples,normal,survival_backward,0.8
W061,frames_in_order,adjacent_samples,normal,survival_forward,0.9571428571428571
W061,frames_in_order,adjacent_samples,rgb,class_switch_rate,0.0
W061,frames_in_order,adjacent_samples,rgb,fragmentation_ge2,0.09090909090909091
W061,frames_in_order,adjacent_samples,rgb,fragmentation_mean,1.0909090909090908
W061,frames_in_order,adjacent_samples,rgb,gt_tracks_matched,22.0
W061,frames_in_order,adjacent_samples,rgb,id_switch_rate,0.09411764705882353
W061,frames_in_order,adjacent_samples,rgb,matched_pairs,85.0
W061,frames_in_order,adjacent_samples,rgb,reappear_events_judged,0.0
W061,frames_in_order,adjacent_samples,rgb,reappear_same_class,
W061,frames_in_order,adjacent_samples,rgb,reappear_same_gt,
W061,frames_in_order,adjacent_samples,rgb,reappearance_rate,0.47368421052631576
W061,frames_in_order,adjacent_samples,rgb,seeded_regions,19.0
W061,frames_in_order,adjacent_samples,rgb,survival_backward,0.7894736842105262
W061,frames_in_order,adjacent_samples,rgb,survival_forward,0.981203007518797
W061,frames_in_order,consecutive_annotated,depth,class_switch_rate,0.0
W061,frames_in_order,consecutive_annotated,depth,fragmentation_ge2,0.08333333333333333
W061,frames_in_order,consecutive_annotated,depth,fragmentation_mean,1.0833333333333333
W061,frames_in_order,consecutive_annotated,depth,gt_tracks_matched,12.0
W061,frames_in_order,consecutive_annotated,depth,id_switch_rate,0.09375
W061,frames_in_order,consecutive_annotated,depth,matched_pairs,64.0
W061,frames_in_order,consecutive_annotated,depth,reappear_events_judged,0.0
W061,frames_in_order,consecutive_annotated,depth,reappear_same_class,
W061,frames_in_order,consecutive_annotated,depth,reappear_same_gt,
W061,frames_in_order,consecutive_annotated,depth,reappearance_rate,0.42857142857142855
W061,frames_in_order,consecutive_annotated,depth,seeded_regions,7.0
W061,frames_in_order,consecutive_annotated,depth,survival_backward,0.6571428571428571
W061,frames_in_order,consecutive_annotated,depth,survival_forward,0.9081632653061226
W061,frames_in_order,consecutive_annotated,normal,class_switch_rate,0.0
W061,frames_in_order,consecutive_annotated,normal,fragmentation_ge2,0.07142857142857142
W061,frames_in_order,consecutive_annotated,normal,fragmentation_mean,1.0714285714285714
W061,frames_in_order,consecutive_annotated,normal,gt_tracks_matched,14.0
W061,frames_in_order,consecutive_annotated,normal,id_switch_rate,0.15217391304347827
W061,frames_in_order,consecutive_annotated,normal,matched_pairs,46.0
W061,frames_in_order,consecutive_annotated,normal,reappear_events_judged,0.0
W061,frames_in_order,consecutive_annotated,normal,reappear_same_class,
W061,frames_in_order,consecutive_annotated,normal,reappear_same_gt,
W061,frames_in_order,consecutive_annotated,normal,reappearance_rate,0.1
W061,frames_in_order,consecutive_annotated,normal,seeded_regions,10.0
W061,frames_in_order,consecutive_annotated,normal,survival_backward,0.8
W061,frames_in_order,consecutive_annotated,normal,survival_forward,0.9571428571428571
W061,frames_in_order,consecutive_annotated,rgb,class_switch_rate,0.0
W061,frames_in_order,consecutive_annotated,rgb,fragmentation_ge2,0.1111111111111111
W061,frames_in_order,consecutive_annotated,rgb,fragmentation_mean,1.1111111111111112
W061,frames_in_order,consecutive_annotated,rgb,gt_tracks_matched,18.0
W061,frames_in_order,consecutive_annotated,rgb,id_switch_rate,0.09090909090909091
W061,frames_in_order,consecutive_annotated,rgb,matched_pairs,88.0
W061,frames_in_order,consecutive_annotated,rgb,reappear_events_judged,0.0
W061,frames_in_order,consecutive_annotated,rgb,reappear_same_class,
W061,frames_in_order,consecutive_annotated,rgb,reappear_same_gt,
W061,frames_in_order,consecutive_annotated,rgb,reappearance_rate,0.47368421052631576
W061,frames_in_order,consecutive_annotated,rgb,seeded_regions,19.0
W061,frames_in_order,consecutive_annotated,rgb,survival_backward,0.7894736842105262
W061,frames_in_order,consecutive_annotated,rgb,survival_forward,0.981203007518797
W062,all,adjacent_samples,depth,class_switch_rate,0.0
W062,all,adjacent_samples,depth,fragmentation_ge2,0.0
W062,all,adjacent_samples,depth,fragmentation_mean,1.0
W062,all,adjacent_samples,depth,gt_tracks_matched,13.0
W062,all,adjacent_samples,depth,id_switch_rate,0.1951219512195122
W062,all,adjacent_samples,depth,matched_pairs,41.0
W062,all,adjacent_samples,depth,reappear_events_judged,1.0
W062,all,adjacent_samples,depth,reappear_same_class,1.0
W062,all,adjacent_samples,depth,reappear_same_gt,0.0
W062,all,adjacent_samples,depth,reappearance_rate,0.3333333333333333
W062,all,adjacent_samples,depth,seeded_regions,6.0
W062,all,adjacent_samples,depth,survival_backward,0.8444444444444444
W062,all,adjacent_samples,depth,survival_forward,0.9642857142857143
W062,all,adjacent_samples,normal,class_switch_rate,0.0
W062,all,adjacent_samples,normal,fragmentation_ge2,0.05555555555555555
W062,all,adjacent_samples,normal,fragmentation_mean,1.0555555555555556
W062,all,adjacent_samples,normal,gt_tracks_matched,18.0
W062,all,adjacent_samples,normal,id_switch_rate,0.06060606060606061
W062,all,adjacent_samples,normal,matched_pairs,99.0
W062,all,adjacent_samples,normal,reappear_events_judged,2.0
W062,all,adjacent_samples,normal,reappear_same_class,1.0
W062,all,adjacent_samples,normal,reappear_same_gt,0.0
W062,all,adjacent_samples,normal,reappearance_rate,0.375
W062,all,adjacent_samples,normal,seeded_regions,8.0
W062,all,adjacent_samples,normal,survival_backward,0.8
W062,all,adjacent_samples,normal,survival_forward,0.9107142857142857
W062,all,adjacent_samples,rgb,class_switch_rate,0.0
W062,all,adjacent_samples,rgb,fragmentation_ge2,0.0
W062,all,adjacent_samples,rgb,fragmentation_mean,1.0
W062,all,adjacent_samples,rgb,gt_tracks_matched,24.0
W062,all,adjacent_samples,rgb,id_switch_rate,0.07207207207207207
W062,all,adjacent_samples,rgb,matched_pairs,111.0
W062,all,adjacent_samples,rgb,reappear_events_judged,2.0
W062,all,adjacent_samples,rgb,reappear_same_class,1.0
W062,all,adjacent_samples,rgb,reappear_same_gt,0.0
W062,all,adjacent_samples,rgb,reappearance_rate,0.3076923076923077
W062,all,adjacent_samples,rgb,seeded_regions,13.0
W062,all,adjacent_samples,rgb,survival_backward,0.9282051282051282
W062,all,adjacent_samples,rgb,survival_forward,1.0
W062,all,consecutive_annotated,depth,class_switch_rate,0.0
W062,all,consecutive_annotated,depth,fragmentation_ge2,0.0
W062,all,consecutive_annotated,depth,fragmentation_mean,1.0
W062,all,consecutive_annotated,depth,gt_tracks_matched,12.0
W062,all,consecutive_annotated,depth,id_switch_rate,0.19047619047619047
W062,all,consecutive_annotated,depth,matched_pairs,42.0
W062,all,consecutive_annotated,depth,reappear_events_judged,1.0
W062,all,consecutive_annotated,depth,reappear_same_class,1.0
W062,all,consecutive_annotated,depth,reappear_same_gt,0.0
W062,all,consecutive_annotated,depth,reappearance_rate,0.3333333333333333
W062,all,consecutive_annotated,depth,seeded_regions,6.0
W062,all,consecutive_annotated,depth,survival_backward,0.8444444444444444
W062,all,consecutive_annotated,depth,survival_forward,0.9642857142857143
W062,all,consecutive_annotated,normal,class_switch_rate,0.0
W062,all,consecutive_annotated,normal,fragmentation_ge2,0.07142857142857142
W062,all,consecutive_annotated,normal,fragmentation_mean,1.0714285714285714
W062,all,consecutive_annotated,normal,gt_tracks_matched,14.0
W062,all,consecutive_annotated,normal,id_switch_rate,0.05825242718446602
W062,all,consecutive_annotated,normal,matched_pairs,103.0
W062,all,consecutive_annotated,normal,reappear_events_judged,2.0
W062,all,consecutive_annotated,normal,reappear_same_class,1.0
W062,all,consecutive_annotated,normal,reappear_same_gt,0.5
W062,all,consecutive_annotated,normal,reappearance_rate,0.375
W062,all,consecutive_annotated,normal,seeded_regions,8.0
W062,all,consecutive_annotated,normal,survival_backward,0.8
W062,all,consecutive_annotated,normal,survival_forward,0.9107142857142857
W062,all,consecutive_annotated,rgb,class_switch_rate,0.0
W062,all,consecutive_annotated,rgb,fragmentation_ge2,0.0
W062,all,consecutive_annotated,rgb,fragmentation_mean,1.0
W062,all,consecutive_annotated,rgb,gt_tracks_matched,18.0
W062,all,consecutive_annotated,rgb,id_switch_rate,0.06896551724137931
W062,all,consecutive_annotated,rgb,matched_pairs,116.0
W062,all,consecutive_annotated,rgb,reappear_events_judged,2.0
W062,all,consecutive_annotated,rgb,reappear_same_class,1.0
W062,all,consecutive_annotated,rgb,reappear_same_gt,0.5
W062,all,consecutive_annotated,rgb,reappearance_rate,0.3076923076923077
W062,all,consecutive_annotated,rgb,seeded_regions,13.0
W062,all,consecutive_annotated,rgb,survival_backward,0.9282051282051282
W062,all,consecutive_annotated,rgb,survival_forward,1.0
W062,frames_in_order,adjacent_samples,depth,class_switch_rate,0.0
W062,frames_in_order,adjacent_samples,depth,fragmentation_ge2,0.0
W062,frames_in_order,adjacent_samples,depth,fragmentation_mean,1.0
W062,frames_in_order,adjacent_samples,depth,gt_tracks_matched,13.0
W062,frames_in_order,adjacent_samples,depth,id_switch_rate,0.1951219512195122
W062,frames_in_order,adjacent_samples,depth,matched_pairs,41.0
W062,frames_in_order,adjacent_samples,depth,reappear_events_judged,1.0
W062,frames_in_order,adjacent_samples,depth,reappear_same_class,1.0
W062,frames_in_order,adjacent_samples,depth,reappear_same_gt,0.0
W062,frames_in_order,adjacent_samples,depth,reappearance_rate,0.3333333333333333
W062,frames_in_order,adjacent_samples,depth,seeded_regions,6.0
W062,frames_in_order,adjacent_samples,depth,survival_backward,0.8444444444444444
W062,frames_in_order,adjacent_samples,depth,survival_forward,0.9642857142857143
W062,frames_in_order,adjacent_samples,normal,class_switch_rate,0.0
W062,frames_in_order,adjacent_samples,normal,fragmentation_ge2,0.05555555555555555
W062,frames_in_order,adjacent_samples,normal,fragmentation_mean,1.0555555555555556
W062,frames_in_order,adjacent_samples,normal,gt_tracks_matched,18.0
W062,frames_in_order,adjacent_samples,normal,id_switch_rate,0.06060606060606061
W062,frames_in_order,adjacent_samples,normal,matched_pairs,99.0
W062,frames_in_order,adjacent_samples,normal,reappear_events_judged,2.0
W062,frames_in_order,adjacent_samples,normal,reappear_same_class,1.0
W062,frames_in_order,adjacent_samples,normal,reappear_same_gt,0.0
W062,frames_in_order,adjacent_samples,normal,reappearance_rate,0.375
W062,frames_in_order,adjacent_samples,normal,seeded_regions,8.0
W062,frames_in_order,adjacent_samples,normal,survival_backward,0.8
W062,frames_in_order,adjacent_samples,normal,survival_forward,0.9107142857142857
W062,frames_in_order,adjacent_samples,rgb,class_switch_rate,0.0
W062,frames_in_order,adjacent_samples,rgb,fragmentation_ge2,0.0
W062,frames_in_order,adjacent_samples,rgb,fragmentation_mean,1.0
W062,frames_in_order,adjacent_samples,rgb,gt_tracks_matched,24.0
W062,frames_in_order,adjacent_samples,rgb,id_switch_rate,0.07207207207207207
W062,frames_in_order,adjacent_samples,rgb,matched_pairs,111.0
W062,frames_in_order,adjacent_samples,rgb,reappear_events_judged,2.0
W062,frames_in_order,adjacent_samples,rgb,reappear_same_class,1.0
W062,frames_in_order,adjacent_samples,rgb,reappear_same_gt,0.0
W062,frames_in_order,adjacent_samples,rgb,reappearance_rate,0.3076923076923077
W062,frames_in_order,adjacent_samples,rgb,seeded_regions,13.0
W062,frames_in_order,adjacent_samples,rgb,survival_backward,0.9282051282051282
W062,frames_in_order,adjacent_samples,rgb,survival_forward,1.0
W062,frames_in_order,consecutive_annotated,depth,class_switch_rate,0.0
W062,frames_in_order,consecutive_annotated,depth,fragmentation_ge2,0.0
W062,frames_in_order,consecutive_annotated,depth,fragmentation_mean,1.0
W062,frames_in_order,consecutive_annotated,depth,gt_tracks_matched,12.0
W062,frames_in_order,consecutive_annotated,depth,id_switch_rate,0.19047619047619047
W062,frames_in_order,consecutive_annotated,depth,matched_pairs,42.0
W062,frames_in_order,consecutive_annotated,depth,reappear_events_judged,1.0
W062,frames_in_order,consecutive_annotated,depth,reappear_same_class,1.0
W062,frames_in_order,consecutive_annotated,depth,reappear_same_gt,0.0
W062,frames_in_order,consecutive_annotated,depth,reappearance_rate,0.3333333333333333
W062,frames_in_order,consecutive_annotated,depth,seeded_regions,6.0
W062,frames_in_order,consecutive_annotated,depth,survival_backward,0.8444444444444444
W062,frames_in_order,consecutive_annotated,depth,survival_forward,0.9642857142857143
W062,frames_in_order,consecutive_annotated,normal,class_switch_rate,0.0
W062,frames_in_order,consecutive_annotated,normal,fragmentation_ge2,0.07142857142857142
W062,frames_in_order,consecutive_annotated,normal,fragmentation_mean,1.0714285714285714
W062,frames_in_order,consecutive_annotated,normal,gt_tracks_matched,14.0
W062,frames_in_order,consecutive_annotated,normal,id_switch_rate,0.05825242718446602
W062,frames_in_order,consecutive_annotated,normal,matched_pairs,103.0
W062,frames_in_order,consecutive_annotated,normal,reappear_events_judged,2.0
W062,frames_in_order,consecutive_annotated,normal,reappear_same_class,1.0
W062,frames_in_order,consecutive_annotated,normal,reappear_same_gt,0.5
W062,frames_in_order,consecutive_annotated,normal,reappearance_rate,0.375
W062,frames_in_order,consecutive_annotated,normal,seeded_regions,8.0
W062,frames_in_order,consecutive_annotated,normal,survival_backward,0.8
W062,frames_in_order,consecutive_annotated,normal,survival_forward,0.9107142857142857
W062,frames_in_order,consecutive_annotated,rgb,class_switch_rate,0.0
W062,frames_in_order,consecutive_annotated,rgb,fragmentation_ge2,0.0
W062,frames_in_order,consecutive_annotated,rgb,fragmentation_mean,1.0
W062,frames_in_order,consecutive_annotated,rgb,gt_tracks_matched,18.0
W062,frames_in_order,consecutive_annotated,rgb,id_switch_rate,0.06896551724137931
W062,frames_in_order,consecutive_annotated,rgb,matched_pairs,116.0
W062,frames_in_order,consecutive_annotated,rgb,reappear_events_judged,2.0
W062,frames_in_order,consecutive_annotated,rgb,reappear_same_class,1.0
W062,frames_in_order,consecutive_annotated,rgb,reappear_same_gt,0.5
W062,frames_in_order,consecutive_annotated,rgb,reappearance_rate,0.3076923076923077
W062,frames_in_order,consecutive_annotated,rgb,seeded_regions,13.0
W062,frames_in_order,consecutive_annotated,rgb,survival_backward,0.9282051282051282
W062,frames_in_order,consecutive_annotated,rgb,survival_forward,1.0
W063,all,adjacent_samples,depth,class_switch_rate,0.0
W063,all,adjacent_samples,depth,fragmentation_ge2,0.0
W063,all,adjacent_samples,depth,fragmentation_mean,1.0
W063,all,adjacent_samples,depth,gt_tracks_matched,15.0
W063,all,adjacent_samples,depth,id_switch_rate,0.17307692307692307
W063,all,adjacent_samples,depth,matched_pairs,52.0
W063,all,adjacent_samples,depth,reappear_events_judged,1.0
W063,all,adjacent_samples,depth,reappear_same_class,1.0
W063,all,adjacent_samples,depth,reappear_same_gt,0.0
W063,all,adjacent_samples,depth,reappearance_rate,0.3333333333333333
W063,all,adjacent_samples,depth,seeded_regions,6.0
W063,all,adjacent_samples,depth,survival_backward,0.8999999999999999
W063,all,adjacent_samples,depth,survival_forward,0.9404761904761906
W063,all,adjacent_samples,normal,class_switch_rate,0.010309278350515464
W063,all,adjacent_samples,normal,fragmentation_ge2,0.05555555555555555
W063,all,adjacent_samples,normal,fragmentation_mean,1.0555555555555556
W063,all,adjacent_samples,normal,gt_tracks_matched,18.0
W063,all,adjacent_samples,normal,id_switch_rate,0.08247422680412371
W063,all,adjacent_samples,normal,matched_pairs,97.0
W063,all,adjacent_samples,normal,reappear_events_judged,1.0
W063,all,adjacent_samples,normal,reappear_same_class,1.0
W063,all,adjacent_samples,normal,reappear_same_gt,0.0
W063,all,adjacent_samples,normal,reappearance_rate,0.1111111111111111
W063,all,adjacent_samples,normal,seeded_regions,9.0
W063,all,adjacent_samples,normal,survival_backward,0.9111111111111112
W063,all,adjacent_samples,normal,survival_forward,0.9682539682539684
W063,all,adjacent_samples,rgb,class_switch_rate,0.007692307692307693
W063,all,adjacent_samples,rgb,fragmentation_ge2,0.09523809523809523
W063,all,adjacent_samples,rgb,fragmentation_mean,1.0952380952380953
W063,all,adjacent_samples,rgb,gt_tracks_matched,21.0
W063,all,adjacent_samples,rgb,id_switch_rate,0.06923076923076923
W063,all,adjacent_samples,rgb,matched_pairs,130.0
W063,all,adjacent_samples,rgb,reappear_events_judged,3.0
W063,all,adjacent_samples,rgb,reappear_same_class,0.6666666666666666
W063,all,adjacent_samples,rgb,reappear_same_gt,0.0
W063,all,adjacent_samples,rgb,reappearance_rate,0.3333333333333333
W063,all,adjacent_samples,rgb,seeded_regions,18.0
W063,all,adjacent_samples,rgb,survival_backward,0.9518518518518521
W063,all,adjacent_samples,rgb,survival_forward,0.9365079365079363
W063,all,consecutive_annotated,depth,class_switch_rate,0.0
W063,all,consecutive_annotated,depth,fragmentation_ge2,0.0
W063,all,consecutive_annotated,depth,fragmentation_mean,1.0
W063,all,consecutive_annotated,depth,gt_tracks_matched,15.0
W063,all,consecutive_annotated,depth,id_switch_rate,0.17307692307692307
W063,all,consecutive_annotated,depth,matched_pairs,52.0
W063,all,consecutive_annotated,depth,reappear_events_judged,1.0
W063,all,consecutive_annotated,depth,reappear_same_class,1.0
W063,all,consecutive_annotated,depth,reappear_same_gt,0.0
W063,all,consecutive_annotated,depth,reappearance_rate,0.3333333333333333
W063,all,consecutive_annotated,depth,seeded_regions,6.0
W063,all,consecutive_annotated,depth,survival_backward,0.8999999999999999
W063,all,consecutive_annotated,depth,survival_forward,0.9404761904761906
W063,all,consecutive_annotated,normal,class_switch_rate,0.010309278350515464
W063,all,consecutive_annotated,normal,fragmentation_ge2,0.05555555555555555
W063,all,consecutive_annotated,normal,fragmentation_mean,1.0555555555555556
W063,all,consecutive_annotated,normal,gt_tracks_matched,18.0
W063,all,consecutive_annotated,normal,id_switch_rate,0.08247422680412371
W063,all,consecutive_annotated,normal,matched_pairs,97.0
W063,all,consecutive_annotated,normal,reappear_events_judged,1.0
W063,all,consecutive_annotated,normal,reappear_same_class,1.0
W063,all,consecutive_annotated,normal,reappear_same_gt,0.0
W063,all,consecutive_annotated,normal,reappearance_rate,0.1111111111111111
W063,all,consecutive_annotated,normal,seeded_regions,9.0
W063,all,consecutive_annotated,normal,survival_backward,0.9111111111111112
W063,all,consecutive_annotated,normal,survival_forward,0.9682539682539684
W063,all,consecutive_annotated,rgb,class_switch_rate,0.007692307692307693
W063,all,consecutive_annotated,rgb,fragmentation_ge2,0.09523809523809523
W063,all,consecutive_annotated,rgb,fragmentation_mean,1.0952380952380953
W063,all,consecutive_annotated,rgb,gt_tracks_matched,21.0
W063,all,consecutive_annotated,rgb,id_switch_rate,0.06923076923076923
W063,all,consecutive_annotated,rgb,matched_pairs,130.0
W063,all,consecutive_annotated,rgb,reappear_events_judged,3.0
W063,all,consecutive_annotated,rgb,reappear_same_class,0.6666666666666666
W063,all,consecutive_annotated,rgb,reappear_same_gt,0.0
W063,all,consecutive_annotated,rgb,reappearance_rate,0.3333333333333333
W063,all,consecutive_annotated,rgb,seeded_regions,18.0
W063,all,consecutive_annotated,rgb,survival_backward,0.9518518518518521
W063,all,consecutive_annotated,rgb,survival_forward,0.9365079365079363
W063,frames_in_order,adjacent_samples,depth,class_switch_rate,0.0
W063,frames_in_order,adjacent_samples,depth,fragmentation_ge2,0.0
W063,frames_in_order,adjacent_samples,depth,fragmentation_mean,1.0
W063,frames_in_order,adjacent_samples,depth,gt_tracks_matched,15.0
W063,frames_in_order,adjacent_samples,depth,id_switch_rate,0.17307692307692307
W063,frames_in_order,adjacent_samples,depth,matched_pairs,52.0
W063,frames_in_order,adjacent_samples,depth,reappear_events_judged,1.0
W063,frames_in_order,adjacent_samples,depth,reappear_same_class,1.0
W063,frames_in_order,adjacent_samples,depth,reappear_same_gt,0.0
W063,frames_in_order,adjacent_samples,depth,reappearance_rate,0.3333333333333333
W063,frames_in_order,adjacent_samples,depth,seeded_regions,6.0
W063,frames_in_order,adjacent_samples,depth,survival_backward,0.8999999999999999
W063,frames_in_order,adjacent_samples,depth,survival_forward,0.9404761904761906
W063,frames_in_order,adjacent_samples,normal,class_switch_rate,0.010309278350515464
W063,frames_in_order,adjacent_samples,normal,fragmentation_ge2,0.05555555555555555
W063,frames_in_order,adjacent_samples,normal,fragmentation_mean,1.0555555555555556
W063,frames_in_order,adjacent_samples,normal,gt_tracks_matched,18.0
W063,frames_in_order,adjacent_samples,normal,id_switch_rate,0.08247422680412371
W063,frames_in_order,adjacent_samples,normal,matched_pairs,97.0
W063,frames_in_order,adjacent_samples,normal,reappear_events_judged,1.0
W063,frames_in_order,adjacent_samples,normal,reappear_same_class,1.0
W063,frames_in_order,adjacent_samples,normal,reappear_same_gt,0.0
W063,frames_in_order,adjacent_samples,normal,reappearance_rate,0.1111111111111111
W063,frames_in_order,adjacent_samples,normal,seeded_regions,9.0
W063,frames_in_order,adjacent_samples,normal,survival_backward,0.9111111111111112
W063,frames_in_order,adjacent_samples,normal,survival_forward,0.9682539682539684
W063,frames_in_order,adjacent_samples,rgb,class_switch_rate,0.007692307692307693
W063,frames_in_order,adjacent_samples,rgb,fragmentation_ge2,0.09523809523809523
W063,frames_in_order,adjacent_samples,rgb,fragmentation_mean,1.0952380952380953
W063,frames_in_order,adjacent_samples,rgb,gt_tracks_matched,21.0
W063,frames_in_order,adjacent_samples,rgb,id_switch_rate,0.06923076923076923
W063,frames_in_order,adjacent_samples,rgb,matched_pairs,130.0
W063,frames_in_order,adjacent_samples,rgb,reappear_events_judged,3.0
W063,frames_in_order,adjacent_samples,rgb,reappear_same_class,0.6666666666666666
W063,frames_in_order,adjacent_samples,rgb,reappear_same_gt,0.0
W063,frames_in_order,adjacent_samples,rgb,reappearance_rate,0.3333333333333333
W063,frames_in_order,adjacent_samples,rgb,seeded_regions,18.0
W063,frames_in_order,adjacent_samples,rgb,survival_backward,0.9518518518518521
W063,frames_in_order,adjacent_samples,rgb,survival_forward,0.9365079365079363
W063,frames_in_order,consecutive_annotated,depth,class_switch_rate,0.0
W063,frames_in_order,consecutive_annotated,depth,fragmentation_ge2,0.0
W063,frames_in_order,consecutive_annotated,depth,fragmentation_mean,1.0
W063,frames_in_order,consecutive_annotated,depth,gt_tracks_matched,15.0
W063,frames_in_order,consecutive_annotated,depth,id_switch_rate,0.17307692307692307
W063,frames_in_order,consecutive_annotated,depth,matched_pairs,52.0
W063,frames_in_order,consecutive_annotated,depth,reappear_events_judged,1.0
W063,frames_in_order,consecutive_annotated,depth,reappear_same_class,1.0
W063,frames_in_order,consecutive_annotated,depth,reappear_same_gt,0.0
W063,frames_in_order,consecutive_annotated,depth,reappearance_rate,0.3333333333333333
W063,frames_in_order,consecutive_annotated,depth,seeded_regions,6.0
W063,frames_in_order,consecutive_annotated,depth,survival_backward,0.8999999999999999
W063,frames_in_order,consecutive_annotated,depth,survival_forward,0.9404761904761906
W063,frames_in_order,consecutive_annotated,normal,class_switch_rate,0.010309278350515464
W063,frames_in_order,consecutive_annotated,normal,fragmentation_ge2,0.05555555555555555
W063,frames_in_order,consecutive_annotated,normal,fragmentation_mean,1.0555555555555556
W063,frames_in_order,consecutive_annotated,normal,gt_tracks_matched,18.0
W063,frames_in_order,consecutive_annotated,normal,id_switch_rate,0.08247422680412371
W063,frames_in_order,consecutive_annotated,normal,matched_pairs,97.0
W063,frames_in_order,consecutive_annotated,normal,reappear_events_judged,1.0
W063,frames_in_order,consecutive_annotated,normal,reappear_same_class,1.0
W063,frames_in_order,consecutive_annotated,normal,reappear_same_gt,0.0
W063,frames_in_order,consecutive_annotated,normal,reappearance_rate,0.1111111111111111
W063,frames_in_order,consecutive_annotated,normal,seeded_regions,9.0
W063,frames_in_order,consecutive_annotated,normal,survival_backward,0.9111111111111112
W063,frames_in_order,consecutive_annotated,normal,survival_forward,0.9682539682539684
W063,frames_in_order,consecutive_annotated,rgb,class_switch_rate,0.007692307692307693
W063,frames_in_order,consecutive_annotated,rgb,fragmentation_ge2,0.09523809523809523
W063,frames_in_order,consecutive_annotated,rgb,fragmentation_mean,1.0952380952380953
W063,frames_in_order,consecutive_annotated,rgb,gt_tracks_matched,21.0
W063,frames_in_order,consecutive_annotated,rgb,id_switch_rate,0.06923076923076923
W063,frames_in_order,consecutive_annotated,rgb,matched_pairs,130.0
W063,frames_in_order,consecutive_annotated,rgb,reappear_events_judged,3.0
W063,frames_in_order,consecutive_annotated,rgb,reappear_same_class,0.6666666666666666
W063,frames_in_order,consecutive_annotated,rgb,reappear_same_gt,0.0
W063,frames_in_order,consecutive_annotated,rgb,reappearance_rate,0.3333333333333333
W063,frames_in_order,consecutive_annotated,rgb,seeded_regions,18.0
W063,frames_in_order,consecutive_annotated,rgb,survival_backward,0.9518518518518521
W063,frames_in_order,consecutive_annotated,rgb,survival_forward,0.9365079365079363
W064,all,adjacent_samples,depth,class_switch_rate,0.0
W064,all,adjacent_samples,depth,fragmentation_ge2,0.07692307692307693
W064,all,adjacent_samples,depth,fragmentation_mean,1.0769230769230769
W064,all,adjacent_samples,depth,gt_tracks_matched,13.0
W064,all,adjacent_samples,depth,id_switch_rate,0.11392405063291139
W064,all,adjacent_samples,depth,matched_pairs,79.0
W064,all,adjacent_samples,depth,reappear_events_judged,0.0
W064,all,adjacent_samples,depth,reappear_same_class,
W064,all,adjacent_samples,depth,reappear_same_gt,
W064,all,adjacent_samples,depth,reappearance_rate,0.14285714285714285
W064,all,adjacent_samples,depth,seeded_regions,7.0
W064,all,adjacent_samples,depth,survival_backward,0.9904761904761905
W064,all,adjacent_samples,depth,survival_forward,0.9387755102040816
W064,all,adjacent_samples,normal,class_switch_rate,0.0
W064,all,adjacent_samples,normal,fragmentation_ge2,0.0625
W064,all,adjacent_samples,normal,fragmentation_mean,1.0625
W064,all,adjacent_samples,normal,gt_tracks_matched,16.0
W064,all,adjacent_samples,normal,id_switch_rate,0.13432835820895522
W064,all,adjacent_samples,normal,matched_pairs,67.0
W064,all,adjacent_samples,normal,reappear_events_judged,0.0
W064,all,adjacent_samples,normal,reappear_same_class,
W064,all,adjacent_samples,normal,reappear_same_gt,
W064,all,adjacent_samples,normal,reappearance_rate,0.0
W064,all,adjacent_samples,normal,seeded_regions,9.0
W064,all,adjacent_samples,normal,survival_backward,1.0
W064,all,adjacent_samples,normal,survival_forward,0.9920634920634921
W064,all,adjacent_samples,rgb,class_switch_rate,0.0
W064,all,adjacent_samples,rgb,fragmentation_ge2,0.06666666666666667
W064,all,adjacent_samples,rgb,fragmentation_mean,1.0666666666666667
W064,all,adjacent_samples,rgb,gt_tracks_matched,15.0
W064,all,adjacent_samples,rgb,id_switch_rate,0.09
W064,all,adjacent_samples,rgb,matched_pairs,100.0
W064,all,adjacent_samples,rgb,reappear_events_judged,0.0
W064,all,adjacent_samples,rgb,reappear_same_class,
W064,all,adjacent_samples,rgb,reappear_same_gt,
W064,all,adjacent_samples,rgb,reappearance_rate,0.375
W064,all,adjacent_samples,rgb,seeded_regions,16.0
W064,all,adjacent_samples,rgb,survival_backward,0.9833333333333334
W064,all,adjacent_samples,rgb,survival_forward,0.90625
W064,all,consecutive_annotated,depth,class_switch_rate,0.0
W064,all,consecutive_annotated,depth,fragmentation_ge2,0.07692307692307693
W064,all,consecutive_annotated,depth,fragmentation_mean,1.0769230769230769
W064,all,consecutive_annotated,depth,gt_tracks_matched,13.0
W064,all,consecutive_annotated,depth,id_switch_rate,0.11392405063291139
W064,all,consecutive_annotated,depth,matched_pairs,79.0
W064,all,consecutive_annotated,depth,reappear_events_judged,0.0
W064,all,consecutive_annotated,depth,reappear_same_class,
W064,all,consecutive_annotated,depth,reappear_same_gt,
W064,all,consecutive_annotated,depth,reappearance_rate,0.14285714285714285
W064,all,consecutive_annotated,depth,seeded_regions,7.0
W064,all,consecutive_annotated,depth,survival_backward,0.9904761904761905
W064,all,consecutive_annotated,depth,survival_forward,0.9387755102040816
W064,all,consecutive_annotated,normal,class_switch_rate,0.0
W064,all,consecutive_annotated,normal,fragmentation_ge2,0.0625
W064,all,consecutive_annotated,normal,fragmentation_mean,1.0625
W064,all,consecutive_annotated,normal,gt_tracks_matched,16.0
W064,all,consecutive_annotated,normal,id_switch_rate,0.13432835820895522
W064,all,consecutive_annotated,normal,matched_pairs,67.0
W064,all,consecutive_annotated,normal,reappear_events_judged,0.0
W064,all,consecutive_annotated,normal,reappear_same_class,
W064,all,consecutive_annotated,normal,reappear_same_gt,
W064,all,consecutive_annotated,normal,reappearance_rate,0.0
W064,all,consecutive_annotated,normal,seeded_regions,9.0
W064,all,consecutive_annotated,normal,survival_backward,1.0
W064,all,consecutive_annotated,normal,survival_forward,0.9920634920634921
W064,all,consecutive_annotated,rgb,class_switch_rate,0.0
W064,all,consecutive_annotated,rgb,fragmentation_ge2,0.06666666666666667
W064,all,consecutive_annotated,rgb,fragmentation_mean,1.0666666666666667
W064,all,consecutive_annotated,rgb,gt_tracks_matched,15.0
W064,all,consecutive_annotated,rgb,id_switch_rate,0.09
W064,all,consecutive_annotated,rgb,matched_pairs,100.0
W064,all,consecutive_annotated,rgb,reappear_events_judged,0.0
W064,all,consecutive_annotated,rgb,reappear_same_class,
W064,all,consecutive_annotated,rgb,reappear_same_gt,
W064,all,consecutive_annotated,rgb,reappearance_rate,0.375
W064,all,consecutive_annotated,rgb,seeded_regions,16.0
W064,all,consecutive_annotated,rgb,survival_backward,0.9833333333333334
W064,all,consecutive_annotated,rgb,survival_forward,0.90625
W064,frames_in_order,adjacent_samples,depth,class_switch_rate,0.0
W064,frames_in_order,adjacent_samples,depth,fragmentation_ge2,0.07692307692307693
W064,frames_in_order,adjacent_samples,depth,fragmentation_mean,1.0769230769230769
W064,frames_in_order,adjacent_samples,depth,gt_tracks_matched,13.0
W064,frames_in_order,adjacent_samples,depth,id_switch_rate,0.11392405063291139
W064,frames_in_order,adjacent_samples,depth,matched_pairs,79.0
W064,frames_in_order,adjacent_samples,depth,reappear_events_judged,0.0
W064,frames_in_order,adjacent_samples,depth,reappear_same_class,
W064,frames_in_order,adjacent_samples,depth,reappear_same_gt,
W064,frames_in_order,adjacent_samples,depth,reappearance_rate,0.14285714285714285
W064,frames_in_order,adjacent_samples,depth,seeded_regions,7.0
W064,frames_in_order,adjacent_samples,depth,survival_backward,0.9904761904761905
W064,frames_in_order,adjacent_samples,depth,survival_forward,0.9387755102040816
W064,frames_in_order,adjacent_samples,normal,class_switch_rate,0.0
W064,frames_in_order,adjacent_samples,normal,fragmentation_ge2,0.0625
W064,frames_in_order,adjacent_samples,normal,fragmentation_mean,1.0625
W064,frames_in_order,adjacent_samples,normal,gt_tracks_matched,16.0
W064,frames_in_order,adjacent_samples,normal,id_switch_rate,0.13432835820895522
W064,frames_in_order,adjacent_samples,normal,matched_pairs,67.0
W064,frames_in_order,adjacent_samples,normal,reappear_events_judged,0.0
W064,frames_in_order,adjacent_samples,normal,reappear_same_class,
W064,frames_in_order,adjacent_samples,normal,reappear_same_gt,
W064,frames_in_order,adjacent_samples,normal,reappearance_rate,0.0
W064,frames_in_order,adjacent_samples,normal,seeded_regions,9.0
W064,frames_in_order,adjacent_samples,normal,survival_backward,1.0
W064,frames_in_order,adjacent_samples,normal,survival_forward,0.9920634920634921
W064,frames_in_order,adjacent_samples,rgb,class_switch_rate,0.0
W064,frames_in_order,adjacent_samples,rgb,fragmentation_ge2,0.06666666666666667
W064,frames_in_order,adjacent_samples,rgb,fragmentation_mean,1.0666666666666667
W064,frames_in_order,adjacent_samples,rgb,gt_tracks_matched,15.0
W064,frames_in_order,adjacent_samples,rgb,id_switch_rate,0.09
W064,frames_in_order,adjacent_samples,rgb,matched_pairs,100.0
W064,frames_in_order,adjacent_samples,rgb,reappear_events_judged,0.0
W064,frames_in_order,adjacent_samples,rgb,reappear_same_class,
W064,frames_in_order,adjacent_samples,rgb,reappear_same_gt,
W064,frames_in_order,adjacent_samples,rgb,reappearance_rate,0.375
W064,frames_in_order,adjacent_samples,rgb,seeded_regions,16.0
W064,frames_in_order,adjacent_samples,rgb,survival_backward,0.9833333333333334
W064,frames_in_order,adjacent_samples,rgb,survival_forward,0.90625
W064,frames_in_order,consecutive_annotated,depth,class_switch_rate,0.0
W064,frames_in_order,consecutive_annotated,depth,fragmentation_ge2,0.07692307692307693
W064,frames_in_order,consecutive_annotated,depth,fragmentation_mean,1.0769230769230769
W064,frames_in_order,consecutive_annotated,depth,gt_tracks_matched,13.0
W064,frames_in_order,consecutive_annotated,depth,id_switch_rate,0.11392405063291139
W064,frames_in_order,consecutive_annotated,depth,matched_pairs,79.0
W064,frames_in_order,consecutive_annotated,depth,reappear_events_judged,0.0
W064,frames_in_order,consecutive_annotated,depth,reappear_same_class,
W064,frames_in_order,consecutive_annotated,depth,reappear_same_gt,
W064,frames_in_order,consecutive_annotated,depth,reappearance_rate,0.14285714285714285
W064,frames_in_order,consecutive_annotated,depth,seeded_regions,7.0
W064,frames_in_order,consecutive_annotated,depth,survival_backward,0.9904761904761905
W064,frames_in_order,consecutive_annotated,depth,survival_forward,0.9387755102040816
W064,frames_in_order,consecutive_annotated,normal,class_switch_rate,0.0
W064,frames_in_order,consecutive_annotated,normal,fragmentation_ge2,0.0625
W064,frames_in_order,consecutive_annotated,normal,fragmentation_mean,1.0625
W064,frames_in_order,consecutive_annotated,normal,gt_tracks_matched,16.0
W064,frames_in_order,consecutive_annotated,normal,id_switch_rate,0.13432835820895522
W064,frames_in_order,consecutive_annotated,normal,matched_pairs,67.0
W064,frames_in_order,consecutive_annotated,normal,reappear_events_judged,0.0
W064,frames_in_order,consecutive_annotated,normal,reappear_same_class,
W064,frames_in_order,consecutive_annotated,normal,reappear_same_gt,
W064,frames_in_order,consecutive_annotated,normal,reappearance_rate,0.0
W064,frames_in_order,consecutive_annotated,normal,seeded_regions,9.0
W064,frames_in_order,consecutive_annotated,normal,survival_backward,1.0
W064,frames_in_order,consecutive_annotated,normal,survival_forward,0.9920634920634921
W064,frames_in_order,consecutive_annotated,rgb,class_switch_rate,0.0
W064,frames_in_order,consecutive_annotated,rgb,fragmentation_ge2,0.06666666666666667
W064,frames_in_order,consecutive_annotated,rgb,fragmentation_mean,1.0666666666666667
W064,frames_in_order,consecutive_annotated,rgb,gt_tracks_matched,15.0
W064,frames_in_order,consecutive_annotated,rgb,id_switch_rate,0.09
W064,frames_in_order,consecutive_annotated,rgb,matched_pairs,100.0
W064,frames_in_order,consecutive_annotated,rgb,reappear_events_judged,0.0
W064,frames_in_order,consecutive_annotated,rgb,reappear_same_class,
W064,frames_in_order,consecutive_annotated,rgb,reappear_same_gt,
W064,frames_in_order,consecutive_annotated,rgb,reappearance_rate,0.375
W064,frames_in_order,consecutive_annotated,rgb,seeded_regions,16.0
W064,frames_in_order,consecutive_annotated,rgb,survival_backward,0.9833333333333334
W064,frames_in_order,consecutive_annotated,rgb,survival_forward,0.90625
W065,all,adjacent_samples,depth,class_switch_rate,0.0
W065,all,adjacent_samples,depth,fragmentation_ge2,0.0
W065,all,adjacent_samples,depth,fragmentation_mean,1.0
W065,all,adjacent_samples,depth,gt_tracks_matched,9.0
W065,all,adjacent_samples,depth,id_switch_rate,0.06976744186046512
W065,all,adjacent_samples,depth,matched_pairs,43.0
W065,all,adjacent_samples,depth,reappear_events_judged,0.0
W065,all,adjacent_samples,depth,reappear_same_class,
W065,all,adjacent_samples,depth,reappear_same_gt,
W065,all,adjacent_samples,depth,reappearance_rate,0.0
W065,all,adjacent_samples,depth,seeded_regions,6.0
W065,all,adjacent_samples,depth,survival_backward,0.8777777777777778
W065,all,adjacent_samples,depth,survival_forward,1.0
W065,all,adjacent_samples,normal,class_switch_rate,0.0
W065,all,adjacent_samples,normal,fragmentation_ge2,0.09090909090909091
W065,all,adjacent_samples,normal,fragmentation_mean,1.0909090909090908
W065,all,adjacent_samples,normal,gt_tracks_matched,11.0
W065,all,adjacent_samples,normal,id_switch_rate,0.03614457831325301
W065,all,adjacent_samples,normal,matched_pairs,83.0
W065,all,adjacent_samples,normal,reappear_events_judged,0.0
W065,all,adjacent_samples,normal,reappear_same_class,
W065,all,adjacent_samples,normal,reappear_same_gt,
W065,all,adjacent_samples,normal,reappearance_rate,0.1
W065,all,adjacent_samples,normal,seeded_regions,10.0
W065,all,adjacent_samples,normal,survival_backward,0.8266666666666665
W065,all,adjacent_samples,normal,survival_forward,0.9071428571428571
W065,all,adjacent_samples,rgb,class_switch_rate,0.0
W065,all,adjacent_samples,rgb,fragmentation_ge2,0.08333333333333333
W065,all,adjacent_samples,rgb,fragmentation_mean,1.0833333333333333
W065,all,adjacent_samples,rgb,gt_tracks_matched,12.0
W065,all,adjacent_samples,rgb,id_switch_rate,0.02531645569620253
W065,all,adjacent_samples,rgb,matched_pairs,79.0
W065,all,adjacent_samples,rgb,reappear_events_judged,0.0
W065,all,adjacent_samples,rgb,reappear_same_class,
W065,all,adjacent_samples,rgb,reappear_same_gt,
W065,all,adjacent_samples,rgb,reappearance_rate,0.35294117647058826
W065,all,adjacent_samples,rgb,seeded_regions,17.0
W065,all,adjacent_samples,rgb,survival_backward,0.8156862745098039
W065,all,adjacent_samples,rgb,survival_forward,0.907563025210084
W065,all,consecutive_annotated,depth,class_switch_rate,0.0
W065,all,consecutive_annotated,depth,fragmentation_ge2,0.0
W065,all,consecutive_annotated,depth,fragmentation_mean,1.0
W065,all,consecutive_annotated,depth,gt_tracks_matched,9.0
W065,all,consecutive_annotated,depth,id_switch_rate,0.06976744186046512
W065,all,consecutive_annotated,depth,matched_pairs,43.0
W065,all,consecutive_annotated,depth,reappear_events_judged,0.0
W065,all,consecutive_annotated,depth,reappear_same_class,
W065,all,consecutive_annotated,depth,reappear_same_gt,
W065,all,consecutive_annotated,depth,reappearance_rate,0.0
W065,all,consecutive_annotated,depth,seeded_regions,6.0
W065,all,consecutive_annotated,depth,survival_backward,0.8777777777777778
W065,all,consecutive_annotated,depth,survival_forward,1.0
W065,all,consecutive_annotated,normal,class_switch_rate,0.0
W065,all,consecutive_annotated,normal,fragmentation_ge2,0.09090909090909091
W065,all,consecutive_annotated,normal,fragmentation_mean,1.0909090909090908
W065,all,consecutive_annotated,normal,gt_tracks_matched,11.0
W065,all,consecutive_annotated,normal,id_switch_rate,0.03614457831325301
W065,all,consecutive_annotated,normal,matched_pairs,83.0
W065,all,consecutive_annotated,normal,reappear_events_judged,0.0
W065,all,consecutive_annotated,normal,reappear_same_class,
W065,all,consecutive_annotated,normal,reappear_same_gt,
W065,all,consecutive_annotated,normal,reappearance_rate,0.1
W065,all,consecutive_annotated,normal,seeded_regions,10.0
W065,all,consecutive_annotated,normal,survival_backward,0.8266666666666665
W065,all,consecutive_annotated,normal,survival_forward,0.9071428571428571
W065,all,consecutive_annotated,rgb,class_switch_rate,0.0
W065,all,consecutive_annotated,rgb,fragmentation_ge2,0.08333333333333333
W065,all,consecutive_annotated,rgb,fragmentation_mean,1.0833333333333333
W065,all,consecutive_annotated,rgb,gt_tracks_matched,12.0
W065,all,consecutive_annotated,rgb,id_switch_rate,0.02531645569620253
W065,all,consecutive_annotated,rgb,matched_pairs,79.0
W065,all,consecutive_annotated,rgb,reappear_events_judged,0.0
W065,all,consecutive_annotated,rgb,reappear_same_class,
W065,all,consecutive_annotated,rgb,reappear_same_gt,
W065,all,consecutive_annotated,rgb,reappearance_rate,0.35294117647058826
W065,all,consecutive_annotated,rgb,seeded_regions,17.0
W065,all,consecutive_annotated,rgb,survival_backward,0.8156862745098039
W065,all,consecutive_annotated,rgb,survival_forward,0.907563025210084
W065,frames_in_order,adjacent_samples,depth,class_switch_rate,0.0
W065,frames_in_order,adjacent_samples,depth,fragmentation_ge2,0.0
W065,frames_in_order,adjacent_samples,depth,fragmentation_mean,1.0
W065,frames_in_order,adjacent_samples,depth,gt_tracks_matched,9.0
W065,frames_in_order,adjacent_samples,depth,id_switch_rate,0.06976744186046512
W065,frames_in_order,adjacent_samples,depth,matched_pairs,43.0
W065,frames_in_order,adjacent_samples,depth,reappear_events_judged,0.0
W065,frames_in_order,adjacent_samples,depth,reappear_same_class,
W065,frames_in_order,adjacent_samples,depth,reappear_same_gt,
W065,frames_in_order,adjacent_samples,depth,reappearance_rate,0.0
W065,frames_in_order,adjacent_samples,depth,seeded_regions,6.0
W065,frames_in_order,adjacent_samples,depth,survival_backward,0.8777777777777778
W065,frames_in_order,adjacent_samples,depth,survival_forward,1.0
W065,frames_in_order,adjacent_samples,normal,class_switch_rate,0.0
W065,frames_in_order,adjacent_samples,normal,fragmentation_ge2,0.09090909090909091
W065,frames_in_order,adjacent_samples,normal,fragmentation_mean,1.0909090909090908
W065,frames_in_order,adjacent_samples,normal,gt_tracks_matched,11.0
W065,frames_in_order,adjacent_samples,normal,id_switch_rate,0.03614457831325301
W065,frames_in_order,adjacent_samples,normal,matched_pairs,83.0
W065,frames_in_order,adjacent_samples,normal,reappear_events_judged,0.0
W065,frames_in_order,adjacent_samples,normal,reappear_same_class,
W065,frames_in_order,adjacent_samples,normal,reappear_same_gt,
W065,frames_in_order,adjacent_samples,normal,reappearance_rate,0.1
W065,frames_in_order,adjacent_samples,normal,seeded_regions,10.0
W065,frames_in_order,adjacent_samples,normal,survival_backward,0.8266666666666665
W065,frames_in_order,adjacent_samples,normal,survival_forward,0.9071428571428571
W065,frames_in_order,adjacent_samples,rgb,class_switch_rate,0.0
W065,frames_in_order,adjacent_samples,rgb,fragmentation_ge2,0.08333333333333333
W065,frames_in_order,adjacent_samples,rgb,fragmentation_mean,1.0833333333333333
W065,frames_in_order,adjacent_samples,rgb,gt_tracks_matched,12.0
W065,frames_in_order,adjacent_samples,rgb,id_switch_rate,0.02531645569620253
W065,frames_in_order,adjacent_samples,rgb,matched_pairs,79.0
W065,frames_in_order,adjacent_samples,rgb,reappear_events_judged,0.0
W065,frames_in_order,adjacent_samples,rgb,reappear_same_class,
W065,frames_in_order,adjacent_samples,rgb,reappear_same_gt,
W065,frames_in_order,adjacent_samples,rgb,reappearance_rate,0.35294117647058826
W065,frames_in_order,adjacent_samples,rgb,seeded_regions,17.0
W065,frames_in_order,adjacent_samples,rgb,survival_backward,0.8156862745098039
W065,frames_in_order,adjacent_samples,rgb,survival_forward,0.907563025210084
W065,frames_in_order,consecutive_annotated,depth,class_switch_rate,0.0
W065,frames_in_order,consecutive_annotated,depth,fragmentation_ge2,0.0
W065,frames_in_order,consecutive_annotated,depth,fragmentation_mean,1.0
W065,frames_in_order,consecutive_annotated,depth,gt_tracks_matched,9.0
W065,frames_in_order,consecutive_annotated,depth,id_switch_rate,0.06976744186046512
W065,frames_in_order,consecutive_annotated,depth,matched_pairs,43.0
W065,frames_in_order,consecutive_annotated,depth,reappear_events_judged,0.0
W065,frames_in_order,consecutive_annotated,depth,reappear_same_class,
W065,frames_in_order,consecutive_annotated,depth,reappear_same_gt,
W065,frames_in_order,consecutive_annotated,depth,reappearance_rate,0.0
W065,frames_in_order,consecutive_annotated,depth,seeded_regions,6.0
W065,frames_in_order,consecutive_annotated,depth,survival_backward,0.8777777777777778
W065,frames_in_order,consecutive_annotated,depth,survival_forward,1.0
W065,frames_in_order,consecutive_annotated,normal,class_switch_rate,0.0
W065,frames_in_order,consecutive_annotated,normal,fragmentation_ge2,0.09090909090909091
W065,frames_in_order,consecutive_annotated,normal,fragmentation_mean,1.0909090909090908
W065,frames_in_order,consecutive_annotated,normal,gt_tracks_matched,11.0
W065,frames_in_order,consecutive_annotated,normal,id_switch_rate,0.03614457831325301
W065,frames_in_order,consecutive_annotated,normal,matched_pairs,83.0
W065,frames_in_order,consecutive_annotated,normal,reappear_events_judged,0.0
W065,frames_in_order,consecutive_annotated,normal,reappear_same_class,
W065,frames_in_order,consecutive_annotated,normal,reappear_same_gt,
W065,frames_in_order,consecutive_annotated,normal,reappearance_rate,0.1
W065,frames_in_order,consecutive_annotated,normal,seeded_regions,10.0
W065,frames_in_order,consecutive_annotated,normal,survival_backward,0.8266666666666665
W065,frames_in_order,consecutive_annotated,normal,survival_forward,0.9071428571428571
W065,frames_in_order,consecutive_annotated,rgb,class_switch_rate,0.0
W065,frames_in_order,consecutive_annotated,rgb,fragmentation_ge2,0.08333333333333333
W065,frames_in_order,consecutive_annotated,rgb,fragmentation_mean,1.0833333333333333
W065,frames_in_order,consecutive_annotated,rgb,gt_tracks_matched,12.0
W065,frames_in_order,consecutive_annotated,rgb,id_switch_rate,0.02531645569620253
W065,frames_in_order,consecutive_annotated,rgb,matched_pairs,79.0
W065,frames_in_order,consecutive_annotated,rgb,reappear_events_judged,0.0
W065,frames_in_order,consecutive_annotated,rgb,reappear_same_class,
W065,frames_in_order,consecutive_annotated,rgb,reappear_same_gt,
W065,frames_in_order,consecutive_annotated,rgb,reappearance_rate,0.35294117647058826
W065,frames_in_order,consecutive_annotated,rgb,seeded_regions,17.0
W065,frames_in_order,consecutive_annotated,rgb,survival_backward,0.8156862745098039
W065,frames_in_order,consecutive_annotated,rgb,survival_forward,0.907563025210084
W066,all,adjacent_samples,depth,class_switch_rate,0.012195121951219513
W066,all,adjacent_samples,depth,fragmentation_ge2,0.09090909090909091
W066,all,adjacent_samples,depth,fragmentation_mean,1.0909090909090908
W066,all,adjacent_samples,depth,gt_tracks_matched,11.0
W066,all,adjacent_samples,depth,id_switch_rate,0.036585365853658534
W066,all,adjacent_samples,depth,matched_pairs,82.0
W066,all,adjacent_samples,depth,reappear_events_judged,0.0
W066,all,adjacent_samples,depth,reappear_same_class,
W066,all,adjacent_samples,depth,reappear_same_gt,
W066,all,adjacent_samples,depth,reappearance_rate,0.375
W066,all,adjacent_samples,depth,seeded_regions,8.0
W066,all,adjacent_samples,depth,survival_backward,0.6416666666666666
W066,all,adjacent_samples,depth,survival_forward,0.9107142857142857
W066,all,adjacent_samples,normal,class_switch_rate,0.010869565217391304
W066,all,adjacent_samples,normal,fragmentation_ge2,0.07692307692307693
W066,all,adjacent_samples,normal,fragmentation_mean,1.0769230769230769
W066,all,adjacent_samples,normal,gt_tracks_matched,13.0
W066,all,adjacent_samples,normal,id_switch_rate,0.010869565217391304
W066,all,adjacent_samples,normal,matched_pairs,92.0
W066,all,adjacent_samples,normal,reappear_events_judged,1.0
W066,all,adjacent_samples,normal,reappear_same_class,1.0
W066,all,adjacent_samples,normal,reappear_same_gt,0.0
W066,all,adjacent_samples,normal,reappearance_rate,0.4
W066,all,adjacent_samples,normal,seeded_regions,10.0
W066,all,adjacent_samples,normal,survival_backward,0.74
W066,all,adjacent_samples,normal,survival_forward,1.0
W066,all,adjacent_samples,rgb,class_switch_rate,0.0
W066,all,adjacent_samples,rgb,fragmentation_ge2,0.06666666666666667
W066,all,adjacent_samples,rgb,fragmentation_mean,1.0666666666666667
W066,all,adjacent_samples,rgb,gt_tracks_matched,15.0
W066,all,adjacent_samples,rgb,id_switch_rate,0.02564102564102564
W066,all,adjacent_samples,rgb,matched_pairs,117.0
W066,all,adjacent_samples,rgb,reappear_events_judged,1.0
W066,all,adjacent_samples,rgb,reappear_same_class,1.0
W066,all,adjacent_samples,rgb,reappear_same_gt,0.0
W066,all,adjacent_samples,rgb,reappearance_rate,0.4
W066,all,adjacent_samples,rgb,seeded_regions,15.0
W066,all,adjacent_samples,rgb,survival_backward,0.8311111111111111
W066,all,adjacent_samples,rgb,survival_forward,0.880952380952381
W066,all,consecutive_annotated,depth,class_switch_rate,0.023529411764705882
W066,all,consecutive_annotated,depth,fragmentation_ge2,0.125
W066,all,consecutive_annotated,depth,fragmentation_mean,1.125
W066,all,consecutive_annotated,depth,gt_tracks_matched,8.0
W066,all,consecutive_annotated,depth,id_switch_rate,0.047058823529411764
W066,all,consecutive_annotated,depth,matched_pairs,85.0
W066,all,consecutive_annotated,depth,reappear_events_judged,0.0
W066,all,consecutive_annotated,depth,reappear_same_class,
W066,all,consecutive_annotated,depth,reappear_same_gt,
W066,all,consecutive_annotated,depth,reappearance_rate,0.375
W066,all,consecutive_annotated,depth,seeded_regions,8.0
W066,all,consecutive_annotated,depth,survival_backward,0.6416666666666666
W066,all,consecutive_annotated,depth,survival_forward,0.9107142857142857
W066,all,consecutive_annotated,normal,class_switch_rate,0.020833333333333332
W066,all,consecutive_annotated,normal,fragmentation_ge2,0.1111111111111111
W066,all,consecutive_annotated,normal,fragmentation_mean,1.1111111111111112
W066,all,consecutive_annotated,normal,gt_tracks_matched,9.0
W066,all,consecutive_annotated,normal,id_switch_rate,0.020833333333333332
W066,all,consecutive_annotated,normal,matched_pairs,96.0
W066,all,consecutive_annotated,normal,reappear_events_judged,1.0
W066,all,consecutive_annotated,normal,reappear_same_class,1.0
W066,all,consecutive_annotated,normal,reappear_same_gt,0.0
W066,all,consecutive_annotated,normal,reappearance_rate,0.4
W066,all,consecutive_annotated,normal,seeded_regions,10.0
W066,all,consecutive_annotated,normal,survival_backward,0.74
W066,all,consecutive_annotated,normal,survival_forward,1.0
W066,all,consecutive_annotated,rgb,class_switch_rate,0.0
W066,all,consecutive_annotated,rgb,fragmentation_ge2,0.09090909090909091
W066,all,consecutive_annotated,rgb,fragmentation_mean,1.0909090909090908
W066,all,consecutive_annotated,rgb,gt_tracks_matched,11.0
W066,all,consecutive_annotated,rgb,id_switch_rate,0.03305785123966942
W066,all,consecutive_annotated,rgb,matched_pairs,121.0
W066,all,consecutive_annotated,rgb,reappear_events_judged,1.0
W066,all,consecutive_annotated,rgb,reappear_same_class,1.0
W066,all,consecutive_annotated,rgb,reappear_same_gt,0.0
W066,all,consecutive_annotated,rgb,reappearance_rate,0.4
W066,all,consecutive_annotated,rgb,seeded_regions,15.0
W066,all,consecutive_annotated,rgb,survival_backward,0.8311111111111111
W066,all,consecutive_annotated,rgb,survival_forward,0.880952380952381
W066,frames_in_order,adjacent_samples,depth,class_switch_rate,0.012195121951219513
W066,frames_in_order,adjacent_samples,depth,fragmentation_ge2,0.09090909090909091
W066,frames_in_order,adjacent_samples,depth,fragmentation_mean,1.0909090909090908
W066,frames_in_order,adjacent_samples,depth,gt_tracks_matched,11.0
W066,frames_in_order,adjacent_samples,depth,id_switch_rate,0.036585365853658534
W066,frames_in_order,adjacent_samples,depth,matched_pairs,82.0
W066,frames_in_order,adjacent_samples,depth,reappear_events_judged,0.0
W066,frames_in_order,adjacent_samples,depth,reappear_same_class,
W066,frames_in_order,adjacent_samples,depth,reappear_same_gt,
W066,frames_in_order,adjacent_samples,depth,reappearance_rate,0.375
W066,frames_in_order,adjacent_samples,depth,seeded_regions,8.0
W066,frames_in_order,adjacent_samples,depth,survival_backward,0.6416666666666666
W066,frames_in_order,adjacent_samples,depth,survival_forward,0.9107142857142857
W066,frames_in_order,adjacent_samples,normal,class_switch_rate,0.010869565217391304
W066,frames_in_order,adjacent_samples,normal,fragmentation_ge2,0.07692307692307693
W066,frames_in_order,adjacent_samples,normal,fragmentation_mean,1.0769230769230769
W066,frames_in_order,adjacent_samples,normal,gt_tracks_matched,13.0
W066,frames_in_order,adjacent_samples,normal,id_switch_rate,0.010869565217391304
W066,frames_in_order,adjacent_samples,normal,matched_pairs,92.0
W066,frames_in_order,adjacent_samples,normal,reappear_events_judged,1.0
W066,frames_in_order,adjacent_samples,normal,reappear_same_class,1.0
W066,frames_in_order,adjacent_samples,normal,reappear_same_gt,0.0
W066,frames_in_order,adjacent_samples,normal,reappearance_rate,0.4
W066,frames_in_order,adjacent_samples,normal,seeded_regions,10.0
W066,frames_in_order,adjacent_samples,normal,survival_backward,0.74
W066,frames_in_order,adjacent_samples,normal,survival_forward,1.0
W066,frames_in_order,adjacent_samples,rgb,class_switch_rate,0.0
W066,frames_in_order,adjacent_samples,rgb,fragmentation_ge2,0.06666666666666667
W066,frames_in_order,adjacent_samples,rgb,fragmentation_mean,1.0666666666666667
W066,frames_in_order,adjacent_samples,rgb,gt_tracks_matched,15.0
W066,frames_in_order,adjacent_samples,rgb,id_switch_rate,0.02564102564102564
W066,frames_in_order,adjacent_samples,rgb,matched_pairs,117.0
W066,frames_in_order,adjacent_samples,rgb,reappear_events_judged,1.0
W066,frames_in_order,adjacent_samples,rgb,reappear_same_class,1.0
W066,frames_in_order,adjacent_samples,rgb,reappear_same_gt,0.0
W066,frames_in_order,adjacent_samples,rgb,reappearance_rate,0.4
W066,frames_in_order,adjacent_samples,rgb,seeded_regions,15.0
W066,frames_in_order,adjacent_samples,rgb,survival_backward,0.8311111111111111
W066,frames_in_order,adjacent_samples,rgb,survival_forward,0.880952380952381
W066,frames_in_order,consecutive_annotated,depth,class_switch_rate,0.023529411764705882
W066,frames_in_order,consecutive_annotated,depth,fragmentation_ge2,0.125
W066,frames_in_order,consecutive_annotated,depth,fragmentation_mean,1.125
W066,frames_in_order,consecutive_annotated,depth,gt_tracks_matched,8.0
W066,frames_in_order,consecutive_annotated,depth,id_switch_rate,0.047058823529411764
W066,frames_in_order,consecutive_annotated,depth,matched_pairs,85.0
W066,frames_in_order,consecutive_annotated,depth,reappear_events_judged,0.0
W066,frames_in_order,consecutive_annotated,depth,reappear_same_class,
W066,frames_in_order,consecutive_annotated,depth,reappear_same_gt,
W066,frames_in_order,consecutive_annotated,depth,reappearance_rate,0.375
W066,frames_in_order,consecutive_annotated,depth,seeded_regions,8.0
W066,frames_in_order,consecutive_annotated,depth,survival_backward,0.6416666666666666
W066,frames_in_order,consecutive_annotated,depth,survival_forward,0.9107142857142857
W066,frames_in_order,consecutive_annotated,normal,class_switch_rate,0.020833333333333332
W066,frames_in_order,consecutive_annotated,normal,fragmentation_ge2,0.1111111111111111
W066,frames_in_order,consecutive_annotated,normal,fragmentation_mean,1.1111111111111112
W066,frames_in_order,consecutive_annotated,normal,gt_tracks_matched,9.0
W066,frames_in_order,consecutive_annotated,normal,id_switch_rate,0.020833333333333332
W066,frames_in_order,consecutive_annotated,normal,matched_pairs,96.0
W066,frames_in_order,consecutive_annotated,normal,reappear_events_judged,1.0
W066,frames_in_order,consecutive_annotated,normal,reappear_same_class,1.0
W066,frames_in_order,consecutive_annotated,normal,reappear_same_gt,0.0
W066,frames_in_order,consecutive_annotated,normal,reappearance_rate,0.4
W066,frames_in_order,consecutive_annotated,normal,seeded_regions,10.0
W066,frames_in_order,consecutive_annotated,normal,survival_backward,0.74
W066,frames_in_order,consecutive_annotated,normal,survival_forward,1.0
W066,frames_in_order,consecutive_annotated,rgb,class_switch_rate,0.0
W066,frames_in_order,consecutive_annotated,rgb,fragmentation_ge2,0.09090909090909091
W066,frames_in_order,consecutive_annotated,rgb,fragmentation_mean,1.0909090909090908
W066,frames_in_order,consecutive_annotated,rgb,gt_tracks_matched,11.0
W066,frames_in_order,consecutive_annotated,rgb,id_switch_rate,0.03305785123966942
W066,frames_in_order,consecutive_annotated,rgb,matched_pairs,121.0
W066,frames_in_order,consecutive_annotated,rgb,reappear_events_judged,1.0
W066,frames_in_order,consecutive_annotated,rgb,reappear_same_class,1.0
W066,frames_in_order,consecutive_annotated,rgb,reappear_same_gt,0.0
W066,frames_in_order,consecutive_annotated,rgb,reappearance_rate,0.4
W066,frames_in_order,consecutive_annotated,rgb,seeded_regions,15.0
W066,frames_in_order,consecutive_annotated,rgb,survival_backward,0.8311111111111111
W066,frames_in_order,consecutive_annotated,rgb,survival_forward,0.880952380952381
W067,all,adjacent_samples,depth,class_switch_rate,0.0
W067,all,adjacent_samples,depth,fragmentation_ge2,0.08333333333333333
W067,all,adjacent_samples,depth,fragmentation_mean,1.0833333333333333
W067,all,adjacent_samples,depth,gt_tracks_matched,12.0
W067,all,adjacent_samples,depth,id_switch_rate,0.007407407407407408
W067,all,adjacent_samples,depth,matched_pairs,135.0
W067,all,adjacent_samples,depth,reappear_events_judged,1.0
W067,all,adjacent_samples,depth,reappear_same_class,1.0
W067,all,adjacent_samples,depth,reappear_same_gt,0.0
W067,all,adjacent_samples,depth,reappearance_rate,0.4
W067,all,adjacent_samples,depth,seeded_regions,10.0
W067,all,adjacent_samples,depth,survival_backward,0.7266666666666667
W067,all,adjacent_samples,depth,survival_forward,0.9928571428571429
W067,all,adjacent_samples,normal,class_switch_rate,0.0
W067,all,adjacent_samples,normal,fragmentation_ge2,0.0625
W067,all,adjacent_samples,normal,fragmentation_mean,1.0625
W067,all,adjacent_samples,normal,gt_tracks_matched,16.0
W067,all,adjacent_samples,normal,id_switch_rate,0.007518796992481203
W067,all,adjacent_samples,normal,matched_pairs,133.0
W067,all,adjacent_samples,normal,reappear_events_judged,1.0
W067,all,adjacent_samples,normal,reappear_same_class,1.0
W067,all,adjacent_samples,normal,reappear_same_gt,0.0
W067,all,adjacent_samples,normal,reappearance_rate,0.18181818181818182
W067,all,adjacent_samples,normal,seeded_regions,11.0
W067,all,adjacent_samples,normal,survival_backward,0.7272727272727273
W067,all,adjacent_samples,normal,survival_forward,0.9545454545454546
W067,all,adjacent_samples,rgb,class_switch_rate,0.0
W067,all,adjacent_samples,rgb,fragmentation_ge2,0.15
W067,all,adjacent_samples,rgb,fragmentation_mean,1.15
W067,all,adjacent_samples,rgb,gt_tracks_matched,20.0
W067,all,adjacent_samples,rgb,id_switch_rate,0.008928571428571428
W067,all,adjacent_samples,rgb,matched_pairs,112.0
W067,all,adjacent_samples,rgb,reappear_events_judged,2.0
W067,all,adjacent_samples,rgb,reappear_same_class,1.0
W067,all,adjacent_samples,rgb,reappear_same_gt,0.0
W067,all,adjacent_samples,rgb,reappearance_rate,0.2222222222222222
W067,all,adjacent_samples,rgb,seeded_regions,18.0
W067,all,adjacent_samples,rgb,survival_backward,0.7481481481481481
W067,all,adjacent_samples,rgb,survival_forward,0.9841269841269842
W067,all,consecutive_annotated,depth,class_switch_rate,0.0
W067,all,consecutive_annotated,depth,fragmentation_ge2,0.1111111111111111
W067,all,consecutive_annotated,depth,fragmentation_mean,1.1111111111111112
W067,all,consecutive_annotated,depth,gt_tracks_matched,9.0
W067,all,consecutive_annotated,depth,id_switch_rate,0.0072992700729927005
W067,all,consecutive_annotated,depth,matched_pairs,137.0
W067,all,consecutive_annotated,depth,reappear_events_judged,1.0
W067,all,consecutive_annotated,depth,reappear_same_class,1.0
W067,all,consecutive_annotated,depth,reappear_same_gt,1.0
W067,all,consecutive_annotated,depth,reappearance_rate,0.4
W067,all,consecutive_annotated,depth,seeded_regions,10.0
W067,all,consecutive_annotated,depth,survival_backward,0.7266666666666667
W067,all,consecutive_annotated,depth,survival_forward,0.9928571428571429
W067,all,consecutive_annotated,normal,class_switch_rate,0.0
W067,all,consecutive_annotated,normal,fragmentation_ge2,0.07692307692307693
W067,all,consecutive_annotated,normal,fragmentation_mean,1.0769230769230769
W067,all,consecutive_annotated,normal,gt_tracks_matched,13.0
W067,all,consecutive_annotated,normal,id_switch_rate,0.014598540145985401
W067,all,consecutive_annotated,normal,matched_pairs,137.0
W067,all,consecutive_annotated,normal,reappear_events_judged,1.0
W067,all,consecutive_annotated,normal,reappear_same_class,1.0
W067,all,consecutive_annotated,normal,reappear_same_gt,0.0
W067,all,consecutive_annotated,normal,reappearance_rate,0.18181818181818182
W067,all,consecutive_annotated,normal,seeded_regions,11.0
W067,all,consecutive_annotated,normal,survival_backward,0.7272727272727273
W067,all,consecutive_annotated,normal,survival_forward,0.9545454545454546
W067,all,consecutive_annotated,rgb,class_switch_rate,0.0
W067,all,consecutive_annotated,rgb,fragmentation_ge2,0.17647058823529413
W067,all,consecutive_annotated,rgb,fragmentation_mean,1.1764705882352942
W067,all,consecutive_annotated,rgb,gt_tracks_matched,17.0
W067,all,consecutive_annotated,rgb,id_switch_rate,0.017391304347826087
W067,all,consecutive_annotated,rgb,matched_pairs,115.0
W067,all,consecutive_annotated,rgb,reappear_events_judged,2.0
W067,all,consecutive_annotated,rgb,reappear_same_class,1.0
W067,all,consecutive_annotated,rgb,reappear_same_gt,0.5
W067,all,consecutive_annotated,rgb,reappearance_rate,0.2222222222222222
W067,all,consecutive_annotated,rgb,seeded_regions,18.0
W067,all,consecutive_annotated,rgb,survival_backward,0.7481481481481481
W067,all,consecutive_annotated,rgb,survival_forward,0.9841269841269842
W067,frames_in_order,adjacent_samples,depth,class_switch_rate,0.0
W067,frames_in_order,adjacent_samples,depth,fragmentation_ge2,0.08333333333333333
W067,frames_in_order,adjacent_samples,depth,fragmentation_mean,1.0833333333333333
W067,frames_in_order,adjacent_samples,depth,gt_tracks_matched,12.0
W067,frames_in_order,adjacent_samples,depth,id_switch_rate,0.007407407407407408
W067,frames_in_order,adjacent_samples,depth,matched_pairs,135.0
W067,frames_in_order,adjacent_samples,depth,reappear_events_judged,1.0
W067,frames_in_order,adjacent_samples,depth,reappear_same_class,1.0
W067,frames_in_order,adjacent_samples,depth,reappear_same_gt,0.0
W067,frames_in_order,adjacent_samples,depth,reappearance_rate,0.4
W067,frames_in_order,adjacent_samples,depth,seeded_regions,10.0
W067,frames_in_order,adjacent_samples,depth,survival_backward,0.7266666666666667
W067,frames_in_order,adjacent_samples,depth,survival_forward,0.9928571428571429
W067,frames_in_order,adjacent_samples,normal,class_switch_rate,0.0
W067,frames_in_order,adjacent_samples,normal,fragmentation_ge2,0.0625
W067,frames_in_order,adjacent_samples,normal,fragmentation_mean,1.0625
W067,frames_in_order,adjacent_samples,normal,gt_tracks_matched,16.0
W067,frames_in_order,adjacent_samples,normal,id_switch_rate,0.007518796992481203
W067,frames_in_order,adjacent_samples,normal,matched_pairs,133.0
W067,frames_in_order,adjacent_samples,normal,reappear_events_judged,1.0
W067,frames_in_order,adjacent_samples,normal,reappear_same_class,1.0
W067,frames_in_order,adjacent_samples,normal,reappear_same_gt,0.0
W067,frames_in_order,adjacent_samples,normal,reappearance_rate,0.18181818181818182
W067,frames_in_order,adjacent_samples,normal,seeded_regions,11.0
W067,frames_in_order,adjacent_samples,normal,survival_backward,0.7272727272727273
W067,frames_in_order,adjacent_samples,normal,survival_forward,0.9545454545454546
W067,frames_in_order,adjacent_samples,rgb,class_switch_rate,0.0
W067,frames_in_order,adjacent_samples,rgb,fragmentation_ge2,0.15
W067,frames_in_order,adjacent_samples,rgb,fragmentation_mean,1.15
W067,frames_in_order,adjacent_samples,rgb,gt_tracks_matched,20.0
W067,frames_in_order,adjacent_samples,rgb,id_switch_rate,0.008928571428571428
W067,frames_in_order,adjacent_samples,rgb,matched_pairs,112.0
W067,frames_in_order,adjacent_samples,rgb,reappear_events_judged,2.0
W067,frames_in_order,adjacent_samples,rgb,reappear_same_class,1.0
W067,frames_in_order,adjacent_samples,rgb,reappear_same_gt,0.0
W067,frames_in_order,adjacent_samples,rgb,reappearance_rate,0.2222222222222222
W067,frames_in_order,adjacent_samples,rgb,seeded_regions,18.0
W067,frames_in_order,adjacent_samples,rgb,survival_backward,0.7481481481481481
W067,frames_in_order,adjacent_samples,rgb,survival_forward,0.9841269841269842
W067,frames_in_order,consecutive_annotated,depth,class_switch_rate,0.0
W067,frames_in_order,consecutive_annotated,depth,fragmentation_ge2,0.1111111111111111
W067,frames_in_order,consecutive_annotated,depth,fragmentation_mean,1.1111111111111112
W067,frames_in_order,consecutive_annotated,depth,gt_tracks_matched,9.0
W067,frames_in_order,consecutive_annotated,depth,id_switch_rate,0.0072992700729927005
W067,frames_in_order,consecutive_annotated,depth,matched_pairs,137.0
W067,frames_in_order,consecutive_annotated,depth,reappear_events_judged,1.0
W067,frames_in_order,consecutive_annotated,depth,reappear_same_class,1.0
W067,frames_in_order,consecutive_annotated,depth,reappear_same_gt,1.0
W067,frames_in_order,consecutive_annotated,depth,reappearance_rate,0.4
W067,frames_in_order,consecutive_annotated,depth,seeded_regions,10.0
W067,frames_in_order,consecutive_annotated,depth,survival_backward,0.7266666666666667
W067,frames_in_order,consecutive_annotated,depth,survival_forward,0.9928571428571429
W067,frames_in_order,consecutive_annotated,normal,class_switch_rate,0.0
W067,frames_in_order,consecutive_annotated,normal,fragmentation_ge2,0.07692307692307693
W067,frames_in_order,consecutive_annotated,normal,fragmentation_mean,1.0769230769230769
W067,frames_in_order,consecutive_annotated,normal,gt_tracks_matched,13.0
W067,frames_in_order,consecutive_annotated,normal,id_switch_rate,0.014598540145985401
W067,frames_in_order,consecutive_annotated,normal,matched_pairs,137.0
W067,frames_in_order,consecutive_annotated,normal,reappear_events_judged,1.0
W067,frames_in_order,consecutive_annotated,normal,reappear_same_class,1.0
W067,frames_in_order,consecutive_annotated,normal,reappear_same_gt,0.0
W067,frames_in_order,consecutive_annotated,normal,reappearance_rate,0.18181818181818182
W067,frames_in_order,consecutive_annotated,normal,seeded_regions,11.0
W067,frames_in_order,consecutive_annotated,normal,survival_backward,0.7272727272727273
W067,frames_in_order,consecutive_annotated,normal,survival_forward,0.9545454545454546
W067,frames_in_order,consecutive_annotated,rgb,class_switch_rate,0.0
W067,frames_in_order,consecutive_annotated,rgb,fragmentation_ge2,0.17647058823529413
W067,frames_in_order,consecutive_annotated,rgb,fragmentation_mean,1.1764705882352942
W067,frames_in_order,consecutive_annotated,rgb,gt_tracks_matched,17.0
W067,frames_in_order,consecutive_annotated,rgb,id_switch_rate,0.017391304347826087
W067,frames_in_order,consecutive_annotated,rgb,matched_pairs,115.0
W067,frames_in_order,consecutive_annotated,rgb,reappear_events_judged,2.0
W067,frames_in_order,consecutive_annotated,rgb,reappear_same_class,1.0
W067,frames_in_order,consecutive_annotated,rgb,reappear_same_gt,0.5
W067,frames_in_order,consecutive_annotated,rgb,reappearance_rate,0.2222222222222222
W067,frames_in_order,consecutive_annotated,rgb,seeded_regions,18.0
W067,frames_in_order,consecutive_annotated,rgb,survival_backward,0.7481481481481481
W067,frames_in_order,consecutive_annotated,rgb,survival_forward,0.9841269841269842
W068,all,adjacent_samples,depth,class_switch_rate,0.0
W068,all,adjacent_samples,depth,fragmentation_ge2,0.06666666666666667
W068,all,adjacent_samples,depth,fragmentation_mean,1.0666666666666667
W068,all,adjacent_samples,depth,gt_tracks_matched,15.0
W068,all,adjacent_samples,depth,id_switch_rate,0.011560693641618497
W068,all,adjacent_samples,depth,matched_pairs,173.0
W068,all,adjacent_samples,depth,reappear_events_judged,1.0
W068,all,adjacent_samples,depth,reappear_same_class,1.0
W068,all,adjacent_samples,depth,reappear_same_gt,1.0
W068,all,adjacent_samples,depth,reappearance_rate,0.16666666666666666
W068,all,adjacent_samples,depth,seeded_regions,12.0
W068,all,adjacent_samples,depth,survival_backward,0.8777777777777778
W068,all,adjacent_samples,depth,survival_forward,0.8809523809523809
W068,all,adjacent_samples,normal,class_switch_rate,0.0
W068,all,adjacent_samples,normal,fragmentation_ge2,0.25
W068,all,adjacent_samples,normal,fragmentation_mean,1.25
W068,all,adjacent_samples,normal,gt_tracks_matched,8.0
W068,all,adjacent_samples,normal,id_switch_rate,0.022388059701492536
W068,all,adjacent_samples,normal,matched_pairs,134.0
W068,all,adjacent_samples,normal,reappear_events_judged,0.0
W068,all,adjacent_samples,normal,reappear_same_class,
W068,all,adjacent_samples,normal,reappear_same_gt,
W068,all,adjacent_samples,normal,reappearance_rate,0.1111111111111111
W068,all,adjacent_samples,normal,seeded_regions,9.0
W068,all,adjacent_samples,normal,survival_backward,0.8962962962962963
W068,all,adjacent_samples,normal,survival_forward,0.8333333333333334
W068,all,adjacent_samples,rgb,class_switch_rate,0.0
W068,all,adjacent_samples,rgb,fragmentation_ge2,0.1111111111111111
W068,all,adjacent_samples,rgb,fragmentation_mean,1.1666666666666667
W068,all,adjacent_samples,rgb,gt_tracks_matched,18.0
W068,all,adjacent_samples,rgb,id_switch_rate,0.03125
W068,all,adjacent_samples,rgb,matched_pairs,160.0
W068,all,adjacent_samples,rgb,reappear_events_judged,3.0
W068,all,adjacent_samples,rgb,reappear_same_class,1.0
W068,all,adjacent_samples,rgb,reappear_same_gt,0.0
W068,all,adjacent_samples,rgb,reappearance_rate,0.13333333333333333
W068,all,adjacent_samples,rgb,seeded_regions,15.0
W068,all,adjacent_samples,rgb,survival_backward,0.8800000000000001
W068,all,adjacent_samples,rgb,survival_forward,0.8904761904761905
W068,all,consecutive_annotated,depth,class_switch_rate,0.0
W068,all,consecutive_annotated,depth,fragmentation_ge2,0.06666666666666667
W068,all,consecutive_annotated,depth,fragmentation_mean,1.0666666666666667
W068,all,consecutive_annotated,depth,gt_tracks_matched,15.0
W068,all,consecutive_annotated,depth,id_switch_rate,0.011560693641618497
W068,all,consecutive_annotated,depth,matched_pairs,173.0
W068,all,consecutive_annotated,depth,reappear_events_judged,1.0
W068,all,consecutive_annotated,depth,reappear_same_class,1.0
W068,all,consecutive_annotated,depth,reappear_same_gt,1.0
W068,all,consecutive_annotated,depth,reappearance_rate,0.16666666666666666
W068,all,consecutive_annotated,depth,seeded_regions,12.0
W068,all,consecutive_annotated,depth,survival_backward,0.8777777777777778
W068,all,consecutive_annotated,depth,survival_forward,0.8809523809523809
W068,all,consecutive_annotated,normal,class_switch_rate,0.0
W068,all,consecutive_annotated,normal,fragmentation_ge2,0.25
W068,all,consecutive_annotated,normal,fragmentation_mean,1.25
W068,all,consecutive_annotated,normal,gt_tracks_matched,8.0
W068,all,consecutive_annotated,normal,id_switch_rate,0.022388059701492536
W068,all,consecutive_annotated,normal,matched_pairs,134.0
W068,all,consecutive_annotated,normal,reappear_events_judged,0.0
W068,all,consecutive_annotated,normal,reappear_same_class,
W068,all,consecutive_annotated,normal,reappear_same_gt,
W068,all,consecutive_annotated,normal,reappearance_rate,0.1111111111111111
W068,all,consecutive_annotated,normal,seeded_regions,9.0
W068,all,consecutive_annotated,normal,survival_backward,0.8962962962962963
W068,all,consecutive_annotated,normal,survival_forward,0.8333333333333334
W068,all,consecutive_annotated,rgb,class_switch_rate,0.0
W068,all,consecutive_annotated,rgb,fragmentation_ge2,0.1111111111111111
W068,all,consecutive_annotated,rgb,fragmentation_mean,1.1666666666666667
W068,all,consecutive_annotated,rgb,gt_tracks_matched,18.0
W068,all,consecutive_annotated,rgb,id_switch_rate,0.03125
W068,all,consecutive_annotated,rgb,matched_pairs,160.0
W068,all,consecutive_annotated,rgb,reappear_events_judged,3.0
W068,all,consecutive_annotated,rgb,reappear_same_class,1.0
W068,all,consecutive_annotated,rgb,reappear_same_gt,0.0
W068,all,consecutive_annotated,rgb,reappearance_rate,0.13333333333333333
W068,all,consecutive_annotated,rgb,seeded_regions,15.0
W068,all,consecutive_annotated,rgb,survival_backward,0.8800000000000001
W068,all,consecutive_annotated,rgb,survival_forward,0.8904761904761905
W068,frames_in_order,adjacent_samples,depth,class_switch_rate,0.0
W068,frames_in_order,adjacent_samples,depth,fragmentation_ge2,0.06666666666666667
W068,frames_in_order,adjacent_samples,depth,fragmentation_mean,1.0666666666666667
W068,frames_in_order,adjacent_samples,depth,gt_tracks_matched,15.0
W068,frames_in_order,adjacent_samples,depth,id_switch_rate,0.011560693641618497
W068,frames_in_order,adjacent_samples,depth,matched_pairs,173.0
W068,frames_in_order,adjacent_samples,depth,reappear_events_judged,1.0
W068,frames_in_order,adjacent_samples,depth,reappear_same_class,1.0
W068,frames_in_order,adjacent_samples,depth,reappear_same_gt,1.0
W068,frames_in_order,adjacent_samples,depth,reappearance_rate,0.16666666666666666
W068,frames_in_order,adjacent_samples,depth,seeded_regions,12.0
W068,frames_in_order,adjacent_samples,depth,survival_backward,0.8777777777777778
W068,frames_in_order,adjacent_samples,depth,survival_forward,0.8809523809523809
W068,frames_in_order,adjacent_samples,normal,class_switch_rate,0.0
W068,frames_in_order,adjacent_samples,normal,fragmentation_ge2,0.25
W068,frames_in_order,adjacent_samples,normal,fragmentation_mean,1.25
W068,frames_in_order,adjacent_samples,normal,gt_tracks_matched,8.0
W068,frames_in_order,adjacent_samples,normal,id_switch_rate,0.022388059701492536
W068,frames_in_order,adjacent_samples,normal,matched_pairs,134.0
W068,frames_in_order,adjacent_samples,normal,reappear_events_judged,0.0
W068,frames_in_order,adjacent_samples,normal,reappear_same_class,
W068,frames_in_order,adjacent_samples,normal,reappear_same_gt,
W068,frames_in_order,adjacent_samples,normal,reappearance_rate,0.1111111111111111
W068,frames_in_order,adjacent_samples,normal,seeded_regions,9.0
W068,frames_in_order,adjacent_samples,normal,survival_backward,0.8962962962962963
W068,frames_in_order,adjacent_samples,normal,survival_forward,0.8333333333333334
W068,frames_in_order,adjacent_samples,rgb,class_switch_rate,0.0
W068,frames_in_order,adjacent_samples,rgb,fragmentation_ge2,0.1111111111111111
W068,frames_in_order,adjacent_samples,rgb,fragmentation_mean,1.1666666666666667
W068,frames_in_order,adjacent_samples,rgb,gt_tracks_matched,18.0
W068,frames_in_order,adjacent_samples,rgb,id_switch_rate,0.03125
W068,frames_in_order,adjacent_samples,rgb,matched_pairs,160.0
W068,frames_in_order,adjacent_samples,rgb,reappear_events_judged,3.0
W068,frames_in_order,adjacent_samples,rgb,reappear_same_class,1.0
W068,frames_in_order,adjacent_samples,rgb,reappear_same_gt,0.0
W068,frames_in_order,adjacent_samples,rgb,reappearance_rate,0.13333333333333333
W068,frames_in_order,adjacent_samples,rgb,seeded_regions,15.0
W068,frames_in_order,adjacent_samples,rgb,survival_backward,0.8800000000000001
W068,frames_in_order,adjacent_samples,rgb,survival_forward,0.8904761904761905
W068,frames_in_order,consecutive_annotated,depth,class_switch_rate,0.0
W068,frames_in_order,consecutive_annotated,depth,fragmentation_ge2,0.06666666666666667
W068,frames_in_order,consecutive_annotated,depth,fragmentation_mean,1.0666666666666667
W068,frames_in_order,consecutive_annotated,depth,gt_tracks_matched,15.0
W068,frames_in_order,consecutive_annotated,depth,id_switch_rate,0.011560693641618497
W068,frames_in_order,consecutive_annotated,depth,matched_pairs,173.0
W068,frames_in_order,consecutive_annotated,depth,reappear_events_judged,1.0
W068,frames_in_order,consecutive_annotated,depth,reappear_same_class,1.0
W068,frames_in_order,consecutive_annotated,depth,reappear_same_gt,1.0
W068,frames_in_order,consecutive_annotated,depth,reappearance_rate,0.16666666666666666
W068,frames_in_order,consecutive_annotated,depth,seeded_regions,12.0
W068,frames_in_order,consecutive_annotated,depth,survival_backward,0.8777777777777778
W068,frames_in_order,consecutive_annotated,depth,survival_forward,0.8809523809523809
W068,frames_in_order,consecutive_annotated,normal,class_switch_rate,0.0
W068,frames_in_order,consecutive_annotated,normal,fragmentation_ge2,0.25
W068,frames_in_order,consecutive_annotated,normal,fragmentation_mean,1.25
W068,frames_in_order,consecutive_annotated,normal,gt_tracks_matched,8.0
W068,frames_in_order,consecutive_annotated,normal,id_switch_rate,0.022388059701492536
W068,frames_in_order,consecutive_annotated,normal,matched_pairs,134.0
W068,frames_in_order,consecutive_annotated,normal,reappear_events_judged,0.0
W068,frames_in_order,consecutive_annotated,normal,reappear_same_class,
W068,frames_in_order,consecutive_annotated,normal,reappear_same_gt,
W068,frames_in_order,consecutive_annotated,normal,reappearance_rate,0.1111111111111111
W068,frames_in_order,consecutive_annotated,normal,seeded_regions,9.0
W068,frames_in_order,consecutive_annotated,normal,survival_backward,0.8962962962962963
W068,frames_in_order,consecutive_annotated,normal,survival_forward,0.8333333333333334
W068,frames_in_order,consecutive_annotated,rgb,class_switch_rate,0.0
W068,frames_in_order,consecutive_annotated,rgb,fragmentation_ge2,0.1111111111111111
W068,frames_in_order,consecutive_annotated,rgb,fragmentation_mean,1.1666666666666667
W068,frames_in_order,consecutive_annotated,rgb,gt_tracks_matched,18.0
W068,frames_in_order,consecutive_annotated,rgb,id_switch_rate,0.03125
W068,frames_in_order,consecutive_annotated,rgb,matched_pairs,160.0
W068,frames_in_order,consecutive_annotated,rgb,reappear_events_judged,3.0
W068,frames_in_order,consecutive_annotated,rgb,reappear_same_class,1.0
W068,frames_in_order,consecutive_annotated,rgb,reappear_same_gt,0.0
W068,frames_in_order,consecutive_annotated,rgb,reappearance_rate,0.13333333333333333
W068,frames_in_order,consecutive_annotated,rgb,seeded_regions,15.0
W068,frames_in_order,consecutive_annotated,rgb,survival_backward,0.8800000000000001
W068,frames_in_order,consecutive_annotated,rgb,survival_forward,0.8904761904761905
W069,all,adjacent_samples,depth,class_switch_rate,0.0
W069,all,adjacent_samples,depth,fragmentation_ge2,0.058823529411764705
W069,all,adjacent_samples,depth,fragmentation_mean,1.0588235294117647
W069,all,adjacent_samples,depth,gt_tracks_matched,17.0
W069,all,adjacent_samples,depth,id_switch_rate,0.02512562814070352
W069,all,adjacent_samples,depth,matched_pairs,199.0
W069,all,adjacent_samples,depth,reappear_events_judged,3.0
W069,all,adjacent_samples,depth,reappear_same_class,1.0
W069,all,adjacent_samples,depth,reappear_same_gt,0.0
W069,all,adjacent_samples,depth,reappearance_rate,0.1
W069,all,adjacent_samples,depth,seeded_regions,10.0
W069,all,adjacent_samples,depth,survival_backward,0.9400000000000001
W069,all,adjacent_samples,depth,survival_forward,0.7428571428571429
W069,all,adjacent_samples,normal,class_switch_rate,0.0
W069,all,adjacent_samples,normal,fragmentation_ge2,0.18181818181818182
W069,all,adjacent_samples,normal,fragmentation_mean,1.1818181818181819
W069,all,adjacent_samples,normal,gt_tracks_matched,11.0
W069,all,adjacent_samples,normal,id_switch_rate,0.03488372093023256
W069,all,adjacent_samples,normal,matched_pairs,172.0
W069,all,adjacent_samples,normal,reappear_events_judged,0.0
W069,all,adjacent_samples,normal,reappear_same_class,
W069,all,adjacent_samples,normal,reappear_same_gt,
W069,all,adjacent_samples,normal,reappearance_rate,0.1
W069,all,adjacent_samples,normal,seeded_regions,10.0
W069,all,adjacent_samples,normal,survival_backward,0.96
W069,all,adjacent_samples,normal,survival_forward,0.6714285714285715
W069,all,adjacent_samples,rgb,class_switch_rate,0.0
W069,all,adjacent_samples,rgb,fragmentation_ge2,0.15789473684210525
W069,all,adjacent_samples,rgb,fragmentation_mean,1.1578947368421053
W069,all,adjacent_samples,rgb,gt_tracks_matched,19.0
W069,all,adjacent_samples,rgb,id_switch_rate,0.03827751196172249
W069,all,adjacent_samples,rgb,matched_pairs,209.0
W069,all,adjacent_samples,rgb,reappear_events_judged,1.0
W069,all,adjacent_samples,rgb,reappear_same_class,1.0
W069,all,adjacent_samples,rgb,reappear_same_gt,0.0
W069,all,adjacent_samples,rgb,reappearance_rate,0.0625
W069,all,adjacent_samples,rgb,seeded_regions,16.0
W069,all,adjacent_samples,rgb,survival_backward,0.9625
W069,all,adjacent_samples,rgb,survival_forward,0.7857142857142858
W069,all,consecutive_annotated,depth,class_switch_rate,0.0
W069,all,consecutive_annotated,depth,fragmentation_ge2,0.058823529411764705
W069,all,consecutive_annotated,depth,fragmentation_mean,1.0588235294117647
W069,all,consecutive_annotated,depth,gt_tracks_matched,17.0
W069,all,consecutive_annotated,depth,id_switch_rate,0.02512562814070352
W069,all,consecutive_annotated,depth,matched_pairs,199.0
W069,all,consecutive_annotated,depth,reappear_events_judged,3.0
W069,all,consecutive_annotated,depth,reappear_same_class,1.0
W069,all,consecutive_annotated,depth,reappear_same_gt,0.0
W069,all,consecutive_annotated,depth,reappearance_rate,0.1
W069,all,consecutive_annotated,depth,seeded_regions,10.0
W069,all,consecutive_annotated,depth,survival_backward,0.9400000000000001
W069,all,consecutive_annotated,depth,survival_forward,0.7428571428571429
W069,all,consecutive_annotated,normal,class_switch_rate,0.0
W069,all,consecutive_annotated,normal,fragmentation_ge2,0.18181818181818182
W069,all,consecutive_annotated,normal,fragmentation_mean,1.1818181818181819
W069,all,consecutive_annotated,normal,gt_tracks_matched,11.0
W069,all,consecutive_annotated,normal,id_switch_rate,0.03488372093023256
W069,all,consecutive_annotated,normal,matched_pairs,172.0
W069,all,consecutive_annotated,normal,reappear_events_judged,0.0
W069,all,consecutive_annotated,normal,reappear_same_class,
W069,all,consecutive_annotated,normal,reappear_same_gt,
W069,all,consecutive_annotated,normal,reappearance_rate,0.1
W069,all,consecutive_annotated,normal,seeded_regions,10.0
W069,all,consecutive_annotated,normal,survival_backward,0.96
W069,all,consecutive_annotated,normal,survival_forward,0.6714285714285715
W069,all,consecutive_annotated,rgb,class_switch_rate,0.0
W069,all,consecutive_annotated,rgb,fragmentation_ge2,0.15789473684210525
W069,all,consecutive_annotated,rgb,fragmentation_mean,1.1578947368421053
W069,all,consecutive_annotated,rgb,gt_tracks_matched,19.0
W069,all,consecutive_annotated,rgb,id_switch_rate,0.03827751196172249
W069,all,consecutive_annotated,rgb,matched_pairs,209.0
W069,all,consecutive_annotated,rgb,reappear_events_judged,1.0
W069,all,consecutive_annotated,rgb,reappear_same_class,1.0
W069,all,consecutive_annotated,rgb,reappear_same_gt,0.0
W069,all,consecutive_annotated,rgb,reappearance_rate,0.0625
W069,all,consecutive_annotated,rgb,seeded_regions,16.0
W069,all,consecutive_annotated,rgb,survival_backward,0.9625
W069,all,consecutive_annotated,rgb,survival_forward,0.7857142857142858
W069,frames_in_order,adjacent_samples,depth,class_switch_rate,0.0
W069,frames_in_order,adjacent_samples,depth,fragmentation_ge2,0.058823529411764705
W069,frames_in_order,adjacent_samples,depth,fragmentation_mean,1.0588235294117647
W069,frames_in_order,adjacent_samples,depth,gt_tracks_matched,17.0
W069,frames_in_order,adjacent_samples,depth,id_switch_rate,0.02512562814070352
W069,frames_in_order,adjacent_samples,depth,matched_pairs,199.0
W069,frames_in_order,adjacent_samples,depth,reappear_events_judged,3.0
W069,frames_in_order,adjacent_samples,depth,reappear_same_class,1.0
W069,frames_in_order,adjacent_samples,depth,reappear_same_gt,0.0
W069,frames_in_order,adjacent_samples,depth,reappearance_rate,0.1
W069,frames_in_order,adjacent_samples,depth,seeded_regions,10.0
W069,frames_in_order,adjacent_samples,depth,survival_backward,0.9400000000000001
W069,frames_in_order,adjacent_samples,depth,survival_forward,0.7428571428571429
W069,frames_in_order,adjacent_samples,normal,class_switch_rate,0.0
W069,frames_in_order,adjacent_samples,normal,fragmentation_ge2,0.18181818181818182
W069,frames_in_order,adjacent_samples,normal,fragmentation_mean,1.1818181818181819
W069,frames_in_order,adjacent_samples,normal,gt_tracks_matched,11.0
W069,frames_in_order,adjacent_samples,normal,id_switch_rate,0.03488372093023256
W069,frames_in_order,adjacent_samples,normal,matched_pairs,172.0
W069,frames_in_order,adjacent_samples,normal,reappear_events_judged,0.0
W069,frames_in_order,adjacent_samples,normal,reappear_same_class,
W069,frames_in_order,adjacent_samples,normal,reappear_same_gt,
W069,frames_in_order,adjacent_samples,normal,reappearance_rate,0.1
W069,frames_in_order,adjacent_samples,normal,seeded_regions,10.0
W069,frames_in_order,adjacent_samples,normal,survival_backward,0.96
W069,frames_in_order,adjacent_samples,normal,survival_forward,0.6714285714285715
W069,frames_in_order,adjacent_samples,rgb,class_switch_rate,0.0
W069,frames_in_order,adjacent_samples,rgb,fragmentation_ge2,0.15789473684210525
W069,frames_in_order,adjacent_samples,rgb,fragmentation_mean,1.1578947368421053
W069,frames_in_order,adjacent_samples,rgb,gt_tracks_matched,19.0
W069,frames_in_order,adjacent_samples,rgb,id_switch_rate,0.03827751196172249
W069,frames_in_order,adjacent_samples,rgb,matched_pairs,209.0
W069,frames_in_order,adjacent_samples,rgb,reappear_events_judged,1.0
W069,frames_in_order,adjacent_samples,rgb,reappear_same_class,1.0
W069,frames_in_order,adjacent_samples,rgb,reappear_same_gt,0.0
W069,frames_in_order,adjacent_samples,rgb,reappearance_rate,0.0625
W069,frames_in_order,adjacent_samples,rgb,seeded_regions,16.0
W069,frames_in_order,adjacent_samples,rgb,survival_backward,0.9625
W069,frames_in_order,adjacent_samples,rgb,survival_forward,0.7857142857142858
W069,frames_in_order,consecutive_annotated,depth,class_switch_rate,0.0
W069,frames_in_order,consecutive_annotated,depth,fragmentation_ge2,0.058823529411764705
W069,frames_in_order,consecutive_annotated,depth,fragmentation_mean,1.0588235294117647
W069,frames_in_order,consecutive_annotated,depth,gt_tracks_matched,17.0
W069,frames_in_order,consecutive_annotated,depth,id_switch_rate,0.02512562814070352
W069,frames_in_order,consecutive_annotated,depth,matched_pairs,199.0
W069,frames_in_order,consecutive_annotated,depth,reappear_events_judged,3.0
W069,frames_in_order,consecutive_annotated,depth,reappear_same_class,1.0
W069,frames_in_order,consecutive_annotated,depth,reappear_same_gt,0.0
W069,frames_in_order,consecutive_annotated,depth,reappearance_rate,0.1
W069,frames_in_order,consecutive_annotated,depth,seeded_regions,10.0
W069,frames_in_order,consecutive_annotated,depth,survival_backward,0.9400000000000001
W069,frames_in_order,consecutive_annotated,depth,survival_forward,0.7428571428571429
W069,frames_in_order,consecutive_annotated,normal,class_switch_rate,0.0
W069,frames_in_order,consecutive_annotated,normal,fragmentation_ge2,0.18181818181818182
W069,frames_in_order,consecutive_annotated,normal,fragmentation_mean,1.1818181818181819
W069,frames_in_order,consecutive_annotated,normal,gt_tracks_matched,11.0
W069,frames_in_order,consecutive_annotated,normal,id_switch_rate,0.03488372093023256
W069,frames_in_order,consecutive_annotated,normal,matched_pairs,172.0
W069,frames_in_order,consecutive_annotated,normal,reappear_events_judged,0.0
W069,frames_in_order,consecutive_annotated,normal,reappear_same_class,
W069,frames_in_order,consecutive_annotated,normal,reappear_same_gt,
W069,frames_in_order,consecutive_annotated,normal,reappearance_rate,0.1
W069,frames_in_order,consecutive_annotated,normal,seeded_regions,10.0
W069,frames_in_order,consecutive_annotated,normal,survival_backward,0.96
W069,frames_in_order,consecutive_annotated,normal,survival_forward,0.6714285714285715
W069,frames_in_order,consecutive_annotated,rgb,class_switch_rate,0.0
W069,frames_in_order,consecutive_annotated,rgb,fragmentation_ge2,0.15789473684210525
W069,frames_in_order,consecutive_annotated,rgb,fragmentation_mean,1.1578947368421053
W069,frames_in_order,consecutive_annotated,rgb,gt_tracks_matched,19.0
W069,frames_in_order,consecutive_annotated,rgb,id_switch_rate,0.03827751196172249
W069,frames_in_order,consecutive_annotated,rgb,matched_pairs,209.0
W069,frames_in_order,consecutive_annotated,rgb,reappear_events_judged,1.0
W069,frames_in_order,consecutive_annotated,rgb,reappear_same_class,1.0
W069,frames_in_order,consecutive_annotated,rgb,reappear_same_gt,0.0
W069,frames_in_order,consecutive_annotated,rgb,reappearance_rate,0.0625
W069,frames_in_order,consecutive_annotated,rgb,seeded_regions,16.0
W069,frames_in_order,consecutive_annotated,rgb,survival_backward,0.9625
W069,frames_in_order,consecutive_annotated,rgb,survival_forward,0.7857142857142858
W070,all,adjacent_samples,depth,class_switch_rate,0.0
W070,all,adjacent_samples,depth,fragmentation_ge2,0.0
W070,all,adjacent_samples,depth,fragmentation_mean,1.0
W070,all,adjacent_samples,depth,gt_tracks_matched,15.0
W070,all,adjacent_samples,depth,id_switch_rate,0.03333333333333333
W070,all,adjacent_samples,depth,matched_pairs,120.0
W070,all,adjacent_samples,depth,reappear_events_judged,2.0
W070,all,adjacent_samples,depth,reappear_same_class,1.0
W070,all,adjacent_samples,depth,reappear_same_gt,0.0
W070,all,adjacent_samples,depth,reappearance_rate,0.14285714285714285
W070,all,adjacent_samples,depth,seeded_regions,7.0
W070,all,adjacent_samples,depth,survival_backward,0.980952380952381
W070,all,adjacent_samples,depth,survival_forward,0.3469387755102041
W070,all,adjacent_samples,normal,class_switch_rate,0.0
W070,all,adjacent_samples,normal,fragmentation_ge2,0.07142857142857142
W070,all,adjacent_samples,normal,fragmentation_mean,1.0714285714285714
W070,all,adjacent_samples,normal,gt_tracks_matched,14.0
W070,all,adjacent_samples,normal,id_switch_rate,0.02112676056338028
W070,all,adjacent_samples,normal,matched_pairs,142.0
W070,all,adjacent_samples,normal,reappear_events_judged,0.0
W070,all,adjacent_samples,normal,reappear_same_class,
W070,all,adjacent_samples,normal,reappear_same_gt,
W070,all,adjacent_samples,normal,reappearance_rate,0.2727272727272727
W070,all,adjacent_samples,normal,seeded_regions,11.0
W070,all,adjacent_samples,normal,survival_backward,0.9090909090909091
W070,all,adjacent_samples,normal,survival_forward,0.4220779220779221
W070,all,adjacent_samples,rgb,class_switch_rate,0.0
W070,all,adjacent_samples,rgb,fragmentation_ge2,0.125
W070,all,adjacent_samples,rgb,fragmentation_mean,1.125
W070,all,adjacent_samples,rgb,gt_tracks_matched,16.0
W070,all,adjacent_samples,rgb,id_switch_rate,0.028089887640449437
W070,all,adjacent_samples,rgb,matched_pairs,178.0
W070,all,adjacent_samples,rgb,reappear_events_judged,2.0
W070,all,adjacent_samples,rgb,reappear_same_class,1.0
W070,all,adjacent_samples,rgb,reappear_same_gt,0.0
W070,all,adjacent_samples,rgb,reappearance_rate,0.3157894736842105
W070,all,adjacent_samples,rgb,seeded_regions,19.0
W070,all,adjacent_samples,rgb,survival_backward,0.9122807017543859
W070,all,adjacent_samples,rgb,survival_forward,0.5150375939849624
W070,all,consecutive_annotated,depth,class_switch_rate,0.0
W070,all,consecutive_annotated,depth,fragmentation_ge2,0.0
W070,all,consecutive_annotated,depth,fragmentation_mean,1.0
W070,all,consecutive_annotated,depth,gt_tracks_matched,15.0
W070,all,consecutive_annotated,depth,id_switch_rate,0.03333333333333333
W070,all,consecutive_annotated,depth,matched_pairs,120.0
W070,all,consecutive_annotated,depth,reappear_events_judged,2.0
W070,all,consecutive_annotated,depth,reappear_same_class,1.0
W070,all,consecutive_annotated,depth,reappear_same_gt,0.0
W070,all,consecutive_annotated,depth,reappearance_rate,0.14285714285714285
W070,all,consecutive_annotated,depth,seeded_regions,7.0
W070,all,consecutive_annotated,depth,survival_backward,0.980952380952381
W070,all,consecutive_annotated,depth,survival_forward,0.3469387755102041
W070,all,consecutive_annotated,normal,class_switch_rate,0.0
W070,all,consecutive_annotated,normal,fragmentation_ge2,0.07142857142857142
W070,all,consecutive_annotated,normal,fragmentation_mean,1.0714285714285714
W070,all,consecutive_annotated,normal,gt_tracks_matched,14.0
W070,all,consecutive_annotated,normal,id_switch_rate,0.02112676056338028
W070,all,consecutive_annotated,normal,matched_pairs,142.0
W070,all,consecutive_annotated,normal,reappear_events_judged,0.0
W070,all,consecutive_annotated,normal,reappear_same_class,
W070,all,consecutive_annotated,normal,reappear_same_gt,
W070,all,consecutive_annotated,normal,reappearance_rate,0.2727272727272727
W070,all,consecutive_annotated,normal,seeded_regions,11.0
W070,all,consecutive_annotated,normal,survival_backward,0.9090909090909091
W070,all,consecutive_annotated,normal,survival_forward,0.4220779220779221
W070,all,consecutive_annotated,rgb,class_switch_rate,0.0
W070,all,consecutive_annotated,rgb,fragmentation_ge2,0.125
W070,all,consecutive_annotated,rgb,fragmentation_mean,1.125
W070,all,consecutive_annotated,rgb,gt_tracks_matched,16.0
W070,all,consecutive_annotated,rgb,id_switch_rate,0.028089887640449437
W070,all,consecutive_annotated,rgb,matched_pairs,178.0
W070,all,consecutive_annotated,rgb,reappear_events_judged,2.0
W070,all,consecutive_annotated,rgb,reappear_same_class,1.0
W070,all,consecutive_annotated,rgb,reappear_same_gt,0.0
W070,all,consecutive_annotated,rgb,reappearance_rate,0.3157894736842105
W070,all,consecutive_annotated,rgb,seeded_regions,19.0
W070,all,consecutive_annotated,rgb,survival_backward,0.9122807017543859
W070,all,consecutive_annotated,rgb,survival_forward,0.5150375939849624
W070,frames_in_order,adjacent_samples,depth,class_switch_rate,0.0
W070,frames_in_order,adjacent_samples,depth,fragmentation_ge2,0.0
W070,frames_in_order,adjacent_samples,depth,fragmentation_mean,1.0
W070,frames_in_order,adjacent_samples,depth,gt_tracks_matched,15.0
W070,frames_in_order,adjacent_samples,depth,id_switch_rate,0.03333333333333333
W070,frames_in_order,adjacent_samples,depth,matched_pairs,120.0
W070,frames_in_order,adjacent_samples,depth,reappear_events_judged,2.0
W070,frames_in_order,adjacent_samples,depth,reappear_same_class,1.0
W070,frames_in_order,adjacent_samples,depth,reappear_same_gt,0.0
W070,frames_in_order,adjacent_samples,depth,reappearance_rate,0.14285714285714285
W070,frames_in_order,adjacent_samples,depth,seeded_regions,7.0
W070,frames_in_order,adjacent_samples,depth,survival_backward,0.980952380952381
W070,frames_in_order,adjacent_samples,depth,survival_forward,0.3469387755102041
W070,frames_in_order,adjacent_samples,normal,class_switch_rate,0.0
W070,frames_in_order,adjacent_samples,normal,fragmentation_ge2,0.07142857142857142
W070,frames_in_order,adjacent_samples,normal,fragmentation_mean,1.0714285714285714
W070,frames_in_order,adjacent_samples,normal,gt_tracks_matched,14.0
W070,frames_in_order,adjacent_samples,normal,id_switch_rate,0.02112676056338028
W070,frames_in_order,adjacent_samples,normal,matched_pairs,142.0
W070,frames_in_order,adjacent_samples,normal,reappear_events_judged,0.0
W070,frames_in_order,adjacent_samples,normal,reappear_same_class,
W070,frames_in_order,adjacent_samples,normal,reappear_same_gt,
W070,frames_in_order,adjacent_samples,normal,reappearance_rate,0.2727272727272727
W070,frames_in_order,adjacent_samples,normal,seeded_regions,11.0
W070,frames_in_order,adjacent_samples,normal,survival_backward,0.9090909090909091
W070,frames_in_order,adjacent_samples,normal,survival_forward,0.4220779220779221
W070,frames_in_order,adjacent_samples,rgb,class_switch_rate,0.0
W070,frames_in_order,adjacent_samples,rgb,fragmentation_ge2,0.125
W070,frames_in_order,adjacent_samples,rgb,fragmentation_mean,1.125
W070,frames_in_order,adjacent_samples,rgb,gt_tracks_matched,16.0
W070,frames_in_order,adjacent_samples,rgb,id_switch_rate,0.028089887640449437
W070,frames_in_order,adjacent_samples,rgb,matched_pairs,178.0
W070,frames_in_order,adjacent_samples,rgb,reappear_events_judged,2.0
W070,frames_in_order,adjacent_samples,rgb,reappear_same_class,1.0
W070,frames_in_order,adjacent_samples,rgb,reappear_same_gt,0.0
W070,frames_in_order,adjacent_samples,rgb,reappearance_rate,0.3157894736842105
W070,frames_in_order,adjacent_samples,rgb,seeded_regions,19.0
W070,frames_in_order,adjacent_samples,rgb,survival_backward,0.9122807017543859
W070,frames_in_order,adjacent_samples,rgb,survival_forward,0.5150375939849624
W070,frames_in_order,consecutive_annotated,depth,class_switch_rate,0.0
W070,frames_in_order,consecutive_annotated,depth,fragmentation_ge2,0.0
W070,frames_in_order,consecutive_annotated,depth,fragmentation_mean,1.0
W070,frames_in_order,consecutive_annotated,depth,gt_tracks_matched,15.0
W070,frames_in_order,consecutive_annotated,depth,id_switch_rate,0.03333333333333333
W070,frames_in_order,consecutive_annotated,depth,matched_pairs,120.0
W070,frames_in_order,consecutive_annotated,depth,reappear_events_judged,2.0
W070,frames_in_order,consecutive_annotated,depth,reappear_same_class,1.0
W070,frames_in_order,consecutive_annotated,depth,reappear_same_gt,0.0
W070,frames_in_order,consecutive_annotated,depth,reappearance_rate,0.14285714285714285
W070,frames_in_order,consecutive_annotated,depth,seeded_regions,7.0
W070,frames_in_order,consecutive_annotated,depth,survival_backward,0.980952380952381
W070,frames_in_order,consecutive_annotated,depth,survival_forward,0.3469387755102041
W070,frames_in_order,consecutive_annotated,normal,class_switch_rate,0.0
W070,frames_in_order,consecutive_annotated,normal,fragmentation_ge2,0.07142857142857142
W070,frames_in_order,consecutive_annotated,normal,fragmentation_mean,1.0714285714285714
W070,frames_in_order,consecutive_annotated,normal,gt_tracks_matched,14.0
W070,frames_in_order,consecutive_annotated,normal,id_switch_rate,0.02112676056338028
W070,frames_in_order,consecutive_annotated,normal,matched_pairs,142.0
W070,frames_in_order,consecutive_annotated,normal,reappear_events_judged,0.0
W070,frames_in_order,consecutive_annotated,normal,reappear_same_class,
W070,frames_in_order,consecutive_annotated,normal,reappear_same_gt,
W070,frames_in_order,consecutive_annotated,normal,reappearance_rate,0.2727272727272727
W070,frames_in_order,consecutive_annotated,normal,seeded_regions,11.0
W070,frames_in_order,consecutive_annotated,normal,survival_backward,0.9090909090909091
W070,frames_in_order,consecutive_annotated,normal,survival_forward,0.4220779220779221
W070,frames_in_order,consecutive_annotated,rgb,class_switch_rate,0.0
W070,frames_in_order,consecutive_annotated,rgb,fragmentation_ge2,0.125
W070,frames_in_order,consecutive_annotated,rgb,fragmentation_mean,1.125
W070,frames_in_order,consecutive_annotated,rgb,gt_tracks_matched,16.0
W070,frames_in_order,consecutive_annotated,rgb,id_switch_rate,0.028089887640449437
W070,frames_in_order,consecutive_annotated,rgb,matched_pairs,178.0
W070,frames_in_order,consecutive_annotated,rgb,reappear_events_judged,2.0
W070,frames_in_order,consecutive_annotated,rgb,reappear_same_class,1.0
W070,frames_in_order,consecutive_annotated,rgb,reappear_same_gt,0.0
W070,frames_in_order,consecutive_annotated,rgb,reappearance_rate,0.3157894736842105
W070,frames_in_order,consecutive_annotated,rgb,seeded_regions,19.0
W070,frames_in_order,consecutive_annotated,rgb,survival_backward,0.9122807017543859
W070,frames_in_order,consecutive_annotated,rgb,survival_forward,0.5150375939849624
W071,all,adjacent_samples,depth,class_switch_rate,0.010526315789473684
W071,all,adjacent_samples,depth,fragmentation_ge2,0.125
W071,all,adjacent_samples,depth,fragmentation_mean,1.125
W071,all,adjacent_samples,depth,gt_tracks_matched,8.0
W071,all,adjacent_samples,depth,id_switch_rate,0.031578947368421054
W071,all,adjacent_samples,depth,matched_pairs,95.0
W071,all,adjacent_samples,depth,reappear_events_judged,0.0
W071,all,adjacent_samples,depth,reappear_same_class,
W071,all,adjacent_samples,depth,reappear_same_gt,
W071,all,adjacent_samples,depth,reappearance_rate,0.0
W071,all,adjacent_samples,depth,seeded_regions,5.0
W071,all,adjacent_samples,depth,survival_backward,1.0
W071,all,adjacent_samples,depth,survival_forward,1.0
W071,all,adjacent_samples,normal,class_switch_rate,0.0136986301369863
W071,all,adjacent_samples,normal,fragmentation_ge2,0.14285714285714285
W071,all,adjacent_samples,normal,fragmentation_mean,1.1428571428571428
W071,all,adjacent_samples,normal,gt_tracks_matched,7.0
W071,all,adjacent_samples,normal,id_switch_rate,0.0273972602739726
W071,all,adjacent_samples,normal,matched_pairs,73.0
W071,all,adjacent_samples,normal,reappear_events_judged,0.0
W071,all,adjacent_samples,normal,reappear_same_class,
W071,all,adjacent_samples,normal,reappear_same_gt,
W071,all,adjacent_samples,normal,reappearance_rate,0.16666666666666666
W071,all,adjacent_samples,normal,seeded_regions,6.0
W071,all,adjacent_samples,normal,survival_backward,0.9777777777777779
W071,all,adjacent_samples,normal,survival_forward,0.8928571428571429
W071,all,adjacent_samples,rgb,class_switch_rate,0.0
W071,all,adjacent_samples,rgb,fragmentation_ge2,0.08333333333333333
W071,all,adjacent_samples,rgb,fragmentation_mean,1.0833333333333333
W071,all,adjacent_samples,rgb,gt_tracks_matched,12.0
W071,all,adjacent_samples,rgb,id_switch_rate,0.011111111111111112
W071,all,adjacent_samples,rgb,matched_pairs,90.0
W071,all,adjacent_samples,rgb,reappear_events_judged,0.0
W071,all,adjacent_samples,rgb,reappear_same_class,
W071,all,adjacent_samples,rgb,reappear_same_gt,
W071,all,adjacent_samples,rgb,reappearance_rate,0.3125
W071,all,adjacent_samples,rgb,seeded_regions,16.0
W071,all,adjacent_samples,rgb,survival_backward,0.825
W071,all,adjacent_samples,rgb,survival_forward,0.7857142857142857
W071,all,consecutive_annotated,depth,class_switch_rate,0.010526315789473684
W071,all,consecutive_annotated,depth,fragmentation_ge2,0.125
W071,all,consecutive_annotated,depth,fragmentation_mean,1.125
W071,all,consecutive_annotated,depth,gt_tracks_matched,8.0
W071,all,consecutive_annotated,depth,id_switch_rate,0.031578947368421054
W071,all,consecutive_annotated,depth,matched_pairs,95.0
W071,all,consecutive_annotated,depth,reappear_events_judged,0.0
W071,all,consecutive_annotated,depth,reappear_same_class,
W071,all,consecutive_annotated,depth,reappear_same_gt,
W071,all,consecutive_annotated,depth,reappearance_rate,0.0
W071,all,consecutive_annotated,depth,seeded_regions,5.0
W071,all,consecutive_annotated,depth,survival_backward,1.0
W071,all,consecutive_annotated,depth,survival_forward,1.0
W071,all,consecutive_annotated,normal,class_switch_rate,0.0136986301369863
W071,all,consecutive_annotated,normal,fragmentation_ge2,0.14285714285714285
W071,all,consecutive_annotated,normal,fragmentation_mean,1.1428571428571428
W071,all,consecutive_annotated,normal,gt_tracks_matched,7.0
W071,all,consecutive_annotated,normal,id_switch_rate,0.0273972602739726
W071,all,consecutive_annotated,normal,matched_pairs,73.0
W071,all,consecutive_annotated,normal,reappear_events_judged,0.0
W071,all,consecutive_annotated,normal,reappear_same_class,
W071,all,consecutive_annotated,normal,reappear_same_gt,
W071,all,consecutive_annotated,normal,reappearance_rate,0.16666666666666666
W071,all,consecutive_annotated,normal,seeded_regions,6.0
W071,all,consecutive_annotated,normal,survival_backward,0.9777777777777779
W071,all,consecutive_annotated,normal,survival_forward,0.8928571428571429
W071,all,consecutive_annotated,rgb,class_switch_rate,0.0
W071,all,consecutive_annotated,rgb,fragmentation_ge2,0.08333333333333333
W071,all,consecutive_annotated,rgb,fragmentation_mean,1.0833333333333333
W071,all,consecutive_annotated,rgb,gt_tracks_matched,12.0
W071,all,consecutive_annotated,rgb,id_switch_rate,0.011111111111111112
W071,all,consecutive_annotated,rgb,matched_pairs,90.0
W071,all,consecutive_annotated,rgb,reappear_events_judged,0.0
W071,all,consecutive_annotated,rgb,reappear_same_class,
W071,all,consecutive_annotated,rgb,reappear_same_gt,
W071,all,consecutive_annotated,rgb,reappearance_rate,0.3125
W071,all,consecutive_annotated,rgb,seeded_regions,16.0
W071,all,consecutive_annotated,rgb,survival_backward,0.825
W071,all,consecutive_annotated,rgb,survival_forward,0.7857142857142857
W071,frames_in_order,adjacent_samples,depth,class_switch_rate,0.010526315789473684
W071,frames_in_order,adjacent_samples,depth,fragmentation_ge2,0.125
W071,frames_in_order,adjacent_samples,depth,fragmentation_mean,1.125
W071,frames_in_order,adjacent_samples,depth,gt_tracks_matched,8.0
W071,frames_in_order,adjacent_samples,depth,id_switch_rate,0.031578947368421054
W071,frames_in_order,adjacent_samples,depth,matched_pairs,95.0
W071,frames_in_order,adjacent_samples,depth,reappear_events_judged,0.0
W071,frames_in_order,adjacent_samples,depth,reappear_same_class,
W071,frames_in_order,adjacent_samples,depth,reappear_same_gt,
W071,frames_in_order,adjacent_samples,depth,reappearance_rate,0.0
W071,frames_in_order,adjacent_samples,depth,seeded_regions,5.0
W071,frames_in_order,adjacent_samples,depth,survival_backward,1.0
W071,frames_in_order,adjacent_samples,depth,survival_forward,1.0
W071,frames_in_order,adjacent_samples,normal,class_switch_rate,0.0136986301369863
W071,frames_in_order,adjacent_samples,normal,fragmentation_ge2,0.14285714285714285
W071,frames_in_order,adjacent_samples,normal,fragmentation_mean,1.1428571428571428
W071,frames_in_order,adjacent_samples,normal,gt_tracks_matched,7.0
W071,frames_in_order,adjacent_samples,normal,id_switch_rate,0.0273972602739726
W071,frames_in_order,adjacent_samples,normal,matched_pairs,73.0
W071,frames_in_order,adjacent_samples,normal,reappear_events_judged,0.0
W071,frames_in_order,adjacent_samples,normal,reappear_same_class,
W071,frames_in_order,adjacent_samples,normal,reappear_same_gt,
W071,frames_in_order,adjacent_samples,normal,reappearance_rate,0.16666666666666666
W071,frames_in_order,adjacent_samples,normal,seeded_regions,6.0
W071,frames_in_order,adjacent_samples,normal,survival_backward,0.9777777777777779
W071,frames_in_order,adjacent_samples,normal,survival_forward,0.8928571428571429
W071,frames_in_order,adjacent_samples,rgb,class_switch_rate,0.0
W071,frames_in_order,adjacent_samples,rgb,fragmentation_ge2,0.08333333333333333
W071,frames_in_order,adjacent_samples,rgb,fragmentation_mean,1.0833333333333333
W071,frames_in_order,adjacent_samples,rgb,gt_tracks_matched,12.0
W071,frames_in_order,adjacent_samples,rgb,id_switch_rate,0.011111111111111112
W071,frames_in_order,adjacent_samples,rgb,matched_pairs,90.0
W071,frames_in_order,adjacent_samples,rgb,reappear_events_judged,0.0
W071,frames_in_order,adjacent_samples,rgb,reappear_same_class,
W071,frames_in_order,adjacent_samples,rgb,reappear_same_gt,
W071,frames_in_order,adjacent_samples,rgb,reappearance_rate,0.3125
W071,frames_in_order,adjacent_samples,rgb,seeded_regions,16.0
W071,frames_in_order,adjacent_samples,rgb,survival_backward,0.825
W071,frames_in_order,adjacent_samples,rgb,survival_forward,0.7857142857142857
W071,frames_in_order,consecutive_annotated,depth,class_switch_rate,0.010526315789473684
W071,frames_in_order,consecutive_annotated,depth,fragmentation_ge2,0.125
W071,frames_in_order,consecutive_annotated,depth,fragmentation_mean,1.125
W071,frames_in_order,consecutive_annotated,depth,gt_tracks_matched,8.0
W071,frames_in_order,consecutive_annotated,depth,id_switch_rate,0.031578947368421054
W071,frames_in_order,consecutive_annotated,depth,matched_pairs,95.0
W071,frames_in_order,consecutive_annotated,depth,reappear_events_judged,0.0
W071,frames_in_order,consecutive_annotated,depth,reappear_same_class,
W071,frames_in_order,consecutive_annotated,depth,reappear_same_gt,
W071,frames_in_order,consecutive_annotated,depth,reappearance_rate,0.0
W071,frames_in_order,consecutive_annotated,depth,seeded_regions,5.0
W071,frames_in_order,consecutive_annotated,depth,survival_backward,1.0
W071,frames_in_order,consecutive_annotated,depth,survival_forward,1.0
W071,frames_in_order,consecutive_annotated,normal,class_switch_rate,0.0136986301369863
W071,frames_in_order,consecutive_annotated,normal,fragmentation_ge2,0.14285714285714285
W071,frames_in_order,consecutive_annotated,normal,fragmentation_mean,1.1428571428571428
W071,frames_in_order,consecutive_annotated,normal,gt_tracks_matched,7.0
W071,frames_in_order,consecutive_annotated,normal,id_switch_rate,0.0273972602739726
W071,frames_in_order,consecutive_annotated,normal,matched_pairs,73.0
W071,frames_in_order,consecutive_annotated,normal,reappear_events_judged,0.0
W071,frames_in_order,consecutive_annotated,normal,reappear_same_class,
W071,frames_in_order,consecutive_annotated,normal,reappear_same_gt,
W071,frames_in_order,consecutive_annotated,normal,reappearance_rate,0.16666666666666666
W071,frames_in_order,consecutive_annotated,normal,seeded_regions,6.0
W071,frames_in_order,consecutive_annotated,normal,survival_backward,0.9777777777777779
W071,frames_in_order,consecutive_annotated,normal,survival_forward,0.8928571428571429
W071,frames_in_order,consecutive_annotated,rgb,class_switch_rate,0.0
W071,frames_in_order,consecutive_annotated,rgb,fragmentation_ge2,0.08333333333333333
W071,frames_in_order,consecutive_annotated,rgb,fragmentation_mean,1.0833333333333333
W071,frames_in_order,consecutive_annotated,rgb,gt_tracks_matched,12.0
W071,frames_in_order,consecutive_annotated,rgb,id_switch_rate,0.011111111111111112
W071,frames_in_order,consecutive_annotated,rgb,matched_pairs,90.0
W071,frames_in_order,consecutive_annotated,rgb,reappear_events_judged,0.0
W071,frames_in_order,consecutive_annotated,rgb,reappear_same_class,
W071,frames_in_order,consecutive_annotated,rgb,reappear_same_gt,
W071,frames_in_order,consecutive_annotated,rgb,reappearance_rate,0.3125
W071,frames_in_order,consecutive_annotated,rgb,seeded_regions,16.0
W071,frames_in_order,consecutive_annotated,rgb,survival_backward,0.825
W071,frames_in_order,consecutive_annotated,rgb,survival_forward,0.7857142857142857
W072,all,adjacent_samples,depth,class_switch_rate,0.0
W072,all,adjacent_samples,depth,fragmentation_ge2,0.0
W072,all,adjacent_samples,depth,fragmentation_mean,1.0
W072,all,adjacent_samples,depth,gt_tracks_matched,3.0
W072,all,adjacent_samples,depth,id_switch_rate,0.0
W072,all,adjacent_samples,depth,matched_pairs,42.0
W072,all,adjacent_samples,depth,reappear_events_judged,0.0
W072,all,adjacent_samples,depth,reappear_same_class,
W072,all,adjacent_samples,depth,reappear_same_gt,
W072,all,adjacent_samples,depth,reappearance_rate,0.0
W072,all,adjacent_samples,depth,seeded_regions,3.0
W072,all,adjacent_samples,depth,survival_backward,1.0
W072,all,adjacent_samples,depth,survival_forward,1.0
W072,all,adjacent_samples,normal,class_switch_rate,0.0
W072,all,adjacent_samples,normal,fragmentation_ge2,0.16666666666666666
W072,all,adjacent_samples,normal,fragmentation_mean,1.1666666666666667
W072,all,adjacent_samples,normal,gt_tracks_matched,6.0
W072,all,adjacent_samples,normal,id_switch_rate,0.0
W072,all,adjacent_samples,normal,matched_pairs,66.0
W072,all,adjacent_samples,normal,reappear_events_judged,0.0
W072,all,adjacent_samples,normal,reappear_same_class,
W072,all,adjacent_samples,normal,reappear_same_gt,
W072,all,adjacent_samples,normal,reappearance_rate,0.0
W072,all,adjacent_samples,normal,seeded_regions,6.0
W072,all,adjacent_samples,normal,survival_backward,1.0
W072,all,adjacent_samples,normal,survival_forward,1.0
W072,all,adjacent_samples,rgb,class_switch_rate,0.0
W072,all,adjacent_samples,rgb,fragmentation_ge2,0.1111111111111111
W072,all,adjacent_samples,rgb,fragmentation_mean,1.1111111111111112
W072,all,adjacent_samples,rgb,gt_tracks_matched,9.0
W072,all,adjacent_samples,rgb,id_switch_rate,0.034482758620689655
W072,all,adjacent_samples,rgb,matched_pairs,58.0
W072,all,adjacent_samples,rgb,reappear_events_judged,2.0
W072,all,adjacent_samples,rgb,reappear_same_class,1.0
W072,all,adjacent_samples,rgb,reappear_same_gt,0.5
W072,all,adjacent_samples,rgb,reappearance_rate,0.3333333333333333
W072,all,adjacent_samples,rgb,seeded_regions,12.0
W072,all,adjacent_samples,rgb,survival_backward,0.8222222222222221
W072,all,adjacent_samples,rgb,survival_forward,0.8452380952380952
W072,all,consecutive_annotated,depth,class_switch_rate,0.0
W072,all,consecutive_annotated,depth,fragmentation_ge2,0.0
W072,all,consecutive_annotated,depth,fragmentation_mean,1.0
W072,all,consecutive_annotated,depth,gt_tracks_matched,3.0
W072,all,consecutive_annotated,depth,id_switch_rate,0.0
W072,all,consecutive_annotated,depth,matched_pairs,42.0
W072,all,consecutive_annotated,depth,reappear_events_judged,0.0
W072,all,consecutive_annotated,depth,reappear_same_class,
W072,all,consecutive_annotated,depth,reappear_same_gt,
W072,all,consecutive_annotated,depth,reappearance_rate,0.0
W072,all,consecutive_annotated,depth,seeded_regions,3.0
W072,all,consecutive_annotated,depth,survival_backward,1.0
W072,all,consecutive_annotated,depth,survival_forward,1.0
W072,all,consecutive_annotated,normal,class_switch_rate,0.0
W072,all,consecutive_annotated,normal,fragmentation_ge2,0.16666666666666666
W072,all,consecutive_annotated,normal,fragmentation_mean,1.1666666666666667
W072,all,consecutive_annotated,normal,gt_tracks_matched,6.0
W072,all,consecutive_annotated,normal,id_switch_rate,0.0
W072,all,consecutive_annotated,normal,matched_pairs,66.0
W072,all,consecutive_annotated,normal,reappear_events_judged,0.0
W072,all,consecutive_annotated,normal,reappear_same_class,
W072,all,consecutive_annotated,normal,reappear_same_gt,
W072,all,consecutive_annotated,normal,reappearance_rate,0.0
W072,all,consecutive_annotated,normal,seeded_regions,6.0
W072,all,consecutive_annotated,normal,survival_backward,1.0
W072,all,consecutive_annotated,normal,survival_forward,1.0
W072,all,consecutive_annotated,rgb,class_switch_rate,0.0
W072,all,consecutive_annotated,rgb,fragmentation_ge2,0.1111111111111111
W072,all,consecutive_annotated,rgb,fragmentation_mean,1.1111111111111112
W072,all,consecutive_annotated,rgb,gt_tracks_matched,9.0
W072,all,consecutive_annotated,rgb,id_switch_rate,0.034482758620689655
W072,all,consecutive_annotated,rgb,matched_pairs,58.0
W072,all,consecutive_annotated,rgb,reappear_events_judged,2.0
W072,all,consecutive_annotated,rgb,reappear_same_class,1.0
W072,all,consecutive_annotated,rgb,reappear_same_gt,0.5
W072,all,consecutive_annotated,rgb,reappearance_rate,0.3333333333333333
W072,all,consecutive_annotated,rgb,seeded_regions,12.0
W072,all,consecutive_annotated,rgb,survival_backward,0.8222222222222221
W072,all,consecutive_annotated,rgb,survival_forward,0.8452380952380952
W072,frames_in_order,adjacent_samples,depth,class_switch_rate,0.0
W072,frames_in_order,adjacent_samples,depth,fragmentation_ge2,0.0
W072,frames_in_order,adjacent_samples,depth,fragmentation_mean,1.0
W072,frames_in_order,adjacent_samples,depth,gt_tracks_matched,3.0
W072,frames_in_order,adjacent_samples,depth,id_switch_rate,0.0
W072,frames_in_order,adjacent_samples,depth,matched_pairs,42.0
W072,frames_in_order,adjacent_samples,depth,reappear_events_judged,0.0
W072,frames_in_order,adjacent_samples,depth,reappear_same_class,
W072,frames_in_order,adjacent_samples,depth,reappear_same_gt,
W072,frames_in_order,adjacent_samples,depth,reappearance_rate,0.0
W072,frames_in_order,adjacent_samples,depth,seeded_regions,3.0
W072,frames_in_order,adjacent_samples,depth,survival_backward,1.0
W072,frames_in_order,adjacent_samples,depth,survival_forward,1.0
W072,frames_in_order,adjacent_samples,normal,class_switch_rate,0.0
W072,frames_in_order,adjacent_samples,normal,fragmentation_ge2,0.16666666666666666
W072,frames_in_order,adjacent_samples,normal,fragmentation_mean,1.1666666666666667
W072,frames_in_order,adjacent_samples,normal,gt_tracks_matched,6.0
W072,frames_in_order,adjacent_samples,normal,id_switch_rate,0.0
W072,frames_in_order,adjacent_samples,normal,matched_pairs,66.0
W072,frames_in_order,adjacent_samples,normal,reappear_events_judged,0.0
W072,frames_in_order,adjacent_samples,normal,reappear_same_class,
W072,frames_in_order,adjacent_samples,normal,reappear_same_gt,
W072,frames_in_order,adjacent_samples,normal,reappearance_rate,0.0
W072,frames_in_order,adjacent_samples,normal,seeded_regions,6.0
W072,frames_in_order,adjacent_samples,normal,survival_backward,1.0
W072,frames_in_order,adjacent_samples,normal,survival_forward,1.0
W072,frames_in_order,adjacent_samples,rgb,class_switch_rate,0.0
W072,frames_in_order,adjacent_samples,rgb,fragmentation_ge2,0.1111111111111111
W072,frames_in_order,adjacent_samples,rgb,fragmentation_mean,1.1111111111111112
W072,frames_in_order,adjacent_samples,rgb,gt_tracks_matched,9.0
W072,frames_in_order,adjacent_samples,rgb,id_switch_rate,0.034482758620689655
W072,frames_in_order,adjacent_samples,rgb,matched_pairs,58.0
W072,frames_in_order,adjacent_samples,rgb,reappear_events_judged,2.0
W072,frames_in_order,adjacent_samples,rgb,reappear_same_class,1.0
W072,frames_in_order,adjacent_samples,rgb,reappear_same_gt,0.5
W072,frames_in_order,adjacent_samples,rgb,reappearance_rate,0.3333333333333333
W072,frames_in_order,adjacent_samples,rgb,seeded_regions,12.0
W072,frames_in_order,adjacent_samples,rgb,survival_backward,0.8222222222222221
W072,frames_in_order,adjacent_samples,rgb,survival_forward,0.8452380952380952
W072,frames_in_order,consecutive_annotated,depth,class_switch_rate,0.0
W072,frames_in_order,consecutive_annotated,depth,fragmentation_ge2,0.0
W072,frames_in_order,consecutive_annotated,depth,fragmentation_mean,1.0
W072,frames_in_order,consecutive_annotated,depth,gt_tracks_matched,3.0
W072,frames_in_order,consecutive_annotated,depth,id_switch_rate,0.0
W072,frames_in_order,consecutive_annotated,depth,matched_pairs,42.0
W072,frames_in_order,consecutive_annotated,depth,reappear_events_judged,0.0
W072,frames_in_order,consecutive_annotated,depth,reappear_same_class,
W072,frames_in_order,consecutive_annotated,depth,reappear_same_gt,
W072,frames_in_order,consecutive_annotated,depth,reappearance_rate,0.0
W072,frames_in_order,consecutive_annotated,depth,seeded_regions,3.0
W072,frames_in_order,consecutive_annotated,depth,survival_backward,1.0
W072,frames_in_order,consecutive_annotated,depth,survival_forward,1.0
W072,frames_in_order,consecutive_annotated,normal,class_switch_rate,0.0
W072,frames_in_order,consecutive_annotated,normal,fragmentation_ge2,0.16666666666666666
W072,frames_in_order,consecutive_annotated,normal,fragmentation_mean,1.1666666666666667
W072,frames_in_order,consecutive_annotated,normal,gt_tracks_matched,6.0
W072,frames_in_order,consecutive_annotated,normal,id_switch_rate,0.0
W072,frames_in_order,consecutive_annotated,normal,matched_pairs,66.0
W072,frames_in_order,consecutive_annotated,normal,reappear_events_judged,0.0
W072,frames_in_order,consecutive_annotated,normal,reappear_same_class,
W072,frames_in_order,consecutive_annotated,normal,reappear_same_gt,
W072,frames_in_order,consecutive_annotated,normal,reappearance_rate,0.0
W072,frames_in_order,consecutive_annotated,normal,seeded_regions,6.0
W072,frames_in_order,consecutive_annotated,normal,survival_backward,1.0
W072,frames_in_order,consecutive_annotated,normal,survival_forward,1.0
W072,frames_in_order,consecutive_annotated,rgb,class_switch_rate,0.0
W072,frames_in_order,consecutive_annotated,rgb,fragmentation_ge2,0.1111111111111111
W072,frames_in_order,consecutive_annotated,rgb,fragmentation_mean,1.1111111111111112
W072,frames_in_order,consecutive_annotated,rgb,gt_tracks_matched,9.0
W072,frames_in_order,consecutive_annotated,rgb,id_switch_rate,0.034482758620689655
W072,frames_in_order,consecutive_annotated,rgb,matched_pairs,58.0
W072,frames_in_order,consecutive_annotated,rgb,reappear_events_judged,2.0
W072,frames_in_order,consecutive_annotated,rgb,reappear_same_class,1.0
W072,frames_in_order,consecutive_annotated,rgb,reappear_same_gt,0.5
W072,frames_in_order,consecutive_annotated,rgb,reappearance_rate,0.3333333333333333
W072,frames_in_order,consecutive_annotated,rgb,seeded_regions,12.0
W072,frames_in_order,consecutive_annotated,rgb,survival_backward,0.8222222222222221
W072,frames_in_order,consecutive_annotated,rgb,survival_forward,0.8452380952380952
W073,all,adjacent_samples,depth,class_switch_rate,0.0
W073,all,adjacent_samples,depth,fragmentation_ge2,0.0
W073,all,adjacent_samples,depth,fragmentation_mean,1.0
W073,all,adjacent_samples,depth,gt_tracks_matched,13.0
W073,all,adjacent_samples,depth,id_switch_rate,0.09523809523809523
W073,all,adjacent_samples,depth,matched_pairs,42.0
W073,all,adjacent_samples,depth,reappear_events_judged,0.0
W073,all,adjacent_samples,depth,reappear_same_class,
W073,all,adjacent_samples,depth,reappear_same_gt,
W073,all,adjacent_samples,depth,reappearance_rate,0.5
W073,all,adjacent_samples,depth,seeded_regions,8.0
W073,all,adjacent_samples,depth,survival_backward,0.7833333333333333
W073,all,adjacent_samples,depth,survival_forward,0.875
W073,all,adjacent_samples,normal,class_switch_rate,0.0
W073,all,adjacent_samples,normal,fragmentation_ge2,0.0
W073,all,adjacent_samples,normal,fragmentation_mean,1.0
W073,all,adjacent_samples,normal,gt_tracks_matched,15.0
W073,all,adjacent_samples,normal,id_switch_rate,0.1111111111111111
W073,all,adjacent_samples,normal,matched_pairs,45.0
W073,all,adjacent_samples,normal,reappear_events_judged,0.0
W073,all,adjacent_samples,normal,reappear_same_class,
W073,all,adjacent_samples,normal,reappear_same_gt,
W073,all,adjacent_samples,normal,reappearance_rate,0.42857142857142855
W073,all,adjacent_samples,normal,seeded_regions,7.0
W073,all,adjacent_samples,normal,survival_backward,0.838095238095238
W073,all,adjacent_samples,normal,survival_forward,0.9489795918367347
W073,all,adjacent_samples,rgb,class_switch_rate,0.0
W073,all,adjacent_samples,rgb,fragmentation_ge2,0.05
W073,all,adjacent_samples,rgb,fragmentation_mean,1.05
W073,all,adjacent_samples,rgb,gt_tracks_matched,20.0
W073,all,adjacent_samples,rgb,id_switch_rate,0.057971014492753624
W073,all,adjacent_samples,rgb,matched_pairs,69.0
W073,all,adjacent_samples,rgb,reappear_events_judged,0.0
W073,all,adjacent_samples,rgb,reappear_same_class,
W073,all,adjacent_samples,rgb,reappear_same_gt,
W073,all,adjacent_samples,rgb,reappearance_rate,0.5
W073,all,adjacent_samples,rgb,seeded_regions,16.0
W073,all,adjacent_samples,rgb,survival_backward,0.7958333333333334
W073,all,adjacent_samples,rgb,survival_forward,0.8839285714285714
W073,all,consecutive_annotated,depth,class_switch_rate,0.0
W073,all,consecutive_annotated,depth,fragmentation_ge2,0.0
W073,all,consecutive_annotated,depth,fragmentation_mean,1.0
W073,all,consecutive_annotated,depth,gt_tracks_matched,9.0
W073,all,consecutive_annotated,depth,id_switch_rate,0.08888888888888889
W073,all,consecutive_annotated,depth,matched_pairs,45.0
W073,all,consecutive_annotated,depth,reappear_events_judged,0.0
W073,all,consecutive_annotated,depth,reappear_same_class,
W073,all,consecutive_annotated,depth,reappear_same_gt,
W073,all,consecutive_annotated,depth,reappearance_rate,0.5
W073,all,consecutive_annotated,depth,seeded_regions,8.0
W073,all,consecutive_annotated,depth,survival_backward,0.7833333333333333
W073,all,consecutive_annotated,depth,survival_forward,0.875
W073,all,consecutive_annotated,normal,class_switch_rate,0.0
W073,all,consecutive_annotated,normal,fragmentation_ge2,0.0
W073,all,consecutive_annotated,normal,fragmentation_mean,1.0
W073,all,consecutive_annotated,normal,gt_tracks_matched,10.0
W073,all,consecutive_annotated,normal,id_switch_rate,0.12244897959183673
W073,all,consecutive_annotated,normal,matched_pairs,49.0
W073,all,consecutive_annotated,normal,reappear_events_judged,0.0
W073,all,consecutive_annotated,normal,reappear_same_class,
W073,all,consecutive_annotated,normal,reappear_same_gt,
W073,all,consecutive_annotated,normal,reappearance_rate,0.42857142857142855
W073,all,consecutive_annotated,normal,seeded_regions,7.0
W073,all,consecutive_annotated,normal,survival_backward,0.838095238095238
W073,all,consecutive_annotated,normal,survival_forward,0.9489795918367347
W073,all,consecutive_annotated,rgb,class_switch_rate,0.013513513513513514
W073,all,consecutive_annotated,rgb,fragmentation_ge2,0.07142857142857142
W073,all,consecutive_annotated,rgb,fragmentation_mean,1.0714285714285714
W073,all,consecutive_annotated,rgb,gt_tracks_matched,14.0
W073,all,consecutive_annotated,rgb,id_switch_rate,0.06756756756756757
W073,all,consecutive_annotated,rgb,matched_pairs,74.0
W073,all,consecutive_annotated,rgb,reappear_events_judged,0.0
W073,all,consecutive_annotated,rgb,reappear_same_class,
W073,all,consecutive_annotated,rgb,reappear_same_gt,
W073,all,consecutive_annotated,rgb,reappearance_rate,0.5
W073,all,consecutive_annotated,rgb,seeded_regions,16.0
W073,all,consecutive_annotated,rgb,survival_backward,0.7958333333333334
W073,all,consecutive_annotated,rgb,survival_forward,0.8839285714285714
W073,frames_in_order,adjacent_samples,depth,class_switch_rate,0.0
W073,frames_in_order,adjacent_samples,depth,fragmentation_ge2,0.0
W073,frames_in_order,adjacent_samples,depth,fragmentation_mean,1.0
W073,frames_in_order,adjacent_samples,depth,gt_tracks_matched,13.0
W073,frames_in_order,adjacent_samples,depth,id_switch_rate,0.09523809523809523
W073,frames_in_order,adjacent_samples,depth,matched_pairs,42.0
W073,frames_in_order,adjacent_samples,depth,reappear_events_judged,0.0
W073,frames_in_order,adjacent_samples,depth,reappear_same_class,
W073,frames_in_order,adjacent_samples,depth,reappear_same_gt,
W073,frames_in_order,adjacent_samples,depth,reappearance_rate,0.5
W073,frames_in_order,adjacent_samples,depth,seeded_regions,8.0
W073,frames_in_order,adjacent_samples,depth,survival_backward,0.7833333333333333
W073,frames_in_order,adjacent_samples,depth,survival_forward,0.875
W073,frames_in_order,adjacent_samples,normal,class_switch_rate,0.0
W073,frames_in_order,adjacent_samples,normal,fragmentation_ge2,0.0
W073,frames_in_order,adjacent_samples,normal,fragmentation_mean,1.0
W073,frames_in_order,adjacent_samples,normal,gt_tracks_matched,15.0
W073,frames_in_order,adjacent_samples,normal,id_switch_rate,0.1111111111111111
W073,frames_in_order,adjacent_samples,normal,matched_pairs,45.0
W073,frames_in_order,adjacent_samples,normal,reappear_events_judged,0.0
W073,frames_in_order,adjacent_samples,normal,reappear_same_class,
W073,frames_in_order,adjacent_samples,normal,reappear_same_gt,
W073,frames_in_order,adjacent_samples,normal,reappearance_rate,0.42857142857142855
W073,frames_in_order,adjacent_samples,normal,seeded_regions,7.0
W073,frames_in_order,adjacent_samples,normal,survival_backward,0.838095238095238
W073,frames_in_order,adjacent_samples,normal,survival_forward,0.9489795918367347
W073,frames_in_order,adjacent_samples,rgb,class_switch_rate,0.0
W073,frames_in_order,adjacent_samples,rgb,fragmentation_ge2,0.05
W073,frames_in_order,adjacent_samples,rgb,fragmentation_mean,1.05
W073,frames_in_order,adjacent_samples,rgb,gt_tracks_matched,20.0
W073,frames_in_order,adjacent_samples,rgb,id_switch_rate,0.057971014492753624
W073,frames_in_order,adjacent_samples,rgb,matched_pairs,69.0
W073,frames_in_order,adjacent_samples,rgb,reappear_events_judged,0.0
W073,frames_in_order,adjacent_samples,rgb,reappear_same_class,
W073,frames_in_order,adjacent_samples,rgb,reappear_same_gt,
W073,frames_in_order,adjacent_samples,rgb,reappearance_rate,0.5
W073,frames_in_order,adjacent_samples,rgb,seeded_regions,16.0
W073,frames_in_order,adjacent_samples,rgb,survival_backward,0.7958333333333334
W073,frames_in_order,adjacent_samples,rgb,survival_forward,0.8839285714285714
W073,frames_in_order,consecutive_annotated,depth,class_switch_rate,0.0
W073,frames_in_order,consecutive_annotated,depth,fragmentation_ge2,0.0
W073,frames_in_order,consecutive_annotated,depth,fragmentation_mean,1.0
W073,frames_in_order,consecutive_annotated,depth,gt_tracks_matched,9.0
W073,frames_in_order,consecutive_annotated,depth,id_switch_rate,0.08888888888888889
W073,frames_in_order,consecutive_annotated,depth,matched_pairs,45.0
W073,frames_in_order,consecutive_annotated,depth,reappear_events_judged,0.0
W073,frames_in_order,consecutive_annotated,depth,reappear_same_class,
W073,frames_in_order,consecutive_annotated,depth,reappear_same_gt,
W073,frames_in_order,consecutive_annotated,depth,reappearance_rate,0.5
W073,frames_in_order,consecutive_annotated,depth,seeded_regions,8.0
W073,frames_in_order,consecutive_annotated,depth,survival_backward,0.7833333333333333
W073,frames_in_order,consecutive_annotated,depth,survival_forward,0.875
W073,frames_in_order,consecutive_annotated,normal,class_switch_rate,0.0
W073,frames_in_order,consecutive_annotated,normal,fragmentation_ge2,0.0
W073,frames_in_order,consecutive_annotated,normal,fragmentation_mean,1.0
W073,frames_in_order,consecutive_annotated,normal,gt_tracks_matched,10.0
W073,frames_in_order,consecutive_annotated,normal,id_switch_rate,0.12244897959183673
W073,frames_in_order,consecutive_annotated,normal,matched_pairs,49.0
W073,frames_in_order,consecutive_annotated,normal,reappear_events_judged,0.0
W073,frames_in_order,consecutive_annotated,normal,reappear_same_class,
W073,frames_in_order,consecutive_annotated,normal,reappear_same_gt,
W073,frames_in_order,consecutive_annotated,normal,reappearance_rate,0.42857142857142855
W073,frames_in_order,consecutive_annotated,normal,seeded_regions,7.0
W073,frames_in_order,consecutive_annotated,normal,survival_backward,0.838095238095238
W073,frames_in_order,consecutive_annotated,normal,survival_forward,0.9489795918367347
W073,frames_in_order,consecutive_annotated,rgb,class_switch_rate,0.013513513513513514
W073,frames_in_order,consecutive_annotated,rgb,fragmentation_ge2,0.07142857142857142
W073,frames_in_order,consecutive_annotated,rgb,fragmentation_mean,1.0714285714285714
W073,frames_in_order,consecutive_annotated,rgb,gt_tracks_matched,14.0
W073,frames_in_order,consecutive_annotated,rgb,id_switch_rate,0.06756756756756757
W073,frames_in_order,consecutive_annotated,rgb,matched_pairs,74.0
W073,frames_in_order,consecutive_annotated,rgb,reappear_events_judged,0.0
W073,frames_in_order,consecutive_annotated,rgb,reappear_same_class,
W073,frames_in_order,consecutive_annotated,rgb,reappear_same_gt,
W073,frames_in_order,consecutive_annotated,rgb,reappearance_rate,0.5
W073,frames_in_order,consecutive_annotated,rgb,seeded_regions,16.0
W073,frames_in_order,consecutive_annotated,rgb,survival_backward,0.7958333333333334
W073,frames_in_order,consecutive_annotated,rgb,survival_forward,0.8839285714285714
W074,all,adjacent_samples,depth,class_switch_rate,0.0
W074,all,adjacent_samples,depth,fragmentation_ge2,0.0
W074,all,adjacent_samples,depth,fragmentation_mean,1.0
W074,all,adjacent_samples,depth,gt_tracks_matched,8.0
W074,all,adjacent_samples,depth,id_switch_rate,0.04
W074,all,adjacent_samples,depth,matched_pairs,25.0
W074,all,adjacent_samples,depth,reappear_events_judged,0.0
W074,all,adjacent_samples,depth,reappear_same_class,
W074,all,adjacent_samples,depth,reappear_same_gt,
W074,all,adjacent_samples,depth,reappearance_rate,0.4
W074,all,adjacent_samples,depth,seeded_regions,5.0
W074,all,adjacent_samples,depth,survival_backward,0.6399999999999999
W074,all,adjacent_samples,depth,survival_forward,0.9285714285714285
W074,all,adjacent_samples,normal,class_switch_rate,0.0
W074,all,adjacent_samples,normal,fragmentation_ge2,0.0
W074,all,adjacent_samples,normal,fragmentation_mean,1.0
W074,all,adjacent_samples,normal,gt_tracks_matched,11.0
W074,all,adjacent_samples,normal,id_switch_rate,0.0
W074,all,adjacent_samples,normal,matched_pairs,50.0
W074,all,adjacent_samples,normal,reappear_events_judged,1.0
W074,all,adjacent_samples,normal,reappear_same_class,1.0
W074,all,adjacent_samples,normal,reappear_same_gt,0.0
W074,all,adjacent_samples,normal,reappearance_rate,0.5
W074,all,adjacent_samples,normal,seeded_regions,8.0
W074,all,adjacent_samples,normal,survival_backward,0.7083333333333333
W074,all,adjacent_samples,normal,survival_forward,0.8482142857142857
W074,all,adjacent_samples,rgb,class_switch_rate,0.0
W074,all,adjacent_samples,rgb,fragmentation_ge2,0.0
W074,all,adjacent_samples,rgb,fragmentation_mean,1.0
W074,all,adjacent_samples,rgb,gt_tracks_matched,28.0
W074,all,adjacent_samples,rgb,id_switch_rate,0.07228915662650602
W074,all,adjacent_samples,rgb,matched_pairs,83.0
W074,all,adjacent_samples,rgb,reappear_events_judged,1.0
W074,all,adjacent_samples,rgb,reappear_same_class,1.0
W074,all,adjacent_samples,rgb,reappear_same_gt,0.0
W074,all,adjacent_samples,rgb,reappearance_rate,0.5
W074,all,adjacent_samples,rgb,seeded_regions,18.0
W074,all,adjacent_samples,rgb,survival_backward,0.7777777777777779
W074,all,adjacent_samples,rgb,survival_forward,0.8492063492063492
W074,all,consecutive_annotated,depth,class_switch_rate,0.0
W074,all,consecutive_annotated,depth,fragmentation_ge2,0.0
W074,all,consecutive_annotated,depth,fragmentation_mean,1.0
W074,all,consecutive_annotated,depth,gt_tracks_matched,7.0
W074,all,consecutive_annotated,depth,id_switch_rate,0.07407407407407407
W074,all,consecutive_annotated,depth,matched_pairs,27.0
W074,all,consecutive_annotated,depth,reappear_events_judged,0.0
W074,all,consecutive_annotated,depth,reappear_same_class,
W074,all,consecutive_annotated,depth,reappear_same_gt,
W074,all,consecutive_annotated,depth,reappearance_rate,0.4
W074,all,consecutive_annotated,depth,seeded_regions,5.0
W074,all,consecutive_annotated,depth,survival_backward,0.6399999999999999
W074,all,consecutive_annotated,depth,survival_forward,0.9285714285714285
W074,all,consecutive_annotated,normal,class_switch_rate,0.0
W074,all,consecutive_annotated,normal,fragmentation_ge2,0.0
W074,all,consecutive_annotated,normal,fragmentation_mean,1.0
W074,all,consecutive_annotated,normal,gt_tracks_matched,7.0
W074,all,consecutive_annotated,normal,id_switch_rate,0.0
W074,all,consecutive_annotated,normal,matched_pairs,54.0
W074,all,consecutive_annotated,normal,reappear_events_judged,1.0
W074,all,consecutive_annotated,normal,reappear_same_class,1.0
W074,all,consecutive_annotated,normal,reappear_same_gt,0.0
W074,all,consecutive_annotated,normal,reappearance_rate,0.5
W074,all,consecutive_annotated,normal,seeded_regions,8.0
W074,all,consecutive_annotated,normal,survival_backward,0.7083333333333333
W074,all,consecutive_annotated,normal,survival_forward,0.8482142857142857
W074,all,consecutive_annotated,rgb,class_switch_rate,0.0
W074,all,consecutive_annotated,rgb,fragmentation_ge2,0.0
W074,all,consecutive_annotated,rgb,fragmentation_mean,1.0
W074,all,consecutive_annotated,rgb,gt_tracks_matched,21.0
W074,all,consecutive_annotated,rgb,id_switch_rate,0.07777777777777778
W074,all,consecutive_annotated,rgb,matched_pairs,90.0
W074,all,consecutive_annotated,rgb,reappear_events_judged,1.0
W074,all,consecutive_annotated,rgb,reappear_same_class,1.0
W074,all,consecutive_annotated,rgb,reappear_same_gt,0.0
W074,all,consecutive_annotated,rgb,reappearance_rate,0.5
W074,all,consecutive_annotated,rgb,seeded_regions,18.0
W074,all,consecutive_annotated,rgb,survival_backward,0.7777777777777779
W074,all,consecutive_annotated,rgb,survival_forward,0.8492063492063492
W074,frames_in_order,adjacent_samples,depth,class_switch_rate,0.0
W074,frames_in_order,adjacent_samples,depth,fragmentation_ge2,0.0
W074,frames_in_order,adjacent_samples,depth,fragmentation_mean,1.0
W074,frames_in_order,adjacent_samples,depth,gt_tracks_matched,8.0
W074,frames_in_order,adjacent_samples,depth,id_switch_rate,0.04
W074,frames_in_order,adjacent_samples,depth,matched_pairs,25.0
W074,frames_in_order,adjacent_samples,depth,reappear_events_judged,0.0
W074,frames_in_order,adjacent_samples,depth,reappear_same_class,
W074,frames_in_order,adjacent_samples,depth,reappear_same_gt,
W074,frames_in_order,adjacent_samples,depth,reappearance_rate,0.4
W074,frames_in_order,adjacent_samples,depth,seeded_regions,5.0
W074,frames_in_order,adjacent_samples,depth,survival_backward,0.6399999999999999
W074,frames_in_order,adjacent_samples,depth,survival_forward,0.9285714285714285
W074,frames_in_order,adjacent_samples,normal,class_switch_rate,0.0
W074,frames_in_order,adjacent_samples,normal,fragmentation_ge2,0.0
W074,frames_in_order,adjacent_samples,normal,fragmentation_mean,1.0
W074,frames_in_order,adjacent_samples,normal,gt_tracks_matched,11.0
W074,frames_in_order,adjacent_samples,normal,id_switch_rate,0.0
W074,frames_in_order,adjacent_samples,normal,matched_pairs,50.0
W074,frames_in_order,adjacent_samples,normal,reappear_events_judged,1.0
W074,frames_in_order,adjacent_samples,normal,reappear_same_class,1.0
W074,frames_in_order,adjacent_samples,normal,reappear_same_gt,0.0
W074,frames_in_order,adjacent_samples,normal,reappearance_rate,0.5
W074,frames_in_order,adjacent_samples,normal,seeded_regions,8.0
W074,frames_in_order,adjacent_samples,normal,survival_backward,0.7083333333333333
W074,frames_in_order,adjacent_samples,normal,survival_forward,0.8482142857142857
W074,frames_in_order,adjacent_samples,rgb,class_switch_rate,0.0
W074,frames_in_order,adjacent_samples,rgb,fragmentation_ge2,0.0
W074,frames_in_order,adjacent_samples,rgb,fragmentation_mean,1.0
W074,frames_in_order,adjacent_samples,rgb,gt_tracks_matched,28.0
W074,frames_in_order,adjacent_samples,rgb,id_switch_rate,0.07228915662650602
W074,frames_in_order,adjacent_samples,rgb,matched_pairs,83.0
W074,frames_in_order,adjacent_samples,rgb,reappear_events_judged,1.0
W074,frames_in_order,adjacent_samples,rgb,reappear_same_class,1.0
W074,frames_in_order,adjacent_samples,rgb,reappear_same_gt,0.0
W074,frames_in_order,adjacent_samples,rgb,reappearance_rate,0.5
W074,frames_in_order,adjacent_samples,rgb,seeded_regions,18.0
W074,frames_in_order,adjacent_samples,rgb,survival_backward,0.7777777777777779
W074,frames_in_order,adjacent_samples,rgb,survival_forward,0.8492063492063492
W074,frames_in_order,consecutive_annotated,depth,class_switch_rate,0.0
W074,frames_in_order,consecutive_annotated,depth,fragmentation_ge2,0.0
W074,frames_in_order,consecutive_annotated,depth,fragmentation_mean,1.0
W074,frames_in_order,consecutive_annotated,depth,gt_tracks_matched,7.0
W074,frames_in_order,consecutive_annotated,depth,id_switch_rate,0.07407407407407407
W074,frames_in_order,consecutive_annotated,depth,matched_pairs,27.0
W074,frames_in_order,consecutive_annotated,depth,reappear_events_judged,0.0
W074,frames_in_order,consecutive_annotated,depth,reappear_same_class,
W074,frames_in_order,consecutive_annotated,depth,reappear_same_gt,
W074,frames_in_order,consecutive_annotated,depth,reappearance_rate,0.4
W074,frames_in_order,consecutive_annotated,depth,seeded_regions,5.0
W074,frames_in_order,consecutive_annotated,depth,survival_backward,0.6399999999999999
W074,frames_in_order,consecutive_annotated,depth,survival_forward,0.9285714285714285
W074,frames_in_order,consecutive_annotated,normal,class_switch_rate,0.0
W074,frames_in_order,consecutive_annotated,normal,fragmentation_ge2,0.0
W074,frames_in_order,consecutive_annotated,normal,fragmentation_mean,1.0
W074,frames_in_order,consecutive_annotated,normal,gt_tracks_matched,7.0
W074,frames_in_order,consecutive_annotated,normal,id_switch_rate,0.0
W074,frames_in_order,consecutive_annotated,normal,matched_pairs,54.0
W074,frames_in_order,consecutive_annotated,normal,reappear_events_judged,1.0
W074,frames_in_order,consecutive_annotated,normal,reappear_same_class,1.0
W074,frames_in_order,consecutive_annotated,normal,reappear_same_gt,0.0
W074,frames_in_order,consecutive_annotated,normal,reappearance_rate,0.5
W074,frames_in_order,consecutive_annotated,normal,seeded_regions,8.0
W074,frames_in_order,consecutive_annotated,normal,survival_backward,0.7083333333333333
W074,frames_in_order,consecutive_annotated,normal,survival_forward,0.8482142857142857
W074,frames_in_order,consecutive_annotated,rgb,class_switch_rate,0.0
W074,frames_in_order,consecutive_annotated,rgb,fragmentation_ge2,0.0
W074,frames_in_order,consecutive_annotated,rgb,fragmentation_mean,1.0
W074,frames_in_order,consecutive_annotated,rgb,gt_tracks_matched,21.0
W074,frames_in_order,consecutive_annotated,rgb,id_switch_rate,0.07777777777777778
W074,frames_in_order,consecutive_annotated,rgb,matched_pairs,90.0
W074,frames_in_order,consecutive_annotated,rgb,reappear_events_judged,1.0
W074,frames_in_order,consecutive_annotated,rgb,reappear_same_class,1.0
W074,frames_in_order,consecutive_annotated,rgb,reappear_same_gt,0.0
W074,frames_in_order,consecutive_annotated,rgb,reappearance_rate,0.5
W074,frames_in_order,consecutive_annotated,rgb,seeded_regions,18.0
W074,frames_in_order,consecutive_annotated,rgb,survival_backward,0.7777777777777779
W074,frames_in_order,consecutive_annotated,rgb,survival_forward,0.8492063492063492
W075,all,adjacent_samples,depth,class_switch_rate,0.0
W075,all,adjacent_samples,depth,fragmentation_ge2,0.0
W075,all,adjacent_samples,depth,fragmentation_mean,1.0
W075,all,adjacent_samples,depth,gt_tracks_matched,7.0
W075,all,adjacent_samples,depth,id_switch_rate,0.0
W075,all,adjacent_samples,depth,matched_pairs,33.0
W075,all,adjacent_samples,depth,reappear_events_judged,0.0
W075,all,adjacent_samples,depth,reappear_same_class,
W075,all,adjacent_samples,depth,reappear_same_gt,
W075,all,adjacent_samples,depth,reappearance_rate,0.42857142857142855
W075,all,adjacent_samples,depth,seeded_regions,7.0
W075,all,adjacent_samples,depth,survival_backward,0.9428571428571428
W075,all,adjacent_samples,depth,survival_forward,0.7959183673469388
W075,all,adjacent_samples,normal,class_switch_rate,0.0
W075,all,adjacent_samples,normal,fragmentation_ge2,0.125
W075,all,adjacent_samples,normal,fragmentation_mean,1.125
W075,all,adjacent_samples,normal,gt_tracks_matched,16.0
W075,all,adjacent_samples,normal,id_switch_rate,0.05263157894736842
W075,all,adjacent_samples,normal,matched_pairs,57.0
W075,all,adjacent_samples,normal,reappear_events_judged,0.0
W075,all,adjacent_samples,normal,reappear_same_class,
W075,all,adjacent_samples,normal,reappear_same_gt,
W075,all,adjacent_samples,normal,reappearance_rate,0.7857142857142857
W075,all,adjacent_samples,normal,seeded_regions,14.0
W075,all,adjacent_samples,normal,survival_backward,0.9047619047619049
W075,all,adjacent_samples,normal,survival_forward,0.7142857142857142
W075,all,adjacent_samples,rgb,class_switch_rate,0.0
W075,all,adjacent_samples,rgb,fragmentation_ge2,0.03225806451612903
W075,all,adjacent_samples,rgb,fragmentation_mean,1.032258064516129
W075,all,adjacent_samples,rgb,gt_tracks_matched,31.0
W075,all,adjacent_samples,rgb,id_switch_rate,0.18421052631578946
W075,all,adjacent_samples,rgb,matched_pairs,76.0
W075,all,adjacent_samples,rgb,reappear_events_judged,0.0
W075,all,adjacent_samples,rgb,reappear_same_class,
W075,all,adjacent_samples,rgb,reappear_same_gt,
W075,all,adjacent_samples,rgb,reappearance_rate,0.7222222222222222
W075,all,adjacent_samples,rgb,seeded_regions,18.0
W075,all,adjacent_samples,rgb,survival_backward,0.8888888888888888
W075,all,adjacent_samples,rgb,survival_forward,0.746031746031746
W075,all,consecutive_annotated,depth,class_switch_rate,0.0
W075,all,consecutive_annotated,depth,fragmentation_ge2,0.0
W075,all,consecutive_annotated,depth,fragmentation_mean,1.0
W075,all,consecutive_annotated,depth,gt_tracks_matched,4.0
W075,all,consecutive_annotated,depth,id_switch_rate,0.0
W075,all,consecutive_annotated,depth,matched_pairs,36.0
W075,all,consecutive_annotated,depth,reappear_events_judged,0.0
W075,all,consecutive_annotated,depth,reappear_same_class,
W075,all,consecutive_annotated,depth,reappear_same_gt,
W075,all,consecutive_annotated,depth,reappearance_rate,0.42857142857142855
W075,all,consecutive_annotated,depth,seeded_regions,7.0
W075,all,consecutive_annotated,depth,survival_backward,0.9428571428571428
W075,all,consecutive_annotated,depth,survival_forward,0.7959183673469388
W075,all,consecutive_annotated,normal,class_switch_rate,0.0
W075,all,consecutive_annotated,normal,fragmentation_ge2,0.18181818181818182
W075,all,consecutive_annotated,normal,fragmentation_mean,1.1818181818181819
W075,all,consecutive_annotated,normal,gt_tracks_matched,11.0
W075,all,consecutive_annotated,normal,id_switch_rate,0.04838709677419355
W075,all,consecutive_annotated,normal,matched_pairs,62.0
W075,all,consecutive_annotated,normal,reappear_events_judged,0.0
W075,all,consecutive_annotated,normal,reappear_same_class,
W075,all,consecutive_annotated,normal,reappear_same_gt,
W075,all,consecutive_annotated,normal,reappearance_rate,0.7857142857142857
W075,all,consecutive_annotated,normal,seeded_regions,14.0
W075,all,consecutive_annotated,normal,survival_backward,0.9047619047619049
W075,all,consecutive_annotated,normal,survival_forward,0.7142857142857142
W075,all,consecutive_annotated,rgb,class_switch_rate,0.0
W075,all,consecutive_annotated,rgb,fragmentation_ge2,0.04
W075,all,consecutive_annotated,rgb,fragmentation_mean,1.04
W075,all,consecutive_annotated,rgb,gt_tracks_matched,25.0
W075,all,consecutive_annotated,rgb,id_switch_rate,0.18292682926829268
W075,all,consecutive_annotated,rgb,matched_pairs,82.0
W075,all,consecutive_annotated,rgb,reappear_events_judged,0.0
W075,all,consecutive_annotated,rgb,reappear_same_class,
W075,all,consecutive_annotated,rgb,reappear_same_gt,
W075,all,consecutive_annotated,rgb,reappearance_rate,0.7222222222222222
W075,all,consecutive_annotated,rgb,seeded_regions,18.0
W075,all,consecutive_annotated,rgb,survival_backward,0.8888888888888888
W075,all,consecutive_annotated,rgb,survival_forward,0.746031746031746
W075,frames_in_order,adjacent_samples,depth,class_switch_rate,0.0
W075,frames_in_order,adjacent_samples,depth,fragmentation_ge2,0.0
W075,frames_in_order,adjacent_samples,depth,fragmentation_mean,1.0
W075,frames_in_order,adjacent_samples,depth,gt_tracks_matched,7.0
W075,frames_in_order,adjacent_samples,depth,id_switch_rate,0.0
W075,frames_in_order,adjacent_samples,depth,matched_pairs,33.0
W075,frames_in_order,adjacent_samples,depth,reappear_events_judged,0.0
W075,frames_in_order,adjacent_samples,depth,reappear_same_class,
W075,frames_in_order,adjacent_samples,depth,reappear_same_gt,
W075,frames_in_order,adjacent_samples,depth,reappearance_rate,0.42857142857142855
W075,frames_in_order,adjacent_samples,depth,seeded_regions,7.0
W075,frames_in_order,adjacent_samples,depth,survival_backward,0.9428571428571428
W075,frames_in_order,adjacent_samples,depth,survival_forward,0.7959183673469388
W075,frames_in_order,adjacent_samples,normal,class_switch_rate,0.0
W075,frames_in_order,adjacent_samples,normal,fragmentation_ge2,0.125
W075,frames_in_order,adjacent_samples,normal,fragmentation_mean,1.125
W075,frames_in_order,adjacent_samples,normal,gt_tracks_matched,16.0
W075,frames_in_order,adjacent_samples,normal,id_switch_rate,0.05263157894736842
W075,frames_in_order,adjacent_samples,normal,matched_pairs,57.0
W075,frames_in_order,adjacent_samples,normal,reappear_events_judged,0.0
W075,frames_in_order,adjacent_samples,normal,reappear_same_class,
W075,frames_in_order,adjacent_samples,normal,reappear_same_gt,
W075,frames_in_order,adjacent_samples,normal,reappearance_rate,0.7857142857142857
W075,frames_in_order,adjacent_samples,normal,seeded_regions,14.0
W075,frames_in_order,adjacent_samples,normal,survival_backward,0.9047619047619049
W075,frames_in_order,adjacent_samples,normal,survival_forward,0.7142857142857142
W075,frames_in_order,adjacent_samples,rgb,class_switch_rate,0.0
W075,frames_in_order,adjacent_samples,rgb,fragmentation_ge2,0.03225806451612903
W075,frames_in_order,adjacent_samples,rgb,fragmentation_mean,1.032258064516129
W075,frames_in_order,adjacent_samples,rgb,gt_tracks_matched,31.0
W075,frames_in_order,adjacent_samples,rgb,id_switch_rate,0.18421052631578946
W075,frames_in_order,adjacent_samples,rgb,matched_pairs,76.0
W075,frames_in_order,adjacent_samples,rgb,reappear_events_judged,0.0
W075,frames_in_order,adjacent_samples,rgb,reappear_same_class,
W075,frames_in_order,adjacent_samples,rgb,reappear_same_gt,
W075,frames_in_order,adjacent_samples,rgb,reappearance_rate,0.7222222222222222
W075,frames_in_order,adjacent_samples,rgb,seeded_regions,18.0
W075,frames_in_order,adjacent_samples,rgb,survival_backward,0.8888888888888888
W075,frames_in_order,adjacent_samples,rgb,survival_forward,0.746031746031746
W075,frames_in_order,consecutive_annotated,depth,class_switch_rate,0.0
W075,frames_in_order,consecutive_annotated,depth,fragmentation_ge2,0.0
W075,frames_in_order,consecutive_annotated,depth,fragmentation_mean,1.0
W075,frames_in_order,consecutive_annotated,depth,gt_tracks_matched,4.0
W075,frames_in_order,consecutive_annotated,depth,id_switch_rate,0.0
W075,frames_in_order,consecutive_annotated,depth,matched_pairs,36.0
W075,frames_in_order,consecutive_annotated,depth,reappear_events_judged,0.0
W075,frames_in_order,consecutive_annotated,depth,reappear_same_class,
W075,frames_in_order,consecutive_annotated,depth,reappear_same_gt,
W075,frames_in_order,consecutive_annotated,depth,reappearance_rate,0.42857142857142855
W075,frames_in_order,consecutive_annotated,depth,seeded_regions,7.0
W075,frames_in_order,consecutive_annotated,depth,survival_backward,0.9428571428571428
W075,frames_in_order,consecutive_annotated,depth,survival_forward,0.7959183673469388
W075,frames_in_order,consecutive_annotated,normal,class_switch_rate,0.0
W075,frames_in_order,consecutive_annotated,normal,fragmentation_ge2,0.18181818181818182
W075,frames_in_order,consecutive_annotated,normal,fragmentation_mean,1.1818181818181819
W075,frames_in_order,consecutive_annotated,normal,gt_tracks_matched,11.0
W075,frames_in_order,consecutive_annotated,normal,id_switch_rate,0.04838709677419355
W075,frames_in_order,consecutive_annotated,normal,matched_pairs,62.0
W075,frames_in_order,consecutive_annotated,normal,reappear_events_judged,0.0
W075,frames_in_order,consecutive_annotated,normal,reappear_same_class,
W075,frames_in_order,consecutive_annotated,normal,reappear_same_gt,
W075,frames_in_order,consecutive_annotated,normal,reappearance_rate,0.7857142857142857
W075,frames_in_order,consecutive_annotated,normal,seeded_regions,14.0
W075,frames_in_order,consecutive_annotated,normal,survival_backward,0.9047619047619049
W075,frames_in_order,consecutive_annotated,normal,survival_forward,0.7142857142857142
W075,frames_in_order,consecutive_annotated,rgb,class_switch_rate,0.0
W075,frames_in_order,consecutive_annotated,rgb,fragmentation_ge2,0.04
W075,frames_in_order,consecutive_annotated,rgb,fragmentation_mean,1.04
W075,frames_in_order,consecutive_annotated,rgb,gt_tracks_matched,25.0
W075,frames_in_order,consecutive_annotated,rgb,id_switch_rate,0.18292682926829268
W075,frames_in_order,consecutive_annotated,rgb,matched_pairs,82.0
W075,frames_in_order,consecutive_annotated,rgb,reappear_events_judged,0.0
W075,frames_in_order,consecutive_annotated,rgb,reappear_same_class,
W075,frames_in_order,consecutive_annotated,rgb,reappear_same_gt,
W075,frames_in_order,consecutive_annotated,rgb,reappearance_rate,0.7222222222222222
W075,frames_in_order,consecutive_annotated,rgb,seeded_regions,18.0
W075,frames_in_order,consecutive_annotated,rgb,survival_backward,0.8888888888888888
W075,frames_in_order,consecutive_annotated,rgb,survival_forward,0.746031746031746
W076,all,adjacent_samples,depth,class_switch_rate,0.0
W076,all,adjacent_samples,depth,fragmentation_ge2,0.0
W076,all,adjacent_samples,depth,fragmentation_mean,1.0
W076,all,adjacent_samples,depth,gt_tracks_matched,20.0
W076,all,adjacent_samples,depth,id_switch_rate,0.08
W076,all,adjacent_samples,depth,matched_pairs,150.0
W076,all,adjacent_samples,depth,reappear_events_judged,0.0
W076,all,adjacent_samples,depth,reappear_same_class,
W076,all,adjacent_samples,depth,reappear_same_gt,
W076,all,adjacent_samples,depth,reappearance_rate,0.2727272727272727
W076,all,adjacent_samples,depth,seeded_regions,11.0
W076,all,adjacent_samples,depth,survival_backward,0.9333333333333335
W076,all,adjacent_samples,depth,survival_forward,0.948051948051948
W076,all,adjacent_samples,normal,class_switch_rate,0.0
W076,all,adjacent_samples,normal,fragmentation_ge2,0.1
W076,all,adjacent_samples,normal,fragmentation_mean,1.1
W076,all,adjacent_samples,normal,gt_tracks_matched,20.0
W076,all,adjacent_samples,normal,id_switch_rate,0.07236842105263158
W076,all,adjacent_samples,normal,matched_pairs,152.0
W076,all,adjacent_samples,normal,reappear_events_judged,0.0
W076,all,adjacent_samples,normal,reappear_same_class,
W076,all,adjacent_samples,normal,reappear_same_gt,
W076,all,adjacent_samples,normal,reappearance_rate,0.23076923076923078
W076,all,adjacent_samples,normal,seeded_regions,13.0
W076,all,adjacent_samples,normal,survival_backward,0.8461538461538461
W076,all,adjacent_samples,normal,survival_forward,0.8571428571428571
W076,all,adjacent_samples,rgb,class_switch_rate,0.0
W076,all,adjacent_samples,rgb,fragmentation_ge2,0.045454545454545456
W076,all,adjacent_samples,rgb,fragmentation_mean,1.0454545454545454
W076,all,adjacent_samples,rgb,gt_tracks_matched,22.0
W076,all,adjacent_samples,rgb,id_switch_rate,0.0872093023255814
W076,all,adjacent_samples,rgb,matched_pairs,172.0
W076,all,adjacent_samples,rgb,reappear_events_judged,2.0
W076,all,adjacent_samples,rgb,reappear_same_class,1.0
W076,all,adjacent_samples,rgb,reappear_same_gt,0.0
W076,all,adjacent_samples,rgb,reappearance_rate,0.6
W076,all,adjacent_samples,rgb,seeded_regions,15.0
W076,all,adjacent_samples,rgb,survival_backward,0.8622222222222222
W076,all,adjacent_samples,rgb,survival_forward,0.7666666666666667
W076,all,consecutive_annotated,depth,class_switch_rate,0.0
W076,all,consecutive_annotated,depth,fragmentation_ge2,0.0
W076,all,consecutive_annotated,depth,fragmentation_mean,1.0
W076,all,consecutive_annotated,depth,gt_tracks_matched,20.0
W076,all,consecutive_annotated,depth,id_switch_rate,0.08
W076,all,consecutive_annotated,depth,matched_pairs,150.0
W076,all,consecutive_annotated,depth,reappear_events_judged,0.0
W076,all,consecutive_annotated,depth,reappear_same_class,
W076,all,consecutive_annotated,depth,reappear_same_gt,
W076,all,consecutive_annotated,depth,reappearance_rate,0.2727272727272727
W076,all,consecutive_annotated,depth,seeded_regions,11.0
W076,all,consecutive_annotated,depth,survival_backward,0.9333333333333335
W076,all,consecutive_annotated,depth,survival_forward,0.948051948051948
W076,all,consecutive_annotated,normal,class_switch_rate,0.0
W076,all,consecutive_annotated,normal,fragmentation_ge2,0.1
W076,all,consecutive_annotated,normal,fragmentation_mean,1.1
W076,all,consecutive_annotated,normal,gt_tracks_matched,20.0
W076,all,consecutive_annotated,normal,id_switch_rate,0.07236842105263158
W076,all,consecutive_annotated,normal,matched_pairs,152.0
W076,all,consecutive_annotated,normal,reappear_events_judged,0.0
W076,all,consecutive_annotated,normal,reappear_same_class,
W076,all,consecutive_annotated,normal,reappear_same_gt,
W076,all,consecutive_annotated,normal,reappearance_rate,0.23076923076923078
W076,all,consecutive_annotated,normal,seeded_regions,13.0
W076,all,consecutive_annotated,normal,survival_backward,0.8461538461538461
W076,all,consecutive_annotated,normal,survival_forward,0.8571428571428571
W076,all,consecutive_annotated,rgb,class_switch_rate,0.0
W076,all,consecutive_annotated,rgb,fragmentation_ge2,0.045454545454545456
W076,all,consecutive_annotated,rgb,fragmentation_mean,1.0454545454545454
W076,all,consecutive_annotated,rgb,gt_tracks_matched,22.0
W076,all,consecutive_annotated,rgb,id_switch_rate,0.0872093023255814
W076,all,consecutive_annotated,rgb,matched_pairs,172.0
W076,all,consecutive_annotated,rgb,reappear_events_judged,2.0
W076,all,consecutive_annotated,rgb,reappear_same_class,1.0
W076,all,consecutive_annotated,rgb,reappear_same_gt,0.0
W076,all,consecutive_annotated,rgb,reappearance_rate,0.6
W076,all,consecutive_annotated,rgb,seeded_regions,15.0
W076,all,consecutive_annotated,rgb,survival_backward,0.8622222222222222
W076,all,consecutive_annotated,rgb,survival_forward,0.7666666666666667
W076,frames_in_order,adjacent_samples,depth,class_switch_rate,0.0
W076,frames_in_order,adjacent_samples,depth,fragmentation_ge2,0.0
W076,frames_in_order,adjacent_samples,depth,fragmentation_mean,1.0
W076,frames_in_order,adjacent_samples,depth,gt_tracks_matched,20.0
W076,frames_in_order,adjacent_samples,depth,id_switch_rate,0.08
W076,frames_in_order,adjacent_samples,depth,matched_pairs,150.0
W076,frames_in_order,adjacent_samples,depth,reappear_events_judged,0.0
W076,frames_in_order,adjacent_samples,depth,reappear_same_class,
W076,frames_in_order,adjacent_samples,depth,reappear_same_gt,
W076,frames_in_order,adjacent_samples,depth,reappearance_rate,0.2727272727272727
W076,frames_in_order,adjacent_samples,depth,seeded_regions,11.0
W076,frames_in_order,adjacent_samples,depth,survival_backward,0.9333333333333335
W076,frames_in_order,adjacent_samples,depth,survival_forward,0.948051948051948
W076,frames_in_order,adjacent_samples,normal,class_switch_rate,0.0
W076,frames_in_order,adjacent_samples,normal,fragmentation_ge2,0.1
W076,frames_in_order,adjacent_samples,normal,fragmentation_mean,1.1
W076,frames_in_order,adjacent_samples,normal,gt_tracks_matched,20.0
W076,frames_in_order,adjacent_samples,normal,id_switch_rate,0.07236842105263158
W076,frames_in_order,adjacent_samples,normal,matched_pairs,152.0
W076,frames_in_order,adjacent_samples,normal,reappear_events_judged,0.0
W076,frames_in_order,adjacent_samples,normal,reappear_same_class,
W076,frames_in_order,adjacent_samples,normal,reappear_same_gt,
W076,frames_in_order,adjacent_samples,normal,reappearance_rate,0.23076923076923078
W076,frames_in_order,adjacent_samples,normal,seeded_regions,13.0
W076,frames_in_order,adjacent_samples,normal,survival_backward,0.8461538461538461
W076,frames_in_order,adjacent_samples,normal,survival_forward,0.8571428571428571
W076,frames_in_order,adjacent_samples,rgb,class_switch_rate,0.0
W076,frames_in_order,adjacent_samples,rgb,fragmentation_ge2,0.045454545454545456
W076,frames_in_order,adjacent_samples,rgb,fragmentation_mean,1.0454545454545454
W076,frames_in_order,adjacent_samples,rgb,gt_tracks_matched,22.0
W076,frames_in_order,adjacent_samples,rgb,id_switch_rate,0.0872093023255814
W076,frames_in_order,adjacent_samples,rgb,matched_pairs,172.0
W076,frames_in_order,adjacent_samples,rgb,reappear_events_judged,2.0
W076,frames_in_order,adjacent_samples,rgb,reappear_same_class,1.0
W076,frames_in_order,adjacent_samples,rgb,reappear_same_gt,0.0
W076,frames_in_order,adjacent_samples,rgb,reappearance_rate,0.6
W076,frames_in_order,adjacent_samples,rgb,seeded_regions,15.0
W076,frames_in_order,adjacent_samples,rgb,survival_backward,0.8622222222222222
W076,frames_in_order,adjacent_samples,rgb,survival_forward,0.7666666666666667
W076,frames_in_order,consecutive_annotated,depth,class_switch_rate,0.0
W076,frames_in_order,consecutive_annotated,depth,fragmentation_ge2,0.0
W076,frames_in_order,consecutive_annotated,depth,fragmentation_mean,1.0
W076,frames_in_order,consecutive_annotated,depth,gt_tracks_matched,20.0
W076,frames_in_order,consecutive_annotated,depth,id_switch_rate,0.08
W076,frames_in_order,consecutive_annotated,depth,matched_pairs,150.0
W076,frames_in_order,consecutive_annotated,depth,reappear_events_judged,0.0
W076,frames_in_order,consecutive_annotated,depth,reappear_same_class,
W076,frames_in_order,consecutive_annotated,depth,reappear_same_gt,
W076,frames_in_order,consecutive_annotated,depth,reappearance_rate,0.2727272727272727
W076,frames_in_order,consecutive_annotated,depth,seeded_regions,11.0
W076,frames_in_order,consecutive_annotated,depth,survival_backward,0.9333333333333335
W076,frames_in_order,consecutive_annotated,depth,survival_forward,0.948051948051948
W076,frames_in_order,consecutive_annotated,normal,class_switch_rate,0.0
W076,frames_in_order,consecutive_annotated,normal,fragmentation_ge2,0.1
W076,frames_in_order,consecutive_annotated,normal,fragmentation_mean,1.1
W076,frames_in_order,consecutive_annotated,normal,gt_tracks_matched,20.0
W076,frames_in_order,consecutive_annotated,normal,id_switch_rate,0.07236842105263158
W076,frames_in_order,consecutive_annotated,normal,matched_pairs,152.0
W076,frames_in_order,consecutive_annotated,normal,reappear_events_judged,0.0
W076,frames_in_order,consecutive_annotated,normal,reappear_same_class,
W076,frames_in_order,consecutive_annotated,normal,reappear_same_gt,
W076,frames_in_order,consecutive_annotated,normal,reappearance_rate,0.23076923076923078
W076,frames_in_order,consecutive_annotated,normal,seeded_regions,13.0
W076,frames_in_order,consecutive_annotated,normal,survival_backward,0.8461538461538461
W076,frames_in_order,consecutive_annotated,normal,survival_forward,0.8571428571428571
W076,frames_in_order,consecutive_annotated,rgb,class_switch_rate,0.0
W076,frames_in_order,consecutive_annotated,rgb,fragmentation_ge2,0.045454545454545456
W076,frames_in_order,consecutive_annotated,rgb,fragmentation_mean,1.0454545454545454
W076,frames_in_order,consecutive_annotated,rgb,gt_tracks_matched,22.0
W076,frames_in_order,consecutive_annotated,rgb,id_switch_rate,0.0872093023255814
W076,frames_in_order,consecutive_annotated,rgb,matched_pairs,172.0
W076,frames_in_order,consecutive_annotated,rgb,reappear_events_judged,2.0
W076,frames_in_order,consecutive_annotated,rgb,reappear_same_class,1.0
W076,frames_in_order,consecutive_annotated,rgb,reappear_same_gt,0.0
W076,frames_in_order,consecutive_annotated,rgb,reappearance_rate,0.6
W076,frames_in_order,consecutive_annotated,rgb,seeded_regions,15.0
W076,frames_in_order,consecutive_annotated,rgb,survival_backward,0.8622222222222222
W076,frames_in_order,consecutive_annotated,rgb,survival_forward,0.7666666666666667
W077,all,adjacent_samples,depth,class_switch_rate,0.0
W077,all,adjacent_samples,depth,fragmentation_ge2,0.1111111111111111
W077,all,adjacent_samples,depth,fragmentation_mean,1.1111111111111112
W077,all,adjacent_samples,depth,gt_tracks_matched,18.0
W077,all,adjacent_samples,depth,id_switch_rate,0.08823529411764706
W077,all,adjacent_samples,depth,matched_pairs,136.0
W077,all,adjacent_samples,depth,reappear_events_judged,0.0
W077,all,adjacent_samples,depth,reappear_same_class,
W077,all,adjacent_samples,depth,reappear_same_gt,
W077,all,adjacent_samples,depth,reappearance_rate,0.2222222222222222
W077,all,adjacent_samples,depth,seeded_regions,9.0
W077,all,adjacent_samples,depth,survival_backward,0.9555555555555555
W077,all,adjacent_samples,depth,survival_forward,0.9841269841269842
W077,all,adjacent_samples,normal,class_switch_rate,0.0
W077,all,adjacent_samples,normal,fragmentation_ge2,0.10526315789473684
W077,all,adjacent_samples,normal,fragmentation_mean,1.105263157894737
W077,all,adjacent_samples,normal,gt_tracks_matched,19.0
W077,all,adjacent_samples,normal,id_switch_rate,0.08125
W077,all,adjacent_samples,normal,matched_pairs,160.0
W077,all,adjacent_samples,normal,reappear_events_judged,0.0
W077,all,adjacent_samples,normal,reappear_same_class,
W077,all,adjacent_samples,normal,reappear_same_gt,
W077,all,adjacent_samples,normal,reappearance_rate,0.4166666666666667
W077,all,adjacent_samples,normal,seeded_regions,12.0
W077,all,adjacent_samples,normal,survival_backward,0.9333333333333332
W077,all,adjacent_samples,normal,survival_forward,0.9583333333333334
W077,all,adjacent_samples,rgb,class_switch_rate,0.0
W077,all,adjacent_samples,rgb,fragmentation_ge2,0.16
W077,all,adjacent_samples,rgb,fragmentation_mean,1.16
W077,all,adjacent_samples,rgb,gt_tracks_matched,25.0
W077,all,adjacent_samples,rgb,id_switch_rate,0.09032258064516129
W077,all,adjacent_samples,rgb,matched_pairs,155.0
W077,all,adjacent_samples,rgb,reappear_events_judged,1.0
W077,all,adjacent_samples,rgb,reappear_same_class,1.0
W077,all,adjacent_samples,rgb,reappear_same_gt,1.0
W077,all,adjacent_samples,rgb,reappearance_rate,0.5294117647058824
W077,all,adjacent_samples,rgb,seeded_regions,17.0
W077,all,adjacent_samples,rgb,survival_backward,0.8039215686274509
W077,all,adjacent_samples,rgb,survival_forward,0.7436974789915967
W077,all,consecutive_annotated,depth,class_switch_rate,0.0
W077,all,consecutive_annotated,depth,fragmentation_ge2,0.1111111111111111
W077,all,consecutive_annotated,depth,fragmentation_mean,1.1111111111111112
W077,all,consecutive_annotated,depth,gt_tracks_matched,18.0
W077,all,consecutive_annotated,depth,id_switch_rate,0.08823529411764706
W077,all,consecutive_annotated,depth,matched_pairs,136.0
W077,all,consecutive_annotated,depth,reappear_events_judged,0.0
W077,all,consecutive_annotated,depth,reappear_same_class,
W077,all,consecutive_annotated,depth,reappear_same_gt,
W077,all,consecutive_annotated,depth,reappearance_rate,0.2222222222222222
W077,all,consecutive_annotated,depth,seeded_regions,9.0
W077,all,consecutive_annotated,depth,survival_backward,0.9555555555555555
W077,all,consecutive_annotated,depth,survival_forward,0.9841269841269842
W077,all,consecutive_annotated,normal,class_switch_rate,0.0
W077,all,consecutive_annotated,normal,fragmentation_ge2,0.10526315789473684
W077,all,consecutive_annotated,normal,fragmentation_mean,1.105263157894737
W077,all,consecutive_annotated,normal,gt_tracks_matched,19.0
W077,all,consecutive_annotated,normal,id_switch_rate,0.08125
W077,all,consecutive_annotated,normal,matched_pairs,160.0
W077,all,consecutive_annotated,normal,reappear_events_judged,0.0
W077,all,consecutive_annotated,normal,reappear_same_class,
W077,all,consecutive_annotated,normal,reappear_same_gt,
W077,all,consecutive_annotated,normal,reappearance_rate,0.4166666666666667
W077,all,consecutive_annotated,normal,seeded_regions,12.0
W077,all,consecutive_annotated,normal,survival_backward,0.9333333333333332
W077,all,consecutive_annotated,normal,survival_forward,0.9583333333333334
W077,all,consecutive_annotated,rgb,class_switch_rate,0.0
W077,all,consecutive_annotated,rgb,fragmentation_ge2,0.16
W077,all,consecutive_annotated,rgb,fragmentation_mean,1.16
W077,all,consecutive_annotated,rgb,gt_tracks_matched,25.0
W077,all,consecutive_annotated,rgb,id_switch_rate,0.09032258064516129
W077,all,consecutive_annotated,rgb,matched_pairs,155.0
W077,all,consecutive_annotated,rgb,reappear_events_judged,1.0
W077,all,consecutive_annotated,rgb,reappear_same_class,1.0
W077,all,consecutive_annotated,rgb,reappear_same_gt,1.0
W077,all,consecutive_annotated,rgb,reappearance_rate,0.5294117647058824
W077,all,consecutive_annotated,rgb,seeded_regions,17.0
W077,all,consecutive_annotated,rgb,survival_backward,0.8039215686274509
W077,all,consecutive_annotated,rgb,survival_forward,0.7436974789915967
W077,frames_in_order,adjacent_samples,depth,class_switch_rate,0.0
W077,frames_in_order,adjacent_samples,depth,fragmentation_ge2,0.1111111111111111
W077,frames_in_order,adjacent_samples,depth,fragmentation_mean,1.1111111111111112
W077,frames_in_order,adjacent_samples,depth,gt_tracks_matched,18.0
W077,frames_in_order,adjacent_samples,depth,id_switch_rate,0.08823529411764706
W077,frames_in_order,adjacent_samples,depth,matched_pairs,136.0
W077,frames_in_order,adjacent_samples,depth,reappear_events_judged,0.0
W077,frames_in_order,adjacent_samples,depth,reappear_same_class,
W077,frames_in_order,adjacent_samples,depth,reappear_same_gt,
W077,frames_in_order,adjacent_samples,depth,reappearance_rate,0.2222222222222222
W077,frames_in_order,adjacent_samples,depth,seeded_regions,9.0
W077,frames_in_order,adjacent_samples,depth,survival_backward,0.9555555555555555
W077,frames_in_order,adjacent_samples,depth,survival_forward,0.9841269841269842
W077,frames_in_order,adjacent_samples,normal,class_switch_rate,0.0
W077,frames_in_order,adjacent_samples,normal,fragmentation_ge2,0.10526315789473684
W077,frames_in_order,adjacent_samples,normal,fragmentation_mean,1.105263157894737
W077,frames_in_order,adjacent_samples,normal,gt_tracks_matched,19.0
W077,frames_in_order,adjacent_samples,normal,id_switch_rate,0.08125
W077,frames_in_order,adjacent_samples,normal,matched_pairs,160.0
W077,frames_in_order,adjacent_samples,normal,reappear_events_judged,0.0
W077,frames_in_order,adjacent_samples,normal,reappear_same_class,
W077,frames_in_order,adjacent_samples,normal,reappear_same_gt,
W077,frames_in_order,adjacent_samples,normal,reappearance_rate,0.4166666666666667
W077,frames_in_order,adjacent_samples,normal,seeded_regions,12.0
W077,frames_in_order,adjacent_samples,normal,survival_backward,0.9333333333333332
W077,frames_in_order,adjacent_samples,normal,survival_forward,0.9583333333333334
W077,frames_in_order,adjacent_samples,rgb,class_switch_rate,0.0
W077,frames_in_order,adjacent_samples,rgb,fragmentation_ge2,0.16
W077,frames_in_order,adjacent_samples,rgb,fragmentation_mean,1.16
W077,frames_in_order,adjacent_samples,rgb,gt_tracks_matched,25.0
W077,frames_in_order,adjacent_samples,rgb,id_switch_rate,0.09032258064516129
W077,frames_in_order,adjacent_samples,rgb,matched_pairs,155.0
W077,frames_in_order,adjacent_samples,rgb,reappear_events_judged,1.0
W077,frames_in_order,adjacent_samples,rgb,reappear_same_class,1.0
W077,frames_in_order,adjacent_samples,rgb,reappear_same_gt,1.0
W077,frames_in_order,adjacent_samples,rgb,reappearance_rate,0.5294117647058824
W077,frames_in_order,adjacent_samples,rgb,seeded_regions,17.0
W077,frames_in_order,adjacent_samples,rgb,survival_backward,0.8039215686274509
W077,frames_in_order,adjacent_samples,rgb,survival_forward,0.7436974789915967
W077,frames_in_order,consecutive_annotated,depth,class_switch_rate,0.0
W077,frames_in_order,consecutive_annotated,depth,fragmentation_ge2,0.1111111111111111
W077,frames_in_order,consecutive_annotated,depth,fragmentation_mean,1.1111111111111112
W077,frames_in_order,consecutive_annotated,depth,gt_tracks_matched,18.0
W077,frames_in_order,consecutive_annotated,depth,id_switch_rate,0.08823529411764706
W077,frames_in_order,consecutive_annotated,depth,matched_pairs,136.0
W077,frames_in_order,consecutive_annotated,depth,reappear_events_judged,0.0
W077,frames_in_order,consecutive_annotated,depth,reappear_same_class,
W077,frames_in_order,consecutive_annotated,depth,reappear_same_gt,
W077,frames_in_order,consecutive_annotated,depth,reappearance_rate,0.2222222222222222
W077,frames_in_order,consecutive_annotated,depth,seeded_regions,9.0
W077,frames_in_order,consecutive_annotated,depth,survival_backward,0.9555555555555555
W077,frames_in_order,consecutive_annotated,depth,survival_forward,0.9841269841269842
W077,frames_in_order,consecutive_annotated,normal,class_switch_rate,0.0
W077,frames_in_order,consecutive_annotated,normal,fragmentation_ge2,0.10526315789473684
W077,frames_in_order,consecutive_annotated,normal,fragmentation_mean,1.105263157894737
W077,frames_in_order,consecutive_annotated,normal,gt_tracks_matched,19.0
W077,frames_in_order,consecutive_annotated,normal,id_switch_rate,0.08125
W077,frames_in_order,consecutive_annotated,normal,matched_pairs,160.0
W077,frames_in_order,consecutive_annotated,normal,reappear_events_judged,0.0
W077,frames_in_order,consecutive_annotated,normal,reappear_same_class,
W077,frames_in_order,consecutive_annotated,normal,reappear_same_gt,
W077,frames_in_order,consecutive_annotated,normal,reappearance_rate,0.4166666666666667
W077,frames_in_order,consecutive_annotated,normal,seeded_regions,12.0
W077,frames_in_order,consecutive_annotated,normal,survival_backward,0.9333333333333332
W077,frames_in_order,consecutive_annotated,normal,survival_forward,0.9583333333333334
W077,frames_in_order,consecutive_annotated,rgb,class_switch_rate,0.0
W077,frames_in_order,consecutive_annotated,rgb,fragmentation_ge2,0.16
W077,frames_in_order,consecutive_annotated,rgb,fragmentation_mean,1.16
W077,frames_in_order,consecutive_annotated,rgb,gt_tracks_matched,25.0
W077,frames_in_order,consecutive_annotated,rgb,id_switch_rate,0.09032258064516129
W077,frames_in_order,consecutive_annotated,rgb,matched_pairs,155.0
W077,frames_in_order,consecutive_annotated,rgb,reappear_events_judged,1.0
W077,frames_in_order,consecutive_annotated,rgb,reappear_same_class,1.0
W077,frames_in_order,consecutive_annotated,rgb,reappear_same_gt,1.0
W077,frames_in_order,consecutive_annotated,rgb,reappearance_rate,0.5294117647058824
W077,frames_in_order,consecutive_annotated,rgb,seeded_regions,17.0
W077,frames_in_order,consecutive_annotated,rgb,survival_backward,0.8039215686274509
W077,frames_in_order,consecutive_annotated,rgb,survival_forward,0.7436974789915967
W078,all,adjacent_samples,depth,class_switch_rate,0.0
W078,all,adjacent_samples,depth,fragmentation_ge2,0.058823529411764705
W078,all,adjacent_samples,depth,fragmentation_mean,1.0588235294117647
W078,all,adjacent_samples,depth,gt_tracks_matched,17.0
W078,all,adjacent_samples,depth,id_switch_rate,0.05982905982905983
W078,all,adjacent_samples,depth,matched_pairs,117.0
W078,all,adjacent_samples,depth,reappear_events_judged,1.0
W078,all,adjacent_samples,depth,reappear_same_class,1.0
W078,all,adjacent_samples,depth,reappear_same_gt,0.0
W078,all,adjacent_samples,depth,reappearance_rate,0.2222222222222222
W078,all,adjacent_samples,depth,seeded_regions,9.0
W078,all,adjacent_samples,depth,survival_backward,0.8444444444444444
W078,all,adjacent_samples,depth,survival_forward,0.7777777777777778
W078,all,adjacent_samples,normal,class_switch_rate,0.0
W078,all,adjacent_samples,normal,fragmentation_ge2,0.07142857142857142
W078,all,adjacent_samples,normal,fragmentation_mean,1.0714285714285714
W078,all,adjacent_samples,normal,gt_tracks_matched,14.0
W078,all,adjacent_samples,normal,id_switch_rate,0.06422018348623854
W078,all,adjacent_samples,normal,matched_pairs,109.0
W078,all,adjacent_samples,normal,reappear_events_judged,0.0
W078,all,adjacent_samples,normal,reappear_same_class,
W078,all,adjacent_samples,normal,reappear_same_gt,
W078,all,adjacent_samples,normal,reappearance_rate,0.3
W078,all,adjacent_samples,normal,seeded_regions,10.0
W078,all,adjacent_samples,normal,survival_backward,0.9133333333333333
W078,all,adjacent_samples,normal,survival_forward,0.8714285714285716
W078,all,adjacent_samples,rgb,class_switch_rate,0.0
W078,all,adjacent_samples,rgb,fragmentation_ge2,0.05
W078,all,adjacent_samples,rgb,fragmentation_mean,1.05
W078,all,adjacent_samples,rgb,gt_tracks_matched,20.0
W078,all,adjacent_samples,rgb,id_switch_rate,0.07586206896551724
W078,all,adjacent_samples,rgb,matched_pairs,145.0
W078,all,adjacent_samples,rgb,reappear_events_judged,1.0
W078,all,adjacent_samples,rgb,reappear_same_class,1.0
W078,all,adjacent_samples,rgb,reappear_same_gt,0.0
W078,all,adjacent_samples,rgb,reappearance_rate,0.3333333333333333
W078,all,adjacent_samples,rgb,seeded_regions,9.0
W078,all,adjacent_samples,rgb,survival_backward,0.9333333333333333
W078,all,adjacent_samples,rgb,survival_forward,0.873015873015873
W078,all,consecutive_annotated,depth,class_switch_rate,0.0
W078,all,consecutive_annotated,depth,fragmentation_ge2,0.058823529411764705
W078,all,consecutive_annotated,depth,fragmentation_mean,1.0588235294117647
W078,all,consecutive_annotated,depth,gt_tracks_matched,17.0
W078,all,consecutive_annotated,depth,id_switch_rate,0.05982905982905983
W078,all,consecutive_annotated,depth,matched_pairs,117.0
W078,all,consecutive_annotated,depth,reappear_events_judged,1.0
W078,all,consecutive_annotated,depth,reappear_same_class,1.0
W078,all,consecutive_annotated,depth,reappear_same_gt,0.0
W078,all,consecutive_annotated,depth,reappearance_rate,0.2222222222222222
W078,all,consecutive_annotated,depth,seeded_regions,9.0
W078,all,consecutive_annotated,depth,survival_backward,0.8444444444444444
W078,all,consecutive_annotated,depth,survival_forward,0.7777777777777778
W078,all,consecutive_annotated,normal,class_switch_rate,0.0
W078,all,consecutive_annotated,normal,fragmentation_ge2,0.07142857142857142
W078,all,consecutive_annotated,normal,fragmentation_mean,1.0714285714285714
W078,all,consecutive_annotated,normal,gt_tracks_matched,14.0
W078,all,consecutive_annotated,normal,id_switch_rate,0.06422018348623854
W078,all,consecutive_annotated,normal,matched_pairs,109.0
W078,all,consecutive_annotated,normal,reappear_events_judged,0.0
W078,all,consecutive_annotated,normal,reappear_same_class,
W078,all,consecutive_annotated,normal,reappear_same_gt,
W078,all,consecutive_annotated,normal,reappearance_rate,0.3
W078,all,consecutive_annotated,normal,seeded_regions,10.0
W078,all,consecutive_annotated,normal,survival_backward,0.9133333333333333
W078,all,consecutive_annotated,normal,survival_forward,0.8714285714285716
W078,all,consecutive_annotated,rgb,class_switch_rate,0.0
W078,all,consecutive_annotated,rgb,fragmentation_ge2,0.05
W078,all,consecutive_annotated,rgb,fragmentation_mean,1.05
W078,all,consecutive_annotated,rgb,gt_tracks_matched,20.0
W078,all,consecutive_annotated,rgb,id_switch_rate,0.07586206896551724
W078,all,consecutive_annotated,rgb,matched_pairs,145.0
W078,all,consecutive_annotated,rgb,reappear_events_judged,1.0
W078,all,consecutive_annotated,rgb,reappear_same_class,1.0
W078,all,consecutive_annotated,rgb,reappear_same_gt,0.0
W078,all,consecutive_annotated,rgb,reappearance_rate,0.3333333333333333
W078,all,consecutive_annotated,rgb,seeded_regions,9.0
W078,all,consecutive_annotated,rgb,survival_backward,0.9333333333333333
W078,all,consecutive_annotated,rgb,survival_forward,0.873015873015873
W078,frames_in_order,adjacent_samples,depth,class_switch_rate,0.0
W078,frames_in_order,adjacent_samples,depth,fragmentation_ge2,0.058823529411764705
W078,frames_in_order,adjacent_samples,depth,fragmentation_mean,1.0588235294117647
W078,frames_in_order,adjacent_samples,depth,gt_tracks_matched,17.0
W078,frames_in_order,adjacent_samples,depth,id_switch_rate,0.05982905982905983
W078,frames_in_order,adjacent_samples,depth,matched_pairs,117.0
W078,frames_in_order,adjacent_samples,depth,reappear_events_judged,1.0
W078,frames_in_order,adjacent_samples,depth,reappear_same_class,1.0
W078,frames_in_order,adjacent_samples,depth,reappear_same_gt,0.0
W078,frames_in_order,adjacent_samples,depth,reappearance_rate,0.2222222222222222
W078,frames_in_order,adjacent_samples,depth,seeded_regions,9.0
W078,frames_in_order,adjacent_samples,depth,survival_backward,0.8444444444444444
W078,frames_in_order,adjacent_samples,depth,survival_forward,0.7777777777777778
W078,frames_in_order,adjacent_samples,normal,class_switch_rate,0.0
W078,frames_in_order,adjacent_samples,normal,fragmentation_ge2,0.07142857142857142
W078,frames_in_order,adjacent_samples,normal,fragmentation_mean,1.0714285714285714
W078,frames_in_order,adjacent_samples,normal,gt_tracks_matched,14.0
W078,frames_in_order,adjacent_samples,normal,id_switch_rate,0.06422018348623854
W078,frames_in_order,adjacent_samples,normal,matched_pairs,109.0
W078,frames_in_order,adjacent_samples,normal,reappear_events_judged,0.0
W078,frames_in_order,adjacent_samples,normal,reappear_same_class,
W078,frames_in_order,adjacent_samples,normal,reappear_same_gt,
W078,frames_in_order,adjacent_samples,normal,reappearance_rate,0.3
W078,frames_in_order,adjacent_samples,normal,seeded_regions,10.0
W078,frames_in_order,adjacent_samples,normal,survival_backward,0.9133333333333333
W078,frames_in_order,adjacent_samples,normal,survival_forward,0.8714285714285716
W078,frames_in_order,adjacent_samples,rgb,class_switch_rate,0.0
W078,frames_in_order,adjacent_samples,rgb,fragmentation_ge2,0.05
W078,frames_in_order,adjacent_samples,rgb,fragmentation_mean,1.05
W078,frames_in_order,adjacent_samples,rgb,gt_tracks_matched,20.0
W078,frames_in_order,adjacent_samples,rgb,id_switch_rate,0.07586206896551724
W078,frames_in_order,adjacent_samples,rgb,matched_pairs,145.0
W078,frames_in_order,adjacent_samples,rgb,reappear_events_judged,1.0
W078,frames_in_order,adjacent_samples,rgb,reappear_same_class,1.0
W078,frames_in_order,adjacent_samples,rgb,reappear_same_gt,0.0
W078,frames_in_order,adjacent_samples,rgb,reappearance_rate,0.3333333333333333
W078,frames_in_order,adjacent_samples,rgb,seeded_regions,9.0
W078,frames_in_order,adjacent_samples,rgb,survival_backward,0.9333333333333333
W078,frames_in_order,adjacent_samples,rgb,survival_forward,0.873015873015873
W078,frames_in_order,consecutive_annotated,depth,class_switch_rate,0.0
W078,frames_in_order,consecutive_annotated,depth,fragmentation_ge2,0.058823529411764705
W078,frames_in_order,consecutive_annotated,depth,fragmentation_mean,1.0588235294117647
W078,frames_in_order,consecutive_annotated,depth,gt_tracks_matched,17.0
W078,frames_in_order,consecutive_annotated,depth,id_switch_rate,0.05982905982905983
W078,frames_in_order,consecutive_annotated,depth,matched_pairs,117.0
W078,frames_in_order,consecutive_annotated,depth,reappear_events_judged,1.0
W078,frames_in_order,consecutive_annotated,depth,reappear_same_class,1.0
W078,frames_in_order,consecutive_annotated,depth,reappear_same_gt,0.0
W078,frames_in_order,consecutive_annotated,depth,reappearance_rate,0.2222222222222222
W078,frames_in_order,consecutive_annotated,depth,seeded_regions,9.0
W078,frames_in_order,consecutive_annotated,depth,survival_backward,0.8444444444444444
W078,frames_in_order,consecutive_annotated,depth,survival_forward,0.7777777777777778
W078,frames_in_order,consecutive_annotated,normal,class_switch_rate,0.0
W078,frames_in_order,consecutive_annotated,normal,fragmentation_ge2,0.07142857142857142
W078,frames_in_order,consecutive_annotated,normal,fragmentation_mean,1.0714285714285714
W078,frames_in_order,consecutive_annotated,normal,gt_tracks_matched,14.0
W078,frames_in_order,consecutive_annotated,normal,id_switch_rate,0.06422018348623854
W078,frames_in_order,consecutive_annotated,normal,matched_pairs,109.0
W078,frames_in_order,consecutive_annotated,normal,reappear_events_judged,0.0
W078,frames_in_order,consecutive_annotated,normal,reappear_same_class,
W078,frames_in_order,consecutive_annotated,normal,reappear_same_gt,
W078,frames_in_order,consecutive_annotated,normal,reappearance_rate,0.3
W078,frames_in_order,consecutive_annotated,normal,seeded_regions,10.0
W078,frames_in_order,consecutive_annotated,normal,survival_backward,0.9133333333333333
W078,frames_in_order,consecutive_annotated,normal,survival_forward,0.8714285714285716
W078,frames_in_order,consecutive_annotated,rgb,class_switch_rate,0.0
W078,frames_in_order,consecutive_annotated,rgb,fragmentation_ge2,0.05
W078,frames_in_order,consecutive_annotated,rgb,fragmentation_mean,1.05
W078,frames_in_order,consecutive_annotated,rgb,gt_tracks_matched,20.0
W078,frames_in_order,consecutive_annotated,rgb,id_switch_rate,0.07586206896551724
W078,frames_in_order,consecutive_annotated,rgb,matched_pairs,145.0
W078,frames_in_order,consecutive_annotated,rgb,reappear_events_judged,1.0
W078,frames_in_order,consecutive_annotated,rgb,reappear_same_class,1.0
W078,frames_in_order,consecutive_annotated,rgb,reappear_same_gt,0.0
W078,frames_in_order,consecutive_annotated,rgb,reappearance_rate,0.3333333333333333
W078,frames_in_order,consecutive_annotated,rgb,seeded_regions,9.0
W078,frames_in_order,consecutive_annotated,rgb,survival_backward,0.9333333333333333
W078,frames_in_order,consecutive_annotated,rgb,survival_forward,0.873015873015873
W079,all,adjacent_samples,depth,class_switch_rate,0.0
W079,all,adjacent_samples,depth,fragmentation_ge2,0.0
W079,all,adjacent_samples,depth,fragmentation_mean,1.0
W079,all,adjacent_samples,depth,gt_tracks_matched,4.0
W079,all,adjacent_samples,depth,id_switch_rate,0.0
W079,all,adjacent_samples,depth,matched_pairs,52.0
W079,all,adjacent_samples,depth,reappear_events_judged,0.0
W079,all,adjacent_samples,depth,reappear_same_class,
W079,all,adjacent_samples,depth,reappear_same_gt,
W079,all,adjacent_samples,depth,reappearance_rate,0.0
W079,all,adjacent_samples,depth,seeded_regions,5.0
W079,all,adjacent_samples,depth,survival_backward,1.0
W079,all,adjacent_samples,depth,survival_forward,1.0
W079,all,adjacent_samples,normal,class_switch_rate,0.0
W079,all,adjacent_samples,normal,fragmentation_ge2,0.14285714285714285
W079,all,adjacent_samples,normal,fragmentation_mean,1.1428571428571428
W079,all,adjacent_samples,normal,gt_tracks_matched,7.0
W079,all,adjacent_samples,normal,id_switch_rate,0.011235955056179775
W079,all,adjacent_samples,normal,matched_pairs,89.0
W079,all,adjacent_samples,normal,reappear_events_judged,0.0
W079,all,adjacent_samples,normal,reappear_same_class,
W079,all,adjacent_samples,normal,reappear_same_gt,
W079,all,adjacent_samples,normal,reappearance_rate,0.2222222222222222
W079,all,adjacent_samples,normal,seeded_regions,9.0
W079,all,adjacent_samples,normal,survival_backward,0.9629629629629629
W079,all,adjacent_samples,normal,survival_forward,0.9126984126984128
W079,all,adjacent_samples,rgb,class_switch_rate,0.0
W079,all,adjacent_samples,rgb,fragmentation_ge2,0.08333333333333333
W079,all,adjacent_samples,rgb,fragmentation_mean,1.0833333333333333
W079,all,adjacent_samples,rgb,gt_tracks_matched,12.0
W079,all,adjacent_samples,rgb,id_switch_rate,0.04716981132075472
W079,all,adjacent_samples,rgb,matched_pairs,106.0
W079,all,adjacent_samples,rgb,reappear_events_judged,0.0
W079,all,adjacent_samples,rgb,reappear_same_class,
W079,all,adjacent_samples,rgb,reappear_same_gt,
W079,all,adjacent_samples,rgb,reappearance_rate,0.2727272727272727
W079,all,adjacent_samples,rgb,seeded_regions,11.0
W079,all,adjacent_samples,rgb,survival_backward,0.9151515151515152
W079,all,adjacent_samples,rgb,survival_forward,0.8701298701298701
W079,all,consecutive_annotated,depth,class_switch_rate,0.0
W079,all,consecutive_annotated,depth,fragmentation_ge2,0.0
W079,all,consecutive_annotated,depth,fragmentation_mean,1.0
W079,all,consecutive_annotated,depth,gt_tracks_matched,4.0
W079,all,consecutive_annotated,depth,id_switch_rate,0.0
W079,all,consecutive_annotated,depth,matched_pairs,52.0
W079,all,consecutive_annotated,depth,reappear_events_judged,0.0
W079,all,consecutive_annotated,depth,reappear_same_class,
W079,all,consecutive_annotated,depth,reappear_same_gt,
W079,all,consecutive_annotated,depth,reappearance_rate,0.0
W079,all,consecutive_annotated,depth,seeded_regions,5.0
W079,all,consecutive_annotated,depth,survival_backward,1.0
W079,all,consecutive_annotated,depth,survival_forward,1.0
W079,all,consecutive_annotated,normal,class_switch_rate,0.0
W079,all,consecutive_annotated,normal,fragmentation_ge2,0.14285714285714285
W079,all,consecutive_annotated,normal,fragmentation_mean,1.1428571428571428
W079,all,consecutive_annotated,normal,gt_tracks_matched,7.0
W079,all,consecutive_annotated,normal,id_switch_rate,0.011235955056179775
W079,all,consecutive_annotated,normal,matched_pairs,89.0
W079,all,consecutive_annotated,normal,reappear_events_judged,0.0
W079,all,consecutive_annotated,normal,reappear_same_class,
W079,all,consecutive_annotated,normal,reappear_same_gt,
W079,all,consecutive_annotated,normal,reappearance_rate,0.2222222222222222
W079,all,consecutive_annotated,normal,seeded_regions,9.0
W079,all,consecutive_annotated,normal,survival_backward,0.9629629629629629
W079,all,consecutive_annotated,normal,survival_forward,0.9126984126984128
W079,all,consecutive_annotated,rgb,class_switch_rate,0.0
W079,all,consecutive_annotated,rgb,fragmentation_ge2,0.08333333333333333
W079,all,consecutive_annotated,rgb,fragmentation_mean,1.0833333333333333
W079,all,consecutive_annotated,rgb,gt_tracks_matched,12.0
W079,all,consecutive_annotated,rgb,id_switch_rate,0.04716981132075472
W079,all,consecutive_annotated,rgb,matched_pairs,106.0
W079,all,consecutive_annotated,rgb,reappear_events_judged,0.0
W079,all,consecutive_annotated,rgb,reappear_same_class,
W079,all,consecutive_annotated,rgb,reappear_same_gt,
W079,all,consecutive_annotated,rgb,reappearance_rate,0.2727272727272727
W079,all,consecutive_annotated,rgb,seeded_regions,11.0
W079,all,consecutive_annotated,rgb,survival_backward,0.9151515151515152
W079,all,consecutive_annotated,rgb,survival_forward,0.8701298701298701
W079,frames_in_order,adjacent_samples,depth,class_switch_rate,0.0
W079,frames_in_order,adjacent_samples,depth,fragmentation_ge2,0.0
W079,frames_in_order,adjacent_samples,depth,fragmentation_mean,1.0
W079,frames_in_order,adjacent_samples,depth,gt_tracks_matched,4.0
W079,frames_in_order,adjacent_samples,depth,id_switch_rate,0.0
W079,frames_in_order,adjacent_samples,depth,matched_pairs,52.0
W079,frames_in_order,adjacent_samples,depth,reappear_events_judged,0.0
W079,frames_in_order,adjacent_samples,depth,reappear_same_class,
W079,frames_in_order,adjacent_samples,depth,reappear_same_gt,
W079,frames_in_order,adjacent_samples,depth,reappearance_rate,0.0
W079,frames_in_order,adjacent_samples,depth,seeded_regions,5.0
W079,frames_in_order,adjacent_samples,depth,survival_backward,1.0
W079,frames_in_order,adjacent_samples,depth,survival_forward,1.0
W079,frames_in_order,adjacent_samples,normal,class_switch_rate,0.0
W079,frames_in_order,adjacent_samples,normal,fragmentation_ge2,0.14285714285714285
W079,frames_in_order,adjacent_samples,normal,fragmentation_mean,1.1428571428571428
W079,frames_in_order,adjacent_samples,normal,gt_tracks_matched,7.0
W079,frames_in_order,adjacent_samples,normal,id_switch_rate,0.011235955056179775
W079,frames_in_order,adjacent_samples,normal,matched_pairs,89.0
W079,frames_in_order,adjacent_samples,normal,reappear_events_judged,0.0
W079,frames_in_order,adjacent_samples,normal,reappear_same_class,
W079,frames_in_order,adjacent_samples,normal,reappear_same_gt,
W079,frames_in_order,adjacent_samples,normal,reappearance_rate,0.2222222222222222
W079,frames_in_order,adjacent_samples,normal,seeded_regions,9.0
W079,frames_in_order,adjacent_samples,normal,survival_backward,0.9629629629629629
W079,frames_in_order,adjacent_samples,normal,survival_forward,0.9126984126984128
W079,frames_in_order,adjacent_samples,rgb,class_switch_rate,0.0
W079,frames_in_order,adjacent_samples,rgb,fragmentation_ge2,0.08333333333333333
W079,frames_in_order,adjacent_samples,rgb,fragmentation_mean,1.0833333333333333
W079,frames_in_order,adjacent_samples,rgb,gt_tracks_matched,12.0
W079,frames_in_order,adjacent_samples,rgb,id_switch_rate,0.04716981132075472
W079,frames_in_order,adjacent_samples,rgb,matched_pairs,106.0
W079,frames_in_order,adjacent_samples,rgb,reappear_events_judged,0.0
W079,frames_in_order,adjacent_samples,rgb,reappear_same_class,
W079,frames_in_order,adjacent_samples,rgb,reappear_same_gt,
W079,frames_in_order,adjacent_samples,rgb,reappearance_rate,0.2727272727272727
W079,frames_in_order,adjacent_samples,rgb,seeded_regions,11.0
W079,frames_in_order,adjacent_samples,rgb,survival_backward,0.9151515151515152
W079,frames_in_order,adjacent_samples,rgb,survival_forward,0.8701298701298701
W079,frames_in_order,consecutive_annotated,depth,class_switch_rate,0.0
W079,frames_in_order,consecutive_annotated,depth,fragmentation_ge2,0.0
W079,frames_in_order,consecutive_annotated,depth,fragmentation_mean,1.0
W079,frames_in_order,consecutive_annotated,depth,gt_tracks_matched,4.0
W079,frames_in_order,consecutive_annotated,depth,id_switch_rate,0.0
W079,frames_in_order,consecutive_annotated,depth,matched_pairs,52.0
W079,frames_in_order,consecutive_annotated,depth,reappear_events_judged,0.0
W079,frames_in_order,consecutive_annotated,depth,reappear_same_class,
W079,frames_in_order,consecutive_annotated,depth,reappear_same_gt,
W079,frames_in_order,consecutive_annotated,depth,reappearance_rate,0.0
W079,frames_in_order,consecutive_annotated,depth,seeded_regions,5.0
W079,frames_in_order,consecutive_annotated,depth,survival_backward,1.0
W079,frames_in_order,consecutive_annotated,depth,survival_forward,1.0
W079,frames_in_order,consecutive_annotated,normal,class_switch_rate,0.0
W079,frames_in_order,consecutive_annotated,normal,fragmentation_ge2,0.14285714285714285
W079,frames_in_order,consecutive_annotated,normal,fragmentation_mean,1.1428571428571428
W079,frames_in_order,consecutive_annotated,normal,gt_tracks_matched,7.0
W079,frames_in_order,consecutive_annotated,normal,id_switch_rate,0.011235955056179775
W079,frames_in_order,consecutive_annotated,normal,matched_pairs,89.0
W079,frames_in_order,consecutive_annotated,normal,reappear_events_judged,0.0
W079,frames_in_order,consecutive_annotated,normal,reappear_same_class,
W079,frames_in_order,consecutive_annotated,normal,reappear_same_gt,
W079,frames_in_order,consecutive_annotated,normal,reappearance_rate,0.2222222222222222
W079,frames_in_order,consecutive_annotated,normal,seeded_regions,9.0
W079,frames_in_order,consecutive_annotated,normal,survival_backward,0.9629629629629629
W079,frames_in_order,consecutive_annotated,normal,survival_forward,0.9126984126984128
W079,frames_in_order,consecutive_annotated,rgb,class_switch_rate,0.0
W079,frames_in_order,consecutive_annotated,rgb,fragmentation_ge2,0.08333333333333333
W079,frames_in_order,consecutive_annotated,rgb,fragmentation_mean,1.0833333333333333
W079,frames_in_order,consecutive_annotated,rgb,gt_tracks_matched,12.0
W079,frames_in_order,consecutive_annotated,rgb,id_switch_rate,0.04716981132075472
W079,frames_in_order,consecutive_annotated,rgb,matched_pairs,106.0
W079,frames_in_order,consecutive_annotated,rgb,reappear_events_judged,0.0
W079,frames_in_order,consecutive_annotated,rgb,reappear_same_class,
W079,frames_in_order,consecutive_annotated,rgb,reappear_same_gt,
W079,frames_in_order,consecutive_annotated,rgb,reappearance_rate,0.2727272727272727
W079,frames_in_order,consecutive_annotated,rgb,seeded_regions,11.0
W079,frames_in_order,consecutive_annotated,rgb,survival_backward,0.9151515151515152
W079,frames_in_order,consecutive_annotated,rgb,survival_forward,0.8701298701298701
W080,all,adjacent_samples,depth,class_switch_rate,0.0
W080,all,adjacent_samples,depth,fragmentation_ge2,0.0
W080,all,adjacent_samples,depth,fragmentation_mean,1.0
W080,all,adjacent_samples,depth,gt_tracks_matched,21.0
W080,all,adjacent_samples,depth,id_switch_rate,0.09411764705882353
W080,all,adjacent_samples,depth,matched_pairs,85.0
W080,all,adjacent_samples,depth,reappear_events_judged,1.0
W080,all,adjacent_samples,depth,reappear_same_class,1.0
W080,all,adjacent_samples,depth,reappear_same_gt,0.0
W080,all,adjacent_samples,depth,reappearance_rate,0.2222222222222222
W080,all,adjacent_samples,depth,seeded_regions,9.0
W080,all,adjacent_samples,depth,survival_backward,0.7777777777777778
W080,all,adjacent_samples,depth,survival_forward,0.9920634920634921
W080,all,adjacent_samples,normal,class_switch_rate,0.0
W080,all,adjacent_samples,normal,fragmentation_ge2,0.08333333333333333
W080,all,adjacent_samples,normal,fragmentation_mean,1.0833333333333333
W080,all,adjacent_samples,normal,gt_tracks_matched,12.0
W080,all,adjacent_samples,normal,id_switch_rate,0.021052631578947368
W080,all,adjacent_samples,normal,matched_pairs,95.0
W080,all,adjacent_samples,normal,reappear_events_judged,0.0
W080,all,adjacent_samples,normal,reappear_same_class,
W080,all,adjacent_samples,normal,reappear_same_gt,
W080,all,adjacent_samples,normal,reappearance_rate,0.09090909090909091
W080,all,adjacent_samples,normal,seeded_regions,11.0
W080,all,adjacent_samples,normal,survival_backward,0.8121212121212121
W080,all,adjacent_samples,normal,survival_forward,0.9090909090909091
W080,all,adjacent_samples,rgb,class_switch_rate,0.007352941176470588
W080,all,adjacent_samples,rgb,fragmentation_ge2,0.11538461538461539
W080,all,adjacent_samples,rgb,fragmentation_mean,1.1153846153846154
W080,all,adjacent_samples,rgb,gt_tracks_matched,26.0
W080,all,adjacent_samples,rgb,id_switch_rate,0.0661764705882353
W080,all,adjacent_samples,rgb,matched_pairs,136.0
W080,all,adjacent_samples,rgb,reappear_events_judged,1.0
W080,all,adjacent_samples,rgb,reappear_same_class,1.0
W080,all,adjacent_samples,rgb,reappear_same_gt,0.0
W080,all,adjacent_samples,rgb,reappearance_rate,0.3
W080,all,adjacent_samples,rgb,seeded_regions,20.0
W080,all,adjacent_samples,rgb,survival_backward,0.8533333333333333
W080,all,adjacent_samples,rgb,survival_forward,0.9464285714285715
W080,all,consecutive_annotated,depth,class_switch_rate,0.0
W080,all,consecutive_annotated,depth,fragmentation_ge2,0.0
W080,all,consecutive_annotated,depth,fragmentation_mean,1.0
W080,all,consecutive_annotated,depth,gt_tracks_matched,21.0
W080,all,consecutive_annotated,depth,id_switch_rate,0.09411764705882353
W080,all,consecutive_annotated,depth,matched_pairs,85.0
W080,all,consecutive_annotated,depth,reappear_events_judged,1.0
W080,all,consecutive_annotated,depth,reappear_same_class,1.0
W080,all,consecutive_annotated,depth,reappear_same_gt,0.0
W080,all,consecutive_annotated,depth,reappearance_rate,0.2222222222222222
W080,all,consecutive_annotated,depth,seeded_regions,9.0
W080,all,consecutive_annotated,depth,survival_backward,0.7777777777777778
W080,all,consecutive_annotated,depth,survival_forward,0.9920634920634921
W080,all,consecutive_annotated,normal,class_switch_rate,0.0
W080,all,consecutive_annotated,normal,fragmentation_ge2,0.08333333333333333
W080,all,consecutive_annotated,normal,fragmentation_mean,1.0833333333333333
W080,all,consecutive_annotated,normal,gt_tracks_matched,12.0
W080,all,consecutive_annotated,normal,id_switch_rate,0.021052631578947368
W080,all,consecutive_annotated,normal,matched_pairs,95.0
W080,all,consecutive_annotated,normal,reappear_events_judged,0.0
W080,all,consecutive_annotated,normal,reappear_same_class,
W080,all,consecutive_annotated,normal,reappear_same_gt,
W080,all,consecutive_annotated,normal,reappearance_rate,0.09090909090909091
W080,all,consecutive_annotated,normal,seeded_regions,11.0
W080,all,consecutive_annotated,normal,survival_backward,0.8121212121212121
W080,all,consecutive_annotated,normal,survival_forward,0.9090909090909091
W080,all,consecutive_annotated,rgb,class_switch_rate,0.007352941176470588
W080,all,consecutive_annotated,rgb,fragmentation_ge2,0.11538461538461539
W080,all,consecutive_annotated,rgb,fragmentation_mean,1.1153846153846154
W080,all,consecutive_annotated,rgb,gt_tracks_matched,26.0
W080,all,consecutive_annotated,rgb,id_switch_rate,0.0661764705882353
W080,all,consecutive_annotated,rgb,matched_pairs,136.0
W080,all,consecutive_annotated,rgb,reappear_events_judged,1.0
W080,all,consecutive_annotated,rgb,reappear_same_class,1.0
W080,all,consecutive_annotated,rgb,reappear_same_gt,0.0
W080,all,consecutive_annotated,rgb,reappearance_rate,0.3
W080,all,consecutive_annotated,rgb,seeded_regions,20.0
W080,all,consecutive_annotated,rgb,survival_backward,0.8533333333333333
W080,all,consecutive_annotated,rgb,survival_forward,0.9464285714285715
W080,frames_in_order,adjacent_samples,depth,class_switch_rate,0.0
W080,frames_in_order,adjacent_samples,depth,fragmentation_ge2,0.0
W080,frames_in_order,adjacent_samples,depth,fragmentation_mean,1.0
W080,frames_in_order,adjacent_samples,depth,gt_tracks_matched,21.0
W080,frames_in_order,adjacent_samples,depth,id_switch_rate,0.09411764705882353
W080,frames_in_order,adjacent_samples,depth,matched_pairs,85.0
W080,frames_in_order,adjacent_samples,depth,reappear_events_judged,1.0
W080,frames_in_order,adjacent_samples,depth,reappear_same_class,1.0
W080,frames_in_order,adjacent_samples,depth,reappear_same_gt,0.0
W080,frames_in_order,adjacent_samples,depth,reappearance_rate,0.2222222222222222
W080,frames_in_order,adjacent_samples,depth,seeded_regions,9.0
W080,frames_in_order,adjacent_samples,depth,survival_backward,0.7777777777777778
W080,frames_in_order,adjacent_samples,depth,survival_forward,0.9920634920634921
W080,frames_in_order,adjacent_samples,normal,class_switch_rate,0.0
W080,frames_in_order,adjacent_samples,normal,fragmentation_ge2,0.08333333333333333
W080,frames_in_order,adjacent_samples,normal,fragmentation_mean,1.0833333333333333
W080,frames_in_order,adjacent_samples,normal,gt_tracks_matched,12.0
W080,frames_in_order,adjacent_samples,normal,id_switch_rate,0.021052631578947368
W080,frames_in_order,adjacent_samples,normal,matched_pairs,95.0
W080,frames_in_order,adjacent_samples,normal,reappear_events_judged,0.0
W080,frames_in_order,adjacent_samples,normal,reappear_same_class,
W080,frames_in_order,adjacent_samples,normal,reappear_same_gt,
W080,frames_in_order,adjacent_samples,normal,reappearance_rate,0.09090909090909091
W080,frames_in_order,adjacent_samples,normal,seeded_regions,11.0
W080,frames_in_order,adjacent_samples,normal,survival_backward,0.8121212121212121
W080,frames_in_order,adjacent_samples,normal,survival_forward,0.9090909090909091
W080,frames_in_order,adjacent_samples,rgb,class_switch_rate,0.007352941176470588
W080,frames_in_order,adjacent_samples,rgb,fragmentation_ge2,0.11538461538461539
W080,frames_in_order,adjacent_samples,rgb,fragmentation_mean,1.1153846153846154
W080,frames_in_order,adjacent_samples,rgb,gt_tracks_matched,26.0
W080,frames_in_order,adjacent_samples,rgb,id_switch_rate,0.0661764705882353
W080,frames_in_order,adjacent_samples,rgb,matched_pairs,136.0
W080,frames_in_order,adjacent_samples,rgb,reappear_events_judged,1.0
W080,frames_in_order,adjacent_samples,rgb,reappear_same_class,1.0
W080,frames_in_order,adjacent_samples,rgb,reappear_same_gt,0.0
W080,frames_in_order,adjacent_samples,rgb,reappearance_rate,0.3
W080,frames_in_order,adjacent_samples,rgb,seeded_regions,20.0
W080,frames_in_order,adjacent_samples,rgb,survival_backward,0.8533333333333333
W080,frames_in_order,adjacent_samples,rgb,survival_forward,0.9464285714285715
W080,frames_in_order,consecutive_annotated,depth,class_switch_rate,0.0
W080,frames_in_order,consecutive_annotated,depth,fragmentation_ge2,0.0
W080,frames_in_order,consecutive_annotated,depth,fragmentation_mean,1.0
W080,frames_in_order,consecutive_annotated,depth,gt_tracks_matched,21.0
W080,frames_in_order,consecutive_annotated,depth,id_switch_rate,0.09411764705882353
W080,frames_in_order,consecutive_annotated,depth,matched_pairs,85.0
W080,frames_in_order,consecutive_annotated,depth,reappear_events_judged,1.0
W080,frames_in_order,consecutive_annotated,depth,reappear_same_class,1.0
W080,frames_in_order,consecutive_annotated,depth,reappear_same_gt,0.0
W080,frames_in_order,consecutive_annotated,depth,reappearance_rate,0.2222222222222222
W080,frames_in_order,consecutive_annotated,depth,seeded_regions,9.0
W080,frames_in_order,consecutive_annotated,depth,survival_backward,0.7777777777777778
W080,frames_in_order,consecutive_annotated,depth,survival_forward,0.9920634920634921
W080,frames_in_order,consecutive_annotated,normal,class_switch_rate,0.0
W080,frames_in_order,consecutive_annotated,normal,fragmentation_ge2,0.08333333333333333
W080,frames_in_order,consecutive_annotated,normal,fragmentation_mean,1.0833333333333333
W080,frames_in_order,consecutive_annotated,normal,gt_tracks_matched,12.0
W080,frames_in_order,consecutive_annotated,normal,id_switch_rate,0.021052631578947368
W080,frames_in_order,consecutive_annotated,normal,matched_pairs,95.0
W080,frames_in_order,consecutive_annotated,normal,reappear_events_judged,0.0
W080,frames_in_order,consecutive_annotated,normal,reappear_same_class,
W080,frames_in_order,consecutive_annotated,normal,reappear_same_gt,
W080,frames_in_order,consecutive_annotated,normal,reappearance_rate,0.09090909090909091
W080,frames_in_order,consecutive_annotated,normal,seeded_regions,11.0
W080,frames_in_order,consecutive_annotated,normal,survival_backward,0.8121212121212121
W080,frames_in_order,consecutive_annotated,normal,survival_forward,0.9090909090909091
W080,frames_in_order,consecutive_annotated,rgb,class_switch_rate,0.007352941176470588
W080,frames_in_order,consecutive_annotated,rgb,fragmentation_ge2,0.11538461538461539
W080,frames_in_order,consecutive_annotated,rgb,fragmentation_mean,1.1153846153846154
W080,frames_in_order,consecutive_annotated,rgb,gt_tracks_matched,26.0
W080,frames_in_order,consecutive_annotated,rgb,id_switch_rate,0.0661764705882353
W080,frames_in_order,consecutive_annotated,rgb,matched_pairs,136.0
W080,frames_in_order,consecutive_annotated,rgb,reappear_events_judged,1.0
W080,frames_in_order,consecutive_annotated,rgb,reappear_same_class,1.0
W080,frames_in_order,consecutive_annotated,rgb,reappear_same_gt,0.0
W080,frames_in_order,consecutive_annotated,rgb,reappearance_rate,0.3
W080,frames_in_order,consecutive_annotated,rgb,seeded_regions,20.0
W080,frames_in_order,consecutive_annotated,rgb,survival_backward,0.8533333333333333
W080,frames_in_order,consecutive_annotated,rgb,survival_forward,0.9464285714285715
W081,all,adjacent_samples,depth,class_switch_rate,0.0
W081,all,adjacent_samples,depth,fragmentation_ge2,0.0
W081,all,adjacent_samples,depth,fragmentation_mean,1.0
W081,all,adjacent_samples,depth,gt_tracks_matched,17.0
W081,all,adjacent_samples,depth,id_switch_rate,0.15492957746478872
W081,all,adjacent_samples,depth,matched_pairs,71.0
W081,all,adjacent_samples,depth,reappear_events_judged,0.0
W081,all,adjacent_samples,depth,reappear_same_class,
W081,all,adjacent_samples,depth,reappear_same_gt,
W081,all,adjacent_samples,depth,reappearance_rate,0.2857142857142857
W081,all,adjacent_samples,depth,seeded_regions,7.0
W081,all,adjacent_samples,depth,survival_backward,0.7999999999999999
W081,all,adjacent_samples,depth,survival_forward,0.9591836734693878
W081,all,adjacent_samples,normal,class_switch_rate,0.0
W081,all,adjacent_samples,normal,fragmentation_ge2,0.0
W081,all,adjacent_samples,normal,fragmentation_mean,1.0
W081,all,adjacent_samples,normal,gt_tracks_matched,11.0
W081,all,adjacent_samples,normal,id_switch_rate,0.041666666666666664
W081,all,adjacent_samples,normal,matched_pairs,96.0
W081,all,adjacent_samples,normal,reappear_events_judged,0.0
W081,all,adjacent_samples,normal,reappear_same_class,
W081,all,adjacent_samples,normal,reappear_same_gt,
W081,all,adjacent_samples,normal,reappearance_rate,0.3
W081,all,adjacent_samples,normal,seeded_regions,10.0
W081,all,adjacent_samples,normal,survival_backward,0.8133333333333332
W081,all,adjacent_samples,normal,survival_forward,0.9142857142857143
W081,all,adjacent_samples,rgb,class_switch_rate,0.011976047904191617
W081,all,adjacent_samples,rgb,fragmentation_ge2,0.0967741935483871
W081,all,adjacent_samples,rgb,fragmentation_mean,1.096774193548387
W081,all,adjacent_samples,rgb,gt_tracks_matched,31.0
W081,all,adjacent_samples,rgb,id_switch_rate,0.10179640718562874
W081,all,adjacent_samples,rgb,matched_pairs,167.0
W081,all,adjacent_samples,rgb,reappear_events_judged,0.0
W081,all,adjacent_samples,rgb,reappear_same_class,
W081,all,adjacent_samples,rgb,reappear_same_gt,
W081,all,adjacent_samples,rgb,reappearance_rate,0.10526315789473684
W081,all,adjacent_samples,rgb,seeded_regions,19.0
W081,all,adjacent_samples,rgb,survival_backward,0.8736842105263158
W081,all,adjacent_samples,rgb,survival_forward,0.9360902255639098
W081,all,consecutive_annotated,depth,class_switch_rate,0.0
W081,all,consecutive_annotated,depth,fragmentation_ge2,0.0
W081,all,consecutive_annotated,depth,fragmentation_mean,1.0
W081,all,consecutive_annotated,depth,gt_tracks_matched,17.0
W081,all,consecutive_annotated,depth,id_switch_rate,0.15492957746478872
W081,all,consecutive_annotated,depth,matched_pairs,71.0
W081,all,consecutive_annotated,depth,reappear_events_judged,0.0
W081,all,consecutive_annotated,depth,reappear_same_class,
W081,all,consecutive_annotated,depth,reappear_same_gt,
W081,all,consecutive_annotated,depth,reappearance_rate,0.2857142857142857
W081,all,consecutive_annotated,depth,seeded_regions,7.0
W081,all,consecutive_annotated,depth,survival_backward,0.7999999999999999
W081,all,consecutive_annotated,depth,survival_forward,0.9591836734693878
W081,all,consecutive_annotated,normal,class_switch_rate,0.0
W081,all,consecutive_annotated,normal,fragmentation_ge2,0.0
W081,all,consecutive_annotated,normal,fragmentation_mean,1.0
W081,all,consecutive_annotated,normal,gt_tracks_matched,11.0
W081,all,consecutive_annotated,normal,id_switch_rate,0.041666666666666664
W081,all,consecutive_annotated,normal,matched_pairs,96.0
W081,all,consecutive_annotated,normal,reappear_events_judged,0.0
W081,all,consecutive_annotated,normal,reappear_same_class,
W081,all,consecutive_annotated,normal,reappear_same_gt,
W081,all,consecutive_annotated,normal,reappearance_rate,0.3
W081,all,consecutive_annotated,normal,seeded_regions,10.0
W081,all,consecutive_annotated,normal,survival_backward,0.8133333333333332
W081,all,consecutive_annotated,normal,survival_forward,0.9142857142857143
W081,all,consecutive_annotated,rgb,class_switch_rate,0.011976047904191617
W081,all,consecutive_annotated,rgb,fragmentation_ge2,0.0967741935483871
W081,all,consecutive_annotated,rgb,fragmentation_mean,1.096774193548387
W081,all,consecutive_annotated,rgb,gt_tracks_matched,31.0
W081,all,consecutive_annotated,rgb,id_switch_rate,0.10179640718562874
W081,all,consecutive_annotated,rgb,matched_pairs,167.0
W081,all,consecutive_annotated,rgb,reappear_events_judged,0.0
W081,all,consecutive_annotated,rgb,reappear_same_class,
W081,all,consecutive_annotated,rgb,reappear_same_gt,
W081,all,consecutive_annotated,rgb,reappearance_rate,0.10526315789473684
W081,all,consecutive_annotated,rgb,seeded_regions,19.0
W081,all,consecutive_annotated,rgb,survival_backward,0.8736842105263158
W081,all,consecutive_annotated,rgb,survival_forward,0.9360902255639098
W081,frames_in_order,adjacent_samples,depth,class_switch_rate,0.0
W081,frames_in_order,adjacent_samples,depth,fragmentation_ge2,0.0
W081,frames_in_order,adjacent_samples,depth,fragmentation_mean,1.0
W081,frames_in_order,adjacent_samples,depth,gt_tracks_matched,17.0
W081,frames_in_order,adjacent_samples,depth,id_switch_rate,0.15492957746478872
W081,frames_in_order,adjacent_samples,depth,matched_pairs,71.0
W081,frames_in_order,adjacent_samples,depth,reappear_events_judged,0.0
W081,frames_in_order,adjacent_samples,depth,reappear_same_class,
W081,frames_in_order,adjacent_samples,depth,reappear_same_gt,
W081,frames_in_order,adjacent_samples,depth,reappearance_rate,0.2857142857142857
W081,frames_in_order,adjacent_samples,depth,seeded_regions,7.0
W081,frames_in_order,adjacent_samples,depth,survival_backward,0.7999999999999999
W081,frames_in_order,adjacent_samples,depth,survival_forward,0.9591836734693878
W081,frames_in_order,adjacent_samples,normal,class_switch_rate,0.0
W081,frames_in_order,adjacent_samples,normal,fragmentation_ge2,0.0
W081,frames_in_order,adjacent_samples,normal,fragmentation_mean,1.0
W081,frames_in_order,adjacent_samples,normal,gt_tracks_matched,11.0
W081,frames_in_order,adjacent_samples,normal,id_switch_rate,0.041666666666666664
W081,frames_in_order,adjacent_samples,normal,matched_pairs,96.0
W081,frames_in_order,adjacent_samples,normal,reappear_events_judged,0.0
W081,frames_in_order,adjacent_samples,normal,reappear_same_class,
W081,frames_in_order,adjacent_samples,normal,reappear_same_gt,
W081,frames_in_order,adjacent_samples,normal,reappearance_rate,0.3
W081,frames_in_order,adjacent_samples,normal,seeded_regions,10.0
W081,frames_in_order,adjacent_samples,normal,survival_backward,0.8133333333333332
W081,frames_in_order,adjacent_samples,normal,survival_forward,0.9142857142857143
W081,frames_in_order,adjacent_samples,rgb,class_switch_rate,0.011976047904191617
W081,frames_in_order,adjacent_samples,rgb,fragmentation_ge2,0.0967741935483871
W081,frames_in_order,adjacent_samples,rgb,fragmentation_mean,1.096774193548387
W081,frames_in_order,adjacent_samples,rgb,gt_tracks_matched,31.0
W081,frames_in_order,adjacent_samples,rgb,id_switch_rate,0.10179640718562874
W081,frames_in_order,adjacent_samples,rgb,matched_pairs,167.0
W081,frames_in_order,adjacent_samples,rgb,reappear_events_judged,0.0
W081,frames_in_order,adjacent_samples,rgb,reappear_same_class,
W081,frames_in_order,adjacent_samples,rgb,reappear_same_gt,
W081,frames_in_order,adjacent_samples,rgb,reappearance_rate,0.10526315789473684
W081,frames_in_order,adjacent_samples,rgb,seeded_regions,19.0
W081,frames_in_order,adjacent_samples,rgb,survival_backward,0.8736842105263158
W081,frames_in_order,adjacent_samples,rgb,survival_forward,0.9360902255639098
W081,frames_in_order,consecutive_annotated,depth,class_switch_rate,0.0
W081,frames_in_order,consecutive_annotated,depth,fragmentation_ge2,0.0
W081,frames_in_order,consecutive_annotated,depth,fragmentation_mean,1.0
W081,frames_in_order,consecutive_annotated,depth,gt_tracks_matched,17.0
W081,frames_in_order,consecutive_annotated,depth,id_switch_rate,0.15492957746478872
W081,frames_in_order,consecutive_annotated,depth,matched_pairs,71.0
W081,frames_in_order,consecutive_annotated,depth,reappear_events_judged,0.0
W081,frames_in_order,consecutive_annotated,depth,reappear_same_class,
W081,frames_in_order,consecutive_annotated,depth,reappear_same_gt,
W081,frames_in_order,consecutive_annotated,depth,reappearance_rate,0.2857142857142857
W081,frames_in_order,consecutive_annotated,depth,seeded_regions,7.0
W081,frames_in_order,consecutive_annotated,depth,survival_backward,0.7999999999999999
W081,frames_in_order,consecutive_annotated,depth,survival_forward,0.9591836734693878
W081,frames_in_order,consecutive_annotated,normal,class_switch_rate,0.0
W081,frames_in_order,consecutive_annotated,normal,fragmentation_ge2,0.0
W081,frames_in_order,consecutive_annotated,normal,fragmentation_mean,1.0
W081,frames_in_order,consecutive_annotated,normal,gt_tracks_matched,11.0
W081,frames_in_order,consecutive_annotated,normal,id_switch_rate,0.041666666666666664
W081,frames_in_order,consecutive_annotated,normal,matched_pairs,96.0
W081,frames_in_order,consecutive_annotated,normal,reappear_events_judged,0.0
W081,frames_in_order,consecutive_annotated,normal,reappear_same_class,
W081,frames_in_order,consecutive_annotated,normal,reappear_same_gt,
W081,frames_in_order,consecutive_annotated,normal,reappearance_rate,0.3
W081,frames_in_order,consecutive_annotated,normal,seeded_regions,10.0
W081,frames_in_order,consecutive_annotated,normal,survival_backward,0.8133333333333332
W081,frames_in_order,consecutive_annotated,normal,survival_forward,0.9142857142857143
W081,frames_in_order,consecutive_annotated,rgb,class_switch_rate,0.011976047904191617
W081,frames_in_order,consecutive_annotated,rgb,fragmentation_ge2,0.0967741935483871
W081,frames_in_order,consecutive_annotated,rgb,fragmentation_mean,1.096774193548387
W081,frames_in_order,consecutive_annotated,rgb,gt_tracks_matched,31.0
W081,frames_in_order,consecutive_annotated,rgb,id_switch_rate,0.10179640718562874
W081,frames_in_order,consecutive_annotated,rgb,matched_pairs,167.0
W081,frames_in_order,consecutive_annotated,rgb,reappear_events_judged,0.0
W081,frames_in_order,consecutive_annotated,rgb,reappear_same_class,
W081,frames_in_order,consecutive_annotated,rgb,reappear_same_gt,
W081,frames_in_order,consecutive_annotated,rgb,reappearance_rate,0.10526315789473684
W081,frames_in_order,consecutive_annotated,rgb,seeded_regions,19.0
W081,frames_in_order,consecutive_annotated,rgb,survival_backward,0.8736842105263158
W081,frames_in_order,consecutive_annotated,rgb,survival_forward,0.9360902255639098
W082,all,adjacent_samples,depth,class_switch_rate,0.0
W082,all,adjacent_samples,depth,fragmentation_ge2,0.0
W082,all,adjacent_samples,depth,fragmentation_mean,1.0
W082,all,adjacent_samples,depth,gt_tracks_matched,18.0
W082,all,adjacent_samples,depth,id_switch_rate,0.09574468085106383
W082,all,adjacent_samples,depth,matched_pairs,94.0
W082,all,adjacent_samples,depth,reappear_events_judged,1.0
W082,all,adjacent_samples,depth,reappear_same_class,1.0
W082,all,adjacent_samples,depth,reappear_same_gt,0.0
W082,all,adjacent_samples,depth,reappearance_rate,0.3
W082,all,adjacent_samples,depth,seeded_regions,10.0
W082,all,adjacent_samples,depth,survival_backward,0.9066666666666666
W082,all,adjacent_samples,depth,survival_forward,0.9428571428571428
W082,all,adjacent_samples,normal,class_switch_rate,0.0
W082,all,adjacent_samples,normal,fragmentation_ge2,0.047619047619047616
W082,all,adjacent_samples,normal,fragmentation_mean,1.0476190476190477
W082,all,adjacent_samples,normal,gt_tracks_matched,21.0
W082,all,adjacent_samples,normal,id_switch_rate,0.07627118644067797
W082,all,adjacent_samples,normal,matched_pairs,118.0
W082,all,adjacent_samples,normal,reappear_events_judged,0.0
W082,all,adjacent_samples,normal,reappear_same_class,
W082,all,adjacent_samples,normal,reappear_same_gt,
W082,all,adjacent_samples,normal,reappearance_rate,0.21428571428571427
W082,all,adjacent_samples,normal,seeded_regions,14.0
W082,all,adjacent_samples,normal,survival_backward,0.9523809523809524
W082,all,adjacent_samples,normal,survival_forward,0.9081632653061226
W082,all,adjacent_samples,rgb,class_switch_rate,0.0
W082,all,adjacent_samples,rgb,fragmentation_ge2,0.03125
W082,all,adjacent_samples,rgb,fragmentation_mean,1.03125
W082,all,adjacent_samples,rgb,gt_tracks_matched,32.0
W082,all,adjacent_samples,rgb,id_switch_rate,0.09883720930232558
W082,all,adjacent_samples,rgb,matched_pairs,172.0
W082,all,adjacent_samples,rgb,reappear_events_judged,3.0
W082,all,adjacent_samples,rgb,reappear_same_class,1.0
W082,all,adjacent_samples,rgb,reappear_same_gt,0.0
W082,all,adjacent_samples,rgb,reappearance_rate,0.19230769230769232
W082,all,adjacent_samples,rgb,seeded_regions,26.0
W082,all,adjacent_samples,rgb,survival_backward,0.9384615384615385
W082,all,adjacent_samples,rgb,survival_forward,0.9725274725274725
W082,all,consecutive_annotated,depth,class_switch_rate,0.0
W082,all,consecutive_annotated,depth,fragmentation_ge2,0.0
W082,all,consecutive_annotated,depth,fragmentation_mean,1.0
W082,all,consecutive_annotated,depth,gt_tracks_matched,18.0
W082,all,consecutive_annotated,depth,id_switch_rate,0.09574468085106383
W082,all,consecutive_annotated,depth,matched_pairs,94.0
W082,all,consecutive_annotated,depth,reappear_events_judged,1.0
W082,all,consecutive_annotated,depth,reappear_same_class,1.0
W082,all,consecutive_annotated,depth,reappear_same_gt,0.0
W082,all,consecutive_annotated,depth,reappearance_rate,0.3
W082,all,consecutive_annotated,depth,seeded_regions,10.0
W082,all,consecutive_annotated,depth,survival_backward,0.9066666666666666
W082,all,consecutive_annotated,depth,survival_forward,0.9428571428571428
W082,all,consecutive_annotated,normal,class_switch_rate,0.0
W082,all,consecutive_annotated,normal,fragmentation_ge2,0.047619047619047616
W082,all,consecutive_annotated,normal,fragmentation_mean,1.0476190476190477
W082,all,consecutive_annotated,normal,gt_tracks_matched,21.0
W082,all,consecutive_annotated,normal,id_switch_rate,0.07627118644067797
W082,all,consecutive_annotated,normal,matched_pairs,118.0
W082,all,consecutive_annotated,normal,reappear_events_judged,0.0
W082,all,consecutive_annotated,normal,reappear_same_class,
W082,all,consecutive_annotated,normal,reappear_same_gt,
W082,all,consecutive_annotated,normal,reappearance_rate,0.21428571428571427
W082,all,consecutive_annotated,normal,seeded_regions,14.0
W082,all,consecutive_annotated,normal,survival_backward,0.9523809523809524
W082,all,consecutive_annotated,normal,survival_forward,0.9081632653061226
W082,all,consecutive_annotated,rgb,class_switch_rate,0.0
W082,all,consecutive_annotated,rgb,fragmentation_ge2,0.03125
W082,all,consecutive_annotated,rgb,fragmentation_mean,1.03125
W082,all,consecutive_annotated,rgb,gt_tracks_matched,32.0
W082,all,consecutive_annotated,rgb,id_switch_rate,0.09883720930232558
W082,all,consecutive_annotated,rgb,matched_pairs,172.0
W082,all,consecutive_annotated,rgb,reappear_events_judged,3.0
W082,all,consecutive_annotated,rgb,reappear_same_class,1.0
W082,all,consecutive_annotated,rgb,reappear_same_gt,0.0
W082,all,consecutive_annotated,rgb,reappearance_rate,0.19230769230769232
W082,all,consecutive_annotated,rgb,seeded_regions,26.0
W082,all,consecutive_annotated,rgb,survival_backward,0.9384615384615385
W082,all,consecutive_annotated,rgb,survival_forward,0.9725274725274725
W082,frames_in_order,adjacent_samples,depth,class_switch_rate,0.0
W082,frames_in_order,adjacent_samples,depth,fragmentation_ge2,0.0
W082,frames_in_order,adjacent_samples,depth,fragmentation_mean,1.0
W082,frames_in_order,adjacent_samples,depth,gt_tracks_matched,18.0
W082,frames_in_order,adjacent_samples,depth,id_switch_rate,0.09574468085106383
W082,frames_in_order,adjacent_samples,depth,matched_pairs,94.0
W082,frames_in_order,adjacent_samples,depth,reappear_events_judged,1.0
W082,frames_in_order,adjacent_samples,depth,reappear_same_class,1.0
W082,frames_in_order,adjacent_samples,depth,reappear_same_gt,0.0
W082,frames_in_order,adjacent_samples,depth,reappearance_rate,0.3
W082,frames_in_order,adjacent_samples,depth,seeded_regions,10.0
W082,frames_in_order,adjacent_samples,depth,survival_backward,0.9066666666666666
W082,frames_in_order,adjacent_samples,depth,survival_forward,0.9428571428571428
W082,frames_in_order,adjacent_samples,normal,class_switch_rate,0.0
W082,frames_in_order,adjacent_samples,normal,fragmentation_ge2,0.047619047619047616
W082,frames_in_order,adjacent_samples,normal,fragmentation_mean,1.0476190476190477
W082,frames_in_order,adjacent_samples,normal,gt_tracks_matched,21.0
W082,frames_in_order,adjacent_samples,normal,id_switch_rate,0.07627118644067797
W082,frames_in_order,adjacent_samples,normal,matched_pairs,118.0
W082,frames_in_order,adjacent_samples,normal,reappear_events_judged,0.0
W082,frames_in_order,adjacent_samples,normal,reappear_same_class,
W082,frames_in_order,adjacent_samples,normal,reappear_same_gt,
W082,frames_in_order,adjacent_samples,normal,reappearance_rate,0.21428571428571427
W082,frames_in_order,adjacent_samples,normal,seeded_regions,14.0
W082,frames_in_order,adjacent_samples,normal,survival_backward,0.9523809523809524
W082,frames_in_order,adjacent_samples,normal,survival_forward,0.9081632653061226
W082,frames_in_order,adjacent_samples,rgb,class_switch_rate,0.0
W082,frames_in_order,adjacent_samples,rgb,fragmentation_ge2,0.03125
W082,frames_in_order,adjacent_samples,rgb,fragmentation_mean,1.03125
W082,frames_in_order,adjacent_samples,rgb,gt_tracks_matched,32.0
W082,frames_in_order,adjacent_samples,rgb,id_switch_rate,0.09883720930232558
W082,frames_in_order,adjacent_samples,rgb,matched_pairs,172.0
W082,frames_in_order,adjacent_samples,rgb,reappear_events_judged,3.0
W082,frames_in_order,adjacent_samples,rgb,reappear_same_class,1.0
W082,frames_in_order,adjacent_samples,rgb,reappear_same_gt,0.0
W082,frames_in_order,adjacent_samples,rgb,reappearance_rate,0.19230769230769232
W082,frames_in_order,adjacent_samples,rgb,seeded_regions,26.0
W082,frames_in_order,adjacent_samples,rgb,survival_backward,0.9384615384615385
W082,frames_in_order,adjacent_samples,rgb,survival_forward,0.9725274725274725
W082,frames_in_order,consecutive_annotated,depth,class_switch_rate,0.0
W082,frames_in_order,consecutive_annotated,depth,fragmentation_ge2,0.0
W082,frames_in_order,consecutive_annotated,depth,fragmentation_mean,1.0
W082,frames_in_order,consecutive_annotated,depth,gt_tracks_matched,18.0
W082,frames_in_order,consecutive_annotated,depth,id_switch_rate,0.09574468085106383
W082,frames_in_order,consecutive_annotated,depth,matched_pairs,94.0
W082,frames_in_order,consecutive_annotated,depth,reappear_events_judged,1.0
W082,frames_in_order,consecutive_annotated,depth,reappear_same_class,1.0
W082,frames_in_order,consecutive_annotated,depth,reappear_same_gt,0.0
W082,frames_in_order,consecutive_annotated,depth,reappearance_rate,0.3
W082,frames_in_order,consecutive_annotated,depth,seeded_regions,10.0
W082,frames_in_order,consecutive_annotated,depth,survival_backward,0.9066666666666666
W082,frames_in_order,consecutive_annotated,depth,survival_forward,0.9428571428571428
W082,frames_in_order,consecutive_annotated,normal,class_switch_rate,0.0
W082,frames_in_order,consecutive_annotated,normal,fragmentation_ge2,0.047619047619047616
W082,frames_in_order,consecutive_annotated,normal,fragmentation_mean,1.0476190476190477
W082,frames_in_order,consecutive_annotated,normal,gt_tracks_matched,21.0
W082,frames_in_order,consecutive_annotated,normal,id_switch_rate,0.07627118644067797
W082,frames_in_order,consecutive_annotated,normal,matched_pairs,118.0
W082,frames_in_order,consecutive_annotated,normal,reappear_events_judged,0.0
W082,frames_in_order,consecutive_annotated,normal,reappear_same_class,
W082,frames_in_order,consecutive_annotated,normal,reappear_same_gt,
W082,frames_in_order,consecutive_annotated,normal,reappearance_rate,0.21428571428571427
W082,frames_in_order,consecutive_annotated,normal,seeded_regions,14.0
W082,frames_in_order,consecutive_annotated,normal,survival_backward,0.9523809523809524
W082,frames_in_order,consecutive_annotated,normal,survival_forward,0.9081632653061226
W082,frames_in_order,consecutive_annotated,rgb,class_switch_rate,0.0
W082,frames_in_order,consecutive_annotated,rgb,fragmentation_ge2,0.03125
W082,frames_in_order,consecutive_annotated,rgb,fragmentation_mean,1.03125
W082,frames_in_order,consecutive_annotated,rgb,gt_tracks_matched,32.0
W082,frames_in_order,consecutive_annotated,rgb,id_switch_rate,0.09883720930232558
W082,frames_in_order,consecutive_annotated,rgb,matched_pairs,172.0
W082,frames_in_order,consecutive_annotated,rgb,reappear_events_judged,3.0
W082,frames_in_order,consecutive_annotated,rgb,reappear_same_class,1.0
W082,frames_in_order,consecutive_annotated,rgb,reappear_same_gt,0.0
W082,frames_in_order,consecutive_annotated,rgb,reappearance_rate,0.19230769230769232
W082,frames_in_order,consecutive_annotated,rgb,seeded_regions,26.0
W082,frames_in_order,consecutive_annotated,rgb,survival_backward,0.9384615384615385
W082,frames_in_order,consecutive_annotated,rgb,survival_forward,0.9725274725274725
W083,all,adjacent_samples,depth,class_switch_rate,0.03571428571428571
W083,all,adjacent_samples,depth,fragmentation_ge2,0.0
W083,all,adjacent_samples,depth,fragmentation_mean,1.0
W083,all,adjacent_samples,depth,gt_tracks_matched,4.0
W083,all,adjacent_samples,depth,id_switch_rate,0.03571428571428571
W083,all,adjacent_samples,depth,matched_pairs,28.0
W083,all,adjacent_samples,depth,reappear_events_judged,0.0
W083,all,adjacent_samples,depth,reappear_same_class,
W083,all,adjacent_samples,depth,reappear_same_gt,
W083,all,adjacent_samples,depth,reappearance_rate,0.0
W083,all,adjacent_samples,depth,seeded_regions,3.0
W083,all,adjacent_samples,depth,survival_backward,1.0
W083,all,adjacent_samples,depth,survival_forward,1.0
W083,all,adjacent_samples,normal,class_switch_rate,
W083,all,adjacent_samples,normal,fragmentation_ge2,
W083,all,adjacent_samples,normal,fragmentation_mean,
W083,all,adjacent_samples,normal,gt_tracks_matched,0.0
W083,all,adjacent_samples,normal,id_switch_rate,
W083,all,adjacent_samples,normal,matched_pairs,0.0
W083,all,adjacent_samples,normal,reappear_events_judged,0.0
W083,all,adjacent_samples,normal,reappear_same_class,
W083,all,adjacent_samples,normal,reappear_same_gt,
W083,all,adjacent_samples,normal,reappearance_rate,0.0
W083,all,adjacent_samples,normal,seeded_regions,1.0
W083,all,adjacent_samples,normal,survival_backward,1.0
W083,all,adjacent_samples,normal,survival_forward,1.0
W083,all,adjacent_samples,rgb,class_switch_rate,0.014084507042253521
W083,all,adjacent_samples,rgb,fragmentation_ge2,0.05555555555555555
W083,all,adjacent_samples,rgb,fragmentation_mean,1.0555555555555556
W083,all,adjacent_samples,rgb,gt_tracks_matched,18.0
W083,all,adjacent_samples,rgb,id_switch_rate,0.056338028169014086
W083,all,adjacent_samples,rgb,matched_pairs,71.0
W083,all,adjacent_samples,rgb,reappear_events_judged,1.0
W083,all,adjacent_samples,rgb,reappear_same_class,1.0
W083,all,adjacent_samples,rgb,reappear_same_gt,0.0
W083,all,adjacent_samples,rgb,reappearance_rate,0.45454545454545453
W083,all,adjacent_samples,rgb,seeded_regions,22.0
W083,all,adjacent_samples,rgb,survival_backward,0.7575757575757575
W083,all,adjacent_samples,rgb,survival_forward,0.8538961038961038
W083,all,consecutive_annotated,depth,class_switch_rate,0.03571428571428571
W083,all,consecutive_annotated,depth,fragmentation_ge2,0.0
W083,all,consecutive_annotated,depth,fragmentation_mean,1.0
W083,all,consecutive_annotated,depth,gt_tracks_matched,4.0
W083,all,consecutive_annotated,depth,id_switch_rate,0.03571428571428571
W083,all,consecutive_annotated,depth,matched_pairs,28.0
W083,all,consecutive_annotated,depth,reappear_events_judged,0.0
W083,all,consecutive_annotated,depth,reappear_same_class,
W083,all,consecutive_annotated,depth,reappear_same_gt,
W083,all,consecutive_annotated,depth,reappearance_rate,0.0
W083,all,consecutive_annotated,depth,seeded_regions,3.0
W083,all,consecutive_annotated,depth,survival_backward,1.0
W083,all,consecutive_annotated,depth,survival_forward,1.0
W083,all,consecutive_annotated,normal,class_switch_rate,
W083,all,consecutive_annotated,normal,fragmentation_ge2,
W083,all,consecutive_annotated,normal,fragmentation_mean,
W083,all,consecutive_annotated,normal,gt_tracks_matched,0.0
W083,all,consecutive_annotated,normal,id_switch_rate,
W083,all,consecutive_annotated,normal,matched_pairs,0.0
W083,all,consecutive_annotated,normal,reappear_events_judged,0.0
W083,all,consecutive_annotated,normal,reappear_same_class,
W083,all,consecutive_annotated,normal,reappear_same_gt,
W083,all,consecutive_annotated,normal,reappearance_rate,0.0
W083,all,consecutive_annotated,normal,seeded_regions,1.0
W083,all,consecutive_annotated,normal,survival_backward,1.0
W083,all,consecutive_annotated,normal,survival_forward,1.0
W083,all,consecutive_annotated,rgb,class_switch_rate,0.014084507042253521
W083,all,consecutive_annotated,rgb,fragmentation_ge2,0.05555555555555555
W083,all,consecutive_annotated,rgb,fragmentation_mean,1.0555555555555556
W083,all,consecutive_annotated,rgb,gt_tracks_matched,18.0
W083,all,consecutive_annotated,rgb,id_switch_rate,0.056338028169014086
W083,all,consecutive_annotated,rgb,matched_pairs,71.0
W083,all,consecutive_annotated,rgb,reappear_events_judged,1.0
W083,all,consecutive_annotated,rgb,reappear_same_class,1.0
W083,all,consecutive_annotated,rgb,reappear_same_gt,0.0
W083,all,consecutive_annotated,rgb,reappearance_rate,0.45454545454545453
W083,all,consecutive_annotated,rgb,seeded_regions,22.0
W083,all,consecutive_annotated,rgb,survival_backward,0.7575757575757575
W083,all,consecutive_annotated,rgb,survival_forward,0.8538961038961038
W083,frames_in_order,adjacent_samples,depth,class_switch_rate,0.03571428571428571
W083,frames_in_order,adjacent_samples,depth,fragmentation_ge2,0.0
W083,frames_in_order,adjacent_samples,depth,fragmentation_mean,1.0
W083,frames_in_order,adjacent_samples,depth,gt_tracks_matched,4.0
W083,frames_in_order,adjacent_samples,depth,id_switch_rate,0.03571428571428571
W083,frames_in_order,adjacent_samples,depth,matched_pairs,28.0
W083,frames_in_order,adjacent_samples,depth,reappear_events_judged,0.0
W083,frames_in_order,adjacent_samples,depth,reappear_same_class,
W083,frames_in_order,adjacent_samples,depth,reappear_same_gt,
W083,frames_in_order,adjacent_samples,depth,reappearance_rate,0.0
W083,frames_in_order,adjacent_samples,depth,seeded_regions,3.0
W083,frames_in_order,adjacent_samples,depth,survival_backward,1.0
W083,frames_in_order,adjacent_samples,depth,survival_forward,1.0
W083,frames_in_order,adjacent_samples,normal,class_switch_rate,
W083,frames_in_order,adjacent_samples,normal,fragmentation_ge2,
W083,frames_in_order,adjacent_samples,normal,fragmentation_mean,
W083,frames_in_order,adjacent_samples,normal,gt_tracks_matched,0.0
W083,frames_in_order,adjacent_samples,normal,id_switch_rate,
W083,frames_in_order,adjacent_samples,normal,matched_pairs,0.0
W083,frames_in_order,adjacent_samples,normal,reappear_events_judged,0.0
W083,frames_in_order,adjacent_samples,normal,reappear_same_class,
W083,frames_in_order,adjacent_samples,normal,reappear_same_gt,
W083,frames_in_order,adjacent_samples,normal,reappearance_rate,0.0
W083,frames_in_order,adjacent_samples,normal,seeded_regions,1.0
W083,frames_in_order,adjacent_samples,normal,survival_backward,1.0
W083,frames_in_order,adjacent_samples,normal,survival_forward,1.0
W083,frames_in_order,adjacent_samples,rgb,class_switch_rate,0.014084507042253521
W083,frames_in_order,adjacent_samples,rgb,fragmentation_ge2,0.05555555555555555
W083,frames_in_order,adjacent_samples,rgb,fragmentation_mean,1.0555555555555556
W083,frames_in_order,adjacent_samples,rgb,gt_tracks_matched,18.0
W083,frames_in_order,adjacent_samples,rgb,id_switch_rate,0.056338028169014086
W083,frames_in_order,adjacent_samples,rgb,matched_pairs,71.0
W083,frames_in_order,adjacent_samples,rgb,reappear_events_judged,1.0
W083,frames_in_order,adjacent_samples,rgb,reappear_same_class,1.0
W083,frames_in_order,adjacent_samples,rgb,reappear_same_gt,0.0
W083,frames_in_order,adjacent_samples,rgb,reappearance_rate,0.45454545454545453
W083,frames_in_order,adjacent_samples,rgb,seeded_regions,22.0
W083,frames_in_order,adjacent_samples,rgb,survival_backward,0.7575757575757575
W083,frames_in_order,adjacent_samples,rgb,survival_forward,0.8538961038961038
W083,frames_in_order,consecutive_annotated,depth,class_switch_rate,0.03571428571428571
W083,frames_in_order,consecutive_annotated,depth,fragmentation_ge2,0.0
W083,frames_in_order,consecutive_annotated,depth,fragmentation_mean,1.0
W083,frames_in_order,consecutive_annotated,depth,gt_tracks_matched,4.0
W083,frames_in_order,consecutive_annotated,depth,id_switch_rate,0.03571428571428571
W083,frames_in_order,consecutive_annotated,depth,matched_pairs,28.0
W083,frames_in_order,consecutive_annotated,depth,reappear_events_judged,0.0
W083,frames_in_order,consecutive_annotated,depth,reappear_same_class,
W083,frames_in_order,consecutive_annotated,depth,reappear_same_gt,
W083,frames_in_order,consecutive_annotated,depth,reappearance_rate,0.0
W083,frames_in_order,consecutive_annotated,depth,seeded_regions,3.0
W083,frames_in_order,consecutive_annotated,depth,survival_backward,1.0
W083,frames_in_order,consecutive_annotated,depth,survival_forward,1.0
W083,frames_in_order,consecutive_annotated,normal,class_switch_rate,
W083,frames_in_order,consecutive_annotated,normal,fragmentation_ge2,
W083,frames_in_order,consecutive_annotated,normal,fragmentation_mean,
W083,frames_in_order,consecutive_annotated,normal,gt_tracks_matched,0.0
W083,frames_in_order,consecutive_annotated,normal,id_switch_rate,
W083,frames_in_order,consecutive_annotated,normal,matched_pairs,0.0
W083,frames_in_order,consecutive_annotated,normal,reappear_events_judged,0.0
W083,frames_in_order,consecutive_annotated,normal,reappear_same_class,
W083,frames_in_order,consecutive_annotated,normal,reappear_same_gt,
W083,frames_in_order,consecutive_annotated,normal,reappearance_rate,0.0
W083,frames_in_order,consecutive_annotated,normal,seeded_regions,1.0
W083,frames_in_order,consecutive_annotated,normal,survival_backward,1.0
W083,frames_in_order,consecutive_annotated,normal,survival_forward,1.0
W083,frames_in_order,consecutive_annotated,rgb,class_switch_rate,0.014084507042253521
W083,frames_in_order,consecutive_annotated,rgb,fragmentation_ge2,0.05555555555555555
W083,frames_in_order,consecutive_annotated,rgb,fragmentation_mean,1.0555555555555556
W083,frames_in_order,consecutive_annotated,rgb,gt_tracks_matched,18.0
W083,frames_in_order,consecutive_annotated,rgb,id_switch_rate,0.056338028169014086
W083,frames_in_order,consecutive_annotated,rgb,matched_pairs,71.0
W083,frames_in_order,consecutive_annotated,rgb,reappear_events_judged,1.0
W083,frames_in_order,consecutive_annotated,rgb,reappear_same_class,1.0
W083,frames_in_order,consecutive_annotated,rgb,reappear_same_gt,0.0
W083,frames_in_order,consecutive_annotated,rgb,reappearance_rate,0.45454545454545453
W083,frames_in_order,consecutive_annotated,rgb,seeded_regions,22.0
W083,frames_in_order,consecutive_annotated,rgb,survival_backward,0.7575757575757575
W083,frames_in_order,consecutive_annotated,rgb,survival_forward,0.8538961038961038
W084,all,adjacent_samples,depth,class_switch_rate,0.034482758620689655
W084,all,adjacent_samples,depth,fragmentation_ge2,0.058823529411764705
W084,all,adjacent_samples,depth,fragmentation_mean,1.0588235294117647
W084,all,adjacent_samples,depth,gt_tracks_matched,17.0
W084,all,adjacent_samples,depth,id_switch_rate,0.04310344827586207
W084,all,adjacent_samples,depth,matched_pairs,116.0
W084,all,adjacent_samples,depth,reappear_events_judged,1.0
W084,all,adjacent_samples,depth,reappear_same_class,1.0
W084,all,adjacent_samples,depth,reappear_same_gt,0.0
W084,all,adjacent_samples,depth,reappearance_rate,0.5833333333333334
W084,all,adjacent_samples,depth,seeded_regions,12.0
W084,all,adjacent_samples,depth,survival_backward,0.811111111111111
W084,all,adjacent_samples,depth,survival_forward,0.9642857142857143
W084,all,adjacent_samples,normal,class_switch_rate,0.021052631578947368
W084,all,adjacent_samples,normal,fragmentation_ge2,0.058823529411764705
W084,all,adjacent_samples,normal,fragmentation_mean,1.0588235294117647
W084,all,adjacent_samples,normal,gt_tracks_matched,17.0
W084,all,adjacent_samples,normal,id_switch_rate,0.021052631578947368
W084,all,adjacent_samples,normal,matched_pairs,95.0
W084,all,adjacent_samples,normal,reappear_events_judged,1.0
W084,all,adjacent_samples,normal,reappear_same_class,1.0
W084,all,adjacent_samples,normal,reappear_same_gt,0.0
W084,all,adjacent_samples,normal,reappearance_rate,0.47058823529411764
W084,all,adjacent_samples,normal,seeded_regions,17.0
W084,all,adjacent_samples,normal,survival_backward,0.8078431372549019
W084,all,adjacent_samples,normal,survival_forward,0.9201680672268907
W084,all,adjacent_samples,rgb,class_switch_rate,0.04225352112676056
W084,all,adjacent_samples,rgb,fragmentation_ge2,0.18518518518518517
W084,all,adjacent_samples,rgb,fragmentation_mean,1.1851851851851851
W084,all,adjacent_samples,rgb,gt_tracks_matched,27.0
W084,all,adjacent_samples,rgb,id_switch_rate,0.07042253521126761
W084,all,adjacent_samples,rgb,matched_pairs,142.0
W084,all,adjacent_samples,rgb,reappear_events_judged,1.0
W084,all,adjacent_samples,rgb,reappear_same_class,1.0
W084,all,adjacent_samples,rgb,reappear_same_gt,0.0
W084,all,adjacent_samples,rgb,reappearance_rate,0.5217391304347826
W084,all,adjacent_samples,rgb,seeded_regions,23.0
W084,all,adjacent_samples,rgb,survival_backward,0.8492753623188406
W084,all,adjacent_samples,rgb,survival_forward,0.9440993788819875
W084,all,consecutive_annotated,depth,class_switch_rate,0.034482758620689655
W084,all,consecutive_annotated,depth,fragmentation_ge2,0.058823529411764705
W084,all,consecutive_annotated,depth,fragmentation_mean,1.0588235294117647
W084,all,consecutive_annotated,depth,gt_tracks_matched,17.0
W084,all,consecutive_annotated,depth,id_switch_rate,0.04310344827586207
W084,all,consecutive_annotated,depth,matched_pairs,116.0
W084,all,consecutive_annotated,depth,reappear_events_judged,1.0
W084,all,consecutive_annotated,depth,reappear_same_class,1.0
W084,all,consecutive_annotated,depth,reappear_same_gt,0.0
W084,all,consecutive_annotated,depth,reappearance_rate,0.5833333333333334
W084,all,consecutive_annotated,depth,seeded_regions,12.0
W084,all,consecutive_annotated,depth,survival_backward,0.811111111111111
W084,all,consecutive_annotated,depth,survival_forward,0.9642857142857143
W084,all,consecutive_annotated,normal,class_switch_rate,0.021052631578947368
W084,all,consecutive_annotated,normal,fragmentation_ge2,0.058823529411764705
W084,all,consecutive_annotated,normal,fragmentation_mean,1.0588235294117647
W084,all,consecutive_annotated,normal,gt_tracks_matched,17.0
W084,all,consecutive_annotated,normal,id_switch_rate,0.021052631578947368
W084,all,consecutive_annotated,normal,matched_pairs,95.0
W084,all,consecutive_annotated,normal,reappear_events_judged,1.0
W084,all,consecutive_annotated,normal,reappear_same_class,1.0
W084,all,consecutive_annotated,normal,reappear_same_gt,0.0
W084,all,consecutive_annotated,normal,reappearance_rate,0.47058823529411764
W084,all,consecutive_annotated,normal,seeded_regions,17.0
W084,all,consecutive_annotated,normal,survival_backward,0.8078431372549019
W084,all,consecutive_annotated,normal,survival_forward,0.9201680672268907
W084,all,consecutive_annotated,rgb,class_switch_rate,0.04225352112676056
W084,all,consecutive_annotated,rgb,fragmentation_ge2,0.18518518518518517
W084,all,consecutive_annotated,rgb,fragmentation_mean,1.1851851851851851
W084,all,consecutive_annotated,rgb,gt_tracks_matched,27.0
W084,all,consecutive_annotated,rgb,id_switch_rate,0.07042253521126761
W084,all,consecutive_annotated,rgb,matched_pairs,142.0
W084,all,consecutive_annotated,rgb,reappear_events_judged,1.0
W084,all,consecutive_annotated,rgb,reappear_same_class,1.0
W084,all,consecutive_annotated,rgb,reappear_same_gt,0.0
W084,all,consecutive_annotated,rgb,reappearance_rate,0.5217391304347826
W084,all,consecutive_annotated,rgb,seeded_regions,23.0
W084,all,consecutive_annotated,rgb,survival_backward,0.8492753623188406
W084,all,consecutive_annotated,rgb,survival_forward,0.9440993788819875
W084,frames_in_order,adjacent_samples,depth,class_switch_rate,0.034482758620689655
W084,frames_in_order,adjacent_samples,depth,fragmentation_ge2,0.058823529411764705
W084,frames_in_order,adjacent_samples,depth,fragmentation_mean,1.0588235294117647
W084,frames_in_order,adjacent_samples,depth,gt_tracks_matched,17.0
W084,frames_in_order,adjacent_samples,depth,id_switch_rate,0.04310344827586207
W084,frames_in_order,adjacent_samples,depth,matched_pairs,116.0
W084,frames_in_order,adjacent_samples,depth,reappear_events_judged,1.0
W084,frames_in_order,adjacent_samples,depth,reappear_same_class,1.0
W084,frames_in_order,adjacent_samples,depth,reappear_same_gt,0.0
W084,frames_in_order,adjacent_samples,depth,reappearance_rate,0.5833333333333334
W084,frames_in_order,adjacent_samples,depth,seeded_regions,12.0
W084,frames_in_order,adjacent_samples,depth,survival_backward,0.811111111111111
W084,frames_in_order,adjacent_samples,depth,survival_forward,0.9642857142857143
W084,frames_in_order,adjacent_samples,normal,class_switch_rate,0.021052631578947368
W084,frames_in_order,adjacent_samples,normal,fragmentation_ge2,0.058823529411764705
W084,frames_in_order,adjacent_samples,normal,fragmentation_mean,1.0588235294117647
W084,frames_in_order,adjacent_samples,normal,gt_tracks_matched,17.0
W084,frames_in_order,adjacent_samples,normal,id_switch_rate,0.021052631578947368
W084,frames_in_order,adjacent_samples,normal,matched_pairs,95.0
W084,frames_in_order,adjacent_samples,normal,reappear_events_judged,1.0
W084,frames_in_order,adjacent_samples,normal,reappear_same_class,1.0
W084,frames_in_order,adjacent_samples,normal,reappear_same_gt,0.0
W084,frames_in_order,adjacent_samples,normal,reappearance_rate,0.47058823529411764
W084,frames_in_order,adjacent_samples,normal,seeded_regions,17.0
W084,frames_in_order,adjacent_samples,normal,survival_backward,0.8078431372549019
W084,frames_in_order,adjacent_samples,normal,survival_forward,0.9201680672268907
W084,frames_in_order,adjacent_samples,rgb,class_switch_rate,0.04225352112676056
W084,frames_in_order,adjacent_samples,rgb,fragmentation_ge2,0.18518518518518517
W084,frames_in_order,adjacent_samples,rgb,fragmentation_mean,1.1851851851851851
W084,frames_in_order,adjacent_samples,rgb,gt_tracks_matched,27.0
W084,frames_in_order,adjacent_samples,rgb,id_switch_rate,0.07042253521126761
W084,frames_in_order,adjacent_samples,rgb,matched_pairs,142.0
W084,frames_in_order,adjacent_samples,rgb,reappear_events_judged,1.0
W084,frames_in_order,adjacent_samples,rgb,reappear_same_class,1.0
W084,frames_in_order,adjacent_samples,rgb,reappear_same_gt,0.0
W084,frames_in_order,adjacent_samples,rgb,reappearance_rate,0.5217391304347826
W084,frames_in_order,adjacent_samples,rgb,seeded_regions,23.0
W084,frames_in_order,adjacent_samples,rgb,survival_backward,0.8492753623188406
W084,frames_in_order,adjacent_samples,rgb,survival_forward,0.9440993788819875
W084,frames_in_order,consecutive_annotated,depth,class_switch_rate,0.034482758620689655
W084,frames_in_order,consecutive_annotated,depth,fragmentation_ge2,0.058823529411764705
W084,frames_in_order,consecutive_annotated,depth,fragmentation_mean,1.0588235294117647
W084,frames_in_order,consecutive_annotated,depth,gt_tracks_matched,17.0
W084,frames_in_order,consecutive_annotated,depth,id_switch_rate,0.04310344827586207
W084,frames_in_order,consecutive_annotated,depth,matched_pairs,116.0
W084,frames_in_order,consecutive_annotated,depth,reappear_events_judged,1.0
W084,frames_in_order,consecutive_annotated,depth,reappear_same_class,1.0
W084,frames_in_order,consecutive_annotated,depth,reappear_same_gt,0.0
W084,frames_in_order,consecutive_annotated,depth,reappearance_rate,0.5833333333333334
W084,frames_in_order,consecutive_annotated,depth,seeded_regions,12.0
W084,frames_in_order,consecutive_annotated,depth,survival_backward,0.811111111111111
W084,frames_in_order,consecutive_annotated,depth,survival_forward,0.9642857142857143
W084,frames_in_order,consecutive_annotated,normal,class_switch_rate,0.021052631578947368
W084,frames_in_order,consecutive_annotated,normal,fragmentation_ge2,0.058823529411764705
W084,frames_in_order,consecutive_annotated,normal,fragmentation_mean,1.0588235294117647
W084,frames_in_order,consecutive_annotated,normal,gt_tracks_matched,17.0
W084,frames_in_order,consecutive_annotated,normal,id_switch_rate,0.021052631578947368
W084,frames_in_order,consecutive_annotated,normal,matched_pairs,95.0
W084,frames_in_order,consecutive_annotated,normal,reappear_events_judged,1.0
W084,frames_in_order,consecutive_annotated,normal,reappear_same_class,1.0
W084,frames_in_order,consecutive_annotated,normal,reappear_same_gt,0.0
W084,frames_in_order,consecutive_annotated,normal,reappearance_rate,0.47058823529411764
W084,frames_in_order,consecutive_annotated,normal,seeded_regions,17.0
W084,frames_in_order,consecutive_annotated,normal,survival_backward,0.8078431372549019
W084,frames_in_order,consecutive_annotated,normal,survival_forward,0.9201680672268907
W084,frames_in_order,consecutive_annotated,rgb,class_switch_rate,0.04225352112676056
W084,frames_in_order,consecutive_annotated,rgb,fragmentation_ge2,0.18518518518518517
W084,frames_in_order,consecutive_annotated,rgb,fragmentation_mean,1.1851851851851851
W084,frames_in_order,consecutive_annotated,rgb,gt_tracks_matched,27.0
W084,frames_in_order,consecutive_annotated,rgb,id_switch_rate,0.07042253521126761
W084,frames_in_order,consecutive_annotated,rgb,matched_pairs,142.0
W084,frames_in_order,consecutive_annotated,rgb,reappear_events_judged,1.0
W084,frames_in_order,consecutive_annotated,rgb,reappear_same_class,1.0
W084,frames_in_order,consecutive_annotated,rgb,reappear_same_gt,0.0
W084,frames_in_order,consecutive_annotated,rgb,reappearance_rate,0.5217391304347826
W084,frames_in_order,consecutive_annotated,rgb,seeded_regions,23.0
W084,frames_in_order,consecutive_annotated,rgb,survival_backward,0.8492753623188406
W084,frames_in_order,consecutive_annotated,rgb,survival_forward,0.9440993788819875
W085,all,adjacent_samples,depth,class_switch_rate,0.0
W085,all,adjacent_samples,depth,fragmentation_ge2,0.0
W085,all,adjacent_samples,depth,fragmentation_mean,1.0
W085,all,adjacent_samples,depth,gt_tracks_matched,9.0
W085,all,adjacent_samples,depth,id_switch_rate,0.03389830508474576
W085,all,adjacent_samples,depth,matched_pairs,59.0
W085,all,adjacent_samples,depth,reappear_events_judged,0.0
W085,all,adjacent_samples,depth,reappear_same_class,
W085,all,adjacent_samples,depth,reappear_same_gt,
W085,all,adjacent_samples,depth,reappearance_rate,0.3333333333333333
W085,all,adjacent_samples,depth,seeded_regions,9.0
W085,all,adjacent_samples,depth,survival_backward,0.8370370370370369
W085,all,adjacent_samples,depth,survival_forward,1.0
W085,all,adjacent_samples,normal,class_switch_rate,0.0
W085,all,adjacent_samples,normal,fragmentation_ge2,0.07142857142857142
W085,all,adjacent_samples,normal,fragmentation_mean,1.0714285714285714
W085,all,adjacent_samples,normal,gt_tracks_matched,14.0
W085,all,adjacent_samples,normal,id_switch_rate,0.011363636363636364
W085,all,adjacent_samples,normal,matched_pairs,88.0
W085,all,adjacent_samples,normal,reappear_events_judged,0.0
W085,all,adjacent_samples,normal,reappear_same_class,
W085,all,adjacent_samples,normal,reappear_same_gt,
W085,all,adjacent_samples,normal,reappearance_rate,0.4444444444444444
W085,all,adjacent_samples,normal,seeded_regions,18.0
W085,all,adjacent_samples,normal,survival_backward,0.8111111111111111
W085,all,adjacent_samples,normal,survival_forward,0.9563492063492064
W085,all,adjacent_samples,rgb,class_switch_rate,0.007936507936507936
W085,all,adjacent_samples,rgb,fragmentation_ge2,0.14285714285714285
W085,all,adjacent_samples,rgb,fragmentation_mean,1.1428571428571428
W085,all,adjacent_samples,rgb,gt_tracks_matched,21.0
W085,all,adjacent_samples,rgb,id_switch_rate,0.031746031746031744
W085,all,adjacent_samples,rgb,matched_pairs,126.0
W085,all,adjacent_samples,rgb,reappear_events_judged,0.0
W085,all,adjacent_samples,rgb,reappear_same_class,
W085,all,adjacent_samples,rgb,reappear_same_gt,
W085,all,adjacent_samples,rgb,reappearance_rate,0.391304347826087
W085,all,adjacent_samples,rgb,seeded_regions,23.0
W085,all,adjacent_samples,rgb,survival_backward,0.8405797101449275
W085,all,adjacent_samples,rgb,survival_forward,0.9409937888198757
W085,all,consecutive_annotated,depth,class_switch_rate,0.0
W085,all,consecutive_annotated,depth,fragmentation_ge2,0.0
W085,all,consecutive_annotated,depth,fragmentation_mean,1.0
W085,all,consecutive_annotated,depth,gt_tracks_matched,9.0
W085,all,consecutive_annotated,depth,id_switch_rate,0.03389830508474576
W085,all,consecutive_annotated,depth,matched_pairs,59.0
W085,all,consecutive_annotated,depth,reappear_events_judged,0.0
W085,all,consecutive_annotated,depth,reappear_same_class,
W085,all,consecutive_annotated,depth,reappear_same_gt,
W085,all,consecutive_annotated,depth,reappearance_rate,0.3333333333333333
W085,all,consecutive_annotated,depth,seeded_regions,9.0
W085,all,consecutive_annotated,depth,survival_backward,0.8370370370370369
W085,all,consecutive_annotated,depth,survival_forward,1.0
W085,all,consecutive_annotated,normal,class_switch_rate,0.0
W085,all,consecutive_annotated,normal,fragmentation_ge2,0.07142857142857142
W085,all,consecutive_annotated,normal,fragmentation_mean,1.0714285714285714
W085,all,consecutive_annotated,normal,gt_tracks_matched,14.0
W085,all,consecutive_annotated,normal,id_switch_rate,0.011363636363636364
W085,all,consecutive_annotated,normal,matched_pairs,88.0
W085,all,consecutive_annotated,normal,reappear_events_judged,0.0
W085,all,consecutive_annotated,normal,reappear_same_class,
W085,all,consecutive_annotated,normal,reappear_same_gt,
W085,all,consecutive_annotated,normal,reappearance_rate,0.4444444444444444
W085,all,consecutive_annotated,normal,seeded_regions,18.0
W085,all,consecutive_annotated,normal,survival_backward,0.8111111111111111
W085,all,consecutive_annotated,normal,survival_forward,0.9563492063492064
W085,all,consecutive_annotated,rgb,class_switch_rate,0.007936507936507936
W085,all,consecutive_annotated,rgb,fragmentation_ge2,0.14285714285714285
W085,all,consecutive_annotated,rgb,fragmentation_mean,1.1428571428571428
W085,all,consecutive_annotated,rgb,gt_tracks_matched,21.0
W085,all,consecutive_annotated,rgb,id_switch_rate,0.031746031746031744
W085,all,consecutive_annotated,rgb,matched_pairs,126.0
W085,all,consecutive_annotated,rgb,reappear_events_judged,0.0
W085,all,consecutive_annotated,rgb,reappear_same_class,
W085,all,consecutive_annotated,rgb,reappear_same_gt,
W085,all,consecutive_annotated,rgb,reappearance_rate,0.391304347826087
W085,all,consecutive_annotated,rgb,seeded_regions,23.0
W085,all,consecutive_annotated,rgb,survival_backward,0.8405797101449275
W085,all,consecutive_annotated,rgb,survival_forward,0.9409937888198757
W085,frames_in_order,adjacent_samples,depth,class_switch_rate,0.0
W085,frames_in_order,adjacent_samples,depth,fragmentation_ge2,0.0
W085,frames_in_order,adjacent_samples,depth,fragmentation_mean,1.0
W085,frames_in_order,adjacent_samples,depth,gt_tracks_matched,9.0
W085,frames_in_order,adjacent_samples,depth,id_switch_rate,0.03389830508474576
W085,frames_in_order,adjacent_samples,depth,matched_pairs,59.0
W085,frames_in_order,adjacent_samples,depth,reappear_events_judged,0.0
W085,frames_in_order,adjacent_samples,depth,reappear_same_class,
W085,frames_in_order,adjacent_samples,depth,reappear_same_gt,
W085,frames_in_order,adjacent_samples,depth,reappearance_rate,0.3333333333333333
W085,frames_in_order,adjacent_samples,depth,seeded_regions,9.0
W085,frames_in_order,adjacent_samples,depth,survival_backward,0.8370370370370369
W085,frames_in_order,adjacent_samples,depth,survival_forward,1.0
W085,frames_in_order,adjacent_samples,normal,class_switch_rate,0.0
W085,frames_in_order,adjacent_samples,normal,fragmentation_ge2,0.07142857142857142
W085,frames_in_order,adjacent_samples,normal,fragmentation_mean,1.0714285714285714
W085,frames_in_order,adjacent_samples,normal,gt_tracks_matched,14.0
W085,frames_in_order,adjacent_samples,normal,id_switch_rate,0.011363636363636364
W085,frames_in_order,adjacent_samples,normal,matched_pairs,88.0
W085,frames_in_order,adjacent_samples,normal,reappear_events_judged,0.0
W085,frames_in_order,adjacent_samples,normal,reappear_same_class,
W085,frames_in_order,adjacent_samples,normal,reappear_same_gt,
W085,frames_in_order,adjacent_samples,normal,reappearance_rate,0.4444444444444444
W085,frames_in_order,adjacent_samples,normal,seeded_regions,18.0
W085,frames_in_order,adjacent_samples,normal,survival_backward,0.8111111111111111
W085,frames_in_order,adjacent_samples,normal,survival_forward,0.9563492063492064
W085,frames_in_order,adjacent_samples,rgb,class_switch_rate,0.007936507936507936
W085,frames_in_order,adjacent_samples,rgb,fragmentation_ge2,0.14285714285714285
W085,frames_in_order,adjacent_samples,rgb,fragmentation_mean,1.1428571428571428
W085,frames_in_order,adjacent_samples,rgb,gt_tracks_matched,21.0
W085,frames_in_order,adjacent_samples,rgb,id_switch_rate,0.031746031746031744
W085,frames_in_order,adjacent_samples,rgb,matched_pairs,126.0
W085,frames_in_order,adjacent_samples,rgb,reappear_events_judged,0.0
W085,frames_in_order,adjacent_samples,rgb,reappear_same_class,
W085,frames_in_order,adjacent_samples,rgb,reappear_same_gt,
W085,frames_in_order,adjacent_samples,rgb,reappearance_rate,0.391304347826087
W085,frames_in_order,adjacent_samples,rgb,seeded_regions,23.0
W085,frames_in_order,adjacent_samples,rgb,survival_backward,0.8405797101449275
W085,frames_in_order,adjacent_samples,rgb,survival_forward,0.9409937888198757
W085,frames_in_order,consecutive_annotated,depth,class_switch_rate,0.0
W085,frames_in_order,consecutive_annotated,depth,fragmentation_ge2,0.0
W085,frames_in_order,consecutive_annotated,depth,fragmentation_mean,1.0
W085,frames_in_order,consecutive_annotated,depth,gt_tracks_matched,9.0
W085,frames_in_order,consecutive_annotated,depth,id_switch_rate,0.03389830508474576
W085,frames_in_order,consecutive_annotated,depth,matched_pairs,59.0
W085,frames_in_order,consecutive_annotated,depth,reappear_events_judged,0.0
W085,frames_in_order,consecutive_annotated,depth,reappear_same_class,
W085,frames_in_order,consecutive_annotated,depth,reappear_same_gt,
W085,frames_in_order,consecutive_annotated,depth,reappearance_rate,0.3333333333333333
W085,frames_in_order,consecutive_annotated,depth,seeded_regions,9.0
W085,frames_in_order,consecutive_annotated,depth,survival_backward,0.8370370370370369
W085,frames_in_order,consecutive_annotated,depth,survival_forward,1.0
W085,frames_in_order,consecutive_annotated,normal,class_switch_rate,0.0
W085,frames_in_order,consecutive_annotated,normal,fragmentation_ge2,0.07142857142857142
W085,frames_in_order,consecutive_annotated,normal,fragmentation_mean,1.0714285714285714
W085,frames_in_order,consecutive_annotated,normal,gt_tracks_matched,14.0
W085,frames_in_order,consecutive_annotated,normal,id_switch_rate,0.011363636363636364
W085,frames_in_order,consecutive_annotated,normal,matched_pairs,88.0
W085,frames_in_order,consecutive_annotated,normal,reappear_events_judged,0.0
W085,frames_in_order,consecutive_annotated,normal,reappear_same_class,
W085,frames_in_order,consecutive_annotated,normal,reappear_same_gt,
W085,frames_in_order,consecutive_annotated,normal,reappearance_rate,0.4444444444444444
W085,frames_in_order,consecutive_annotated,normal,seeded_regions,18.0
W085,frames_in_order,consecutive_annotated,normal,survival_backward,0.8111111111111111
W085,frames_in_order,consecutive_annotated,normal,survival_forward,0.9563492063492064
W085,frames_in_order,consecutive_annotated,rgb,class_switch_rate,0.007936507936507936
W085,frames_in_order,consecutive_annotated,rgb,fragmentation_ge2,0.14285714285714285
W085,frames_in_order,consecutive_annotated,rgb,fragmentation_mean,1.1428571428571428
W085,frames_in_order,consecutive_annotated,rgb,gt_tracks_matched,21.0
W085,frames_in_order,consecutive_annotated,rgb,id_switch_rate,0.031746031746031744
W085,frames_in_order,consecutive_annotated,rgb,matched_pairs,126.0
W085,frames_in_order,consecutive_annotated,rgb,reappear_events_judged,0.0
W085,frames_in_order,consecutive_annotated,rgb,reappear_same_class,
W085,frames_in_order,consecutive_annotated,rgb,reappear_same_gt,
W085,frames_in_order,consecutive_annotated,rgb,reappearance_rate,0.391304347826087
W085,frames_in_order,consecutive_annotated,rgb,seeded_regions,23.0
W085,frames_in_order,consecutive_annotated,rgb,survival_backward,0.8405797101449275
W085,frames_in_order,consecutive_annotated,rgb,survival_forward,0.9409937888198757
