window_id,filter,modality,metric,value
VID01_s15_14859_crop,frac0,depth,f1@0.5,0.2433817532283005
VID01_s15_14859_crop,frac0,depth,f1@0.75,0.2433817532283005
VID01_s15_14859_crop,frac0,depth,miou,0.2026510735672376
VID01_s15_14859_crop,frac0,depth,n_gt,13.227272727272728
VID01_s15_14859_crop,frac0,depth,n_pred,2.9545454545454546
VID01_s15_14859_crop,frac0,depth,n_reg,2.9545454545454546
VID01_s15_14859_crop,frac0,normal,f1@0.5,0.6288352724716361
VID01_s15_14859_crop,frac0,normal,f1@0.75,0.5036708577617669
VID01_s15_14859_crop,frac0,normal,miou,0.6901630499608908
VID01_s15_14859_crop,frac0,normal,n_gt,13.227272727272728
VID01_s15_14859_crop,frac0,normal,n_pred,12.863636363636363
VID01_s15_14859_crop,frac0,normal,n_reg,12.863636363636363
VID01_s15_14859_crop,frac0,rgb,f1@0.5,0.6036791433343157
VID01_s15_14859_crop,frac0,rgb,f1@0.75,0.4399710761779727
VID01_s15_14859_crop,frac0,rgb,miou,0.7005095400143847
VID01_s15_14859_crop,frac0,rgb,n_gt,13.227272727272728
VID01_s15_14859_crop,frac0,rgb,n_pred,15.181818181818182
VID01_s15_14859_crop,frac0,rgb,n_reg,15.181818181818182
VID01_s15_14859_crop,frac0.001,depth,f1@0.5,0.272055722055722
VID01_s15_14859_crop,frac0.001,depth,f1@0.75,0.272055722055722
VID01_s15_14859_crop,frac0.001,depth,miou,0.2026510735672376
VID01_s15_14859_crop,frac0.001,depth,n_gt,11.5
VID01_s15_14859_crop,frac0.001,depth,n_pred,2.9545454545454546
VID01_s15_14859_crop,frac0.001,depth,n_reg,2.9545454545454546
VID01_s15_14859_crop,frac0.001,normal,f1@0.5,0.6809286760670159
VID01_s15_14859_crop,frac0.001,normal,f1@0.75,0.5498224766011327
VID01_s15_14859_crop,frac0.001,normal,miou,0.6901630499608908
VID01_s15_14859_crop,frac0.001,normal,n_gt,11.5
VID01_s15_14859_crop,frac0.001,normal,n_pred,12.454545454545457
VID01_s15_14859_crop,frac0.001,normal,n_reg,12.863636363636363
VID01_s15_14859_crop,frac0.001,rgb,f1@0.5,0.6493737261128566
VID01_s15_14859_crop,frac0.001,rgb,f1@0.75,0.4848006261049739
VID01_s15_14859_crop,frac0.001,rgb,miou,0.7005095400143847
VID01_s15_14859_crop,frac0.001,rgb,n_gt,11.5
VID01_s15_14859_crop,frac0.001,rgb,n_pred,14.318181818181818
VID01_s15_14859_crop,frac0.001,rgb,n_reg,15.181818181818182
VID01_s15_14859_crop,frac0.005,depth,f1@0.5,0.2970423515878062
VID01_s15_14859_crop,frac0.005,depth,f1@0.75,0.2970423515878062
VID01_s15_14859_crop,frac0.005,depth,miou,0.2026510735672376
VID01_s15_14859_crop,frac0.005,depth,n_gt,9.909090909090908
VID01_s15_14859_crop,frac0.005,depth,n_pred,2.909090909090909
VID01_s15_14859_crop,frac0.005,depth,n_reg,2.9545454545454546
VID01_s15_14859_crop,frac0.005,normal,f1@0.5,0.7534003742137714
VID01_s15_14859_crop,frac0.005,normal,f1@0.75,0.6380753881950054
VID01_s15_14859_crop,frac0.005,normal,miou,0.6901630499608908
VID01_s15_14859_crop,frac0.005,normal,n_gt,9.909090909090908
VID01_s15_14859_crop,frac0.005,normal,n_pred,10.636363636363637
VID01_s15_14859_crop,frac0.005,normal,n_reg,12.863636363636363
VID01_s15_14859_crop,frac0.005,rgb,f1@0.5,0.7138906251205716
VID01_s15_14859_crop,frac0.005,rgb,f1@0.75,0.5883564038925705
VID01_s15_14859_crop,frac0.005,rgb,miou,0.7005095400143847
VID01_s15_14859_crop,frac0.005,rgb,n_gt,9.909090909090908
VID01_s15_14859_crop,frac0.005,rgb,n_pred,10.590909090909092
VID01_s15_14859_crop,frac0.005,rgb,n_reg,15.181818181818182
VID01_s15_14859_crop,px300,depth,f1@0.5,0.2773421023421023
VID01_s15_14859_crop,px300,depth,f1@0.75,0.2773421023421023
VID01_s15_14859_crop,px300,depth,miou,0.2026510735672376
VID01_s15_14859_crop,px300,depth,n_gt,11.181818181818182
VID01_s15_14859_crop,px300,depth,n_pred,2.9545454545454546
VID01_s15_14859_crop,px300,depth,n_reg,2.9545454545454546
VID01_s15_14859_crop,px300,normal,f1@0.5,0.6965002717967145
VID01_s15_14859_crop,px300,normal,f1@0.75,0.5675354289978796
VID01_s15_14859_crop,px300,normal,miou,0.6901630499608908
VID01_s15_14859_crop,px300,normal,n_gt,11.181818181818182
VID01_s15_14859_crop,px300,normal,n_pred,12.0
VID01_s15_14859_crop,px300,normal,n_reg,12.863636363636363
VID01_s15_14859_crop,px300,rgb,f1@0.5,0.656272423228945
VID01_s15_14859_crop,px300,rgb,f1@0.75,0.4958320664842404
VID01_s15_14859_crop,px300,rgb,miou,0.7005095400143847
VID01_s15_14859_crop,px300,rgb,n_gt,11.181818181818182
VID01_s15_14859_crop,px300,rgb,n_pred,14.090909090909092
VID01_s15_14859_crop,px300,rgb,n_reg,15.181818181818182
VID01_s15_16345_crop,frac0,depth,f1@0.5,0.2567727249195219
VID01_s15_16345_crop,frac0,depth,f1@0.75,0.1618015511634238
VID01_s15_16345_crop,frac0,depth,miou,0.2776778847084822
VID01_s15_16345_crop,frac0,depth,n_gt,18.47058823529412
VID01_s15_16345_crop,frac0,depth,n_pred,10.058823529411764
VID01_s15_16345_crop,frac0,depth,n_reg,10.058823529411764
VID01_s15_16345_crop,frac0,normal,f1@0.5,0.24948693879842
VID01_s15_16345_crop,frac0,normal,f1@0.75,0.1845699542600468
VID01_s15_16345_crop,frac0,normal,miou,0.3009888598424578
VID01_s15_16345_crop,frac0,normal,n_gt,18.47058823529412
VID01_s15_16345_crop,frac0,normal,n_pred,11.235294117647058
VID01_s15_16345_crop,frac0,normal,n_reg,11.235294117647058
VID01_s15_16345_crop,frac0,rgb,f1@0.5,0.4027296023767631
VID01_s15_16345_crop,frac0,rgb,f1@0.75,0.1416459033227745
VID01_s15_16345_crop,frac0,rgb,miou,0.5909004786056556
VID01_s15_16345_crop,frac0,rgb,n_gt,18.47058823529412
VID01_s15_16345_crop,frac0,rgb,n_pred,29.529411764705884
VID01_s15_16345_crop,frac0,rgb,n_reg,29.529411764705884
VID01_s15_16345_crop,frac0.001,depth,f1@0.5,0.2837710107813291
VID01_s15_16345_crop,frac0.001,depth,f1@0.75,0.1792200997827596
VID01_s15_16345_crop,frac0.001,depth,miou,0.2776778847084822
VID01_s15_16345_crop,frac0.001,depth,n_gt,16.647058823529413
VID01_s15_16345_crop,frac0.001,depth,n_pred,9.176470588235292
VID01_s15_16345_crop,frac0.001,depth,n_reg,10.058823529411764
VID01_s15_16345_crop,frac0.001,normal,f1@0.5,0.2711048826706747
VID01_s15_16345_crop,frac0.001,normal,f1@0.75,0.1990450001625817
VID01_s15_16345_crop,frac0.001,normal,miou,0.3009888598424578
VID01_s15_16345_crop,frac0.001,normal,n_gt,16.647058823529413
VID01_s15_16345_crop,frac0.001,normal,n_pred,10.764705882352942
VID01_s15_16345_crop,frac0.001,normal,n_reg,11.235294117647058
VID01_s15_16345_crop,frac0.001,rgb,f1@0.5,0.4379397837616973
VID01_s15_16345_crop,frac0.001,rgb,f1@0.75,0.1558085708028033
VID01_s15_16345_crop,frac0.001,rgb,miou,0.5909004786056556
VID01_s15_16345_crop,frac0.001,rgb,n_gt,16.647058823529413
VID01_s15_16345_crop,frac0.001,rgb,n_pred,26.823529411764707
VID01_s15_16345_crop,frac0.001,rgb,n_reg,29.529411764705884
VID01_s15_16345_crop,frac0.005,depth,f1@0.5,0.333441007774027
VID01_s15_16345_crop,frac0.005,depth,f1@0.75,0.2098390477472453
VID01_s15_16345_crop,frac0.005,depth,miou,0.2776778847084822
VID01_s15_16345_crop,frac0.005,depth,n_gt,13.411764705882351
VID01_s15_16345_crop,frac0.005,depth,n_pred,7.9411764705882355
VID01_s15_16345_crop,frac0.005,depth,n_reg,10.058823529411764
VID01_s15_16345_crop,frac0.005,normal,f1@0.5,0.3346621606508536
VID01_s15_16345_crop,frac0.005,normal,f1@0.75,0.2487642213756091
VID01_s15_16345_crop,frac0.005,normal,miou,0.3009888598424578
VID01_s15_16345_crop,frac0.005,normal,n_gt,13.411764705882351
VID01_s15_16345_crop,frac0.005,normal,n_pred,8.529411764705882
VID01_s15_16345_crop,frac0.005,normal,n_reg,11.235294117647058
VID01_s15_16345_crop,frac0.005,rgb,f1@0.5,0.5413653549184858
VID01_s15_16345_crop,frac0.005,rgb,f1@0.75,0.1844815673420986
VID01_s15_16345_crop,frac0.005,rgb,miou,0.5909004786056556
VID01_s15_16345_crop,frac0.005,rgb,n_gt,13.411764705882351
VID01_s15_16345_crop,frac0.005,rgb,n_pred,15.764705882352942
VID01_s15_16345_crop,frac0.005,rgb,n_reg,29.529411764705884
VID01_s15_16345_crop,px300,depth,f1@0.5,0.2936889017963187
VID01_s15_16345_crop,px300,depth,f1@0.75,0.1850595667475463
VID01_s15_16345_crop,px300,depth,miou,0.2776778847084822
VID01_s15_16345_crop,px300,depth,n_gt,16.11764705882353
VID01_s15_16345_crop,px300,depth,n_pred,8.823529411764707
VID01_s15_16345_crop,px300,depth,n_reg,10.058823529411764
VID01_s15_16345_crop,px300,normal,f1@0.5,0.2787202190041946
VID01_s15_16345_crop,px300,normal,f1@0.75,0.2041168049890159
VID01_s15_16345_crop,px300,normal,miou,0.3009888598424578
VID01_s15_16345_crop,px300,normal,n_gt,16.11764705882353
VID01_s15_16345_crop,px300,normal,n_pred,10.647058823529411
VID01_s15_16345_crop,px300,normal,n_reg,11.235294117647058
VID01_s15_16345_crop,px300,rgb,f1@0.5,0.4543838225015251
VID01_s15_16345_crop,px300,rgb,f1@0.75,0.159834887787972
VID01_s15_16345_crop,px300,rgb,miou,0.5909004786056556
VID01_s15_16345_crop,px300,rgb,n_gt,16.11764705882353
VID01_s15_16345_crop,px300,rgb,n_pred,24.58823529411765
VID01_s15_16345_crop,px300,rgb,n_reg,29.529411764705884
VID01_s15_240_crop,frac0,depth,f1@0.5,0.3892193368129197
VID01_s15_240_crop,frac0,depth,f1@0.75,0.3698661409891356
VID01_s15_240_crop,frac0,depth,miou,0.4165624262114454
VID01_s15_240_crop,frac0,depth,n_gt,11.636363636363637
VID01_s15_240_crop,frac0,depth,n_pred,9.0
VID01_s15_240_crop,frac0,depth,n_reg,9.0
VID01_s15_240_crop,frac0,normal,f1@0.5,0.6120162515523447
VID01_s15_240_crop,frac0,normal,f1@0.75,0.4663140063597729
VID01_s15_240_crop,frac0,normal,miou,0.6868311691388316
VID01_s15_240_crop,frac0,normal,n_gt,11.636363636363637
VID01_s15_240_crop,frac0,normal,n_pred,11.0
VID01_s15_240_crop,frac0,normal,n_reg,11.0
VID01_s15_240_crop,frac0,rgb,f1@0.5,0.409519802020322
VID01_s15_240_crop,frac0,rgb,f1@0.75,0.2801157132860898
VID01_s15_240_crop,frac0,rgb,miou,0.6322209414661231
VID01_s15_240_crop,frac0,rgb,n_gt,11.636363636363637
VID01_s15_240_crop,frac0,rgb,n_pred,10.727272727272728
VID01_s15_240_crop,frac0,rgb,n_reg,10.727272727272728
VID01_s15_240_crop,frac0.001,depth,f1@0.5,0.4162581140909314
VID01_s15_240_crop,frac0.001,depth,f1@0.75,0.3969049182671474
VID01_s15_240_crop,frac0.001,depth,miou,0.4165624262114454
VID01_s15_240_crop,frac0.001,depth,n_gt,10.181818181818182
VID01_s15_240_crop,frac0.001,depth,n_pred,9.0
VID01_s15_240_crop,frac0.001,depth,n_reg,9.0
VID01_s15_240_crop,frac0.001,normal,f1@0.5,0.6516677068164483
VID01_s15_240_crop,frac0.001,normal,f1@0.75,0.4962149354701882
VID01_s15_240_crop,frac0.001,normal,miou,0.6868311691388316
VID01_s15_240_crop,frac0.001,normal,n_gt,10.181818181818182
VID01_s15_240_crop,frac0.001,normal,n_pred,11.0
VID01_s15_240_crop,frac0.001,normal,n_reg,11.0
VID01_s15_240_crop,frac0.001,rgb,f1@0.5,0.4388586449955287
VID01_s15_240_crop,frac0.001,rgb,f1@0.75,0.2984746270995491
VID01_s15_240_crop,frac0.001,rgb,miou,0.6322209414661231
VID01_s15_240_crop,frac0.001,rgb,n_gt,10.181818181818182
VID01_s15_240_crop,frac0.001,rgb,n_pred,10.636363636363637
VID01_s15_240_crop,frac0.001,rgb,n_reg,10.727272727272728
VID01_s15_240_crop,frac0.005,depth,f1@0.5,0.4775401069518716
VID01_s15_240_crop,frac0.005,depth,f1@0.75,0.4547237076648841
VID01_s15_240_crop,frac0.005,depth,miou,0.4165624262114454
VID01_s15_240_crop,frac0.005,depth,n_gt,8.818181818181818
VID01_s15_240_crop,frac0.005,depth,n_pred,7.909090909090909
VID01_s15_240_crop,frac0.005,depth,n_reg,9.0
VID01_s15_240_crop,frac0.005,normal,f1@0.5,0.6882352941176471
VID01_s15_240_crop,frac0.005,normal,f1@0.75,0.5320855614973262
VID01_s15_240_crop,frac0.005,normal,miou,0.6868311691388316
VID01_s15_240_crop,frac0.005,normal,n_gt,8.818181818181818
VID01_s15_240_crop,frac0.005,normal,n_pred,10.909090909090908
VID01_s15_240_crop,frac0.005,normal,n_reg,11.0
VID01_s15_240_crop,frac0.005,rgb,f1@0.5,0.5329768270944742
VID01_s15_240_crop,frac0.005,rgb,f1@0.75,0.3639928698752228
VID01_s15_240_crop,frac0.005,rgb,miou,0.6322209414661231
VID01_s15_240_crop,frac0.005,rgb,n_gt,8.818181818181818
VID01_s15_240_crop,frac0.005,rgb,n_pred,8.272727272727273
VID01_s15_240_crop,frac0.005,rgb,n_reg,10.727272727272728
VID01_s15_240_crop,px300,depth,f1@0.5,0.4368854399814152
VID01_s15_240_crop,px300,depth,f1@0.75,0.4175322441576311
VID01_s15_240_crop,px300,depth,miou,0.4165624262114454
VID01_s15_240_crop,px300,depth,n_gt,9.272727272727272
VID01_s15_240_crop,px300,depth,n_pred,9.0
VID01_s15_240_crop,px300,depth,n_reg,9.0
VID01_s15_240_crop,px300,normal,f1@0.5,0.6819707371194785
VID01_s15_240_crop,px300,normal,f1@0.75,0.5201818776189486
VID01_s15_240_crop,px300,normal,miou,0.6868311691388316
VID01_s15_240_crop,px300,normal,n_gt,9.272727272727272
VID01_s15_240_crop,px300,normal,n_pred,11.0
VID01_s15_240_crop,px300,normal,n_reg,11.0
VID01_s15_240_crop,px300,rgb,f1@0.5,0.4652505920448504
VID01_s15_240_crop,px300,rgb,f1@0.75,0.3163936010825963
VID01_s15_240_crop,px300,rgb,miou,0.6322209414661231
VID01_s15_240_crop,px300,rgb,n_gt,9.272727272727272
VID01_s15_240_crop,px300,rgb,n_pred,10.363636363636363
VID01_s15_240_crop,px300,rgb,n_reg,10.727272727272728
VID01_s15_80_crop,frac0,depth,f1@0.5,0.5456534439727717
VID01_s15_80_crop,frac0,depth,f1@0.75,0.261598017606421
VID01_s15_80_crop,frac0,depth,miou,0.4292085393383126
VID01_s15_80_crop,frac0,depth,n_gt,9.285714285714286
VID01_s15_80_crop,frac0,depth,n_pred,6.714285714285714
VID01_s15_80_crop,frac0,depth,n_reg,6.714285714285714
VID01_s15_80_crop,frac0,normal,f1@0.5,0.6759661046662944
VID01_s15_80_crop,frac0,normal,f1@0.75,0.4426591094116168
VID01_s15_80_crop,frac0,normal,miou,0.8074041751961912
VID01_s15_80_crop,frac0,normal,n_gt,9.285714285714286
VID01_s15_80_crop,frac0,normal,n_pred,11.61904761904762
VID01_s15_80_crop,frac0,normal,n_reg,11.61904761904762
VID01_s15_80_crop,frac0,rgb,f1@0.5,0.4460092358063091
VID01_s15_80_crop,frac0,rgb,f1@0.75,0.2791525969531467
VID01_s15_80_crop,frac0,rgb,miou,0.549003788366697
VID01_s15_80_crop,frac0,rgb,n_gt,9.285714285714286
VID01_s15_80_crop,frac0,rgb,n_pred,10.61904761904762
VID01_s15_80_crop,frac0,rgb,n_reg,10.61904761904762
VID01_s15_80_crop,frac0.001,depth,f1@0.5,0.5947917293118531
VID01_s15_80_crop,frac0.001,depth,f1@0.75,0.2858188881408696
VID01_s15_80_crop,frac0.001,depth,miou,0.4292085393383126
VID01_s15_80_crop,frac0.001,depth,n_gt,7.857142857142857
VID01_s15_80_crop,frac0.001,depth,n_pred,6.619047619047619
VID01_s15_80_crop,frac0.001,depth,n_reg,6.714285714285714
VID01_s15_80_crop,frac0.001,normal,f1@0.5,0.7428791279357593
VID01_s15_80_crop,frac0.001,normal,f1@0.75,0.4861715226274963
VID01_s15_80_crop,frac0.001,normal,miou,0.8074041751961912
VID01_s15_80_crop,frac0.001,normal,n_gt,7.857142857142857
VID01_s15_80_crop,frac0.001,normal,n_pred,11.047619047619047
VID01_s15_80_crop,frac0.001,normal,n_reg,11.61904761904762
VID01_s15_80_crop,frac0.001,rgb,f1@0.5,0.4966629930915645
VID01_s15_80_crop,frac0.001,rgb,f1@0.75,0.3095630559916274
VID01_s15_80_crop,frac0.001,rgb,miou,0.549003788366697
VID01_s15_80_crop,frac0.001,rgb,n_gt,7.857142857142857
VID01_s15_80_crop,frac0.001,rgb,n_pred,9.761904761904765
VID01_s15_80_crop,frac0.001,rgb,n_reg,10.61904761904762
VID01_s15_80_crop,frac0.005,depth,f1@0.5,0.6650551129542726
VID01_s15_80_crop,frac0.005,depth,f1@0.75,0.324992623311951
VID01_s15_80_crop,frac0.005,depth,miou,0.4292085393383126
VID01_s15_80_crop,frac0.005,depth,n_gt,7.238095238095238
VID01_s15_80_crop,frac0.005,depth,n_pred,5.523809523809524
VID01_s15_80_crop,frac0.005,depth,n_reg,6.714285714285714
VID01_s15_80_crop,frac0.005,normal,f1@0.5,0.8210768067910925
VID01_s15_80_crop,frac0.005,normal,f1@0.75,0.5423018780161637
VID01_s15_80_crop,frac0.005,normal,miou,0.8074041751961912
VID01_s15_80_crop,frac0.005,normal,n_gt,7.238095238095238
VID01_s15_80_crop,frac0.005,normal,n_pred,9.80952380952381
VID01_s15_80_crop,frac0.005,normal,n_reg,11.61904761904762
VID01_s15_80_crop,frac0.005,rgb,f1@0.5,0.5458510087877625
VID01_s15_80_crop,frac0.005,rgb,f1@0.75,0.3437618894938665
VID01_s15_80_crop,frac0.005,rgb,miou,0.549003788366697
VID01_s15_80_crop,frac0.005,rgb,n_gt,7.238095238095238
VID01_s15_80_crop,frac0.005,rgb,n_pred,8.523809523809524
VID01_s15_80_crop,frac0.005,rgb,n_reg,10.61904761904762
VID01_s15_80_crop,px300,depth,f1@0.5,0.6220104514222161
VID01_s15_80_crop,px300,depth,f1@0.75,0.2998443277855043
VID01_s15_80_crop,px300,depth,miou,0.4292085393383126
VID01_s15_80_crop,px300,depth,n_gt,7.476190476190476
VID01_s15_80_crop,px300,depth,n_pred,6.333333333333333
VID01_s15_80_crop,px300,depth,n_reg,6.714285714285714
VID01_s15_80_crop,px300,normal,f1@0.5,0.7717108534003714
VID01_s15_80_crop,px300,normal,f1@0.75,0.5046763202888811
VID01_s15_80_crop,px300,normal,miou,0.8074041751961912
VID01_s15_80_crop,px300,normal,n_gt,7.476190476190476
VID01_s15_80_crop,px300,normal,n_pred,10.714285714285714
VID01_s15_80_crop,px300,normal,n_reg,11.61904761904762
VID01_s15_80_crop,px300,rgb,f1@0.5,0.5122428458562912
VID01_s15_80_crop,px300,rgb,f1@0.75,0.3195341539879355
VID01_s15_80_crop,px300,rgb,miou,0.549003788366697
VID01_s15_80_crop,px300,rgb,n_gt,7.476190476190476
VID01_s15_80_crop,px300,rgb,n_pred,9.476190476190476
VID01_s15_80_crop,px300,rgb,n_reg,10.61904761904762
VID09_s15_832_crop,frac0,depth,f1@0.5,0.6471916971916972
VID09_s15_832_crop,frac0,depth,f1@0.75,0.2694520757020757
VID09_s15_832_crop,frac0,depth,miou,0.627363982321077
VID09_s15_832_crop,frac0,depth,n_gt,7.5
VID09_s15_832_crop,frac0,depth,n_pred,7.0
VID09_s15_832_crop,frac0,depth,n_reg,7.0
VID09_s15_832_crop,frac0,normal,f1@0.5,0.753622153989801
VID09_s15_832_crop,frac0,normal,f1@0.75,0.4321168210874093
VID09_s15_832_crop,frac0,normal,miou,0.6820453042545298
VID09_s15_832_crop,frac0,normal,n_gt,7.5
VID09_s15_832_crop,frac0,normal,n_pred,6.375
VID09_s15_832_crop,frac0,normal,n_reg,6.375
VID09_s15_832_crop,frac0,rgb,f1@0.5,0.4906206092883724
VID09_s15_832_crop,frac0,rgb,f1@0.75,0.2120593861547809
VID09_s15_832_crop,frac0,rgb,miou,0.6031982742850984
VID09_s15_832_crop,frac0,rgb,n_gt,7.5
VID09_s15_832_crop,frac0,rgb,n_pred,9.6875
VID09_s15_832_crop,frac0,rgb,n_reg,9.6875
VID09_s15_832_crop,frac0.001,depth,f1@0.5,0.6936813186813187
VID09_s15_832_crop,frac0.001,depth,f1@0.75,0.290521978021978
VID09_s15_832_crop,frac0.001,depth,miou,0.627363982321077
VID09_s15_832_crop,frac0.001,depth,n_gt,6.375
VID09_s15_832_crop,frac0.001,depth,n_pred,7.0
VID09_s15_832_crop,frac0.001,depth,n_reg,7.0
VID09_s15_832_crop,frac0.001,normal,f1@0.5,0.8139880952380952
VID09_s15_832_crop,frac0.001,normal,f1@0.75,0.46875
VID09_s15_832_crop,frac0.001,normal,miou,0.6820453042545298
VID09_s15_832_crop,frac0.001,normal,n_gt,6.375
VID09_s15_832_crop,frac0.001,normal,n_pred,6.375
VID09_s15_832_crop,frac0.001,normal,n_reg,6.375
VID09_s15_832_crop,frac0.001,rgb,f1@0.5,0.5674154277095453
VID09_s15_832_crop,frac0.001,rgb,f1@0.75,0.2478408029878618
VID09_s15_832_crop,frac0.001,rgb,miou,0.6031982742850984
VID09_s15_832_crop,frac0.001,rgb,n_gt,6.375
VID09_s15_832_crop,frac0.001,rgb,n_pred,8.5
VID09_s15_832_crop,frac0.001,rgb,n_reg,9.6875
VID09_s15_832_crop,frac0.005,depth,f1@0.5,0.6936813186813187
VID09_s15_832_crop,frac0.005,depth,f1@0.75,0.290521978021978
VID09_s15_832_crop,frac0.005,depth,miou,0.627363982321077
VID09_s15_832_crop,frac0.005,depth,n_gt,6.375
VID09_s15_832_crop,frac0.005,depth,n_pred,7.0
VID09_s15_832_crop,frac0.005,depth,n_reg,7.0
VID09_s15_832_crop,frac0.005,normal,f1@0.5,0.8064123376623377
VID09_s15_832_crop,frac0.005,normal,f1@0.75,0.4706439393939394
VID09_s15_832_crop,frac0.005,normal,miou,0.6820453042545298
VID09_s15_832_crop,frac0.005,normal,n_gt,6.375
VID09_s15_832_crop,frac0.005,normal,n_pred,6.3125
VID09_s15_832_crop,frac0.005,normal,n_reg,6.375
VID09_s15_832_crop,frac0.005,rgb,f1@0.5,0.6338135822510822
VID09_s15_832_crop,frac0.005,rgb,f1@0.75,0.2793695887445887
VID09_s15_832_crop,frac0.005,rgb,miou,0.6031982742850984
VID09_s15_832_crop,frac0.005,rgb,n_gt,6.375
VID09_s15_832_crop,frac0.005,rgb,n_pred,6.625
VID09_s15_832_crop,frac0.005,rgb,n_reg,9.6875
VID09_s15_832_crop,px300,depth,f1@0.5,0.6936813186813187
VID09_s15_832_crop,px300,depth,f1@0.75,0.290521978021978
VID09_s15_832_crop,px300,depth,miou,0.627363982321077
VID09_s15_832_crop,px300,depth,n_gt,6.375
VID09_s15_832_crop,px300,depth,n_pred,7.0
VID09_s15_832_crop,px300,depth,n_reg,7.0
VID09_s15_832_crop,px300,normal,f1@0.5,0.8139880952380952
VID09_s15_832_crop,px300,normal,f1@0.75,0.46875
VID09_s15_832_crop,px300,normal,miou,0.6820453042545298
VID09_s15_832_crop,px300,normal,n_gt,6.375
VID09_s15_832_crop,px300,normal,n_pred,6.375
VID09_s15_832_crop,px300,normal,n_reg,6.375
VID09_s15_832_crop,px300,rgb,f1@0.5,0.6023221468074409
VID09_s15_832_crop,px300,rgb,f1@0.75,0.2624245852187029
VID09_s15_832_crop,px300,rgb,miou,0.6031982742850984
VID09_s15_832_crop,px300,rgb,n_gt,6.375
VID09_s15_832_crop,px300,rgb,n_pred,7.6875
VID09_s15_832_crop,px300,rgb,n_reg,9.6875
VID12_s15_15750_crop,frac0,depth,f1@0.5,0.3571667517168563
VID12_s15_15750_crop,frac0,depth,f1@0.75,0.295104229259077
VID12_s15_15750_crop,frac0,depth,miou,0.4075891698731503
VID12_s15_15750_crop,frac0,depth,n_gt,14.545454545454543
VID12_s15_15750_crop,frac0,depth,n_pred,7.454545454545454
VID12_s15_15750_crop,frac0,depth,n_reg,7.454545454545454
VID12_s15_15750_crop,frac0,normal,f1@0.5,0.4275033223254567
VID12_s15_15750_crop,frac0,normal,f1@0.75,0.294395279731248
VID12_s15_15750_crop,frac0,normal,miou,0.502951564196793
VID12_s15_15750_crop,frac0,normal,n_gt,14.545454545454543
VID12_s15_15750_crop,frac0,normal,n_pred,7.454545454545454
VID12_s15_15750_crop,frac0,normal,n_reg,7.454545454545454
VID12_s15_15750_crop,frac0,rgb,f1@0.5,0.5138204052078863
VID12_s15_15750_crop,frac0,rgb,f1@0.75,0.4027438940161854
VID12_s15_15750_crop,frac0,rgb,miou,0.8143448774338364
VID12_s15_15750_crop,frac0,rgb,n_gt,14.545454545454543
VID12_s15_15750_crop,frac0,rgb,n_pred,24.272727272727277
VID12_s15_15750_crop,frac0,rgb,n_reg,24.272727272727277
VID12_s15_15750_crop,frac0.001,depth,f1@0.5,0.3848686799643737
VID12_s15_15750_crop,frac0.001,depth,f1@0.75,0.3171787940926697
VID12_s15_15750_crop,frac0.001,depth,miou,0.4075891698731503
VID12_s15_15750_crop,frac0.001,depth,n_gt,13.272727272727272
VID12_s15_15750_crop,frac0.001,depth,n_pred,7.090909090909091
VID12_s15_15750_crop,frac0.001,depth,n_reg,7.454545454545454
VID12_s15_15750_crop,frac0.001,normal,f1@0.5,0.46737970960459
VID12_s15_15750_crop,frac0.001,normal,f1@0.75,0.3224217568715176
VID12_s15_15750_crop,frac0.001,normal,miou,0.502951564196793
VID12_s15_15750_crop,frac0.001,normal,n_gt,13.272727272727272
VID12_s15_15750_crop,frac0.001,normal,n_pred,6.818181818181818
VID12_s15_15750_crop,frac0.001,normal,n_reg,7.454545454545454
VID12_s15_15750_crop,frac0.001,rgb,f1@0.5,0.5505699137278085
VID12_s15_15750_crop,frac0.001,rgb,f1@0.75,0.4274507652498083
VID12_s15_15750_crop,frac0.001,rgb,miou,0.8143448774338364
VID12_s15_15750_crop,frac0.001,rgb,n_gt,13.272727272727272
VID12_s15_15750_crop,frac0.001,rgb,n_pred,22.272727272727277
VID12_s15_15750_crop,frac0.001,rgb,n_reg,24.272727272727277
VID12_s15_15750_crop,frac0.005,depth,f1@0.5,0.3667262468275696
VID12_s15_15750_crop,frac0.005,depth,f1@0.75,0.2978557234115916
VID12_s15_15750_crop,frac0.005,depth,miou,0.4075891698731503
VID12_s15_15750_crop,frac0.005,depth,n_gt,12.545454545454543
VID12_s15_15750_crop,frac0.005,depth,n_pred,6.636363636363637
VID12_s15_15750_crop,frac0.005,depth,n_reg,7.454545454545454
VID12_s15_15750_crop,frac0.005,normal,f1@0.5,0.5040767024513154
VID12_s15_15750_crop,frac0.005,normal,f1@0.75,0.3484057737927707
VID12_s15_15750_crop,frac0.005,normal,miou,0.502951564196793
VID12_s15_15750_crop,frac0.005,normal,n_gt,12.545454545454543
VID12_s15_15750_crop,frac0.005,normal,n_pred,6.090909090909091
VID12_s15_15750_crop,frac0.005,normal,n_reg,7.454545454545454
VID12_s15_15750_crop,frac0.005,rgb,f1@0.5,0.6149780836516098
VID12_s15_15750_crop,frac0.005,rgb,f1@0.75,0.4740489534566287
VID12_s15_15750_crop,frac0.005,rgb,miou,0.8143448774338364
VID12_s15_15750_crop,frac0.005,rgb,n_gt,12.545454545454543
VID12_s15_15750_crop,frac0.005,rgb,n_pred,16.727272727272727
VID12_s15_15750_crop,frac0.005,rgb,n_reg,24.272727272727277
VID12_s15_15750_crop,px300,depth,f1@0.5,0.3848686799643737
VID12_s15_15750_crop,px300,depth,f1@0.75,0.3171787940926697
VID12_s15_15750_crop,px300,depth,miou,0.4075891698731503
VID12_s15_15750_crop,px300,depth,n_gt,13.272727272727272
VID12_s15_15750_crop,px300,depth,n_pred,7.090909090909091
VID12_s15_15750_crop,px300,depth,n_reg,7.454545454545454
VID12_s15_15750_crop,px300,normal,f1@0.5,0.46737970960459
VID12_s15_15750_crop,px300,normal,f1@0.75,0.3224217568715176
VID12_s15_15750_crop,px300,normal,miou,0.502951564196793
VID12_s15_15750_crop,px300,normal,n_gt,13.272727272727272
VID12_s15_15750_crop,px300,normal,n_pred,6.818181818181818
VID12_s15_15750_crop,px300,normal,n_reg,7.454545454545454
VID12_s15_15750_crop,px300,rgb,f1@0.5,0.5546932441669283
VID12_s15_15750_crop,px300,rgb,f1@0.75,0.4306323473787588
VID12_s15_15750_crop,px300,rgb,miou,0.8143448774338364
VID12_s15_15750_crop,px300,rgb,n_gt,13.272727272727272
VID12_s15_15750_crop,px300,rgb,n_pred,22.0
VID12_s15_15750_crop,px300,rgb,n_reg,24.272727272727277
VID12_s15_19500_crop,frac0,depth,f1@0.5,0.1961022606059484
VID12_s15_19500_crop,frac0,depth,f1@0.75,0.145273382474839
VID12_s15_19500_crop,frac0,depth,miou,0.3095171354525562
VID12_s15_19500_crop,frac0,depth,n_gt,13.08
VID12_s15_19500_crop,frac0,depth,n_pred,8.2
VID12_s15_19500_crop,frac0,depth,n_reg,8.2
VID12_s15_19500_crop,frac0,normal,f1@0.5,0.3199092703420876
VID12_s15_19500_crop,frac0,normal,f1@0.75,0.1878533419567475
VID12_s15_19500_crop,frac0,normal,miou,0.3706209209479725
VID12_s15_19500_crop,frac0,normal,n_gt,13.08
VID12_s15_19500_crop,frac0,normal,n_pred,5.56
VID12_s15_19500_crop,frac0,normal,n_reg,5.56
VID12_s15_19500_crop,frac0,rgb,f1@0.5,0.3426243178106725
VID12_s15_19500_crop,frac0,rgb,f1@0.75,0.262952316112985
VID12_s15_19500_crop,frac0,rgb,miou,0.711358139139968
VID12_s15_19500_crop,frac0,rgb,n_gt,13.08
VID12_s15_19500_crop,frac0,rgb,n_pred,21.84
VID12_s15_19500_crop,frac0,rgb,n_reg,21.84
VID12_s15_19500_crop,frac0.001,depth,f1@0.5,0.2329270234409553
VID12_s15_19500_crop,frac0.001,depth,f1@0.75,0.1681133716644552
VID12_s15_19500_crop,frac0.001,depth,miou,0.3095171354525562
VID12_s15_19500_crop,frac0.001,depth,n_gt,10.4
VID12_s15_19500_crop,frac0.001,depth,n_pred,7.2
VID12_s15_19500_crop,frac0.001,depth,n_reg,8.2
VID12_s15_19500_crop,frac0.001,normal,f1@0.5,0.3622936375629874
VID12_s15_19500_crop,frac0.001,normal,f1@0.75,0.2171385590673516
VID12_s15_19500_crop,frac0.001,normal,miou,0.3706209209479725
VID12_s15_19500_crop,frac0.001,normal,n_gt,10.4
VID12_s15_19500_crop,frac0.001,normal,n_pred,5.28
VID12_s15_19500_crop,frac0.001,normal,n_reg,5.56
VID12_s15_19500_crop,frac0.001,rgb,f1@0.5,0.423757208103032
VID12_s15_19500_crop,frac0.001,rgb,f1@0.75,0.3243169955744072
VID12_s15_19500_crop,frac0.001,rgb,miou,0.711358139139968
VID12_s15_19500_crop,frac0.001,rgb,n_gt,10.4
VID12_s15_19500_crop,frac0.001,rgb,n_pred,17.76
VID12_s15_19500_crop,frac0.001,rgb,n_reg,21.84
VID12_s15_19500_crop,frac0.005,depth,f1@0.5,0.2407342200283376
VID12_s15_19500_crop,frac0.005,depth,f1@0.75,0.1890248183189359
VID12_s15_19500_crop,frac0.005,depth,miou,0.3095171354525562
VID12_s15_19500_crop,frac0.005,depth,n_gt,9.04
VID12_s15_19500_crop,frac0.005,depth,n_pred,5.84
VID12_s15_19500_crop,frac0.005,depth,n_reg,8.2
VID12_s15_19500_crop,frac0.005,normal,f1@0.5,0.42005772005772
VID12_s15_19500_crop,frac0.005,normal,f1@0.75,0.2615675435675435
VID12_s15_19500_crop,frac0.005,normal,miou,0.3706209209479725
VID12_s15_19500_crop,frac0.005,normal,n_gt,9.04
VID12_s15_19500_crop,frac0.005,normal,n_pred,4.24
VID12_s15_19500_crop,frac0.005,normal,n_reg,5.56
VID12_s15_19500_crop,frac0.005,rgb,f1@0.5,0.483977312491729
VID12_s15_19500_crop,frac0.005,rgb,f1@0.75,0.3820968529902168
VID12_s15_19500_crop,frac0.005,rgb,miou,0.711358139139968
VID12_s15_19500_crop,frac0.005,rgb,n_gt,9.04
VID12_s15_19500_crop,frac0.005,rgb,n_pred,13.84
VID12_s15_19500_crop,frac0.005,rgb,n_reg,21.84
VID12_s15_19500_crop,px300,depth,f1@0.5,0.2334498992579487
VID12_s15_19500_crop,px300,depth,f1@0.75,0.1686362474814487
VID12_s15_19500_crop,px300,depth,miou,0.3095171354525562
VID12_s15_19500_crop,px300,depth,n_gt,10.36
VID12_s15_19500_crop,px300,depth,n_pred,7.2
VID12_s15_19500_crop,px300,depth,n_reg,8.2
VID12_s15_19500_crop,px300,normal,f1@0.5,0.3649929839682161
VID12_s15_19500_crop,px300,normal,f1@0.75,0.219504572139247
VID12_s15_19500_crop,px300,normal,miou,0.3706209209479725
VID12_s15_19500_crop,px300,normal,n_gt,10.36
VID12_s15_19500_crop,px300,normal,n_pred,5.16
VID12_s15_19500_crop,px300,normal,n_reg,5.56
VID12_s15_19500_crop,px300,rgb,f1@0.5,0.4277757262305601
VID12_s15_19500_crop,px300,rgb,f1@0.75,0.3275159480823697
VID12_s15_19500_crop,px300,rgb,miou,0.711358139139968
VID12_s15_19500_crop,px300,rgb,n_gt,10.36
VID12_s15_19500_crop,px300,rgb,n_pred,17.52
VID12_s15_19500_crop,px300,rgb,n_reg,21.84
VID12_s15_19900_crop,frac0,depth,f1@0.5,0.3853865802141664
VID12_s15_19900_crop,frac0,depth,f1@0.75,0.2022827746965678
VID12_s15_19900_crop,frac0,depth,miou,0.564398554741041
VID12_s15_19900_crop,frac0,depth,n_gt,18.63636363636364
VID12_s15_19900_crop,frac0,depth,n_pred,8.454545454545455
VID12_s15_19900_crop,frac0,depth,n_reg,8.454545454545455
VID12_s15_19900_crop,frac0,normal,f1@0.5,0.3395507581196994
VID12_s15_19900_crop,frac0,normal,f1@0.75,0.2104948634788553
VID12_s15_19900_crop,frac0,normal,miou,0.4944380118258605
VID12_s15_19900_crop,frac0,normal,n_gt,18.63636363636364
VID12_s15_19900_crop,frac0,normal,n_pred,8.363636363636363
VID12_s15_19900_crop,frac0,normal,n_reg,8.363636363636363
VID12_s15_19900_crop,frac0,rgb,f1@0.5,0.3638557770078368
VID12_s15_19900_crop,frac0,rgb,f1@0.75,0.1745436990623126
VID12_s15_19900_crop,frac0,rgb,miou,0.7747551197391551
VID12_s15_19900_crop,frac0,rgb,n_gt,18.63636363636364
VID12_s15_19900_crop,frac0,rgb,n_pred,23.0
VID12_s15_19900_crop,frac0,rgb,n_reg,23.0
VID12_s15_19900_crop,frac0.001,depth,f1@0.5,0.4545917367656498
VID12_s15_19900_crop,frac0.001,depth,f1@0.75,0.2355691168734646
VID12_s15_19900_crop,frac0.001,depth,miou,0.564398554741041
VID12_s15_19900_crop,frac0.001,depth,n_gt,14.727272727272728
VID12_s15_19900_crop,frac0.001,depth,n_pred,8.272727272727273
VID12_s15_19900_crop,frac0.001,depth,n_reg,8.454545454545455
VID12_s15_19900_crop,frac0.001,normal,f1@0.5,0.4044976762368067
VID12_s15_19900_crop,frac0.001,normal,f1@0.75,0.2500057913101391
VID12_s15_19900_crop,frac0.001,normal,miou,0.4944380118258605
VID12_s15_19900_crop,frac0.001,normal,n_gt,14.727272727272728
VID12_s15_19900_crop,frac0.001,normal,n_pred,8.181818181818182
VID12_s15_19900_crop,frac0.001,normal,n_reg,8.363636363636363
VID12_s15_19900_crop,frac0.001,rgb,f1@0.5,0.4254626507652119
VID12_s15_19900_crop,frac0.001,rgb,f1@0.75,0.2045500189322311
VID12_s15_19900_crop,frac0.001,rgb,miou,0.7747551197391551
VID12_s15_19900_crop,frac0.001,rgb,n_gt,14.727272727272728
VID12_s15_19900_crop,frac0.001,rgb,n_pred,20.818181818181817
VID12_s15_19900_crop,frac0.001,rgb,n_reg,23.0
VID12_s15_19900_crop,frac0.005,depth,f1@0.5,0.5149002581912921
VID12_s15_19900_crop,frac0.005,depth,f1@0.75,0.2739026569898215
VID12_s15_19900_crop,frac0.005,depth,miou,0.564398554741041
VID12_s15_19900_crop,frac0.005,depth,n_gt,12.363636363636363
VID12_s15_19900_crop,frac0.005,depth,n_pred,7.636363636363637
VID12_s15_19900_crop,frac0.005,depth,n_reg,8.454545454545455
VID12_s15_19900_crop,frac0.005,normal,f1@0.5,0.4654536777360111
VID12_s15_19900_crop,frac0.005,normal,f1@0.75,0.2880605267051503
VID12_s15_19900_crop,frac0.005,normal,miou,0.4944380118258605
VID12_s15_19900_crop,frac0.005,normal,n_gt,12.363636363636363
VID12_s15_19900_crop,frac0.005,normal,n_pred,7.636363636363637
VID12_s15_19900_crop,frac0.005,normal,n_reg,8.363636363636363
VID12_s15_19900_crop,frac0.005,rgb,f1@0.5,0.486698432446233
VID12_s15_19900_crop,frac0.005,rgb,f1@0.75,0.2496774757771825
VID12_s15_19900_crop,frac0.005,rgb,miou,0.7747551197391551
VID12_s15_19900_crop,frac0.005,rgb,n_gt,12.363636363636363
VID12_s15_19900_crop,frac0.005,rgb,n_pred,16.90909090909091
VID12_s15_19900_crop,frac0.005,rgb,n_reg,23.0
VID12_s15_19900_crop,px300,depth,f1@0.5,0.4627199721666125
VID12_s15_19900_crop,px300,depth,f1@0.75,0.2403086197947858
VID12_s15_19900_crop,px300,depth,miou,0.564398554741041
VID12_s15_19900_crop,px300,depth,n_gt,14.363636363636363
VID12_s15_19900_crop,px300,depth,n_pred,8.272727272727273
VID12_s15_19900_crop,px300,depth,n_reg,8.454545454545455
VID12_s15_19900_crop,px300,normal,f1@0.5,0.4116574861238893
VID12_s15_19900_crop,px300,normal,f1@0.75,0.2542097691504806
VID12_s15_19900_crop,px300,normal,miou,0.4944380118258605
VID12_s15_19900_crop,px300,normal,n_gt,14.363636363636363
VID12_s15_19900_crop,px300,normal,n_pred,8.181818181818182
VID12_s15_19900_crop,px300,normal,n_reg,8.363636363636363
VID12_s15_19900_crop,px300,rgb,f1@0.5,0.4340394414979273
VID12_s15_19900_crop,px300,rgb,f1@0.75,0.2086426059477002
VID12_s15_19900_crop,px300,rgb,miou,0.7747551197391551
VID12_s15_19900_crop,px300,rgb,n_gt,14.363636363636363
VID12_s15_19900_crop,px300,rgb,n_pred,20.545454545454547
VID12_s15_19900_crop,px300,rgb,n_reg,23.0
VID17_s15_1563_crop,frac0,depth,f1@0.5,0.5499530371589195
VID17_s15_1563_crop,frac0,depth,f1@0.75,0.2809439416792358
VID17_s15_1563_crop,frac0,depth,miou,0.5367592752840818
VID17_s15_1563_crop,frac0,depth,n_gt,10.15
VID17_s15_1563_crop,frac0,depth,n_pred,7.8
VID17_s15_1563_crop,frac0,depth,n_reg,7.8
VID17_s15_1563_crop,frac0,normal,f1@0.5,0.6974086195881861
VID17_s15_1563_crop,frac0,normal,f1@0.75,0.5030652209847256
VID17_s15_1563_crop,frac0,normal,miou,0.6731712491194961
VID17_s15_1563_crop,frac0,normal,n_gt,10.15
VID17_s15_1563_crop,frac0,normal,n_pred,7.85
VID17_s15_1563_crop,frac0,normal,n_reg,7.85
VID17_s15_1563_crop,frac0,rgb,f1@0.5,0.7239358277115715
VID17_s15_1563_crop,frac0,rgb,f1@0.75,0.5976729868148632
VID17_s15_1563_crop,frac0,rgb,miou,0.8302754466350126
VID17_s15_1563_crop,frac0,rgb,n_gt,10.15
VID17_s15_1563_crop,frac0,rgb,n_pred,10.2
VID17_s15_1563_crop,frac0,rgb,n_reg,10.2
VID17_s15_1563_crop,frac0.001,depth,f1@0.5,0.5923838506694544
VID17_s15_1563_crop,frac0.001,depth,f1@0.75,0.2992145861534406
VID17_s15_1563_crop,frac0.001,depth,miou,0.5367592752840818
VID17_s15_1563_crop,frac0.001,depth,n_gt,9.25
VID17_s15_1563_crop,frac0.001,depth,n_pred,7.25
VID17_s15_1563_crop,frac0.001,depth,n_reg,7.8
VID17_s15_1563_crop,frac0.001,normal,f1@0.5,0.7442793257653939
VID17_s15_1563_crop,frac0.001,normal,f1@0.75,0.5351672686618507
VID17_s15_1563_crop,frac0.001,normal,miou,0.6731712491194961
VID17_s15_1563_crop,frac0.001,normal,n_gt,9.25
VID17_s15_1563_crop,frac0.001,normal,n_pred,7.5
VID17_s15_1563_crop,frac0.001,normal,n_reg,7.85
VID17_s15_1563_crop,frac0.001,rgb,f1@0.5,0.799450060864787
VID17_s15_1563_crop,frac0.001,rgb,f1@0.75,0.6578258329890447
VID17_s15_1563_crop,frac0.001,rgb,miou,0.8302754466350126
VID17_s15_1563_crop,frac0.001,rgb,n_gt,9.25
VID17_s15_1563_crop,frac0.001,rgb,n_pred,9.2
VID17_s15_1563_crop,frac0.001,rgb,n_reg,10.2
VID17_s15_1563_crop,frac0.005,depth,f1@0.5,0.6172698904123053
VID17_s15_1563_crop,frac0.005,depth,f1@0.75,0.3106231264435599
VID17_s15_1563_crop,frac0.005,depth,miou,0.5367592752840818
VID17_s15_1563_crop,frac0.005,depth,n_gt,8.7
VID17_s15_1563_crop,frac0.005,depth,n_pred,6.5
VID17_s15_1563_crop,frac0.005,depth,n_reg,7.8
VID17_s15_1563_crop,frac0.005,normal,f1@0.5,0.7650765393876849
VID17_s15_1563_crop,frac0.005,normal,f1@0.75,0.5637706398348813
VID17_s15_1563_crop,frac0.005,normal,miou,0.6731712491194961
VID17_s15_1563_crop,frac0.005,normal,n_gt,8.7
VID17_s15_1563_crop,frac0.005,normal,n_pred,7.2
VID17_s15_1563_crop,frac0.005,normal,n_reg,7.85
VID17_s15_1563_crop,frac0.005,rgb,f1@0.5,0.8278675409557762
VID17_s15_1563_crop,frac0.005,rgb,f1@0.75,0.6952216492657669
VID17_s15_1563_crop,frac0.005,rgb,miou,0.8302754466350126
VID17_s15_1563_crop,frac0.005,rgb,n_gt,8.7
VID17_s15_1563_crop,frac0.005,rgb,n_pred,8.45
VID17_s15_1563_crop,frac0.005,rgb,n_reg,10.2
VID17_s15_1563_crop,px300,depth,f1@0.5,0.5973507409343323
VID17_s15_1563_crop,px300,depth,f1@0.75,0.3010756112652397
VID17_s15_1563_crop,px300,depth,miou,0.5367592752840818
VID17_s15_1563_crop,px300,depth,n_gt,9.2
VID17_s15_1563_crop,px300,depth,n_pred,7.15
VID17_s15_1563_crop,px300,depth,n_reg,7.8
VID17_s15_1563_crop,px300,normal,f1@0.5,0.7501341589267285
VID17_s15_1563_crop,px300,normal,f1@0.75,0.5392229962160303
VID17_s15_1563_crop,px300,normal,miou,0.6731712491194961
VID17_s15_1563_crop,px300,normal,n_gt,9.2
VID17_s15_1563_crop,px300,normal,n_pred,7.4
VID17_s15_1563_crop,px300,normal,n_reg,7.85
VID17_s15_1563_crop,px300,rgb,f1@0.5,0.8045480447223616
VID17_s15_1563_crop,px300,rgb,f1@0.75,0.6671069933416817
VID17_s15_1563_crop,px300,rgb,miou,0.8302754466350126
VID17_s15_1563_crop,px300,rgb,n_gt,9.2
VID17_s15_1563_crop,px300,rgb,n_pred,9.0
VID17_s15_1563_crop,px300,rgb,n_reg,10.2
VID18_s15_979_crop,frac0,depth,f1@0.5,0.639972926969831
VID18_s15_979_crop,frac0,depth,f1@0.75,0.4357756021068715
VID18_s15_979_crop,frac0,depth,miou,0.5884282744042502
VID18_s15_979_crop,frac0,depth,n_gt,11.727272727272728
VID18_s15_979_crop,frac0,depth,n_pred,7.0
VID18_s15_979_crop,frac0,depth,n_reg,7.0
VID18_s15_979_crop,frac0,normal,f1@0.5,0.6499722177983047
VID18_s15_979_crop,frac0,normal,f1@0.75,0.4301418549244636
VID18_s15_979_crop,frac0,normal,miou,0.7982741003916232
VID18_s15_979_crop,frac0,normal,n_gt,11.727272727272728
VID18_s15_979_crop,frac0,normal,n_pred,14.272727272727272
VID18_s15_979_crop,frac0,normal,n_reg,14.272727272727272
VID18_s15_979_crop,frac0,rgb,f1@0.5,0.5722146375503907
VID18_s15_979_crop,frac0,rgb,f1@0.75,0.388082455959044
VID18_s15_979_crop,frac0,rgb,miou,0.7943003319862949
VID18_s15_979_crop,frac0,rgb,n_gt,11.727272727272728
VID18_s15_979_crop,frac0,rgb,n_pred,17.0
VID18_s15_979_crop,frac0,rgb,n_reg,17.0
VID18_s15_979_crop,frac0.001,depth,f1@0.5,0.6889483065953654
VID18_s15_979_crop,frac0.001,depth,f1@0.75,0.4718211527035056
VID18_s15_979_crop,frac0.001,depth,miou,0.5884282744042502
VID18_s15_979_crop,frac0.001,depth,n_gt,10.454545454545457
VID18_s15_979_crop,frac0.001,depth,n_pred,6.545454545454546
VID18_s15_979_crop,frac0.001,depth,n_reg,7.0
VID18_s15_979_crop,frac0.001,normal,f1@0.5,0.7082515639827892
VID18_s15_979_crop,frac0.001,normal,f1@0.75,0.4673659673659674
VID18_s15_979_crop,frac0.001,normal,miou,0.7982741003916232
VID18_s15_979_crop,frac0.001,normal,n_gt,10.454545454545457
VID18_s15_979_crop,frac0.001,normal,n_pred,13.0
VID18_s15_979_crop,frac0.001,normal,n_reg,14.272727272727272
VID18_s15_979_crop,frac0.001,rgb,f1@0.5,0.6131697166179925
VID18_s15_979_crop,frac0.001,rgb,f1@0.75,0.4133845082120944
VID18_s15_979_crop,frac0.001,rgb,miou,0.7943003319862949
VID18_s15_979_crop,frac0.001,rgb,n_gt,10.454545454545457
VID18_s15_979_crop,frac0.001,rgb,n_pred,16.0
VID18_s15_979_crop,frac0.001,rgb,n_reg,17.0
VID18_s15_979_crop,frac0.005,depth,f1@0.5,0.7207664884135473
VID18_s15_979_crop,frac0.005,depth,f1@0.75,0.4961675579322638
VID18_s15_979_crop,frac0.005,depth,miou,0.5884282744042502
VID18_s15_979_crop,frac0.005,depth,n_gt,9.727272727272728
VID18_s15_979_crop,frac0.005,depth,n_pred,6.545454545454546
VID18_s15_979_crop,frac0.005,depth,n_reg,7.0
VID18_s15_979_crop,frac0.005,normal,f1@0.5,0.7768629262700408
VID18_s15_979_crop,frac0.005,normal,f1@0.75,0.5066697465906952
VID18_s15_979_crop,frac0.005,normal,miou,0.7982741003916232
VID18_s15_979_crop,frac0.005,normal,n_gt,9.727272727272728
VID18_s15_979_crop,frac0.005,normal,n_pred,11.181818181818182
VID18_s15_979_crop,frac0.005,normal,n_reg,14.272727272727272
VID18_s15_979_crop,frac0.005,rgb,f1@0.5,0.6964443988159403
VID18_s15_979_crop,frac0.005,rgb,f1@0.75,0.46528668959499
VID18_s15_979_crop,frac0.005,rgb,miou,0.7943003319862949
VID18_s15_979_crop,frac0.005,rgb,n_gt,9.727272727272728
VID18_s15_979_crop,frac0.005,rgb,n_pred,12.909090909090908
VID18_s15_979_crop,frac0.005,rgb,n_reg,17.0
VID18_s15_979_crop,px300,depth,f1@0.5,0.696524064171123
VID18_s15_979_crop,px300,depth,f1@0.75,0.4775401069518716
VID18_s15_979_crop,px300,depth,miou,0.5884282744042502
VID18_s15_979_crop,px300,depth,n_gt,10.272727272727272
VID18_s15_979_crop,px300,depth,n_pred,6.545454545454546
VID18_s15_979_crop,px300,depth,n_reg,7.0
VID18_s15_979_crop,px300,normal,f1@0.5,0.715359923344113
VID18_s15_979_crop,px300,normal,f1@0.75,0.4718984309498144
VID18_s15_979_crop,px300,normal,miou,0.7982741003916232
VID18_s15_979_crop,px300,normal,n_gt,10.272727272727272
VID18_s15_979_crop,px300,normal,n_pred,12.909090909090908
VID18_s15_979_crop,px300,normal,n_reg,14.272727272727272
VID18_s15_979_crop,px300,rgb,f1@0.5,0.6205771240253999
VID18_s15_979_crop,px300,rgb,f1@0.75,0.4191343139619002
VID18_s15_979_crop,px300,rgb,miou,0.7943003319862949
VID18_s15_979_crop,px300,rgb,n_gt,10.272727272727272
VID18_s15_979_crop,px300,rgb,n_pred,15.818181818181818
VID18_s15_979_crop,px300,rgb,n_reg,17.0
VID20_s15_3260_crop,frac0,depth,f1@0.5,0.5945337643059103
VID20_s15_3260_crop,frac0,depth,f1@0.75,0.4909262983780538
VID20_s15_3260_crop,frac0,depth,miou,0.6597819286023108
VID20_s15_3260_crop,frac0,depth,n_gt,15.363636363636363
VID20_s15_3260_crop,frac0,depth,n_pred,7.454545454545454
VID20_s15_3260_crop,frac0,depth,n_reg,7.454545454545454
VID20_s15_3260_crop,frac0,normal,f1@0.5,0.5469446875770987
VID20_s15_3260_crop,frac0,normal,f1@0.75,0.3873864826433996
VID20_s15_3260_crop,frac0,normal,miou,0.5023021587274381
VID20_s15_3260_crop,frac0,normal,n_gt,15.363636363636363
VID20_s15_3260_crop,frac0,normal,n_pred,8.181818181818182
VID20_s15_3260_crop,frac0,normal,n_reg,8.181818181818182
VID20_s15_3260_crop,frac0,rgb,f1@0.5,0.4655532878751785
VID20_s15_3260_crop,frac0,rgb,f1@0.75,0.2756167615599218
VID20_s15_3260_crop,frac0,rgb,miou,0.7397108515302218
VID20_s15_3260_crop,frac0,rgb,n_gt,15.363636363636363
VID20_s15_3260_crop,frac0,rgb,n_pred,17.181818181818183
VID20_s15_3260_crop,frac0,rgb,n_reg,17.181818181818183
VID20_s15_3260_crop,frac0.001,depth,f1@0.5,0.6812889662171959
VID20_s15_3260_crop,frac0.001,depth,f1@0.75,0.5613467207964815
VID20_s15_3260_crop,frac0.001,depth,miou,0.6597819286023108
VID20_s15_3260_crop,frac0.001,depth,n_gt,12.363636363636363
VID20_s15_3260_crop,frac0.001,depth,n_pred,7.454545454545454
VID20_s15_3260_crop,frac0.001,depth,n_reg,7.454545454545454
VID20_s15_3260_crop,frac0.001,normal,f1@0.5,0.6597461284064154
VID20_s15_3260_crop,frac0.001,normal,f1@0.75,0.4681602422033044
VID20_s15_3260_crop,frac0.001,normal,miou,0.5023021587274381
VID20_s15_3260_crop,frac0.001,normal,n_gt,12.363636363636363
VID20_s15_3260_crop,frac0.001,normal,n_pred,7.0
VID20_s15_3260_crop,frac0.001,normal,n_reg,8.181818181818182
VID20_s15_3260_crop,frac0.001,rgb,f1@0.5,0.5483452083732588
VID20_s15_3260_crop,frac0.001,rgb,f1@0.75,0.3228574884675866
VID20_s15_3260_crop,frac0.001,rgb,miou,0.7397108515302218
VID20_s15_3260_crop,frac0.001,rgb,n_gt,12.363636363636363
VID20_s15_3260_crop,frac0.001,rgb,n_pred,15.181818181818182
VID20_s15_3260_crop,frac0.001,rgb,n_reg,17.181818181818183
VID20_s15_3260_crop,frac0.005,depth,f1@0.5,0.7922084623323014
VID20_s15_3260_crop,frac0.005,depth,f1@0.75,0.6542788566782375
VID20_s15_3260_crop,frac0.005,depth,miou,0.6597819286023108
VID20_s15_3260_crop,frac0.005,depth,n_gt,10.272727272727272
VID20_s15_3260_crop,frac0.005,depth,n_pred,6.727272727272728
VID20_s15_3260_crop,frac0.005,depth,n_reg,7.454545454545454
VID20_s15_3260_crop,frac0.005,normal,f1@0.5,0.7370858072096461
VID20_s15_3260_crop,frac0.005,normal,f1@0.75,0.5226813691983971
VID20_s15_3260_crop,frac0.005,normal,miou,0.5023021587274381
VID20_s15_3260_crop,frac0.005,normal,n_gt,10.272727272727272
VID20_s15_3260_crop,frac0.005,normal,n_pred,6.636363636363637
VID20_s15_3260_crop,frac0.005,normal,n_reg,8.181818181818182
VID20_s15_3260_crop,frac0.005,rgb,f1@0.5,0.6991238426645124
VID20_s15_3260_crop,frac0.005,rgb,f1@0.75,0.4139688063133038
VID20_s15_3260_crop,frac0.005,rgb,miou,0.7397108515302218
VID20_s15_3260_crop,frac0.005,rgb,n_gt,10.272727272727272
VID20_s15_3260_crop,frac0.005,rgb,n_pred,10.727272727272728
VID20_s15_3260_crop,frac0.005,rgb,n_reg,17.181818181818183
VID20_s15_3260_crop,px300,depth,f1@0.5,0.7344763423710792
VID20_s15_3260_crop,px300,depth,f1@0.75,0.6064992025518342
VID20_s15_3260_crop,px300,depth,miou,0.6597819286023108
VID20_s15_3260_crop,px300,depth,n_gt,11.0
VID20_s15_3260_crop,px300,depth,n_pred,7.363636363636363
VID20_s15_3260_crop,px300,depth,n_reg,7.454545454545454
VID20_s15_3260_crop,px300,normal,f1@0.5,0.7129038058604622
VID20_s15_3260_crop,px300,normal,f1@0.75,0.5079353910623261
VID20_s15_3260_crop,px300,normal,miou,0.5023021587274381
VID20_s15_3260_crop,px300,normal,n_gt,11.0
VID20_s15_3260_crop,px300,normal,n_pred,6.818181818181818
VID20_s15_3260_crop,px300,normal,n_reg,8.181818181818182
VID20_s15_3260_crop,px300,rgb,f1@0.5,0.5816953870313554
VID20_s15_3260_crop,px300,rgb,f1@0.75,0.3473637327392267
VID20_s15_3260_crop,px300,rgb,miou,0.7397108515302218
VID20_s15_3260_crop,px300,rgb,n_gt,11.0
VID20_s15_3260_crop,px300,rgb,n_pred,14.545454545454543
VID20_s15_3260_crop,px300,rgb,n_reg,17.181818181818183
VID24_s15_0_crop,frac0,depth,f1@0.5,0.4098730158730159
VID24_s15_0_crop,frac0,depth,f1@0.75,0.1100952380952381
VID24_s15_0_crop,frac0,depth,miou,0.4630617206134287
VID24_s15_0_crop,frac0,depth,n_gt,3.92
VID24_s15_0_crop,frac0,depth,n_pred,3.68
VID24_s15_0_crop,frac0,depth,n_reg,3.68
VID24_s15_0_crop,frac0,normal,f1@0.5,0.469099567099567
VID24_s15_0_crop,frac0,normal,f1@0.75,0.2700894660894661
VID24_s15_0_crop,frac0,normal,miou,0.7203813524384134
VID24_s15_0_crop,frac0,normal,n_gt,3.92
VID24_s15_0_crop,frac0,normal,n_pred,5.88
VID24_s15_0_crop,frac0,normal,n_reg,5.88
VID24_s15_0_crop,frac0,rgb,f1@0.5,0.3050560090064734
VID24_s15_0_crop,frac0,rgb,f1@0.75,0.11781658692185
VID24_s15_0_crop,frac0,rgb,miou,0.7041419139504558
VID24_s15_0_crop,frac0,rgb,n_gt,3.92
VID24_s15_0_crop,frac0,rgb,n_pred,10.96
VID24_s15_0_crop,frac0,rgb,n_reg,10.96
VID24_s15_0_crop,frac0.001,depth,f1@0.5,0.433047619047619
VID24_s15_0_crop,frac0.001,depth,f1@0.75,0.1177142857142857
VID24_s15_0_crop,frac0.001,depth,miou,0.4630617206134287
VID24_s15_0_crop,frac0.001,depth,n_gt,3.52
VID24_s15_0_crop,frac0.001,depth,n_pred,3.68
VID24_s15_0_crop,frac0.001,depth,n_reg,3.68
VID24_s15_0_crop,frac0.001,normal,f1@0.5,0.4889177489177489
VID24_s15_0_crop,frac0.001,normal,f1@0.75,0.2765541125541125
VID24_s15_0_crop,frac0.001,normal,miou,0.7203813524384134
VID24_s15_0_crop,frac0.001,normal,n_gt,3.52
VID24_s15_0_crop,frac0.001,normal,n_pred,5.76
VID24_s15_0_crop,frac0.001,normal,n_reg,5.88
VID24_s15_0_crop,frac0.001,rgb,f1@0.5,0.3417797300738477
VID24_s15_0_crop,frac0.001,rgb,f1@0.75,0.1405266955266955
VID24_s15_0_crop,frac0.001,rgb,miou,0.7041419139504558
VID24_s15_0_crop,frac0.001,rgb,n_gt,3.52
VID24_s15_0_crop,frac0.001,rgb,n_pred,9.64
VID24_s15_0_crop,frac0.001,rgb,n_reg,10.96
VID24_s15_0_crop,frac0.005,depth,f1@0.5,0.443047619047619
VID24_s15_0_crop,frac0.005,depth,f1@0.75,0.1177142857142857
VID24_s15_0_crop,frac0.005,depth,miou,0.4630617206134287
VID24_s15_0_crop,frac0.005,depth,n_gt,3.28
VID24_s15_0_crop,frac0.005,depth,n_pred,3.68
VID24_s15_0_crop,frac0.005,depth,n_reg,3.68
VID24_s15_0_crop,frac0.005,normal,f1@0.5,0.526069264069264
VID24_s15_0_crop,frac0.005,normal,f1@0.75,0.3032409812409812
VID24_s15_0_crop,frac0.005,normal,miou,0.7203813524384134
VID24_s15_0_crop,frac0.005,normal,n_gt,3.28
VID24_s15_0_crop,frac0.005,normal,n_pred,5.4
VID24_s15_0_crop,frac0.005,normal,n_reg,5.88
VID24_s15_0_crop,frac0.005,rgb,f1@0.5,0.3931477411477411
VID24_s15_0_crop,frac0.005,rgb,f1@0.75,0.1544713064713064
VID24_s15_0_crop,frac0.005,rgb,miou,0.7041419139504558
VID24_s15_0_crop,frac0.005,rgb,n_gt,3.28
VID24_s15_0_crop,frac0.005,rgb,n_pred,7.96
VID24_s15_0_crop,frac0.005,rgb,n_reg,10.96
VID24_s15_0_crop,px300,depth,f1@0.5,0.433047619047619
VID24_s15_0_crop,px300,depth,f1@0.75,0.1177142857142857
VID24_s15_0_crop,px300,depth,miou,0.4630617206134287
VID24_s15_0_crop,px300,depth,n_gt,3.52
VID24_s15_0_crop,px300,depth,n_pred,3.68
VID24_s15_0_crop,px300,depth,n_reg,3.68
VID24_s15_0_crop,px300,normal,f1@0.5,0.4889177489177489
VID24_s15_0_crop,px300,normal,f1@0.75,0.2765541125541125
VID24_s15_0_crop,px300,normal,miou,0.7203813524384134
VID24_s15_0_crop,px300,normal,n_gt,3.52
VID24_s15_0_crop,px300,normal,n_pred,5.76
VID24_s15_0_crop,px300,normal,n_reg,5.88
VID24_s15_0_crop,px300,rgb,f1@0.5,0.3417797300738477
VID24_s15_0_crop,px300,rgb,f1@0.75,0.1405266955266955
VID24_s15_0_crop,px300,rgb,miou,0.7041419139504558
VID24_s15_0_crop,px300,rgb,n_gt,3.52
VID24_s15_0_crop,px300,rgb,n_pred,9.64
VID24_s15_0_crop,px300,rgb,n_reg,10.96
VID24_s15_9596_crop,frac0,depth,f1@0.5,0.3477548072074742
VID24_s15_9596_crop,frac0,depth,f1@0.75,0.201918526959674
VID24_s15_9596_crop,frac0,depth,miou,0.4919648618493216
VID24_s15_9596_crop,frac0,depth,n_gt,12.681818181818182
VID24_s15_9596_crop,frac0,depth,n_pred,7.863636363636363
VID24_s15_9596_crop,frac0,depth,n_reg,7.863636363636363
VID24_s15_9596_crop,frac0,normal,f1@0.5,0.5204661293448479
VID24_s15_9596_crop,frac0,normal,f1@0.75,0.1997363665389461
VID24_s15_9596_crop,frac0,normal,miou,0.6281759099468227
VID24_s15_9596_crop,frac0,normal,n_gt,12.681818181818182
VID24_s15_9596_crop,frac0,normal,n_pred,9.863636363636363
VID24_s15_9596_crop,frac0,normal,n_reg,9.863636363636363
VID24_s15_9596_crop,frac0,rgb,f1@0.5,0.4977013177682147
VID24_s15_9596_crop,frac0,rgb,f1@0.75,0.2718171570704167
VID24_s15_9596_crop,frac0,rgb,miou,0.7400342435991611
VID24_s15_9596_crop,frac0,rgb,n_gt,12.681818181818182
VID24_s15_9596_crop,frac0,rgb,n_pred,16.863636363636363
VID24_s15_9596_crop,frac0,rgb,n_reg,16.863636363636363
VID24_s15_9596_crop,frac0.001,depth,f1@0.5,0.3795242312872851
VID24_s15_9596_crop,frac0.001,depth,f1@0.75,0.2186174390641833
VID24_s15_9596_crop,frac0.001,depth,miou,0.4919648618493216
VID24_s15_9596_crop,frac0.001,depth,n_gt,11.909090909090908
VID24_s15_9596_crop,frac0.001,depth,n_pred,6.863636363636363
VID24_s15_9596_crop,frac0.001,depth,n_reg,7.863636363636363
VID24_s15_9596_crop,frac0.001,normal,f1@0.5,0.5436061804868325
VID24_s15_9596_crop,frac0.001,normal,f1@0.75,0.2078818195962312
VID24_s15_9596_crop,frac0.001,normal,miou,0.6281759099468227
VID24_s15_9596_crop,frac0.001,normal,n_gt,11.909090909090908
VID24_s15_9596_crop,frac0.001,normal,n_pred,9.681818181818182
VID24_s15_9596_crop,frac0.001,normal,n_reg,9.863636363636363
VID24_s15_9596_crop,frac0.001,rgb,f1@0.5,0.5576526949847108
VID24_s15_9596_crop,frac0.001,rgb,f1@0.75,0.3033013304950063
VID24_s15_9596_crop,frac0.001,rgb,miou,0.7400342435991611
VID24_s15_9596_crop,frac0.001,rgb,n_gt,11.909090909090908
VID24_s15_9596_crop,frac0.001,rgb,n_pred,14.363636363636363
VID24_s15_9596_crop,frac0.001,rgb,n_reg,16.863636363636363
VID24_s15_9596_crop,frac0.005,depth,f1@0.5,0.3963270604524474
VID24_s15_9596_crop,frac0.005,depth,f1@0.75,0.2449658141995603
VID24_s15_9596_crop,frac0.005,depth,miou,0.4919648618493216
VID24_s15_9596_crop,frac0.005,depth,n_gt,10.681818181818182
VID24_s15_9596_crop,frac0.005,depth,n_pred,6.0
VID24_s15_9596_crop,frac0.005,depth,n_reg,7.863636363636363
VID24_s15_9596_crop,frac0.005,normal,f1@0.5,0.573699370437889
VID24_s15_9596_crop,frac0.005,normal,f1@0.75,0.2318879785084094
VID24_s15_9596_crop,frac0.005,normal,miou,0.6281759099468227
VID24_s15_9596_crop,frac0.005,normal,n_gt,10.681818181818182
VID24_s15_9596_crop,frac0.005,normal,n_pred,8.863636363636363
VID24_s15_9596_crop,frac0.005,normal,n_reg,9.863636363636363
VID24_s15_9596_crop,frac0.005,rgb,f1@0.5,0.5932710110106579
VID24_s15_9596_crop,frac0.005,rgb,f1@0.75,0.342292008049524
VID24_s15_9596_crop,frac0.005,rgb,miou,0.7400342435991611
VID24_s15_9596_crop,frac0.005,rgb,n_gt,10.681818181818182
VID24_s15_9596_crop,frac0.005,rgb,n_pred,11.909090909090908
VID24_s15_9596_crop,frac0.005,rgb,n_reg,16.863636363636363
VID24_s15_9596_crop,px300,depth,f1@0.5,0.3795242312872851
VID24_s15_9596_crop,px300,depth,f1@0.75,0.2186174390641833
VID24_s15_9596_crop,px300,depth,miou,0.4919648618493216
VID24_s15_9596_crop,px300,depth,n_gt,11.909090909090908
VID24_s15_9596_crop,px300,depth,n_pred,6.863636363636363
VID24_s15_9596_crop,px300,depth,n_reg,7.863636363636363
VID24_s15_9596_crop,px300,normal,f1@0.5,0.5452773034814848
VID24_s15_9596_crop,px300,normal,f1@0.75,0.2088844933930226
VID24_s15_9596_crop,px300,normal,miou,0.6281759099468227
VID24_s15_9596_crop,px300,normal,n_gt,11.909090909090908
VID24_s15_9596_crop,px300,normal,n_pred,9.636363636363637
VID24_s15_9596_crop,px300,normal,n_reg,9.863636363636363
VID24_s15_9596_crop,px300,rgb,f1@0.5,0.5609340432660591
VID24_s15_9596_crop,px300,rgb,f1@0.75,0.304979097172773
VID24_s15_9596_crop,px300,rgb,miou,0.7400342435991611
VID24_s15_9596_crop,px300,rgb,n_gt,11.909090909090908
VID24_s15_9596_crop,px300,rgb,n_pred,14.227272727272728
VID24_s15_9596_crop,px300,rgb,n_reg,16.863636363636363
VID25_s15_162_crop,frac0,depth,f1@0.5,0.4308706704372338
VID25_s15_162_crop,frac0,depth,f1@0.75,0.3061574031179631
VID25_s15_162_crop,frac0,depth,miou,0.6084188596386705
VID25_s15_162_crop,frac0,depth,n_gt,12.272727272727272
VID25_s15_162_crop,frac0,depth,n_pred,8.818181818181818
VID25_s15_162_crop,frac0,depth,n_reg,8.818181818181818
VID25_s15_162_crop,frac0,normal,f1@0.5,0.6277754878993269
VID25_s15_162_crop,frac0,normal,f1@0.75,0.448176339198011
VID25_s15_162_crop,frac0,normal,miou,0.8218005820434879
VID25_s15_162_crop,frac0,normal,n_gt,12.272727272727272
VID25_s15_162_crop,frac0,normal,n_pred,10.727272727272728
VID25_s15_162_crop,frac0,normal,n_reg,10.727272727272728
VID25_s15_162_crop,frac0,rgb,f1@0.5,0.5521967022097711
VID25_s15_162_crop,frac0,rgb,f1@0.75,0.4163391133601831
VID25_s15_162_crop,frac0,rgb,miou,0.8950367293711234
VID25_s15_162_crop,frac0,rgb,n_gt,12.272727272727272
VID25_s15_162_crop,frac0,rgb,n_pred,15.909090909090908
VID25_s15_162_crop,frac0,rgb,n_reg,15.909090909090908
VID25_s15_162_crop,frac0.001,depth,f1@0.5,0.5021629358783509
VID25_s15_162_crop,frac0.001,depth,f1@0.75,0.3543517056066463
VID25_s15_162_crop,frac0.001,depth,miou,0.6084188596386705
VID25_s15_162_crop,frac0.001,depth,n_gt,10.318181818181818
VID25_s15_162_crop,frac0.001,depth,n_pred,8.045454545454545
VID25_s15_162_crop,frac0.001,depth,n_reg,8.818181818181818
VID25_s15_162_crop,frac0.001,normal,f1@0.5,0.7421777704260358
VID25_s15_162_crop,frac0.001,normal,f1@0.75,0.5337906571558783
VID25_s15_162_crop,frac0.001,normal,miou,0.8218005820434879
VID25_s15_162_crop,frac0.001,normal,n_gt,10.318181818181818
VID25_s15_162_crop,frac0.001,normal,n_pred,9.545454545454543
VID25_s15_162_crop,frac0.001,normal,n_reg,10.727272727272728
VID25_s15_162_crop,frac0.001,rgb,f1@0.5,0.662610931717946
VID25_s15_162_crop,frac0.001,rgb,f1@0.75,0.5043190149182101
VID25_s15_162_crop,frac0.001,rgb,miou,0.8950367293711234
VID25_s15_162_crop,frac0.001,rgb,n_gt,10.318181818181818
VID25_s15_162_crop,frac0.001,rgb,n_pred,13.727272727272728
VID25_s15_162_crop,frac0.001,rgb,n_reg,15.909090909090908
VID25_s15_162_crop,frac0.005,depth,f1@0.5,0.5428322674136071
VID25_s15_162_crop,frac0.005,depth,f1@0.75,0.4127837473531253
VID25_s15_162_crop,frac0.005,depth,miou,0.6084188596386705
VID25_s15_162_crop,frac0.005,depth,n_gt,8.772727272727273
VID25_s15_162_crop,frac0.005,depth,n_pred,6.318181818181818
VID25_s15_162_crop,frac0.005,depth,n_reg,8.818181818181818
VID25_s15_162_crop,frac0.005,normal,f1@0.5,0.7929536689035704
VID25_s15_162_crop,frac0.005,normal,f1@0.75,0.5944237568885753
VID25_s15_162_crop,frac0.005,normal,miou,0.8218005820434879
VID25_s15_162_crop,frac0.005,normal,n_gt,8.772727272727273
VID25_s15_162_crop,frac0.005,normal,n_pred,8.5
VID25_s15_162_crop,frac0.005,normal,n_reg,10.727272727272728
VID25_s15_162_crop,frac0.005,rgb,f1@0.5,0.7348207075287987
VID25_s15_162_crop,frac0.005,rgb,f1@0.75,0.5944126443062737
VID25_s15_162_crop,frac0.005,rgb,miou,0.8950367293711234
VID25_s15_162_crop,frac0.005,rgb,n_gt,8.772727272727273
VID25_s15_162_crop,frac0.005,rgb,n_pred,11.227272727272728
VID25_s15_162_crop,frac0.005,rgb,n_reg,15.909090909090908
VID25_s15_162_crop,px300,depth,f1@0.5,0.5157939118413427
VID25_s15_162_crop,px300,depth,f1@0.75,0.3651799287668852
VID25_s15_162_crop,px300,depth,miou,0.6084188596386705
VID25_s15_162_crop,px300,depth,n_gt,10.0
VID25_s15_162_crop,px300,depth,n_pred,7.909090909090909
VID25_s15_162_crop,px300,depth,n_reg,8.818181818181818
VID25_s15_162_crop,px300,normal,f1@0.5,0.7577815472196522
VID25_s15_162_crop,px300,normal,f1@0.75,0.5457999580154465
VID25_s15_162_crop,px300,normal,miou,0.8218005820434879
VID25_s15_162_crop,px300,normal,n_gt,10.0
VID25_s15_162_crop,px300,normal,n_pred,9.5
VID25_s15_162_crop,px300,normal,n_reg,10.727272727272728
VID25_s15_162_crop,px300,rgb,f1@0.5,0.6768796106477379
VID25_s15_162_crop,px300,rgb,f1@0.75,0.5157020229247454
VID25_s15_162_crop,px300,rgb,miou,0.8950367293711234
VID25_s15_162_crop,px300,rgb,n_gt,10.0
VID25_s15_162_crop,px300,rgb,n_pred,13.545454545454543
VID25_s15_162_crop,px300,rgb,n_reg,15.909090909090908
VID25_s15_402_crop,frac0,depth,f1@0.5,0.3141522509111442
VID25_s15_402_crop,frac0,depth,f1@0.75,0.1609944732474376
VID25_s15_402_crop,frac0,depth,miou,0.5179418653766045
VID25_s15_402_crop,frac0,depth,n_gt,13.727272727272728
VID25_s15_402_crop,frac0,depth,n_pred,7.727272727272727
VID25_s15_402_crop,frac0,depth,n_reg,7.727272727272727
VID25_s15_402_crop,frac0,normal,f1@0.5,0.5641958041958042
VID25_s15_402_crop,frac0,normal,f1@0.75,0.4206993006993007
VID25_s15_402_crop,frac0,normal,miou,0.7383616704826456
VID25_s15_402_crop,frac0,normal,n_gt,13.727272727272728
VID25_s15_402_crop,frac0,normal,n_pred,11.727272727272728
VID25_s15_402_crop,frac0,normal,n_reg,11.727272727272728
VID25_s15_402_crop,frac0,rgb,f1@0.5,0.4646802247069626
VID25_s15_402_crop,frac0,rgb,f1@0.75,0.3733828931021444
VID25_s15_402_crop,frac0,rgb,miou,0.8889080446940336
VID25_s15_402_crop,frac0,rgb,n_gt,13.727272727272728
VID25_s15_402_crop,frac0,rgb,n_pred,20.0
VID25_s15_402_crop,frac0,rgb,n_reg,20.0
VID25_s15_402_crop,frac0.001,depth,f1@0.5,0.3465666678444613
VID25_s15_402_crop,frac0.001,depth,f1@0.75,0.1757059152499625
VID25_s15_402_crop,frac0.001,depth,miou,0.5179418653766045
VID25_s15_402_crop,frac0.001,depth,n_gt,11.818181818181818
VID25_s15_402_crop,frac0.001,depth,n_pred,7.545454545454546
VID25_s15_402_crop,frac0.001,depth,n_reg,7.727272727272727
VID25_s15_402_crop,frac0.001,normal,f1@0.5,0.6768653577890107
VID25_s15_402_crop,frac0.001,normal,f1@0.75,0.5044114058052065
VID25_s15_402_crop,frac0.001,normal,miou,0.7383616704826456
VID25_s15_402_crop,frac0.001,normal,n_gt,11.818181818181818
VID25_s15_402_crop,frac0.001,normal,n_pred,9.454545454545457
VID25_s15_402_crop,frac0.001,normal,n_reg,11.727272727272728
VID25_s15_402_crop,frac0.001,rgb,f1@0.5,0.5348782549308386
VID25_s15_402_crop,frac0.001,rgb,f1@0.75,0.4353226392563029
VID25_s15_402_crop,frac0.001,rgb,miou,0.8889080446940336
VID25_s15_402_crop,frac0.001,rgb,n_gt,11.818181818181818
VID25_s15_402_crop,frac0.001,rgb,n_pred,17.181818181818183
VID25_s15_402_crop,frac0.001,rgb,n_reg,20.0
VID25_s15_402_crop,frac0.005,depth,f1@0.5,0.4060285517715858
VID25_s15_402_crop,frac0.005,depth,f1@0.75,0.2047627982612502
VID25_s15_402_crop,frac0.005,depth,miou,0.5179418653766045
VID25_s15_402_crop,frac0.005,depth,n_gt,9.636363636363637
VID25_s15_402_crop,frac0.005,depth,n_pred,7.0
VID25_s15_402_crop,frac0.005,depth,n_reg,7.727272727272727
VID25_s15_402_crop,frac0.005,normal,f1@0.5,0.7731369421771899
VID25_s15_402_crop,frac0.005,normal,f1@0.75,0.5766653710926156
VID25_s15_402_crop,frac0.005,normal,miou,0.7383616704826456
VID25_s15_402_crop,frac0.005,normal,n_gt,9.636363636363637
VID25_s15_402_crop,frac0.005,normal,n_pred,9.0
VID25_s15_402_crop,frac0.005,normal,n_reg,11.727272727272728
VID25_s15_402_crop,frac0.005,rgb,f1@0.5,0.6219131008063814
VID25_s15_402_crop,frac0.005,rgb,f1@0.75,0.5114092275752354
VID25_s15_402_crop,frac0.005,rgb,miou,0.8889080446940336
VID25_s15_402_crop,frac0.005,rgb,n_gt,9.636363636363637
VID25_s15_402_crop,frac0.005,rgb,n_pred,13.909090909090908
VID25_s15_402_crop,frac0.005,rgb,n_reg,20.0
VID25_s15_402_crop,px300,depth,f1@0.5,0.3518372580292084
VID25_s15_402_crop,px300,depth,f1@0.75,0.1793096824056576
VID25_s15_402_crop,px300,depth,miou,0.5179418653766045
VID25_s15_402_crop,px300,depth,n_gt,11.545454545454543
VID25_s15_402_crop,px300,depth,n_pred,7.545454545454546
VID25_s15_402_crop,px300,depth,n_reg,7.727272727272727
VID25_s15_402_crop,px300,normal,f1@0.5,0.6862334600424885
VID25_s15_402_crop,px300,normal,f1@0.75,0.512480806759983
VID25_s15_402_crop,px300,normal,miou,0.7383616704826456
VID25_s15_402_crop,px300,normal,n_gt,11.545454545454543
VID25_s15_402_crop,px300,normal,n_pred,9.454545454545457
VID25_s15_402_crop,px300,normal,n_reg,11.727272727272728
VID25_s15_402_crop,px300,rgb,f1@0.5,0.5532729775888842
VID25_s15_402_crop,px300,rgb,f1@0.75,0.4505296315557717
VID25_s15_402_crop,px300,rgb,miou,0.8889080446940336
VID25_s15_402_crop,px300,rgb,n_gt,11.545454545454543
VID25_s15_402_crop,px300,rgb,n_pred,16.545454545454547
VID25_s15_402_crop,px300,rgb,n_reg,20.0
VID26_s15_1855_crop,frac0,depth,f1@0.5,0.1615309304480427
VID26_s15_1855_crop,frac0,depth,f1@0.75,0.085749099385463
VID26_s15_1855_crop,frac0,depth,miou,0.2115041578918444
VID26_s15_1855_crop,frac0,depth,n_gt,10.045454545454543
VID26_s15_1855_crop,frac0,depth,n_pred,2.9545454545454546
VID26_s15_1855_crop,frac0,depth,n_reg,2.9545454545454546
VID26_s15_1855_crop,frac0,normal,f1@0.5,0.3877877774725509
VID26_s15_1855_crop,frac0,normal,f1@0.75,0.2458922515705515
VID26_s15_1855_crop,frac0,normal,miou,0.4669793896260936
VID26_s15_1855_crop,frac0,normal,n_gt,10.045454545454543
VID26_s15_1855_crop,frac0,normal,n_pred,6.681818181818182
VID26_s15_1855_crop,frac0,normal,n_reg,6.681818181818182
VID26_s15_1855_crop,frac0,rgb,f1@0.5,0.3955560576713364
VID26_s15_1855_crop,frac0,rgb,f1@0.75,0.219666163123319
VID26_s15_1855_crop,frac0,rgb,miou,0.6100600840919004
VID26_s15_1855_crop,frac0,rgb,n_gt,10.045454545454543
VID26_s15_1855_crop,frac0,rgb,n_pred,14.772727272727272
VID26_s15_1855_crop,frac0,rgb,n_reg,14.772727272727272
VID26_s15_1855_crop,frac0.001,depth,f1@0.5,0.1860498087770815
VID26_s15_1855_crop,frac0.001,depth,f1@0.75,0.0990358126721763
VID26_s15_1855_crop,frac0.001,depth,miou,0.2115041578918444
VID26_s15_1855_crop,frac0.001,depth,n_gt,8.727272727272727
VID26_s15_1855_crop,frac0.001,depth,n_pred,2.5454545454545454
VID26_s15_1855_crop,frac0.001,depth,n_reg,2.9545454545454546
VID26_s15_1855_crop,frac0.001,normal,f1@0.5,0.4229896135855888
VID26_s15_1855_crop,frac0.001,normal,f1@0.75,0.2654504637089776
VID26_s15_1855_crop,frac0.001,normal,miou,0.4669793896260936
VID26_s15_1855_crop,frac0.001,normal,n_gt,8.727272727272727
VID26_s15_1855_crop,frac0.001,normal,n_pred,6.318181818181818
VID26_s15_1855_crop,frac0.001,normal,n_reg,6.681818181818182
VID26_s15_1855_crop,frac0.001,rgb,f1@0.5,0.4687532669565918
VID26_s15_1855_crop,frac0.001,rgb,f1@0.75,0.2606237856109979
VID26_s15_1855_crop,frac0.001,rgb,miou,0.6100600840919004
VID26_s15_1855_crop,frac0.001,rgb,n_gt,8.727272727272727
VID26_s15_1855_crop,frac0.001,rgb,n_pred,12.318181818181818
VID26_s15_1855_crop,frac0.001,rgb,n_reg,14.772727272727272
VID26_s15_1855_crop,frac0.005,depth,f1@0.5,0.192046842046842
VID26_s15_1855_crop,frac0.005,depth,f1@0.75,0.1015151515151515
VID26_s15_1855_crop,frac0.005,depth,miou,0.2115041578918444
VID26_s15_1855_crop,frac0.005,depth,n_gt,8.227272727272727
VID26_s15_1855_crop,frac0.005,depth,n_pred,2.5454545454545454
VID26_s15_1855_crop,frac0.005,depth,n_reg,2.9545454545454546
VID26_s15_1855_crop,frac0.005,normal,f1@0.5,0.4478480298667465
VID26_s15_1855_crop,frac0.005,normal,f1@0.75,0.2786190413864211
VID26_s15_1855_crop,frac0.005,normal,miou,0.4669793896260936
VID26_s15_1855_crop,frac0.005,normal,n_gt,8.227272727272727
VID26_s15_1855_crop,frac0.005,normal,n_pred,5.7727272727272725
VID26_s15_1855_crop,frac0.005,normal,n_reg,6.681818181818182
VID26_s15_1855_crop,frac0.005,rgb,f1@0.5,0.5238056418992003
VID26_s15_1855_crop,frac0.005,rgb,f1@0.75,0.2918352727301686
VID26_s15_1855_crop,frac0.005,rgb,miou,0.6100600840919004
VID26_s15_1855_crop,frac0.005,rgb,n_gt,8.227272727272727
VID26_s15_1855_crop,frac0.005,rgb,n_pred,9.954545454545457
VID26_s15_1855_crop,frac0.005,rgb,n_reg,14.772727272727272
VID26_s15_1855_crop,px300,depth,f1@0.5,0.1864827092099819
VID26_s15_1855_crop,px300,depth,f1@0.75,0.0990358126721763
VID26_s15_1855_crop,px300,depth,miou,0.2115041578918444
VID26_s15_1855_crop,px300,depth,n_gt,8.681818181818182
VID26_s15_1855_crop,px300,depth,n_pred,2.5454545454545454
VID26_s15_1855_crop,px300,depth,n_reg,2.9545454545454546
VID26_s15_1855_crop,px300,normal,f1@0.5,0.423787061751458
VID26_s15_1855_crop,px300,normal,f1@0.75,0.2659820958195571
VID26_s15_1855_crop,px300,normal,miou,0.4669793896260936
VID26_s15_1855_crop,px300,normal,n_gt,8.681818181818182
VID26_s15_1855_crop,px300,normal,n_pred,6.318181818181818
VID26_s15_1855_crop,px300,normal,n_reg,6.681818181818182
VID26_s15_1855_crop,px300,rgb,f1@0.5,0.472232581759436
VID26_s15_1855_crop,px300,rgb,f1@0.75,0.2620714555880796
VID26_s15_1855_crop,px300,rgb,miou,0.6100600840919004
VID26_s15_1855_crop,px300,rgb,n_gt,8.681818181818182
VID26_s15_1855_crop,px300,rgb,n_pred,12.181818181818182
VID26_s15_1855_crop,px300,rgb,n_reg,14.772727272727272
VID27_s15_160_crop,frac0,depth,f1@0.5,0.4777306027306027
VID27_s15_160_crop,frac0,depth,f1@0.75,0.1695387945387945
VID27_s15_160_crop,frac0,depth,miou,0.5107333756899202
VID27_s15_160_crop,frac0,depth,n_gt,8.954545454545455
VID27_s15_160_crop,frac0,depth,n_pred,6.0
VID27_s15_160_crop,frac0,depth,n_reg,6.0
VID27_s15_160_crop,frac0,normal,f1@0.5,0.3709805055659447
VID27_s15_160_crop,frac0,normal,f1@0.75,0.2664427857052889
VID27_s15_160_crop,frac0,normal,miou,0.6668484301386125
VID27_s15_160_crop,frac0,normal,n_gt,8.954545454545455
VID27_s15_160_crop,frac0,normal,n_pred,9.636363636363637
VID27_s15_160_crop,frac0,normal,n_reg,9.636363636363637
VID27_s15_160_crop,frac0,rgb,f1@0.5,0.602000527851921
VID27_s15_160_crop,frac0,rgb,f1@0.75,0.5172073798234789
VID27_s15_160_crop,frac0,rgb,miou,0.543836470349112
VID27_s15_160_crop,frac0,rgb,n_gt,8.954545454545455
VID27_s15_160_crop,frac0,rgb,n_pred,6.227272727272728
VID27_s15_160_crop,frac0,rgb,n_reg,6.227272727272728
VID27_s15_160_crop,frac0.001,depth,f1@0.5,0.4960382754500401
VID27_s15_160_crop,frac0.001,depth,f1@0.75,0.1754079254079254
VID27_s15_160_crop,frac0.001,depth,miou,0.5107333756899202
VID27_s15_160_crop,frac0.001,depth,n_gt,8.409090909090908
VID27_s15_160_crop,frac0.001,depth,n_pred,6.0
VID27_s15_160_crop,frac0.001,depth,n_reg,6.0
VID27_s15_160_crop,frac0.001,normal,f1@0.5,0.3833791810184999
VID27_s15_160_crop,frac0.001,normal,f1@0.75,0.2737303374300278
VID27_s15_160_crop,frac0.001,normal,miou,0.6668484301386125
VID27_s15_160_crop,frac0.001,normal,n_gt,8.409090909090908
VID27_s15_160_crop,frac0.001,normal,n_pred,9.590909090909092
VID27_s15_160_crop,frac0.001,normal,n_reg,9.636363636363637
VID27_s15_160_crop,frac0.001,rgb,f1@0.5,0.6294032393631324
VID27_s15_160_crop,frac0.001,rgb,f1@0.75,0.5398242577386962
VID27_s15_160_crop,frac0.001,rgb,miou,0.543836470349112
VID27_s15_160_crop,frac0.001,rgb,n_gt,8.409090909090908
VID27_s15_160_crop,frac0.001,rgb,n_pred,6.045454545454546
VID27_s15_160_crop,frac0.001,rgb,n_reg,6.227272727272728
VID27_s15_160_crop,frac0.005,depth,f1@0.5,0.5122600883964521
VID27_s15_160_crop,frac0.005,depth,f1@0.75,0.1796097841552387
VID27_s15_160_crop,frac0.005,depth,miou,0.5107333756899202
VID27_s15_160_crop,frac0.005,depth,n_gt,7.954545454545454
VID27_s15_160_crop,frac0.005,depth,n_pred,5.954545454545454
VID27_s15_160_crop,frac0.005,depth,n_reg,6.0
VID27_s15_160_crop,frac0.005,normal,f1@0.5,0.4146042382110493
VID27_s15_160_crop,frac0.005,normal,f1@0.75,0.2947934805132947
VID27_s15_160_crop,frac0.005,normal,miou,0.6668484301386125
VID27_s15_160_crop,frac0.005,normal,n_gt,7.954545454545454
VID27_s15_160_crop,frac0.005,normal,n_pred,8.727272727272727
VID27_s15_160_crop,frac0.005,normal,n_reg,9.636363636363637
VID27_s15_160_crop,frac0.005,rgb,f1@0.5,0.6802356734174916
VID27_s15_160_crop,frac0.005,rgb,f1@0.75,0.5832606787152241
VID27_s15_160_crop,frac0.005,rgb,miou,0.543836470349112
VID27_s15_160_crop,frac0.005,rgb,n_gt,7.954545454545454
VID27_s15_160_crop,frac0.005,rgb,n_pred,5.454545454545454
VID27_s15_160_crop,frac0.005,rgb,n_reg,6.227272727272728
VID27_s15_160_crop,px300,depth,f1@0.5,0.4979322148439795
VID27_s15_160_crop,px300,depth,f1@0.75,0.1754079254079254
VID27_s15_160_crop,px300,depth,miou,0.5107333756899202
VID27_s15_160_crop,px300,depth,n_gt,8.318181818181818
VID27_s15_160_crop,px300,depth,n_pred,6.0
VID27_s15_160_crop,px300,depth,n_reg,6.0
VID27_s15_160_crop,px300,normal,f1@0.5,0.3860677205491447
VID27_s15_160_crop,px300,normal,f1@0.75,0.2759631922944616
VID27_s15_160_crop,px300,normal,miou,0.6668484301386125
VID27_s15_160_crop,px300,normal,n_gt,8.318181818181818
VID27_s15_160_crop,px300,normal,n_pred,9.545454545454543
VID27_s15_160_crop,px300,normal,n_reg,9.636363636363637
VID27_s15_160_crop,px300,rgb,f1@0.5,0.6439621652856947
VID27_s15_160_crop,px300,rgb,f1@0.75,0.5524744862980158
VID27_s15_160_crop,px300,rgb,miou,0.543836470349112
VID27_s15_160_crop,px300,rgb,n_gt,8.318181818181818
VID27_s15_160_crop,px300,rgb,n_pred,5.818181818181818
VID27_s15_160_crop,px300,rgb,n_reg,6.227272727272728
VID27_s15_400_crop,frac0,depth,f1@0.5,0.5186947794431978
VID27_s15_400_crop,frac0,depth,f1@0.75,0.2785732282703611
VID27_s15_400_crop,frac0,depth,miou,0.4553289158023372
VID27_s15_400_crop,frac0,depth,n_gt,12.176470588235292
VID27_s15_400_crop,frac0,depth,n_pred,5.823529411764706
VID27_s15_400_crop,frac0,depth,n_reg,5.823529411764706
VID27_s15_400_crop,frac0,normal,f1@0.5,0.7004278649545799
VID27_s15_400_crop,frac0,normal,f1@0.75,0.4782663946597459
VID27_s15_400_crop,frac0,normal,miou,0.6846222931233534
VID27_s15_400_crop,frac0,normal,n_gt,12.176470588235292
VID27_s15_400_crop,frac0,normal,n_pred,10.882352941176473
VID27_s15_400_crop,frac0,normal,n_reg,10.882352941176473
VID27_s15_400_crop,frac0,rgb,f1@0.5,0.6232131161501675
VID27_s15_400_crop,frac0,rgb,f1@0.75,0.4443821876009814
VID27_s15_400_crop,frac0,rgb,miou,0.8194347529946002
VID27_s15_400_crop,frac0,rgb,n_gt,12.176470588235292
VID27_s15_400_crop,frac0,rgb,n_pred,14.058823529411764
VID27_s15_400_crop,frac0,rgb,n_reg,14.058823529411764
VID27_s15_400_crop,frac0.001,depth,f1@0.5,0.5416246825905319
VID27_s15_400_crop,frac0.001,depth,f1@0.75,0.2903126327227425
VID27_s15_400_crop,frac0.001,depth,miou,0.4553289158023372
VID27_s15_400_crop,frac0.001,depth,n_gt,11.529411764705882
VID27_s15_400_crop,frac0.001,depth,n_pred,5.647058823529412
VID27_s15_400_crop,frac0.001,depth,n_reg,5.823529411764706
VID27_s15_400_crop,frac0.001,normal,f1@0.5,0.7209166747462614
VID27_s15_400_crop,frac0.001,normal,f1@0.75,0.4921966951849842
VID27_s15_400_crop,frac0.001,normal,miou,0.6846222931233534
VID27_s15_400_crop,frac0.001,normal,n_gt,11.529411764705882
VID27_s15_400_crop,frac0.001,normal,n_pred,10.764705882352942
VID27_s15_400_crop,frac0.001,normal,n_reg,10.882352941176473
VID27_s15_400_crop,frac0.001,rgb,f1@0.5,0.6510636928993927
VID27_s15_400_crop,frac0.001,rgb,f1@0.75,0.4641641742300971
VID27_s15_400_crop,frac0.001,rgb,miou,0.8194347529946002
VID27_s15_400_crop,frac0.001,rgb,n_gt,11.529411764705882
VID27_s15_400_crop,frac0.001,rgb,n_pred,13.470588235294118
VID27_s15_400_crop,frac0.001,rgb,n_reg,14.058823529411764
VID27_s15_400_crop,frac0.005,depth,f1@0.5,0.6030602312153942
VID27_s15_400_crop,frac0.005,depth,f1@0.75,0.3243308442907787
VID27_s15_400_crop,frac0.005,depth,miou,0.4553289158023372
VID27_s15_400_crop,frac0.005,depth,n_gt,10.352941176470589
VID27_s15_400_crop,frac0.005,depth,n_pred,5.0588235294117645
VID27_s15_400_crop,frac0.005,depth,n_reg,5.823529411764706
VID27_s15_400_crop,frac0.005,normal,f1@0.5,0.7728851190986068
VID27_s15_400_crop,frac0.005,normal,f1@0.75,0.5301716907552148
VID27_s15_400_crop,frac0.005,normal,miou,0.6846222931233534
VID27_s15_400_crop,frac0.005,normal,n_gt,10.352941176470589
VID27_s15_400_crop,frac0.005,normal,n_pred,10.117647058823527
VID27_s15_400_crop,frac0.005,normal,n_reg,10.882352941176473
VID27_s15_400_crop,frac0.005,rgb,f1@0.5,0.6927948367173027
VID27_s15_400_crop,frac0.005,rgb,f1@0.75,0.5008198912358288
VID27_s15_400_crop,frac0.005,rgb,miou,0.8194347529946002
VID27_s15_400_crop,frac0.005,rgb,n_gt,10.352941176470589
VID27_s15_400_crop,frac0.005,rgb,n_pred,12.588235294117649
VID27_s15_400_crop,frac0.005,rgb,n_reg,14.058823529411764
VID27_s15_400_crop,px300,depth,f1@0.5,0.5476700597431754
VID27_s15_400_crop,px300,depth,f1@0.75,0.2931430875428167
VID27_s15_400_crop,px300,depth,miou,0.4553289158023372
VID27_s15_400_crop,px300,depth,n_gt,11.411764705882351
VID27_s15_400_crop,px300,depth,n_pred,5.588235294117647
VID27_s15_400_crop,px300,depth,n_reg,5.823529411764706
VID27_s15_400_crop,px300,normal,f1@0.5,0.7250176036553746
VID27_s15_400_crop,px300,normal,f1@0.75,0.495552503911637
VID27_s15_400_crop,px300,normal,miou,0.6846222931233534
VID27_s15_400_crop,px300,normal,n_gt,11.411764705882351
VID27_s15_400_crop,px300,normal,n_pred,10.764705882352942
VID27_s15_400_crop,px300,normal,n_reg,10.882352941176473
VID27_s15_400_crop,px300,rgb,f1@0.5,0.6543301706671493
VID27_s15_400_crop,px300,rgb,f1@0.75,0.4709935511617759
VID27_s15_400_crop,px300,rgb,miou,0.8194347529946002
VID27_s15_400_crop,px300,rgb,n_gt,11.411764705882351
VID27_s15_400_crop,px300,rgb,n_pred,13.294117647058824
VID27_s15_400_crop,px300,rgb,n_reg,14.058823529411764
VID28_s15_0_crop,frac0,depth,f1@0.5,0.3504464054464054
VID28_s15_0_crop,frac0,depth,f1@0.75,0.137037037037037
VID28_s15_0_crop,frac0,depth,miou,0.4290491391311866
VID28_s15_0_crop,frac0,depth,n_gt,6.7
VID28_s15_0_crop,frac0,depth,n_pred,3.7
VID28_s15_0_crop,frac0,depth,n_reg,3.7
VID28_s15_0_crop,frac0,normal,f1@0.5,0.427374069285834
VID28_s15_0_crop,frac0,normal,f1@0.75,0.1689429361488185
VID28_s15_0_crop,frac0,normal,miou,0.5368608568187315
VID28_s15_0_crop,frac0,normal,n_gt,6.7
VID28_s15_0_crop,frac0,normal,n_pred,6.0
VID28_s15_0_crop,frac0,normal,n_reg,6.0
VID28_s15_0_crop,frac0,rgb,f1@0.5,0.2685998969082381
VID28_s15_0_crop,frac0,rgb,f1@0.75,0.0941049257963154
VID28_s15_0_crop,frac0,rgb,miou,0.5036201542571137
VID28_s15_0_crop,frac0,rgb,n_gt,6.7
VID28_s15_0_crop,frac0,rgb,n_pred,16.1
VID28_s15_0_crop,frac0,rgb,n_reg,16.1
VID28_s15_0_crop,frac0.001,depth,f1@0.5,0.3635127835127835
VID28_s15_0_crop,frac0.001,depth,f1@0.75,0.1459259259259259
VID28_s15_0_crop,frac0.001,depth,miou,0.4290491391311866
VID28_s15_0_crop,frac0.001,depth,n_gt,6.333333333333333
VID28_s15_0_crop,frac0.001,depth,n_pred,3.7
VID28_s15_0_crop,frac0.001,depth,n_reg,3.7
VID28_s15_0_crop,frac0.001,normal,f1@0.5,0.4527598327598328
VID28_s15_0_crop,frac0.001,normal,f1@0.75,0.1817316942316942
VID28_s15_0_crop,frac0.001,normal,miou,0.5368608568187315
VID28_s15_0_crop,frac0.001,normal,n_gt,6.333333333333333
VID28_s15_0_crop,frac0.001,normal,n_pred,5.7
VID28_s15_0_crop,frac0.001,normal,n_reg,6.0
VID28_s15_0_crop,frac0.001,rgb,f1@0.5,0.2903961614573367
VID28_s15_0_crop,frac0.001,rgb,f1@0.75,0.1034431346162686
VID28_s15_0_crop,frac0.001,rgb,miou,0.5036201542571137
VID28_s15_0_crop,frac0.001,rgb,n_gt,6.333333333333333
VID28_s15_0_crop,frac0.001,rgb,n_pred,14.566666666666666
VID28_s15_0_crop,frac0.001,rgb,n_reg,16.1
VID28_s15_0_crop,frac0.005,depth,f1@0.5,0.3715334665334665
VID28_s15_0_crop,frac0.005,depth,f1@0.75,0.1497089947089947
VID28_s15_0_crop,frac0.005,depth,miou,0.4290491391311866
VID28_s15_0_crop,frac0.005,depth,n_gt,6.133333333333334
VID28_s15_0_crop,frac0.005,depth,n_pred,3.7
VID28_s15_0_crop,frac0.005,depth,n_reg,3.7
VID28_s15_0_crop,frac0.005,normal,f1@0.5,0.4824717874717875
VID28_s15_0_crop,frac0.005,normal,f1@0.75,0.1955895955895955
VID28_s15_0_crop,frac0.005,normal,miou,0.5368608568187315
VID28_s15_0_crop,frac0.005,normal,n_gt,6.133333333333334
VID28_s15_0_crop,frac0.005,normal,n_pred,5.2
VID28_s15_0_crop,frac0.005,normal,n_reg,6.0
VID28_s15_0_crop,frac0.005,rgb,f1@0.5,0.3486002115646078
VID28_s15_0_crop,frac0.005,rgb,f1@0.75,0.1200633622769845
VID28_s15_0_crop,frac0.005,rgb,miou,0.5036201542571137
VID28_s15_0_crop,frac0.005,rgb,n_gt,6.133333333333334
VID28_s15_0_crop,frac0.005,rgb,n_pred,9.833333333333334
VID28_s15_0_crop,frac0.005,rgb,n_reg,16.1
VID28_s15_0_crop,px300,depth,f1@0.5,0.3641188441188441
VID28_s15_0_crop,px300,depth,f1@0.75,0.1459259259259259
VID28_s15_0_crop,px300,depth,miou,0.4290491391311866
VID28_s15_0_crop,px300,depth,n_gt,6.3
VID28_s15_0_crop,px300,depth,n_pred,3.7
VID28_s15_0_crop,px300,depth,n_reg,3.7
VID28_s15_0_crop,px300,normal,f1@0.5,0.4564228364228364
VID28_s15_0_crop,px300,normal,f1@0.75,0.1828305953305953
VID28_s15_0_crop,px300,normal,miou,0.5368608568187315
VID28_s15_0_crop,px300,normal,n_gt,6.3
VID28_s15_0_crop,px300,normal,n_pred,5.633333333333334
VID28_s15_0_crop,px300,normal,n_reg,6.0
VID28_s15_0_crop,px300,rgb,f1@0.5,0.2932013279683856
VID28_s15_0_crop,px300,rgb,f1@0.75,0.1045066266797607
VID28_s15_0_crop,px300,rgb,miou,0.5036201542571137
VID28_s15_0_crop,px300,rgb,n_gt,6.3
VID28_s15_0_crop,px300,rgb,n_pred,14.366666666666667
VID28_s15_0_crop,px300,rgb,n_reg,16.1
VID35_s15_780_crop,frac0,depth,f1@0.5,0.4797702297702297
VID35_s15_780_crop,frac0,depth,f1@0.75,0.1240634365634365
VID35_s15_780_crop,frac0,depth,miou,0.4026748982845964
VID35_s15_780_crop,frac0,depth,n_gt,6.3125
VID35_s15_780_crop,frac0,depth,n_pred,5.8125
VID35_s15_780_crop,frac0,depth,n_reg,5.8125
VID35_s15_780_crop,frac0,normal,f1@0.5,0.6418831168831169
VID35_s15_780_crop,frac0,normal,f1@0.75,0.5335955710955711
VID35_s15_780_crop,frac0,normal,miou,0.8591675672753789
VID35_s15_780_crop,frac0,normal,n_gt,6.3125
VID35_s15_780_crop,frac0,normal,n_pred,6.4375
VID35_s15_780_crop,frac0,normal,n_reg,6.4375
VID35_s15_780_crop,frac0,rgb,f1@0.5,0.6174938725490197
VID35_s15_780_crop,frac0,rgb,f1@0.75,0.3906760620915032
VID35_s15_780_crop,frac0,rgb,miou,0.9157747035954448
VID35_s15_780_crop,frac0,rgb,n_gt,6.3125
VID35_s15_780_crop,frac0,rgb,n_pred,10.3125
VID35_s15_780_crop,frac0,rgb,n_reg,10.3125
VID35_s15_780_crop,frac0.001,depth,f1@0.5,0.5049388111888111
VID35_s15_780_crop,frac0.001,depth,f1@0.75,0.132298951048951
VID35_s15_780_crop,frac0.001,depth,miou,0.4026748982845964
VID35_s15_780_crop,frac0.001,depth,n_gt,5.875
VID35_s15_780_crop,frac0.001,depth,n_pred,5.625
VID35_s15_780_crop,frac0.001,depth,n_reg,5.8125
VID35_s15_780_crop,frac0.001,normal,f1@0.5,0.6955065767565768
VID35_s15_780_crop,frac0.001,normal,f1@0.75,0.5763195138195139
VID35_s15_780_crop,frac0.001,normal,miou,0.8591675672753789
VID35_s15_780_crop,frac0.001,normal,n_gt,5.875
VID35_s15_780_crop,frac0.001,normal,n_pred,5.9375
VID35_s15_780_crop,frac0.001,normal,n_reg,6.4375
VID35_s15_780_crop,frac0.001,rgb,f1@0.5,0.6927470507433743
VID35_s15_780_crop,frac0.001,rgb,f1@0.75,0.4398291047188106
VID35_s15_780_crop,frac0.001,rgb,miou,0.9157747035954448
VID35_s15_780_crop,frac0.001,rgb,n_gt,5.875
VID35_s15_780_crop,frac0.001,rgb,n_pred,9.0
VID35_s15_780_crop,frac0.001,rgb,n_reg,10.3125
VID35_s15_780_crop,frac0.005,depth,f1@0.5,0.5673368298368298
VID35_s15_780_crop,frac0.005,depth,f1@0.75,0.1505876068376068
VID35_s15_780_crop,frac0.005,depth,miou,0.4026748982845964
VID35_s15_780_crop,frac0.005,depth,n_gt,5.4375
VID35_s15_780_crop,frac0.005,depth,n_pred,4.875
VID35_s15_780_crop,frac0.005,depth,n_reg,5.8125
VID35_s15_780_crop,frac0.005,normal,f1@0.5,0.7353778166278166
VID35_s15_780_crop,frac0.005,normal,f1@0.75,0.6198912198912199
VID35_s15_780_crop,frac0.005,normal,miou,0.8591675672753789
VID35_s15_780_crop,frac0.005,normal,n_gt,5.4375
VID35_s15_780_crop,frac0.005,normal,n_pred,5.625
VID35_s15_780_crop,frac0.005,normal,n_reg,6.4375
VID35_s15_780_crop,frac0.005,rgb,f1@0.5,0.7455357142857143
VID35_s15_780_crop,frac0.005,rgb,f1@0.75,0.463507326007326
VID35_s15_780_crop,frac0.005,rgb,miou,0.9157747035954448
VID35_s15_780_crop,frac0.005,rgb,n_gt,5.4375
VID35_s15_780_crop,frac0.005,rgb,n_pred,7.875
VID35_s15_780_crop,frac0.005,rgb,n_reg,10.3125
VID35_s15_780_crop,px300,depth,f1@0.5,0.5263403263403263
VID35_s15_780_crop,px300,depth,f1@0.75,0.1394327894327894
VID35_s15_780_crop,px300,depth,miou,0.4026748982845964
VID35_s15_780_crop,px300,depth,n_gt,5.75
VID35_s15_780_crop,px300,depth,n_pred,5.375
VID35_s15_780_crop,px300,depth,n_reg,5.8125
VID35_s15_780_crop,px300,normal,f1@0.5,0.7022082084582084
VID35_s15_780_crop,px300,normal,f1@0.75,0.5899413086913087
VID35_s15_780_crop,px300,normal,miou,0.8591675672753789
VID35_s15_780_crop,px300,normal,n_gt,5.75
VID35_s15_780_crop,px300,normal,n_pred,5.8125
VID35_s15_780_crop,px300,normal,n_reg,6.4375
VID35_s15_780_crop,px300,rgb,f1@0.5,0.6953040831717302
VID35_s15_780_crop,px300,rgb,f1@0.75,0.4314853345184227
VID35_s15_780_crop,px300,rgb,miou,0.9157747035954448
VID35_s15_780_crop,px300,rgb,n_gt,5.75
VID35_s15_780_crop,px300,rgb,n_pred,8.5625
VID35_s15_780_crop,px300,rgb,n_reg,10.3125
VID37_s15_528_crop,frac0,depth,f1@0.5,0.2090471210935607
VID37_s15_528_crop,frac0,depth,f1@0.75,0.167815986215367
VID37_s15_528_crop,frac0,depth,miou,0.3211045423909589
VID37_s15_528_crop,frac0,depth,n_gt,9.68
VID37_s15_528_crop,frac0,depth,n_pred,2.96
VID37_s15_528_crop,frac0,depth,n_reg,2.96
VID37_s15_528_crop,frac0,normal,f1@0.5,0.2054510219951598
VID37_s15_528_crop,frac0,normal,f1@0.75,0.1159331682092753
VID37_s15_528_crop,frac0,normal,miou,0.5144864424161709
VID37_s15_528_crop,frac0,normal,n_gt,9.68
VID37_s15_528_crop,frac0,normal,n_pred,8.64
VID37_s15_528_crop,frac0,normal,n_reg,8.64
VID37_s15_528_crop,frac0,rgb,f1@0.5,0.3884898588546654
VID37_s15_528_crop,frac0,rgb,f1@0.75,0.16197675404044
VID37_s15_528_crop,frac0,rgb,miou,0.8281335132667058
VID37_s15_528_crop,frac0,rgb,n_gt,9.68
VID37_s15_528_crop,frac0,rgb,n_pred,14.76
VID37_s15_528_crop,frac0,rgb,n_reg,14.76
VID37_s15_528_crop,frac0.001,depth,f1@0.5,0.2477373737373737
VID37_s15_528_crop,frac0.001,depth,f1@0.75,0.1988484848484848
VID37_s15_528_crop,frac0.001,depth,miou,0.3211045423909589
VID37_s15_528_crop,frac0.001,depth,n_gt,7.2
VID37_s15_528_crop,frac0.001,depth,n_pred,2.96
VID37_s15_528_crop,frac0.001,depth,n_reg,2.96
VID37_s15_528_crop,frac0.001,normal,f1@0.5,0.2490902822667528
VID37_s15_528_crop,frac0.001,normal,f1@0.75,0.1398758888170652
VID37_s15_528_crop,frac0.001,normal,miou,0.5144864424161709
VID37_s15_528_crop,frac0.001,normal,n_gt,7.2
VID37_s15_528_crop,frac0.001,normal,n_pred,7.72
VID37_s15_528_crop,frac0.001,normal,n_reg,8.64
VID37_s15_528_crop,frac0.001,rgb,f1@0.5,0.4338519724095172
VID37_s15_528_crop,frac0.001,rgb,f1@0.75,0.1801717430055026
VID37_s15_528_crop,frac0.001,rgb,miou,0.8281335132667058
VID37_s15_528_crop,frac0.001,rgb,n_gt,7.2
VID37_s15_528_crop,frac0.001,rgb,n_pred,14.44
VID37_s15_528_crop,frac0.001,rgb,n_reg,14.76
VID37_s15_528_crop,frac0.005,depth,f1@0.5,0.2534747474747474
VID37_s15_528_crop,frac0.005,depth,f1@0.75,0.2039797979797979
VID37_s15_528_crop,frac0.005,depth,miou,0.3211045423909589
VID37_s15_528_crop,frac0.005,depth,n_gt,6.92
VID37_s15_528_crop,frac0.005,depth,n_pred,2.96
VID37_s15_528_crop,frac0.005,depth,n_reg,2.96
VID37_s15_528_crop,frac0.005,normal,f1@0.5,0.265010989010989
VID37_s15_528_crop,frac0.005,normal,f1@0.75,0.1496483516483516
VID37_s15_528_crop,frac0.005,normal,miou,0.5144864424161709
VID37_s15_528_crop,frac0.005,normal,n_gt,6.92
VID37_s15_528_crop,frac0.005,normal,n_pred,6.96
VID37_s15_528_crop,frac0.005,normal,n_reg,8.64
VID37_s15_528_crop,frac0.005,rgb,f1@0.5,0.4689424951590788
VID37_s15_528_crop,frac0.005,rgb,f1@0.75,0.1934777917824088
VID37_s15_528_crop,frac0.005,rgb,miou,0.8281335132667058
VID37_s15_528_crop,frac0.005,rgb,n_gt,6.92
VID37_s15_528_crop,frac0.005,rgb,n_pred,13.0
VID37_s15_528_crop,frac0.005,rgb,n_reg,14.76
VID37_s15_528_crop,px300,depth,f1@0.5,0.2484646464646464
VID37_s15_528_crop,px300,depth,f1@0.75,0.1995757575757575
VID37_s15_528_crop,px300,depth,miou,0.3211045423909589
VID37_s15_528_crop,px300,depth,n_gt,7.16
VID37_s15_528_crop,px300,depth,n_pred,2.96
VID37_s15_528_crop,px300,depth,n_reg,2.96
VID37_s15_528_crop,px300,normal,f1@0.5,0.2500902822667529
VID37_s15_528_crop,px300,normal,f1@0.75,0.1405425554837319
VID37_s15_528_crop,px300,normal,miou,0.5144864424161709
VID37_s15_528_crop,px300,normal,n_gt,7.16
VID37_s15_528_crop,px300,normal,n_pred,7.68
VID37_s15_528_crop,px300,normal,n_reg,8.64
VID37_s15_528_crop,px300,rgb,f1@0.5,0.4355370150556581
VID37_s15_528_crop,px300,rgb,f1@0.75,0.1809614247196694
VID37_s15_528_crop,px300,rgb,miou,0.8281335132667058
VID37_s15_528_crop,px300,rgb,n_gt,7.16
VID37_s15_528_crop,px300,rgb,n_pred,14.4
VID37_s15_528_crop,px300,rgb,n_reg,14.76
VID43_s15_387_crop,frac0,depth,f1@0.5,0.7247704227889986
VID43_s15_387_crop,frac0,depth,f1@0.75,0.5163112177353664
VID43_s15_387_crop,frac0,depth,miou,0.6797364244469173
VID43_s15_387_crop,frac0,depth,n_gt,9.3
VID43_s15_387_crop,frac0,depth,n_pred,6.733333333333333
VID43_s15_387_crop,frac0,depth,n_reg,6.733333333333333
VID43_s15_387_crop,frac0,normal,f1@0.5,0.7449911576685032
VID43_s15_387_crop,frac0,normal,f1@0.75,0.5205967724960859
VID43_s15_387_crop,frac0,normal,miou,0.8559933789222931
VID43_s15_387_crop,frac0,normal,n_gt,9.3
VID43_s15_387_crop,frac0,normal,n_pred,7.733333333333333
VID43_s15_387_crop,frac0,normal,n_reg,7.733333333333333
VID43_s15_387_crop,frac0,rgb,f1@0.5,0.5408424865682275
VID43_s15_387_crop,frac0,rgb,f1@0.75,0.3481822411010615
VID43_s15_387_crop,frac0,rgb,miou,0.9026076425842928
VID43_s15_387_crop,frac0,rgb,n_gt,9.3
VID43_s15_387_crop,frac0,rgb,n_pred,14.8
VID43_s15_387_crop,frac0,rgb,n_reg,14.8
VID43_s15_387_crop,frac0.001,depth,f1@0.5,0.7543000549502098
VID43_s15_387_crop,frac0.001,depth,f1@0.75,0.5406191950464396
VID43_s15_387_crop,frac0.001,depth,miou,0.6797364244469173
VID43_s15_387_crop,frac0.001,depth,n_gt,8.7
VID43_s15_387_crop,frac0.001,depth,n_pred,6.6
VID43_s15_387_crop,frac0.001,depth,n_reg,6.733333333333333
VID43_s15_387_crop,frac0.001,normal,f1@0.5,0.7751506551583951
VID43_s15_387_crop,frac0.001,normal,f1@0.75,0.5410209681958909
VID43_s15_387_crop,frac0.001,normal,miou,0.8559933789222931
VID43_s15_387_crop,frac0.001,normal,n_gt,8.7
VID43_s15_387_crop,frac0.001,normal,n_pred,7.633333333333334
VID43_s15_387_crop,frac0.001,normal,n_reg,7.733333333333333
VID43_s15_387_crop,frac0.001,rgb,f1@0.5,0.5814784247873492
VID43_s15_387_crop,frac0.001,rgb,f1@0.75,0.3734765807122786
VID43_s15_387_crop,frac0.001,rgb,miou,0.9026076425842928
VID43_s15_387_crop,frac0.001,rgb,n_gt,8.7
VID43_s15_387_crop,frac0.001,rgb,n_pred,13.7
VID43_s15_387_crop,frac0.001,rgb,n_reg,14.8
VID43_s15_387_crop,frac0.005,depth,f1@0.5,0.7993247819718408
VID43_s15_387_crop,frac0.005,depth,f1@0.75,0.5764046900811607
VID43_s15_387_crop,frac0.005,depth,miou,0.6797364244469173
VID43_s15_387_crop,frac0.005,depth,n_gt,7.633333333333334
VID43_s15_387_crop,frac0.005,depth,n_pred,6.433333333333334
VID43_s15_387_crop,frac0.005,depth,n_reg,6.733333333333333
VID43_s15_387_crop,frac0.005,normal,f1@0.5,0.8177165753636342
VID43_s15_387_crop,frac0.005,normal,f1@0.75,0.575755829138182
VID43_s15_387_crop,frac0.005,normal,miou,0.8559933789222931
VID43_s15_387_crop,frac0.005,normal,n_gt,7.633333333333334
VID43_s15_387_crop,frac0.005,normal,n_pred,7.566666666666666
VID43_s15_387_crop,frac0.005,normal,n_reg,7.733333333333333
VID43_s15_387_crop,frac0.005,rgb,f1@0.5,0.6760343521213087
VID43_s15_387_crop,frac0.005,rgb,f1@0.75,0.4348931382627035
VID43_s15_387_crop,frac0.005,rgb,miou,0.9026076425842928
VID43_s15_387_crop,frac0.005,rgb,n_gt,7.633333333333334
VID43_s15_387_crop,frac0.005,rgb,n_pred,11.233333333333333
VID43_s15_387_crop,frac0.005,rgb,n_reg,14.8
VID43_s15_387_crop,px300,depth,f1@0.5,0.7557652564154113
VID43_s15_387_crop,px300,depth,f1@0.75,0.5420843965116411
VID43_s15_387_crop,px300,depth,miou,0.6797364244469173
VID43_s15_387_crop,px300,depth,n_gt,8.666666666666666
VID43_s15_387_crop,px300,depth,n_pred,6.6
VID43_s15_387_crop,px300,depth,n_reg,6.733333333333333
VID43_s15_387_crop,px300,normal,f1@0.5,0.7770950996028395
VID43_s15_387_crop,px300,normal,f1@0.75,0.5424098570847796
VID43_s15_387_crop,px300,normal,miou,0.8559933789222931
VID43_s15_387_crop,px300,normal,n_gt,8.666666666666666
VID43_s15_387_crop,px300,normal,n_pred,7.633333333333334
VID43_s15_387_crop,px300,normal,n_reg,7.733333333333333
VID43_s15_387_crop,px300,rgb,f1@0.5,0.5901699184788429
VID43_s15_387_crop,px300,rgb,f1@0.75,0.3793919246276225
VID43_s15_387_crop,px300,rgb,miou,0.9026076425842928
VID43_s15_387_crop,px300,rgb,n_gt,8.666666666666666
VID43_s15_387_crop,px300,rgb,n_pred,13.433333333333334
VID43_s15_387_crop,px300,rgb,n_reg,14.8
VID43_s15_67_crop,frac0,depth,f1@0.5,0.6084334873932398
VID43_s15_67_crop,frac0,depth,f1@0.75,0.3604188683693328
VID43_s15_67_crop,frac0,depth,miou,0.6734392134677043
VID43_s15_67_crop,frac0,depth,n_gt,7.36
VID43_s15_67_crop,frac0,depth,n_pred,7.0
VID43_s15_67_crop,frac0,depth,n_reg,7.0
VID43_s15_67_crop,frac0,normal,f1@0.5,0.5652026971996011
VID43_s15_67_crop,frac0,normal,f1@0.75,0.4145247576640765
VID43_s15_67_crop,frac0,normal,miou,0.6424901718212489
VID43_s15_67_crop,frac0,normal,n_gt,7.36
VID43_s15_67_crop,frac0,normal,n_pred,8.48
VID43_s15_67_crop,frac0,normal,n_reg,8.48
VID43_s15_67_crop,frac0,rgb,f1@0.5,0.4870608058608059
VID43_s15_67_crop,frac0,rgb,f1@0.75,0.3561100831535613
VID43_s15_67_crop,frac0,rgb,miou,0.8540877494632275
VID43_s15_67_crop,frac0,rgb,n_gt,7.36
VID43_s15_67_crop,frac0,rgb,n_pred,14.44
VID43_s15_67_crop,frac0,rgb,n_reg,14.44
VID43_s15_67_crop,frac0.001,depth,f1@0.5,0.6519083465554054
VID43_s15_67_crop,frac0.001,depth,f1@0.75,0.3823484685249391
VID43_s15_67_crop,frac0.001,depth,miou,0.6734392134677043
VID43_s15_67_crop,frac0.001,depth,n_gt,6.72
VID43_s15_67_crop,frac0.001,depth,n_pred,6.48
VID43_s15_67_crop,frac0.001,depth,n_reg,7.0
VID43_s15_67_crop,frac0.001,normal,f1@0.5,0.6262293894615876
VID43_s15_67_crop,frac0.001,normal,f1@0.75,0.4563376767711133
VID43_s15_67_crop,frac0.001,normal,miou,0.6424901718212489
VID43_s15_67_crop,frac0.001,normal,n_gt,6.72
VID43_s15_67_crop,frac0.001,normal,n_pred,7.36
VID43_s15_67_crop,frac0.001,normal,n_reg,8.48
VID43_s15_67_crop,frac0.001,rgb,f1@0.5,0.5455794512243564
VID43_s15_67_crop,frac0.001,rgb,f1@0.75,0.3970597325678763
VID43_s15_67_crop,frac0.001,rgb,miou,0.8540877494632275
VID43_s15_67_crop,frac0.001,rgb,n_gt,6.72
VID43_s15_67_crop,frac0.001,rgb,n_pred,12.76
VID43_s15_67_crop,frac0.001,rgb,n_reg,14.44
VID43_s15_67_crop,frac0.005,depth,f1@0.5,0.7072279942279942
VID43_s15_67_crop,frac0.005,depth,f1@0.75,0.4123571983571983
VID43_s15_67_crop,frac0.005,depth,miou,0.6734392134677043
VID43_s15_67_crop,frac0.005,depth,n_gt,6.04
VID43_s15_67_crop,frac0.005,depth,n_pred,5.96
VID43_s15_67_crop,frac0.005,depth,n_reg,7.0
VID43_s15_67_crop,frac0.005,normal,f1@0.5,0.672196685667274
VID43_s15_67_crop,frac0.005,normal,f1@0.75,0.5304141152964682
VID43_s15_67_crop,frac0.005,normal,miou,0.6424901718212489
VID43_s15_67_crop,frac0.005,normal,n_gt,6.04
VID43_s15_67_crop,frac0.005,normal,n_pred,6.08
VID43_s15_67_crop,frac0.005,normal,n_reg,8.48
VID43_s15_67_crop,frac0.005,rgb,f1@0.5,0.6717881650513229
VID43_s15_67_crop,frac0.005,rgb,f1@0.75,0.5004047064047064
VID43_s15_67_crop,frac0.005,rgb,miou,0.8540877494632275
VID43_s15_67_crop,frac0.005,rgb,n_gt,6.04
VID43_s15_67_crop,frac0.005,rgb,n_pred,8.92
VID43_s15_67_crop,frac0.005,rgb,n_reg,14.44
VID43_s15_67_crop,px300,depth,f1@0.5,0.655463902110961
VID43_s15_67_crop,px300,depth,f1@0.75,0.3850151351916057
VID43_s15_67_crop,px300,depth,miou,0.6734392134677043
VID43_s15_67_crop,px300,depth,n_gt,6.72
VID43_s15_67_crop,px300,depth,n_pred,6.44
VID43_s15_67_crop,px300,depth,n_reg,7.0
VID43_s15_67_crop,px300,normal,f1@0.5,0.6284516116838098
VID43_s15_67_crop,px300,normal,f1@0.75,0.4574604837886571
VID43_s15_67_crop,px300,normal,miou,0.6424901718212489
VID43_s15_67_crop,px300,normal,n_gt,6.72
VID43_s15_67_crop,px300,normal,n_pred,7.28
VID43_s15_67_crop,px300,normal,n_reg,8.48
VID43_s15_67_crop,px300,rgb,f1@0.5,0.5689476865845152
VID43_s15_67_crop,px300,rgb,f1@0.75,0.4138169196532368
VID43_s15_67_crop,px300,rgb,miou,0.8540877494632275
VID43_s15_67_crop,px300,rgb,n_gt,6.72
VID43_s15_67_crop,px300,rgb,n_pred,11.96
VID43_s15_67_crop,px300,rgb,n_reg,14.44
VID48_s15_561_crop,frac0,depth,f1@0.5,0.4386209810950295
VID48_s15_561_crop,frac0,depth,f1@0.75,0.3575600005530801
VID48_s15_561_crop,frac0,depth,miou,0.3725973489894253
VID48_s15_561_crop,frac0,depth,n_gt,10.294117647058824
VID48_s15_561_crop,frac0,depth,n_pred,4.235294117647059
VID48_s15_561_crop,frac0,depth,n_reg,4.235294117647059
VID48_s15_561_crop,frac0,normal,f1@0.5,0.4946567000655508
VID48_s15_561_crop,frac0,normal,f1@0.75,0.3324524612359251
VID48_s15_561_crop,frac0,normal,miou,0.5721748604719056
VID48_s15_561_crop,frac0,normal,n_gt,10.294117647058824
VID48_s15_561_crop,frac0,normal,n_pred,9.352941176470589
VID48_s15_561_crop,frac0,normal,n_reg,9.352941176470589
VID48_s15_561_crop,frac0,rgb,f1@0.5,0.5060052657082819
VID48_s15_561_crop,frac0,rgb,f1@0.75,0.2723973246689095
VID48_s15_561_crop,frac0,rgb,miou,0.8176993148595699
VID48_s15_561_crop,frac0,rgb,n_gt,10.294117647058824
VID48_s15_561_crop,frac0,rgb,n_pred,17.941176470588236
VID48_s15_561_crop,frac0,rgb,n_reg,17.941176470588236
VID48_s15_561_crop,frac0.001,depth,f1@0.5,0.4778334410687352
VID48_s15_561_crop,frac0.001,depth,f1@0.75,0.3886788048552754
VID48_s15_561_crop,frac0.001,depth,miou,0.3725973489894253
VID48_s15_561_crop,frac0.001,depth,n_gt,9.176470588235292
VID48_s15_561_crop,frac0.001,depth,n_pred,4.0
VID48_s15_561_crop,frac0.001,depth,n_reg,4.235294117647059
VID48_s15_561_crop,frac0.001,normal,f1@0.5,0.5305895041141651
VID48_s15_561_crop,frac0.001,normal,f1@0.75,0.3584372415239921
VID48_s15_561_crop,frac0.001,normal,miou,0.5721748604719056
VID48_s15_561_crop,frac0.001,normal,n_gt,9.176470588235292
VID48_s15_561_crop,frac0.001,normal,n_pred,8.941176470588236
VID48_s15_561_crop,frac0.001,normal,n_reg,9.352941176470589
VID48_s15_561_crop,frac0.001,rgb,f1@0.5,0.5453805354468979
VID48_s15_561_crop,frac0.001,rgb,f1@0.75,0.2960884968829113
VID48_s15_561_crop,frac0.001,rgb,miou,0.8176993148595699
VID48_s15_561_crop,frac0.001,rgb,n_gt,9.176470588235292
VID48_s15_561_crop,frac0.001,rgb,n_pred,16.764705882352942
VID48_s15_561_crop,frac0.001,rgb,n_reg,17.941176470588236
VID48_s15_561_crop,frac0.005,depth,f1@0.5,0.5005514093749388
VID48_s15_561_crop,frac0.005,depth,f1@0.75,0.4073632250102839
VID48_s15_561_crop,frac0.005,depth,miou,0.3725973489894253
VID48_s15_561_crop,frac0.005,depth,n_gt,8.705882352941176
VID48_s15_561_crop,frac0.005,depth,n_pred,3.882352941176471
VID48_s15_561_crop,frac0.005,depth,n_reg,4.235294117647059
VID48_s15_561_crop,frac0.005,normal,f1@0.5,0.5786718183777007
VID48_s15_561_crop,frac0.005,normal,f1@0.75,0.391532323885265
VID48_s15_561_crop,frac0.005,normal,miou,0.5721748604719056
VID48_s15_561_crop,frac0.005,normal,n_gt,8.705882352941176
VID48_s15_561_crop,frac0.005,normal,n_pred,7.882352941176471
VID48_s15_561_crop,frac0.005,normal,n_reg,9.352941176470589
VID48_s15_561_crop,frac0.005,rgb,f1@0.5,0.5802761487055017
VID48_s15_561_crop,frac0.005,rgb,f1@0.75,0.3153978789970027
VID48_s15_561_crop,frac0.005,rgb,miou,0.8176993148595699
VID48_s15_561_crop,frac0.005,rgb,n_gt,8.705882352941176
VID48_s15_561_crop,frac0.005,rgb,n_pred,15.176470588235292
VID48_s15_561_crop,frac0.005,rgb,n_reg,17.941176470588236
VID48_s15_561_crop,px300,depth,f1@0.5,0.4793040293040293
VID48_s15_561_crop,px300,depth,f1@0.75,0.3901493930905695
VID48_s15_561_crop,px300,depth,miou,0.3725973489894253
VID48_s15_561_crop,px300,depth,n_gt,9.117647058823527
VID48_s15_561_crop,px300,depth,n_pred,4.0
VID48_s15_561_crop,px300,depth,n_reg,4.235294117647059
VID48_s15_561_crop,px300,normal,f1@0.5,0.5334720106983811
VID48_s15_561_crop,px300,normal,f1@0.75,0.3601667454745218
VID48_s15_561_crop,px300,normal,miou,0.5721748604719056
VID48_s15_561_crop,px300,normal,n_gt,9.117647058823527
VID48_s15_561_crop,px300,normal,n_pred,8.882352941176471
VID48_s15_561_crop,px300,normal,n_reg,9.352941176470589
VID48_s15_561_crop,px300,rgb,f1@0.5,0.5464478978757403
VID48_s15_561_crop,px300,rgb,f1@0.75,0.296681476010046
VID48_s15_561_crop,px300,rgb,miou,0.8176993148595699
VID48_s15_561_crop,px300,rgb,n_gt,9.117647058823527
VID48_s15_561_crop,px300,rgb,n_pred,16.764705882352942
VID48_s15_561_crop,px300,rgb,n_reg,17.941176470588236
VID52_s15_2746_crop,frac0,depth,f1@0.5,0.3910482109423757
VID52_s15_2746_crop,frac0,depth,f1@0.75,0.2742644964684438
VID52_s15_2746_crop,frac0,depth,miou,0.3645661702778018
VID52_s15_2746_crop,frac0,depth,n_gt,14.5625
VID52_s15_2746_crop,frac0,depth,n_pred,7.6875
VID52_s15_2746_crop,frac0,depth,n_reg,7.6875
VID52_s15_2746_crop,frac0,normal,f1@0.5,0.5827282360040981
VID52_s15_2746_crop,frac0,normal,f1@0.75,0.343464450619623
VID52_s15_2746_crop,frac0,normal,miou,0.645169883065036
VID52_s15_2746_crop,frac0,normal,n_gt,14.5625
VID52_s15_2746_crop,frac0,normal,n_pred,12.6875
VID52_s15_2746_crop,frac0,normal,n_reg,12.6875
VID52_s15_2746_crop,frac0,rgb,f1@0.5,0.6732645771248713
VID52_s15_2746_crop,frac0,rgb,f1@0.75,0.556697267359032
VID52_s15_2746_crop,frac0,rgb,miou,0.9167770215911624
VID52_s15_2746_crop,frac0,rgb,n_gt,14.5625
VID52_s15_2746_crop,frac0,rgb,n_pred,19.75
VID52_s15_2746_crop,frac0,rgb,n_reg,19.75
VID52_s15_2746_crop,frac0.001,depth,f1@0.5,0.3987692799191655
VID52_s15_2746_crop,frac0.001,depth,f1@0.75,0.279942073563355
VID52_s15_2746_crop,frac0.001,depth,miou,0.3645661702778018
VID52_s15_2746_crop,frac0.001,depth,n_gt,14.125
VID52_s15_2746_crop,frac0.001,depth,n_pred,7.6875
VID52_s15_2746_crop,frac0.001,depth,n_reg,7.6875
VID52_s15_2746_crop,frac0.001,normal,f1@0.5,0.596397792022792
VID52_s15_2746_crop,frac0.001,normal,f1@0.75,0.3511533374033374
VID52_s15_2746_crop,frac0.001,normal,miou,0.645169883065036
VID52_s15_2746_crop,frac0.001,normal,n_gt,14.125
VID52_s15_2746_crop,frac0.001,normal,n_pred,12.5
VID52_s15_2746_crop,frac0.001,normal,n_reg,12.6875
VID52_s15_2746_crop,frac0.001,rgb,f1@0.5,0.7297256107924007
VID52_s15_2746_crop,frac0.001,rgb,f1@0.75,0.6023858113310548
VID52_s15_2746_crop,frac0.001,rgb,miou,0.9167770215911624
VID52_s15_2746_crop,frac0.001,rgb,n_gt,14.125
VID52_s15_2746_crop,frac0.001,rgb,n_pred,17.5
VID52_s15_2746_crop,frac0.001,rgb,n_reg,19.75
VID52_s15_2746_crop,frac0.005,depth,f1@0.5,0.4166114511992995
VID52_s15_2746_crop,frac0.005,depth,f1@0.75,0.2902505679305215
VID52_s15_2746_crop,frac0.005,depth,miou,0.3645661702778018
VID52_s15_2746_crop,frac0.005,depth,n_gt,13.0
VID52_s15_2746_crop,frac0.005,depth,n_pred,7.125
VID52_s15_2746_crop,frac0.005,depth,n_reg,7.6875
VID52_s15_2746_crop,frac0.005,normal,f1@0.5,0.6335200035471775
VID52_s15_2746_crop,frac0.005,normal,f1@0.75,0.3956186657545353
VID52_s15_2746_crop,frac0.005,normal,miou,0.645169883065036
VID52_s15_2746_crop,frac0.005,normal,n_gt,13.0
VID52_s15_2746_crop,frac0.005,normal,n_pred,10.75
VID52_s15_2746_crop,frac0.005,normal,n_reg,12.6875
VID52_s15_2746_crop,frac0.005,rgb,f1@0.5,0.8643851820482256
VID52_s15_2746_crop,frac0.005,rgb,f1@0.75,0.7257619675010979
VID52_s15_2746_crop,frac0.005,rgb,miou,0.9167770215911624
VID52_s15_2746_crop,frac0.005,rgb,n_gt,13.0
VID52_s15_2746_crop,frac0.005,rgb,n_pred,12.875
VID52_s15_2746_crop,frac0.005,rgb,n_reg,19.75
VID52_s15_2746_crop,px300,depth,f1@0.5,0.4022277779428809
VID52_s15_2746_crop,px300,depth,f1@0.75,0.2821653937214577
VID52_s15_2746_crop,px300,depth,miou,0.3645661702778018
VID52_s15_2746_crop,px300,depth,n_gt,13.9375
VID52_s15_2746_crop,px300,depth,n_pred,7.6875
VID52_s15_2746_crop,px300,depth,n_reg,7.6875
VID52_s15_2746_crop,px300,normal,f1@0.5,0.6034801078551079
VID52_s15_2746_crop,px300,normal,f1@0.75,0.3556364468864468
VID52_s15_2746_crop,px300,normal,miou,0.645169883065036
VID52_s15_2746_crop,px300,normal,n_gt,13.9375
VID52_s15_2746_crop,px300,normal,n_pred,12.375
VID52_s15_2746_crop,px300,normal,n_reg,12.6875
VID52_s15_2746_crop,px300,rgb,f1@0.5,0.7417302010297495
VID52_s15_2746_crop,px300,rgb,f1@0.75,0.612631735199754
VID52_s15_2746_crop,px300,rgb,miou,0.9167770215911624
VID52_s15_2746_crop,px300,rgb,n_gt,13.9375
VID52_s15_2746_crop,px300,rgb,n_pred,17.1875
VID52_s15_2746_crop,px300,rgb,n_reg,19.75
VID52_s15_80_crop,frac0,depth,f1@0.5,0.6420714367618392
VID52_s15_80_crop,frac0,depth,f1@0.75,0.4120181171883958
VID52_s15_80_crop,frac0,depth,miou,0.7841235600108092
VID52_s15_80_crop,frac0,depth,n_gt,8.633333333333333
VID52_s15_80_crop,frac0,depth,n_pred,9.366666666666667
VID52_s15_80_crop,frac0,depth,n_reg,9.366666666666667
VID52_s15_80_crop,frac0,normal,f1@0.5,0.6641812046456009
VID52_s15_80_crop,frac0,normal,f1@0.75,0.5145652530017855
VID52_s15_80_crop,frac0,normal,miou,0.9146987960989796
VID52_s15_80_crop,frac0,normal,n_gt,8.633333333333333
VID52_s15_80_crop,frac0,normal,n_pred,9.166666666666666
VID52_s15_80_crop,frac0,normal,n_reg,9.166666666666666
VID52_s15_80_crop,frac0,rgb,f1@0.5,0.6578297943313423
VID52_s15_80_crop,frac0,rgb,f1@0.75,0.5350286589915073
VID52_s15_80_crop,frac0,rgb,miou,0.9479762161937192
VID52_s15_80_crop,frac0,rgb,n_gt,8.633333333333333
VID52_s15_80_crop,frac0,rgb,n_pred,10.3
VID52_s15_80_crop,frac0,rgb,n_reg,10.3
VID52_s15_80_crop,frac0.001,depth,f1@0.5,0.7393293471234649
VID52_s15_80_crop,frac0.001,depth,f1@0.75,0.4732302664655606
VID52_s15_80_crop,frac0.001,depth,miou,0.7841235600108092
VID52_s15_80_crop,frac0.001,depth,n_gt,6.933333333333334
VID52_s15_80_crop,frac0.001,depth,n_pred,8.433333333333334
VID52_s15_80_crop,frac0.001,depth,n_reg,9.366666666666667
VID52_s15_80_crop,frac0.001,normal,f1@0.5,0.7599658837894132
VID52_s15_80_crop,frac0.001,normal,f1@0.75,0.5964383873207403
VID52_s15_80_crop,frac0.001,normal,miou,0.9146987960989796
VID52_s15_80_crop,frac0.001,normal,n_gt,6.933333333333334
VID52_s15_80_crop,frac0.001,normal,n_pred,8.5
VID52_s15_80_crop,frac0.001,normal,n_reg,9.166666666666666
VID52_s15_80_crop,frac0.001,rgb,f1@0.5,0.7568322799205152
VID52_s15_80_crop,frac0.001,rgb,f1@0.75,0.6156443175560823
VID52_s15_80_crop,frac0.001,rgb,miou,0.9479762161937192
VID52_s15_80_crop,frac0.001,rgb,n_gt,6.933333333333334
VID52_s15_80_crop,frac0.001,rgb,n_pred,9.433333333333334
VID52_s15_80_crop,frac0.001,rgb,n_reg,10.3
VID52_s15_80_crop,frac0.005,depth,f1@0.5,0.7812876012876013
VID52_s15_80_crop,frac0.005,depth,f1@0.75,0.4921989121989122
VID52_s15_80_crop,frac0.005,depth,miou,0.7841235600108092
VID52_s15_80_crop,frac0.005,depth,n_gt,6.6
VID52_s15_80_crop,frac0.005,depth,n_pred,7.466666666666667
VID52_s15_80_crop,frac0.005,depth,n_reg,9.366666666666667
VID52_s15_80_crop,frac0.005,normal,f1@0.5,0.8037767787767788
VID52_s15_80_crop,frac0.005,normal,f1@0.75,0.6470354645354646
VID52_s15_80_crop,frac0.005,normal,miou,0.9146987960989796
VID52_s15_80_crop,frac0.005,normal,n_gt,6.6
VID52_s15_80_crop,frac0.005,normal,n_pred,7.3
VID52_s15_80_crop,frac0.005,normal,n_reg,9.166666666666666
VID52_s15_80_crop,frac0.005,rgb,f1@0.5,0.8276750047338283
VID52_s15_80_crop,frac0.005,rgb,f1@0.75,0.6683514524690995
VID52_s15_80_crop,frac0.005,rgb,miou,0.9479762161937192
VID52_s15_80_crop,frac0.005,rgb,n_gt,6.6
VID52_s15_80_crop,frac0.005,rgb,n_pred,7.966666666666667
VID52_s15_80_crop,frac0.005,rgb,n_reg,10.3
VID52_s15_80_crop,px300,depth,f1@0.5,0.7546272355095884
VID52_s15_80_crop,px300,depth,f1@0.75,0.4837456008044243
VID52_s15_80_crop,px300,depth,miou,0.7841235600108092
VID52_s15_80_crop,px300,depth,n_gt,6.933333333333334
VID52_s15_80_crop,px300,depth,n_pred,8.133333333333333
VID52_s15_80_crop,px300,depth,n_reg,9.366666666666667
VID52_s15_80_crop,px300,normal,f1@0.5,0.7723134381957911
VID52_s15_80_crop,px300,normal,f1@0.75,0.6060136105724341
VID52_s15_80_crop,px300,normal,miou,0.9146987960989796
VID52_s15_80_crop,px300,normal,n_gt,6.933333333333334
VID52_s15_80_crop,px300,normal,n_pred,8.233333333333333
VID52_s15_80_crop,px300,normal,n_reg,9.166666666666666
VID52_s15_80_crop,px300,rgb,f1@0.5,0.7721292705116235
VID52_s15_80_crop,px300,rgb,f1@0.75,0.62838546529723
VID52_s15_80_crop,px300,rgb,miou,0.9479762161937192
VID52_s15_80_crop,px300,rgb,n_gt,6.933333333333334
VID52_s15_80_crop,px300,rgb,n_pred,9.133333333333333
VID52_s15_80_crop,px300,rgb,n_reg,10.3
VID55_s15_508_crop,frac0,depth,f1@0.5,0.3791016077502723
VID55_s15_508_crop,frac0,depth,f1@0.75,0.2427713030005734
VID55_s15_508_crop,frac0,depth,miou,0.3652370428873126
VID55_s15_508_crop,frac0,depth,n_gt,16.125
VID55_s15_508_crop,frac0,depth,n_pred,7.25
VID55_s15_508_crop,frac0,depth,n_reg,7.25
VID55_s15_508_crop,frac0,normal,f1@0.5,0.4458876464331374
VID55_s15_508_crop,frac0,normal,f1@0.75,0.2685128448207054
VID55_s15_508_crop,frac0,normal,miou,0.6583987671070949
VID55_s15_508_crop,frac0,normal,n_gt,16.125
VID55_s15_508_crop,frac0,normal,n_pred,15.625
VID55_s15_508_crop,frac0,normal,n_reg,15.625
VID55_s15_508_crop,frac0,rgb,f1@0.5,0.4669415877660784
VID55_s15_508_crop,frac0,rgb,f1@0.75,0.2917450775260622
VID55_s15_508_crop,frac0,rgb,miou,0.8121460792003563
VID55_s15_508_crop,frac0,rgb,n_gt,16.125
VID55_s15_508_crop,frac0,rgb,n_pred,19.375
VID55_s15_508_crop,frac0,rgb,n_reg,19.375
VID55_s15_508_crop,frac0.001,depth,f1@0.5,0.4211526418487735
VID55_s15_508_crop,frac0.001,depth,f1@0.75,0.2659185603399158
VID55_s15_508_crop,frac0.001,depth,miou,0.3652370428873126
VID55_s15_508_crop,frac0.001,depth,n_gt,13.875
VID55_s15_508_crop,frac0.001,depth,n_pred,7.25
VID55_s15_508_crop,frac0.001,depth,n_reg,7.25
VID55_s15_508_crop,frac0.001,normal,f1@0.5,0.4996750350497205
VID55_s15_508_crop,frac0.001,normal,f1@0.75,0.2968371896284971
VID55_s15_508_crop,frac0.001,normal,miou,0.6583987671070949
VID55_s15_508_crop,frac0.001,normal,n_gt,13.875
VID55_s15_508_crop,frac0.001,normal,n_pred,14.75
VID55_s15_508_crop,frac0.001,normal,n_reg,15.625
VID55_s15_508_crop,frac0.001,rgb,f1@0.5,0.5193176803912966
VID55_s15_508_crop,frac0.001,rgb,f1@0.75,0.3226720467521785
VID55_s15_508_crop,frac0.001,rgb,miou,0.8121460792003563
VID55_s15_508_crop,frac0.001,rgb,n_gt,13.875
VID55_s15_508_crop,frac0.001,rgb,n_pred,18.1875
VID55_s15_508_crop,frac0.001,rgb,n_reg,19.375
VID55_s15_508_crop,frac0.005,depth,f1@0.5,0.4374327544623008
VID55_s15_508_crop,frac0.005,depth,f1@0.75,0.283797295008427
VID55_s15_508_crop,frac0.005,depth,miou,0.3652370428873126
VID55_s15_508_crop,frac0.005,depth,n_gt,12.125
VID55_s15_508_crop,frac0.005,depth,n_pred,6.5
VID55_s15_508_crop,frac0.005,depth,n_reg,7.25
VID55_s15_508_crop,frac0.005,normal,f1@0.5,0.5608899002036479
VID55_s15_508_crop,frac0.005,normal,f1@0.75,0.3630094134540595
VID55_s15_508_crop,frac0.005,normal,miou,0.6583987671070949
VID55_s15_508_crop,frac0.005,normal,n_gt,12.125
VID55_s15_508_crop,frac0.005,normal,n_pred,11.4375
VID55_s15_508_crop,frac0.005,normal,n_reg,15.625
VID55_s15_508_crop,frac0.005,rgb,f1@0.5,0.5760166127567905
VID55_s15_508_crop,frac0.005,rgb,f1@0.75,0.3735291203667769
VID55_s15_508_crop,frac0.005,rgb,miou,0.8121460792003563
VID55_s15_508_crop,frac0.005,rgb,n_gt,12.125
VID55_s15_508_crop,frac0.005,rgb,n_pred,14.8125
VID55_s15_508_crop,frac0.005,rgb,n_reg,19.375
VID55_s15_508_crop,px300,depth,f1@0.5,0.4248786033872351
VID55_s15_508_crop,px300,depth,f1@0.75,0.2675211244424799
VID55_s15_508_crop,px300,depth,miou,0.3652370428873126
VID55_s15_508_crop,px300,depth,n_gt,13.8125
VID55_s15_508_crop,px300,depth,n_pred,7.1875
VID55_s15_508_crop,px300,depth,n_reg,7.25
VID55_s15_508_crop,px300,normal,f1@0.5,0.5054783581865392
VID55_s15_508_crop,px300,normal,f1@0.75,0.3000001368847076
VID55_s15_508_crop,px300,normal,miou,0.6583987671070949
VID55_s15_508_crop,px300,normal,n_gt,13.8125
VID55_s15_508_crop,px300,normal,n_pred,14.625
VID55_s15_508_crop,px300,normal,n_reg,15.625
VID55_s15_508_crop,px300,rgb,f1@0.5,0.5250940845710049
VID55_s15_508_crop,px300,rgb,f1@0.75,0.3262242693293022
VID55_s15_508_crop,px300,rgb,miou,0.8121460792003563
VID55_s15_508_crop,px300,rgb,n_gt,13.8125
VID55_s15_508_crop,px300,rgb,n_pred,17.9375
VID55_s15_508_crop,px300,rgb,n_reg,19.375
