window_id,variant,modality,pps,metric,value
W000,merged,depth,4,f1@0.5,0.6766846443317032
W000,merged,depth,4,f1@0.75,0.4341133811722047
W000,merged,depth,4,miou,0.4521209947492483
W000,merged,depth,4,n_pred,5.047619047619048
W000,merged,depth,4,n_reg,5.047619047619048
W000,merged,depth,6,f1@0.5,0.7187938709610536
W000,merged,depth,6,f1@0.75,0.4511247152114025
W000,merged,depth,6,miou,0.5443351837340576
W000,merged,depth,6,n_pred,5.809523809523809
W000,merged,depth,6,n_reg,5.809523809523809
W000,merged,depth,8,f1@0.5,0.7468990990662817
W000,merged,depth,8,f1@0.75,0.4856039614553546
W000,merged,depth,8,miou,0.5497793423697975
W000,merged,depth,8,n_pred,5.761904761904762
W000,merged,depth,8,n_reg,5.761904761904762
W000,merged,depth,12,f1@0.5,0.7069501591173418
W000,merged,depth,12,f1@0.75,0.4635382276249149
W000,merged,depth,12,miou,0.5417560839416746
W000,merged,depth,12,n_pred,5.714285714285714
W000,merged,depth,12,n_reg,5.714285714285714
W000,merged,depth,16,f1@0.5,0.7277293798965626
W000,merged,depth,16,f1@0.75,0.4548802189669063
W000,merged,depth,16,miou,0.5403662734972775
W000,merged,depth,16,n_pred,5.666666666666667
W000,merged,depth,16,n_reg,5.666666666666667
W000,merged,depth,24,f1@0.5,0.7274518796190623
W000,merged,depth,24,f1@0.75,0.4416009056875929
W000,merged,depth,24,miou,0.5450727943588547
W000,merged,depth,24,n_pred,5.809523809523809
W000,merged,depth,24,n_reg,5.857142857142857
W000,merged,depth,32,f1@0.5,0.726198746786982
W000,merged,depth,32,f1@0.75,0.4501222089457383
W000,merged,depth,32,miou,0.5439303825974827
W000,merged,depth,32,n_pred,5.857142857142857
W000,merged,depth,32,n_reg,5.857142857142857
W000,merged,depth,48,f1@0.5,0.7245547767219593
W000,merged,depth,48,f1@0.75,0.4538220179087052
W000,merged,depth,48,miou,0.541620275045904
W000,merged,depth,48,n_pred,5.714285714285714
W000,merged,depth,48,n_reg,6.047619047619048
W000,merged,normal,4,f1@0.5,0.7063782078487961
W000,merged,normal,4,f1@0.75,0.4245161701044053
W000,merged,normal,4,miou,0.4548578164045286
W000,merged,normal,4,n_pred,5.0
W000,merged,normal,4,n_reg,5.0
W000,merged,normal,6,f1@0.5,0.8541223744231262
W000,merged,normal,6,f1@0.75,0.5473081916690938
W000,merged,normal,6,miou,0.695308417798488
W000,merged,normal,6,n_pred,7.047619047619048
W000,merged,normal,6,n_reg,7.047619047619048
W000,merged,normal,8,f1@0.5,0.8538956170535118
W000,merged,normal,8,f1@0.75,0.6771623531022027
W000,merged,normal,8,miou,0.7281730456010748
W000,merged,normal,8,n_pred,7.047619047619048
W000,merged,normal,8,n_reg,7.047619047619048
W000,merged,normal,12,f1@0.5,0.858430764445802
W000,merged,normal,12,f1@0.75,0.695646514443507
W000,merged,normal,12,miou,0.7353212998954879
W000,merged,normal,12,n_pred,7.047619047619048
W000,merged,normal,12,n_reg,7.047619047619048
W000,merged,normal,16,f1@0.5,0.9308995933056085
W000,merged,normal,16,f1@0.75,0.7477331913422139
W000,merged,normal,16,miou,0.8065117698495812
W000,merged,normal,16,n_pred,7.285714285714286
W000,merged,normal,16,n_reg,7.285714285714286
W000,merged,normal,24,f1@0.5,0.9356614980675132
W000,merged,normal,24,f1@0.75,0.7107497069903085
W000,merged,normal,24,miou,0.8026326691015012
W000,merged,normal,24,n_pred,7.285714285714286
W000,merged,normal,24,n_reg,7.285714285714286
W000,merged,normal,32,f1@0.5,0.8502436299428782
W000,merged,normal,32,f1@0.75,0.6599758359156855
W000,merged,normal,32,miou,0.7100913683024842
W000,merged,normal,32,n_pred,7.047619047619048
W000,merged,normal,32,n_reg,7.047619047619048
W000,merged,normal,48,f1@0.5,0.9356614980675132
W000,merged,normal,48,f1@0.75,0.7316352541916452
W000,merged,normal,48,miou,0.7998653736237461
W000,merged,normal,48,n_pred,7.285714285714286
W000,merged,normal,48,n_reg,7.285714285714286
W000,merged,rgb,4,f1@0.5,0.364836618408047
W000,merged,rgb,4,f1@0.75,0.0480725623582766
W000,merged,rgb,4,miou,0.3661044928895938
W000,merged,rgb,4,n_pred,2.857142857142857
W000,merged,rgb,4,n_reg,2.857142857142857
W000,merged,rgb,6,f1@0.5,0.6206186515010044
W000,merged,rgb,6,f1@0.75,0.2925593469711117
W000,merged,rgb,6,miou,0.6253184257983504
W000,merged,rgb,6,n_pred,5.095238095238095
W000,merged,rgb,6,n_reg,5.285714285714286
W000,merged,rgb,8,f1@0.5,0.5463066034494606
W000,merged,rgb,8,f1@0.75,0.22430426716141
W000,merged,rgb,8,miou,0.502863499912827
W000,merged,rgb,8,n_pred,4.142857142857143
W000,merged,rgb,8,n_reg,4.857142857142857
W000,merged,rgb,12,f1@0.5,0.5044509723081151
W000,merged,rgb,12,f1@0.75,0.1698069126640555
W000,merged,rgb,12,miou,0.4835068555343406
W000,merged,rgb,12,n_pred,4.285714285714286
W000,merged,rgb,12,n_reg,5.047619047619048
W000,merged,rgb,16,f1@0.5,0.5366505187933759
W000,merged,rgb,16,f1@0.75,0.2105476534047962
W000,merged,rgb,16,miou,0.5036966602650049
W000,merged,rgb,16,n_pred,4.238095238095238
W000,merged,rgb,16,n_reg,5.047619047619048
W000,merged,rgb,24,f1@0.5,0.5031512232750623
W000,merged,rgb,24,f1@0.75,0.1870905353103495
W000,merged,rgb,24,miou,0.5147786678609833
W000,merged,rgb,24,n_pred,5.761904761904762
W000,merged,rgb,24,n_reg,5.904761904761905
W000,merged,rgb,32,f1@0.5,0.5565677786266021
W000,merged,rgb,32,f1@0.75,0.2731785643550349
W000,merged,rgb,32,miou,0.5827284123177331
W000,merged,rgb,32,n_pred,5.095238095238095
W000,merged,rgb,32,n_reg,5.095238095238095
W000,merged,rgb,48,f1@0.5,0.568354194824783
W000,merged,rgb,48,f1@0.75,0.2693354031589325
W000,merged,rgb,48,miou,0.5945669807901472
W000,merged,rgb,48,n_pred,5.571428571428571
W000,merged,rgb,48,n_reg,5.619047619047619
W000,raw,depth,4,f1@0.5,0.5845062807358252
W000,raw,depth,4,f1@0.75,0.3587634526267874
W000,raw,depth,4,miou,0.4521209947492483
W000,raw,depth,4,n_pred,6.333333333333333
W000,raw,depth,4,n_reg,6.523809523809524
W000,raw,depth,6,f1@0.5,0.6970045491717318
W000,raw,depth,6,f1@0.75,0.4327985968852841
W000,raw,depth,6,miou,0.5443351837340576
W000,raw,depth,6,n_pred,6.142857142857143
W000,raw,depth,6,n_reg,6.285714285714286
W000,raw,depth,8,f1@0.5,0.6539242123054595
W000,raw,depth,8,f1@0.75,0.4088248033847326
W000,raw,depth,8,miou,0.5497793423697975
W000,raw,depth,8,n_pred,6.857142857142857
W000,raw,depth,8,n_reg,7.238095238095238
W000,raw,depth,12,f1@0.5,0.6628720150391977
W000,raw,depth,12,f1@0.75,0.4204220845087718
W000,raw,depth,12,miou,0.5417560839416746
W000,raw,depth,12,n_pred,6.285714285714286
W000,raw,depth,12,n_reg,6.285714285714286
W000,raw,depth,16,f1@0.5,0.6523416678657723
W000,raw,depth,16,f1@0.75,0.3507779589159509
W000,raw,depth,16,miou,0.5403662734972775
W000,raw,depth,16,n_pred,7.0
W000,raw,depth,16,n_reg,7.238095238095238
W000,raw,depth,24,f1@0.5,0.6868387603681722
W000,raw,depth,24,f1@0.75,0.4128729658141423
W000,raw,depth,24,miou,0.5450727943588547
W000,raw,depth,24,n_pred,6.523809523809524
W000,raw,depth,24,n_reg,7.285714285714286
W000,raw,depth,32,f1@0.5,0.5514759537315929
W000,raw,depth,32,f1@0.75,0.2581315092593288
W000,raw,depth,32,miou,0.5439303825974827
W000,raw,depth,32,n_pred,7.857142857142857
W000,raw,depth,32,n_reg,8.095238095238095
W000,raw,depth,48,f1@0.5,0.6570708846250641
W000,raw,depth,48,f1@0.75,0.408951660654447
W000,raw,depth,48,miou,0.5416368596267751
W000,raw,depth,48,n_pred,6.9523809523809526
W000,raw,depth,48,n_reg,8.095238095238095
W000,raw,normal,4,f1@0.5,0.5699937256217663
W000,raw,normal,4,f1@0.75,0.319340785837911
W000,raw,normal,4,miou,0.4548578164045286
W000,raw,normal,4,n_pred,6.714285714285714
W000,raw,normal,4,n_reg,6.761904761904762
W000,raw,normal,6,f1@0.5,0.6609988527690391
W000,raw,normal,6,f1@0.75,0.4004886935011159
W000,raw,normal,6,miou,0.6953107968404434
W000,raw,normal,6,n_pred,9.904761904761903
W000,raw,normal,6,n_reg,10.523809523809524
W000,raw,normal,8,f1@0.5,0.6596912627420483
W000,raw,normal,8,f1@0.75,0.4358039739661953
W000,raw,normal,8,miou,0.7281730456010748
W000,raw,normal,8,n_pred,9.952380952380953
W000,raw,normal,8,n_reg,10.142857142857142
W000,raw,normal,12,f1@0.5,0.6292295287088857
W000,raw,normal,12,f1@0.75,0.4156504904586746
W000,raw,normal,12,miou,0.7353212998954879
W000,raw,normal,12,n_pred,10.80952380952381
W000,raw,normal,12,n_reg,11.047619047619047
W000,raw,normal,16,f1@0.5,0.6281005707879158
W000,raw,normal,16,f1@0.75,0.4375836690684873
W000,raw,normal,16,miou,0.8065117698495812
W000,raw,normal,16,n_pred,11.476190476190476
W000,raw,normal,16,n_reg,11.80952380952381
W000,raw,normal,24,f1@0.5,0.6522914307441161
W000,raw,normal,24,f1@0.75,0.4366457994974619
W000,raw,normal,24,miou,0.8026326691015012
W000,raw,normal,24,n_pred,11.238095238095235
W000,raw,normal,24,n_reg,11.428571428571429
W000,raw,normal,32,f1@0.5,0.6488071158330566
W000,raw,normal,32,f1@0.75,0.4277180467808893
W000,raw,normal,32,miou,0.7100913683024842
W000,raw,normal,32,n_pred,10.333333333333334
W000,raw,normal,32,n_reg,10.571428571428571
W000,raw,normal,48,f1@0.5,0.6528249115936364
W000,raw,normal,48,f1@0.75,0.4385830829747527
W000,raw,normal,48,miou,0.7998653736237461
W000,raw,normal,48,n_pred,11.476190476190476
W000,raw,normal,48,n_reg,11.714285714285714
W000,raw,rgb,4,f1@0.5,0.3306699913842771
W000,raw,rgb,4,f1@0.75,0.0443630443630443
W000,raw,rgb,4,miou,0.3661044928895938
W000,raw,rgb,4,n_pred,3.761904761904762
W000,raw,rgb,4,n_reg,3.761904761904762
W000,raw,rgb,6,f1@0.5,0.5955174999292646
W000,raw,rgb,6,f1@0.75,0.233502390855332
W000,raw,rgb,6,miou,0.6253184257983504
W000,raw,rgb,6,n_pred,5.571428571428571
W000,raw,rgb,6,n_reg,5.809523809523809
W000,raw,rgb,8,f1@0.5,0.4451043681693837
W000,raw,rgb,8,f1@0.75,0.1047168575032352
W000,raw,rgb,8,miou,0.502863499912827
W000,raw,rgb,8,n_pred,5.523809523809524
W000,raw,rgb,8,n_reg,6.238095238095238
W000,raw,rgb,12,f1@0.5,0.4432369545372641
W000,raw,rgb,12,f1@0.75,0.1040943862925287
W000,raw,rgb,12,miou,0.4835068555343406
W000,raw,rgb,12,n_pred,5.619047619047619
W000,raw,rgb,12,n_reg,6.380952380952381
W000,raw,rgb,16,f1@0.5,0.4088590689209884
W000,raw,rgb,16,f1@0.75,0.0877008898680725
W000,raw,rgb,16,miou,0.5036966602650049
W000,raw,rgb,16,n_pred,6.571428571428571
W000,raw,rgb,16,n_reg,7.380952380952381
W000,raw,rgb,24,f1@0.5,0.3790068744955963
W000,raw,rgb,24,f1@0.75,0.077207086981523
W000,raw,rgb,24,miou,0.5147786678609833
W000,raw,rgb,24,n_pred,8.428571428571429
W000,raw,rgb,24,n_reg,8.666666666666666
W000,raw,rgb,32,f1@0.5,0.4284852435228375
W000,raw,rgb,32,f1@0.75,0.1463416561160922
W000,raw,rgb,32,miou,0.5827284123177331
W000,raw,rgb,32,n_pred,7.619047619047619
W000,raw,rgb,32,n_reg,7.857142857142857
W000,raw,rgb,48,f1@0.5,0.4439276679878183
W000,raw,rgb,48,f1@0.75,0.1440418395305613
W000,raw,rgb,48,miou,0.5945669807901472
W000,raw,rgb,48,n_pred,8.285714285714286
W000,raw,rgb,48,n_reg,8.619047619047619
W001,merged,depth,4,f1@0.5,0.6178755884638237
W001,merged,depth,4,f1@0.75,0.5465492024315554
W001,merged,depth,4,miou,0.4519597218928542
W001,merged,depth,4,n_pred,5.6923076923076925
W001,merged,depth,4,n_reg,5.6923076923076925
W001,merged,depth,6,f1@0.5,0.622071392659628
W001,merged,depth,6,f1@0.75,0.5493464052287582
W001,merged,depth,6,miou,0.4475363917784968
W001,merged,depth,6,n_pred,5.615384615384615
W001,merged,depth,6,n_reg,5.615384615384615
W001,merged,depth,8,f1@0.5,0.6763253516349491
W001,merged,depth,8,f1@0.75,0.4165984084714734
W001,merged,depth,8,miou,0.5176307816572046
W001,merged,depth,8,n_pred,6.538461538461538
W001,merged,depth,8,n_reg,6.538461538461538
W001,merged,depth,12,f1@0.5,0.6824442327538303
W001,merged,depth,12,f1@0.75,0.6071022201053161
W001,merged,depth,12,miou,0.5778136775721616
W001,merged,depth,12,n_pred,6.615384615384615
W001,merged,depth,12,n_reg,6.615384615384615
W001,merged,depth,16,f1@0.5,0.6824442327538303
W001,merged,depth,16,f1@0.75,0.6241962371993333
W001,merged,depth,16,miou,0.5772157060401457
W001,merged,depth,16,n_pred,6.615384615384615
W001,merged,depth,16,n_reg,6.615384615384615
W001,merged,depth,24,f1@0.5,0.6824442327538303
W001,merged,depth,24,f1@0.75,0.6156492286523245
W001,merged,depth,24,miou,0.5776368492183633
W001,merged,depth,24,n_pred,6.615384615384615
W001,merged,depth,24,n_reg,6.615384615384615
W001,merged,depth,32,f1@0.5,0.6859407362503338
W001,merged,depth,32,f1@0.75,0.6265272395303355
W001,merged,depth,32,miou,0.5784519873687767
W001,merged,depth,32,n_pred,6.538461538461538
W001,merged,depth,32,n_reg,6.538461538461538
W001,merged,depth,48,f1@0.5,0.7125462772521597
W001,merged,depth,48,f1@0.75,0.6514763014763015
W001,merged,depth,48,miou,0.5386802739440691
W001,merged,depth,48,n_pred,5.923076923076923
W001,merged,depth,48,n_reg,5.923076923076923
W001,merged,normal,4,f1@0.5,0.3685826993519301
W001,merged,normal,4,f1@0.75,0.1900605804451958
W001,merged,normal,4,miou,0.2665690129732275
W001,merged,normal,4,n_pred,3.769230769230769
W001,merged,normal,4,n_reg,3.769230769230769
W001,merged,normal,6,f1@0.5,0.6396689660264321
W001,merged,normal,6,f1@0.75,0.5511813224482908
W001,merged,normal,6,miou,0.4335921092123571
W001,merged,normal,6,n_pred,5.6923076923076925
W001,merged,normal,6,n_reg,5.846153846153846
W001,merged,normal,8,f1@0.5,0.7116390145801911
W001,merged,normal,8,f1@0.75,0.5289969834087481
W001,merged,normal,8,miou,0.6126744377414624
W001,merged,normal,8,n_pred,6.769230769230769
W001,merged,normal,8,n_reg,6.769230769230769
W001,merged,normal,12,f1@0.5,0.722569621640829
W001,merged,normal,12,f1@0.75,0.4578380339990247
W001,merged,normal,12,miou,0.5555550739421979
W001,merged,normal,12,n_pred,7.230769230769231
W001,merged,normal,12,n_reg,7.230769230769231
W001,merged,normal,16,f1@0.5,0.8074253906237712
W001,merged,normal,16,f1@0.75,0.5795167495572353
W001,merged,normal,16,miou,0.7337438662266684
W001,merged,normal,16,n_pred,8.384615384615385
W001,merged,normal,16,n_reg,8.384615384615385
W001,merged,normal,24,f1@0.5,0.8151176983160788
W001,merged,normal,24,f1@0.75,0.5795167495572353
W001,merged,normal,24,miou,0.7303250022403145
W001,merged,normal,24,n_pred,8.384615384615385
W001,merged,normal,24,n_reg,8.384615384615385
W001,merged,normal,32,f1@0.5,0.8117240331577078
W001,merged,normal,32,f1@0.75,0.5772543061183213
W001,merged,normal,32,miou,0.7394175000432328
W001,merged,normal,32,n_pred,8.461538461538462
W001,merged,normal,32,n_reg,8.461538461538462
W001,merged,normal,48,f1@0.5,0.8117240331577078
W001,merged,normal,48,f1@0.75,0.5772543061183213
W001,merged,normal,48,miou,0.7369807778712605
W001,merged,normal,48,n_pred,8.461538461538462
W001,merged,normal,48,n_reg,8.461538461538462
W001,merged,rgb,4,f1@0.5,0.552562859463312
W001,merged,rgb,4,f1@0.75,0.3210722158685959
W001,merged,rgb,4,miou,0.3798836693431829
W001,merged,rgb,4,n_pred,4.615384615384615
W001,merged,rgb,4,n_reg,4.615384615384615
W001,merged,rgb,6,f1@0.5,0.7564878362091985
W001,merged,rgb,6,f1@0.75,0.6037074122987436
W001,merged,rgb,6,miou,0.5457495545781166
W001,merged,rgb,6,n_pred,6.461538461538462
W001,merged,rgb,6,n_reg,6.461538461538462
W001,merged,rgb,8,f1@0.5,0.760468942821884
W001,merged,rgb,8,f1@0.75,0.6172814113990585
W001,merged,rgb,8,miou,0.6373589057727258
W001,merged,rgb,8,n_pred,6.615384615384615
W001,merged,rgb,8,n_reg,6.615384615384615
W001,merged,rgb,12,f1@0.5,0.6403655254274448
W001,merged,rgb,12,f1@0.75,0.5191300271795628
W001,merged,rgb,12,miou,0.5751929091415547
W001,merged,rgb,12,n_pred,5.923076923076923
W001,merged,rgb,12,n_reg,5.923076923076923
W001,merged,rgb,16,f1@0.5,0.7944902706512613
W001,merged,rgb,16,f1@0.75,0.6425745908718045
W001,merged,rgb,16,miou,0.712877606412352
W001,merged,rgb,16,n_pred,8.384615384615385
W001,merged,rgb,16,n_reg,8.461538461538462
W001,merged,rgb,24,f1@0.5,0.7965470374139105
W001,merged,rgb,24,f1@0.75,0.6516243646274605
W001,merged,rgb,24,miou,0.7130172330980977
W001,merged,rgb,24,n_pred,8.384615384615385
W001,merged,rgb,24,n_reg,8.461538461538462
W001,merged,rgb,32,f1@0.5,0.7952358786724112
W001,merged,rgb,32,f1@0.75,0.6282371824941484
W001,merged,rgb,32,miou,0.6707521334020201
W001,merged,rgb,32,n_pred,7.769230769230769
W001,merged,rgb,32,n_reg,7.846153846153846
W001,merged,rgb,48,f1@0.5,0.7952358786724112
W001,merged,rgb,48,f1@0.75,0.6606708307172704
W001,merged,rgb,48,miou,0.6761306607888914
W001,merged,rgb,48,n_pred,7.769230769230769
W001,merged,rgb,48,n_reg,7.769230769230769
W001,raw,depth,4,f1@0.5,0.5315205289008575
W001,raw,depth,4,f1@0.75,0.4279069294072866
W001,raw,depth,4,miou,0.4519597218928542
W001,raw,depth,4,n_pred,7.769230769230769
W001,raw,depth,4,n_reg,7.769230769230769
W001,raw,depth,6,f1@0.5,0.5277497898360008
W001,raw,depth,6,f1@0.75,0.4188571556516305
W001,raw,depth,6,miou,0.4475363917784968
W001,raw,depth,6,n_pred,7.769230769230769
W001,raw,depth,6,n_reg,7.769230769230769
W001,raw,depth,8,f1@0.5,0.6200678261168855
W001,raw,depth,8,f1@0.75,0.393865635304073
W001,raw,depth,8,miou,0.5176307816572046
W001,raw,depth,8,n_pred,7.538461538461538
W001,raw,depth,8,n_reg,7.6923076923076925
W001,raw,depth,12,f1@0.5,0.5934772829509671
W001,raw,depth,12,f1@0.75,0.4787931366878735
W001,raw,depth,12,miou,0.5778136775721616
W001,raw,depth,12,n_pred,8.692307692307692
W001,raw,depth,12,n_reg,8.692307692307692
W001,raw,depth,16,f1@0.5,0.6020242914979756
W001,raw,depth,16,f1@0.75,0.4864854443801812
W001,raw,depth,16,miou,0.5772157060401457
W001,raw,depth,16,n_pred,8.692307692307692
W001,raw,depth,16,n_reg,8.692307692307692
W001,raw,depth,24,f1@0.5,0.5934772829509671
W001,raw,depth,24,f1@0.75,0.4864854443801812
W001,raw,depth,24,miou,0.5776368492183633
W001,raw,depth,24,n_pred,8.692307692307692
W001,raw,depth,24,n_reg,8.692307692307692
W001,raw,depth,32,f1@0.5,0.6020242914979756
W001,raw,depth,32,f1@0.75,0.4864854443801812
W001,raw,depth,32,miou,0.5784519873687767
W001,raw,depth,32,n_pred,8.692307692307692
W001,raw,depth,32,n_reg,8.692307692307692
W001,raw,depth,48,f1@0.5,0.6208660276771731
W001,raw,depth,48,f1@0.75,0.5136640105680353
W001,raw,depth,48,miou,0.5386802739440691
W001,raw,depth,48,n_pred,7.769230769230769
W001,raw,depth,48,n_reg,7.769230769230769
W001,raw,normal,4,f1@0.5,0.3260897222435683
W001,raw,normal,4,f1@0.75,0.1820036800806031
W001,raw,normal,4,miou,0.2665690129732275
W001,raw,normal,4,n_pred,4.0
W001,raw,normal,4,n_reg,4.0
W001,raw,normal,6,f1@0.5,0.5901472545078166
W001,raw,normal,6,f1@0.75,0.4870550634303909
W001,raw,normal,6,miou,0.4335921092123571
W001,raw,normal,6,n_pred,6.769230769230769
W001,raw,normal,6,n_reg,6.923076923076923
W001,raw,normal,8,f1@0.5,0.6266509468938619
W001,raw,normal,8,f1@0.75,0.455893678970602
W001,raw,normal,8,miou,0.6126744377414624
W001,raw,normal,8,n_pred,8.846153846153847
W001,raw,normal,8,n_reg,8.846153846153847
W001,raw,normal,12,f1@0.5,0.6351258992125864
W001,raw,normal,12,f1@0.75,0.3748968953303319
W001,raw,normal,12,miou,0.5555550739421979
W001,raw,normal,12,n_pred,8.692307692307692
W001,raw,normal,12,n_reg,8.692307692307692
W001,raw,normal,16,f1@0.5,0.6574533309827427
W001,raw,normal,16,f1@0.75,0.4641550691422814
W001,raw,normal,16,miou,0.7337438662266684
W001,raw,normal,16,n_pred,11.615384615384617
W001,raw,normal,16,n_reg,11.615384615384617
W001,raw,normal,24,f1@0.5,0.626669658843572
W001,raw,normal,24,f1@0.75,0.3605095629008673
W001,raw,normal,24,miou,0.7303250022403145
W001,raw,normal,24,n_pred,12.615384615384617
W001,raw,normal,24,n_reg,12.615384615384617
W001,raw,normal,32,f1@0.5,0.6300992358025606
W001,raw,normal,32,f1@0.75,0.4310707621449309
W001,raw,normal,32,miou,0.7394175000432328
W001,raw,normal,32,n_pred,12.538461538461538
W001,raw,normal,32,n_reg,12.615384615384617
W001,raw,normal,48,f1@0.5,0.6282711530714677
W001,raw,normal,48,f1@0.75,0.407109383501278
W001,raw,normal,48,miou,0.7369807778712605
W001,raw,normal,48,n_pred,12.846153846153848
W001,raw,normal,48,n_reg,13.076923076923077
W001,raw,rgb,4,f1@0.5,0.552562859463312
W001,raw,rgb,4,f1@0.75,0.3210722158685959
W001,raw,rgb,4,miou,0.3798836693431829
W001,raw,rgb,4,n_pred,4.615384615384615
W001,raw,rgb,4,n_reg,4.615384615384615
W001,raw,rgb,6,f1@0.5,0.660931354507206
W001,raw,rgb,6,f1@0.75,0.549287829473588
W001,raw,rgb,6,miou,0.5457495545781166
W001,raw,rgb,6,n_pred,7.538461538461538
W001,raw,rgb,6,n_reg,7.615384615384615
W001,raw,rgb,8,f1@0.5,0.66681447207763
W001,raw,rgb,8,f1@0.75,0.5408199987147355
W001,raw,rgb,8,miou,0.6445973156794161
W001,raw,rgb,8,n_pred,8.692307692307692
W001,raw,rgb,8,n_reg,8.76923076923077
W001,raw,rgb,12,f1@0.5,0.5693339598138359
W001,raw,rgb,12,f1@0.75,0.4504721628560638
W001,raw,rgb,12,miou,0.5751929091415547
W001,raw,rgb,12,n_pred,7.6923076923076925
W001,raw,rgb,12,n_reg,7.6923076923076925
W001,raw,rgb,16,f1@0.5,0.6138542616803486
W001,raw,rgb,16,f1@0.75,0.458454444106618
W001,raw,rgb,16,miou,0.712877606412352
W001,raw,rgb,16,n_pred,12.461538461538462
W001,raw,rgb,16,n_reg,12.923076923076923
W001,raw,rgb,24,f1@0.5,0.6574910596649727
W001,raw,rgb,24,f1@0.75,0.5307265198569546
W001,raw,rgb,24,miou,0.7130172330980977
W001,raw,rgb,24,n_pred,11.384615384615383
W001,raw,rgb,24,n_reg,12.076923076923077
W001,raw,rgb,32,f1@0.5,0.6514705209125206
W001,raw,rgb,32,f1@0.75,0.5328131236246004
W001,raw,rgb,32,miou,0.6707521334020201
W001,raw,rgb,32,n_pred,10.23076923076923
W001,raw,rgb,32,n_reg,11.076923076923077
W001,raw,rgb,48,f1@0.5,0.6514705209125206
W001,raw,rgb,48,f1@0.75,0.5618464091796251
W001,raw,rgb,48,miou,0.6761306607888914
W001,raw,rgb,48,n_pred,10.23076923076923
W001,raw,rgb,48,n_reg,10.923076923076923
W002,merged,depth,4,f1@0.5,0.6498063340168603
W002,merged,depth,4,f1@0.75,0.4228843052372464
W002,merged,depth,4,miou,0.5613602497717414
W002,merged,depth,4,n_pred,7.117647058823529
W002,merged,depth,4,n_reg,7.117647058823529
W002,merged,depth,6,f1@0.5,0.4773109243697478
W002,merged,depth,6,f1@0.75,0.3358763113088372
W002,merged,depth,6,miou,0.4334579997448152
W002,merged,depth,6,n_pred,6.0
W002,merged,depth,6,n_reg,6.0
W002,merged,depth,8,f1@0.5,0.2756522216729828
W002,merged,depth,8,f1@0.75,0.1299829735815894
W002,merged,depth,8,miou,0.215501959782949
W002,merged,depth,8,n_pred,3.0
W002,merged,depth,8,n_reg,3.0
W002,merged,depth,12,f1@0.5,0.3867131062951496
W002,merged,depth,12,f1@0.75,0.2578087375300997
W002,merged,depth,12,miou,0.2400881280891124
W002,merged,depth,12,n_pred,4.0
W002,merged,depth,12,n_reg,4.0
W002,merged,depth,16,f1@0.5,0.5659013067816406
W002,merged,depth,16,f1@0.75,0.4271276501724745
W002,merged,depth,16,miou,0.4621418348952751
W002,merged,depth,16,n_pred,7.235294117647059
W002,merged,depth,16,n_reg,7.235294117647059
W002,merged,depth,24,f1@0.5,0.3867131062951496
W002,merged,depth,24,f1@0.75,0.2578087375300997
W002,merged,depth,24,miou,0.2392746338725775
W002,merged,depth,24,n_pred,4.0
W002,merged,depth,24,n_reg,4.0
W002,merged,depth,32,f1@0.5,0.2756522216729828
W002,merged,depth,32,f1@0.75,0.2756522216729828
W002,merged,depth,32,miou,0.2059120545861751
W002,merged,depth,32,n_pred,3.0
W002,merged,depth,32,n_reg,3.0
W002,merged,depth,48,f1@0.5,0.4851680422614678
W002,merged,depth,48,f1@0.75,0.4513349011618907
W002,merged,depth,48,miou,0.4289672709003831
W002,merged,depth,48,n_pred,6.235294117647059
W002,merged,depth,48,n_reg,6.235294117647059
W002,merged,normal,4,f1@0.5,0.5668424232438073
W002,merged,normal,4,f1@0.75,0.4469379908826275
W002,merged,normal,4,miou,0.5307823976528387
W002,merged,normal,4,n_pred,6.117647058823529
W002,merged,normal,4,n_reg,6.117647058823529
W002,merged,normal,6,f1@0.5,0.5706870983687593
W002,merged,normal,6,f1@0.75,0.450013730982589
W002,merged,normal,6,miou,0.5259022265099831
W002,merged,normal,6,n_pred,6.0
W002,merged,normal,6,n_reg,6.0
W002,merged,normal,8,f1@0.5,0.5687647608062832
W002,merged,normal,8,f1@0.75,0.4484758609326083
W002,merged,normal,8,miou,0.533193434552907
W002,merged,normal,8,n_pred,6.0588235294117645
W002,merged,normal,8,n_reg,6.0588235294117645
W002,merged,normal,12,f1@0.5,0.6511541583556659
W002,merged,normal,12,f1@0.75,0.4979910832650097
W002,merged,normal,12,miou,0.5349585488835766
W002,merged,normal,12,n_pred,7.235294117647059
W002,merged,normal,12,n_reg,7.294117647058823
W002,merged,normal,16,f1@0.5,0.6511541583556659
W002,merged,normal,16,f1@0.75,0.4911111383045694
W002,merged,normal,16,miou,0.5354853276618564
W002,merged,normal,16,n_pred,7.235294117647059
W002,merged,normal,16,n_reg,7.294117647058823
W002,merged,normal,24,f1@0.5,0.7151209225108808
W002,merged,normal,24,f1@0.75,0.5640171400367927
W002,merged,normal,24,miou,0.575818270046768
W002,merged,normal,24,n_pred,8.352941176470589
W002,merged,normal,24,n_reg,8.411764705882353
W002,merged,normal,32,f1@0.5,0.7216224704984968
W002,merged,normal,32,f1@0.75,0.5878561493247184
W002,merged,normal,32,miou,0.572713207302313
W002,merged,normal,32,n_pred,8.176470588235293
W002,merged,normal,32,n_reg,8.294117647058824
W002,merged,normal,48,f1@0.5,0.5472669894530171
W002,merged,normal,48,f1@0.75,0.2976419192599028
W002,merged,normal,48,miou,0.379146678319315
W002,merged,normal,48,n_pred,7.0588235294117645
W002,merged,normal,48,n_reg,7.588235294117647
W002,merged,rgb,4,f1@0.5,0.6686988520898556
W002,merged,rgb,4,f1@0.75,0.4604273081781732
W002,merged,rgb,4,miou,0.6713837860363359
W002,merged,rgb,4,n_pred,6.117647058823529
W002,merged,rgb,4,n_reg,6.176470588235294
W002,merged,rgb,6,f1@0.5,0.6433610764880114
W002,merged,rgb,6,f1@0.75,0.3873922774851567
W002,merged,rgb,6,miou,0.6952911723909729
W002,merged,rgb,6,n_pred,8.764705882352942
W002,merged,rgb,6,n_reg,8.882352941176471
W002,merged,rgb,8,f1@0.5,0.6356447967162734
W002,merged,rgb,8,f1@0.75,0.4327102340832318
W002,merged,rgb,8,miou,0.6951539671400573
W002,merged,rgb,8,n_pred,8.058823529411764
W002,merged,rgb,8,n_reg,8.117647058823529
W002,merged,rgb,12,f1@0.5,0.7986815912135605
W002,merged,rgb,12,f1@0.75,0.5931674804309075
W002,merged,rgb,12,miou,0.7369876976180622
W002,merged,rgb,12,n_pred,10.117647058823527
W002,merged,rgb,12,n_reg,10.176470588235292
W002,merged,rgb,16,f1@0.5,0.7917878455730117
W002,merged,rgb,16,f1@0.75,0.5745146754353915
W002,merged,rgb,16,miou,0.7218292976315612
W002,merged,rgb,16,n_pred,10.176470588235292
W002,merged,rgb,16,n_reg,10.176470588235292
W002,merged,rgb,24,f1@0.5,0.7947290220436001
W002,merged,rgb,24,f1@0.75,0.5845426866398733
W002,merged,rgb,24,miou,0.7285869814098541
W002,merged,rgb,24,n_pred,10.235294117647058
W002,merged,rgb,24,n_reg,10.235294117647058
W002,merged,rgb,32,f1@0.5,0.7965890545941696
W002,merged,rgb,32,f1@0.75,0.5859377110528006
W002,merged,rgb,32,miou,0.7277328451243728
W002,merged,rgb,32,n_pred,10.176470588235292
W002,merged,rgb,32,n_reg,10.235294117647058
W002,merged,rgb,48,f1@0.5,0.7896139325295335
W002,merged,rgb,48,f1@0.75,0.5691974180976738
W002,merged,rgb,48,miou,0.7249500137247678
W002,merged,rgb,48,n_pred,10.235294117647058
W002,merged,rgb,48,n_reg,10.235294117647058
W002,raw,depth,4,f1@0.5,0.6206708354238304
W002,raw,depth,4,f1@0.75,0.4037702370317796
W002,raw,depth,4,miou,0.5613602497717414
W002,raw,depth,4,n_pred,8.0
W002,raw,depth,4,n_reg,8.0
W002,raw,depth,6,f1@0.5,0.4773109243697478
W002,raw,depth,6,f1@0.75,0.3358763113088372
W002,raw,depth,6,miou,0.4334579997448152
W002,raw,depth,6,n_pred,6.0
W002,raw,depth,6,n_reg,6.0
W002,raw,depth,8,f1@0.5,0.2756522216729828
W002,raw,depth,8,f1@0.75,0.1299829735815894
W002,raw,depth,8,miou,0.215501959782949
W002,raw,depth,8,n_pred,3.0
W002,raw,depth,8,n_reg,3.0
W002,raw,depth,12,f1@0.5,0.3867131062951496
W002,raw,depth,12,f1@0.75,0.2578087375300997
W002,raw,depth,12,miou,0.2400881280891124
W002,raw,depth,12,n_pred,4.0
W002,raw,depth,12,n_reg,4.0
W002,raw,depth,16,f1@0.5,0.5244496383949877
W002,raw,depth,16,f1@0.75,0.4096525899729561
W002,raw,depth,16,miou,0.4621418348952751
W002,raw,depth,16,n_pred,8.0
W002,raw,depth,16,n_reg,8.0
W002,raw,depth,24,f1@0.5,0.3867131062951496
W002,raw,depth,24,f1@0.75,0.2578087375300997
W002,raw,depth,24,miou,0.2392746338725775
W002,raw,depth,24,n_pred,4.0
W002,raw,depth,24,n_reg,4.0
W002,raw,depth,32,f1@0.5,0.2756522216729828
W002,raw,depth,32,f1@0.75,0.2756522216729828
W002,raw,depth,32,miou,0.2059120545861751
W002,raw,depth,32,n_pred,3.0
W002,raw,depth,32,n_reg,3.0
W002,raw,depth,48,f1@0.5,0.4449001291106554
W002,raw,depth,48,f1@0.75,0.4318282336858188
W002,raw,depth,48,miou,0.4289672709003831
W002,raw,depth,48,n_pred,7.0
W002,raw,depth,48,n_reg,7.0
W002,raw,normal,4,f1@0.5,0.5363453196270535
W002,raw,normal,4,f1@0.75,0.4228843052372464
W002,raw,normal,4,miou,0.5307823976528387
W002,raw,normal,4,n_pred,7.117647058823529
W002,raw,normal,4,n_reg,7.117647058823529
W002,raw,normal,6,f1@0.5,0.5687647608062832
W002,raw,normal,6,f1@0.75,0.4484758609326083
W002,raw,normal,6,miou,0.5259022265099831
W002,raw,normal,6,n_pred,6.0588235294117645
W002,raw,normal,6,n_reg,6.0588235294117645
W002,raw,normal,8,f1@0.5,0.5306415888593841
W002,raw,normal,8,f1@0.75,0.4183213206231109
W002,raw,normal,8,miou,0.533193434552907
W002,raw,normal,8,n_pred,7.352941176470588
W002,raw,normal,8,n_reg,7.352941176470588
W002,raw,normal,12,f1@0.5,0.5643862020332608
W002,raw,normal,12,f1@0.75,0.4314990891461479
W002,raw,normal,12,miou,0.5349585488835766
W002,raw,normal,12,n_pred,10.117647058823527
W002,raw,normal,12,n_reg,10.235294117647058
W002,raw,normal,16,f1@0.5,0.5902736788495302
W002,raw,normal,16,f1@0.75,0.4450937504188278
W002,raw,normal,16,miou,0.5354853276618564
W002,raw,normal,16,n_pred,9.176470588235292
W002,raw,normal,16,n_reg,10.0
W002,raw,normal,24,f1@0.5,0.6549513231866173
W002,raw,normal,24,f1@0.75,0.5167420814479637
W002,raw,normal,24,miou,0.575818270046768
W002,raw,normal,24,n_pred,10.176470588235292
W002,raw,normal,24,n_reg,10.235294117647058
W002,raw,normal,32,f1@0.5,0.628117856378726
W002,raw,normal,32,f1@0.75,0.5118741966568053
W002,raw,normal,32,miou,0.572713207302313
W002,raw,normal,32,n_pred,11.117647058823527
W002,raw,normal,32,n_reg,11.941176470588236
W002,raw,normal,48,f1@0.5,0.4944753595217991
W002,raw,normal,48,f1@0.75,0.2687642904051572
W002,raw,normal,48,miou,0.379146678319315
W002,raw,normal,48,n_pred,9.058823529411764
W002,raw,normal,48,n_reg,9.882352941176473
W002,raw,rgb,4,f1@0.5,0.5043257993856998
W002,raw,rgb,4,f1@0.75,0.3121930028512341
W002,raw,rgb,4,miou,0.6713837860363359
W002,raw,rgb,4,n_pred,8.058823529411764
W002,raw,rgb,4,n_reg,8.764705882352942
W002,raw,rgb,6,f1@0.5,0.4606641184902054
W002,raw,rgb,6,f1@0.75,0.3231245140196547
W002,raw,rgb,6,miou,0.6950790679428809
W002,raw,rgb,6,n_pred,12.470588235294118
W002,raw,rgb,6,n_reg,12.882352941176473
W002,raw,rgb,8,f1@0.5,0.4477168895327463
W002,raw,rgb,8,f1@0.75,0.3522767845018484
W002,raw,rgb,8,miou,0.6951539671400573
W002,raw,rgb,8,n_pred,11.529411764705882
W002,raw,rgb,8,n_reg,11.941176470588236
W002,raw,rgb,12,f1@0.5,0.524285444400884
W002,raw,rgb,12,f1@0.75,0.3513406884051795
W002,raw,rgb,12,miou,0.7369876976180622
W002,raw,rgb,12,n_pred,17.647058823529413
W002,raw,rgb,12,n_reg,18.11764705882353
W002,raw,rgb,16,f1@0.5,0.6326360334879605
W002,raw,rgb,16,f1@0.75,0.4118347256379711
W002,raw,rgb,16,miou,0.7218292976315612
W002,raw,rgb,16,n_pred,15.647058823529411
W002,raw,rgb,16,n_reg,16.41176470588235
W002,raw,rgb,24,f1@0.5,0.5464854280270102
W002,raw,rgb,24,f1@0.75,0.4245360003980694
W002,raw,rgb,24,miou,0.7285869814098541
W002,raw,rgb,24,n_pred,16.470588235294116
W002,raw,rgb,24,n_reg,17.11764705882353
W002,raw,rgb,32,f1@0.5,0.6311014685862556
W002,raw,rgb,32,f1@0.75,0.4422996554943816
W002,raw,rgb,32,miou,0.7277328451243728
W002,raw,rgb,32,n_pred,15.882352941176473
W002,raw,rgb,32,n_reg,17.058823529411764
W002,raw,rgb,48,f1@0.5,0.6663154492566257
W002,raw,rgb,48,f1@0.75,0.4801170724700137
W002,raw,rgb,48,miou,0.7249500137247678
W002,raw,rgb,48,n_pred,14.235294117647058
W002,raw,rgb,48,n_reg,15.0
W003,merged,depth,4,f1@0.5,0.2706727135298563
W003,merged,depth,4,f1@0.75,0.1733371126228269
W003,merged,depth,4,miou,0.3423823018941358
W003,merged,depth,4,n_pred,3.1904761904761907
W003,merged,depth,4,n_reg,3.1904761904761907
W003,merged,depth,6,f1@0.5,0.3838702147525678
W003,merged,depth,6,f1@0.75,0.3838702147525678
W003,merged,depth,6,miou,0.3673910321843378
W003,merged,depth,6,n_pred,4.0
W003,merged,depth,6,n_reg,4.0
W003,merged,depth,8,f1@0.5,0.3838702147525678
W003,merged,depth,8,f1@0.75,0.3838702147525678
W003,merged,depth,8,miou,0.366458216440737
W003,merged,depth,8,n_pred,4.0
W003,merged,depth,8,n_reg,4.0
W003,merged,depth,12,f1@0.5,0.4809233634974458
W003,merged,depth,12,f1@0.75,0.4809233634974458
W003,merged,depth,12,miou,0.3899713244092044
W003,merged,depth,12,n_pred,5.0
W003,merged,depth,12,n_reg,5.0
W003,merged,depth,16,f1@0.5,0.3801136243971272
W003,merged,depth,16,f1@0.75,0.3801136243971272
W003,merged,depth,16,miou,0.361826248729526
W003,merged,depth,16,n_pred,4.190476190476191
W003,merged,depth,16,n_reg,4.190476190476191
W003,merged,depth,24,f1@0.5,0.3813041005876035
W003,merged,depth,24,f1@0.75,0.3813041005876035
W003,merged,depth,24,miou,0.3541116269014396
W003,merged,depth,24,n_pred,4.142857142857143
W003,merged,depth,24,n_reg,4.142857142857143
W003,merged,depth,32,f1@0.5,0.3838702147525678
W003,merged,depth,32,f1@0.75,0.3838702147525678
W003,merged,depth,32,miou,0.3511141763787879
W003,merged,depth,32,n_pred,4.0
W003,merged,depth,32,n_reg,4.0
W003,merged,depth,48,f1@0.5,0.3813041005876035
W003,merged,depth,48,f1@0.75,0.3813041005876035
W003,merged,depth,48,miou,0.3550138518585329
W003,merged,depth,48,n_pred,4.142857142857143
W003,merged,depth,48,n_reg,4.142857142857143
W003,merged,normal,4,f1@0.5,0.4742317979823508
W003,merged,normal,4,f1@0.75,0.2661219458543651
W003,merged,normal,4,miou,0.3948303343829843
W003,merged,normal,4,n_pred,5.238095238095238
W003,merged,normal,4,n_reg,5.238095238095238
W003,merged,normal,6,f1@0.5,0.7627581941867657
W003,merged,normal,6,f1@0.75,0.5632543118257404
W003,merged,normal,6,miou,0.6929484545043464
W003,merged,normal,6,n_pred,8.80952380952381
W003,merged,normal,6,n_reg,8.80952380952381
W003,merged,normal,8,f1@0.5,0.6380876433508013
W003,merged,normal,8,f1@0.75,0.4840184877778862
W003,merged,normal,8,miou,0.5399137299044712
W003,merged,normal,8,n_pred,7.333333333333333
W003,merged,normal,8,n_reg,7.333333333333333
W003,merged,normal,12,f1@0.5,0.7776131391038222
W003,merged,normal,12,f1@0.75,0.612919378757888
W003,merged,normal,12,miou,0.7090017227369231
W003,merged,normal,12,n_pred,9.523809523809524
W003,merged,normal,12,n_reg,9.523809523809524
W003,merged,normal,16,f1@0.5,0.8221900061444575
W003,merged,normal,16,f1@0.75,0.6076119073013483
W003,merged,normal,16,miou,0.7128594018755905
W003,merged,normal,16,n_pred,10.333333333333334
W003,merged,normal,16,n_reg,10.333333333333334
W003,merged,normal,24,f1@0.5,0.7760164266375447
W003,merged,normal,24,f1@0.75,0.5229783329162211
W003,merged,normal,24,miou,0.5507661382857326
W003,merged,normal,24,n_pred,9.19047619047619
W003,merged,normal,24,n_reg,9.19047619047619
W003,merged,normal,32,f1@0.5,0.709152289721103
W003,merged,normal,32,f1@0.75,0.4389844364345835
W003,merged,normal,32,miou,0.440836917665765
W003,merged,normal,32,n_pred,8.761904761904763
W003,merged,normal,32,n_reg,8.761904761904763
W003,merged,normal,48,f1@0.5,0.7610392368156343
W003,merged,normal,48,f1@0.75,0.6115355314113078
W003,merged,normal,48,miou,0.7101246040438878
W003,merged,normal,48,n_pred,9.857142857142858
W003,merged,normal,48,n_reg,10.238095238095235
W003,merged,rgb,4,f1@0.5,0.6803255911615045
W003,merged,rgb,4,f1@0.75,0.4532719201449852
W003,merged,rgb,4,miou,0.6412590122526245
W003,merged,rgb,4,n_pred,6.0
W003,merged,rgb,4,n_reg,6.0
W003,merged,rgb,6,f1@0.5,0.7461798435482646
W003,merged,rgb,6,f1@0.75,0.4748670015587308
W003,merged,rgb,6,miou,0.6993833600693412
W003,merged,rgb,6,n_pred,8.380952380952381
W003,merged,rgb,6,n_reg,8.571428571428571
W003,merged,rgb,8,f1@0.5,0.7375346579007905
W003,merged,rgb,8,f1@0.75,0.6068314333106749
W003,merged,rgb,8,miou,0.6455034684016147
W003,merged,rgb,8,n_pred,7.333333333333333
W003,merged,rgb,8,n_reg,7.666666666666667
W003,merged,rgb,12,f1@0.5,0.8362514297296906
W003,merged,rgb,12,f1@0.75,0.7252654178120016
W003,merged,rgb,12,miou,0.7144086604618842
W003,merged,rgb,12,n_pred,9.761904761904765
W003,merged,rgb,12,n_reg,10.142857142857142
W003,merged,rgb,16,f1@0.5,0.703129199811122
W003,merged,rgb,16,f1@0.75,0.5045544330114451
W003,merged,rgb,16,miou,0.6883345463460071
W003,merged,rgb,16,n_pred,8.0
W003,merged,rgb,16,n_reg,8.238095238095237
W003,merged,rgb,24,f1@0.5,0.8175197473334118
W003,merged,rgb,24,f1@0.75,0.7037714183676916
W003,merged,rgb,24,miou,0.7254176605615995
W003,merged,rgb,24,n_pred,10.142857142857142
W003,merged,rgb,24,n_reg,10.238095238095235
W003,merged,rgb,32,f1@0.5,0.7628822574033427
W003,merged,rgb,32,f1@0.75,0.5776545919664586
W003,merged,rgb,32,miou,0.7021000997398767
W003,merged,rgb,32,n_pred,8.952380952380953
W003,merged,rgb,32,n_reg,9.142857142857142
W003,merged,rgb,48,f1@0.5,0.7561826078465503
W003,merged,rgb,48,f1@0.75,0.5765826480373718
W003,merged,rgb,48,miou,0.7239927625645263
W003,merged,rgb,48,n_pred,9.142857142857142
W003,merged,rgb,48,n_reg,9.238095238095235
W003,raw,depth,4,f1@0.5,0.2559134765017117
W003,raw,depth,4,f1@0.75,0.1645969498910675
W003,raw,depth,4,miou,0.349653391297005
W003,raw,depth,4,n_pred,4.0
W003,raw,depth,4,n_reg,4.0
W003,raw,depth,6,f1@0.5,0.3802987861811391
W003,raw,depth,6,f1@0.75,0.3802987861811391
W003,raw,depth,6,miou,0.3673910321843378
W003,raw,depth,6,n_pred,4.142857142857143
W003,raw,depth,6,n_reg,4.238095238095238
W003,raw,depth,8,f1@0.5,0.3838702147525678
W003,raw,depth,8,f1@0.75,0.3838702147525678
W003,raw,depth,8,miou,0.366458216440737
W003,raw,depth,8,n_pred,4.0
W003,raw,depth,8,n_reg,4.0
W003,raw,depth,12,f1@0.5,0.4809233634974458
W003,raw,depth,12,f1@0.75,0.4809233634974458
W003,raw,depth,12,miou,0.3899713244092044
W003,raw,depth,12,n_pred,5.0
W003,raw,depth,12,n_reg,5.0
W003,raw,depth,16,f1@0.5,0.3575412621188826
W003,raw,depth,16,f1@0.75,0.3575412621188826
W003,raw,depth,16,miou,0.3682950202549873
W003,raw,depth,16,n_pred,5.142857142857143
W003,raw,depth,16,n_reg,5.142857142857143
W003,raw,depth,24,f1@0.5,0.3575412621188826
W003,raw,depth,24,f1@0.75,0.3575412621188826
W003,raw,depth,24,miou,0.3596883470917068
W003,raw,depth,24,n_pred,5.142857142857143
W003,raw,depth,24,n_reg,5.142857142857143
W003,raw,depth,32,f1@0.5,0.3802987861811391
W003,raw,depth,32,f1@0.75,0.3802987861811391
W003,raw,depth,32,miou,0.3511141763787879
W003,raw,depth,32,n_pred,4.142857142857143
W003,raw,depth,32,n_reg,4.190476190476191
W003,raw,depth,48,f1@0.5,0.3575412621188826
W003,raw,depth,48,f1@0.75,0.3575412621188826
W003,raw,depth,48,miou,0.3605459316564379
W003,raw,depth,48,n_pred,5.142857142857143
W003,raw,depth,48,n_reg,5.142857142857143
W003,raw,normal,4,f1@0.5,0.4291342573134007
W003,raw,normal,4,f1@0.75,0.2401504105328884
W003,raw,normal,4,miou,0.3978580246569081
W003,raw,normal,4,n_pred,7.0
W003,raw,normal,4,n_reg,7.0
W003,raw,normal,6,f1@0.5,0.7216243039224406
W003,raw,normal,6,f1@0.75,0.5330963032826387
W003,raw,normal,6,miou,0.6929484545043464
W003,raw,normal,6,n_pred,10.0
W003,raw,normal,6,n_reg,10.0
W003,raw,normal,8,f1@0.5,0.5597452237203789
W003,raw,normal,8,f1@0.75,0.3704029579805977
W003,raw,normal,8,miou,0.5399457162760927
W003,raw,normal,8,n_pred,9.952380952380953
W003,raw,normal,8,n_reg,10.0
W003,raw,normal,12,f1@0.5,0.6975020700486539
W003,raw,normal,12,f1@0.75,0.54993187626728
W003,raw,normal,12,miou,0.7089966693824482
W003,raw,normal,12,n_pred,11.952380952380953
W003,raw,normal,12,n_reg,12.0
W003,raw,normal,16,f1@0.5,0.7331215527767252
W003,raw,normal,16,f1@0.75,0.5380262351526719
W003,raw,normal,16,miou,0.7128902486152269
W003,raw,normal,16,n_pred,13.0
W003,raw,normal,16,n_reg,13.0
W003,raw,normal,24,f1@0.5,0.683268718858781
W003,raw,normal,24,f1@0.75,0.4073809903002449
W003,raw,normal,24,miou,0.5507661382857326
W003,raw,normal,24,n_pred,12.0
W003,raw,normal,24,n_reg,12.0
W003,raw,normal,32,f1@0.5,0.6419224085476674
W003,raw,normal,32,f1@0.75,0.342254328755364
W003,raw,normal,32,miou,0.4408452901300298
W003,raw,normal,32,n_pred,10.904761904761903
W003,raw,normal,32,n_reg,11.0
W003,raw,normal,48,f1@0.5,0.6825400272605242
W003,raw,normal,48,f1@0.75,0.5446438792401526
W003,raw,normal,48,miou,0.7101196046579639
W003,raw,normal,48,n_pred,12.333333333333334
W003,raw,normal,48,n_reg,12.952380952380953
W003,raw,rgb,4,f1@0.5,0.6108290206034567
W003,raw,rgb,4,f1@0.75,0.3678709761416528
W003,raw,rgb,4,miou,0.6412590122526245
W003,raw,rgb,4,n_pred,8.0
W003,raw,rgb,4,n_reg,8.0
W003,raw,rgb,6,f1@0.5,0.6470638356352643
W003,raw,rgb,6,f1@0.75,0.3822125225437854
W003,raw,rgb,6,miou,0.6993833600693412
W003,raw,rgb,6,n_pred,11.285714285714286
W003,raw,rgb,6,n_reg,12.142857142857142
W003,raw,rgb,8,f1@0.5,0.6591015747537486
W003,raw,rgb,8,f1@0.75,0.5120803420182302
W003,raw,rgb,8,miou,0.6455034684016147
W003,raw,rgb,8,n_pred,9.333333333333334
W003,raw,rgb,8,n_reg,9.666666666666666
W003,raw,rgb,12,f1@0.5,0.6163782638331079
W003,raw,rgb,12,f1@0.75,0.4437022504345985
W003,raw,rgb,12,miou,0.7144086604618842
W003,raw,rgb,12,n_pred,17.095238095238095
W003,raw,rgb,12,n_reg,17.666666666666668
W003,raw,rgb,16,f1@0.5,0.5049521968008117
W003,raw,rgb,16,f1@0.75,0.2745038845266611
W003,raw,rgb,16,miou,0.6884365906821851
W003,raw,rgb,16,n_pred,15.38095238095238
W003,raw,rgb,16,n_reg,17.19047619047619
W003,raw,rgb,24,f1@0.5,0.6171374389765194
W003,raw,rgb,24,f1@0.75,0.5079752091246343
W003,raw,rgb,24,miou,0.7254176605615995
W003,raw,rgb,24,n_pred,17.047619047619047
W003,raw,rgb,24,n_reg,18.142857142857142
W003,raw,rgb,32,f1@0.5,0.574160816749937
W003,raw,rgb,32,f1@0.75,0.3909398544633462
W003,raw,rgb,32,miou,0.7021000997398767
W003,raw,rgb,32,n_pred,15.428571428571429
W003,raw,rgb,32,n_reg,17.095238095238095
W003,raw,rgb,48,f1@0.5,0.5648186770354258
W003,raw,rgb,48,f1@0.75,0.382390998285908
W003,raw,rgb,48,miou,0.72408009633025
W003,raw,rgb,48,n_pred,16.047619047619047
W003,raw,rgb,48,n_reg,18.285714285714285
W004,merged,depth,4,f1@0.5,0.5086874941364106
W004,merged,depth,4,f1@0.75,0.1142930856553147
W004,merged,depth,4,miou,0.4552253233461588
W004,merged,depth,4,n_pred,4.0
W004,merged,depth,4,n_reg,4.0
W004,merged,depth,6,f1@0.5,0.5935011883541296
W004,merged,depth,6,f1@0.75,0.3190433749257279
W004,merged,depth,6,miou,0.4797449893478098
W004,merged,depth,6,n_pred,4.954545454545454
W004,merged,depth,6,n_reg,4.954545454545454
W004,merged,depth,8,f1@0.5,0.5821573663538201
W004,merged,depth,8,f1@0.75,0.5040878610397327
W004,merged,depth,8,miou,0.5092017521830428
W004,merged,depth,8,n_pred,6.136363636363637
W004,merged,depth,8,n_reg,6.136363636363637
W004,merged,depth,12,f1@0.5,0.7408395401077641
W004,merged,depth,12,f1@0.75,0.584047361151217
W004,merged,depth,12,miou,0.6284198736935688
W004,merged,depth,12,n_pred,6.909090909090909
W004,merged,depth,12,n_reg,6.909090909090909
W004,merged,depth,16,f1@0.5,0.7408395401077641
W004,merged,depth,16,f1@0.75,0.6040414193805694
W004,merged,depth,16,miou,0.6304441648692165
W004,merged,depth,16,n_pred,6.909090909090909
W004,merged,depth,16,n_reg,6.909090909090909
W004,merged,depth,24,f1@0.5,0.5821573663538201
W004,merged,depth,24,f1@0.75,0.5142201436178357
W004,merged,depth,24,miou,0.5102082691992176
W004,merged,depth,24,n_pred,6.136363636363637
W004,merged,depth,24,n_reg,6.2727272727272725
W004,merged,depth,32,f1@0.5,0.5821573663538201
W004,merged,depth,32,f1@0.75,0.4886079848787419
W004,merged,depth,32,miou,0.5095498721255435
W004,merged,depth,32,n_pred,6.136363636363637
W004,merged,depth,32,n_reg,6.318181818181818
W004,merged,depth,48,f1@0.5,0.7408395401077641
W004,merged,depth,48,f1@0.75,0.5986938257976817
W004,merged,depth,48,miou,0.6309483084988785
W004,merged,depth,48,n_pred,6.909090909090909
W004,merged,depth,48,n_reg,7.045454545454546
W004,merged,normal,4,f1@0.5,0.7208920789287656
W004,merged,normal,4,f1@0.75,0.5499323995346952
W004,merged,normal,4,miou,0.67243740892196
W004,merged,normal,4,n_pred,7.090909090909091
W004,merged,normal,4,n_reg,7.090909090909091
W004,merged,normal,6,f1@0.5,0.7261214030404793
W004,merged,normal,6,f1@0.75,0.5840243800302048
W004,merged,normal,6,miou,0.7049190526398533
W004,merged,normal,6,n_pred,8.772727272727273
W004,merged,normal,6,n_reg,8.772727272727273
W004,merged,normal,8,f1@0.5,0.7889277586708416
W004,merged,normal,8,f1@0.75,0.6282158684530226
W004,merged,normal,8,miou,0.7090065665685725
W004,merged,normal,8,n_pred,9.681818181818182
W004,merged,normal,8,n_reg,9.681818181818182
W004,merged,normal,12,f1@0.5,0.767573893411214
W004,merged,normal,12,f1@0.75,0.6381532343254831
W004,merged,normal,12,miou,0.7060363015577097
W004,merged,normal,12,n_pred,9.090909090909092
W004,merged,normal,12,n_reg,9.181818181818182
W004,merged,normal,16,f1@0.5,0.7897979227623497
W004,merged,normal,16,f1@0.75,0.6276250363602142
W004,merged,normal,16,miou,0.7106194979445313
W004,merged,normal,16,n_pred,9.863636363636363
W004,merged,normal,16,n_reg,9.863636363636363
W004,merged,normal,24,f1@0.5,0.767573893411214
W004,merged,normal,24,f1@0.75,0.6381532343254831
W004,merged,normal,24,miou,0.7066618795418029
W004,merged,normal,24,n_pred,9.090909090909092
W004,merged,normal,24,n_reg,9.181818181818182
W004,merged,normal,32,f1@0.5,0.8512233813617214
W004,merged,normal,32,f1@0.75,0.628039286142053
W004,merged,normal,32,miou,0.7151433474893616
W004,merged,normal,32,n_pred,10.863636363636363
W004,merged,normal,32,n_reg,10.863636363636363
W004,merged,normal,48,f1@0.5,0.7612360941880393
W004,merged,normal,48,f1@0.75,0.6326076600052052
W004,merged,normal,48,miou,0.7102761177097435
W004,merged,normal,48,n_pred,9.272727272727272
W004,merged,normal,48,n_reg,9.318181818181818
W004,merged,rgb,4,f1@0.5,0.6765845094018469
W004,merged,rgb,4,f1@0.75,0.4144831776410724
W004,merged,rgb,4,miou,0.6738518246356662
W004,merged,rgb,4,n_pred,6.0
W004,merged,rgb,4,n_reg,6.0
W004,merged,rgb,6,f1@0.5,0.7470591078246581
W004,merged,rgb,6,f1@0.75,0.5240176888502247
W004,merged,rgb,6,miou,0.689425150603574
W004,merged,rgb,6,n_pred,7.0
W004,merged,rgb,6,n_reg,7.0
W004,merged,rgb,8,f1@0.5,0.7247937036266555
W004,merged,rgb,8,f1@0.75,0.5126592832542489
W004,merged,rgb,8,miou,0.6889181792593599
W004,merged,rgb,8,n_pred,7.590909090909091
W004,merged,rgb,8,n_reg,7.590909090909091
W004,merged,rgb,12,f1@0.5,0.7451983954376299
W004,merged,rgb,12,f1@0.75,0.5272340631192306
W004,merged,rgb,12,miou,0.6903029123734314
W004,merged,rgb,12,n_pred,7.045454545454546
W004,merged,rgb,12,n_reg,7.090909090909091
W004,merged,rgb,16,f1@0.5,0.7470591078246581
W004,merged,rgb,16,f1@0.75,0.5285631433956793
W004,merged,rgb,16,miou,0.6895664778977616
W004,merged,rgb,16,n_pred,7.0
W004,merged,rgb,16,n_reg,7.0
W004,merged,rgb,24,f1@0.5,0.7414769706635735
W004,merged,rgb,24,f1@0.75,0.5245759025663331
W004,merged,rgb,24,miou,0.6876119441623746
W004,merged,rgb,24,n_pred,7.136363636363637
W004,merged,rgb,24,n_reg,7.272727272727272
W004,merged,rgb,32,f1@0.5,0.8667496535085468
W004,merged,rgb,32,f1@0.75,0.6438606847697756
W004,merged,rgb,32,miou,0.8451621504414729
W004,merged,rgb,32,n_pred,9.227272727272728
W004,merged,rgb,32,n_reg,9.363636363636363
W004,merged,rgb,48,f1@0.5,0.8600200195061856
W004,merged,rgb,48,f1@0.75,0.6413715072805982
W004,merged,rgb,48,miou,0.8434248235473472
W004,merged,rgb,48,n_pred,9.181818181818182
W004,merged,rgb,48,n_reg,9.227272727272728
W004,raw,depth,4,f1@0.5,0.4460058345507262
W004,raw,depth,4,f1@0.75,0.1014747206697671
W004,raw,depth,4,miou,0.4552253233461588
W004,raw,depth,4,n_pred,6.0
W004,raw,depth,4,n_reg,6.0
W004,raw,depth,6,f1@0.5,0.5437457279562543
W004,raw,depth,6,f1@0.75,0.2950245488945179
W004,raw,depth,6,miou,0.4797449893478098
W004,raw,depth,6,n_pred,6.0
W004,raw,depth,6,n_reg,6.0
W004,raw,depth,8,f1@0.5,0.5201674986363982
W004,raw,depth,8,f1@0.75,0.4764711365189834
W004,raw,depth,8,miou,0.5092017521830428
W004,raw,depth,8,n_pred,7.136363636363637
W004,raw,depth,8,n_reg,7.272727272727272
W004,raw,depth,12,f1@0.5,0.6927470040534321
W004,raw,depth,12,f1@0.75,0.5484238803980847
W004,raw,depth,12,miou,0.6284198736935688
W004,raw,depth,12,n_pred,7.954545454545454
W004,raw,depth,12,n_reg,7.954545454545454
W004,raw,depth,16,f1@0.5,0.6927470040534321
W004,raw,depth,16,f1@0.75,0.567106951712735
W004,raw,depth,16,miou,0.6304441648692165
W004,raw,depth,16,n_pred,7.954545454545454
W004,raw,depth,16,n_reg,7.954545454545454
W004,raw,depth,24,f1@0.5,0.5189713263875944
W004,raw,depth,24,f1@0.75,0.4853759743711897
W004,raw,depth,24,miou,0.5102096254847959
W004,raw,depth,24,n_pred,7.181818181818182
W004,raw,depth,24,n_reg,7.772727272727272
W004,raw,depth,32,f1@0.5,0.5189713263875944
W004,raw,depth,32,f1@0.75,0.4613993661840551
W004,raw,depth,32,miou,0.5095515376256856
W004,raw,depth,32,n_pred,7.181818181818182
W004,raw,depth,32,n_reg,8.136363636363637
W004,raw,depth,48,f1@0.5,0.6910723629051069
W004,raw,depth,48,f1@0.75,0.5611260904687158
W004,raw,depth,48,miou,0.6309498062708805
W004,raw,depth,48,n_pred,8.0
W004,raw,depth,48,n_reg,8.772727272727273
W004,raw,normal,4,f1@0.5,0.6532707082114196
W004,raw,normal,4,f1@0.75,0.4941331724928562
W004,raw,normal,4,miou,0.6724475600170555
W004,raw,normal,4,n_pred,9.0
W004,raw,normal,4,n_reg,9.181818181818182
W004,raw,normal,6,f1@0.5,0.6512836636354423
W004,raw,normal,6,f1@0.75,0.5229288169011489
W004,raw,normal,6,miou,0.7049190526398533
W004,raw,normal,6,n_pred,11.0
W004,raw,normal,6,n_reg,11.0
W004,raw,normal,8,f1@0.5,0.7144371965320583
W004,raw,normal,8,f1@0.75,0.5647245793293224
W004,raw,normal,8,miou,0.7090008920537851
W004,raw,normal,8,n_pred,11.909090909090908
W004,raw,normal,8,n_reg,11.954545454545457
W004,raw,normal,12,f1@0.5,0.6568268687833906
W004,raw,normal,12,f1@0.75,0.5417491928361494
W004,raw,normal,12,miou,0.7060349511944424
W004,raw,normal,12,n_pred,12.590909090909092
W004,raw,normal,12,n_reg,12.954545454545457
W004,raw,normal,16,f1@0.5,0.6821207119626091
W004,raw,normal,16,f1@0.75,0.5379772328388929
W004,raw,normal,16,miou,0.7106988893387913
W004,raw,normal,16,n_pred,13.136363636363637
W004,raw,normal,16,n_reg,14.0
W004,raw,normal,24,f1@0.5,0.6825742424754282
W004,raw,normal,24,f1@0.75,0.5631944559612544
W004,raw,normal,24,miou,0.7066618795418029
W004,raw,normal,24,n_pred,11.681818181818182
W004,raw,normal,24,n_reg,11.909090909090908
W004,raw,normal,32,f1@0.5,0.7331795981795982
W004,raw,normal,32,f1@0.75,0.5340626040626041
W004,raw,normal,32,miou,0.7152392711776404
W004,raw,normal,32,n_pred,14.5
W004,raw,normal,32,n_reg,15.272727272727272
W004,raw,normal,48,f1@0.5,0.6532612234786147
W004,raw,normal,48,f1@0.75,0.5389102684754858
W004,raw,normal,48,miou,0.7102761177097435
W004,raw,normal,48,n_pred,12.727272727272728
W004,raw,normal,48,n_reg,12.909090909090908
W004,raw,rgb,4,f1@0.5,0.6314194577352472
W004,raw,rgb,4,f1@0.75,0.3923082499637523
W004,raw,rgb,4,miou,0.6738518246356662
W004,raw,rgb,4,n_pred,7.0
W004,raw,rgb,4,n_reg,7.0
W004,raw,rgb,6,f1@0.5,0.7045385202135773
W004,raw,rgb,6,f1@0.75,0.4973748600750889
W004,raw,rgb,6,miou,0.689425150603574
W004,raw,rgb,6,n_pred,8.0
W004,raw,rgb,6,n_reg,8.0
W004,raw,rgb,8,f1@0.5,0.6812951800990078
W004,raw,rgb,8,f1@0.75,0.4847076368607469
W004,raw,rgb,8,miou,0.6889181792593599
W004,raw,rgb,8,n_pred,8.681818181818182
W004,raw,rgb,8,n_reg,8.681818181818182
W004,raw,rgb,12,f1@0.5,0.6989113098952916
W004,raw,rgb,12,f1@0.75,0.5005076921552895
W004,raw,rgb,12,miou,0.6903029123734314
W004,raw,rgb,12,n_pred,8.045454545454545
W004,raw,rgb,12,n_reg,8.363636363636363
W004,raw,rgb,16,f1@0.5,0.6922127453019902
W004,raw,rgb,16,f1@0.75,0.4954837687103133
W004,raw,rgb,16,miou,0.6895664778977616
W004,raw,rgb,16,n_pred,8.227272727272727
W004,raw,rgb,16,n_reg,8.318181818181818
W004,raw,rgb,24,f1@0.5,0.6449134199134199
W004,raw,rgb,24,f1@0.75,0.4597697756788665
W004,raw,rgb,24,miou,0.6876171899197376
W004,raw,rgb,24,n_pred,9.409090909090908
W004,raw,rgb,24,n_reg,10.181818181818182
W004,raw,rgb,32,f1@0.5,0.7254849140027005
W004,raw,rgb,32,f1@0.75,0.5041610490227092
W004,raw,rgb,32,miou,0.8453291359385555
W004,raw,rgb,32,n_pred,12.181818181818182
W004,raw,rgb,32,n_reg,12.909090909090908
W004,raw,rgb,48,f1@0.5,0.6901455790586225
W004,raw,rgb,48,f1@0.75,0.4594662422923292
W004,raw,rgb,48,miou,0.8435862728585451
W004,raw,rgb,48,n_pred,13.136363636363637
W004,raw,rgb,48,n_reg,13.363636363636363
W005,merged,depth,4,f1@0.5,0.6147875816993464
W005,merged,depth,4,f1@0.75,0.3002450980392157
W005,merged,depth,4,miou,0.6353700176943102
W005,merged,depth,4,n_pred,5.0
W005,merged,depth,4,n_reg,5.0
W005,merged,depth,6,f1@0.5,0.6147875816993464
W005,merged,depth,6,f1@0.75,0.3002450980392157
W005,merged,depth,6,miou,0.6355967004641445
W005,merged,depth,6,n_pred,5.0
W005,merged,depth,6,n_reg,5.0
W005,merged,depth,8,f1@0.5,0.6147875816993464
W005,merged,depth,8,f1@0.75,0.3141339869281045
W005,merged,depth,8,miou,0.6379189797416714
W005,merged,depth,8,n_pred,5.0
W005,merged,depth,8,n_reg,5.0
W005,merged,depth,12,f1@0.5,0.6147875816993464
W005,merged,depth,12,f1@0.75,0.3071895424836601
W005,merged,depth,12,miou,0.6376879132921844
W005,merged,depth,12,n_pred,5.0
W005,merged,depth,12,n_reg,5.0
W005,merged,depth,16,f1@0.5,0.6147875816993464
W005,merged,depth,16,f1@0.75,0.3071895424836601
W005,merged,depth,16,miou,0.6381333108441533
W005,merged,depth,16,n_pred,5.0
W005,merged,depth,16,n_reg,5.0
W005,merged,depth,24,f1@0.5,0.6147875816993464
W005,merged,depth,24,f1@0.75,0.3071895424836601
W005,merged,depth,24,miou,0.6378944787982201
W005,merged,depth,24,n_pred,5.0
W005,merged,depth,24,n_reg,5.0
W005,merged,depth,32,f1@0.5,0.6147875816993464
W005,merged,depth,32,f1@0.75,0.3071895424836601
W005,merged,depth,32,miou,0.6381020843201094
W005,merged,depth,32,n_pred,5.0
W005,merged,depth,32,n_reg,5.0
W005,merged,depth,48,f1@0.5,0.6147875816993464
W005,merged,depth,48,f1@0.75,0.4031862745098039
W005,merged,depth,48,miou,0.6595814480413089
W005,merged,depth,48,n_pred,5.0
W005,merged,depth,48,n_reg,5.0
W005,merged,normal,4,f1@0.5,0.623139070442992
W005,merged,normal,4,f1@0.75,0.3358297022512709
W005,merged,normal,4,miou,0.6096014093471785
W005,merged,normal,4,n_pred,5.666666666666667
W005,merged,normal,4,n_reg,5.666666666666667
W005,merged,normal,6,f1@0.5,0.6920842411038489
W005,merged,normal,6,f1@0.75,0.3998012460344762
W005,merged,normal,6,miou,0.5689083817164771
W005,merged,normal,6,n_pred,6.555555555555555
W005,merged,normal,6,n_reg,6.611111111111111
W005,merged,normal,8,f1@0.5,0.681745212704965
W005,merged,normal,8,f1@0.75,0.4912089592172151
W005,merged,normal,8,miou,0.6536754361723056
W005,merged,normal,8,n_pred,6.833333333333333
W005,merged,normal,8,n_reg,7.0
W005,merged,normal,12,f1@0.5,0.7466211825860948
W005,merged,normal,12,f1@0.75,0.5324932702125684
W005,merged,normal,12,miou,0.6999336265249986
W005,merged,normal,12,n_pred,7.944444444444445
W005,merged,normal,12,n_reg,8.055555555555555
W005,merged,normal,16,f1@0.5,0.702579979360165
W005,merged,normal,16,f1@0.75,0.5269368956159463
W005,merged,normal,16,miou,0.657933194269157
W005,merged,normal,16,n_pred,6.611111111111111
W005,merged,normal,16,n_reg,7.055555555555555
W005,merged,normal,24,f1@0.5,0.6773879142300195
W005,merged,normal,24,f1@0.75,0.5064977257959714
W005,merged,normal,24,miou,0.6586522179656842
W005,merged,normal,24,n_pred,6.944444444444445
W005,merged,normal,24,n_reg,7.0
W005,merged,normal,32,f1@0.5,0.6775197798417613
W005,merged,normal,32,f1@0.75,0.5042139662882696
W005,merged,normal,32,miou,0.6615614349769009
W005,merged,normal,32,n_pred,7.277777777777778
W005,merged,normal,32,n_reg,7.388888888888889
W005,merged,normal,48,f1@0.5,0.6679337231968812
W005,merged,normal,48,f1@0.75,0.4975308641975309
W005,merged,normal,48,miou,0.6618398192032613
W005,merged,normal,48,n_pred,7.555555555555555
W005,merged,normal,48,n_reg,7.666666666666667
W005,merged,rgb,4,f1@0.5,0.3930555555555555
W005,merged,rgb,4,f1@0.75,0.262037037037037
W005,merged,rgb,4,miou,0.4835798613530515
W005,merged,rgb,4,n_pred,4.0
W005,merged,rgb,4,n_reg,4.0
W005,merged,rgb,6,f1@0.5,0.5388812445055995
W005,merged,rgb,6,f1@0.75,0.4116060849290983
W005,merged,rgb,6,miou,0.4938575048385671
W005,merged,rgb,6,n_pred,7.111111111111111
W005,merged,rgb,6,n_reg,7.555555555555555
W005,merged,rgb,8,f1@0.5,0.69453044375645
W005,merged,rgb,8,f1@0.75,0.4780032870848145
W005,merged,rgb,8,miou,0.7072414456983735
W005,merged,rgb,8,n_pred,6.166666666666667
W005,merged,rgb,8,n_reg,6.166666666666667
W005,merged,rgb,12,f1@0.5,0.5296532577234331
W005,merged,rgb,12,f1@0.75,0.4065065863311477
W005,merged,rgb,12,miou,0.5246798405603323
W005,merged,rgb,12,n_pred,7.833333333333333
W005,merged,rgb,12,n_reg,7.944444444444445
W005,merged,rgb,16,f1@0.5,0.554431831212017
W005,merged,rgb,16,f1@0.75,0.4189466039827236
W005,merged,rgb,16,miou,0.4955926215952704
W005,merged,rgb,16,n_pred,6.777777777777778
W005,merged,rgb,16,n_reg,6.888888888888889
W005,merged,rgb,24,f1@0.5,0.5648817031685969
W005,merged,rgb,24,f1@0.75,0.4518403852769178
W005,merged,rgb,24,miou,0.499408263893171
W005,merged,rgb,24,n_pred,6.444444444444445
W005,merged,rgb,24,n_reg,6.611111111111111
W005,merged,rgb,32,f1@0.5,0.5476856629591408
W005,merged,rgb,32,f1@0.75,0.4205137025570462
W005,merged,rgb,32,miou,0.496614434937921
W005,merged,rgb,32,n_pred,7.0
W005,merged,rgb,32,n_reg,7.055555555555555
W005,merged,rgb,48,f1@0.5,0.7595191682910981
W005,merged,rgb,48,f1@0.75,0.5423976608187134
W005,merged,rgb,48,miou,0.7159657943860411
W005,merged,rgb,48,n_pred,7.166666666666667
W005,merged,rgb,48,n_reg,7.166666666666667
W005,raw,depth,4,f1@0.5,0.5755265068990559
W005,raw,depth,4,f1@0.75,0.2810457516339869
W005,raw,depth,4,miou,0.6353700176943102
W005,raw,depth,4,n_pred,6.111111111111111
W005,raw,depth,4,n_reg,6.111111111111111
W005,raw,depth,6,f1@0.5,0.5773420479302832
W005,raw,depth,6,f1@0.75,0.2817719680464778
W005,raw,depth,6,miou,0.6355967004641445
W005,raw,depth,6,n_pred,6.055555555555555
W005,raw,depth,6,n_reg,6.111111111111111
W005,raw,depth,8,f1@0.5,0.4464912280701754
W005,raw,depth,8,f1@0.75,0.2520467836257309
W005,raw,depth,8,miou,0.6379189797416714
W005,raw,depth,8,n_pred,8.11111111111111
W005,raw,depth,8,n_reg,8.11111111111111
W005,raw,depth,12,f1@0.5,0.4464912280701754
W005,raw,depth,12,f1@0.75,0.2520467836257309
W005,raw,depth,12,miou,0.6376879132921844
W005,raw,depth,12,n_pred,8.11111111111111
W005,raw,depth,12,n_reg,8.11111111111111
W005,raw,depth,16,f1@0.5,0.4464912280701754
W005,raw,depth,16,f1@0.75,0.2520467836257309
W005,raw,depth,16,miou,0.6381333108441533
W005,raw,depth,16,n_pred,8.11111111111111
W005,raw,depth,16,n_reg,8.11111111111111
W005,raw,depth,24,f1@0.5,0.4513181100900398
W005,raw,depth,24,f1@0.75,0.2513738048825768
W005,raw,depth,24,miou,0.6378944787982201
W005,raw,depth,24,n_pred,8.166666666666666
W005,raw,depth,24,n_reg,8.277777777777779
W005,raw,depth,32,f1@0.5,0.4539636127355426
W005,raw,depth,32,f1@0.75,0.2526965562053281
W005,raw,depth,32,miou,0.6381020843201094
W005,raw,depth,32,n_pred,8.055555555555555
W005,raw,depth,32,n_reg,8.11111111111111
W005,raw,depth,48,f1@0.5,0.4640350877192982
W005,raw,depth,48,f1@0.75,0.315204678362573
W005,raw,depth,48,miou,0.6595814480413089
W005,raw,depth,48,n_pred,8.11111111111111
W005,raw,depth,48,n_reg,8.166666666666666
W005,raw,normal,4,f1@0.5,0.5285899935022742
W005,raw,normal,4,f1@0.75,0.3102664067576348
W005,raw,normal,4,miou,0.6096014093471785
W005,raw,normal,4,n_pred,7.0
W005,raw,normal,4,n_reg,7.0
W005,raw,normal,6,f1@0.5,0.5894736842105263
W005,raw,normal,6,f1@0.75,0.3701754385964912
W005,raw,normal,6,miou,0.5689083817164771
W005,raw,normal,6,n_pred,7.944444444444445
W005,raw,normal,6,n_reg,8.0
W005,raw,normal,8,f1@0.5,0.5910192147034252
W005,raw,normal,8,f1@0.75,0.4422862712336396
W005,raw,normal,8,miou,0.6536754361723056
W005,raw,normal,8,n_pred,8.833333333333334
W005,raw,normal,8,n_reg,9.0
W005,raw,normal,12,f1@0.5,0.6811928811928811
W005,raw,normal,12,f1@0.75,0.486050986050986
W005,raw,normal,12,miou,0.6999336265249986
W005,raw,normal,12,n_pred,9.77777777777778
W005,raw,normal,12,n_reg,10.0
W005,raw,normal,16,f1@0.5,0.631328320802005
W005,raw,normal,16,f1@0.75,0.4682678919521025
W005,raw,normal,16,miou,0.657933194269157
W005,raw,normal,16,n_pred,8.61111111111111
W005,raw,normal,16,n_reg,9.166666666666666
W005,raw,normal,24,f1@0.5,0.6120718462823725
W005,raw,normal,24,f1@0.75,0.4411166805903648
W005,raw,normal,24,miou,0.6586522179656842
W005,raw,normal,24,n_pred,8.88888888888889
W005,raw,normal,24,n_reg,9.0
W005,raw,normal,32,f1@0.5,0.6229184071289334
W005,raw,normal,32,f1@0.75,0.4411166805903648
W005,raw,normal,32,miou,0.6615723144210324
W005,raw,normal,32,n_pred,8.88888888888889
W005,raw,normal,32,n_reg,9.0
W005,raw,normal,48,f1@0.5,0.6246727930938456
W005,raw,normal,48,f1@0.75,0.4422862712336396
W005,raw,normal,48,miou,0.6618398192032613
W005,raw,normal,48,n_pred,8.833333333333334
W005,raw,normal,48,n_reg,9.0
W005,raw,rgb,4,f1@0.5,0.3688725490196078
W005,raw,rgb,4,f1@0.75,0.2459150326797385
W005,raw,rgb,4,miou,0.4835798613530515
W005,raw,rgb,4,n_pred,5.0
W005,raw,rgb,4,n_reg,5.0
W005,raw,rgb,6,f1@0.5,0.4993873572820941
W005,raw,rgb,6,f1@0.75,0.381704260651629
W005,raw,rgb,6,miou,0.4938575048385671
W005,raw,rgb,6,n_pred,8.555555555555555
W005,raw,rgb,6,n_reg,9.0
W005,raw,rgb,8,f1@0.5,0.616318574213311
W005,raw,rgb,8,f1@0.75,0.3731133389028125
W005,raw,rgb,8,miou,0.707304110344905
W005,raw,rgb,8,n_pred,8.38888888888889
W005,raw,rgb,8,n_reg,8.555555555555555
W005,raw,rgb,12,f1@0.5,0.3932302265635599
W005,raw,rgb,12,f1@0.75,0.1730063763397096
W005,raw,rgb,12,miou,0.5247448125617691
W005,raw,rgb,12,n_pred,14.444444444444445
W005,raw,rgb,12,n_reg,14.77777777777778
W005,raw,rgb,16,f1@0.5,0.4618545705502227
W005,raw,rgb,16,f1@0.75,0.3082899387247213
W005,raw,rgb,16,miou,0.4955926215952704
W005,raw,rgb,16,n_pred,10.38888888888889
W005,raw,rgb,16,n_reg,10.61111111111111
W005,raw,rgb,24,f1@0.5,0.4731528535876362
W005,raw,rgb,24,f1@0.75,0.3264121546730242
W005,raw,rgb,24,miou,0.499408263893171
W005,raw,rgb,24,n_pred,9.88888888888889
W005,raw,rgb,24,n_reg,10.61111111111111
W005,raw,rgb,32,f1@0.5,0.4476572139615618
W005,raw,rgb,32,f1@0.75,0.29893918480875
W005,raw,rgb,32,miou,0.4966728670726388
W005,raw,rgb,32,n_pred,11.11111111111111
W005,raw,rgb,32,n_reg,11.61111111111111
W005,raw,rgb,48,f1@0.5,0.601540770019031
W005,raw,rgb,48,f1@0.75,0.3872236861367296
W005,raw,rgb,48,miou,0.7160292122324479
W005,raw,rgb,48,n_pred,11.444444444444445
W005,raw,rgb,48,n_reg,11.555555555555555
W006,merged,depth,4,f1@0.5,0.3784576210014806
W006,merged,depth,4,f1@0.75,0.236629087286982
W006,merged,depth,4,miou,0.223087498045478
W006,merged,depth,4,n_pred,4.916666666666667
W006,merged,depth,4,n_reg,5.0
W006,merged,depth,6,f1@0.5,0.4139724148496078
W006,merged,depth,6,f1@0.75,0.2717941999520947
W006,merged,depth,6,miou,0.2694269205330354
W006,merged,depth,6,n_pred,5.416666666666667
W006,merged,depth,6,n_reg,5.5
W006,merged,depth,8,f1@0.5,0.4059952068723998
W006,merged,depth,8,f1@0.75,0.2655004936583884
W006,merged,depth,8,miou,0.2666744626962681
W006,merged,depth,8,n_pred,5.333333333333333
W006,merged,depth,8,n_reg,5.416666666666667
W006,merged,depth,12,f1@0.5,0.4059952068723998
W006,merged,depth,12,f1@0.75,0.2655004936583884
W006,merged,depth,12,miou,0.2668618545190122
W006,merged,depth,12,n_pred,5.333333333333333
W006,merged,depth,12,n_reg,5.416666666666667
W006,merged,depth,16,f1@0.5,0.4059952068723998
W006,merged,depth,16,f1@0.75,0.273076251234146
W006,merged,depth,16,miou,0.268428463935296
W006,merged,depth,16,n_pred,5.333333333333333
W006,merged,depth,16,n_reg,5.416666666666667
W006,merged,depth,24,f1@0.5,0.4152544661316591
W006,merged,depth,24,f1@0.75,0.2664095845674792
W006,merged,depth,24,miou,0.2674243102446392
W006,merged,depth,24,n_pred,5.333333333333333
W006,merged,depth,24,n_reg,5.416666666666667
W006,merged,depth,32,f1@0.5,0.4059952068723998
W006,merged,depth,32,f1@0.75,0.2823355104934052
W006,merged,depth,32,miou,0.271319077828984
W006,merged,depth,32,n_pred,5.333333333333333
W006,merged,depth,32,n_reg,5.416666666666667
W006,merged,depth,48,f1@0.5,0.418904621383645
W006,merged,depth,48,f1@0.75,0.271600779506958
W006,merged,depth,48,miou,0.2798579368150536
W006,merged,depth,48,n_pred,5.5
W006,merged,depth,48,n_reg,5.583333333333333
W006,merged,normal,4,f1@0.5,0.3743817034167911
W006,merged,normal,4,f1@0.75,0.2014665873437803
W006,merged,normal,4,miou,0.3056008172561438
W006,merged,normal,4,n_pred,5.416666666666667
W006,merged,normal,4,n_reg,5.416666666666667
W006,merged,normal,6,f1@0.5,0.4576789762098423
W006,merged,normal,6,f1@0.75,0.2696954575653384
W006,merged,normal,6,miou,0.3729481093520717
W006,merged,normal,6,n_pred,7.166666666666667
W006,merged,normal,6,n_reg,7.25
W006,merged,normal,8,f1@0.5,0.3810118393228154
W006,merged,normal,8,f1@0.75,0.2663799236351118
W006,merged,normal,8,miou,0.3037043299754316
W006,merged,normal,8,n_pred,6.416666666666667
W006,merged,normal,8,n_reg,6.916666666666667
W006,merged,normal,12,f1@0.5,0.4854109050573318
W006,merged,normal,12,f1@0.75,0.3154435979460967
W006,merged,normal,12,miou,0.3425352388730256
W006,merged,normal,12,n_pred,7.25
W006,merged,normal,12,n_reg,7.333333333333333
W006,merged,normal,16,f1@0.5,0.4862380937725523
W006,merged,normal,16,f1@0.75,0.3073747152746766
W006,merged,normal,16,miou,0.3911768616837258
W006,merged,normal,16,n_pred,8.166666666666666
W006,merged,normal,16,n_reg,8.333333333333334
W006,merged,normal,24,f1@0.5,0.4921607839358339
W006,merged,normal,24,f1@0.75,0.3194226685659094
W006,merged,normal,24,miou,0.3936418879600605
W006,merged,normal,24,n_pred,8.25
W006,merged,normal,24,n_reg,8.416666666666666
W006,merged,normal,32,f1@0.5,0.492998526440243
W006,merged,normal,32,f1@0.75,0.3197334192752109
W006,merged,normal,32,miou,0.3960957132479119
W006,merged,normal,32,n_pred,8.25
W006,merged,normal,32,n_reg,8.416666666666666
W006,merged,normal,48,f1@0.5,0.5143848978666651
W006,merged,normal,48,f1@0.75,0.3156336810298942
W006,merged,normal,48,miou,0.3976625933611878
W006,merged,normal,48,n_pred,8.166666666666666
W006,merged,normal,48,n_reg,8.25
W006,merged,rgb,4,f1@0.5,0.3625485300923897
W006,merged,rgb,4,f1@0.75,0.1866754996140961
W006,merged,rgb,4,miou,0.2494995631103416
W006,merged,rgb,4,n_pred,4.916666666666667
W006,merged,rgb,4,n_reg,4.916666666666667
W006,merged,rgb,6,f1@0.5,0.4286370211585235
W006,merged,rgb,6,f1@0.75,0.2355841535652945
W006,merged,rgb,6,miou,0.3198218942384674
W006,merged,rgb,6,n_pred,6.166666666666667
W006,merged,rgb,6,n_reg,6.166666666666667
W006,merged,rgb,8,f1@0.5,0.5616575593241696
W006,merged,rgb,8,f1@0.75,0.2943845886383086
W006,merged,rgb,8,miou,0.3405560411517281
W006,merged,rgb,8,n_pred,9.083333333333334
W006,merged,rgb,8,n_reg,9.25
W006,merged,rgb,12,f1@0.5,0.5107094850935431
W006,merged,rgb,12,f1@0.75,0.2278541319121029
W006,merged,rgb,12,miou,0.4110305902591731
W006,merged,rgb,12,n_pred,10.0
W006,merged,rgb,12,n_reg,10.166666666666666
W006,merged,rgb,16,f1@0.5,0.5644860159206112
W006,merged,rgb,16,f1@0.75,0.2858542351992502
W006,merged,rgb,16,miou,0.399966045843088
W006,merged,rgb,16,n_pred,9.916666666666666
W006,merged,rgb,16,n_reg,10.083333333333334
W006,merged,rgb,24,f1@0.5,0.6327560905278297
W006,merged,rgb,24,f1@0.75,0.3209341262602132
W006,merged,rgb,24,miou,0.3801705643264703
W006,merged,rgb,24,n_pred,10.083333333333334
W006,merged,rgb,24,n_reg,10.166666666666666
W006,merged,rgb,32,f1@0.5,0.6493477651270528
W006,merged,rgb,32,f1@0.75,0.3563221135327421
W006,merged,rgb,32,miou,0.4284410685388615
W006,merged,rgb,32,n_pred,11.0
W006,merged,rgb,32,n_reg,11.083333333333334
W006,merged,rgb,48,f1@0.5,0.5960304866464388
W006,merged,rgb,48,f1@0.75,0.3431368203810511
W006,merged,rgb,48,miou,0.3773665260773268
W006,merged,rgb,48,n_pred,10.583333333333334
W006,merged,rgb,48,n_reg,11.0
W006,raw,depth,4,f1@0.5,0.3488583998423815
W006,raw,depth,4,f1@0.75,0.2203109396606727
W006,raw,depth,4,miou,0.223087498045478
W006,raw,depth,4,n_pred,5.833333333333333
W006,raw,depth,4,n_reg,6.0
W006,raw,depth,6,f1@0.5,0.3791927434375947
W006,raw,depth,6,f1@0.75,0.263725671734825
W006,raw,depth,6,miou,0.2694269205330354
W006,raw,depth,6,n_pred,6.083333333333333
W006,raw,depth,6,n_reg,6.416666666666667
W006,raw,depth,8,f1@0.5,0.384546568356637
W006,raw,depth,8,f1@0.75,0.2495073779513138
W006,raw,depth,8,miou,0.2666744626962681
W006,raw,depth,8,n_pred,6.166666666666667
W006,raw,depth,8,n_reg,6.416666666666667
W006,raw,depth,12,f1@0.5,0.3861338699439385
W006,raw,depth,12,f1@0.75,0.256711285155221
W006,raw,depth,12,miou,0.2668618545190122
W006,raw,depth,12,n_pred,6.083333333333333
W006,raw,depth,12,n_reg,6.416666666666667
W006,raw,depth,16,f1@0.5,0.3835202957786403
W006,raw,depth,16,f1@0.75,0.2559327367005107
W006,raw,depth,16,miou,0.268428463935296
W006,raw,depth,16,n_pred,6.25
W006,raw,depth,16,n_reg,6.416666666666667
W006,raw,depth,24,f1@0.5,0.3065038078642566
W006,raw,depth,24,f1@0.75,0.2411091783391923
W006,raw,depth,24,miou,0.2674243102446392
W006,raw,depth,24,n_pred,7.666666666666667
W006,raw,depth,24,n_reg,7.833333333333333
W006,raw,depth,32,f1@0.5,0.384546568356637
W006,raw,depth,32,f1@0.75,0.2655256845874694
W006,raw,depth,32,miou,0.271319077828984
W006,raw,depth,32,n_pred,6.166666666666667
W006,raw,depth,32,n_reg,6.416666666666667
W006,raw,depth,48,f1@0.5,0.3787403022597925
W006,raw,depth,48,f1@0.75,0.2488819971466148
W006,raw,depth,48,miou,0.2798579368150536
W006,raw,depth,48,n_pred,6.916666666666667
W006,raw,depth,48,n_reg,7.166666666666667
W006,raw,normal,4,f1@0.5,0.2917276168775419
W006,raw,normal,4,f1@0.75,0.1926970830269181
W006,raw,normal,4,miou,0.3056008172561438
W006,raw,normal,4,n_pred,6.416666666666667
W006,raw,normal,4,n_reg,6.416666666666667
W006,raw,normal,6,f1@0.5,0.4475912569115967
W006,raw,normal,6,f1@0.75,0.2688182645828822
W006,raw,normal,6,miou,0.3729481093520717
W006,raw,normal,6,n_pred,7.25
W006,raw,normal,6,n_reg,7.333333333333333
W006,raw,normal,8,f1@0.5,0.3736385553477008
W006,raw,normal,8,f1@0.75,0.261677353131626
W006,raw,normal,8,miou,0.3048671778320271
W006,raw,normal,8,n_pred,6.833333333333333
W006,raw,normal,8,n_reg,7.333333333333333
W006,raw,normal,12,f1@0.5,0.3605260926731951
W006,raw,normal,12,f1@0.75,0.1913936940981151
W006,raw,normal,12,miou,0.3425352388730256
W006,raw,normal,12,n_pred,11.25
W006,raw,normal,12,n_reg,11.583333333333334
W006,raw,normal,16,f1@0.5,0.3668502273725669
W006,raw,normal,16,f1@0.75,0.1956548212478412
W006,raw,normal,16,miou,0.3911768616837258
W006,raw,normal,16,n_pred,12.083333333333334
W006,raw,normal,16,n_reg,12.25
W006,raw,normal,24,f1@0.5,0.3671250100702215
W006,raw,normal,24,f1@0.75,0.2675799326630315
W006,raw,normal,24,miou,0.3936418879600605
W006,raw,normal,24,n_pred,12.583333333333334
W006,raw,normal,24,n_reg,12.833333333333334
W006,raw,normal,32,f1@0.5,0.4135985502364812
W006,raw,normal,32,f1@0.75,0.2000341652281307
W006,raw,normal,32,miou,0.3960957132479119
W006,raw,normal,32,n_pred,12.583333333333334
W006,raw,normal,32,n_reg,13.666666666666666
W006,raw,normal,48,f1@0.5,0.4600833117499784
W006,raw,normal,48,f1@0.75,0.2081781798448465
W006,raw,normal,48,miou,0.3976625933611878
W006,raw,normal,48,n_pred,10.666666666666666
W006,raw,normal,48,n_reg,11.25
W006,raw,rgb,4,f1@0.5,0.3316021498630194
W006,raw,rgb,4,f1@0.75,0.1712684470655485
W006,raw,rgb,4,miou,0.2494995631103416
W006,raw,rgb,4,n_pred,5.916666666666667
W006,raw,rgb,4,n_reg,6.0
W006,raw,rgb,6,f1@0.5,0.4085628902720357
W006,raw,rgb,6,f1@0.75,0.2284553129880466
W006,raw,rgb,6,miou,0.3198218942384674
W006,raw,rgb,6,n_pred,6.833333333333333
W006,raw,rgb,6,n_reg,6.833333333333333
W006,raw,rgb,8,f1@0.5,0.5008256431295647
W006,raw,rgb,8,f1@0.75,0.2656671020519059
W006,raw,rgb,8,miou,0.3405560411517281
W006,raw,rgb,8,n_pred,11.833333333333334
W006,raw,rgb,8,n_reg,12.666666666666666
W006,raw,rgb,12,f1@0.5,0.4121772836077537
W006,raw,rgb,12,f1@0.75,0.1864555815019565
W006,raw,rgb,12,miou,0.4110305902591731
W006,raw,rgb,12,n_pred,15.916666666666666
W006,raw,rgb,12,n_reg,16.666666666666668
W006,raw,rgb,16,f1@0.5,0.4596912104011495
W006,raw,rgb,16,f1@0.75,0.1948340598442018
W006,raw,rgb,16,miou,0.399966045843088
W006,raw,rgb,16,n_pred,13.666666666666666
W006,raw,rgb,16,n_reg,15.083333333333334
W006,raw,rgb,24,f1@0.5,0.4663493264080604
W006,raw,rgb,24,f1@0.75,0.2199461287421508
W006,raw,rgb,24,miou,0.379516906620618
W006,raw,rgb,24,n_pred,16.333333333333332
W006,raw,rgb,24,n_reg,17.583333333333332
W006,raw,rgb,32,f1@0.5,0.468974796013373
W006,raw,rgb,32,f1@0.75,0.2351154745296933
W006,raw,rgb,32,miou,0.4268402513196236
W006,raw,rgb,32,n_pred,19.666666666666668
W006,raw,rgb,32,n_reg,20.666666666666668
W006,raw,rgb,48,f1@0.5,0.4813821850251216
W006,raw,rgb,48,f1@0.75,0.2487223940783451
W006,raw,rgb,48,miou,0.3773665260773268
W006,raw,rgb,48,n_pred,15.666666666666666
W006,raw,rgb,48,n_reg,17.666666666666668
W007,merged,depth,4,f1@0.5,0.2866551226551226
W007,merged,depth,4,f1@0.75,0.141068302068302
W007,merged,depth,4,miou,0.2185708604508368
W007,merged,depth,4,n_pred,3.933333333333333
W007,merged,depth,4,n_reg,3.933333333333333
W007,merged,depth,6,f1@0.5,0.3948466742124031
W007,merged,depth,6,f1@0.75,0.2181556505443973
W007,merged,depth,6,miou,0.2283230522352883
W007,merged,depth,6,n_pred,5.333333333333333
W007,merged,depth,6,n_reg,5.333333333333333
W007,merged,depth,8,f1@0.5,0.4108339652782601
W007,merged,depth,8,f1@0.75,0.2392105579501819
W007,merged,depth,8,miou,0.2607206305487913
W007,merged,depth,8,n_pred,5.4
W007,merged,depth,8,n_reg,5.4
W007,merged,depth,12,f1@0.5,0.3914733173379021
W007,merged,depth,12,f1@0.75,0.2161345239466117
W007,merged,depth,12,miou,0.2264120989294866
W007,merged,depth,12,n_pred,4.933333333333334
W007,merged,depth,12,n_reg,4.933333333333334
W007,merged,depth,16,f1@0.5,0.2973572701807995
W007,merged,depth,16,f1@0.75,0.146927312339077
W007,merged,depth,16,miou,0.1444370580055541
W007,merged,depth,16,n_pred,4.0
W007,merged,depth,16,n_reg,4.0
W007,merged,depth,24,f1@0.5,0.4221261197203226
W007,merged,depth,24,f1@0.75,0.2575399822936055
W007,merged,depth,24,miou,0.3097149333186895
W007,merged,depth,24,n_pred,6.4
W007,merged,depth,24,n_reg,6.466666666666667
W007,merged,depth,32,f1@0.5,0.3743660142970952
W007,merged,depth,32,f1@0.75,0.2183053000304312
W007,merged,depth,32,miou,0.2274945219211183
W007,merged,depth,32,n_pred,5.4
W007,merged,depth,32,n_reg,5.4
W007,merged,depth,48,f1@0.5,0.3717818976464823
W007,merged,depth,48,f1@0.75,0.2161345239466117
W007,merged,depth,48,miou,0.2144700634496113
W007,merged,depth,48,n_pred,4.933333333333334
W007,merged,depth,48,n_reg,4.933333333333334
W007,merged,normal,4,f1@0.5,0.3961265537531522
W007,merged,normal,4,f1@0.75,0.2365842409934481
W007,merged,normal,4,miou,0.2530928275657269
W007,merged,normal,4,n_pred,5.6
W007,merged,normal,4,n_reg,5.6
W007,merged,normal,6,f1@0.5,0.4953038805272688
W007,merged,normal,6,f1@0.75,0.3455262109205138
W007,merged,normal,6,miou,0.3442465615636669
W007,merged,normal,6,n_pred,7.4
W007,merged,normal,6,n_reg,7.533333333333333
W007,merged,normal,8,f1@0.5,0.5325651217015535
W007,merged,normal,8,f1@0.75,0.3302658667336329
W007,merged,normal,8,miou,0.3864748343232304
W007,merged,normal,8,n_pred,7.933333333333334
W007,merged,normal,8,n_reg,8.066666666666666
W007,merged,normal,12,f1@0.5,0.5826629534235732
W007,merged,normal,12,f1@0.75,0.3564428652584575
W007,merged,normal,12,miou,0.4142421104193663
W007,merged,normal,12,n_pred,8.8
W007,merged,normal,12,n_reg,8.933333333333334
W007,merged,normal,16,f1@0.5,0.531853199163544
W007,merged,normal,16,f1@0.75,0.3355414836334376
W007,merged,normal,16,miou,0.4116639797449239
W007,merged,normal,16,n_pred,9.2
W007,merged,normal,16,n_reg,9.866666666666667
W007,merged,normal,24,f1@0.5,0.5335370861577757
W007,merged,normal,24,f1@0.75,0.3340079903068408
W007,merged,normal,24,miou,0.4070475489783453
W007,merged,normal,24,n_pred,8.866666666666667
W007,merged,normal,24,n_reg,9.533333333333331
W007,merged,normal,32,f1@0.5,0.5420911587348368
W007,merged,normal,32,f1@0.75,0.3443880444799985
W007,merged,normal,32,miou,0.4398211679465935
W007,merged,normal,32,n_pred,9.666666666666666
W007,merged,normal,32,n_reg,10.333333333333334
W007,merged,normal,48,f1@0.5,0.5378960605167502
W007,merged,normal,48,f1@0.75,0.3278728661717167
W007,merged,normal,48,miou,0.4305350032081755
W007,merged,normal,48,n_pred,9.4
W007,merged,normal,48,n_reg,10.2
W007,merged,rgb,4,f1@0.5,0.4174133539427208
W007,merged,rgb,4,f1@0.75,0.2991402337245205
W007,merged,rgb,4,miou,0.2621404315672712
W007,merged,rgb,4,n_pred,6.2
W007,merged,rgb,4,n_reg,6.2
W007,merged,rgb,6,f1@0.5,0.4101107651302554
W007,merged,rgb,6,f1@0.75,0.3511705941900844
W007,merged,rgb,6,miou,0.3339115200029712
W007,merged,rgb,6,n_pred,8.466666666666667
W007,merged,rgb,6,n_reg,8.733333333333333
W007,merged,rgb,8,f1@0.5,0.478577935630764
W007,merged,rgb,8,f1@0.75,0.372188571908067
W007,merged,rgb,8,miou,0.3287702383360369
W007,merged,rgb,8,n_pred,9.066666666666666
W007,merged,rgb,8,n_reg,9.133333333333333
W007,merged,rgb,12,f1@0.5,0.6118144194206485
W007,merged,rgb,12,f1@0.75,0.3663202243313478
W007,merged,rgb,12,miou,0.4377599320401811
W007,merged,rgb,12,n_pred,11.733333333333333
W007,merged,rgb,12,n_reg,11.8
W007,merged,rgb,16,f1@0.5,0.6449418234067409
W007,merged,rgb,16,f1@0.75,0.4120901835459187
W007,merged,rgb,16,miou,0.4561171835930749
W007,merged,rgb,16,n_pred,11.8
W007,merged,rgb,16,n_reg,11.866666666666667
W007,merged,rgb,24,f1@0.5,0.6844301876593311
W007,merged,rgb,24,f1@0.75,0.392326289826846
W007,merged,rgb,24,miou,0.5273865791975273
W007,merged,rgb,24,n_pred,12.866666666666667
W007,merged,rgb,24,n_reg,12.933333333333334
W007,merged,rgb,32,f1@0.5,0.6747914008824825
W007,merged,rgb,32,f1@0.75,0.4185226148508881
W007,merged,rgb,32,miou,0.5100222499401078
W007,merged,rgb,32,n_pred,14.2
W007,merged,rgb,32,n_reg,14.333333333333334
W007,merged,rgb,48,f1@0.5,0.7226950319692255
W007,merged,rgb,48,f1@0.75,0.4180734528315173
W007,merged,rgb,48,miou,0.5575059678932969
W007,merged,rgb,48,n_pred,14.266666666666667
W007,merged,rgb,48,n_reg,14.4
W007,raw,depth,4,f1@0.5,0.2856747304982599
W007,raw,depth,4,f1@0.75,0.1405781059898707
W007,raw,depth,4,miou,0.2185708604508368
W007,raw,depth,4,n_pred,4.0
W007,raw,depth,4,n_reg,4.0
W007,raw,depth,6,f1@0.5,0.3777424668729016
W007,raw,depth,6,f1@0.75,0.2106551258725172
W007,raw,depth,6,miou,0.2283230522352883
W007,raw,depth,6,n_pred,6.066666666666666
W007,raw,depth,6,n_reg,6.2
W007,raw,depth,8,f1@0.5,0.4033174447667201
W007,raw,depth,8,f1@0.75,0.2348015323377642
W007,raw,depth,8,miou,0.2607206305487913
W007,raw,depth,8,n_pred,5.8
W007,raw,depth,8,n_reg,6.0
W007,raw,depth,12,f1@0.5,0.3901661277954184
W007,raw,depth,12,f1@0.75,0.2152630642516226
W007,raw,depth,12,miou,0.2264120989294866
W007,raw,depth,12,n_pred,5.0
W007,raw,depth,12,n_reg,5.0
W007,raw,depth,16,f1@0.5,0.2973572701807995
W007,raw,depth,16,f1@0.75,0.146927312339077
W007,raw,depth,16,miou,0.1444370580055541
W007,raw,depth,16,n_pred,4.0
W007,raw,depth,16,n_reg,4.0
W007,raw,depth,24,f1@0.5,0.4087239824051418
W007,raw,depth,24,f1@0.75,0.2498397919847195
W007,raw,depth,24,miou,0.3098066207375178
W007,raw,depth,24,n_pred,7.133333333333334
W007,raw,depth,24,n_reg,7.533333333333333
W007,raw,depth,32,f1@0.5,0.2870236719801937
W007,raw,depth,32,f1@0.75,0.1957054346619564
W007,raw,depth,32,miou,0.2274945219211183
W007,raw,depth,32,n_pred,7.866666666666666
W007,raw,depth,32,n_reg,7.933333333333334
W007,raw,depth,48,f1@0.5,0.3390209917212205
W007,raw,depth,48,f1@0.75,0.2076639709133988
W007,raw,depth,48,miou,0.2144700634496113
W007,raw,depth,48,n_pred,5.8
W007,raw,depth,48,n_reg,5.933333333333334
W007,raw,normal,4,f1@0.5,0.3920695266538134
W007,raw,normal,4,f1@0.75,0.2260946652861221
W007,raw,normal,4,miou,0.2530928275657269
W007,raw,normal,4,n_pred,5.866666666666666
W007,raw,normal,4,n_reg,5.866666666666666
W007,raw,normal,6,f1@0.5,0.4616177148411031
W007,raw,normal,6,f1@0.75,0.2730845349146198
W007,raw,normal,6,miou,0.3444545290059002
W007,raw,normal,6,n_pred,8.866666666666667
W007,raw,normal,6,n_reg,9.0
W007,raw,normal,8,f1@0.5,0.4348606523080576
W007,raw,normal,8,f1@0.75,0.2485959817890626
W007,raw,normal,8,miou,0.3864762192471322
W007,raw,normal,8,n_pred,10.066666666666666
W007,raw,normal,8,n_reg,10.666666666666666
W007,raw,normal,12,f1@0.5,0.5312793138006338
W007,raw,normal,12,f1@0.75,0.3015612472230937
W007,raw,normal,12,miou,0.4163361564515131
W007,raw,normal,12,n_pred,10.733333333333333
W007,raw,normal,12,n_reg,11.4
W007,raw,normal,16,f1@0.5,0.4849343713730069
W007,raw,normal,16,f1@0.75,0.2755902920669327
W007,raw,normal,16,miou,0.4118305994309349
W007,raw,normal,16,n_pred,11.4
W007,raw,normal,16,n_reg,13.2
W007,raw,normal,24,f1@0.5,0.4053854213735563
W007,raw,normal,24,f1@0.75,0.190867772966401
W007,raw,normal,24,miou,0.4070910865311354
W007,raw,normal,24,n_pred,12.733333333333333
W007,raw,normal,24,n_reg,14.066666666666666
W007,raw,normal,32,f1@0.5,0.4935079051189544
W007,raw,normal,32,f1@0.75,0.2885071470297647
W007,raw,normal,32,miou,0.4400210360676309
W007,raw,normal,32,n_pred,12.0
W007,raw,normal,32,n_reg,13.933333333333334
W007,raw,normal,48,f1@0.5,0.4364209085933224
W007,raw,normal,48,f1@0.75,0.2449696223316912
W007,raw,normal,48,miou,0.4305399065546441
W007,raw,normal,48,n_pred,12.133333333333333
W007,raw,normal,48,n_reg,13.866666666666667
W007,raw,rgb,4,f1@0.5,0.3886054332141288
W007,raw,rgb,4,f1@0.75,0.2812210301775519
W007,raw,rgb,4,miou,0.2626753375578486
W007,raw,rgb,4,n_pred,7.533333333333333
W007,raw,rgb,4,n_reg,7.733333333333333
W007,raw,rgb,6,f1@0.5,0.3608624408796822
W007,raw,rgb,6,f1@0.75,0.2460769558240822
W007,raw,rgb,6,miou,0.3346640672516398
W007,raw,rgb,6,n_pred,11.466666666666669
W007,raw,rgb,6,n_reg,12.0
W007,raw,rgb,8,f1@0.5,0.4104198255979865
W007,raw,rgb,8,f1@0.75,0.2689313970405924
W007,raw,rgb,8,miou,0.3287702383360369
W007,raw,rgb,8,n_pred,11.533333333333331
W007,raw,rgb,8,n_reg,12.2
W007,raw,rgb,12,f1@0.5,0.4559463770469463
W007,raw,rgb,12,f1@0.75,0.2421750650782909
W007,raw,rgb,12,miou,0.4367343221904182
W007,raw,rgb,12,n_pred,17.933333333333334
W007,raw,rgb,12,n_reg,19.466666666666665
W007,raw,rgb,16,f1@0.5,0.4941835016835016
W007,raw,rgb,16,f1@0.75,0.2727147525676938
W007,raw,rgb,16,miou,0.4561171835930749
W007,raw,rgb,16,n_pred,18.466666666666665
W007,raw,rgb,16,n_reg,19.133333333333333
W007,raw,rgb,24,f1@0.5,0.485933251922164
W007,raw,rgb,24,f1@0.75,0.240227556401507
W007,raw,rgb,24,miou,0.5273865791975273
W007,raw,rgb,24,n_pred,21.0
W007,raw,rgb,24,n_reg,22.666666666666668
W007,raw,rgb,32,f1@0.5,0.4658260557958022
W007,raw,rgb,32,f1@0.75,0.2367762505312327
W007,raw,rgb,32,miou,0.5100340752623602
W007,raw,rgb,32,n_pred,25.133333333333333
W007,raw,rgb,32,n_reg,27.266666666666666
W007,raw,rgb,48,f1@0.5,0.4642895762899187
W007,raw,rgb,48,f1@0.75,0.2176325652897897
W007,raw,rgb,48,miou,0.5595430712040458
W007,raw,rgb,48,n_pred,27.0
W007,raw,rgb,48,n_reg,30.33333333333333
W008,merged,depth,4,f1@0.5,0.4316087133478437
W008,merged,depth,4,f1@0.75,0.2419327210631558
W008,merged,depth,4,miou,0.2477289838192901
W008,merged,depth,4,n_pred,5.769230769230769
W008,merged,depth,4,n_reg,6.0
W008,merged,depth,6,f1@0.5,0.3422746677719394
W008,merged,depth,6,f1@0.75,0.1506386502073881
W008,merged,depth,6,miou,0.2169308418889386
W008,merged,depth,6,n_pred,5.615384615384615
W008,merged,depth,6,n_reg,5.6923076923076925
W008,merged,depth,8,f1@0.5,0.4681081126231628
W008,merged,depth,8,f1@0.75,0.3216135592389773
W008,merged,depth,8,miou,0.2838355530007933
W008,merged,depth,8,n_pred,6.384615384615385
W008,merged,depth,8,n_reg,6.538461538461538
W008,merged,depth,12,f1@0.5,0.4406164927304357
W008,merged,depth,12,f1@0.75,0.2271050311230221
W008,merged,depth,12,miou,0.3042245163614913
W008,merged,depth,12,n_pred,6.230769230769231
W008,merged,depth,12,n_reg,6.384615384615385
W008,merged,depth,16,f1@0.5,0.3742381809940338
W008,merged,depth,16,f1@0.75,0.2111007387261567
W008,merged,depth,16,miou,0.2684572959510459
W008,merged,depth,16,n_pred,6.153846153846154
W008,merged,depth,16,n_reg,6.307692307692308
W008,merged,depth,24,f1@0.5,0.3408811337697097
W008,merged,depth,24,f1@0.75,0.2155993217602089
W008,merged,depth,24,miou,0.2383022241698355
W008,merged,depth,24,n_pred,5.6923076923076925
W008,merged,depth,24,n_reg,5.769230769230769
W008,merged,depth,32,f1@0.5,0.3745652786455462
W008,merged,depth,32,f1@0.75,0.2118333394587575
W008,merged,depth,32,miou,0.2671960412645993
W008,merged,depth,32,n_pred,6.076923076923077
W008,merged,depth,32,n_reg,6.230769230769231
W008,merged,depth,48,f1@0.5,0.3686481188822326
W008,merged,depth,48,f1@0.75,0.2118333394587575
W008,merged,depth,48,miou,0.2667860638002183
W008,merged,depth,48,n_pred,6.076923076923077
W008,merged,depth,48,n_reg,6.153846153846154
W008,merged,normal,4,f1@0.5,0.3834909272437876
W008,merged,normal,4,f1@0.75,0.2831513659660112
W008,merged,normal,4,miou,0.275600629738978
W008,merged,normal,4,n_pred,5.846153846153846
W008,merged,normal,4,n_reg,5.846153846153846
W008,merged,normal,6,f1@0.5,0.3798928577709632
W008,merged,normal,6,f1@0.75,0.2763084269583853
W008,merged,normal,6,miou,0.2797910405017313
W008,merged,normal,6,n_pred,6.461538461538462
W008,merged,normal,6,n_reg,7.230769230769231
W008,merged,normal,8,f1@0.5,0.3670380464154023
W008,merged,normal,8,f1@0.75,0.2779784211321277
W008,merged,normal,8,miou,0.2741523534326439
W008,merged,normal,8,n_pred,6.307692307692308
W008,merged,normal,8,n_reg,6.307692307692308
W008,merged,normal,12,f1@0.5,0.4005159063481117
W008,merged,normal,12,f1@0.75,0.2896303923493163
W008,merged,normal,12,miou,0.307318263147461
W008,merged,normal,12,n_pred,6.384615384615385
W008,merged,normal,12,n_reg,6.384615384615385
W008,merged,normal,16,f1@0.5,0.4136902105269136
W008,merged,normal,16,f1@0.75,0.2847463874653114
W008,merged,normal,16,miou,0.3103239436683759
W008,merged,normal,16,n_pred,6.307692307692308
W008,merged,normal,16,n_reg,6.384615384615385
W008,merged,normal,24,f1@0.5,0.4034001812713671
W008,merged,normal,24,f1@0.75,0.2695713316536508
W008,merged,normal,24,miou,0.320831947292807
W008,merged,normal,24,n_pred,7.230769230769231
W008,merged,normal,24,n_reg,7.769230769230769
W008,merged,normal,32,f1@0.5,0.4027192252680723
W008,merged,normal,32,f1@0.75,0.2831204678414676
W008,merged,normal,32,miou,0.3089939338753438
W008,merged,normal,32,n_pred,7.076923076923077
W008,merged,normal,32,n_reg,7.6923076923076925
W008,merged,normal,48,f1@0.5,0.4312630960171431
W008,merged,normal,48,f1@0.75,0.3239459897221195
W008,merged,normal,48,miou,0.345163403938082
W008,merged,normal,48,n_pred,7.230769230769231
W008,merged,normal,48,n_reg,7.923076923076923
W008,merged,rgb,4,f1@0.5,0.5866910717218194
W008,merged,rgb,4,f1@0.75,0.4493572372253999
W008,merged,rgb,4,miou,0.4597199863101374
W008,merged,rgb,4,n_pred,8.846153846153847
W008,merged,rgb,4,n_reg,8.846153846153847
W008,merged,rgb,6,f1@0.5,0.5628068388872571
W008,merged,rgb,6,f1@0.75,0.4666189703225001
W008,merged,rgb,6,miou,0.4361827767757869
W008,merged,rgb,6,n_pred,9.0
W008,merged,rgb,6,n_reg,9.0
W008,merged,rgb,8,f1@0.5,0.6660300019692934
W008,merged,rgb,8,f1@0.75,0.4503236051665931
W008,merged,rgb,8,miou,0.5228409565403019
W008,merged,rgb,8,n_pred,11.076923076923077
W008,merged,rgb,8,n_reg,11.384615384615383
W008,merged,rgb,12,f1@0.5,0.6559365644179967
W008,merged,rgb,12,f1@0.75,0.4599085890531513
W008,merged,rgb,12,miou,0.5370820662252165
W008,merged,rgb,12,n_pred,11.384615384615383
W008,merged,rgb,12,n_reg,11.461538461538462
W008,merged,rgb,16,f1@0.5,0.6344875107209325
W008,merged,rgb,16,f1@0.75,0.4409105915206711
W008,merged,rgb,16,miou,0.5230667210684297
W008,merged,rgb,16,n_pred,10.923076923076923
W008,merged,rgb,16,n_reg,11.076923076923077
W008,merged,rgb,24,f1@0.5,0.6340982703316921
W008,merged,rgb,24,f1@0.75,0.4394761925862722
W008,merged,rgb,24,miou,0.5336428842830202
W008,merged,rgb,24,n_pred,10.692307692307692
W008,merged,rgb,24,n_reg,10.76923076923077
W008,merged,rgb,32,f1@0.5,0.6181561715556753
W008,merged,rgb,32,f1@0.75,0.4521951816678863
W008,merged,rgb,32,miou,0.5365751045298665
W008,merged,rgb,32,n_pred,10.846153846153848
W008,merged,rgb,32,n_reg,10.923076923076923
W008,merged,rgb,48,f1@0.5,0.6332678405134982
W008,merged,rgb,48,f1@0.75,0.4506436418098948
W008,merged,rgb,48,miou,0.5414878779381375
W008,merged,rgb,48,n_pred,10.923076923076923
W008,merged,rgb,48,n_reg,11.0
W008,raw,depth,4,f1@0.5,0.4316087133478437
W008,raw,depth,4,f1@0.75,0.2419327210631558
W008,raw,depth,4,miou,0.2477527064771662
W008,raw,depth,4,n_pred,5.769230769230769
W008,raw,depth,4,n_reg,6.076923076923077
W008,raw,depth,6,f1@0.5,0.3061277931276535
W008,raw,depth,6,f1@0.75,0.1258252482725468
W008,raw,depth,6,miou,0.2169308418889386
W008,raw,depth,6,n_pred,6.6923076923076925
W008,raw,depth,6,n_reg,6.923076923076923
W008,raw,depth,8,f1@0.5,0.3674567907009379
W008,raw,depth,8,f1@0.75,0.2919752018079777
W008,raw,depth,8,miou,0.2838355530007933
W008,raw,depth,8,n_pred,8.23076923076923
W008,raw,depth,8,n_reg,8.461538461538462
W008,raw,depth,12,f1@0.5,0.3429744839332601
W008,raw,depth,12,f1@0.75,0.191267143799612
W008,raw,depth,12,miou,0.3042540425901504
W008,raw,depth,12,n_pred,8.461538461538462
W008,raw,depth,12,n_reg,8.846153846153847
W008,raw,depth,16,f1@0.5,0.3331306075234111
W008,raw,depth,16,f1@0.75,0.1800925910671038
W008,raw,depth,16,miou,0.26849507926432
W008,raw,depth,16,n_pred,7.923076923076923
W008,raw,depth,16,n_reg,8.461538461538462
W008,raw,depth,24,f1@0.5,0.294393974064139
W008,raw,depth,24,f1@0.75,0.1818225064401976
W008,raw,depth,24,miou,0.2383022241698355
W008,raw,depth,24,n_pred,7.615384615384615
W008,raw,depth,24,n_reg,8.23076923076923
W008,raw,depth,32,f1@0.5,0.3200472813620086
W008,raw,depth,32,f1@0.75,0.1784319997075158
W008,raw,depth,32,miou,0.2672336614430126
W008,raw,depth,32,n_pred,8.076923076923077
W008,raw,depth,32,n_reg,8.76923076923077
W008,raw,depth,48,f1@0.5,0.3200472813620086
W008,raw,depth,48,f1@0.75,0.1784319997075158
W008,raw,depth,48,miou,0.2668239558700664
W008,raw,depth,48,n_pred,8.076923076923077
W008,raw,depth,48,n_reg,8.692307692307692
W008,raw,normal,4,f1@0.5,0.3320478821528297
W008,raw,normal,4,f1@0.75,0.2760692231306924
W008,raw,normal,4,miou,0.275600629738978
W008,raw,normal,4,n_pred,6.384615384615385
W008,raw,normal,4,n_reg,6.384615384615385
W008,raw,normal,6,f1@0.5,0.3047434007529765
W008,raw,normal,6,f1@0.75,0.2536062220895611
W008,raw,normal,6,miou,0.2800881000063296
W008,raw,normal,6,n_pred,8.538461538461538
W008,raw,normal,6,n_reg,9.615384615384617
W008,raw,normal,8,f1@0.5,0.3634908689551813
W008,raw,normal,8,f1@0.75,0.2750682877872117
W008,raw,normal,8,miou,0.2749301933492217
W008,raw,normal,8,n_pred,6.538461538461538
W008,raw,normal,8,n_reg,7.153846153846154
W008,raw,normal,12,f1@0.5,0.3242763543339061
W008,raw,normal,12,f1@0.75,0.2628021308506872
W008,raw,normal,12,miou,0.307318263147461
W008,raw,normal,12,n_pred,8.692307692307692
W008,raw,normal,12,n_reg,8.692307692307692
W008,raw,normal,16,f1@0.5,0.3116697908143531
W008,raw,normal,16,f1@0.75,0.2481272975967936
W008,raw,normal,16,miou,0.3103239436683759
W008,raw,normal,16,n_pred,9.615384615384617
W008,raw,normal,16,n_reg,9.76923076923077
W008,raw,normal,24,f1@0.5,0.2891085360811527
W008,raw,normal,24,f1@0.75,0.2331475781374361
W008,raw,normal,24,miou,0.3211507946062154
W008,raw,normal,24,n_pred,10.923076923076923
W008,raw,normal,24,n_reg,12.0
W008,raw,normal,32,f1@0.5,0.2884096295133084
W008,raw,normal,32,f1@0.75,0.2335512471549261
W008,raw,normal,32,miou,0.3093201437846817
W008,raw,normal,32,n_pred,11.384615384615383
W008,raw,normal,32,n_reg,12.384615384615383
W008,raw,normal,48,f1@0.5,0.2884540145978336
W008,raw,normal,48,f1@0.75,0.2642218365195017
W008,raw,normal,48,miou,0.3454506490815368
W008,raw,normal,48,n_pred,11.846153846153848
W008,raw,normal,48,n_reg,12.846153846153848
W008,raw,rgb,4,f1@0.5,0.5628251710101109
W008,raw,rgb,4,f1@0.75,0.4366720047500625
W008,raw,rgb,4,miou,0.4597423409039546
W008,raw,rgb,4,n_pred,9.538461538461538
W008,raw,rgb,4,n_reg,9.76923076923077
W008,raw,rgb,6,f1@0.5,0.5066781510099501
W008,raw,rgb,6,f1@0.75,0.4076819046432091
W008,raw,rgb,6,miou,0.4366536617985081
W008,raw,rgb,6,n_pred,11.384615384615383
W008,raw,rgb,6,n_reg,12.384615384615383
W008,raw,rgb,8,f1@0.5,0.6117348275018688
W008,raw,rgb,8,f1@0.75,0.3983538018715365
W008,raw,rgb,8,miou,0.5230063217243598
W008,raw,rgb,8,n_pred,13.307692307692308
W008,raw,rgb,8,n_reg,14.076923076923077
W008,raw,rgb,12,f1@0.5,0.5590664806021911
W008,raw,rgb,12,f1@0.75,0.3362181458382524
W008,raw,rgb,12,miou,0.5371441071408471
W008,raw,rgb,12,n_pred,15.846153846153848
W008,raw,rgb,12,n_reg,16.384615384615383
W008,raw,rgb,16,f1@0.5,0.5263833480368001
W008,raw,rgb,16,f1@0.75,0.3542885492858187
W008,raw,rgb,16,miou,0.52309017538928
W008,raw,rgb,16,n_pred,15.923076923076923
W008,raw,rgb,16,n_reg,16.53846153846154
W008,raw,rgb,24,f1@0.5,0.4701736500412118
W008,raw,rgb,24,f1@0.75,0.2849962893584428
W008,raw,rgb,24,miou,0.533701930739864
W008,raw,rgb,24,n_pred,17.153846153846153
W008,raw,rgb,24,n_reg,17.846153846153847
W008,raw,rgb,32,f1@0.5,0.5264775488613942
W008,raw,rgb,32,f1@0.75,0.3703830661518691
W008,raw,rgb,32,miou,0.5366495931791213
W008,raw,rgb,32,n_pred,15.23076923076923
W008,raw,rgb,32,n_reg,16.076923076923077
W008,raw,rgb,48,f1@0.5,0.5414350983017022
W008,raw,rgb,48,f1@0.75,0.3742292199980229
W008,raw,rgb,48,miou,0.5416005332341766
W008,raw,rgb,48,n_pred,15.23076923076923
W008,raw,rgb,48,n_reg,16.076923076923077
W009,merged,depth,4,f1@0.5,0.4407734801470004
W009,merged,depth,4,f1@0.75,0.2074153976903931
W009,merged,depth,4,miou,0.4381538151152189
W009,merged,depth,4,n_pred,3.764705882352941
W009,merged,depth,4,n_reg,4.0
W009,merged,depth,6,f1@0.5,0.4353909349720677
W009,merged,depth,6,f1@0.75,0.20126391749047
W009,merged,depth,6,miou,0.4381422935647879
W009,merged,depth,6,n_pred,3.7058823529411766
W009,merged,depth,6,n_reg,4.0
W009,merged,depth,8,f1@0.5,0.545949649209529
W009,merged,depth,8,f1@0.75,0.3580120283407481
W009,merged,depth,8,miou,0.4638160796101277
W009,merged,depth,8,n_pred,4.941176470588236
W009,merged,depth,8,n_reg,4.941176470588236
W009,merged,depth,12,f1@0.5,0.5224640189127532
W009,merged,depth,12,f1@0.75,0.4271539181391667
W009,merged,depth,12,miou,0.5473999890389161
W009,merged,depth,12,n_pred,5.588235294117647
W009,merged,depth,12,n_reg,5.588235294117647
W009,merged,depth,16,f1@0.5,0.545949649209529
W009,merged,depth,16,f1@0.75,0.3580120283407481
W009,merged,depth,16,miou,0.4642453261910755
W009,merged,depth,16,n_pred,4.941176470588236
W009,merged,depth,16,n_reg,4.941176470588236
W009,merged,depth,24,f1@0.5,0.545949649209529
W009,merged,depth,24,f1@0.75,0.3580120283407481
W009,merged,depth,24,miou,0.4641721749310674
W009,merged,depth,24,n_pred,4.941176470588236
W009,merged,depth,24,n_reg,4.941176470588236
W009,merged,depth,32,f1@0.5,0.545949649209529
W009,merged,depth,32,f1@0.75,0.3580120283407481
W009,merged,depth,32,miou,0.4642372647512588
W009,merged,depth,32,n_pred,4.941176470588236
W009,merged,depth,32,n_reg,4.941176470588236
W009,merged,depth,48,f1@0.5,0.5205416813502772
W009,merged,depth,48,f1@0.75,0.4256160480891859
W009,merged,depth,48,miou,0.5508632652061424
W009,merged,depth,48,n_pred,5.647058823529412
W009,merged,depth,48,n_reg,5.647058823529412
W009,merged,normal,4,f1@0.5,0.4486055825839107
W009,merged,normal,4,f1@0.75,0.1951176962012875
W009,merged,normal,4,miou,0.4520765639512346
W009,merged,normal,4,n_pred,4.705882352941177
W009,merged,normal,4,n_reg,5.0
W009,merged,normal,6,f1@0.5,0.4654664342517192
W009,merged,normal,6,f1@0.75,0.1926147548802802
W009,merged,normal,6,miou,0.4430208363347152
W009,merged,normal,6,n_pred,4.0
W009,merged,normal,6,n_reg,4.0
W009,merged,normal,8,f1@0.5,0.4468754787776823
W009,merged,normal,8,f1@0.75,0.2035258272555668
W009,merged,normal,8,miou,0.452404825823795
W009,merged,normal,8,n_pred,4.764705882352941
W009,merged,normal,8,n_reg,5.0
W009,merged,normal,12,f1@0.5,0.4486055825839107
W009,merged,normal,12,f1@0.75,0.204390879158681
W009,merged,normal,12,miou,0.451918706017977
W009,merged,normal,12,n_pred,4.705882352941177
W009,merged,normal,12,n_reg,5.0
W009,merged,normal,16,f1@0.5,0.4468754787776823
W009,merged,normal,16,f1@0.75,0.1858492829536355
W009,merged,normal,16,miou,0.4522521653337895
W009,merged,normal,16,n_pred,4.764705882352941
W009,merged,normal,16,n_reg,5.0
W009,merged,normal,24,f1@0.5,0.425832747959865
W009,merged,normal,24,f1@0.75,0.1905473025123362
W009,merged,normal,24,miou,0.4709363851090086
W009,merged,normal,24,n_pred,5.588235294117647
W009,merged,normal,24,n_reg,5.764705882352941
W009,merged,normal,32,f1@0.5,0.425832747959865
W009,merged,normal,32,f1@0.75,0.1905473025123362
W009,merged,normal,32,miou,0.4696374923103339
W009,merged,normal,32,n_pred,5.588235294117647
W009,merged,normal,32,n_reg,5.764705882352941
W009,merged,normal,48,f1@0.5,0.425832747959865
W009,merged,normal,48,f1@0.75,0.1840113547999179
W009,merged,normal,48,miou,0.4658535568816598
W009,merged,normal,48,n_pred,5.588235294117647
W009,merged,normal,48,n_reg,5.764705882352941
W009,merged,rgb,4,f1@0.5,0.520375694137304
W009,merged,rgb,4,f1@0.75,0.2903054204137795
W009,merged,rgb,4,miou,0.5127540885147824
W009,merged,rgb,4,n_pred,4.882352941176471
W009,merged,rgb,4,n_reg,4.941176470588236
W009,merged,rgb,6,f1@0.5,0.4623218947021533
W009,merged,rgb,6,f1@0.75,0.2226642153249328
W009,merged,rgb,6,miou,0.4615624421915315
W009,merged,rgb,6,n_pred,4.176470588235294
W009,merged,rgb,6,n_reg,4.176470588235294
W009,merged,rgb,8,f1@0.5,0.6064162188001196
W009,merged,rgb,8,f1@0.75,0.4152243616275668
W009,merged,rgb,8,miou,0.6101320567514613
W009,merged,rgb,8,n_pred,6.588235294117647
W009,merged,rgb,8,n_reg,6.647058823529412
W009,merged,rgb,12,f1@0.5,0.6073202118498374
W009,merged,rgb,12,f1@0.75,0.5035456174662624
W009,merged,rgb,12,miou,0.6015619621565359
W009,merged,rgb,12,n_pred,7.705882352941177
W009,merged,rgb,12,n_reg,8.058823529411764
W009,merged,rgb,16,f1@0.5,0.616168948683419
W009,merged,rgb,16,f1@0.75,0.392434974128338
W009,merged,rgb,16,miou,0.5606122946744493
W009,merged,rgb,16,n_pred,7.411764705882353
W009,merged,rgb,16,n_reg,7.588235294117647
W009,merged,rgb,24,f1@0.5,0.6340362676640221
W009,merged,rgb,24,f1@0.75,0.4784657065753405
W009,merged,rgb,24,miou,0.5434153187271883
W009,merged,rgb,24,n_pred,7.0
W009,merged,rgb,24,n_reg,7.235294117647059
W009,merged,rgb,32,f1@0.5,0.6340362676640221
W009,merged,rgb,32,f1@0.75,0.4784657065753405
W009,merged,rgb,32,miou,0.5440834230686702
W009,merged,rgb,32,n_pred,7.0
W009,merged,rgb,32,n_reg,7.294117647058823
W009,merged,rgb,48,f1@0.5,0.6186881186147575
W009,merged,rgb,48,f1@0.75,0.4584371492165273
W009,merged,rgb,48,miou,0.5624593745535968
W009,merged,rgb,48,n_pred,7.882352941176471
W009,merged,rgb,48,n_reg,8.235294117647058
W009,raw,depth,4,f1@0.5,0.4407734801470004
W009,raw,depth,4,f1@0.75,0.2074153976903931
W009,raw,depth,4,miou,0.4381538151152189
W009,raw,depth,4,n_pred,3.764705882352941
W009,raw,depth,4,n_reg,4.0
W009,raw,depth,6,f1@0.5,0.4353909349720677
W009,raw,depth,6,f1@0.75,0.20126391749047
W009,raw,depth,6,miou,0.4381422935647879
W009,raw,depth,6,n_pred,3.7058823529411766
W009,raw,depth,6,n_reg,4.0
W009,raw,depth,8,f1@0.5,0.545949649209529
W009,raw,depth,8,f1@0.75,0.3580120283407481
W009,raw,depth,8,miou,0.4638160796101277
W009,raw,depth,8,n_pred,4.941176470588236
W009,raw,depth,8,n_reg,4.941176470588236
W009,raw,depth,12,f1@0.5,0.5168133582356856
W009,raw,depth,12,f1@0.75,0.4176798292259956
W009,raw,depth,12,miou,0.5549340463345737
W009,raw,depth,12,n_pred,5.941176470588236
W009,raw,depth,12,n_reg,5.941176470588236
W009,raw,depth,16,f1@0.5,0.545949649209529
W009,raw,depth,16,f1@0.75,0.3580120283407481
W009,raw,depth,16,miou,0.4642453261910755
W009,raw,depth,16,n_pred,4.941176470588236
W009,raw,depth,16,n_reg,4.941176470588236
W009,raw,depth,24,f1@0.5,0.545949649209529
W009,raw,depth,24,f1@0.75,0.3580120283407481
W009,raw,depth,24,miou,0.4641721749310674
W009,raw,depth,24,n_pred,4.941176470588236
W009,raw,depth,24,n_reg,4.941176470588236
W009,raw,depth,32,f1@0.5,0.545949649209529
W009,raw,depth,32,f1@0.75,0.3580120283407481
W009,raw,depth,32,miou,0.4642372647512588
W009,raw,depth,32,n_pred,4.941176470588236
W009,raw,depth,32,n_reg,4.941176470588236
W009,raw,depth,48,f1@0.5,0.5168133582356856
W009,raw,depth,48,f1@0.75,0.4176798292259956
W009,raw,depth,48,miou,0.5584542598718247
W009,raw,depth,48,n_pred,5.941176470588236
W009,raw,depth,48,n_reg,5.941176470588236
W009,raw,normal,4,f1@0.5,0.4486055825839107
W009,raw,normal,4,f1@0.75,0.1951176962012875
W009,raw,normal,4,miou,0.4520765639512346
W009,raw,normal,4,n_pred,4.705882352941177
W009,raw,normal,4,n_reg,5.0
W009,raw,normal,6,f1@0.5,0.4654664342517192
W009,raw,normal,6,f1@0.75,0.1926147548802802
W009,raw,normal,6,miou,0.4430208363347152
W009,raw,normal,6,n_pred,4.0
W009,raw,normal,6,n_reg,4.0
W009,raw,normal,8,f1@0.5,0.4468754787776823
W009,raw,normal,8,f1@0.75,0.2035258272555668
W009,raw,normal,8,miou,0.452404825823795
W009,raw,normal,8,n_pred,4.764705882352941
W009,raw,normal,8,n_reg,5.0
W009,raw,normal,12,f1@0.5,0.4486055825839107
W009,raw,normal,12,f1@0.75,0.204390879158681
W009,raw,normal,12,miou,0.451918706017977
W009,raw,normal,12,n_pred,4.705882352941177
W009,raw,normal,12,n_reg,5.0
W009,raw,normal,16,f1@0.5,0.4468754787776823
W009,raw,normal,16,f1@0.75,0.1858492829536355
W009,raw,normal,16,miou,0.4522521653337895
W009,raw,normal,16,n_pred,4.764705882352941
W009,raw,normal,16,n_reg,5.0
W009,raw,normal,24,f1@0.5,0.4210793314417427
W009,raw,normal,24,f1@0.75,0.1893589483828056
W009,raw,normal,24,miou,0.4709363851090086
W009,raw,normal,24,n_pred,5.823529411764706
W009,raw,normal,24,n_reg,6.0
W009,raw,normal,32,f1@0.5,0.4210793314417427
W009,raw,normal,32,f1@0.75,0.1893589483828056
W009,raw,normal,32,miou,0.4696374923103339
W009,raw,normal,32,n_pred,5.823529411764706
W009,raw,normal,32,n_reg,6.0
W009,raw,normal,48,f1@0.5,0.4210793314417427
W009,raw,normal,48,f1@0.75,0.1828230006703873
W009,raw,normal,48,miou,0.4658535568816598
W009,raw,normal,48,n_pred,5.823529411764706
W009,raw,normal,48,n_reg,6.0
W009,raw,rgb,4,f1@0.5,0.4534338636640426
W009,raw,rgb,4,f1@0.75,0.1994501094245339
W009,raw,rgb,4,miou,0.5127540885147824
W009,raw,rgb,4,n_pred,6.705882352941177
W009,raw,rgb,4,n_reg,6.764705882352941
W009,raw,rgb,6,f1@0.5,0.4265596950854645
W009,raw,rgb,6,f1@0.75,0.2117533597546345
W009,raw,rgb,6,miou,0.4615624421915315
W009,raw,rgb,6,n_pred,5.0
W009,raw,rgb,6,n_reg,5.0
W009,raw,rgb,8,f1@0.5,0.489276539987189
W009,raw,rgb,8,f1@0.75,0.3363308914934895
W009,raw,rgb,8,miou,0.6101486790341194
W009,raw,rgb,8,n_pred,9.0
W009,raw,rgb,8,n_reg,9.588235294117649
W009,raw,rgb,12,f1@0.5,0.495498431420768
W009,raw,rgb,12,f1@0.75,0.3229762547298507
W009,raw,rgb,12,miou,0.6015619621565359
W009,raw,rgb,12,n_pred,11.294117647058824
W009,raw,rgb,12,n_reg,12.0
W009,raw,rgb,16,f1@0.5,0.5425255963634179
W009,raw,rgb,16,f1@0.75,0.3021561117784978
W009,raw,rgb,16,miou,0.5606122946744493
W009,raw,rgb,16,n_pred,9.294117647058824
W009,raw,rgb,16,n_reg,9.588235294117649
W009,raw,rgb,24,f1@0.5,0.4692424195871094
W009,raw,rgb,24,f1@0.75,0.265803277389009
W009,raw,rgb,24,miou,0.5434359597210073
W009,raw,rgb,24,n_pred,12.882352941176473
W009,raw,rgb,24,n_reg,14.058823529411764
W009,raw,rgb,32,f1@0.5,0.484953707158487
W009,raw,rgb,32,f1@0.75,0.2750862678263683
W009,raw,rgb,32,miou,0.5440989024999173
W009,raw,rgb,32,n_pred,12.058823529411764
W009,raw,rgb,32,n_reg,13.0
W009,raw,rgb,48,f1@0.5,0.4779743279348291
W009,raw,rgb,48,f1@0.75,0.2658491633925818
W009,raw,rgb,48,miou,0.5624789213388962
W009,raw,rgb,48,n_pred,12.941176470588236
W009,raw,rgb,48,n_reg,14.0
W010,merged,depth,4,f1@0.5,0.360436377348142
W010,merged,depth,4,f1@0.75,0.0717646732352614
W010,merged,depth,4,miou,0.3867496140366324
W010,merged,depth,4,n_pred,3.0
W010,merged,depth,4,n_reg,3.0
W010,merged,depth,6,f1@0.5,0.3758053221288515
W010,merged,depth,6,f1@0.75,0.1952349121466768
W010,merged,depth,6,miou,0.4475072305882676
W010,merged,depth,6,n_pred,3.6818181818181817
W010,merged,depth,6,n_reg,3.6818181818181817
W010,merged,depth,8,f1@0.5,0.3530939648586707
W010,merged,depth,8,f1@0.75,0.0727888124946948
W010,merged,depth,8,miou,0.4113534462593088
W010,merged,depth,8,n_pred,3.863636363636364
W010,merged,depth,8,n_reg,4.090909090909091
W010,merged,depth,12,f1@0.5,0.3807667006196418
W010,merged,depth,12,f1@0.75,0.1986981156098803
W010,merged,depth,12,miou,0.4491582871080634
W010,merged,depth,12,n_pred,3.954545454545455
W010,merged,depth,12,n_reg,4.181818181818182
W010,merged,depth,16,f1@0.5,0.3658008658008658
W010,merged,depth,16,f1@0.75,0.0785693065104829
W010,merged,depth,16,miou,0.4086039918914023
W010,merged,depth,16,n_pred,3.8181818181818175
W010,merged,depth,16,n_reg,4.090909090909091
W010,merged,depth,24,f1@0.5,0.4081522321847399
W010,merged,depth,24,f1@0.75,0.2145758223544601
W010,merged,depth,24,miou,0.4571568294404645
W010,merged,depth,24,n_pred,4.454545454545454
W010,merged,depth,24,n_reg,4.681818181818182
W010,merged,depth,32,f1@0.5,0.3845185043714455
W010,merged,depth,32,f1@0.75,0.1978323147440794
W010,merged,depth,32,miou,0.4476001157648535
W010,merged,depth,32,n_pred,4.0
W010,merged,depth,32,n_reg,4.181818181818182
W010,merged,depth,48,f1@0.5,0.3858172056701468
W010,merged,depth,48,f1@0.75,0.1986981156098803
W010,merged,depth,48,miou,0.4448805216679318
W010,merged,depth,48,n_pred,3.954545454545455
W010,merged,depth,48,n_reg,4.181818181818182
W010,merged,normal,4,f1@0.5,0.3572731963598837
W010,merged,normal,4,f1@0.75,0.2241983077122396
W010,merged,normal,4,miou,0.3332502387206975
W010,merged,normal,4,n_pred,4.227272727272728
W010,merged,normal,4,n_reg,4.454545454545454
W010,merged,normal,6,f1@0.5,0.1756189888542829
W010,merged,normal,6,f1@0.75,0.1425853558206499
W010,merged,normal,6,miou,0.2286407388279613
W010,merged,normal,6,n_pred,2.0
W010,merged,normal,6,n_reg,2.0
W010,merged,normal,8,f1@0.5,0.3708823426315686
W010,merged,normal,8,f1@0.75,0.2382222610550783
W010,merged,normal,8,miou,0.3281297854142721
W010,merged,normal,8,n_pred,3.590909090909091
W010,merged,normal,8,n_reg,3.590909090909091
W010,merged,normal,12,f1@0.5,0.4634674364163528
W010,merged,normal,12,f1@0.75,0.2137545847685166
W010,merged,normal,12,miou,0.4236771756349685
W010,merged,normal,12,n_pred,4.590909090909091
W010,merged,normal,12,n_reg,4.909090909090909
W010,merged,normal,16,f1@0.5,0.4739099866421847
W010,merged,normal,16,f1@0.75,0.3401687708576253
W010,merged,normal,16,miou,0.4750366291032893
W010,merged,normal,16,n_pred,4.227272727272728
W010,merged,normal,16,n_reg,4.227272727272728
W010,merged,normal,24,f1@0.5,0.5305190896135169
W010,merged,normal,24,f1@0.75,0.365392592443676
W010,merged,normal,24,miou,0.4947455413177897
W010,merged,normal,24,n_pred,5.363636363636363
W010,merged,normal,24,n_reg,5.7727272727272725
W010,merged,normal,32,f1@0.5,0.0271228771228771
W010,merged,normal,32,f1@0.75,0.0
W010,merged,normal,32,miou,0.099780814118373
W010,merged,normal,32,n_pred,1.318181818181818
W010,merged,normal,32,n_reg,1.7272727272727273
W010,merged,normal,48,f1@0.5,0.3138766848906167
W010,merged,normal,48,f1@0.75,0.1504244250761278
W010,merged,normal,48,miou,0.2802930463747886
W010,merged,normal,48,n_pred,4.409090909090909
W010,merged,normal,48,n_reg,4.863636363636363
W010,merged,rgb,4,f1@0.5,0.5464431466366451
W010,merged,rgb,4,f1@0.75,0.3715557275541796
W010,merged,rgb,4,miou,0.4865221659747256
W010,merged,rgb,4,n_pred,4.863636363636363
W010,merged,rgb,4,n_reg,4.909090909090909
W010,merged,rgb,6,f1@0.5,0.4828779278856678
W010,merged,rgb,6,f1@0.75,0.2506969853332082
W010,merged,rgb,6,miou,0.5085547278879359
W010,merged,rgb,6,n_pred,5.0
W010,merged,rgb,6,n_reg,5.0
W010,merged,rgb,8,f1@0.5,0.5852690316817386
W010,merged,rgb,8,f1@0.75,0.3806394619424637
W010,merged,rgb,8,miou,0.5852175291622513
W010,merged,rgb,8,n_pred,6.363636363636363
W010,merged,rgb,8,n_reg,6.409090909090909
W010,merged,rgb,12,f1@0.5,0.6674406984396093
W010,merged,rgb,12,f1@0.75,0.4600228377373227
W010,merged,rgb,12,miou,0.5971815957290474
W010,merged,rgb,12,n_pred,7.590909090909091
W010,merged,rgb,12,n_reg,7.681818181818182
W010,merged,rgb,16,f1@0.5,0.6731471132369332
W010,merged,rgb,16,f1@0.75,0.4518239659020873
W010,merged,rgb,16,miou,0.5965751091969445
W010,merged,rgb,16,n_pred,7.545454545454546
W010,merged,rgb,16,n_reg,7.636363636363637
W010,merged,rgb,24,f1@0.5,0.6746829776914579
W010,merged,rgb,24,f1@0.75,0.4636113544837342
W010,merged,rgb,24,miou,0.5983025606946909
W010,merged,rgb,24,n_pred,7.636363636363637
W010,merged,rgb,24,n_reg,7.727272727272727
W010,merged,rgb,32,f1@0.5,0.6941259119277695
W010,merged,rgb,32,f1@0.75,0.4607009746047179
W010,merged,rgb,32,miou,0.6034156763333455
W010,merged,rgb,32,n_pred,7.772727272727272
W010,merged,rgb,32,n_reg,7.818181818181818
W010,merged,rgb,48,f1@0.5,0.6746829776914579
W010,merged,rgb,48,f1@0.75,0.4636113544837342
W010,merged,rgb,48,miou,0.5959851600740904
W010,merged,rgb,48,n_pred,7.636363636363637
W010,merged,rgb,48,n_reg,7.727272727272727
W010,raw,depth,4,f1@0.5,0.360436377348142
W010,raw,depth,4,f1@0.75,0.0717646732352614
W010,raw,depth,4,miou,0.3867496140366324
W010,raw,depth,4,n_pred,3.0
W010,raw,depth,4,n_reg,3.0
W010,raw,depth,6,f1@0.5,0.3683774945384853
W010,raw,depth,6,f1@0.75,0.1919881030562145
W010,raw,depth,6,miou,0.4543648589997507
W010,raw,depth,6,n_pred,4.0
W010,raw,depth,6,n_reg,4.0
W010,raw,depth,8,f1@0.5,0.3435445230723868
W010,raw,depth,8,f1@0.75,0.0702369783639133
W010,raw,depth,8,miou,0.4113534462593088
W010,raw,depth,8,n_pred,4.318181818181818
W010,raw,depth,8,n_reg,4.545454545454546
W010,raw,depth,12,f1@0.5,0.3533335902143952
W010,raw,depth,12,f1@0.75,0.183209639517689
W010,raw,depth,12,miou,0.4589729345754529
W010,raw,depth,12,n_pred,5.227272727272728
W010,raw,depth,12,n_reg,5.545454545454546
W010,raw,depth,16,f1@0.5,0.3562514240145819
W010,raw,depth,16,f1@0.75,0.0760174723797014
W010,raw,depth,16,miou,0.4086039918914023
W010,raw,depth,16,n_pred,4.2727272727272725
W010,raw,depth,16,n_reg,4.545454545454546
W010,raw,depth,24,f1@0.5,0.3684071526247152
W010,raw,depth,24,f1@0.75,0.1910724743717988
W010,raw,depth,24,miou,0.4645544396550087
W010,raw,depth,24,n_pred,6.045454545454546
W010,raw,depth,24,n_reg,6.318181818181818
W010,raw,depth,32,f1@0.5,0.3533335902143952
W010,raw,depth,32,f1@0.75,0.183209639517689
W010,raw,depth,32,miou,0.4549096095126096
W010,raw,depth,32,n_pred,5.227272727272728
W010,raw,depth,32,n_reg,5.545454545454546
W010,raw,depth,48,f1@0.5,0.3533335902143952
W010,raw,depth,48,f1@0.75,0.183209639517689
W010,raw,depth,48,miou,0.4522328304945894
W010,raw,depth,48,n_pred,5.227272727272728
W010,raw,depth,48,n_reg,5.545454545454546
W010,raw,normal,4,f1@0.5,0.3470459236326109
W010,raw,normal,4,f1@0.75,0.2172358257497576
W010,raw,normal,4,miou,0.3351058880544456
W010,raw,normal,4,n_pred,4.681818181818182
W010,raw,normal,4,n_reg,4.909090909090909
W010,raw,normal,6,f1@0.5,0.1756189888542829
W010,raw,normal,6,f1@0.75,0.1425853558206499
W010,raw,normal,6,miou,0.2286407388279613
W010,raw,normal,6,n_pred,2.0
W010,raw,normal,6,n_reg,2.0
W010,raw,normal,8,f1@0.5,0.3610722997332904
W010,raw,normal,8,f1@0.75,0.2315157322897261
W010,raw,normal,8,miou,0.3301346128861627
W010,raw,normal,8,n_pred,4.0
W010,raw,normal,8,n_reg,4.0
W010,raw,normal,12,f1@0.5,0.4626016355505519
W010,raw,normal,12,f1@0.75,0.2133216843356162
W010,raw,normal,12,miou,0.4236771756349685
W010,raw,normal,12,n_pred,4.636363636363637
W010,raw,normal,12,n_reg,5.136363636363637
W010,raw,normal,16,f1@0.5,0.4518544578916096
W010,raw,normal,16,f1@0.75,0.3245043312380773
W010,raw,normal,16,miou,0.4827824704651524
W010,raw,normal,16,n_pred,5.0
W010,raw,normal,16,n_reg,5.0
W010,raw,normal,24,f1@0.5,0.4961573385334995
W010,raw,normal,24,f1@0.75,0.3414089479491956
W010,raw,normal,24,miou,0.505490670638771
W010,raw,normal,24,n_pred,6.590909090909091
W010,raw,normal,24,n_reg,7.409090909090909
W010,raw,normal,32,f1@0.5,0.0271228771228771
W010,raw,normal,32,f1@0.75,0.0
W010,raw,normal,32,miou,0.099780814118373
W010,raw,normal,32,n_pred,1.318181818181818
W010,raw,normal,32,n_reg,1.818181818181818
W010,raw,normal,48,f1@0.5,0.3099879265900938
W010,raw,normal,48,f1@0.75,0.1459547934006138
W010,raw,normal,48,miou,0.2802930463747886
W010,raw,normal,48,n_pred,4.863636363636363
W010,raw,normal,48,n_reg,5.454545454545454
W010,raw,rgb,4,f1@0.5,0.4966409704377618
W010,raw,rgb,4,f1@0.75,0.2868950298692769
W010,raw,rgb,4,miou,0.4865221659747256
W010,raw,rgb,4,n_pred,6.227272727272728
W010,raw,rgb,4,n_reg,6.363636363636363
W010,raw,rgb,6,f1@0.5,0.4828779278856678
W010,raw,rgb,6,f1@0.75,0.2506969853332082
W010,raw,rgb,6,miou,0.5085547278879359
W010,raw,rgb,6,n_pred,5.0
W010,raw,rgb,6,n_reg,5.0
W010,raw,rgb,8,f1@0.5,0.48009150016015
W010,raw,rgb,8,f1@0.75,0.2851033545655971
W010,raw,rgb,8,miou,0.5852876030259515
W010,raw,rgb,8,n_pred,9.045454545454543
W010,raw,rgb,8,n_reg,9.409090909090908
W010,raw,rgb,12,f1@0.5,0.5331774014611543
W010,raw,rgb,12,f1@0.75,0.2859166327358547
W010,raw,rgb,12,miou,0.5972497811824562
W010,raw,rgb,12,n_pred,11.454545454545457
W010,raw,rgb,12,n_reg,11.772727272727272
W010,raw,rgb,16,f1@0.5,0.5481899889014513
W010,raw,rgb,16,f1@0.75,0.2870784858531894
W010,raw,rgb,16,miou,0.5965751091969445
W010,raw,rgb,16,n_pred,10.954545454545457
W010,raw,rgb,16,n_reg,11.136363636363637
W010,raw,rgb,24,f1@0.5,0.4788603475169851
W010,raw,rgb,24,f1@0.75,0.2513598863276865
W010,raw,rgb,24,miou,0.5983982665402597
W010,raw,rgb,24,n_pred,14.363636363636363
W010,raw,rgb,24,n_reg,15.363636363636363
W010,raw,rgb,32,f1@0.5,0.4636051318588857
W010,raw,rgb,32,f1@0.75,0.2369423299614703
W010,raw,rgb,32,miou,0.6035114831548046
W010,raw,rgb,32,n_pred,15.727272727272728
W010,raw,rgb,32,n_reg,16.90909090909091
W010,raw,rgb,48,f1@0.5,0.4815667216026695
W010,raw,rgb,48,f1@0.75,0.2515723892851806
W010,raw,rgb,48,miou,0.5960799063314893
W010,raw,rgb,48,n_pred,14.363636363636363
W010,raw,rgb,48,n_reg,15.363636363636363
W011,merged,depth,4,f1@0.5,0.32309890067888
W011,merged,depth,4,f1@0.75,0.132539693040209
W011,merged,depth,4,miou,0.4014587912781844
W011,merged,depth,4,n_pred,3.0
W011,merged,depth,4,n_reg,3.0
W011,merged,depth,6,f1@0.5,0.32309890067888
W011,merged,depth,6,f1@0.75,0.132539693040209
W011,merged,depth,6,miou,0.4020157918797618
W011,merged,depth,6,n_pred,3.0
W011,merged,depth,6,n_reg,3.0
W011,merged,depth,8,f1@0.5,0.3379764631398618
W011,merged,depth,8,f1@0.75,0.1254928562118104
W011,merged,depth,8,miou,0.4104656709467504
W011,merged,depth,8,n_pred,3.814814814814815
W011,merged,depth,8,n_reg,3.888888888888889
W011,merged,depth,12,f1@0.5,0.3391059207708675
W011,merged,depth,12,f1@0.75,0.1259601191403737
W011,merged,depth,12,miou,0.4096195288168881
W011,merged,depth,12,n_pred,3.740740740740741
W011,merged,depth,12,n_reg,3.888888888888889
W011,merged,depth,16,f1@0.5,0.3385612584614992
W011,merged,depth,16,f1@0.75,0.1256877879856896
W011,merged,depth,16,miou,0.4098955220601201
W011,merged,depth,16,n_pred,3.7777777777777777
W011,merged,depth,16,n_reg,3.888888888888889
W011,merged,depth,24,f1@0.5,0.3391059207708675
W011,merged,depth,24,f1@0.75,0.1259601191403737
W011,merged,depth,24,miou,0.4095423679633858
W011,merged,depth,24,n_pred,3.740740740740741
W011,merged,depth,24,n_reg,3.888888888888889
W011,merged,depth,32,f1@0.5,0.4464500567785741
W011,merged,depth,32,f1@0.75,0.3158422480575903
W011,merged,depth,32,miou,0.4494967304402193
W011,merged,depth,32,n_pred,5.222222222222222
W011,merged,depth,32,n_reg,5.37037037037037
W011,merged,depth,48,f1@0.5,0.4499773936392443
W011,merged,depth,48,f1@0.75,0.3158422480575903
W011,merged,depth,48,miou,0.4500704656944502
W011,merged,depth,48,n_pred,5.222222222222222
W011,merged,depth,48,n_reg,5.407407407407407
W011,merged,normal,4,f1@0.5,0.3552974561144496
W011,merged,normal,4,f1@0.75,0.2601907049619468
W011,merged,normal,4,miou,0.4189948812505074
W011,merged,normal,4,n_pred,3.740740740740741
W011,merged,normal,4,n_reg,3.740740740740741
W011,merged,normal,6,f1@0.5,0.4677202719944378
W011,merged,normal,6,f1@0.75,0.3310005678684729
W011,merged,normal,6,miou,0.4948962925398926
W011,merged,normal,6,n_pred,4.666666666666667
W011,merged,normal,6,n_reg,4.666666666666667
W011,merged,normal,8,f1@0.5,0.5288047270417411
W011,merged,normal,8,f1@0.75,0.3748370770128595
W011,merged,normal,8,miou,0.5112872283429986
W011,merged,normal,8,n_pred,5.333333333333333
W011,merged,normal,8,n_reg,5.333333333333333
W011,merged,normal,12,f1@0.5,0.3546801721638322
W011,merged,normal,12,f1@0.75,0.2595734210113295
W011,merged,normal,12,miou,0.4184421453378139
W011,merged,normal,12,n_pred,3.7777777777777777
W011,merged,normal,12,n_reg,3.925925925925926
W011,merged,normal,16,f1@0.5,0.3707636360887135
W011,merged,normal,16,f1@0.75,0.2586560950166041
W011,merged,normal,16,miou,0.4210129175100346
W011,merged,normal,16,n_pred,3.851851851851852
W011,merged,normal,16,n_reg,4.0
W011,merged,normal,24,f1@0.5,0.3552974561144496
W011,merged,normal,24,f1@0.75,0.2601907049619468
W011,merged,normal,24,miou,0.4182918125445566
W011,merged,normal,24,n_pred,3.740740740740741
W011,merged,normal,24,n_reg,3.740740740740741
W011,merged,normal,32,f1@0.5,0.4266071335816778
W011,merged,normal,32,f1@0.75,0.3056218628802047
W011,merged,normal,32,miou,0.4470218819764286
W011,merged,normal,32,n_pred,4.481481481481482
W011,merged,normal,32,n_reg,4.481481481481482
W011,merged,normal,48,f1@0.5,0.4638027902991783
W011,merged,normal,48,f1@0.75,0.3285432212934793
W011,merged,normal,48,miou,0.4979195100629862
W011,merged,normal,48,n_pred,4.814814814814815
W011,merged,normal,48,n_reg,4.888888888888889
W011,merged,rgb,4,f1@0.5,0.3793760524152681
W011,merged,rgb,4,f1@0.75,0.2548167035095139
W011,merged,rgb,4,miou,0.4300047025262979
W011,merged,rgb,4,n_pred,3.2962962962962963
W011,merged,rgb,4,n_reg,3.2962962962962963
W011,merged,rgb,6,f1@0.5,0.3842570646492215
W011,merged,rgb,6,f1@0.75,0.2542720412001457
W011,merged,rgb,6,miou,0.4305096708104031
W011,merged,rgb,6,n_pred,3.333333333333333
W011,merged,rgb,6,n_reg,3.333333333333333
W011,merged,rgb,8,f1@0.5,0.5609590962618138
W011,merged,rgb,8,f1@0.75,0.3511213623614724
W011,merged,rgb,8,miou,0.5935641772696627
W011,merged,rgb,8,n_pred,6.111111111111111
W011,merged,rgb,8,n_reg,6.111111111111111
W011,merged,rgb,12,f1@0.5,0.6136013709430947
W011,merged,rgb,12,f1@0.75,0.4229634723726945
W011,merged,rgb,12,miou,0.6298943672844148
W011,merged,rgb,12,n_pred,7.037037037037037
W011,merged,rgb,12,n_reg,7.074074074074074
W011,merged,rgb,16,f1@0.5,0.6192104015711948
W011,merged,rgb,16,f1@0.75,0.4000662171501674
W011,merged,rgb,16,miou,0.6163887677328648
W011,merged,rgb,16,n_pred,6.851851851851852
W011,merged,rgb,16,n_reg,6.962962962962963
W011,merged,rgb,24,f1@0.5,0.6186652676927276
W011,merged,rgb,24,f1@0.75,0.4042550703156288
W011,merged,rgb,24,miou,0.6241457667720981
W011,merged,rgb,24,n_pred,6.851851851851852
W011,merged,rgb,24,n_reg,6.925925925925926
W011,merged,rgb,32,f1@0.5,0.6173792160282789
W011,merged,rgb,32,f1@0.75,0.4120306284093843
W011,merged,rgb,32,miou,0.6105203105044169
W011,merged,rgb,32,n_pred,6.666666666666667
W011,merged,rgb,32,n_reg,6.7407407407407405
W011,merged,rgb,48,f1@0.5,0.6082877404069877
W011,merged,rgb,48,f1@0.75,0.4097301105732777
W011,merged,rgb,48,miou,0.6191167108538225
W011,merged,rgb,48,n_pred,6.814814814814815
W011,merged,rgb,48,n_reg,6.814814814814815
W011,raw,depth,4,f1@0.5,0.32309890067888
W011,raw,depth,4,f1@0.75,0.132539693040209
W011,raw,depth,4,miou,0.4014587912781844
W011,raw,depth,4,n_pred,3.0
W011,raw,depth,4,n_reg,3.0
W011,raw,depth,6,f1@0.5,0.32309890067888
W011,raw,depth,6,f1@0.75,0.132539693040209
W011,raw,depth,6,miou,0.4020157918797618
W011,raw,depth,6,n_pred,3.0
W011,raw,depth,6,n_reg,3.0
W011,raw,depth,8,f1@0.5,0.3370505372139359
W011,raw,depth,8,f1@0.75,0.1251842142365018
W011,raw,depth,8,miou,0.4104656709467504
W011,raw,depth,8,n_pred,3.851851851851852
W011,raw,depth,8,n_reg,3.962962962962963
W011,raw,depth,12,f1@0.5,0.3381799948449415
W011,raw,depth,12,f1@0.75,0.125651477165065
W011,raw,depth,12,miou,0.4096195288168881
W011,raw,depth,12,n_pred,3.7777777777777777
W011,raw,depth,12,n_reg,3.962962962962963
W011,raw,depth,16,f1@0.5,0.3376353325355733
W011,raw,depth,16,f1@0.75,0.1253791460103809
W011,raw,depth,16,miou,0.4098955220601201
W011,raw,depth,16,n_pred,3.814814814814815
W011,raw,depth,16,n_reg,3.962962962962963
W011,raw,depth,24,f1@0.5,0.3381799948449415
W011,raw,depth,24,f1@0.75,0.125651477165065
W011,raw,depth,24,miou,0.4095423679633858
W011,raw,depth,24,n_pred,3.7777777777777777
W011,raw,depth,24,n_reg,3.962962962962963
W011,raw,depth,32,f1@0.5,0.4312639433468466
W011,raw,depth,32,f1@0.75,0.3058171854009487
W011,raw,depth,32,miou,0.4494967304402193
W011,raw,depth,32,n_pred,5.7407407407407405
W011,raw,depth,32,n_reg,6.148148148148148
W011,raw,depth,48,f1@0.5,0.4347912802075168
W011,raw,depth,48,f1@0.75,0.3058171854009487
W011,raw,depth,48,miou,0.4500704656944502
W011,raw,depth,48,n_pred,5.7407407407407405
W011,raw,depth,48,n_reg,6.592592592592593
W011,raw,normal,4,f1@0.5,0.3538563953596633
W011,raw,normal,4,f1@0.75,0.2558677222075914
W011,raw,normal,4,miou,0.4215507781054192
W011,raw,normal,4,n_pred,4.0
W011,raw,normal,4,n_reg,4.0
W011,raw,normal,6,f1@0.5,0.4538049462800064
W011,raw,normal,6,f1@0.75,0.3193641784199059
W011,raw,normal,6,miou,0.4972495213115704
W011,raw,normal,6,n_pred,5.0
W011,raw,normal,6,n_reg,5.0
W011,raw,normal,8,f1@0.5,0.5065041498908028
W011,raw,normal,8,f1@0.75,0.3606131093231197
W011,raw,normal,8,miou,0.5136434125074628
W011,raw,normal,8,n_pred,5.777777777777778
W011,raw,normal,8,n_reg,5.777777777777778
W011,raw,normal,12,f1@0.5,0.348381840865501
W011,raw,normal,12,f1@0.75,0.2522180192114832
W011,raw,normal,12,miou,0.4211528250360726
W011,raw,normal,12,n_pred,4.222222222222222
W011,raw,normal,12,n_reg,4.7407407407407405
W011,raw,normal,16,f1@0.5,0.3618353639251472
W011,raw,normal,16,f1@0.75,0.2498465313050796
W011,raw,normal,16,miou,0.4237322582297775
W011,raw,normal,16,n_pred,4.407407407407407
W011,raw,normal,16,n_reg,4.962962962962963
W011,raw,normal,24,f1@0.5,0.3538563953596633
W011,raw,normal,24,f1@0.75,0.2558677222075914
W011,raw,normal,24,miou,0.4208313576724182
W011,raw,normal,24,n_pred,4.0
W011,raw,normal,24,n_reg,4.0
W011,raw,normal,32,f1@0.5,0.423587283666403
W011,raw,normal,32,f1@0.75,0.3004043437737968
W011,raw,normal,32,miou,0.4491392841745813
W011,raw,normal,32,n_pred,4.777777777777778
W011,raw,normal,32,n_reg,4.777777777777778
W011,raw,normal,48,f1@0.5,0.4398088457427982
W011,raw,normal,48,f1@0.75,0.3092740971395942
W011,raw,normal,48,miou,0.5028238300732074
W011,raw,normal,48,n_pred,5.555555555555555
W011,raw,normal,48,n_reg,6.0
W011,raw,rgb,4,f1@0.5,0.3337813487968287
W011,raw,rgb,4,f1@0.75,0.164442469645428
W011,raw,rgb,4,miou,0.4300047025262979
W011,raw,rgb,4,n_pred,4.925925925925926
W011,raw,rgb,4,n_reg,4.925925925925926
W011,raw,rgb,6,f1@0.5,0.3108732251835107
W011,raw,rgb,6,f1@0.75,0.1551004872384301
W011,raw,rgb,6,miou,0.4305096708104031
W011,raw,rgb,6,n_pred,5.962962962962963
W011,raw,rgb,6,n_reg,6.111111111111111
W011,raw,rgb,8,f1@0.5,0.4953301422169671
W011,raw,rgb,8,f1@0.75,0.2597730875680652
W011,raw,rgb,8,miou,0.5935641772696627
W011,raw,rgb,8,n_pred,7.888888888888889
W011,raw,rgb,8,n_reg,7.888888888888889
W011,raw,rgb,12,f1@0.5,0.505815821793447
W011,raw,rgb,12,f1@0.75,0.2858011659969453
W011,raw,rgb,12,miou,0.6298939694709211
W011,raw,rgb,12,n_pred,10.48148148148148
W011,raw,rgb,12,n_reg,11.148148148148149
W011,raw,rgb,16,f1@0.5,0.5048506568720147
W011,raw,rgb,16,f1@0.75,0.2825211114939058
W011,raw,rgb,16,miou,0.6163143116875583
W011,raw,rgb,16,n_pred,10.407407407407408
W011,raw,rgb,16,n_reg,10.851851851851851
W011,raw,rgb,24,f1@0.5,0.4832586239586832
W011,raw,rgb,24,f1@0.75,0.2687987326024447
W011,raw,rgb,24,miou,0.6240780368129372
W011,raw,rgb,24,n_pred,11.51851851851852
W011,raw,rgb,24,n_reg,12.62962962962963
W011,raw,rgb,32,f1@0.5,0.4742366219254091
W011,raw,rgb,32,f1@0.75,0.2656639464724896
W011,raw,rgb,32,miou,0.6105203105044169
W011,raw,rgb,32,n_pred,11.48148148148148
W011,raw,rgb,32,n_reg,12.62962962962963
W011,raw,rgb,48,f1@0.5,0.4722158705648832
W011,raw,rgb,48,f1@0.75,0.2739069326551316
W011,raw,rgb,48,miou,0.6191167108538225
W011,raw,rgb,48,n_pred,11.407407407407408
W011,raw,rgb,48,n_reg,12.88888888888889
W012,merged,depth,4,f1@0.5,0.3789244553020801
W012,merged,depth,4,f1@0.75,0.2250217179421985
W012,merged,depth,4,miou,0.4227172288705989
W012,merged,depth,4,n_pred,4.0
W012,merged,depth,4,n_reg,4.0
W012,merged,depth,6,f1@0.5,0.4004357158865672
W012,merged,depth,6,f1@0.75,0.174661549893748
W012,merged,depth,6,miou,0.3879932034718372
W012,merged,depth,6,n_pred,3.875
W012,merged,depth,6,n_reg,3.875
W012,merged,depth,8,f1@0.5,0.3941273080204968
W012,merged,depth,8,f1@0.75,0.1736485496644165
W012,merged,depth,8,miou,0.3920223760845409
W012,merged,depth,8,n_pred,3.9583333333333335
W012,merged,depth,8,n_reg,3.9583333333333335
W012,merged,depth,12,f1@0.5,0.2957387280045949
W012,merged,depth,12,f1@0.75,0.1630552300153693
W012,merged,depth,12,miou,0.3566343291710236
W012,merged,depth,12,n_pred,3.0
W012,merged,depth,12,n_reg,3.0
W012,merged,depth,16,f1@0.5,0.3944833349341863
W012,merged,depth,16,f1@0.75,0.1736111297256808
W012,merged,depth,16,miou,0.3861844041432027
W012,merged,depth,16,n_pred,3.875
W012,merged,depth,16,n_reg,3.875
W012,merged,depth,24,f1@0.5,0.2957387280045949
W012,merged,depth,24,f1@0.75,0.16744119492765
W012,merged,depth,24,miou,0.3568506395092903
W012,merged,depth,24,n_pred,3.0
W012,merged,depth,24,n_reg,3.0
W012,merged,depth,32,f1@0.5,0.2957387280045949
W012,merged,depth,32,f1@0.75,0.1790597846712397
W012,merged,depth,32,miou,0.3584678400216952
W012,merged,depth,32,n_pred,3.0
W012,merged,depth,32,n_reg,3.0
W012,merged,depth,48,f1@0.5,0.2995266067924736
W012,merged,depth,48,f1@0.75,0.2002099648287728
W012,merged,depth,48,miou,0.3597681860504171
W012,merged,depth,48,n_pred,3.0
W012,merged,depth,48,n_reg,3.0
W012,merged,normal,4,f1@0.5,0.0890319511643041
W012,merged,normal,4,f1@0.75,0.0107638888888888
W012,merged,normal,4,miou,0.1040162819517639
W012,merged,normal,4,n_pred,1.9166666666666667
W012,merged,normal,4,n_reg,1.9583333333333333
W012,merged,normal,6,f1@0.5,0.0275141525141525
W012,merged,normal,6,f1@0.75,0.0
W012,merged,normal,6,miou,0.0916704942631935
W012,merged,normal,6,n_pred,1.0
W012,merged,normal,6,n_reg,1.0
W012,merged,normal,8,f1@0.5,0.3667836481245083
W012,merged,normal,8,f1@0.75,0.2844142367580919
W012,merged,normal,8,miou,0.4078789455188636
W012,merged,normal,8,n_pred,3.9166666666666665
W012,merged,normal,8,n_reg,3.9583333333333335
W012,merged,normal,12,f1@0.5,0.3575015568970845
W012,merged,normal,12,f1@0.75,0.2497732649847671
W012,merged,normal,12,miou,0.4212572093513978
W012,merged,normal,12,n_pred,3.7916666666666665
W012,merged,normal,12,n_reg,3.7916666666666665
W012,merged,normal,16,f1@0.5,0.2853220613379282
W012,merged,normal,16,f1@0.75,0.2481458592720202
W012,merged,normal,16,miou,0.3785422356702081
W012,merged,normal,16,n_pred,3.0
W012,merged,normal,16,n_reg,3.0
W012,merged,normal,24,f1@0.5,0.1703973790370849
W012,merged,normal,24,f1@0.75,0.1345838869735928
W012,merged,normal,24,miou,0.2640818718116462
W012,merged,normal,24,n_pred,2.0
W012,merged,normal,24,n_reg,2.0
W012,merged,normal,32,f1@0.5,0.280308692353971
W012,merged,normal,32,f1@0.75,0.2469203690759418
W012,merged,normal,32,miou,0.3795869196232973
W012,merged,normal,32,n_pred,3.083333333333333
W012,merged,normal,32,n_reg,3.1666666666666665
W012,merged,normal,48,f1@0.5,0.1509529345926404
W012,merged,normal,48,f1@0.75,0.0720811935885465
W012,merged,normal,48,miou,0.2136484401400969
W012,merged,normal,48,n_pred,2.0
W012,merged,normal,48,n_reg,2.0
W012,merged,rgb,4,f1@0.5,0.4428986689582833
W012,merged,rgb,4,f1@0.75,0.237547029461318
W012,merged,rgb,4,miou,0.3150771265065225
W012,merged,rgb,4,n_pred,4.083333333333333
W012,merged,rgb,4,n_reg,4.125
W012,merged,rgb,6,f1@0.5,0.5468585074912474
W012,merged,rgb,6,f1@0.75,0.3434432532981294
W012,merged,rgb,6,miou,0.5527598172085336
W012,merged,rgb,6,n_pred,6.0
W012,merged,rgb,6,n_reg,6.083333333333333
W012,merged,rgb,8,f1@0.5,0.5496362852690252
W012,merged,rgb,8,f1@0.75,0.317747764576325
W012,merged,rgb,8,miou,0.5515580821504754
W012,merged,rgb,8,n_pred,6.041666666666667
W012,merged,rgb,8,n_reg,6.083333333333333
W012,merged,rgb,12,f1@0.5,0.5464179060894635
W012,merged,rgb,12,f1@0.75,0.3131225517389537
W012,merged,rgb,12,miou,0.524487271567931
W012,merged,rgb,12,n_pred,6.583333333333333
W012,merged,rgb,12,n_reg,6.666666666666667
W012,merged,rgb,16,f1@0.5,0.5663056832865746
W012,merged,rgb,16,f1@0.75,0.3081075139858006
W012,merged,rgb,16,miou,0.5766506422412406
W012,merged,rgb,16,n_pred,7.291666666666667
W012,merged,rgb,16,n_reg,7.375
W012,merged,rgb,24,f1@0.5,0.5295850014789306
W012,merged,rgb,24,f1@0.75,0.3091235253656171
W012,merged,rgb,24,miou,0.566265169681418
W012,merged,rgb,24,n_pred,7.0
W012,merged,rgb,24,n_reg,7.125
W012,merged,rgb,32,f1@0.5,0.555908806065708
W012,merged,rgb,32,f1@0.75,0.3080606327199072
W012,merged,rgb,32,miou,0.5918425220086551
W012,merged,rgb,32,n_pred,7.5
W012,merged,rgb,32,n_reg,7.583333333333333
W012,merged,rgb,48,f1@0.5,0.5501864688216317
W012,merged,rgb,48,f1@0.75,0.3010179404417076
W012,merged,rgb,48,miou,0.5927131652839063
W012,merged,rgb,48,n_pred,7.416666666666667
W012,merged,rgb,48,n_reg,7.5
W012,raw,depth,4,f1@0.5,0.3789244553020801
W012,raw,depth,4,f1@0.75,0.2250217179421985
W012,raw,depth,4,miou,0.4227172288705989
W012,raw,depth,4,n_pred,4.0
W012,raw,depth,4,n_reg,4.0
W012,raw,depth,6,f1@0.5,0.3995165982395084
W012,raw,depth,6,f1@0.75,0.1743551773447284
W012,raw,depth,6,miou,0.3879932034718372
W012,raw,depth,6,n_pred,3.9166666666666665
W012,raw,depth,6,n_reg,4.0
W012,raw,depth,8,f1@0.5,0.3937979272563335
W012,raw,depth,8,f1@0.75,0.1734838592823348
W012,raw,depth,8,miou,0.3920223760845409
W012,raw,depth,8,n_pred,4.0
W012,raw,depth,8,n_reg,4.0
W012,raw,depth,12,f1@0.5,0.2957387280045949
W012,raw,depth,12,f1@0.75,0.1630552300153693
W012,raw,depth,12,miou,0.3566343291710236
W012,raw,depth,12,n_pred,3.0
W012,raw,depth,12,n_reg,3.0
W012,raw,depth,16,f1@0.5,0.3930768878524296
W012,raw,depth,16,f1@0.75,0.1730610924593122
W012,raw,depth,16,miou,0.3861844041432027
W012,raw,depth,16,n_pred,3.9583333333333335
W012,raw,depth,16,n_reg,4.0
W012,raw,depth,24,f1@0.5,0.2957387280045949
W012,raw,depth,24,f1@0.75,0.16744119492765
W012,raw,depth,24,miou,0.3568506395092903
W012,raw,depth,24,n_pred,3.0
W012,raw,depth,24,n_reg,3.0
W012,raw,depth,32,f1@0.5,0.2957387280045949
W012,raw,depth,32,f1@0.75,0.1790597846712397
W012,raw,depth,32,miou,0.3584678400216952
W012,raw,depth,32,n_pred,3.0
W012,raw,depth,32,n_reg,3.0
W012,raw,depth,48,f1@0.5,0.2995266067924736
W012,raw,depth,48,f1@0.75,0.2002099648287728
W012,raw,depth,48,miou,0.3597681860504171
W012,raw,depth,48,n_pred,3.0
W012,raw,depth,48,n_reg,3.0
W012,raw,normal,4,f1@0.5,0.0890319511643041
W012,raw,normal,4,f1@0.75,0.0107638888888888
W012,raw,normal,4,miou,0.1040162819517639
W012,raw,normal,4,n_pred,1.9166666666666667
W012,raw,normal,4,n_reg,2.0
W012,raw,normal,6,f1@0.5,0.0275141525141525
W012,raw,normal,6,f1@0.75,0.0
W012,raw,normal,6,miou,0.0916704942631935
W012,raw,normal,6,n_pred,1.0
W012,raw,normal,6,n_reg,1.0
W012,raw,normal,8,f1@0.5,0.3658645304774494
W012,raw,normal,8,f1@0.75,0.2838014916600527
W012,raw,normal,8,miou,0.40787353095461
W012,raw,normal,8,n_pred,3.9583333333333335
W012,raw,normal,8,n_reg,4.0
W012,raw,normal,12,f1@0.5,0.351976526372054
W012,raw,normal,12,f1@0.75,0.2460899113014135
W012,raw,normal,12,miou,0.4212572093513978
W012,raw,normal,12,n_pred,4.0
W012,raw,normal,12,n_reg,4.0
W012,raw,normal,16,f1@0.5,0.2853220613379282
W012,raw,normal,16,f1@0.75,0.2481458592720202
W012,raw,normal,16,miou,0.3785422356702081
W012,raw,normal,16,n_pred,3.0
W012,raw,normal,16,n_reg,3.0
W012,raw,normal,24,f1@0.5,0.1703973790370849
W012,raw,normal,24,f1@0.75,0.1345838869735928
W012,raw,normal,24,miou,0.2640818718116462
W012,raw,normal,24,n_pred,2.0
W012,raw,normal,24,n_reg,2.0
W012,raw,normal,32,f1@0.5,0.2745453720685918
W012,raw,normal,32,f1@0.75,0.2426923530832199
W012,raw,normal,32,miou,0.3795869196232973
W012,raw,normal,32,n_pred,3.333333333333333
W012,raw,normal,32,n_reg,3.8333333333333335
W012,raw,normal,48,f1@0.5,0.1509529345926404
W012,raw,normal,48,f1@0.75,0.0720811935885465
W012,raw,normal,48,miou,0.2136484401400969
W012,raw,normal,48,n_pred,2.0
W012,raw,normal,48,n_reg,2.0
W012,raw,rgb,4,f1@0.5,0.4198141391059347
W012,raw,rgb,4,f1@0.75,0.2272163763166085
W012,raw,rgb,4,miou,0.3150771265065225
W012,raw,rgb,4,n_pred,4.791666666666667
W012,raw,rgb,4,n_reg,4.875
W012,raw,rgb,6,f1@0.5,0.4560834736340637
W012,raw,rgb,6,f1@0.75,0.2831190734457773
W012,raw,rgb,6,miou,0.5527869093644876
W012,raw,rgb,6,n_pred,9.166666666666666
W012,raw,rgb,6,n_reg,9.75
W012,raw,rgb,8,f1@0.5,0.4954883582600973
W012,raw,rgb,8,f1@0.75,0.2861272081380777
W012,raw,rgb,8,miou,0.5515580821504754
W012,raw,rgb,8,n_pred,7.583333333333333
W012,raw,rgb,8,n_reg,8.041666666666666
W012,raw,rgb,12,f1@0.5,0.4849860266899908
W012,raw,rgb,12,f1@0.75,0.2727439835930211
W012,raw,rgb,12,miou,0.5245143517875782
W012,raw,rgb,12,n_pred,8.625
W012,raw,rgb,12,n_reg,8.875
W012,raw,rgb,16,f1@0.5,0.4478440651362085
W012,raw,rgb,16,f1@0.75,0.2485976829693458
W012,raw,rgb,16,miou,0.5766506422412406
W012,raw,rgb,16,n_pred,11.125
W012,raw,rgb,16,n_reg,12.0
W012,raw,rgb,24,f1@0.5,0.436456671116841
W012,raw,rgb,24,f1@0.75,0.2549663528486617
W012,raw,rgb,24,miou,0.566265169681418
W012,raw,rgb,24,n_pred,10.666666666666666
W012,raw,rgb,24,n_reg,11.958333333333334
W012,raw,rgb,32,f1@0.5,0.424978379982966
W012,raw,rgb,32,f1@0.75,0.2458217680138966
W012,raw,rgb,32,miou,0.5918581359411085
W012,raw,rgb,32,n_pred,12.208333333333334
W012,raw,rgb,32,n_reg,14.333333333333334
W012,raw,rgb,48,f1@0.5,0.4246538709198508
W012,raw,rgb,48,f1@0.75,0.2390317534930712
W012,raw,rgb,48,miou,0.5927297529753928
W012,raw,rgb,48,n_pred,12.333333333333334
W012,raw,rgb,48,n_reg,14.333333333333334
W013,merged,depth,4,f1@0.5,0.4499550892481749
W013,merged,depth,4,f1@0.75,0.2260730120508242
W013,merged,depth,4,miou,0.4003118175075184
W013,merged,depth,4,n_pred,4.111111111111111
W013,merged,depth,4,n_reg,4.5
W013,merged,depth,6,f1@0.5,0.4486534344377482
W013,merged,depth,6,f1@0.75,0.2162051184110007
W013,merged,depth,6,miou,0.3997226807905142
W013,merged,depth,6,n_pred,4.0
W013,merged,depth,6,n_reg,4.0
W013,merged,depth,8,f1@0.5,0.4499550892481749
W013,merged,depth,8,f1@0.75,0.2186656046434168
W013,merged,depth,8,miou,0.399740383067913
W013,merged,depth,8,n_pred,4.111111111111111
W013,merged,depth,8,n_reg,4.5
W013,merged,depth,12,f1@0.5,0.4480753900000546
W013,merged,depth,12,f1@0.75,0.2163612326022027
W013,merged,depth,12,miou,0.4005201212218159
W013,merged,depth,12,n_pred,4.0
W013,merged,depth,12,n_reg,4.0
W013,merged,depth,16,f1@0.5,0.4573114430957568
W013,merged,depth,16,f1@0.75,0.2166861188920012
W013,merged,depth,16,miou,0.4019990680511887
W013,merged,depth,16,n_pred,3.9444444444444446
W013,merged,depth,16,n_reg,3.9444444444444446
W013,merged,depth,24,f1@0.5,0.4493749351592489
W013,merged,depth,24,f1@0.75,0.2166861188920012
W013,merged,depth,24,miou,0.4007328537546032
W013,merged,depth,24,n_pred,3.9444444444444446
W013,merged,depth,24,n_reg,4.0
W013,merged,depth,32,f1@0.5,0.4493749351592489
W013,merged,depth,32,f1@0.75,0.2166861188920012
W013,merged,depth,32,miou,0.4016168552161234
W013,merged,depth,32,n_pred,3.9444444444444446
W013,merged,depth,32,n_reg,3.9444444444444446
W013,merged,depth,48,f1@0.5,0.4493749351592489
W013,merged,depth,48,f1@0.75,0.2166861188920012
W013,merged,depth,48,miou,0.4006463881123305
W013,merged,depth,48,n_pred,3.9444444444444446
W013,merged,depth,48,n_reg,4.0
W013,merged,normal,4,f1@0.5,0.2944006381570881
W013,merged,normal,4,f1@0.75,0.1453063796846046
W013,merged,normal,4,miou,0.3539076405528682
W013,merged,normal,4,n_pred,3.7222222222222223
W013,merged,normal,4,n_reg,3.7222222222222223
W013,merged,normal,6,f1@0.5,0.3051514208376953
W013,merged,normal,6,f1@0.75,0.1456312659744032
W013,merged,normal,6,miou,0.3501553313207808
W013,merged,normal,6,n_pred,3.6666666666666665
W013,merged,normal,6,n_reg,3.6666666666666665
W013,merged,normal,8,f1@0.5,0.2866099133255996
W013,merged,normal,8,f1@0.75,0.1457037697233775
W013,merged,normal,8,miou,0.3453978171908621
W013,merged,normal,8,n_pred,3.6666666666666665
W013,merged,normal,8,n_reg,3.7777777777777777
W013,merged,normal,12,f1@0.5,0.3050672767778031
W013,merged,normal,12,f1@0.75,0.1485884323603621
W013,merged,normal,12,miou,0.3473022157392613
W013,merged,normal,12,n_pred,4.055555555555555
W013,merged,normal,12,n_reg,4.222222222222222
W013,merged,normal,16,f1@0.5,0.2946364227065981
W013,merged,normal,16,f1@0.75,0.1454242719593596
W013,merged,normal,16,miou,0.3450383103956288
W013,merged,normal,16,n_pred,3.7222222222222223
W013,merged,normal,16,n_reg,3.888888888888889
W013,merged,normal,24,f1@0.5,0.3061134217996963
W013,merged,normal,24,f1@0.75,0.1461122664554037
W013,merged,normal,24,miou,0.3469789065609893
W013,merged,normal,24,n_pred,3.611111111111111
W013,merged,normal,24,n_reg,3.7222222222222223
W013,merged,normal,32,f1@0.5,0.3169129436286299
W013,merged,normal,32,f1@0.75,0.1452227692423771
W013,merged,normal,32,miou,0.3522227730139393
W013,merged,normal,32,n_pred,3.7222222222222223
W013,merged,normal,32,n_reg,3.7222222222222223
W013,merged,normal,48,f1@0.5,0.3077739344896207
W013,merged,normal,48,f1@0.75,0.1457037697233775
W013,merged,normal,48,miou,0.345264795068262
W013,merged,normal,48,n_pred,3.6666666666666665
W013,merged,normal,48,n_reg,3.6666666666666665
W013,merged,rgb,4,f1@0.5,0.5579424087551023
W013,merged,rgb,4,f1@0.75,0.3460844004445655
W013,merged,rgb,4,miou,0.551032941012282
W013,merged,rgb,4,n_pred,5.0
W013,merged,rgb,4,n_reg,5.0
W013,merged,rgb,6,f1@0.5,0.5598322343291383
W013,merged,rgb,6,f1@0.75,0.3563023907064154
W013,merged,rgb,6,miou,0.5837494308285319
W013,merged,rgb,6,n_pred,5.555555555555555
W013,merged,rgb,6,n_reg,5.555555555555555
W013,merged,rgb,8,f1@0.5,0.5300849246308483
W013,merged,rgb,8,f1@0.75,0.3815023868842238
W013,merged,rgb,8,miou,0.6194832268341842
W013,merged,rgb,8,n_pred,6.388888888888889
W013,merged,rgb,8,n_reg,6.388888888888889
W013,merged,rgb,12,f1@0.5,0.5957500093936132
W013,merged,rgb,12,f1@0.75,0.4587431066471538
W013,merged,rgb,12,miou,0.6455253309299809
W013,merged,rgb,12,n_pred,6.833333333333333
W013,merged,rgb,12,n_reg,6.833333333333333
W013,merged,rgb,16,f1@0.5,0.7258284976278275
W013,merged,rgb,16,f1@0.75,0.4923085287735457
W013,merged,rgb,16,miou,0.6851179589371017
W013,merged,rgb,16,n_pred,7.888888888888889
W013,merged,rgb,16,n_reg,8.0
W013,merged,rgb,24,f1@0.5,0.6110095187455307
W013,merged,rgb,24,f1@0.75,0.4025031835313614
W013,merged,rgb,24,miou,0.6063362793249045
W013,merged,rgb,24,n_pred,6.388888888888889
W013,merged,rgb,24,n_reg,6.722222222222222
W013,merged,rgb,32,f1@0.5,0.610801424291912
W013,merged,rgb,32,f1@0.75,0.4150137988096589
W013,merged,rgb,32,miou,0.6095529666397594
W013,merged,rgb,32,n_pred,6.388888888888889
W013,merged,rgb,32,n_reg,6.5
W013,merged,rgb,48,f1@0.5,0.6327748400251428
W013,merged,rgb,48,f1@0.75,0.4134554923579915
W013,merged,rgb,48,miou,0.6511655459054954
W013,merged,rgb,48,n_pred,7.833333333333333
W013,merged,rgb,48,n_reg,8.055555555555555
W013,raw,depth,4,f1@0.5,0.4448083841014697
W013,raw,depth,4,f1@0.75,0.2190443925222047
W013,raw,depth,4,miou,0.4003118175075184
W013,raw,depth,4,n_pred,4.388888888888889
W013,raw,depth,4,n_reg,4.944444444444445
W013,raw,depth,6,f1@0.5,0.4333740868312591
W013,raw,depth,6,f1@0.75,0.2092210187282426
W013,raw,depth,6,miou,0.3997226807905142
W013,raw,depth,6,n_pred,4.611111111111111
W013,raw,depth,6,n_reg,5.0
W013,raw,depth,8,f1@0.5,0.4448083841014697
W013,raw,depth,8,f1@0.75,0.2116369851147973
W013,raw,depth,8,miou,0.399740383067913
W013,raw,depth,8,n_pred,4.388888888888889
W013,raw,depth,8,n_reg,4.944444444444445
W013,raw,depth,12,f1@0.5,0.4291879679392579
W013,raw,depth,12,f1@0.75,0.2066105300883422
W013,raw,depth,12,miou,0.4005201212218159
W013,raw,depth,12,n_pred,4.722222222222222
W013,raw,depth,12,n_reg,5.0
W013,raw,depth,16,f1@0.5,0.4390534478898772
W013,raw,depth,16,f1@0.75,0.2084817845266761
W013,raw,depth,16,miou,0.4019990680511887
W013,raw,depth,16,n_pred,4.611111111111111
W013,raw,depth,16,n_reg,4.833333333333333
W013,raw,depth,24,f1@0.5,0.4291879679392579
W013,raw,depth,24,f1@0.75,0.2066105300883422
W013,raw,depth,24,miou,0.4007135599775841
W013,raw,depth,24,n_pred,4.722222222222222
W013,raw,depth,24,n_reg,5.0
W013,raw,depth,32,f1@0.5,0.4283130893683009
W013,raw,depth,32,f1@0.75,0.2064068122375656
W013,raw,depth,32,miou,0.4016168552161234
W013,raw,depth,32,n_pred,4.722222222222222
W013,raw,depth,32,n_reg,4.888888888888889
W013,raw,depth,48,f1@0.5,0.4328916716429616
W013,raw,depth,48,f1@0.75,0.20938830786612
W013,raw,depth,48,miou,0.4006168765648003
W013,raw,depth,48,n_pred,4.611111111111111
W013,raw,depth,48,n_reg,5.0
W013,raw,normal,4,f1@0.5,0.283970286679265
W013,raw,normal,4,f1@0.75,0.1405930713593252
W013,raw,normal,4,miou,0.3539076405528682
W013,raw,normal,4,n_pred,4.277777777777778
W013,raw,normal,4,n_reg,4.611111111111111
W013,raw,normal,6,f1@0.5,0.2928030799418828
W013,raw,normal,6,f1@0.75,0.1399258941570603
W013,raw,normal,6,miou,0.3501553313207808
W013,raw,normal,6,n_pred,4.277777777777778
W013,raw,normal,6,n_reg,4.555555555555555
W013,raw,normal,8,f1@0.5,0.2733706605094634
W013,raw,normal,8,f1@0.75,0.1402305277950272
W013,raw,normal,8,miou,0.3454154530868545
W013,raw,normal,8,n_pred,4.333333333333333
W013,raw,normal,8,n_reg,4.722222222222222
W013,raw,normal,12,f1@0.5,0.2877649244443788
W013,raw,normal,12,f1@0.75,0.1345514424478618
W013,raw,normal,12,miou,0.3485482319224101
W013,raw,normal,12,n_pred,5.055555555555555
W013,raw,normal,12,n_reg,5.555555555555555
W013,raw,normal,16,f1@0.5,0.2787226657453696
W013,raw,normal,16,f1@0.75,0.1407590636821803
W013,raw,normal,16,miou,0.3450650062393826
W013,raw,normal,16,n_pred,4.277777777777778
W013,raw,normal,16,n_reg,4.722222222222222
W013,raw,normal,24,f1@0.5,0.2948232819620848
W013,raw,normal,24,f1@0.75,0.1414650956962618
W013,raw,normal,24,miou,0.3470184189661643
W013,raw,normal,24,n_pred,4.166666666666667
W013,raw,normal,24,n_reg,4.777777777777778
W013,raw,normal,32,f1@0.5,0.2977874474262503
W013,raw,normal,32,f1@0.75,0.1393967936279597
W013,raw,normal,32,miou,0.3522227730139393
W013,raw,normal,32,n_pred,4.333333333333333
W013,raw,normal,32,n_reg,4.5
W013,raw,normal,48,f1@0.5,0.2886484382872412
W013,raw,normal,48,f1@0.75,0.1398777941089602
W013,raw,normal,48,miou,0.345264795068262
W013,raw,normal,48,n_pred,4.277777777777778
W013,raw,normal,48,n_reg,4.722222222222222
W013,raw,rgb,4,f1@0.5,0.5145347027699968
W013,raw,rgb,4,f1@0.75,0.2539698920503874
W013,raw,rgb,4,miou,0.551032941012282
W013,raw,rgb,4,n_pred,6.5
W013,raw,rgb,4,n_reg,6.888888888888889
W013,raw,rgb,6,f1@0.5,0.4173659584287603
W013,raw,rgb,6,f1@0.75,0.2046127159653729
W013,raw,rgb,6,miou,0.5837762723627774
W013,raw,rgb,6,n_pred,9.166666666666666
W013,raw,rgb,6,n_reg,10.11111111111111
W013,raw,rgb,8,f1@0.5,0.4390262180117252
W013,raw,rgb,8,f1@0.75,0.2215508150163629
W013,raw,rgb,8,miou,0.6194866966555213
W013,raw,rgb,8,n_pred,9.77777777777778
W013,raw,rgb,8,n_reg,10.944444444444445
W013,raw,rgb,12,f1@0.5,0.4968268880251485
W013,raw,rgb,12,f1@0.75,0.287910484729619
W013,raw,rgb,12,miou,0.6455253309299809
W013,raw,rgb,12,n_pred,10.22222222222222
W013,raw,rgb,12,n_reg,10.88888888888889
W013,raw,rgb,16,f1@0.5,0.4119182434494876
W013,raw,rgb,16,f1@0.75,0.2078966705411326
W013,raw,rgb,16,miou,0.6851248372057677
W013,raw,rgb,16,n_pred,14.72222222222222
W013,raw,rgb,16,n_reg,16.22222222222222
W013,raw,rgb,24,f1@0.5,0.4971040720747446
W013,raw,rgb,24,f1@0.75,0.2801958560984311
W013,raw,rgb,24,miou,0.6063340020747966
W013,raw,rgb,24,n_pred,10.27777777777778
W013,raw,rgb,24,n_reg,11.72222222222222
W013,raw,rgb,32,f1@0.5,0.4844907943992612
W013,raw,rgb,32,f1@0.75,0.2692051219396757
W013,raw,rgb,32,miou,0.609563437419702
W013,raw,rgb,32,n_pred,10.77777777777778
W013,raw,rgb,32,n_reg,11.833333333333334
W013,raw,rgb,48,f1@0.5,0.4958204069514101
W013,raw,rgb,48,f1@0.75,0.2529392896159023
W013,raw,rgb,48,miou,0.65117601325512
W013,raw,rgb,48,n_pred,12.72222222222222
W013,raw,rgb,48,n_reg,13.944444444444445
W014,merged,depth,4,f1@0.5,0.3893939393939394
W014,merged,depth,4,f1@0.75,0.0125
W014,merged,depth,4,miou,0.3139209145866213
W014,merged,depth,4,n_pred,3.0
W014,merged,depth,4,n_reg,3.0625
W014,merged,depth,6,f1@0.5,0.4523989898989898
W014,merged,depth,6,f1@0.75,0.0227272727272727
W014,merged,depth,6,miou,0.3412172185635373
W014,merged,depth,6,n_pred,3.4375
W014,merged,depth,6,n_reg,3.625
W014,merged,depth,8,f1@0.5,0.4493686868686868
W014,merged,depth,8,f1@0.75,0.0113636363636363
W014,merged,depth,8,miou,0.3350724217378446
W014,merged,depth,8,n_pred,3.4375
W014,merged,depth,8,n_reg,3.625
W014,merged,depth,12,f1@0.5,0.6161130536130536
W014,merged,depth,12,f1@0.75,0.168560606060606
W014,merged,depth,12,miou,0.4409489643033079
W014,merged,depth,12,n_pred,5.0
W014,merged,depth,12,n_reg,5.0
W014,merged,depth,16,f1@0.5,0.6161130536130536
W014,merged,depth,16,f1@0.75,0.168560606060606
W014,merged,depth,16,miou,0.4403029147411258
W014,merged,depth,16,n_pred,5.0
W014,merged,depth,16,n_reg,5.0
W014,merged,depth,24,f1@0.5,0.6824009324009324
W014,merged,depth,24,f1@0.75,0.1744318181818182
W014,merged,depth,24,miou,0.4174251047955475
W014,merged,depth,24,n_pred,4.625
W014,merged,depth,24,n_reg,4.625
W014,merged,depth,32,f1@0.5,0.5829691142191142
W014,merged,depth,32,f1@0.75,0.1458333333333333
W014,merged,depth,32,miou,0.4301514066112101
W014,merged,depth,32,n_pred,5.0
W014,merged,depth,32,n_reg,5.0
W014,merged,depth,48,f1@0.5,0.6161130536130536
W014,merged,depth,48,f1@0.75,0.1458333333333333
W014,merged,depth,48,miou,0.4386588371514606
W014,merged,depth,48,n_pred,5.0
W014,merged,depth,48,n_reg,5.0
W014,merged,normal,4,f1@0.5,0.8294309856809857
W014,merged,normal,4,f1@0.75,0.4324550449550449
W014,merged,normal,4,miou,0.7367101164244372
W014,merged,normal,4,n_pred,5.0625
W014,merged,normal,4,n_reg,5.0625
W014,merged,normal,6,f1@0.5,0.8669309856809857
W014,merged,normal,6,f1@0.75,0.4674929237429237
W014,merged,normal,6,miou,0.7362442617500956
W014,merged,normal,6,n_pred,5.4375
W014,merged,normal,6,n_reg,5.4375
W014,merged,normal,8,f1@0.5,0.7817890442890443
W014,merged,normal,8,f1@0.75,0.4563519813519813
W014,merged,normal,8,miou,0.7424132364623733
W014,merged,normal,8,n_pred,4.5625
W014,merged,normal,8,n_reg,4.5625
W014,merged,normal,12,f1@0.5,0.90249333999334
W014,merged,normal,12,f1@0.75,0.4653055278055278
W014,merged,normal,12,miou,0.6756940709639722
W014,merged,normal,12,n_pred,5.5625
W014,merged,normal,12,n_reg,5.5625
W014,merged,normal,16,f1@0.5,0.903294622044622
W014,merged,normal,16,f1@0.75,0.6436376123876124
W014,merged,normal,16,miou,0.7413809349740976
W014,merged,normal,16,n_pred,5.5625
W014,merged,normal,16,n_reg,5.5625
W014,merged,normal,24,f1@0.5,0.8928779553779553
W014,merged,normal,24,f1@0.75,0.4653055278055278
W014,merged,normal,24,miou,0.6761616148438302
W014,merged,normal,24,n_pred,5.5625
W014,merged,normal,24,n_reg,5.5625
W014,merged,normal,32,f1@0.5,0.903294622044622
W014,merged,normal,32,f1@0.75,0.6347090409590409
W014,merged,normal,32,miou,0.7355373827663194
W014,merged,normal,32,n_pred,5.5625
W014,merged,normal,32,n_reg,5.5625
W014,merged,normal,48,f1@0.5,0.8928779553779553
W014,merged,normal,48,f1@0.75,0.4653055278055278
W014,merged,normal,48,miou,0.6754686432445212
W014,merged,normal,48,n_pred,5.5625
W014,merged,normal,48,n_reg,5.5625
W014,merged,rgb,4,f1@0.5,0.7713182650682651
W014,merged,rgb,4,f1@0.75,0.5764652014652014
W014,merged,rgb,4,miou,0.7112401873288423
W014,merged,rgb,4,n_pred,4.6875
W014,merged,rgb,4,n_reg,4.75
W014,merged,rgb,6,f1@0.5,0.7958041958041958
W014,merged,rgb,6,f1@0.75,0.5712703962703962
W014,merged,rgb,6,miou,0.7004578446181815
W014,merged,rgb,6,n_pred,4.5
W014,merged,rgb,6,n_reg,4.5625
W014,merged,rgb,8,f1@0.5,0.8117153679653679
W014,merged,rgb,8,f1@0.75,0.5529512154512155
W014,merged,rgb,8,miou,0.7270865727304835
W014,merged,rgb,8,n_pred,5.375
W014,merged,rgb,8,n_reg,5.375
W014,merged,rgb,12,f1@0.5,0.8976128038628038
W014,merged,rgb,12,f1@0.75,0.6820575258075258
W014,merged,rgb,12,miou,0.7369729158599216
W014,merged,rgb,12,n_pred,5.5
W014,merged,rgb,12,n_reg,5.5
W014,merged,rgb,16,f1@0.5,0.8871961371961372
W014,merged,rgb,16,f1@0.75,0.6934211621711621
W014,merged,rgb,16,miou,0.7373253916444177
W014,merged,rgb,16,n_pred,5.5
W014,merged,rgb,16,n_reg,5.5
W014,merged,rgb,24,f1@0.5,0.8976128038628038
W014,merged,rgb,24,f1@0.75,0.6934211621711621
W014,merged,rgb,24,miou,0.7368407326231923
W014,merged,rgb,24,n_pred,5.5
W014,merged,rgb,24,n_reg,5.5
W014,merged,rgb,32,f1@0.5,0.8976128038628038
W014,merged,rgb,32,f1@0.75,0.6934211621711621
W014,merged,rgb,32,miou,0.7375175392808202
W014,merged,rgb,32,n_pred,5.5
W014,merged,rgb,32,n_reg,5.5
W014,merged,rgb,48,f1@0.5,0.8976128038628038
W014,merged,rgb,48,f1@0.75,0.6934211621711621
W014,merged,rgb,48,miou,0.7369903633762892
W014,merged,rgb,48,n_pred,5.5
W014,merged,rgb,48,n_reg,5.5
W014,raw,depth,4,f1@0.5,0.3574494949494949
W014,raw,depth,4,f1@0.75,0.0125
W014,raw,depth,4,miou,0.3139206478047531
W014,raw,depth,4,n_pred,3.125
W014,raw,depth,4,n_reg,3.9375
W014,raw,depth,6,f1@0.5,0.3731060606060606
W014,raw,depth,6,f1@0.75,0.0227272727272727
W014,raw,depth,6,miou,0.3412172185635373
W014,raw,depth,6,n_pred,4.0
W014,raw,depth,6,n_reg,4.375
W014,raw,depth,8,f1@0.5,0.3140297202797202
W014,raw,depth,8,f1@0.75,0.0
W014,raw,depth,8,miou,0.3350724217378446
W014,raw,depth,8,n_pred,5.125
W014,raw,depth,8,n_reg,5.6875
W014,raw,depth,12,f1@0.5,0.502518315018315
W014,raw,depth,12,f1@0.75,0.1230540293040293
W014,raw,depth,12,miou,0.4409489643033079
W014,raw,depth,12,n_pred,6.8125
W014,raw,depth,12,n_reg,6.875
W014,raw,depth,16,f1@0.5,0.4892113095238095
W014,raw,depth,16,f1@0.75,0.11944826007326
W014,raw,depth,16,miou,0.4403029147411258
W014,raw,depth,16,n_pred,7.1875
W014,raw,depth,16,n_reg,8.0
W014,raw,depth,24,f1@0.5,0.4902873168498168
W014,raw,depth,24,f1@0.75,0.1296760531135531
W014,raw,depth,24,miou,0.4174251047955475
W014,raw,depth,24,n_pred,7.1875
W014,raw,depth,24,n_reg,8.125
W014,raw,depth,32,f1@0.5,0.5282842157842158
W014,raw,depth,32,f1@0.75,0.1280074092574092
W014,raw,depth,32,miou,0.4301514066112101
W014,raw,depth,32,n_pred,6.1875
W014,raw,depth,32,n_reg,6.5
W014,raw,depth,48,f1@0.5,0.4854567307692308
W014,raw,depth,48,f1@0.75,0.1175709706959707
W014,raw,depth,48,miou,0.4386588371514606
W014,raw,depth,48,n_pred,7.3125
W014,raw,depth,48,n_reg,8.5
W014,raw,normal,4,f1@0.5,0.7266483516483516
W014,raw,normal,4,f1@0.75,0.3151327838827839
W014,raw,normal,4,miou,0.7367101164244372
W014,raw,normal,4,n_pred,6.0
W014,raw,normal,4,n_reg,6.0
W014,raw,normal,6,f1@0.5,0.7361263736263737
W014,raw,normal,6,f1@0.75,0.3312271062271062
W014,raw,normal,6,miou,0.7362442617500956
W014,raw,normal,6,n_pred,6.875
W014,raw,normal,6,n_reg,7.0
W014,raw,normal,8,f1@0.5,0.6746066433566433
W014,raw,normal,8,f1@0.75,0.3841054778554779
W014,raw,normal,8,miou,0.7424132364623733
W014,raw,normal,8,n_pred,5.6875
W014,raw,normal,8,n_reg,5.6875
W014,raw,normal,12,f1@0.5,0.7960164835164836
W014,raw,normal,12,f1@0.75,0.4028159340659341
W014,raw,normal,12,miou,0.6756940709639722
W014,raw,normal,12,n_pred,6.6875
W014,raw,normal,12,n_reg,6.6875
W014,raw,normal,16,f1@0.5,0.7953296703296704
W014,raw,normal,16,f1@0.75,0.5657051282051282
W014,raw,normal,16,miou,0.7413809349740976
W014,raw,normal,16,n_pred,6.6875
W014,raw,normal,16,n_reg,6.6875
W014,raw,normal,24,f1@0.5,0.786401098901099
W014,raw,normal,24,f1@0.75,0.4028159340659341
W014,raw,normal,24,miou,0.6761616148438302
W014,raw,normal,24,n_pred,6.6875
W014,raw,normal,24,n_reg,6.6875
W014,raw,normal,32,f1@0.5,0.7420787545787546
W014,raw,normal,32,f1@0.75,0.465521978021978
W014,raw,normal,32,miou,0.7355373827663194
W014,raw,normal,32,n_pred,7.625
W014,raw,normal,32,n_reg,7.6875
W014,raw,normal,48,f1@0.5,0.786401098901099
W014,raw,normal,48,f1@0.75,0.4028159340659341
W014,raw,normal,48,miou,0.6754686432445212
W014,raw,normal,48,n_pred,6.6875
W014,raw,normal,48,n_reg,6.6875
W014,raw,rgb,4,f1@0.5,0.652014652014652
W014,raw,rgb,4,f1@0.75,0.4706959706959707
W014,raw,rgb,4,miou,0.7112401873288423
W014,raw,rgb,4,n_pred,5.875
W014,raw,rgb,4,n_reg,5.9375
W014,raw,rgb,6,f1@0.5,0.68254662004662
W014,raw,rgb,6,f1@0.75,0.4824446386946387
W014,raw,rgb,6,miou,0.7004544821848427
W014,raw,rgb,6,n_pred,5.5625
W014,raw,rgb,6,n_reg,6.0
W014,raw,rgb,8,f1@0.5,0.6895604395604396
W014,raw,rgb,8,f1@0.75,0.4508928571428571
W014,raw,rgb,8,miou,0.7272250110415803
W014,raw,rgb,8,n_pred,6.6875
W014,raw,rgb,8,n_reg,6.6875
W014,raw,rgb,12,f1@0.5,0.7760989010989011
W014,raw,rgb,12,f1@0.75,0.5849358974358975
W014,raw,rgb,12,miou,0.7369729158599216
W014,raw,rgb,12,n_pred,6.6875
W014,raw,rgb,12,n_reg,6.6875
W014,raw,rgb,16,f1@0.5,0.668040293040293
W014,raw,rgb,16,f1@0.75,0.5056032509157509
W014,raw,rgb,16,miou,0.737325383199702
W014,raw,rgb,16,n_pred,8.75
W014,raw,rgb,16,n_reg,9.6875
W014,raw,rgb,24,f1@0.5,0.7760989010989011
W014,raw,rgb,24,f1@0.75,0.5849358974358975
W014,raw,rgb,24,miou,0.7368407326231923
W014,raw,rgb,24,n_pred,6.6875
W014,raw,rgb,24,n_reg,6.6875
W014,raw,rgb,32,f1@0.5,0.7435897435897436
W014,raw,rgb,32,f1@0.75,0.5584249084249084
W014,raw,rgb,32,miou,0.7375219108226874
W014,raw,rgb,32,n_pred,7.3125
W014,raw,rgb,32,n_reg,7.6875
W014,raw,rgb,48,f1@0.5,0.6419730392156863
W014,raw,rgb,48,f1@0.75,0.4829963235294118
W014,raw,rgb,48,miou,0.7369930388226635
W014,raw,rgb,48,n_pred,9.4375
W014,raw,rgb,48,n_reg,9.6875
W015,merged,depth,4,f1@0.5,0.6333333333333333
W015,merged,depth,4,f1@0.75,0.2986111111111111
W015,merged,depth,4,miou,0.4463532414108939
W015,merged,depth,4,n_pred,3.0
W015,merged,depth,4,n_reg,3.0
W015,merged,depth,6,f1@0.5,0.765909090909091
W015,merged,depth,6,f1@0.75,0.4295454545454545
W015,merged,depth,6,miou,0.483890999840024
W015,merged,depth,6,n_pred,4.0
W015,merged,depth,6,n_reg,4.0
W015,merged,depth,8,f1@0.5,0.765909090909091
W015,merged,depth,8,f1@0.75,0.4295454545454545
W015,merged,depth,8,miou,0.4845013350366245
W015,merged,depth,8,n_pred,4.0
W015,merged,depth,8,n_reg,4.0
W015,merged,depth,12,f1@0.5,0.765909090909091
W015,merged,depth,12,f1@0.75,0.4295454545454545
W015,merged,depth,12,miou,0.4846609092382308
W015,merged,depth,12,n_pred,4.0
W015,merged,depth,12,n_reg,4.0
W015,merged,depth,16,f1@0.5,0.765909090909091
W015,merged,depth,16,f1@0.75,0.4295454545454545
W015,merged,depth,16,miou,0.4846133961227998
W015,merged,depth,16,n_pred,4.0
W015,merged,depth,16,n_reg,4.0
W015,merged,depth,24,f1@0.5,0.765909090909091
W015,merged,depth,24,f1@0.75,0.4295454545454545
W015,merged,depth,24,miou,0.4844388731768317
W015,merged,depth,24,n_pred,4.0
W015,merged,depth,24,n_reg,4.0
W015,merged,depth,32,f1@0.5,0.765909090909091
W015,merged,depth,32,f1@0.75,0.4295454545454545
W015,merged,depth,32,miou,0.4844301772359147
W015,merged,depth,32,n_pred,4.0
W015,merged,depth,32,n_reg,4.0
W015,merged,depth,48,f1@0.5,0.765909090909091
W015,merged,depth,48,f1@0.75,0.4295454545454545
W015,merged,depth,48,miou,0.4845185304611454
W015,merged,depth,48,n_pred,4.0
W015,merged,depth,48,n_reg,4.0
W015,merged,normal,4,f1@0.5,0.8736742424242424
W015,merged,normal,4,f1@0.75,0.4693764568764569
W015,merged,normal,4,miou,0.7168667190080964
W015,merged,normal,4,n_pred,5.4375
W015,merged,normal,4,n_reg,5.4375
W015,merged,normal,6,f1@0.5,0.8969259906759907
W015,merged,normal,6,f1@0.75,0.4974504662004662
W015,merged,normal,6,miou,0.7108020655145012
W015,merged,normal,6,n_pred,5.5625
W015,merged,normal,6,n_reg,5.5625
W015,merged,normal,8,f1@0.5,0.8969259906759907
W015,merged,normal,8,f1@0.75,0.5296474358974359
W015,merged,normal,8,miou,0.7153961058606481
W015,merged,normal,8,n_pred,5.5625
W015,merged,normal,8,n_reg,5.5625
W015,merged,normal,12,f1@0.5,0.8969259906759907
W015,merged,normal,12,f1@0.75,0.4974504662004662
W015,merged,normal,12,miou,0.7096262708103895
W015,merged,normal,12,n_pred,5.5625
W015,merged,normal,12,n_reg,5.5625
W015,merged,normal,16,f1@0.5,0.8873106060606061
W015,merged,normal,16,f1@0.75,0.6571241258741258
W015,merged,normal,16,miou,0.7262727115140586
W015,merged,normal,16,n_pred,5.5625
W015,merged,normal,16,n_reg,5.5625
W015,merged,normal,24,f1@0.5,0.8969259906759907
W015,merged,normal,24,f1@0.75,0.493808275058275
W015,merged,normal,24,miou,0.7133565123998882
W015,merged,normal,24,n_pred,5.5625
W015,merged,normal,24,n_reg,5.5625
W015,merged,normal,32,f1@0.5,0.8873106060606061
W015,merged,normal,32,f1@0.75,0.5174825174825175
W015,merged,normal,32,miou,0.7119438124380981
W015,merged,normal,32,n_pred,5.5625
W015,merged,normal,32,n_reg,5.5625
W015,merged,normal,48,f1@0.5,0.8969259906759907
W015,merged,normal,48,f1@0.75,0.6230332167832168
W015,merged,normal,48,miou,0.7300880701015712
W015,merged,normal,48,n_pred,5.5625
W015,merged,normal,48,n_reg,5.5625
W015,merged,rgb,4,f1@0.5,0.5375
W015,merged,rgb,4,f1@0.75,0.2568181818181818
W015,merged,rgb,4,miou,0.4840001349900967
W015,merged,rgb,4,n_pred,4.0
W015,merged,rgb,4,n_reg,4.0
W015,merged,rgb,6,f1@0.5,0.813301282051282
W015,merged,rgb,6,f1@0.75,0.6217948717948718
W015,merged,rgb,6,miou,0.7669625669329382
W015,merged,rgb,6,n_pred,6.0
W015,merged,rgb,6,n_reg,6.0
W015,merged,rgb,8,f1@0.5,0.7238490675990676
W015,merged,rgb,8,f1@0.75,0.3619609557109557
W015,merged,rgb,8,miou,0.5903074767104878
W015,merged,rgb,8,n_pred,5.625
W015,merged,rgb,8,n_reg,5.625
W015,merged,rgb,12,f1@0.5,0.5240530303030303
W015,merged,rgb,12,f1@0.75,0.2494318181818182
W015,merged,rgb,12,miou,0.4905799909841001
W015,merged,rgb,12,n_pred,4.3125
W015,merged,rgb,12,n_reg,4.3125
W015,merged,rgb,16,f1@0.5,0.8806818181818181
W015,merged,rgb,16,f1@0.75,0.7291666666666666
W015,merged,rgb,16,miou,0.6817348934137639
W015,merged,rgb,16,n_pred,5.0625
W015,merged,rgb,16,n_reg,5.0625
W015,merged,rgb,24,f1@0.5,0.5138257575757575
W015,merged,rgb,24,f1@0.75,0.2460227272727272
W015,merged,rgb,24,miou,0.4914371120166507
W015,merged,rgb,24,n_pred,4.5
W015,merged,rgb,24,n_reg,4.5
W015,merged,rgb,32,f1@0.5,0.8639277389277389
W015,merged,rgb,32,f1@0.75,0.7260343822843823
W015,merged,rgb,32,miou,0.6855117630903002
W015,merged,rgb,32,n_pred,5.3125
W015,merged,rgb,32,n_reg,5.3125
W015,merged,rgb,48,f1@0.5,0.6466033966033966
W015,merged,rgb,48,f1@0.75,0.3452589077589078
W015,merged,rgb,48,miou,0.5241043514337854
W015,merged,rgb,48,n_pred,5.6875
W015,merged,rgb,48,n_reg,5.6875
W015,raw,depth,4,f1@0.5,0.6333333333333333
W015,raw,depth,4,f1@0.75,0.2986111111111111
W015,raw,depth,4,miou,0.4463532414108939
W015,raw,depth,4,n_pred,3.0
W015,raw,depth,4,n_reg,3.0
W015,raw,depth,6,f1@0.5,0.765909090909091
W015,raw,depth,6,f1@0.75,0.4295454545454545
W015,raw,depth,6,miou,0.483890999840024
W015,raw,depth,6,n_pred,4.0
W015,raw,depth,6,n_reg,4.0
W015,raw,depth,8,f1@0.5,0.765909090909091
W015,raw,depth,8,f1@0.75,0.4295454545454545
W015,raw,depth,8,miou,0.4845013350366245
W015,raw,depth,8,n_pred,4.0
W015,raw,depth,8,n_reg,4.0
W015,raw,depth,12,f1@0.5,0.765909090909091
W015,raw,depth,12,f1@0.75,0.4295454545454545
W015,raw,depth,12,miou,0.4846609092382308
W015,raw,depth,12,n_pred,4.0
W015,raw,depth,12,n_reg,4.0
W015,raw,depth,16,f1@0.5,0.765909090909091
W015,raw,depth,16,f1@0.75,0.4295454545454545
W015,raw,depth,16,miou,0.4846133961227998
W015,raw,depth,16,n_pred,4.0
W015,raw,depth,16,n_reg,4.0
W015,raw,depth,24,f1@0.5,0.765909090909091
W015,raw,depth,24,f1@0.75,0.4295454545454545
W015,raw,depth,24,miou,0.4844388731768317
W015,raw,depth,24,n_pred,4.0
W015,raw,depth,24,n_reg,4.0
W015,raw,depth,32,f1@0.5,0.765909090909091
W015,raw,depth,32,f1@0.75,0.4295454545454545
W015,raw,depth,32,miou,0.4844301772359147
W015,raw,depth,32,n_pred,4.0
W015,raw,depth,32,n_reg,4.0
W015,raw,depth,48,f1@0.5,0.765909090909091
W015,raw,depth,48,f1@0.75,0.4295454545454545
W015,raw,depth,48,miou,0.4845185304611454
W015,raw,depth,48,n_pred,4.0
W015,raw,depth,48,n_reg,4.0
W015,raw,normal,4,f1@0.5,0.7916666666666666
W015,raw,normal,4,f1@0.75,0.4142628205128205
W015,raw,normal,4,miou,0.7168667190080964
W015,raw,normal,4,n_pred,6.0
W015,raw,normal,4,n_reg,6.0
W015,raw,normal,6,f1@0.5,0.8221153846153846
W015,raw,normal,6,f1@0.75,0.4567307692307692
W015,raw,normal,6,miou,0.7108020655145012
W015,raw,normal,6,n_pred,6.0
W015,raw,normal,6,n_reg,6.0
W015,raw,normal,8,f1@0.5,0.7786172161172161
W015,raw,normal,8,f1@0.75,0.4126602564102564
W015,raw,normal,8,miou,0.7153961058606481
W015,raw,normal,8,n_pred,6.6875
W015,raw,normal,8,n_reg,6.875
W015,raw,normal,12,f1@0.5,0.8125
W015,raw,normal,12,f1@0.75,0.4503205128205128
W015,raw,normal,12,miou,0.7096262708103895
W015,raw,normal,12,n_pred,6.1875
W015,raw,normal,12,n_reg,7.0
W015,raw,normal,16,f1@0.5,0.7513736263736264
W015,raw,normal,16,f1@0.75,0.4320054945054945
W015,raw,normal,16,miou,0.7262727115140586
W015,raw,normal,16,n_pred,7.0
W015,raw,normal,16,n_reg,7.0
W015,raw,normal,24,f1@0.5,0.8221153846153846
W015,raw,normal,24,f1@0.75,0.4559294871794871
W015,raw,normal,24,miou,0.7133565123998882
W015,raw,normal,24,n_pred,6.0
W015,raw,normal,24,n_reg,6.0
W015,raw,normal,32,f1@0.5,0.8028846153846154
W015,raw,normal,32,f1@0.75,0.4703525641025641
W015,raw,normal,32,miou,0.7119438124380981
W015,raw,normal,32,n_pred,6.1875
W015,raw,normal,32,n_reg,6.75
W015,raw,normal,48,f1@0.5,0.7449175824175824
W015,raw,normal,48,f1@0.75,0.3948717948717948
W015,raw,normal,48,miou,0.7300880701015712
W015,raw,normal,48,n_pred,7.3125
W015,raw,normal,48,n_reg,7.875
W015,raw,rgb,4,f1@0.5,0.5375
W015,raw,rgb,4,f1@0.75,0.2568181818181818
W015,raw,rgb,4,miou,0.4840001349900967
W015,raw,rgb,4,n_pred,4.0
W015,raw,rgb,4,n_reg,4.0
W015,raw,rgb,6,f1@0.5,0.6130208333333333
W015,raw,rgb,6,f1@0.75,0.36875
W015,raw,rgb,6,miou,0.7669625669329382
W015,raw,rgb,6,n_pred,9.0
W015,raw,rgb,6,n_reg,9.0
W015,raw,rgb,8,f1@0.5,0.6195054945054945
W015,raw,rgb,8,f1@0.75,0.2829670329670329
W015,raw,rgb,8,miou,0.5903074767104878
W015,raw,rgb,8,n_pred,7.0
W015,raw,rgb,8,n_reg,7.0
W015,raw,rgb,12,f1@0.5,0.4895833333333333
W015,raw,rgb,12,f1@0.75,0.2339015151515151
W015,raw,rgb,12,miou,0.4905799909841001
W015,raw,rgb,12,n_pred,5.0
W015,raw,rgb,12,n_reg,5.0
W015,raw,rgb,16,f1@0.5,0.7451923076923077
W015,raw,rgb,16,f1@0.75,0.467032967032967
W015,raw,rgb,16,miou,0.6817348934137639
W015,raw,rgb,16,n_pred,7.125
W015,raw,rgb,16,n_reg,7.5625
W015,raw,rgb,24,f1@0.5,0.4895833333333333
W015,raw,rgb,24,f1@0.75,0.2339015151515151
W015,raw,rgb,24,miou,0.4914371120166507
W015,raw,rgb,24,n_pred,5.0
W015,raw,rgb,24,n_reg,5.0
W015,raw,rgb,32,f1@0.5,0.7451923076923077
W015,raw,rgb,32,f1@0.75,0.4759615384615384
W015,raw,rgb,32,miou,0.6855117630903002
W015,raw,rgb,32,n_pred,7.125
W015,raw,rgb,32,n_reg,7.5
W015,raw,rgb,48,f1@0.5,0.5826465201465201
W015,raw,rgb,48,f1@0.75,0.2794184981684982
W015,raw,rgb,48,miou,0.5241043514337854
W015,raw,rgb,48,n_pred,6.875
W015,raw,rgb,48,n_reg,7.5625
W016,merged,depth,4,f1@0.5,0.8598484848484849
W016,merged,depth,4,f1@0.75,0.6865530303030303
W016,merged,depth,4,miou,0.6697867039853866
W016,merged,depth,4,n_pred,5.0
W016,merged,depth,4,n_reg,5.0
W016,merged,depth,6,f1@0.5,0.8598484848484849
W016,merged,depth,6,f1@0.75,0.696969696969697
W016,merged,depth,6,miou,0.6725620652879827
W016,merged,depth,6,n_pred,5.0
W016,merged,depth,6,n_reg,5.0
W016,merged,depth,8,f1@0.5,0.8598484848484849
W016,merged,depth,8,f1@0.75,0.6865530303030303
W016,merged,depth,8,miou,0.6715144149963034
W016,merged,depth,8,n_pred,5.0
W016,merged,depth,8,n_reg,5.0
W016,merged,depth,12,f1@0.5,0.971153846153846
W016,merged,depth,12,f1@0.75,0.75
W016,merged,depth,12,miou,0.830416937871326
W016,merged,depth,12,n_pred,6.0
W016,merged,depth,12,n_reg,6.0
W016,merged,depth,16,f1@0.5,0.8702651515151515
W016,merged,depth,16,f1@0.75,0.6875
W016,merged,depth,16,miou,0.6683258855262018
W016,merged,depth,16,n_pred,5.0
W016,merged,depth,16,n_reg,5.0
W016,merged,depth,24,f1@0.5,0.971153846153846
W016,merged,depth,24,f1@0.75,0.7692307692307693
W016,merged,depth,24,miou,0.834845773119512
W016,merged,depth,24,n_pred,6.0
W016,merged,depth,24,n_reg,6.0
W016,merged,depth,32,f1@0.5,0.8702651515151515
W016,merged,depth,32,f1@0.75,0.6865530303030303
W016,merged,depth,32,miou,0.6716904780451469
W016,merged,depth,32,n_pred,5.0
W016,merged,depth,32,n_reg,5.0625
W016,merged,depth,48,f1@0.5,0.971153846153846
W016,merged,depth,48,f1@0.75,0.7692307692307693
W016,merged,depth,48,miou,0.8332277176235658
W016,merged,depth,48,n_pred,6.0
W016,merged,depth,48,n_reg,6.0
W016,merged,normal,4,f1@0.5,0.8734702797202797
W016,merged,normal,4,f1@0.75,0.5337266899766899
W016,merged,normal,4,miou,0.6285432885290423
W016,merged,normal,4,n_pred,5.25
W016,merged,normal,4,n_reg,5.25
W016,merged,normal,6,f1@0.5,0.8734702797202797
W016,merged,normal,6,f1@0.75,0.5223630536130536
W016,merged,normal,6,miou,0.6293203626832339
W016,merged,normal,6,n_pred,5.25
W016,merged,normal,6,n_reg,5.25
W016,merged,normal,8,f1@0.5,0.8734702797202797
W016,merged,normal,8,f1@0.75,0.5223630536130536
W016,merged,normal,8,miou,0.6290474788465699
W016,merged,normal,8,n_pred,5.25
W016,merged,normal,8,n_reg,5.25
W016,merged,normal,12,f1@0.5,0.918404512154512
W016,merged,normal,12,f1@0.75,0.655771312021312
W016,merged,normal,12,miou,0.7421973274043353
W016,merged,normal,12,n_pred,5.875
W016,merged,normal,12,n_reg,5.875
W016,merged,normal,16,f1@0.5,0.9087891275391276
W016,merged,normal,16,f1@0.75,0.5521353646353646
W016,merged,normal,16,miou,0.7036661479756353
W016,merged,normal,16,n_pred,5.875
W016,merged,normal,16,n_reg,5.875
W016,merged,normal,24,f1@0.5,0.8734702797202797
W016,merged,normal,24,f1@0.75,0.512747668997669
W016,merged,normal,24,miou,0.6292805294043711
W016,merged,normal,24,n_pred,5.25
W016,merged,normal,24,n_reg,5.25
W016,merged,normal,32,f1@0.5,0.9087891275391276
W016,merged,normal,32,f1@0.75,0.5208853646353646
W016,merged,normal,32,miou,0.6981961441737562
W016,merged,normal,32,n_pred,5.875
W016,merged,normal,32,n_reg,5.875
W016,merged,normal,48,f1@0.5,0.8734702797202797
W016,merged,normal,48,f1@0.75,0.5223630536130536
W016,merged,normal,48,miou,0.6289497762358774
W016,merged,normal,48,n_pred,5.25
W016,merged,normal,48,n_reg,5.25
W016,merged,rgb,4,f1@0.5,0.8806818181818181
W016,merged,rgb,4,f1@0.75,0.6628787878787878
W016,merged,rgb,4,miou,0.7358685209526328
W016,merged,rgb,4,n_pred,5.0
W016,merged,rgb,4,n_reg,5.0
W016,merged,rgb,6,f1@0.5,0.8092948717948718
W016,merged,rgb,6,f1@0.75,0.6089743589743589
W016,merged,rgb,6,miou,0.7801217424790107
W016,merged,rgb,6,n_pred,6.0
W016,merged,rgb,6,n_reg,6.0
W016,merged,rgb,8,f1@0.5,0.8092948717948718
W016,merged,rgb,8,f1@0.75,0.6185897435897436
W016,merged,rgb,8,miou,0.7806617533281919
W016,merged,rgb,8,n_pred,6.0
W016,merged,rgb,8,n_reg,6.0
W016,merged,rgb,12,f1@0.5,0.8092948717948718
W016,merged,rgb,12,f1@0.75,0.6089743589743589
W016,merged,rgb,12,miou,0.7807366391820995
W016,merged,rgb,12,n_pred,6.0
W016,merged,rgb,12,n_reg,6.0
W016,merged,rgb,16,f1@0.5,0.8092948717948718
W016,merged,rgb,16,f1@0.75,0.6089743589743589
W016,merged,rgb,16,miou,0.7820137227170577
W016,merged,rgb,16,n_pred,6.0
W016,merged,rgb,16,n_reg,6.0
W016,merged,rgb,24,f1@0.5,0.8092948717948718
W016,merged,rgb,24,f1@0.75,0.6089743589743589
W016,merged,rgb,24,miou,0.7817284305915441
W016,merged,rgb,24,n_pred,6.0
W016,merged,rgb,24,n_reg,6.0
W016,merged,rgb,32,f1@0.5,0.8092948717948718
W016,merged,rgb,32,f1@0.75,0.6185897435897436
W016,merged,rgb,32,miou,0.7815336369998764
W016,merged,rgb,32,n_pred,6.0
W016,merged,rgb,32,n_reg,6.0
W016,merged,rgb,48,f1@0.5,0.8092948717948718
W016,merged,rgb,48,f1@0.75,0.6089743589743589
W016,merged,rgb,48,miou,0.7817817251671875
W016,merged,rgb,48,n_pred,6.0
W016,merged,rgb,48,n_reg,6.0
W016,raw,depth,4,f1@0.5,0.8598484848484849
W016,raw,depth,4,f1@0.75,0.6865530303030303
W016,raw,depth,4,miou,0.6697867039853866
W016,raw,depth,4,n_pred,5.0
W016,raw,depth,4,n_reg,5.0
W016,raw,depth,6,f1@0.5,0.7995337995337995
W016,raw,depth,6,f1@0.75,0.6478001165501166
W016,raw,depth,6,miou,0.6725620652879827
W016,raw,depth,6,n_pred,5.875
W016,raw,depth,6,n_reg,6.0
W016,raw,depth,8,f1@0.5,0.7900641025641026
W016,raw,depth,8,f1@0.75,0.6306089743589743
W016,raw,depth,8,miou,0.6715144149963034
W016,raw,depth,8,n_pred,6.0
W016,raw,depth,8,n_reg,6.0
W016,raw,depth,12,f1@0.5,0.9072802197802198
W016,raw,depth,12,f1@0.75,0.7012362637362638
W016,raw,depth,12,miou,0.8304198769812676
W016,raw,depth,12,n_pred,6.875
W016,raw,depth,12,n_reg,7.0
W016,raw,depth,16,f1@0.5,0.8702651515151515
W016,raw,depth,16,f1@0.75,0.6875
W016,raw,depth,16,miou,0.6683258855262018
W016,raw,depth,16,n_pred,5.0
W016,raw,depth,16,n_reg,5.0
W016,raw,depth,24,f1@0.5,0.8983516483516484
W016,raw,depth,24,f1@0.75,0.7115384615384616
W016,raw,depth,24,miou,0.834845773119512
W016,raw,depth,24,n_pred,7.0
W016,raw,depth,24,n_reg,7.0
W016,raw,depth,32,f1@0.5,0.8218968531468531
W016,raw,depth,32,f1@0.75,0.6475815850815851
W016,raw,depth,32,miou,0.6717392798330464
W016,raw,depth,32,n_pred,5.6875
W016,raw,depth,32,n_reg,6.0
W016,raw,depth,48,f1@0.5,0.971153846153846
W016,raw,depth,48,f1@0.75,0.7692307692307693
W016,raw,depth,48,miou,0.8332277176235658
W016,raw,depth,48,n_pred,6.0
W016,raw,depth,48,n_reg,6.0
W016,raw,normal,4,f1@0.5,0.8734702797202797
W016,raw,normal,4,f1@0.75,0.5337266899766899
W016,raw,normal,4,miou,0.6285432885290423
W016,raw,normal,4,n_pred,5.25
W016,raw,normal,4,n_reg,5.3125
W016,raw,normal,6,f1@0.5,0.8734702797202797
W016,raw,normal,6,f1@0.75,0.5223630536130536
W016,raw,normal,6,miou,0.6293203626832339
W016,raw,normal,6,n_pred,5.25
W016,raw,normal,6,n_reg,5.3125
W016,raw,normal,8,f1@0.5,0.8734702797202797
W016,raw,normal,8,f1@0.75,0.5223630536130536
W016,raw,normal,8,miou,0.6290474788465699
W016,raw,normal,8,n_pred,5.25
W016,raw,normal,8,n_reg,5.3125
W016,raw,normal,12,f1@0.5,0.7867216117216118
W016,raw,normal,12,f1@0.75,0.4446428571428572
W016,raw,normal,12,miou,0.7421973274043353
W016,raw,normal,12,n_pred,7.25
W016,raw,normal,12,n_reg,7.3125
W016,raw,normal,16,f1@0.5,0.8319368131868132
W016,raw,normal,16,f1@0.75,0.4524954212454212
W016,raw,normal,16,miou,0.7036661479756353
W016,raw,normal,16,n_pred,6.5
W016,raw,normal,16,n_reg,7.1875
W016,raw,normal,24,f1@0.5,0.8734702797202797
W016,raw,normal,24,f1@0.75,0.512747668997669
W016,raw,normal,24,miou,0.6292805294043711
W016,raw,normal,24,n_pred,5.25
W016,raw,normal,24,n_reg,5.3125
W016,raw,normal,32,f1@0.5,0.8491300366300366
W016,raw,normal,32,f1@0.75,0.460279304029304
W016,raw,normal,32,miou,0.6981961441737562
W016,raw,normal,32,n_pred,6.25
W016,raw,normal,32,n_reg,6.3125
W016,raw,normal,48,f1@0.5,0.8734702797202797
W016,raw,normal,48,f1@0.75,0.5223630536130536
W016,raw,normal,48,miou,0.6289497762358774
W016,raw,normal,48,n_pred,5.25
W016,raw,normal,48,n_reg,5.3125
W016,raw,rgb,4,f1@0.5,0.676510989010989
W016,raw,rgb,4,f1@0.75,0.415521978021978
W016,raw,rgb,4,miou,0.7358685209526328
W016,raw,rgb,4,n_pred,6.9375
W016,raw,rgb,4,n_reg,7.0
W016,raw,rgb,6,f1@0.5,0.6291666666666667
W016,raw,rgb,6,f1@0.75,0.3863095238095237
W016,raw,rgb,6,miou,0.7801217424790107
W016,raw,rgb,6,n_pred,7.9375
W016,raw,rgb,6,n_reg,8.0
W016,raw,rgb,8,f1@0.5,0.5905448717948718
W016,raw,rgb,8,f1@0.75,0.3632211538461538
W016,raw,rgb,8,miou,0.7806617533281919
W016,raw,rgb,8,n_pred,8.875
W016,raw,rgb,8,n_reg,9.0
W016,raw,rgb,12,f1@0.5,0.5880208333333333
W016,raw,rgb,12,f1@0.75,0.3609375
W016,raw,rgb,12,miou,0.7807366391820995
W016,raw,rgb,12,n_pred,8.9375
W016,raw,rgb,12,n_reg,9.0
W016,raw,rgb,16,f1@0.5,0.5659007352941177
W016,raw,rgb,16,f1@0.75,0.3472426470588235
W016,raw,rgb,16,miou,0.7820137227170577
W016,raw,rgb,16,n_pred,9.5625
W016,raw,rgb,16,n_reg,10.0
W016,raw,rgb,24,f1@0.5,0.5653799019607844
W016,raw,rgb,24,f1@0.75,0.3472426470588235
W016,raw,rgb,24,miou,0.7817284305915441
W016,raw,rgb,24,n_pred,9.5625
W016,raw,rgb,24,n_reg,10.0
W016,raw,rgb,32,f1@0.5,0.5589985994397759
W016,raw,rgb,32,f1@0.75,0.3436055672268907
W016,raw,rgb,32,miou,0.7815336369998764
W016,raw,rgb,32,n_pred,9.75
W016,raw,rgb,32,n_reg,10.0
W016,raw,rgb,48,f1@0.5,0.5636029411764706
W016,raw,rgb,48,f1@0.75,0.3463235294117647
W016,raw,rgb,48,miou,0.7817817251671875
W016,raw,rgb,48,n_pred,9.625
W016,raw,rgb,48,n_reg,10.0
W017,merged,depth,4,f1@0.5,0.2701638918357184
W017,merged,depth,4,f1@0.75,0.2198754032345363
W017,merged,depth,4,miou,0.272729173867177
W017,merged,depth,4,n_pred,4.090909090909091
W017,merged,depth,4,n_reg,4.181818181818182
W017,merged,depth,6,f1@0.5,0.3531609773095841
W017,merged,depth,6,f1@0.75,0.2406752174554031
W017,merged,depth,6,miou,0.3184533558453316
W017,merged,depth,6,n_pred,5.818181818181818
W017,merged,depth,6,n_reg,5.818181818181818
W017,merged,depth,8,f1@0.5,0.3862616776700404
W017,merged,depth,8,f1@0.75,0.2768562320881855
W017,merged,depth,8,miou,0.3082255725100185
W017,merged,depth,8,n_pred,6.818181818181818
W017,merged,depth,8,n_reg,6.818181818181818
W017,merged,depth,12,f1@0.5,0.3583044928166625
W017,merged,depth,12,f1@0.75,0.225088570329885
W017,merged,depth,12,miou,0.3335781963360091
W017,merged,depth,12,n_pred,7.818181818181818
W017,merged,depth,12,n_reg,7.818181818181818
W017,merged,depth,16,f1@0.5,0.3761606675690304
W017,merged,depth,16,f1@0.75,0.2455962639861121
W017,merged,depth,16,miou,0.3142489393324595
W017,merged,depth,16,n_pred,6.818181818181818
W017,merged,depth,16,n_reg,6.818181818181818
W017,merged,depth,24,f1@0.5,0.3355218354906309
W017,merged,depth,24,f1@0.75,0.2000265440820881
W017,merged,depth,24,miou,0.3367794823052463
W017,merged,depth,24,n_pred,7.363636363636363
W017,merged,depth,24,n_reg,7.363636363636363
W017,merged,depth,32,f1@0.5,0.4888262973173459
W017,merged,depth,32,f1@0.75,0.3629532445389223
W017,merged,depth,32,miou,0.4162275101259123
W017,merged,depth,32,n_pred,8.818181818181818
W017,merged,depth,32,n_reg,8.818181818181818
W017,merged,depth,48,f1@0.5,0.3259524575002003
W017,merged,depth,48,f1@0.75,0.2000265440820881
W017,merged,depth,48,miou,0.3241902801145255
W017,merged,depth,48,n_pred,7.363636363636363
W017,merged,depth,48,n_reg,7.363636363636363
W017,merged,normal,4,f1@0.5,0.5519037742877976
W017,merged,normal,4,f1@0.75,0.3483586196296826
W017,merged,normal,4,miou,0.4115430356191925
W017,merged,normal,4,n_pred,8.272727272727273
W017,merged,normal,4,n_reg,8.272727272727273
W017,merged,normal,6,f1@0.5,0.6341238471673254
W017,merged,normal,6,f1@0.75,0.3775079992471296
W017,merged,normal,6,miou,0.5061502792462625
W017,merged,normal,6,n_pred,8.818181818181818
W017,merged,normal,6,n_reg,9.090909090909092
W017,merged,normal,8,f1@0.5,0.7071612226157681
W017,merged,normal,8,f1@0.75,0.4299475272202545
W017,merged,normal,8,miou,0.5210998368792846
W017,merged,normal,8,n_pred,9.636363636363637
W017,merged,normal,8,n_reg,9.636363636363637
W017,merged,normal,12,f1@0.5,0.6980816065796304
W017,merged,normal,12,f1@0.75,0.4246416736535314
W017,merged,normal,12,miou,0.5176385045831986
W017,merged,normal,12,n_pred,9.181818181818182
W017,merged,normal,12,n_reg,9.181818181818182
W017,merged,normal,16,f1@0.5,0.7071612226157681
W017,merged,normal,16,f1@0.75,0.4299475272202545
W017,merged,normal,16,miou,0.5237248195020334
W017,merged,normal,16,n_pred,9.636363636363637
W017,merged,normal,16,n_reg,9.636363636363637
W017,merged,normal,24,f1@0.5,0.6980816065796304
W017,merged,normal,24,f1@0.75,0.4170659160777738
W017,merged,normal,24,miou,0.5181073065288029
W017,merged,normal,24,n_pred,9.181818181818182
W017,merged,normal,24,n_reg,9.181818181818182
W017,merged,normal,32,f1@0.5,0.7071612226157681
W017,merged,normal,32,f1@0.75,0.4216830644103371
W017,merged,normal,32,miou,0.5223001747871145
W017,merged,normal,32,n_pred,9.636363636363637
W017,merged,normal,32,n_reg,9.636363636363637
W017,merged,normal,48,f1@0.5,0.7071612226157681
W017,merged,normal,48,f1@0.75,0.4216830644103371
W017,merged,normal,48,miou,0.5231834948574993
W017,merged,normal,48,n_pred,9.636363636363637
W017,merged,normal,48,n_reg,9.636363636363637
W017,merged,rgb,4,f1@0.5,0.6138754404876726
W017,merged,rgb,4,f1@0.75,0.4646888060971689
W017,merged,rgb,4,miou,0.5218271848934845
W017,merged,rgb,4,n_pred,7.818181818181818
W017,merged,rgb,4,n_reg,7.818181818181818
W017,merged,rgb,6,f1@0.5,0.8563909374186054
W017,merged,rgb,6,f1@0.75,0.6821918383183205
W017,merged,rgb,6,miou,0.7489522443144794
W017,merged,rgb,6,n_pred,11.181818181818182
W017,merged,rgb,6,n_reg,11.181818181818182
W017,merged,rgb,8,f1@0.5,0.8907940776677461
W017,merged,rgb,8,f1@0.75,0.7326938472681391
W017,merged,rgb,8,miou,0.779604161526721
W017,merged,rgb,8,n_pred,11.818181818181818
W017,merged,rgb,8,n_reg,12.0
W017,merged,rgb,12,f1@0.5,0.9368324938663452
W017,merged,rgb,12,f1@0.75,0.8358623416265648
W017,merged,rgb,12,miou,0.8453085305920817
W017,merged,rgb,12,n_pred,12.272727272727272
W017,merged,rgb,12,n_reg,12.454545454545457
W017,merged,rgb,16,f1@0.5,0.9438001239374236
W017,merged,rgb,16,f1@0.75,0.8267311280125926
W017,merged,rgb,16,miou,0.822920742739864
W017,merged,rgb,16,n_pred,12.090909090909092
W017,merged,rgb,16,n_reg,12.090909090909092
W017,merged,rgb,24,f1@0.5,0.9368324938663452
W017,merged,rgb,24,f1@0.75,0.8282865840508072
W017,merged,rgb,24,miou,0.8456254211681596
W017,merged,rgb,24,n_pred,12.272727272727272
W017,merged,rgb,24,n_reg,12.454545454545457
W017,merged,rgb,32,f1@0.5,0.9441052211390726
W017,merged,rgb,32,f1@0.75,0.8343156762867959
W017,merged,rgb,32,miou,0.8460998332301888
W017,merged,rgb,32,n_pred,12.272727272727272
W017,merged,rgb,32,n_reg,12.454545454545457
W017,merged,rgb,48,f1@0.5,0.9368324938663452
W017,merged,rgb,48,f1@0.75,0.8180171015671686
W017,merged,rgb,48,miou,0.8425605603069072
W017,merged,rgb,48,n_pred,12.272727272727272
W017,merged,rgb,48,n_reg,12.363636363636363
W017,raw,depth,4,f1@0.5,0.2701638918357184
W017,raw,depth,4,f1@0.75,0.2198754032345363
W017,raw,depth,4,miou,0.272729173867177
W017,raw,depth,4,n_pred,4.090909090909091
W017,raw,depth,4,n_reg,4.363636363636363
W017,raw,depth,6,f1@0.5,0.3531609773095841
W017,raw,depth,6,f1@0.75,0.2406752174554031
W017,raw,depth,6,miou,0.3184533558453316
W017,raw,depth,6,n_pred,5.818181818181818
W017,raw,depth,6,n_reg,5.909090909090909
W017,raw,depth,8,f1@0.5,0.3768783709183126
W017,raw,depth,8,f1@0.75,0.2709285340552243
W017,raw,depth,8,miou,0.3081664358726435
W017,raw,depth,8,n_pred,7.363636363636363
W017,raw,depth,8,n_reg,7.363636363636363
W017,raw,depth,12,f1@0.5,0.3503373825275708
W017,raw,depth,12,f1@0.75,0.2217315816013793
W017,raw,depth,12,miou,0.3335103567648463
W017,raw,depth,12,n_pred,8.363636363636363
W017,raw,depth,12,n_reg,8.363636363636363
W017,raw,depth,16,f1@0.5,0.367308992927882
W017,raw,depth,16,f1@0.75,0.2413830795097697
W017,raw,depth,16,miou,0.3141844699739728
W017,raw,depth,16,n_pred,7.363636363636363
W017,raw,depth,16,n_reg,7.363636363636363
W017,raw,depth,24,f1@0.5,0.3270762563020177
W017,raw,depth,24,f1@0.75,0.1962366549206818
W017,raw,depth,24,miou,0.3367140731800489
W017,raw,depth,24,n_pred,7.909090909090909
W017,raw,depth,24,n_reg,7.909090909090909
W017,raw,depth,32,f1@0.5,0.4560242711314066
W017,raw,depth,32,f1@0.75,0.2976455324718274
W017,raw,depth,32,miou,0.4161719518940071
W017,raw,depth,32,n_pred,10.363636363636363
W017,raw,depth,32,n_reg,10.363636363636363
W017,raw,depth,48,f1@0.5,0.3179853472111086
W017,raw,depth,48,f1@0.75,0.1962366549206818
W017,raw,depth,48,miou,0.3241562207125174
W017,raw,depth,48,n_pred,7.909090909090909
W017,raw,depth,48,n_reg,7.909090909090909
W017,raw,normal,4,f1@0.5,0.5226467174043624
W017,raw,normal,4,f1@0.75,0.304707195585082
W017,raw,normal,4,miou,0.4137203461680325
W017,raw,normal,4,n_pred,9.454545454545457
W017,raw,normal,4,n_reg,9.454545454545457
W017,raw,normal,6,f1@0.5,0.602177869976913
W017,raw,normal,6,f1@0.75,0.3064393341905304
W017,raw,normal,6,miou,0.5083202111513914
W017,raw,normal,6,n_pred,10.0
W017,raw,normal,6,n_reg,11.363636363636363
W017,raw,normal,8,f1@0.5,0.6244717279499888
W017,raw,normal,8,f1@0.75,0.344847696586827
W017,raw,normal,8,miou,0.5233009959336287
W017,raw,normal,8,n_pred,11.818181818181818
W017,raw,normal,8,n_reg,12.909090909090908
W017,raw,normal,12,f1@0.5,0.6407743999984482
W017,raw,normal,12,f1@0.75,0.3531574922546422
W017,raw,normal,12,miou,0.5198173380163117
W017,raw,normal,12,n_pred,10.363636363636363
W017,raw,normal,12,n_reg,11.272727272727272
W017,raw,normal,16,f1@0.5,0.6152064083398415
W017,raw,normal,16,f1@0.75,0.3381002932876996
W017,raw,normal,16,miou,0.5259284708584482
W017,raw,normal,16,n_pred,12.272727272727272
W017,raw,normal,16,n_reg,13.363636363636363
W017,raw,normal,24,f1@0.5,0.6152635916272279
W017,raw,normal,24,f1@0.75,0.331651479833298
W017,raw,normal,24,miou,0.5202656200632366
W017,raw,normal,24,n_pred,11.363636363636363
W017,raw,normal,24,n_reg,12.363636363636363
W017,raw,normal,32,f1@0.5,0.6225477260259868
W017,raw,normal,32,f1@0.75,0.3358914676305981
W017,raw,normal,32,miou,0.5245031656731866
W017,raw,normal,32,n_pred,11.909090909090908
W017,raw,normal,32,n_reg,13.181818181818182
W017,raw,normal,48,f1@0.5,0.6189217223999832
W017,raw,normal,48,f1@0.75,0.3340784658175962
W017,raw,normal,48,miou,0.5253841353713311
W017,raw,normal,48,n_pred,12.090909090909092
W017,raw,normal,48,n_reg,13.272727272727272
W017,raw,rgb,4,f1@0.5,0.4500424089460217
W017,raw,rgb,4,f1@0.75,0.3156227024897528
W017,raw,rgb,4,miou,0.5218271848934845
W017,raw,rgb,4,n_pred,13.818181818181818
W017,raw,rgb,4,n_reg,15.454545454545457
W017,raw,rgb,6,f1@0.5,0.4732595369557092
W017,raw,rgb,6,f1@0.75,0.3498373007942386
W017,raw,rgb,6,miou,0.7489522443144794
W017,raw,rgb,6,n_pred,20.90909090909091
W017,raw,rgb,6,n_reg,22.181818181818183
W017,raw,rgb,8,f1@0.5,0.4476227360406948
W017,raw,rgb,8,f1@0.75,0.3223548083304859
W017,raw,rgb,8,miou,0.7812511288280232
W017,raw,rgb,8,n_pred,26.363636363636363
W017,raw,rgb,8,n_reg,28.363636363636363
W017,raw,rgb,12,f1@0.5,0.4706946359671015
W017,raw,rgb,12,f1@0.75,0.3301536616878889
W017,raw,rgb,12,miou,0.8469579035444427
W017,raw,rgb,12,n_pred,31.181818181818183
W017,raw,rgb,12,n_reg,33.18181818181818
W017,raw,rgb,16,f1@0.5,0.4566418294498606
W017,raw,rgb,16,f1@0.75,0.2621335306804034
W017,raw,rgb,16,miou,0.8245435748370243
W017,raw,rgb,16,n_pred,31.727272727272727
W017,raw,rgb,16,n_reg,33.81818181818182
W017,raw,rgb,24,f1@0.5,0.4204914640135176
W017,raw,rgb,24,f1@0.75,0.2837501417768888
W017,raw,rgb,24,miou,0.8472771935411146
W017,raw,rgb,24,n_pred,35.18181818181818
W017,raw,rgb,24,n_reg,39.0
W017,raw,rgb,32,f1@0.5,0.4096223813231262
W017,raw,rgb,32,f1@0.75,0.244147352667962
W017,raw,rgb,32,miou,0.8477572756785534
W017,raw,rgb,32,n_pred,37.0
W017,raw,rgb,32,n_reg,42.27272727272727
W017,raw,rgb,48,f1@0.5,0.4141279477690213
W017,raw,rgb,48,f1@0.75,0.2765131767802831
W017,raw,rgb,48,miou,0.8442192308634074
W017,raw,rgb,48,n_pred,35.90909090909091
W017,raw,rgb,48,n_reg,41.27272727272727
W018,merged,depth,4,f1@0.5,0.3316196127573836
W018,merged,depth,4,f1@0.75,0.1863234065556047
W018,merged,depth,4,miou,0.3502984180808728
W018,merged,depth,4,n_pred,4.2
W018,merged,depth,4,n_reg,4.2
W018,merged,depth,6,f1@0.5,0.4386412555452803
W018,merged,depth,6,f1@0.75,0.348644606167826
W018,merged,depth,6,miou,0.3287641283425651
W018,merged,depth,6,n_pred,6.8
W018,merged,depth,6,n_reg,6.8
W018,merged,depth,8,f1@0.5,0.3265445811498443
W018,merged,depth,8,f1@0.75,0.2566752107541581
W018,merged,depth,8,miou,0.3130376016692286
W018,merged,depth,8,n_pred,6.4
W018,merged,depth,8,n_reg,6.4
W018,merged,depth,12,f1@0.5,0.4410146792230517
W018,merged,depth,12,f1@0.75,0.3436267254977714
W018,merged,depth,12,miou,0.3565861852523059
W018,merged,depth,12,n_pred,7.2
W018,merged,depth,12,n_reg,7.2
W018,merged,depth,16,f1@0.5,0.4410146792230517
W018,merged,depth,16,f1@0.75,0.3436267254977714
W018,merged,depth,16,miou,0.356721878774079
W018,merged,depth,16,n_pred,7.2
W018,merged,depth,16,n_reg,7.2
W018,merged,depth,24,f1@0.5,0.5052389256097696
W018,merged,depth,24,f1@0.75,0.3827062920029672
W018,merged,depth,24,miou,0.4423711103460749
W018,merged,depth,24,n_pred,8.1
W018,merged,depth,24,n_reg,8.1
W018,merged,depth,32,f1@0.5,0.5052389256097696
W018,merged,depth,32,f1@0.75,0.3827062920029672
W018,merged,depth,32,miou,0.4398370835114968
W018,merged,depth,32,n_pred,8.1
W018,merged,depth,32,n_reg,8.1
W018,merged,depth,48,f1@0.5,0.4483010595542565
W018,merged,depth,48,f1@0.75,0.3840049933016685
W018,merged,depth,48,miou,0.4048805908825431
W018,merged,depth,48,n_pred,8.0
W018,merged,depth,48,n_reg,8.0
W018,merged,normal,4,f1@0.5,0.4184451324389405
W018,merged,normal,4,f1@0.75,0.1992225662194702
W018,merged,normal,4,miou,0.3711758412915684
W018,merged,normal,4,n_pred,4.9
W018,merged,normal,4,n_reg,4.9
W018,merged,normal,6,f1@0.5,0.4808312447786131
W018,merged,normal,6,f1@0.75,0.2448266499582288
W018,merged,normal,6,miou,0.4484540068658423
W018,merged,normal,6,n_pred,6.0
W018,merged,normal,6,n_reg,6.0
W018,merged,normal,8,f1@0.5,0.5296354580942009
W018,merged,normal,8,f1@0.75,0.3503754328858649
W018,merged,normal,8,miou,0.4867771814346189
W018,merged,normal,8,n_pred,7.2
W018,merged,normal,8,n_reg,7.3
W018,merged,normal,12,f1@0.5,0.5414001639765538
W018,merged,normal,12,f1@0.75,0.3429841285380389
W018,merged,normal,12,miou,0.4815101745178475
W018,merged,normal,12,n_pred,7.2
W018,merged,normal,12,n_reg,7.2
W018,merged,normal,16,f1@0.5,0.3514369256474519
W018,merged,normal,16,f1@0.75,0.2356704260651629
W018,merged,normal,16,miou,0.2901420575012995
W018,merged,normal,16,n_pred,5.5
W018,merged,normal,16,n_reg,5.5
W018,merged,normal,24,f1@0.5,0.5212146307798482
W018,merged,normal,24,f1@0.75,0.3552449965493444
W018,merged,normal,24,miou,0.4998451174455462
W018,merged,normal,24,n_pred,7.9
W018,merged,normal,24,n_reg,7.9
W018,merged,normal,32,f1@0.5,0.5307384403036577
W018,merged,normal,32,f1@0.75,0.3270255348516218
W018,merged,normal,32,miou,0.4962924298536612
W018,merged,normal,32,n_pred,7.9
W018,merged,normal,32,n_reg,7.9
W018,merged,normal,48,f1@0.5,0.4375520239993924
W018,merged,normal,48,f1@0.75,0.2638710412394623
W018,merged,normal,48,miou,0.3750665054901445
W018,merged,normal,48,n_pred,6.1
W018,merged,normal,48,n_reg,6.2
W018,merged,rgb,4,f1@0.5,0.3853044375644995
W018,merged,rgb,4,f1@0.75,0.2863467492260062
W018,merged,rgb,4,miou,0.4087516558615685
W018,merged,rgb,4,n_pred,5.0
W018,merged,rgb,4,n_reg,5.2
W018,merged,rgb,6,f1@0.5,0.5131092436974789
W018,merged,rgb,6,f1@0.75,0.3875350140056022
W018,merged,rgb,6,miou,0.4105433406975479
W018,merged,rgb,6,n_pred,5.5
W018,merged,rgb,6,n_reg,5.5
W018,merged,rgb,8,f1@0.5,0.5241075077836419
W018,merged,rgb,8,f1@0.75,0.4543922436875728
W018,merged,rgb,8,miou,0.4350180272897933
W018,merged,rgb,8,n_pred,7.5
W018,merged,rgb,8,n_reg,7.5
W018,merged,rgb,12,f1@0.5,0.5908465699060665
W018,merged,rgb,12,f1@0.75,0.5028643477041645
W018,merged,rgb,12,miou,0.4866146598735682
W018,merged,rgb,12,n_pred,9.4
W018,merged,rgb,12,n_reg,9.8
W018,merged,rgb,16,f1@0.5,0.6054740493001363
W018,merged,rgb,16,f1@0.75,0.4758092406788058
W018,merged,rgb,16,miou,0.5224725692713379
W018,merged,rgb,16,n_pred,11.1
W018,merged,rgb,16,n_reg,11.4
W018,merged,rgb,24,f1@0.5,0.6385523246987778
W018,merged,rgb,24,f1@0.75,0.4927872412357538
W018,merged,rgb,24,miou,0.6082115906078833
W018,merged,rgb,24,n_pred,11.5
W018,merged,rgb,24,n_reg,11.9
W018,merged,rgb,32,f1@0.5,0.5740410008670878
W018,merged,rgb,32,f1@0.75,0.4748833147528799
W018,merged,rgb,32,miou,0.526886438246529
W018,merged,rgb,32,n_pred,11.1
W018,merged,rgb,32,n_reg,11.5
W018,merged,rgb,48,f1@0.5,0.6011323260179096
W018,merged,rgb,48,f1@0.75,0.4967842924936746
W018,merged,rgb,48,miou,0.5169455082560593
W018,merged,rgb,48,n_pred,10.1
W018,merged,rgb,48,n_reg,10.6
W018,raw,depth,4,f1@0.5,0.3163467492260062
W018,raw,depth,4,f1@0.75,0.1773890608875128
W018,raw,depth,4,miou,0.3502984180808728
W018,raw,depth,4,n_pred,5.0
W018,raw,depth,4,n_reg,5.0
W018,raw,depth,6,f1@0.5,0.4369096538136786
W018,raw,depth,6,f1@0.75,0.3473459048691246
W018,raw,depth,6,miou,0.3288683380020322
W018,raw,depth,6,n_pred,6.9
W018,raw,depth,6,n_reg,7.0
W018,raw,depth,8,f1@0.5,0.2859639741063889
W018,raw,depth,8,f1@0.75,0.2486912468336616
W018,raw,depth,8,miou,0.3131374625731828
W018,raw,depth,8,n_pred,6.9
W018,raw,depth,8,n_reg,7.0
W018,raw,depth,12,f1@0.5,0.4055536568694463
W018,raw,depth,12,f1@0.75,0.2817156527682843
W018,raw,depth,12,miou,0.3566861480618973
W018,raw,depth,12,n_pred,8.9
W018,raw,depth,12,n_reg,9.0
W018,raw,depth,16,f1@0.5,0.4248102139406488
W018,raw,depth,16,f1@0.75,0.3308212560386473
W018,raw,depth,16,miou,0.3568208440197526
W018,raw,depth,16,n_pred,7.9
W018,raw,depth,16,n_reg,8.0
W018,raw,depth,24,f1@0.5,0.4876984126984126
W018,raw,depth,24,f1@0.75,0.3696608946608947
W018,raw,depth,24,miou,0.4424709163446413
W018,raw,depth,24,n_pred,8.8
W018,raw,depth,24,n_reg,8.9
W018,raw,depth,32,f1@0.5,0.4876984126984126
W018,raw,depth,32,f1@0.75,0.3696608946608947
W018,raw,depth,32,miou,0.439935943380102
W018,raw,depth,32,n_pred,8.8
W018,raw,depth,32,n_reg,8.9
W018,raw,depth,48,f1@0.5,0.4314574314574314
W018,raw,depth,48,f1@0.75,0.3696608946608947
W018,raw,depth,48,miou,0.4049805131906595
W018,raw,depth,48,n_pred,8.8
W018,raw,depth,48,n_reg,8.9
W018,raw,normal,4,f1@0.5,0.4184451324389405
W018,raw,normal,4,f1@0.75,0.1992225662194702
W018,raw,normal,4,miou,0.3711758412915684
W018,raw,normal,4,n_pred,4.9
W018,raw,normal,4,n_reg,4.9
W018,raw,normal,6,f1@0.5,0.4567695977912696
W018,raw,normal,6,f1@0.75,0.2323777357833085
W018,raw,normal,6,miou,0.4484540068658423
W018,raw,normal,6,n_pred,7.0
W018,raw,normal,6,n_reg,7.0
W018,raw,normal,8,f1@0.5,0.510103519668737
W018,raw,normal,8,f1@0.75,0.2873429951690821
W018,raw,normal,8,miou,0.4867771814346189
W018,raw,normal,8,n_pred,7.9
W018,raw,normal,8,n_reg,8.0
W018,raw,normal,12,f1@0.5,0.4974937343358395
W018,raw,normal,12,f1@0.75,0.2665641376167692
W018,raw,normal,12,miou,0.4815101745178475
W018,raw,normal,12,n_pred,8.9
W018,raw,normal,12,n_reg,8.9
W018,raw,normal,16,f1@0.5,0.3223232323232323
W018,raw,normal,16,f1@0.75,0.1852525252525252
W018,raw,normal,16,miou,0.2924833331444898
W018,raw,normal,16,n_pred,7.1
W018,raw,normal,16,n_reg,7.3
W018,raw,normal,24,f1@0.5,0.4758498023715415
W018,raw,normal,24,f1@0.75,0.270798418972332
W018,raw,normal,24,miou,0.4998451174455462
W018,raw,normal,24,n_pred,9.9
W018,raw,normal,24,n_reg,9.9
W018,raw,normal,32,f1@0.5,0.4865454545454545
W018,raw,normal,32,f1@0.75,0.2627694334650856
W018,raw,normal,32,miou,0.4962924298536612
W018,raw,normal,32,n_pred,9.8
W018,raw,normal,32,n_reg,9.8
W018,raw,normal,48,f1@0.5,0.3867036662803252
W018,raw,normal,48,f1@0.75,0.1833620612796814
W018,raw,normal,48,miou,0.3750665054901445
W018,raw,normal,48,n_pred,8.5
W018,raw,normal,48,n_reg,8.8
W018,raw,rgb,4,f1@0.5,0.3229541244415386
W018,raw,rgb,4,f1@0.75,0.2013227238055613
W018,raw,rgb,4,miou,0.4087516558615685
W018,raw,rgb,4,n_pred,8.4
W018,raw,rgb,4,n_reg,8.6
W018,raw,rgb,6,f1@0.5,0.365378366865781
W018,raw,rgb,6,f1@0.75,0.2876727391601533
W018,raw,rgb,6,miou,0.4105433406975479
W018,raw,rgb,6,n_pred,9.0
W018,raw,rgb,6,n_reg,9.0
W018,raw,rgb,8,f1@0.5,0.3273604914428051
W018,raw,rgb,8,f1@0.75,0.2224536556015977
W018,raw,rgb,8,miou,0.4376035306813704
W018,raw,rgb,8,n_pred,15.3
W018,raw,rgb,8,n_reg,16.0
W018,raw,rgb,12,f1@0.5,0.3012153888854788
W018,raw,rgb,12,f1@0.75,0.1580573873962834
W018,raw,rgb,12,miou,0.4892005937808582
W018,raw,rgb,12,n_pred,25.7
W018,raw,rgb,12,n_reg,26.9
W018,raw,rgb,16,f1@0.5,0.3085941865210158
W018,raw,rgb,16,f1@0.75,0.1616337189507921
W018,raw,rgb,16,miou,0.5250703382215932
W018,raw,rgb,16,n_pred,26.1
W018,raw,rgb,16,n_reg,26.9
W018,raw,rgb,24,f1@0.5,0.3063816371725715
W018,raw,rgb,24,f1@0.75,0.1727598837589587
W018,raw,rgb,24,miou,0.6108153516303838
W018,raw,rgb,24,n_pred,31.6
W018,raw,rgb,24,n_reg,33.4
W018,raw,rgb,32,f1@0.5,0.2436842099348337
W018,raw,rgb,32,f1@0.75,0.1477700829234656
W018,raw,rgb,32,miou,0.5294855790739345
W018,raw,rgb,32,n_pred,35.0
W018,raw,rgb,32,n_reg,37.4
W018,raw,rgb,48,f1@0.5,0.2693196719336462
W018,raw,rgb,48,f1@0.75,0.170180222411602
W018,raw,rgb,48,miou,0.5195417322783021
W018,raw,rgb,48,n_pred,31.1
W018,raw,rgb,48,n_reg,32.4
W019,merged,depth,4,f1@0.5,0.2498695076549747
W019,merged,depth,4,f1@0.75,0.1681904024464578
W019,merged,depth,4,miou,0.2742316942847884
W019,merged,depth,4,n_pred,3.5294117647058822
W019,merged,depth,4,n_reg,3.5294117647058822
W019,merged,depth,6,f1@0.5,0.236226403354431
W019,merged,depth,6,f1@0.75,0.1539870740562782
W019,merged,depth,6,miou,0.2627819245851093
W019,merged,depth,6,n_pred,3.4705882352941178
W019,merged,depth,6,n_reg,3.4705882352941178
W019,merged,depth,8,f1@0.5,0.2498695076549747
W019,merged,depth,8,f1@0.75,0.1681904024464578
W019,merged,depth,8,miou,0.2728846614092843
W019,merged,depth,8,n_pred,3.5294117647058822
W019,merged,depth,8,n_reg,3.5294117647058822
W019,merged,depth,12,f1@0.5,0.2819388128211657
W019,merged,depth,12,f1@0.75,0.1548918401859578
W019,merged,depth,12,miou,0.2951063843271206
W019,merged,depth,12,n_pred,4.0588235294117645
W019,merged,depth,12,n_reg,4.117647058823529
W019,merged,depth,16,f1@0.5,0.1980438822999376
W019,merged,depth,16,f1@0.75,0.0312939655500209
W019,merged,depth,16,miou,0.1707871809260106
W019,merged,depth,16,n_pred,3.588235294117647
W019,merged,depth,16,n_reg,3.647058823529412
W019,merged,depth,24,f1@0.5,0.3279426743959616
W019,merged,depth,24,f1@0.75,0.1669606345211881
W019,merged,depth,24,miou,0.2919820067162595
W019,merged,depth,24,n_pred,4.529411764705882
W019,merged,depth,24,n_reg,4.529411764705882
W019,merged,depth,32,f1@0.5,0.3000704024925478
W019,merged,depth,32,f1@0.75,0.1642542578528737
W019,merged,depth,32,miou,0.2615773825270264
W019,merged,depth,32,n_pred,4.0
W019,merged,depth,32,n_reg,4.0
W019,merged,depth,48,f1@0.5,0.2927174613160772
W019,merged,depth,48,f1@0.75,0.1726576191974115
W019,merged,depth,48,miou,0.2609999918734248
W019,merged,depth,48,n_pred,4.0
W019,merged,depth,48,n_reg,4.0
W019,merged,normal,4,f1@0.5,0.4461672122571776
W019,merged,normal,4,f1@0.75,0.2900200433937458
W019,merged,normal,4,miou,0.4156355344268634
W019,merged,normal,4,n_pred,4.352941176470588
W019,merged,normal,4,n_reg,4.352941176470588
W019,merged,normal,6,f1@0.5,0.4682960637977938
W019,merged,normal,6,f1@0.75,0.2845578585197962
W019,merged,normal,6,miou,0.4154538930443546
W019,merged,normal,6,n_pred,4.647058823529412
W019,merged,normal,6,n_reg,4.647058823529412
W019,merged,normal,8,f1@0.5,0.4545705736017154
W019,merged,normal,8,f1@0.75,0.2783953935338018
W019,merged,normal,8,miou,0.4089154607270465
W019,merged,normal,8,n_pred,4.529411764705882
W019,merged,normal,8,n_reg,4.529411764705882
W019,merged,normal,12,f1@0.5,0.2738216032333679
W019,merged,normal,12,f1@0.75,0.1655684185095949
W019,merged,normal,12,miou,0.2015076310755224
W019,merged,normal,12,n_pred,2.823529411764706
W019,merged,normal,12,n_reg,2.8823529411764706
W019,merged,normal,16,f1@0.5,0.2731751908222496
W019,merged,normal,16,f1@0.75,0.1649220060984766
W019,merged,normal,16,miou,0.2025461565066774
W019,merged,normal,16,n_pred,2.8823529411764706
W019,merged,normal,16,n_reg,2.9411764705882355
W019,merged,normal,24,f1@0.5,0.4281906098515095
W019,merged,normal,24,f1@0.75,0.2855011770236683
W019,merged,normal,24,miou,0.4110498790358684
W019,merged,normal,24,n_pred,4.588235294117647
W019,merged,normal,24,n_reg,4.588235294117647
W019,merged,normal,32,f1@0.5,0.297688096217508
W019,merged,normal,32,f1@0.75,0.1629277585159938
W019,merged,normal,32,miou,0.2852655407144593
W019,merged,normal,32,n_pred,3.588235294117647
W019,merged,normal,32,n_reg,3.588235294117647
W019,merged,normal,48,f1@0.5,0.3300890574246975
W019,merged,normal,48,f1@0.75,0.1789962632523186
W019,merged,normal,48,miou,0.3428110476009912
W019,merged,normal,48,n_pred,4.470588235294118
W019,merged,normal,48,n_reg,4.470588235294118
W019,merged,rgb,4,f1@0.5,0.7252795450163871
W019,merged,rgb,4,f1@0.75,0.6089956225405142
W019,merged,rgb,4,miou,0.4999472961081297
W019,merged,rgb,4,n_pred,5.470588235294118
W019,merged,rgb,4,n_reg,5.529411764705882
W019,merged,rgb,6,f1@0.5,0.7457498383968972
W019,merged,rgb,6,f1@0.75,0.5987825899590605
W019,merged,rgb,6,miou,0.5299672227929668
W019,merged,rgb,6,n_pred,5.823529411764706
W019,merged,rgb,6,n_reg,5.882352941176471
W019,merged,rgb,8,f1@0.5,0.7252795450163871
W019,merged,rgb,8,f1@0.75,0.6168387597954161
W019,merged,rgb,8,miou,0.5015669597993345
W019,merged,rgb,8,n_pred,5.470588235294118
W019,merged,rgb,8,n_reg,5.588235294117647
W019,merged,rgb,12,f1@0.5,0.8701651148382163
W019,merged,rgb,12,f1@0.75,0.7121204884271721
W019,merged,rgb,12,miou,0.6912087956617299
W019,merged,rgb,12,n_pred,7.9411764705882355
W019,merged,rgb,12,n_reg,8.0
W019,merged,rgb,16,f1@0.5,0.837622436447787
W019,merged,rgb,16,f1@0.75,0.7026933016597923
W019,merged,rgb,16,miou,0.6358634646024045
W019,merged,rgb,16,n_pred,7.235294117647059
W019,merged,rgb,16,n_reg,7.294117647058823
W019,merged,rgb,24,f1@0.5,0.8876656660484743
W019,merged,rgb,24,f1@0.75,0.7003977244552732
W019,merged,rgb,24,miou,0.6962922638232928
W019,merged,rgb,24,n_pred,8.235294117647058
W019,merged,rgb,24,n_reg,8.588235294117647
W019,merged,rgb,32,f1@0.5,0.8864773119189437
W019,merged,rgb,32,f1@0.75,0.7094041978580314
W019,merged,rgb,32,miou,0.6847304489986484
W019,merged,rgb,32,n_pred,8.0
W019,merged,rgb,32,n_reg,8.529411764705882
W019,merged,rgb,48,f1@0.5,0.8564021765078039
W019,merged,rgb,48,f1@0.75,0.6769433403561977
W019,merged,rgb,48,miou,0.6676762154296053
W019,merged,rgb,48,n_pred,8.0
W019,merged,rgb,48,n_reg,8.470588235294118
W019,raw,depth,4,f1@0.5,0.1592169748744143
W019,raw,depth,4,f1@0.75,0.0860754105563794
W019,raw,depth,4,miou,0.2742316942847884
W019,raw,depth,4,n_pred,5.882352941176471
W019,raw,depth,4,n_reg,5.941176470588236
W019,raw,depth,6,f1@0.5,0.1463084781423881
W019,raw,depth,6,f1@0.75,0.0726767177459219
W019,raw,depth,6,miou,0.2627819245851093
W019,raw,depth,6,n_pred,5.823529411764706
W019,raw,depth,6,n_reg,5.882352941176471
W019,raw,depth,8,f1@0.5,0.1592169748744143
W019,raw,depth,8,f1@0.75,0.0860754105563794
W019,raw,depth,8,miou,0.2728846614092843
W019,raw,depth,8,n_pred,5.882352941176471
W019,raw,depth,8,n_reg,5.941176470588236
W019,raw,depth,12,f1@0.5,0.1940246988689895
W019,raw,depth,12,f1@0.75,0.1394028501294937
W019,raw,depth,12,miou,0.2951063843271206
W019,raw,depth,12,n_pred,5.588235294117647
W019,raw,depth,12,n_reg,5.764705882352941
W019,raw,depth,16,f1@0.5,0.1191667617273153
W019,raw,depth,16,f1@0.75,0.0293183940242763
W019,raw,depth,16,miou,0.1707871809260106
W019,raw,depth,16,n_pred,5.235294117647059
W019,raw,depth,16,n_reg,5.294117647058823
W019,raw,depth,24,f1@0.5,0.2232139493885988
W019,raw,depth,24,f1@0.75,0.1271540909767098
W019,raw,depth,24,miou,0.2919820067162595
W019,raw,depth,24,n_pred,6.294117647058823
W019,raw,depth,24,n_reg,6.588235294117647
W019,raw,depth,32,f1@0.5,0.2009650045617993
W019,raw,depth,32,f1@0.75,0.1306836039170769
W019,raw,depth,32,miou,0.2615773825270264
W019,raw,depth,32,n_pred,5.764705882352941
W019,raw,depth,32,n_reg,6.0588235294117645
W019,raw,depth,48,f1@0.5,0.2009650045617993
W019,raw,depth,48,f1@0.75,0.1306836039170769
W019,raw,depth,48,miou,0.2609999918734248
W019,raw,depth,48,n_pred,5.764705882352941
W019,raw,depth,48,n_reg,6.0588235294117645
W019,raw,normal,4,f1@0.5,0.3134100278199713
W019,raw,normal,4,f1@0.75,0.2555507302547914
W019,raw,normal,4,miou,0.4156355344268634
W019,raw,normal,4,n_pred,6.235294117647059
W019,raw,normal,4,n_reg,6.294117647058823
W019,raw,normal,6,f1@0.5,0.3268133458035115
W019,raw,normal,6,f1@0.75,0.2439554213365905
W019,raw,normal,6,miou,0.4154655727812223
W019,raw,normal,6,n_pred,7.0
W019,raw,normal,6,n_reg,7.352941176470588
W019,raw,normal,8,f1@0.5,0.3207896360099966
W019,raw,normal,8,f1@0.75,0.2423544610350292
W019,raw,normal,8,miou,0.4089154607270465
W019,raw,normal,8,n_pred,6.588235294117647
W019,raw,normal,8,n_reg,6.588235294117647
W019,raw,normal,12,f1@0.5,0.1618912613722302
W019,raw,normal,12,f1@0.75,0.1388520456859557
W019,raw,normal,12,miou,0.2015076310755224
W019,raw,normal,12,n_pred,5.176470588235294
W019,raw,normal,12,n_reg,5.588235294117647
W019,raw,normal,16,f1@0.5,0.1579602730986813
W019,raw,normal,16,f1@0.75,0.1349210574124069
W019,raw,normal,16,miou,0.2025461565066774
W019,raw,normal,16,n_pred,5.529411764705882
W019,raw,normal,16,n_reg,5.588235294117647
W019,raw,normal,24,f1@0.5,0.3709702345652081
W019,raw,normal,24,f1@0.75,0.2480096746168499
W019,raw,normal,24,miou,0.4110498790358684
W019,raw,normal,24,n_pred,6.705882352941177
W019,raw,normal,24,n_reg,6.823529411764706
W019,raw,normal,32,f1@0.5,0.2243642165924081
W019,raw,normal,32,f1@0.75,0.1399520171647288
W019,raw,normal,32,miou,0.2852655407144593
W019,raw,normal,32,n_pred,5.705882352941177
W019,raw,normal,32,n_reg,5.823529411764706
W019,raw,normal,48,f1@0.5,0.2649317375596741
W019,raw,normal,48,f1@0.75,0.1546990757881305
W019,raw,normal,48,miou,0.3428110476009912
W019,raw,normal,48,n_pred,6.647058823529412
W019,raw,normal,48,n_reg,6.823529411764706
W019,raw,rgb,4,f1@0.5,0.4391849722345078
W019,raw,rgb,4,f1@0.75,0.2928958064133806
W019,raw,rgb,4,miou,0.4999472961081297
W019,raw,rgb,4,n_pred,8.882352941176471
W019,raw,rgb,4,n_reg,9.0
W019,raw,rgb,6,f1@0.5,0.4100465940484785
W019,raw,rgb,6,f1@0.75,0.2534653012442756
W019,raw,rgb,6,miou,0.5299672227929668
W019,raw,rgb,6,n_pred,11.647058823529411
W019,raw,rgb,6,n_reg,12.0
W019,raw,rgb,8,f1@0.5,0.2949604709962766
W019,raw,rgb,8,f1@0.75,0.1926997564337717
W019,raw,rgb,8,miou,0.5015669597993345
W019,raw,rgb,8,n_pred,14.529411764705882
W019,raw,rgb,8,n_reg,15.0
W019,raw,rgb,12,f1@0.5,0.3676109362736853
W019,raw,rgb,12,f1@0.75,0.237543687668971
W019,raw,rgb,12,miou,0.6924747811979133
W019,raw,rgb,12,n_pred,20.705882352941178
W019,raw,rgb,12,n_reg,21.58823529411765
W019,raw,rgb,16,f1@0.5,0.4143723124571125
W019,raw,rgb,16,f1@0.75,0.2725288996786739
W019,raw,rgb,16,miou,0.6386810201189153
W019,raw,rgb,16,n_pred,17.470588235294116
W019,raw,rgb,16,n_reg,17.647058823529413
W019,raw,rgb,24,f1@0.5,0.3332415547623708
W019,raw,rgb,24,f1@0.75,0.1830747289198285
W019,raw,rgb,24,miou,0.6962922638232928
W019,raw,rgb,24,n_pred,23.529411764705884
W019,raw,rgb,24,n_reg,24.11764705882353
W019,raw,rgb,32,f1@0.5,0.3366819326162241
W019,raw,rgb,32,f1@0.75,0.1365523461784124
W019,raw,rgb,32,miou,0.6847304489986484
W019,raw,rgb,32,n_pred,23.647058823529413
W019,raw,rgb,32,n_reg,24.94117647058824
W019,raw,rgb,48,f1@0.5,0.3265111835903629
W019,raw,rgb,48,f1@0.75,0.1391672380578714
W019,raw,rgb,48,miou,0.6703210120207018
W019,raw,rgb,48,n_pred,23.647058823529413
W019,raw,rgb,48,n_reg,24.823529411764707
W020,merged,depth,4,f1@0.5,0.1293040293040293
W020,merged,depth,4,f1@0.75,0.1293040293040293
W020,merged,depth,4,miou,0.1687379696258379
W020,merged,depth,4,n_pred,2.4761904761904763
W020,merged,depth,4,n_reg,2.4761904761904763
W020,merged,depth,6,f1@0.5,0.1298463441320584
W020,merged,depth,6,f1@0.75,0.122520336806051
W020,merged,depth,6,miou,0.1647684994948894
W020,merged,depth,6,n_pred,3.095238095238096
W020,merged,depth,6,n_reg,3.380952380952381
W020,merged,depth,8,f1@0.5,0.2115503544074972
W020,merged,depth,8,f1@0.75,0.1201655487369773
W020,merged,depth,8,miou,0.1578479535032903
W020,merged,depth,8,n_pred,3.238095238095238
W020,merged,depth,8,n_reg,3.238095238095238
W020,merged,depth,12,f1@0.5,0.2569018283303997
W020,merged,depth,12,f1@0.75,0.1223982366839509
W020,merged,depth,12,miou,0.1592310944762348
W020,merged,depth,12,n_pred,3.619047619047619
W020,merged,depth,12,n_reg,3.6666666666666665
W020,merged,depth,16,f1@0.5,0.2502660038374323
W020,merged,depth,16,f1@0.75,0.1367608581894296
W020,merged,depth,16,miou,0.1663095535068707
W020,merged,depth,16,n_pred,4.285714285714286
W020,merged,depth,16,n_reg,4.666666666666667
W020,merged,depth,24,f1@0.5,0.2886891721478187
W020,merged,depth,24,f1@0.75,0.150117030004248
W020,merged,depth,24,miou,0.1881983337946372
W020,merged,depth,24,n_pred,4.095238095238095
W020,merged,depth,24,n_reg,4.190476190476191
W020,merged,depth,32,f1@0.5,0.3042926065040174
W020,merged,depth,32,f1@0.75,0.1552012315170209
W020,merged,depth,32,miou,0.1911057769777986
W020,merged,depth,32,n_pred,4.142857142857143
W020,merged,depth,32,n_reg,4.285714285714286
W020,merged,depth,48,f1@0.5,0.2901464937179223
W020,merged,depth,48,f1@0.75,0.1568533318533318
W020,merged,depth,48,miou,0.1798981420251504
W020,merged,depth,48,n_pred,3.9047619047619047
W020,merged,depth,48,n_reg,4.285714285714286
W020,merged,normal,4,f1@0.5,0.1996034777547382
W020,merged,normal,4,f1@0.75,0.1322501961157423
W020,merged,normal,4,miou,0.2422381570622038
W020,merged,normal,4,n_pred,3.0
W020,merged,normal,4,n_reg,3.0
W020,merged,normal,6,f1@0.5,0.1996034777547382
W020,merged,normal,6,f1@0.75,0.1322501961157423
W020,merged,normal,6,miou,0.2418423113870356
W020,merged,normal,6,n_pred,3.0
W020,merged,normal,6,n_reg,3.0
W020,merged,normal,8,f1@0.5,0.2260294327521218
W020,merged,normal,8,f1@0.75,0.1378319159831764
W020,merged,normal,8,miou,0.2417748299507283
W020,merged,normal,8,n_pred,3.1904761904761907
W020,merged,normal,8,n_reg,3.1904761904761907
W020,merged,normal,12,f1@0.5,0.1899873935588221
W020,merged,normal,12,f1@0.75,0.1493280528994814
W020,merged,normal,12,miou,0.1681838414931701
W020,merged,normal,12,n_pred,2.1904761904761907
W020,merged,normal,12,n_reg,2.1904761904761907
W020,merged,normal,16,f1@0.5,0.2260294327521218
W020,merged,normal,16,f1@0.75,0.1378319159831764
W020,merged,normal,16,miou,0.2420541880254247
W020,merged,normal,16,n_pred,3.1904761904761907
W020,merged,normal,16,n_reg,3.1904761904761907
W020,merged,normal,24,f1@0.5,0.2025660847089418
W020,merged,normal,24,f1@0.75,0.158309151166294
W020,merged,normal,24,miou,0.1766507291495452
W020,merged,normal,24,n_pred,2.571428571428572
W020,merged,normal,24,n_reg,2.7142857142857144
W020,merged,normal,32,f1@0.5,0.2372862431685961
W020,merged,normal,32,f1@0.75,0.146556431430381
W020,merged,normal,32,miou,0.2512251552053877
W020,merged,normal,32,n_pred,3.571428571428572
W020,merged,normal,32,n_reg,3.7142857142857135
W020,merged,normal,48,f1@0.5,0.2025660847089418
W020,merged,normal,48,f1@0.75,0.158309151166294
W020,merged,normal,48,miou,0.1766987087523712
W020,merged,normal,48,n_pred,2.571428571428572
W020,merged,normal,48,n_reg,2.7142857142857144
W020,merged,rgb,4,f1@0.5,0.5950099337980806
W020,merged,rgb,4,f1@0.75,0.5516466235617055
W020,merged,rgb,4,miou,0.4778080565256913
W020,merged,rgb,4,n_pred,4.666666666666667
W020,merged,rgb,4,n_reg,4.666666666666667
W020,merged,rgb,6,f1@0.5,0.5931175394134262
W020,merged,rgb,6,f1@0.75,0.5498725806111918
W020,merged,rgb,6,miou,0.4833840064561463
W020,merged,rgb,6,n_pred,4.761904761904762
W020,merged,rgb,6,n_reg,4.761904761904762
W020,merged,rgb,8,f1@0.5,0.7417543040608056
W020,merged,rgb,8,f1@0.75,0.6617489685932852
W020,merged,rgb,8,miou,0.6374474987334112
W020,merged,rgb,8,n_pred,7.095238095238095
W020,merged,rgb,8,n_reg,7.333333333333333
W020,merged,rgb,12,f1@0.5,0.760902314142031
W020,merged,rgb,12,f1@0.75,0.635406618787866
W020,merged,rgb,12,miou,0.5889490505881243
W020,merged,rgb,12,n_pred,7.047619047619048
W020,merged,rgb,12,n_reg,7.428571428571429
W020,merged,rgb,16,f1@0.5,0.7636774592878087
W020,merged,rgb,16,f1@0.75,0.6175824715851252
W020,merged,rgb,16,miou,0.6273764974140433
W020,merged,rgb,16,n_pred,7.619047619047619
W020,merged,rgb,16,n_reg,7.904761904761905
W020,merged,rgb,24,f1@0.5,0.7580914237039845
W020,merged,rgb,24,f1@0.75,0.6069927386159142
W020,merged,rgb,24,miou,0.6125415362990864
W020,merged,rgb,24,n_pred,7.523809523809524
W020,merged,rgb,24,n_reg,7.857142857142857
W020,merged,rgb,32,f1@0.5,0.7600695833889111
W020,merged,rgb,32,f1@0.75,0.6032691439148758
W020,merged,rgb,32,miou,0.6174449992883451
W020,merged,rgb,32,n_pred,7.619047619047619
W020,merged,rgb,32,n_reg,7.952380952380952
W020,merged,rgb,48,f1@0.5,0.7676577063573967
W020,merged,rgb,48,f1@0.75,0.6193885741431076
W020,merged,rgb,48,miou,0.629406330239934
W020,merged,rgb,48,n_pred,7.761904761904762
W020,merged,rgb,48,n_reg,8.095238095238095
W020,raw,depth,4,f1@0.5,0.1237413380270523
W020,raw,depth,4,f1@0.75,0.1237413380270523
W020,raw,depth,4,miou,0.1687379696258379
W020,raw,depth,4,n_pred,2.857142857142857
W020,raw,depth,4,n_reg,2.857142857142857
W020,raw,depth,6,f1@0.5,0.1169544740973312
W020,raw,depth,6,f1@0.75,0.1169544740973312
W020,raw,depth,6,miou,0.1647684994948894
W020,raw,depth,6,n_pred,3.523809523809524
W020,raw,depth,6,n_reg,3.857142857142857
W020,raw,depth,8,f1@0.5,0.2020582592011163
W020,raw,depth,8,f1@0.75,0.1149311006453863
W020,raw,depth,8,miou,0.1578479535032903
W020,raw,depth,8,n_pred,3.6666666666666665
W020,raw,depth,8,n_reg,3.761904761904762
W020,raw,depth,12,f1@0.5,0.2397915576487005
W020,raw,depth,12,f1@0.75,0.1174995639281353
W020,raw,depth,12,miou,0.1592310944762348
W020,raw,depth,12,n_pred,4.047619047619048
W020,raw,depth,12,n_reg,4.238095238095238
W020,raw,depth,16,f1@0.5,0.2214067678353392
W020,raw,depth,16,f1@0.75,0.1316980638409209
W020,raw,depth,16,miou,0.1663095535068707
W020,raw,depth,16,n_pred,4.714285714285714
W020,raw,depth,16,n_reg,5.238095238095238
W020,raw,depth,24,f1@0.5,0.2723320232276446
W020,raw,depth,24,f1@0.75,0.1453915034299819
W020,raw,depth,24,miou,0.1881983337946372
W020,raw,depth,24,n_pred,4.523809523809524
W020,raw,depth,24,n_reg,4.761904761904762
W020,raw,depth,32,f1@0.5,0.240795891005975
W020,raw,depth,32,f1@0.75,0.139453388192884
W020,raw,depth,32,miou,0.1911057769777986
W020,raw,depth,32,n_pred,5.476190476190476
W020,raw,depth,32,n_reg,5.761904761904762
W020,raw,depth,48,f1@0.5,0.2320073463483459
W020,raw,depth,48,f1@0.75,0.1404042948713448
W020,raw,depth,48,miou,0.1798981420251504
W020,raw,depth,48,n_pred,5.333333333333333
W020,raw,depth,48,n_reg,5.857142857142857
W020,raw,normal,4,f1@0.5,0.1996034777547382
W020,raw,normal,4,f1@0.75,0.1322501961157423
W020,raw,normal,4,miou,0.2422381570622038
W020,raw,normal,4,n_pred,3.0
W020,raw,normal,4,n_reg,3.0
W020,raw,normal,6,f1@0.5,0.1996034777547382
W020,raw,normal,6,f1@0.75,0.1322501961157423
W020,raw,normal,6,miou,0.2418423113870356
W020,raw,normal,6,n_pred,3.0
W020,raw,normal,6,n_reg,3.0
W020,raw,normal,8,f1@0.5,0.2209361133730881
W020,raw,normal,8,f1@0.75,0.1352852562936596
W020,raw,normal,8,miou,0.2419720208532719
W020,raw,normal,8,n_pred,3.4285714285714284
W020,raw,normal,8,n_reg,3.4285714285714284
W020,raw,normal,12,f1@0.5,0.1870221048792477
W020,raw,normal,12,f1@0.75,0.146362764219907
W020,raw,normal,12,miou,0.1683842975601719
W020,raw,normal,12,n_pred,2.4285714285714284
W020,raw,normal,12,n_reg,2.4285714285714284
W020,raw,normal,16,f1@0.5,0.2209361133730881
W020,raw,normal,16,f1@0.75,0.1352852562936596
W020,raw,normal,16,miou,0.2422533670854643
W020,raw,normal,16,n_pred,3.4285714285714284
W020,raw,normal,16,n_reg,3.4285714285714284
W020,raw,normal,24,f1@0.5,0.1932817182817182
W020,raw,normal,24,f1@0.75,0.1498905856048713
W020,raw,normal,24,miou,0.1769391025229827
W020,raw,normal,24,n_pred,3.2857142857142856
W020,raw,normal,24,n_reg,3.4285714285714284
W020,raw,normal,32,f1@0.5,0.2245993269102512
W020,raw,normal,32,f1@0.75,0.1393485599367952
W020,raw,normal,32,miou,0.251645000382734
W020,raw,normal,32,n_pred,4.285714285714286
W020,raw,normal,32,n_reg,4.428571428571429
W020,raw,normal,48,f1@0.5,0.1932817182817182
W020,raw,normal,48,f1@0.75,0.1498905856048713
W020,raw,normal,48,miou,0.1769862305953813
W020,raw,normal,48,n_pred,3.2857142857142856
W020,raw,normal,48,n_reg,3.4285714285714284
W020,raw,rgb,4,f1@0.5,0.3094667957560483
W020,raw,rgb,4,f1@0.75,0.1981106318125336
W020,raw,rgb,4,miou,0.4778080565256913
W020,raw,rgb,4,n_pred,8.619047619047619
W020,raw,rgb,4,n_reg,8.666666666666666
W020,raw,rgb,6,f1@0.5,0.2828724046769159
W020,raw,rgb,6,f1@0.75,0.1886067983812344
W020,raw,rgb,6,miou,0.4833840064561463
W020,raw,rgb,6,n_pred,10.0
W020,raw,rgb,6,n_reg,10.61904761904762
W020,raw,rgb,8,f1@0.5,0.4488820347499654
W020,raw,rgb,8,f1@0.75,0.3107494550417073
W020,raw,rgb,8,miou,0.6374474987334112
W020,raw,rgb,8,n_pred,11.952380952380953
W020,raw,rgb,8,n_reg,12.761904761904765
W020,raw,rgb,12,f1@0.5,0.4488705152680308
W020,raw,rgb,12,f1@0.75,0.3117277477525925
W020,raw,rgb,12,miou,0.5889490505881243
W020,raw,rgb,12,n_pred,12.761904761904765
W020,raw,rgb,12,n_reg,13.714285714285714
W020,raw,rgb,16,f1@0.5,0.4091140176440383
W020,raw,rgb,16,f1@0.75,0.2757591645376324
W020,raw,rgb,16,miou,0.6273764974140433
W020,raw,rgb,16,n_pred,15.666666666666666
W020,raw,rgb,16,n_reg,16.523809523809526
W020,raw,rgb,24,f1@0.5,0.324741402281722
W020,raw,rgb,24,f1@0.75,0.2363300988570439
W020,raw,rgb,24,miou,0.6125415362990864
W020,raw,rgb,24,n_pred,18.761904761904763
W020,raw,rgb,24,n_reg,20.38095238095238
W020,raw,rgb,32,f1@0.5,0.3450569465435189
W020,raw,rgb,32,f1@0.75,0.2134499045476851
W020,raw,rgb,32,miou,0.6174449992883451
W020,raw,rgb,32,n_pred,19.52380952380953
W020,raw,rgb,32,n_reg,21.476190476190474
W020,raw,rgb,48,f1@0.5,0.3615580371799324
W020,raw,rgb,48,f1@0.75,0.2272165400560016
W020,raw,rgb,48,miou,0.629406330239934
W020,raw,rgb,48,n_pred,19.285714285714285
W020,raw,rgb,48,n_reg,21.285714285714285
W021,merged,depth,4,f1@0.5,0.2860866627726232
W021,merged,depth,4,f1@0.75,0.2751744718092813
W021,merged,depth,4,miou,0.2870583547295047
W021,merged,depth,4,n_pred,4.739130434782608
W021,merged,depth,4,n_reg,5.0
W021,merged,depth,6,f1@0.5,0.2612534412238275
W021,merged,depth,6,f1@0.75,0.1387531778432303
W021,merged,depth,6,miou,0.2831419122241347
W021,merged,depth,6,n_pred,4.739130434782608
W021,merged,depth,6,n_reg,4.869565217391305
W021,merged,depth,8,f1@0.5,0.3175180968356362
W021,merged,depth,8,f1@0.75,0.2508905304772851
W021,merged,depth,8,miou,0.326612127030624
W021,merged,depth,8,n_pred,5.782608695652174
W021,merged,depth,8,n_reg,5.956521739130435
W021,merged,depth,12,f1@0.5,0.4171551534420022
W021,merged,depth,12,f1@0.75,0.2538433145950982
W021,merged,depth,12,miou,0.3940161261368016
W021,merged,depth,12,n_pred,6.260869565217392
W021,merged,depth,12,n_reg,6.521739130434782
W021,merged,depth,16,f1@0.5,0.4113580519927269
W021,merged,depth,16,f1@0.75,0.2487282250810316
W021,merged,depth,16,miou,0.3938852615205764
W021,merged,depth,16,n_pred,6.260869565217392
W021,merged,depth,16,n_reg,6.565217391304348
W021,merged,depth,24,f1@0.5,0.4265754432970747
W021,merged,depth,24,f1@0.75,0.2592780972037938
W021,merged,depth,24,miou,0.3940542202537376
W021,merged,depth,24,n_pred,6.260869565217392
W021,merged,depth,24,n_reg,6.521739130434782
W021,merged,depth,32,f1@0.5,0.3600816377502338
W021,merged,depth,32,f1@0.75,0.257928244561708
W021,merged,depth,32,miou,0.31259620939042
W021,merged,depth,32,n_pred,5.434782608695652
W021,merged,depth,32,n_reg,5.739130434782608
W021,merged,depth,48,f1@0.5,0.4265754432970747
W021,merged,depth,48,f1@0.75,0.2592780972037938
W021,merged,depth,48,miou,0.3941739533701908
W021,merged,depth,48,n_pred,6.260869565217392
W021,merged,depth,48,n_reg,6.608695652173913
W021,merged,normal,4,f1@0.5,0.4736871442821099
W021,merged,normal,4,f1@0.75,0.3557498120999265
W021,merged,normal,4,miou,0.4746569867505093
W021,merged,normal,4,n_pred,5.565217391304348
W021,merged,normal,4,n_reg,5.565217391304348
W021,merged,normal,6,f1@0.5,0.4887454101513867
W021,merged,normal,6,f1@0.75,0.3797271681071654
W021,merged,normal,6,miou,0.4966865239994336
W021,merged,normal,6,n_pred,5.826086956521739
W021,merged,normal,6,n_reg,5.869565217391305
W021,merged,normal,8,f1@0.5,0.3354321864552043
W021,merged,normal,8,f1@0.75,0.2761175880101711
W021,merged,normal,8,miou,0.2900540504041442
W021,merged,normal,8,n_pred,3.9130434782608696
W021,merged,normal,8,n_reg,4.0
W021,merged,normal,12,f1@0.5,0.4654072266705192
W021,merged,normal,12,f1@0.75,0.3786293147781908
W021,merged,normal,12,miou,0.4762861814802154
W021,merged,normal,12,n_pred,5.608695652173913
W021,merged,normal,12,n_reg,5.739130434782608
W021,merged,normal,16,f1@0.5,0.4543707373226824
W021,merged,normal,16,f1@0.75,0.3624686018278695
W021,merged,normal,16,miou,0.4764572401849697
W021,merged,normal,16,n_pred,5.521739130434782
W021,merged,normal,16,n_reg,5.652173913043479
W021,merged,normal,24,f1@0.5,0.3366399159238034
W021,merged,normal,24,f1@0.75,0.2706363542680678
W021,merged,normal,24,miou,0.2917713139682372
W021,merged,normal,24,n_pred,3.8260869565217392
W021,merged,normal,24,n_reg,4.043478260869565
W021,merged,normal,32,f1@0.5,0.4350942853231183
W021,merged,normal,32,f1@0.75,0.3693699130770069
W021,merged,normal,32,miou,0.4145704271728865
W021,merged,normal,32,n_pred,5.0
W021,merged,normal,32,n_reg,5.043478260869565
W021,merged,normal,48,f1@0.5,0.4933409331578667
W021,merged,normal,48,f1@0.75,0.389003724472832
W021,merged,normal,48,miou,0.4863402651428193
W021,merged,normal,48,n_pred,5.652173913043479
W021,merged,normal,48,n_reg,5.739130434782608
W021,merged,rgb,4,f1@0.5,0.7729972104819207
W021,merged,rgb,4,f1@0.75,0.6466221711495813
W021,merged,rgb,4,miou,0.6586167514036642
W021,merged,rgb,4,n_pred,7.260869565217392
W021,merged,rgb,4,n_reg,7.304347826086956
W021,merged,rgb,6,f1@0.5,0.7737128063381816
W021,merged,rgb,6,f1@0.75,0.6285944827254735
W021,merged,rgb,6,miou,0.6566169423178022
W021,merged,rgb,6,n_pred,7.130434782608695
W021,merged,rgb,6,n_reg,7.173913043478261
W021,merged,rgb,8,f1@0.5,0.7775332541483992
W021,merged,rgb,8,f1@0.75,0.6770914603145226
W021,merged,rgb,8,miou,0.6795498002797656
W021,merged,rgb,8,n_pred,7.260869565217392
W021,merged,rgb,8,n_reg,7.478260869565218
W021,merged,rgb,12,f1@0.5,0.7816740408978816
W021,merged,rgb,12,f1@0.75,0.6822065498285892
W021,merged,rgb,12,miou,0.6790282564034049
W021,merged,rgb,12,n_pred,7.260869565217392
W021,merged,rgb,12,n_reg,7.304347826086956
W021,merged,rgb,16,f1@0.5,0.7788323245011781
W021,merged,rgb,16,f1@0.75,0.6450543868452242
W021,merged,rgb,16,miou,0.6617387331826367
W021,merged,rgb,16,n_pred,7.217391304347826
W021,merged,rgb,16,n_reg,7.304347826086956
W021,merged,rgb,24,f1@0.5,0.7748797553312177
W021,merged,rgb,24,f1@0.75,0.6399392973311577
W021,merged,rgb,24,miou,0.6622248431841762
W021,merged,rgb,24,n_pred,7.217391304347826
W021,merged,rgb,24,n_reg,7.3478260869565215
W021,merged,rgb,32,f1@0.5,0.777853593087664
W021,merged,rgb,32,f1@0.75,0.6472188890097264
W021,merged,rgb,32,miou,0.6590405752292293
W021,merged,rgb,32,n_pred,7.130434782608695
W021,merged,rgb,32,n_reg,7.3478260869565215
W021,merged,rgb,48,f1@0.5,0.7746915377516956
W021,merged,rgb,48,f1@0.75,0.6508514882944995
W021,merged,rgb,48,miou,0.6590387392910368
W021,merged,rgb,48,n_pred,7.217391304347826
W021,merged,rgb,48,n_reg,7.260869565217392
W021,raw,depth,4,f1@0.5,0.252830745629238
W021,raw,depth,4,f1@0.75,0.2027454941373369
W021,raw,depth,4,miou,0.2870583547295047
W021,raw,depth,4,n_pred,5.913043478260869
W021,raw,depth,4,n_reg,6.565217391304348
W021,raw,depth,6,f1@0.5,0.1613859349994765
W021,raw,depth,6,f1@0.75,0.1151381223732818
W021,raw,depth,6,miou,0.2831419122241347
W021,raw,depth,6,n_pred,7.695652173913044
W021,raw,depth,6,n_reg,7.956521739130435
W021,raw,depth,8,f1@0.5,0.2379220643253487
W021,raw,depth,8,f1@0.75,0.174031679796251
W021,raw,depth,8,miou,0.3266259272475597
W021,raw,depth,8,n_pred,8.043478260869565
W021,raw,depth,8,n_reg,8.608695652173912
W021,raw,depth,12,f1@0.5,0.2979875092676277
W021,raw,depth,12,f1@0.75,0.2125702149662305
W021,raw,depth,12,miou,0.3940304438851035
W021,raw,depth,12,n_pred,9.304347826086955
W021,raw,depth,12,n_reg,9.869565217391305
W021,raw,depth,16,f1@0.5,0.292902332557737
W021,raw,depth,16,f1@0.75,0.2079681300437795
W021,raw,depth,16,miou,0.3938882808194276
W021,raw,depth,16,n_pred,9.347826086956522
W021,raw,depth,16,n_reg,9.91304347826087
W021,raw,depth,24,f1@0.5,0.3025641683065293
W021,raw,depth,24,f1@0.75,0.216918041053187
W021,raw,depth,24,miou,0.3940615503634724
W021,raw,depth,24,n_pred,9.304347826086955
W021,raw,depth,24,n_reg,9.869565217391305
W021,raw,depth,32,f1@0.5,0.2765285442933848
W021,raw,depth,32,f1@0.75,0.2214871150596012
W021,raw,depth,32,miou,0.31259620939042
W021,raw,depth,32,n_pred,7.826086956521739
W021,raw,depth,32,n_reg,8.565217391304348
W021,raw,depth,48,f1@0.5,0.3020556506355402
W021,raw,depth,48,f1@0.75,0.2166637822176925
W021,raw,depth,48,miou,0.3941739533701908
W021,raw,depth,48,n_pred,9.347826086956522
W021,raw,depth,48,n_reg,9.869565217391305
W021,raw,normal,4,f1@0.5,0.3414532174425834
W021,raw,normal,4,f1@0.75,0.3088663688206022
W021,raw,normal,4,miou,0.4748789014098639
W021,raw,normal,4,n_pred,7.739130434782608
W021,raw,normal,4,n_reg,7.956521739130435
W021,raw,normal,6,f1@0.5,0.3667334897345666
W021,raw,normal,6,f1@0.75,0.3268966854476344
W021,raw,normal,6,miou,0.497087692654318
W021,raw,normal,6,n_pred,8.0
W021,raw,normal,6,n_reg,8.217391304347826
W021,raw,normal,8,f1@0.5,0.3088198601625712
W021,raw,normal,8,f1@0.75,0.2591582898488269
W021,raw,normal,8,miou,0.2901099298172115
W021,raw,normal,8,n_pred,4.739130434782608
W021,raw,normal,8,n_reg,5.0
W021,raw,normal,12,f1@0.5,0.3404267517977304
W021,raw,normal,12,f1@0.75,0.3136039014454683
W021,raw,normal,12,miou,0.4787003660942983
W021,raw,normal,12,n_pred,8.73913043478261
W021,raw,normal,12,n_reg,9.347826086956522
W021,raw,normal,16,f1@0.5,0.3420105570832452
W021,raw,normal,16,f1@0.75,0.3099722345078382
W021,raw,normal,16,miou,0.4821335608370177
W021,raw,normal,16,n_pred,8.0
W021,raw,normal,16,n_reg,8.217391304347826
W021,raw,normal,24,f1@0.5,0.3100275896311702
W021,raw,normal,24,f1@0.75,0.2541548391932023
W021,raw,normal,24,miou,0.2917742478222233
W021,raw,normal,24,n_pred,4.652173913043479
W021,raw,normal,24,n_reg,5.0
W021,raw,normal,32,f1@0.5,0.4073807420051867
W021,raw,normal,32,f1@0.75,0.3459263485949446
W021,raw,normal,32,miou,0.4146203744256331
W021,raw,normal,32,n_pred,5.956521739130435
W021,raw,normal,32,n_reg,6.0
W021,raw,normal,48,f1@0.5,0.4191160494431459
W021,raw,normal,48,f1@0.75,0.3318520668096654
W021,raw,normal,48,miou,0.4875359121292447
W021,raw,normal,48,n_pred,8.26086956521739
W021,raw,normal,48,n_reg,9.173913043478262
W021,raw,rgb,4,f1@0.5,0.4566414933522684
W021,raw,rgb,4,f1@0.75,0.3251747937003135
W021,raw,rgb,4,miou,0.6586167514036642
W021,raw,rgb,4,n_pred,13.0
W021,raw,rgb,4,n_reg,13.478260869565217
W021,raw,rgb,6,f1@0.5,0.4527997039717267
W021,raw,rgb,6,f1@0.75,0.3240162239217059
W021,raw,rgb,6,miou,0.6566169423178022
W021,raw,rgb,6,n_pred,13.08695652173913
W021,raw,rgb,6,n_reg,14.0
W021,raw,rgb,8,f1@0.5,0.3596371289324812
W021,raw,rgb,8,f1@0.75,0.274355032495962
W021,raw,rgb,8,miou,0.6795498002797656
W021,raw,rgb,8,n_pred,17.434782608695652
W021,raw,rgb,8,n_reg,20.695652173913043
W021,raw,rgb,12,f1@0.5,0.3169822604832092
W021,raw,rgb,12,f1@0.75,0.2451927253965039
W021,raw,rgb,12,miou,0.6790282564034049
W021,raw,rgb,12,n_pred,21.130434782608692
W021,raw,rgb,12,n_reg,23.47826086956522
W021,raw,rgb,16,f1@0.5,0.3215628540056648
W021,raw,rgb,16,f1@0.75,0.2372325031800535
W021,raw,rgb,16,miou,0.6617411744988181
W021,raw,rgb,16,n_pred,18.91304347826087
W021,raw,rgb,16,n_reg,21.17391304347826
W021,raw,rgb,24,f1@0.5,0.3097016712673424
W021,raw,rgb,24,f1@0.75,0.218130529585855
W021,raw,rgb,24,miou,0.6622248431841762
W021,raw,rgb,24,n_pred,21.47826086956522
W021,raw,rgb,24,n_reg,24.0
W021,raw,rgb,32,f1@0.5,0.280295530584995
W021,raw,rgb,32,f1@0.75,0.2004864855276917
W021,raw,rgb,32,miou,0.6590405752292293
W021,raw,rgb,32,n_pred,23.565217391304348
W021,raw,rgb,32,n_reg,26.0
W021,raw,rgb,48,f1@0.5,0.3135731962012725
W021,raw,rgb,48,f1@0.75,0.1821346365833847
W021,raw,rgb,48,miou,0.6590387392910368
W021,raw,rgb,48,n_pred,22.73913043478261
W021,raw,rgb,48,n_reg,25.695652173913043
W022,merged,depth,4,f1@0.5,0.2611606530724177
W022,merged,depth,4,f1@0.75,0.1819173745644333
W022,merged,depth,4,miou,0.2833880596493326
W022,merged,depth,4,n_pred,4.125
W022,merged,depth,4,n_reg,4.166666666666667
W022,merged,depth,6,f1@0.5,0.2912883541753511
W022,merged,depth,6,f1@0.75,0.1836611129954783
W022,merged,depth,6,miou,0.2914516493179924
W022,merged,depth,6,n_pred,4.416666666666667
W022,merged,depth,6,n_reg,4.5
W022,merged,depth,8,f1@0.5,0.4136452441868716
W022,merged,depth,8,f1@0.75,0.3038588686556111
W022,merged,depth,8,miou,0.4245136198619474
W022,merged,depth,8,n_pred,5.916666666666667
W022,merged,depth,8,n_reg,6.083333333333333
W022,merged,depth,12,f1@0.5,0.4436369772821515
W022,merged,depth,12,f1@0.75,0.3022280322278639
W022,merged,depth,12,miou,0.4307036170607028
W022,merged,depth,12,n_pred,5.875
W022,merged,depth,12,n_reg,6.0
W022,merged,depth,16,f1@0.5,0.5494489973751987
W022,merged,depth,16,f1@0.75,0.2922090675237128
W022,merged,depth,16,miou,0.4999895935772373
W022,merged,depth,16,n_pred,6.5
W022,merged,depth,16,n_reg,6.625
W022,merged,depth,24,f1@0.5,0.5351859053947154
W022,merged,depth,24,f1@0.75,0.2662013192333558
W022,merged,depth,24,miou,0.4771024103855347
W022,merged,depth,24,n_pred,6.291666666666667
W022,merged,depth,24,n_reg,6.458333333333333
W022,merged,depth,32,f1@0.5,0.3764976997023705
W022,merged,depth,32,f1@0.75,0.2769252648198334
W022,merged,depth,32,miou,0.3966496165908093
W022,merged,depth,32,n_pred,5.708333333333333
W022,merged,depth,32,n_reg,5.875
W022,merged,depth,48,f1@0.5,0.4389172976482843
W022,merged,depth,48,f1@0.75,0.2973825852771538
W022,merged,depth,48,miou,0.429269606659709
W022,merged,depth,48,n_pred,5.916666666666667
W022,merged,depth,48,n_reg,6.083333333333333
W022,merged,normal,4,f1@0.5,0.3482340031972384
W022,merged,normal,4,f1@0.75,0.2387739983328218
W022,merged,normal,4,miou,0.3535652433784924
W022,merged,normal,4,n_pred,4.166666666666667
W022,merged,normal,4,n_reg,4.5
W022,merged,normal,6,f1@0.5,0.3520507542566366
W022,merged,normal,6,f1@0.75,0.2480852548867254
W022,merged,normal,6,miou,0.3534073363955886
W022,merged,normal,6,n_pred,4.0
W022,merged,normal,6,n_reg,4.0
W022,merged,normal,8,f1@0.5,0.3931269828812398
W022,merged,normal,8,f1@0.75,0.2947932020106942
W022,merged,normal,8,miou,0.411222488653131
W022,merged,normal,8,n_pred,4.625
W022,merged,normal,8,n_reg,4.625
W022,merged,normal,12,f1@0.5,0.3951111098653668
W022,merged,normal,12,f1@0.75,0.2947932020106942
W022,merged,normal,12,miou,0.410995641532961
W022,merged,normal,12,n_pred,4.625
W022,merged,normal,12,n_reg,4.625
W022,merged,normal,16,f1@0.5,0.3991695514238084
W022,merged,normal,16,f1@0.75,0.293530575748068
W022,merged,normal,16,miou,0.4166420820054805
W022,merged,normal,16,n_pred,4.666666666666667
W022,merged,normal,16,n_reg,4.666666666666667
W022,merged,normal,24,f1@0.5,0.5073584575326061
W022,merged,normal,24,f1@0.75,0.3628097399962725
W022,merged,normal,24,miou,0.4836000567615523
W022,merged,normal,24,n_pred,5.625
W022,merged,normal,24,n_reg,5.708333333333333
W022,merged,normal,32,f1@0.5,0.5447683891472591
W022,merged,normal,32,f1@0.75,0.3765071146746843
W022,merged,normal,32,miou,0.5150290970374083
W022,merged,normal,32,n_pred,6.333333333333333
W022,merged,normal,32,n_reg,6.416666666666667
W022,merged,normal,48,f1@0.5,0.5402194508134911
W022,merged,normal,48,f1@0.75,0.3819928312285123
W022,merged,normal,48,miou,0.5136668103588687
W022,merged,normal,48,n_pred,6.125
W022,merged,normal,48,n_reg,6.208333333333333
W022,merged,rgb,4,f1@0.5,0.695099108121554
W022,merged,rgb,4,f1@0.75,0.5770212115026356
W022,merged,rgb,4,miou,0.587396225013778
W022,merged,rgb,4,n_pred,6.375
W022,merged,rgb,4,n_reg,6.458333333333333
W022,merged,rgb,6,f1@0.5,0.708991305952539
W022,merged,rgb,6,f1@0.75,0.5833742771377379
W022,merged,rgb,6,miou,0.5867472445455205
W022,merged,rgb,6,n_pred,6.416666666666667
W022,merged,rgb,6,n_reg,6.5
W022,merged,rgb,8,f1@0.5,0.7486140751358142
W022,merged,rgb,8,f1@0.75,0.5516312069572938
W022,merged,rgb,8,miou,0.6295481082811073
W022,merged,rgb,8,n_pred,7.166666666666667
W022,merged,rgb,8,n_reg,7.25
W022,merged,rgb,12,f1@0.5,0.7940572254044794
W022,merged,rgb,12,f1@0.75,0.6682379488043103
W022,merged,rgb,12,miou,0.6781193458864
W022,merged,rgb,12,n_pred,7.458333333333333
W022,merged,rgb,12,n_reg,7.916666666666667
W022,merged,rgb,16,f1@0.5,0.7480038962647658
W022,merged,rgb,16,f1@0.75,0.6085529587160022
W022,merged,rgb,16,miou,0.6321244765388903
W022,merged,rgb,16,n_pred,6.958333333333333
W022,merged,rgb,16,n_reg,7.083333333333333
W022,merged,rgb,24,f1@0.5,0.7380824771042162
W022,merged,rgb,24,f1@0.75,0.6059721558634602
W022,merged,rgb,24,miou,0.6412224707485167
W022,merged,rgb,24,n_pred,7.125
W022,merged,rgb,24,n_reg,7.333333333333333
W022,merged,rgb,32,f1@0.5,0.749806863828603
W022,merged,rgb,32,f1@0.75,0.6066335315248359
W022,merged,rgb,32,miou,0.6443394103727746
W022,merged,rgb,32,n_pred,7.125
W022,merged,rgb,32,n_reg,7.333333333333333
W022,merged,rgb,48,f1@0.5,0.7861555121609469
W022,merged,rgb,48,f1@0.75,0.673766835016835
W022,merged,rgb,48,miou,0.6896304148163891
W022,merged,rgb,48,n_pred,7.666666666666667
W022,merged,rgb,48,n_reg,7.916666666666667
W022,raw,depth,4,f1@0.5,0.2375724357342004
W022,raw,depth,4,f1@0.75,0.1786550119270707
W022,raw,depth,4,miou,0.2833880596493326
W022,raw,depth,4,n_pred,4.375
W022,raw,depth,4,n_reg,4.541666666666667
W022,raw,depth,6,f1@0.5,0.2314651439748188
W022,raw,depth,6,f1@0.75,0.1713548498571718
W022,raw,depth,6,miou,0.2914516493179924
W022,raw,depth,6,n_pred,5.416666666666667
W022,raw,depth,6,n_reg,6.291666666666667
W022,raw,depth,8,f1@0.5,0.3621087968880404
W022,raw,depth,8,f1@0.75,0.2852066703207502
W022,raw,depth,8,miou,0.4245136198619474
W022,raw,depth,8,n_pred,6.958333333333333
W022,raw,depth,8,n_reg,7.666666666666667
W022,raw,depth,12,f1@0.5,0.3552529773437702
W022,raw,depth,12,f1@0.75,0.2699771470951138
W022,raw,depth,12,miou,0.4307036170607028
W022,raw,depth,12,n_pred,7.833333333333333
W022,raw,depth,12,n_reg,8.916666666666666
W022,raw,depth,16,f1@0.5,0.4188485694881239
W022,raw,depth,16,f1@0.75,0.2574833040259073
W022,raw,depth,16,miou,0.502207643125026
W022,raw,depth,16,n_pred,8.875
W022,raw,depth,16,n_reg,9.916666666666666
W022,raw,depth,24,f1@0.5,0.4011664966589923
W022,raw,depth,24,f1@0.75,0.2346734300763275
W022,raw,depth,24,miou,0.4792713156369548
W022,raw,depth,24,n_pred,8.708333333333334
W022,raw,depth,24,n_reg,9.916666666666666
W022,raw,depth,32,f1@0.5,0.3233672302406318
W022,raw,depth,32,f1@0.75,0.2492319200998868
W022,raw,depth,32,miou,0.3967171797023241
W022,raw,depth,32,n_pred,7.625
W022,raw,depth,32,n_reg,8.916666666666666
W022,raw,depth,48,f1@0.5,0.3545314766222694
W022,raw,depth,48,f1@0.75,0.265632457967816
W022,raw,depth,48,miou,0.429269606659709
W022,raw,depth,48,n_pred,7.875
W022,raw,depth,48,n_reg,8.958333333333334
W022,raw,normal,4,f1@0.5,0.3456699006331359
W022,raw,normal,4,f1@0.75,0.2370645966234201
W022,raw,normal,4,miou,0.3535652433784924
W022,raw,normal,4,n_pred,4.25
W022,raw,normal,4,n_reg,4.958333333333333
W022,raw,normal,6,f1@0.5,0.3520507542566366
W022,raw,normal,6,f1@0.75,0.2480852548867254
W022,raw,normal,6,miou,0.3534073363955886
W022,raw,normal,6,n_pred,4.0
W022,raw,normal,6,n_reg,4.0
W022,raw,normal,8,f1@0.5,0.3747271569446492
W022,raw,normal,8,f1@0.75,0.2888012908717243
W022,raw,normal,8,miou,0.411222488653131
W022,raw,normal,8,n_pred,5.0
W022,raw,normal,8,n_reg,5.0
W022,raw,normal,12,f1@0.5,0.3767112839287762
W022,raw,normal,12,f1@0.75,0.2888012908717243
W022,raw,normal,12,miou,0.410995641532961
W022,raw,normal,12,n_pred,5.0
W022,raw,normal,12,n_reg,5.0
W022,raw,normal,16,f1@0.5,0.3862350934525857
W022,raw,normal,16,f1@0.75,0.2888012908717243
W022,raw,normal,16,miou,0.4166420820054805
W022,raw,normal,16,n_pred,5.0
W022,raw,normal,16,n_reg,5.0
W022,raw,normal,24,f1@0.5,0.4815007368063802
W022,raw,normal,24,f1@0.75,0.3510480743587487
W022,raw,normal,24,miou,0.4836000567615523
W022,raw,normal,24,n_pred,6.25
W022,raw,normal,24,n_reg,6.541666666666667
W022,raw,normal,32,f1@0.5,0.4908027281885641
W022,raw,normal,32,f1@0.75,0.3449769253794021
W022,raw,normal,32,miou,0.5152472534932432
W022,raw,normal,32,n_pred,7.916666666666667
W022,raw,normal,32,n_reg,8.541666666666666
W022,raw,normal,48,f1@0.5,0.4797069517599703
W022,raw,normal,48,f1@0.75,0.3494210012553666
W022,raw,normal,48,miou,0.5136668103588687
W022,raw,normal,48,n_pred,7.75
W022,raw,normal,48,n_reg,8.541666666666666
W022,raw,rgb,4,f1@0.5,0.4091887168135653
W022,raw,rgb,4,f1@0.75,0.3324228706798702
W022,raw,rgb,4,miou,0.5904290085731553
W022,raw,rgb,4,n_pred,10.125
W022,raw,rgb,4,n_reg,10.625
W022,raw,rgb,6,f1@0.5,0.4584765577983036
W022,raw,rgb,6,f1@0.75,0.3309252161733428
W022,raw,rgb,6,miou,0.5898867167422305
W022,raw,rgb,6,n_pred,10.583333333333334
W022,raw,rgb,6,n_reg,12.5
W022,raw,rgb,8,f1@0.5,0.4750181370032628
W022,raw,rgb,8,f1@0.75,0.3450434934941037
W022,raw,rgb,8,miou,0.6295481082811073
W022,raw,rgb,8,n_pred,12.125
W022,raw,rgb,8,n_reg,12.916666666666666
W022,raw,rgb,12,f1@0.5,0.4543252789483663
W022,raw,rgb,12,f1@0.75,0.3188078894720905
W022,raw,rgb,12,miou,0.6788341882507436
W022,raw,rgb,12,n_pred,14.791666666666666
W022,raw,rgb,12,n_reg,16.416666666666668
W022,raw,rgb,16,f1@0.5,0.4253994763061855
W022,raw,rgb,16,f1@0.75,0.2887305497079027
W022,raw,rgb,16,miou,0.6352747611716413
W022,raw,rgb,16,n_pred,14.75
W022,raw,rgb,16,n_reg,16.375
W022,raw,rgb,24,f1@0.5,0.3413090582202925
W022,raw,rgb,24,f1@0.75,0.2667197097046269
W022,raw,rgb,24,miou,0.6440797442875742
W022,raw,rgb,24,n_pred,17.458333333333332
W022,raw,rgb,24,n_reg,20.125
W022,raw,rgb,32,f1@0.5,0.3755253664686955
W022,raw,rgb,32,f1@0.75,0.2579718328758481
W022,raw,rgb,32,miou,0.6471383609645469
W022,raw,rgb,32,n_pred,17.75
W022,raw,rgb,32,n_reg,20.45833333333333
W022,raw,rgb,48,f1@0.5,0.3478212112061715
W022,raw,rgb,48,f1@0.75,0.2560382146349562
W022,raw,rgb,48,miou,0.6916883550851575
W022,raw,rgb,48,n_pred,18.83333333333333
W022,raw,rgb,48,n_reg,21.25
W023,merged,depth,4,f1@0.5,0.4169648919964894
W023,merged,depth,4,f1@0.75,0.2487743323721106
W023,merged,depth,4,miou,0.4980001673565657
W023,merged,depth,4,n_pred,7.421052631578948
W023,merged,depth,4,n_reg,7.631578947368421
W023,merged,depth,6,f1@0.5,0.4391286206926904
W023,merged,depth,6,f1@0.75,0.2601579748246438
W023,merged,depth,6,miou,0.4663534819811255
W023,merged,depth,6,n_pred,7.0
W023,merged,depth,6,n_reg,7.052631578947368
W023,merged,depth,8,f1@0.5,0.4370629950829878
W023,merged,depth,8,f1@0.75,0.2412747577338689
W023,merged,depth,8,miou,0.4455277515787
W023,merged,depth,8,n_pred,7.526315789473684
W023,merged,depth,8,n_reg,7.842105263157895
W023,merged,depth,12,f1@0.5,0.5126120102317224
W023,merged,depth,12,f1@0.75,0.30100710637834
W023,merged,depth,12,miou,0.5336978070329572
W023,merged,depth,12,n_pred,8.631578947368421
W023,merged,depth,12,n_reg,8.736842105263158
W023,merged,depth,16,f1@0.5,0.5106287328046296
W023,merged,depth,16,f1@0.75,0.2744515566006735
W023,merged,depth,16,miou,0.4862904018190712
W023,merged,depth,16,n_pred,8.473684210526315
W023,merged,depth,16,n_reg,8.894736842105264
W023,merged,depth,24,f1@0.5,0.470610440317775
W023,merged,depth,24,f1@0.75,0.2702360631103254
W023,merged,depth,24,miou,0.4892257520153054
W023,merged,depth,24,n_pred,8.210526315789474
W023,merged,depth,24,n_reg,8.578947368421053
W023,merged,depth,32,f1@0.5,0.3556071746177732
W023,merged,depth,32,f1@0.75,0.255855392416274
W023,merged,depth,32,miou,0.3653515767410998
W023,merged,depth,32,n_pred,6.894736842105263
W023,merged,depth,32,n_reg,7.052631578947368
W023,merged,depth,48,f1@0.5,0.3383232876428106
W023,merged,depth,48,f1@0.75,0.2456078253380433
W023,merged,depth,48,miou,0.3632468012811419
W023,merged,depth,48,n_pred,7.263157894736842
W023,merged,depth,48,n_reg,7.631578947368421
W023,merged,normal,4,f1@0.5,0.4991140585957485
W023,merged,normal,4,f1@0.75,0.3497856851345314
W023,merged,normal,4,miou,0.523010140210422
W023,merged,normal,4,n_pred,6.368421052631579
W023,merged,normal,4,n_reg,6.368421052631579
W023,merged,normal,6,f1@0.5,0.4783251445242859
W023,merged,normal,6,f1@0.75,0.3582964217917211
W023,merged,normal,6,miou,0.5127091290641742
W023,merged,normal,6,n_pred,6.157894736842105
W023,merged,normal,6,n_reg,6.157894736842105
W023,merged,normal,8,f1@0.5,0.504496557947118
W023,merged,normal,8,f1@0.75,0.3602589616680909
W023,merged,normal,8,miou,0.5197813181969688
W023,merged,normal,8,n_pred,6.947368421052632
W023,merged,normal,8,n_reg,7.0
W023,merged,normal,12,f1@0.5,0.4763687548676674
W023,merged,normal,12,f1@0.75,0.3682367039860079
W023,merged,normal,12,miou,0.5475991766362289
W023,merged,normal,12,n_pred,6.631578947368421
W023,merged,normal,12,n_reg,6.789473684210527
W023,merged,normal,16,f1@0.5,0.531669533512241
W023,merged,normal,16,f1@0.75,0.3860163780042137
W023,merged,normal,16,miou,0.5562396673255875
W023,merged,normal,16,n_pred,7.526315789473684
W023,merged,normal,16,n_reg,7.578947368421052
W023,merged,normal,24,f1@0.5,0.4617530680809014
W023,merged,normal,24,f1@0.75,0.3711390715618103
W023,merged,normal,24,miou,0.4968478426718833
W023,merged,normal,24,n_pred,7.263157894736842
W023,merged,normal,24,n_reg,7.315789473684211
W023,merged,normal,32,f1@0.5,0.531669533512241
W023,merged,normal,32,f1@0.75,0.3954148742448152
W023,merged,normal,32,miou,0.5556857573909717
W023,merged,normal,32,n_pred,7.526315789473684
W023,merged,normal,32,n_reg,7.578947368421052
W023,merged,normal,48,f1@0.5,0.4617530680809014
W023,merged,normal,48,f1@0.75,0.3661265402334895
W023,merged,normal,48,miou,0.4965466283178814
W023,merged,normal,48,n_pred,7.263157894736842
W023,merged,normal,48,n_reg,7.315789473684211
W023,merged,rgb,4,f1@0.5,0.5391151834754077
W023,merged,rgb,4,f1@0.75,0.4078119547883134
W023,merged,rgb,4,miou,0.5680916520864658
W023,merged,rgb,4,n_pred,7.842105263157895
W023,merged,rgb,4,n_reg,8.263157894736842
W023,merged,rgb,6,f1@0.5,0.604753541808823
W023,merged,rgb,6,f1@0.75,0.4668402923371007
W023,merged,rgb,6,miou,0.6176531688674622
W023,merged,rgb,6,n_pred,8.736842105263158
W023,merged,rgb,6,n_reg,9.105263157894736
W023,merged,rgb,8,f1@0.5,0.7398177022220264
W023,merged,rgb,8,f1@0.75,0.519486792640742
W023,merged,rgb,8,miou,0.718063425870815
W023,merged,rgb,8,n_pred,9.894736842105264
W023,merged,rgb,8,n_reg,10.052631578947368
W023,merged,rgb,12,f1@0.5,0.7385365944932137
W023,merged,rgb,12,f1@0.75,0.5037657503481557
W023,merged,rgb,12,miou,0.7149432373520398
W023,merged,rgb,12,n_pred,10.052631578947368
W023,merged,rgb,12,n_reg,10.526315789473683
W023,merged,rgb,16,f1@0.5,0.7067176066155455
W023,merged,rgb,16,f1@0.75,0.4893490767219207
W023,merged,rgb,16,miou,0.6739293591457988
W023,merged,rgb,16,n_pred,10.157894736842104
W023,merged,rgb,16,n_reg,10.210526315789474
W023,merged,rgb,24,f1@0.5,0.7394467273568573
W023,merged,rgb,24,f1@0.75,0.5059395815661214
W023,merged,rgb,24,miou,0.7168034252780879
W023,merged,rgb,24,n_pred,10.578947368421051
W023,merged,rgb,24,n_reg,10.736842105263158
W023,merged,rgb,32,f1@0.5,0.7411641327584733
W023,merged,rgb,32,f1@0.75,0.5023289663994422
W023,merged,rgb,32,miou,0.7264516628191028
W023,merged,rgb,32,n_pred,10.63157894736842
W023,merged,rgb,32,n_reg,10.68421052631579
W023,merged,rgb,48,f1@0.5,0.6741441230282259
W023,merged,rgb,48,f1@0.75,0.4240091256897714
W023,merged,rgb,48,miou,0.6547030366868624
W023,merged,rgb,48,n_pred,10.31578947368421
W023,merged,rgb,48,n_reg,10.578947368421051
W023,raw,depth,4,f1@0.5,0.3960467623648189
W023,raw,depth,4,f1@0.75,0.2354677383265207
W023,raw,depth,4,miou,0.4992695647309405
W023,raw,depth,4,n_pred,8.526315789473685
W023,raw,depth,4,n_reg,9.263157894736842
W023,raw,depth,6,f1@0.5,0.4054852315500841
W023,raw,depth,6,f1@0.75,0.2429872450436243
W023,raw,depth,6,miou,0.4696721833405506
W023,raw,depth,6,n_pred,8.31578947368421
W023,raw,depth,6,n_reg,8.421052631578947
W023,raw,depth,8,f1@0.5,0.3733829645325136
W023,raw,depth,8,f1@0.75,0.2169549475068387
W023,raw,depth,8,miou,0.4493551828378859
W023,raw,depth,8,n_pred,9.63157894736842
W023,raw,depth,8,n_reg,10.31578947368421
W023,raw,depth,12,f1@0.5,0.4592857428625458
W023,raw,depth,12,f1@0.75,0.2637306180796046
W023,raw,depth,12,miou,0.5380839614303369
W023,raw,depth,12,n_pred,10.842105263157896
W023,raw,depth,12,n_reg,11.210526315789474
W023,raw,depth,16,f1@0.5,0.4572061944282828
W023,raw,depth,16,f1@0.75,0.2543473874161577
W023,raw,depth,16,miou,0.4904303238823313
W023,raw,depth,16,n_pred,9.947368421052632
W023,raw,depth,16,n_reg,10.842105263157896
W023,raw,depth,24,f1@0.5,0.4160392250142112
W023,raw,depth,24,f1@0.75,0.2419298580199708
W023,raw,depth,24,miou,0.4936661330276279
W023,raw,depth,24,n_pred,10.526315789473683
W023,raw,depth,24,n_reg,11.68421052631579
W023,raw,depth,32,f1@0.5,0.3213879408158585
W023,raw,depth,32,f1@0.75,0.2383247530501535
W023,raw,depth,32,miou,0.3653515767410998
W023,raw,depth,32,n_pred,8.157894736842104
W023,raw,depth,32,n_reg,8.421052631578947
W023,raw,depth,48,f1@0.5,0.2923862276130414
W023,raw,depth,48,f1@0.75,0.2179017941422033
W023,raw,depth,48,miou,0.3632468012811419
W023,raw,depth,48,n_pred,9.526315789473683
W023,raw,depth,48,n_reg,10.157894736842104
W023,raw,normal,4,f1@0.5,0.4856341542087657
W023,raw,normal,4,f1@0.75,0.343196290775479
W023,raw,normal,4,miou,0.5315152826993267
W023,raw,normal,4,n_pred,6.7368421052631575
W023,raw,normal,4,n_reg,6.7368421052631575
W023,raw,normal,6,f1@0.5,0.4399710009369169
W023,raw,normal,6,f1@0.75,0.3477729498143806
W023,raw,normal,6,miou,0.5195956999479203
W023,raw,normal,6,n_pred,6.7368421052631575
W023,raw,normal,6,n_reg,6.7368421052631575
W023,raw,normal,8,f1@0.5,0.4594001524307367
W023,raw,normal,8,f1@0.75,0.3478186579757946
W023,raw,normal,8,miou,0.5233008435323366
W023,raw,normal,8,n_pred,7.631578947368421
W023,raw,normal,8,n_reg,7.684210526315789
W023,raw,normal,12,f1@0.5,0.4494217670425774
W023,raw,normal,12,f1@0.75,0.3559623842602709
W023,raw,normal,12,miou,0.551106485528053
W023,raw,normal,12,n_pred,7.315789473684211
W023,raw,normal,12,n_reg,7.526315789473684
W023,raw,normal,16,f1@0.5,0.4877940786937534
W023,raw,normal,16,f1@0.75,0.357696336921918
W023,raw,normal,16,miou,0.5717704676700085
W023,raw,normal,16,n_pred,9.052631578947368
W023,raw,normal,16,n_reg,9.31578947368421
W023,raw,normal,24,f1@0.5,0.433835967528963
W023,raw,normal,24,f1@0.75,0.3543280103365402
W023,raw,normal,24,miou,0.4968478426718833
W023,raw,normal,24,n_pred,8.0
W023,raw,normal,24,n_reg,8.31578947368421
W023,raw,normal,32,f1@0.5,0.4877940786937534
W023,raw,normal,32,f1@0.75,0.3663215789567711
W023,raw,normal,32,miou,0.5711667121250222
W023,raw,normal,32,n_pred,9.052631578947368
W023,raw,normal,32,n_reg,9.31578947368421
W023,raw,normal,48,f1@0.5,0.433835967528963
W023,raw,normal,48,f1@0.75,0.3495433213413249
W023,raw,normal,48,miou,0.4965466283178814
W023,raw,normal,48,n_pred,8.0
W023,raw,normal,48,n_reg,8.31578947368421
W023,raw,rgb,4,f1@0.5,0.4437243363824117
W023,raw,rgb,4,f1@0.75,0.3437343162767708
W023,raw,rgb,4,miou,0.5748215780398498
W023,raw,rgb,4,n_pred,9.36842105263158
W023,raw,rgb,4,n_reg,9.842105263157896
W023,raw,rgb,6,f1@0.5,0.3958952653729459
W023,raw,rgb,6,f1@0.75,0.2494009211202736
W023,raw,rgb,6,miou,0.6270802451080429
W023,raw,rgb,6,n_pred,12.894736842105264
W023,raw,rgb,6,n_reg,13.526315789473683
W023,raw,rgb,8,f1@0.5,0.4456666880114099
W023,raw,rgb,8,f1@0.75,0.2757563565762238
W023,raw,rgb,8,miou,0.7308746026828389
W023,raw,rgb,8,n_pred,16.473684210526315
W023,raw,rgb,8,n_reg,17.894736842105264
W023,raw,rgb,12,f1@0.5,0.4768696561279412
W023,raw,rgb,12,f1@0.75,0.3135561874331055
W023,raw,rgb,12,miou,0.7258668238929854
W023,raw,rgb,12,n_pred,14.68421052631579
W023,raw,rgb,12,n_reg,15.894736842105264
W023,raw,rgb,16,f1@0.5,0.3819541517117354
W023,raw,rgb,16,f1@0.75,0.226746952423493
W023,raw,rgb,16,miou,0.6844776758387556
W023,raw,rgb,16,n_pred,18.105263157894736
W023,raw,rgb,16,n_reg,19.57894736842105
W023,raw,rgb,24,f1@0.5,0.4123283223834015
W023,raw,rgb,24,f1@0.75,0.2393214193145056
W023,raw,rgb,24,miou,0.7273275469721339
W023,raw,rgb,24,n_pred,18.94736842105263
W023,raw,rgb,24,n_reg,20.73684210526316
W023,raw,rgb,32,f1@0.5,0.4040986667356139
W023,raw,rgb,32,f1@0.75,0.2326041825899105
W023,raw,rgb,32,miou,0.736936208435825
W023,raw,rgb,32,n_pred,20.26315789473684
W023,raw,rgb,32,n_reg,23.105263157894736
W023,raw,rgb,48,f1@0.5,0.4375205143808984
W023,raw,rgb,48,f1@0.75,0.2844767430489018
W023,raw,rgb,48,miou,0.6655894976137843
W023,raw,rgb,48,n_pred,15.263157894736842
W023,raw,rgb,48,n_reg,16.68421052631579
W024,merged,depth,4,f1@0.5,0.3839145546575886
W024,merged,depth,4,f1@0.75,0.2572435991940636
W024,merged,depth,4,miou,0.475309564715863
W024,merged,depth,4,n_pred,5.916666666666667
W024,merged,depth,4,n_reg,5.916666666666667
W024,merged,depth,6,f1@0.5,0.3702175981688702
W024,merged,depth,6,f1@0.75,0.259894330105664
W024,merged,depth,6,miou,0.4564162155733181
W024,merged,depth,6,n_pred,5.75
W024,merged,depth,6,n_reg,5.75
W024,merged,depth,8,f1@0.5,0.4120397165763299
W024,merged,depth,8,f1@0.75,0.3219171687707157
W024,merged,depth,8,miou,0.5816336432611097
W024,merged,depth,8,n_pred,8.0
W024,merged,depth,8,n_reg,8.083333333333334
W024,merged,depth,12,f1@0.5,0.5203593330137952
W024,merged,depth,12,f1@0.75,0.3702574396109865
W024,merged,depth,12,miou,0.5801322080625744
W024,merged,depth,12,n_pred,8.25
W024,merged,depth,12,n_reg,8.583333333333334
W024,merged,depth,16,f1@0.5,0.5840947763144559
W024,merged,depth,16,f1@0.75,0.4337241740941207
W024,merged,depth,16,miou,0.6183171289552186
W024,merged,depth,16,n_pred,9.25
W024,merged,depth,16,n_reg,9.416666666666666
W024,merged,depth,24,f1@0.5,0.4490672193303772
W024,merged,depth,24,f1@0.75,0.2975337381916329
W024,merged,depth,24,miou,0.5200358469113406
W024,merged,depth,24,n_pred,7.833333333333333
W024,merged,depth,24,n_reg,8.166666666666666
W024,merged,depth,32,f1@0.5,0.5410777088408667
W024,merged,depth,32,f1@0.75,0.3316354697933645
W024,merged,depth,32,miou,0.5461672316672407
W024,merged,depth,32,n_pred,9.0
W024,merged,depth,32,n_reg,9.166666666666666
W024,merged,depth,48,f1@0.5,0.5478152949262789
W024,merged,depth,48,f1@0.75,0.397928440108074
W024,merged,depth,48,miou,0.5921336883865416
W024,merged,depth,48,n_pred,8.25
W024,merged,depth,48,n_reg,8.666666666666666
W024,merged,normal,4,f1@0.5,0.4039678849141765
W024,merged,normal,4,f1@0.75,0.237379792774193
W024,merged,normal,4,miou,0.4634232604418475
W024,merged,normal,4,n_pred,5.666666666666667
W024,merged,normal,4,n_reg,5.833333333333333
W024,merged,normal,6,f1@0.5,0.4906659373764637
W024,merged,normal,6,f1@0.75,0.2188753984806616
W024,merged,normal,6,miou,0.506418982442439
W024,merged,normal,6,n_pred,7.333333333333333
W024,merged,normal,6,n_reg,7.416666666666667
W024,merged,normal,8,f1@0.5,0.4781909124014387
W024,merged,normal,8,f1@0.75,0.2184785730838362
W024,merged,normal,8,miou,0.5082685237544718
W024,merged,normal,8,n_pred,7.416666666666667
W024,merged,normal,8,n_reg,7.5
W024,merged,normal,12,f1@0.5,0.5434997848155743
W024,merged,normal,12,f1@0.75,0.324348096672658
W024,merged,normal,12,miou,0.5408765970210853
W024,merged,normal,12,n_pred,7.916666666666667
W024,merged,normal,12,n_reg,8.0
W024,merged,normal,16,f1@0.5,0.5923342554978711
W024,merged,normal,16,f1@0.75,0.3176919978064143
W024,merged,normal,16,miou,0.5548695622876283
W024,merged,normal,16,n_pred,8.416666666666666
W024,merged,normal,16,n_reg,8.833333333333334
W024,merged,normal,24,f1@0.5,0.5861753584579671
W024,merged,normal,24,f1@0.75,0.3377676067893458
W024,merged,normal,24,miou,0.5594572746694167
W024,merged,normal,24,n_pred,8.0
W024,merged,normal,24,n_reg,8.416666666666666
W024,merged,normal,32,f1@0.5,0.596667497897475
W024,merged,normal,32,f1@0.75,0.3389675764103682
W024,merged,normal,32,miou,0.55653265728394
W024,merged,normal,32,n_pred,7.416666666666667
W024,merged,normal,32,n_reg,7.666666666666667
W024,merged,normal,48,f1@0.5,0.5599660444225661
W024,merged,normal,48,f1@0.75,0.3265060422669118
W024,merged,normal,48,miou,0.5211506343400752
W024,merged,normal,48,n_pred,7.833333333333333
W024,merged,normal,48,n_reg,8.166666666666666
W024,merged,rgb,4,f1@0.5,0.6141973914437683
W024,merged,rgb,4,f1@0.75,0.4552955538825103
W024,merged,rgb,4,miou,0.6790838733831773
W024,merged,rgb,4,n_pred,8.166666666666666
W024,merged,rgb,4,n_reg,8.25
W024,merged,rgb,6,f1@0.5,0.7738370037795326
W024,merged,rgb,6,f1@0.75,0.4995600982669948
W024,merged,rgb,6,miou,0.7872012060726149
W024,merged,rgb,6,n_pred,11.083333333333334
W024,merged,rgb,6,n_reg,11.166666666666666
W024,merged,rgb,8,f1@0.5,0.7857380728263835
W024,merged,rgb,8,f1@0.75,0.5295203372384539
W024,merged,rgb,8,miou,0.7909204835245282
W024,merged,rgb,8,n_pred,11.0
W024,merged,rgb,8,n_reg,11.0
W024,merged,rgb,12,f1@0.5,0.8096113054583819
W024,merged,rgb,12,f1@0.75,0.6003942820256538
W024,merged,rgb,12,miou,0.7972517976917074
W024,merged,rgb,12,n_pred,11.666666666666666
W024,merged,rgb,12,n_reg,11.75
W024,merged,rgb,16,f1@0.5,0.8133945433604475
W024,merged,rgb,16,f1@0.75,0.612550129766844
W024,merged,rgb,16,miou,0.8000669980881794
W024,merged,rgb,16,n_pred,11.5
W024,merged,rgb,16,n_reg,11.583333333333334
W024,merged,rgb,24,f1@0.5,0.8016443593979826
W024,merged,rgb,24,f1@0.75,0.5975728776725153
W024,merged,rgb,24,miou,0.7895676974966949
W024,merged,rgb,24,n_pred,11.5
W024,merged,rgb,24,n_reg,11.583333333333334
W024,merged,rgb,32,f1@0.5,0.7884432579091297
W024,merged,rgb,32,f1@0.75,0.6112429421218575
W024,merged,rgb,32,miou,0.7842762626749197
W024,merged,rgb,32,n_pred,11.166666666666666
W024,merged,rgb,32,n_reg,11.333333333333334
W024,merged,rgb,48,f1@0.5,0.8151321930541192
W024,merged,rgb,48,f1@0.75,0.6088274831846594
W024,merged,rgb,48,miou,0.7899887760976996
W024,merged,rgb,48,n_pred,11.25
W024,merged,rgb,48,n_reg,11.5
W024,raw,depth,4,f1@0.5,0.3627243741088135
W024,raw,depth,4,f1@0.75,0.2285584944337804
W024,raw,depth,4,miou,0.475309564715863
W024,raw,depth,4,n_pred,7.083333333333333
W024,raw,depth,4,n_reg,7.333333333333333
W024,raw,depth,6,f1@0.5,0.3622522302035023
W024,raw,depth,6,f1@0.75,0.2385184595993587
W024,raw,depth,6,miou,0.4649726361008868
W024,raw,depth,6,n_pred,6.25
W024,raw,depth,6,n_reg,6.333333333333333
W024,raw,depth,8,f1@0.5,0.3875653948842354
W024,raw,depth,8,f1@0.75,0.2900147303045854
W024,raw,depth,8,miou,0.5888399849061844
W024,raw,depth,8,n_pred,9.5
W024,raw,depth,8,n_reg,10.5
W024,raw,depth,12,f1@0.5,0.4578656019235729
W024,raw,depth,12,f1@0.75,0.3224017823293185
W024,raw,depth,12,miou,0.5826873287397839
W024,raw,depth,12,n_pred,10.75
W024,raw,depth,12,n_reg,12.083333333333334
W024,raw,depth,16,f1@0.5,0.5131800187869028
W024,raw,depth,16,f1@0.75,0.3596544551798175
W024,raw,depth,16,miou,0.6235824288986787
W024,raw,depth,16,n_pred,11.666666666666666
W024,raw,depth,16,n_reg,14.166666666666666
W024,raw,depth,24,f1@0.5,0.4403927456559035
W024,raw,depth,24,f1@0.75,0.2788993787239401
W024,raw,depth,24,miou,0.5200358469113406
W024,raw,depth,24,n_pred,8.333333333333334
W024,raw,depth,24,n_reg,10.333333333333334
W024,raw,depth,32,f1@0.5,0.5170169868445731
W024,raw,depth,32,f1@0.75,0.2857633267116026
W024,raw,depth,32,miou,0.5462594697073658
W024,raw,depth,32,n_pred,10.166666666666666
W024,raw,depth,32,n_reg,11.5
W024,raw,depth,48,f1@0.5,0.485450815495793
W024,raw,depth,48,f1@0.75,0.2991113531368404
W024,raw,depth,48,miou,0.5943644002077259
W024,raw,depth,48,n_pred,10.666666666666666
W024,raw,depth,48,n_reg,12.583333333333334
W024,raw,normal,4,f1@0.5,0.3465754743753128
W024,raw,normal,4,f1@0.75,0.2121007271919238
W024,raw,normal,4,miou,0.4695600334383509
W024,raw,normal,4,n_pred,6.666666666666667
W024,raw,normal,4,n_reg,6.916666666666667
W024,raw,normal,6,f1@0.5,0.3378760032802748
W024,raw,normal,6,f1@0.75,0.1891676786642462
W024,raw,normal,6,miou,0.5066082649971654
W024,raw,normal,6,n_pred,9.166666666666666
W024,raw,normal,6,n_reg,9.5
W024,raw,normal,8,f1@0.5,0.3497273671606242
W024,raw,normal,8,f1@0.75,0.1888382979000828
W024,raw,normal,8,miou,0.5085046666759175
W024,raw,normal,8,n_pred,9.25
W024,raw,normal,8,n_reg,9.583333333333334
W024,raw,normal,12,f1@0.5,0.5020374548749834
W024,raw,normal,12,f1@0.75,0.297000215085646
W024,raw,normal,12,miou,0.5408765970210853
W024,raw,normal,12,n_pred,8.916666666666666
W024,raw,normal,12,n_reg,9.25
W024,raw,normal,16,f1@0.5,0.4518788377484029
W024,raw,normal,16,f1@0.75,0.2810058366217786
W024,raw,normal,16,miou,0.5547104580058464
W024,raw,normal,16,n_pred,10.333333333333334
W024,raw,normal,16,n_reg,11.25
W024,raw,normal,24,f1@0.5,0.4552284108805848
W024,raw,normal,24,f1@0.75,0.3021749037328747
W024,raw,normal,24,miou,0.5587353557477234
W024,raw,normal,24,n_pred,9.666666666666666
W024,raw,normal,24,n_reg,10.5
W024,raw,normal,32,f1@0.5,0.4527894247459464
W024,raw,normal,32,f1@0.75,0.3021615716543253
W024,raw,normal,32,miou,0.5565561700404861
W024,raw,normal,32,n_pred,9.083333333333334
W024,raw,normal,32,n_reg,10.166666666666666
W024,raw,normal,48,f1@0.5,0.4396364019628703
W024,raw,normal,48,f1@0.75,0.2925942560420058
W024,raw,normal,48,miou,0.5222030875308622
W024,raw,normal,48,n_pred,9.333333333333334
W024,raw,normal,48,n_reg,10.25
W024,raw,rgb,4,f1@0.5,0.4345789587168897
W024,raw,rgb,4,f1@0.75,0.2691914354270676
W024,raw,rgb,4,miou,0.6790838733831773
W024,raw,rgb,4,n_pred,11.333333333333334
W024,raw,rgb,4,n_reg,12.166666666666666
W024,raw,rgb,6,f1@0.5,0.5220764569736194
W024,raw,rgb,6,f1@0.75,0.3329241940193106
W024,raw,rgb,6,miou,0.7872019691851797
W024,raw,rgb,6,n_pred,16.333333333333332
W024,raw,rgb,6,n_reg,18.08333333333333
W024,raw,rgb,8,f1@0.5,0.4515092635694473
W024,raw,rgb,8,f1@0.75,0.28377869038691
W024,raw,rgb,8,miou,0.7883938752230569
W024,raw,rgb,8,n_pred,18.33333333333333
W024,raw,rgb,8,n_reg,19.08333333333333
W024,raw,rgb,12,f1@0.5,0.4550799361395662
W024,raw,rgb,12,f1@0.75,0.2937572982613896
W024,raw,rgb,12,miou,0.7958902945287821
W024,raw,rgb,12,n_pred,21.75
W024,raw,rgb,12,n_reg,24.08333333333333
W024,raw,rgb,16,f1@0.5,0.4579864333153153
W024,raw,rgb,16,f1@0.75,0.3012812546159384
W024,raw,rgb,16,miou,0.79868758287164
W024,raw,rgb,16,n_pred,21.75
W024,raw,rgb,16,n_reg,23.25
W024,raw,rgb,24,f1@0.5,0.3989345590901066
W024,raw,rgb,24,f1@0.75,0.2599077295820185
W024,raw,rgb,24,miou,0.7881974018216789
W024,raw,rgb,24,n_pred,24.0
W024,raw,rgb,24,n_reg,26.83333333333333
W024,raw,rgb,32,f1@0.5,0.4379610329419328
W024,raw,rgb,32,f1@0.75,0.2837636330685991
W024,raw,rgb,32,miou,0.782913465104392
W024,raw,rgb,32,n_pred,21.25
W024,raw,rgb,32,n_reg,23.58333333333333
W024,raw,rgb,48,f1@0.5,0.4394172553283877
W024,raw,rgb,48,f1@0.75,0.2819363824653387
W024,raw,rgb,48,miou,0.7886313768257228
W024,raw,rgb,48,n_pred,21.5
W024,raw,rgb,48,n_reg,23.666666666666668
W025,merged,depth,4,f1@0.5,0.7229359613841039
W025,merged,depth,4,f1@0.75,0.6077660686406817
W025,merged,depth,4,miou,0.692065459067882
W025,merged,depth,4,n_pred,6.666666666666667
W025,merged,depth,4,n_reg,6.666666666666667
W025,merged,depth,6,f1@0.5,0.8007951864956508
W025,merged,depth,6,f1@0.75,0.6447456467967304
W025,merged,depth,6,miou,0.7836920203904464
W025,merged,depth,6,n_pred,7.583333333333333
W025,merged,depth,6,n_reg,7.666666666666667
W025,merged,depth,8,f1@0.5,0.690507605426336
W025,merged,depth,8,f1@0.75,0.5878830277050091
W025,merged,depth,8,miou,0.6693647798498183
W025,merged,depth,8,n_pred,6.666666666666667
W025,merged,depth,8,n_reg,6.666666666666667
W025,merged,depth,12,f1@0.5,0.7582737953480988
W025,merged,depth,12,f1@0.75,0.6289154494456352
W025,merged,depth,12,miou,0.7075718655661426
W025,merged,depth,12,n_pred,7.416666666666667
W025,merged,depth,12,n_reg,7.416666666666667
W025,merged,depth,16,f1@0.5,0.7484698737794714
W025,merged,depth,16,f1@0.75,0.6191115278770077
W025,merged,depth,16,miou,0.7068609233030387
W025,merged,depth,16,n_pred,7.416666666666667
W025,merged,depth,16,n_reg,7.5
W025,merged,depth,24,f1@0.5,0.7582737953480988
W025,merged,depth,24,f1@0.75,0.6289154494456352
W025,merged,depth,24,miou,0.7054500773052833
W025,merged,depth,24,n_pred,7.416666666666667
W025,merged,depth,24,n_reg,7.5
W025,merged,depth,32,f1@0.5,0.7546107916850952
W025,merged,depth,32,f1@0.75,0.6270839476141333
W025,merged,depth,32,miou,0.7071005515384057
W025,merged,depth,32,n_pred,7.5
W025,merged,depth,32,n_reg,7.5
W025,merged,depth,48,f1@0.5,0.7484698737794714
W025,merged,depth,48,f1@0.75,0.6191115278770077
W025,merged,depth,48,miou,0.7076193821760564
W025,merged,depth,48,n_pred,7.416666666666667
W025,merged,depth,48,n_reg,7.416666666666667
W025,merged,normal,4,f1@0.5,0.7069911297852474
W025,merged,normal,4,f1@0.75,0.5897525676937442
W025,merged,normal,4,miou,0.6176724923472471
W025,merged,normal,4,n_pred,6.333333333333333
W025,merged,normal,4,n_reg,6.583333333333333
W025,merged,normal,6,f1@0.5,0.697645981469511
W025,merged,normal,6,f1@0.75,0.6057122207857503
W025,merged,normal,6,miou,0.6003267934340256
W025,merged,normal,6,n_pred,5.916666666666667
W025,merged,normal,6,n_reg,6.083333333333333
W025,merged,normal,8,f1@0.5,0.7972243722050223
W025,merged,normal,8,f1@0.75,0.6499204506363949
W025,merged,normal,8,miou,0.7127295415917315
W025,merged,normal,8,n_pred,7.666666666666667
W025,merged,normal,8,n_reg,7.833333333333333
W025,merged,normal,12,f1@0.5,0.8009008427932577
W025,merged,normal,12,f1@0.75,0.6437249168673317
W025,merged,normal,12,miou,0.7132681997916809
W025,merged,normal,12,n_pred,7.583333333333333
W025,merged,normal,12,n_reg,7.75
W025,merged,normal,16,f1@0.5,0.7865031246416695
W025,merged,normal,16,f1@0.75,0.6333512498566678
W025,merged,normal,16,miou,0.7154571972724336
W025,merged,normal,16,n_pred,7.916666666666667
W025,merged,normal,16,n_reg,8.083333333333334
W025,merged,normal,24,f1@0.5,0.7972243722050223
W025,merged,normal,24,f1@0.75,0.6406611913771356
W025,merged,normal,24,miou,0.7129806789146986
W025,merged,normal,24,n_pred,7.666666666666667
W025,merged,normal,24,n_reg,7.833333333333333
W025,merged,normal,32,f1@0.5,0.8056917211328977
W025,merged,normal,32,f1@0.75,0.6508951095057905
W025,merged,normal,32,miou,0.7197186571706057
W025,merged,normal,32,n_pred,7.916666666666667
W025,merged,normal,32,n_reg,8.083333333333334
W025,merged,normal,48,f1@0.5,0.814463650957459
W025,merged,normal,48,f1@0.75,0.659667039330352
W025,merged,normal,48,miou,0.7220783090059925
W025,merged,normal,48,n_pred,7.916666666666667
W025,merged,normal,48,n_reg,8.166666666666666
W025,merged,rgb,4,f1@0.5,0.7664976370665225
W025,merged,rgb,4,f1@0.75,0.721160335479221
W025,merged,rgb,4,miou,0.7295825806101065
W025,merged,rgb,4,n_pred,7.0
W025,merged,rgb,4,n_reg,7.0
W025,merged,rgb,6,f1@0.5,0.8643680279129194
W025,merged,rgb,6,f1@0.75,0.7750950087637394
W025,merged,rgb,6,miou,0.7303694537305613
W025,merged,rgb,6,n_pred,8.166666666666666
W025,merged,rgb,6,n_reg,8.416666666666666
W025,merged,rgb,8,f1@0.5,0.8421258694865505
W025,merged,rgb,8,f1@0.75,0.7104208549448487
W025,merged,rgb,8,miou,0.7791619554234318
W025,merged,rgb,8,n_pred,8.666666666666666
W025,merged,rgb,8,n_reg,8.666666666666666
W025,merged,rgb,12,f1@0.5,0.869438431938432
W025,merged,rgb,12,f1@0.75,0.7492995430495429
W025,merged,rgb,12,miou,0.8175771553311885
W025,merged,rgb,12,n_pred,9.416666666666666
W025,merged,rgb,12,n_reg,9.416666666666666
W025,merged,rgb,16,f1@0.5,0.8777717652717653
W025,merged,rgb,16,f1@0.75,0.7576328763828765
W025,merged,rgb,16,miou,0.8192339350501058
W025,merged,rgb,16,n_pred,9.416666666666666
W025,merged,rgb,16,n_reg,9.416666666666666
W025,merged,rgb,24,f1@0.5,0.8821007696007697
W025,merged,rgb,24,f1@0.75,0.7648027898027898
W025,merged,rgb,24,miou,0.8256745994424284
W025,merged,rgb,24,n_pred,9.5
W025,merged,rgb,24,n_reg,9.583333333333334
W025,merged,rgb,32,f1@0.5,0.8569645109505791
W025,merged,rgb,32,f1@0.75,0.7078818369453045
W025,merged,rgb,32,miou,0.7456923351046503
W025,merged,rgb,32,n_pred,8.75
W025,merged,rgb,32,n_reg,8.833333333333334
W025,merged,rgb,48,f1@0.5,0.9179466882446756
W025,merged,rgb,48,f1@0.75,0.8164303640116334
W025,merged,rgb,48,miou,0.8076475811489577
W025,merged,rgb,48,n_pred,8.75
W025,merged,rgb,48,n_reg,8.833333333333334
W025,raw,depth,4,f1@0.5,0.6724164373351681
W025,raw,depth,4,f1@0.75,0.5370786033711731
W025,raw,depth,4,miou,0.692065459067882
W025,raw,depth,4,n_pred,7.666666666666667
W025,raw,depth,4,n_reg,7.666666666666667
W025,raw,depth,6,f1@0.5,0.7347940930758269
W025,raw,depth,6,f1@0.75,0.5306714498664963
W025,raw,depth,6,miou,0.7836920203904464
W025,raw,depth,6,n_pred,8.916666666666666
W025,raw,depth,6,n_reg,9.083333333333334
W025,raw,depth,8,f1@0.5,0.6315846806558881
W025,raw,depth,8,f1@0.75,0.4734656289416351
W025,raw,depth,8,miou,0.6693647798498183
W025,raw,depth,8,n_pred,8.0
W025,raw,depth,8,n_reg,8.083333333333334
W025,raw,depth,12,f1@0.5,0.6635477582846003
W025,raw,depth,12,f1@0.75,0.4949874686716791
W025,raw,depth,12,miou,0.7075718655661426
W025,raw,depth,12,n_pred,9.666666666666666
W025,raw,depth,12,n_reg,9.916666666666666
W025,raw,depth,16,f1@0.5,0.659735122119023
W025,raw,depth,16,f1@0.75,0.4889961832686291
W025,raw,depth,16,miou,0.7068915705756211
W025,raw,depth,16,n_pred,9.5
W025,raw,depth,16,n_reg,9.916666666666666
W025,raw,depth,24,f1@0.5,0.635761752867016
W025,raw,depth,24,f1@0.75,0.4111237690185058
W025,raw,depth,24,miou,0.7055326689739476
W025,raw,depth,24,n_pred,10.5
W025,raw,depth,24,n_reg,10.916666666666666
W025,raw,depth,32,f1@0.5,0.6635477582846003
W025,raw,depth,32,f1@0.75,0.4949874686716791
W025,raw,depth,32,miou,0.7071005515384057
W025,raw,depth,32,n_pred,9.666666666666666
W025,raw,depth,32,n_reg,9.916666666666666
W025,raw,depth,48,f1@0.5,0.659735122119023
W025,raw,depth,48,f1@0.75,0.4889961832686291
W025,raw,depth,48,miou,0.70764272878595
W025,raw,depth,48,n_pred,9.5
W025,raw,depth,48,n_reg,9.916666666666666
W025,raw,normal,4,f1@0.5,0.6025341130604288
W025,raw,normal,4,f1@0.75,0.3629629629629629
W025,raw,normal,4,miou,0.6176724923472471
W025,raw,normal,4,n_pred,8.833333333333334
W025,raw,normal,4,n_reg,9.25
W025,raw,normal,6,f1@0.5,0.6270711500974658
W025,raw,normal,6,f1@0.75,0.4811095344570577
W025,raw,normal,6,miou,0.6003267934340256
W025,raw,normal,6,n_pred,7.416666666666667
W025,raw,normal,6,n_reg,8.416666666666666
W025,raw,normal,8,f1@0.5,0.6831867492622642
W025,raw,normal,8,f1@0.75,0.4304176669165227
W025,raw,normal,8,miou,0.7127295415917315
W025,raw,normal,8,n_pred,10.416666666666666
W025,raw,normal,8,n_reg,11.75
W025,raw,normal,12,f1@0.5,0.6880490367332474
W025,raw,normal,12,f1@0.75,0.424582921951343
W025,raw,normal,12,miou,0.7132681997916809
W025,raw,normal,12,n_pred,10.25
W025,raw,normal,12,n_reg,11.25
W025,raw,normal,16,f1@0.5,0.6772970249514872
W025,raw,normal,16,f1@0.75,0.4190198542029206
W025,raw,normal,16,miou,0.7154571972724336
W025,raw,normal,16,n_pred,10.583333333333334
W025,raw,normal,16,n_reg,11.666666666666666
W025,raw,normal,24,f1@0.5,0.6589316671124451
W025,raw,normal,24,f1@0.75,0.4136174593268415
W025,raw,normal,24,miou,0.7129806789146986
W025,raw,normal,24,n_pred,10.916666666666666
W025,raw,normal,24,n_reg,12.333333333333334
W025,raw,normal,32,f1@0.5,0.6703703703703704
W025,raw,normal,32,f1@0.75,0.4117364117364117
W025,raw,normal,32,miou,0.7197186571706057
W025,raw,normal,32,n_pred,11.083333333333334
W025,raw,normal,32,n_reg,12.583333333333334
W025,raw,normal,48,f1@0.5,0.6435542578448757
W025,raw,normal,48,f1@0.75,0.411376580449807
W025,raw,normal,48,miou,0.7220783090059925
W025,raw,normal,48,n_pred,12.0
W025,raw,normal,48,n_reg,13.666666666666666
W025,raw,rgb,4,f1@0.5,0.6371518889320748
W025,raw,rgb,4,f1@0.75,0.5545237499571865
W025,raw,rgb,4,miou,0.7295825806101065
W025,raw,rgb,4,n_pred,9.5
W025,raw,rgb,4,n_reg,10.583333333333334
W025,raw,rgb,6,f1@0.5,0.7124578849407225
W025,raw,rgb,6,f1@0.75,0.597215508027865
W025,raw,rgb,6,miou,0.7303694537305613
W025,raw,rgb,6,n_pred,10.5
W025,raw,rgb,6,n_reg,11.583333333333334
W025,raw,rgb,8,f1@0.5,0.6534230846702243
W025,raw,rgb,8,f1@0.75,0.4633537781821535
W025,raw,rgb,8,miou,0.7791619554234318
W025,raw,rgb,8,n_pred,13.083333333333334
W025,raw,rgb,8,n_reg,14.25
W025,raw,rgb,12,f1@0.5,0.6898782953493098
W025,raw,rgb,12,f1@0.75,0.496636574643821
W025,raw,rgb,12,miou,0.8175767349889566
W025,raw,rgb,12,n_pred,13.5
W025,raw,rgb,12,n_reg,15.0
W025,raw,rgb,16,f1@0.5,0.7428522558042009
W025,raw,rgb,16,f1@0.75,0.6101389508025664
W025,raw,rgb,16,miou,0.8192339350501058
W025,raw,rgb,16,n_pred,12.083333333333334
W025,raw,rgb,16,n_reg,13.0
W025,raw,rgb,24,f1@0.5,0.7259750997794475
W025,raw,rgb,24,f1@0.75,0.5844382308512743
W025,raw,rgb,24,miou,0.8256745994424284
W025,raw,rgb,24,n_pred,12.833333333333334
W025,raw,rgb,24,n_reg,14.166666666666666
W025,raw,rgb,32,f1@0.5,0.7042812704712018
W025,raw,rgb,32,f1@0.75,0.5431039053750725
W025,raw,rgb,32,miou,0.7457018348048846
W025,raw,rgb,32,n_pred,11.666666666666666
W025,raw,rgb,32,n_reg,14.166666666666666
W025,raw,rgb,48,f1@0.5,0.6995446528779863
W025,raw,rgb,48,f1@0.75,0.5235662177328844
W025,raw,rgb,48,miou,0.8076475811489577
W025,raw,rgb,48,n_pred,13.166666666666666
W025,raw,rgb,48,n_reg,14.75
W026,merged,depth,4,f1@0.5,0.7079379444085326
W026,merged,depth,4,f1@0.75,0.5782607914960856
W026,merged,depth,4,miou,0.6313396936566401
W026,merged,depth,4,n_pred,5.666666666666667
W026,merged,depth,4,n_reg,5.666666666666667
W026,merged,depth,6,f1@0.5,0.7079379444085326
W026,merged,depth,6,f1@0.75,0.5782607914960856
W026,merged,depth,6,miou,0.6348719045842992
W026,merged,depth,6,n_pred,5.666666666666667
W026,merged,depth,6,n_reg,5.666666666666667
W026,merged,depth,8,f1@0.5,0.7477139744786804
W026,merged,depth,8,f1@0.75,0.6461826953003424
W026,merged,depth,8,miou,0.7027411037409893
W026,merged,depth,8,n_pred,6.266666666666667
W026,merged,depth,8,n_reg,6.266666666666667
W026,merged,depth,12,f1@0.5,0.804210362507576
W026,merged,depth,12,f1@0.75,0.6755113273379527
W026,merged,depth,12,miou,0.7113879245481852
W026,merged,depth,12,n_pred,6.933333333333334
W026,merged,depth,12,n_reg,6.933333333333334
W026,merged,depth,16,f1@0.5,0.7968029551001687
W026,merged,depth,16,f1@0.75,0.6755113273379527
W026,merged,depth,16,miou,0.7109945284700896
W026,merged,depth,16,n_pred,6.933333333333334
W026,merged,depth,16,n_reg,6.933333333333334
W026,merged,depth,24,f1@0.5,0.804210362507576
W026,merged,depth,24,f1@0.75,0.6740298458564713
W026,merged,depth,24,miou,0.7123970493375833
W026,merged,depth,24,n_pred,6.933333333333334
W026,merged,depth,24,n_reg,6.933333333333334
W026,merged,depth,32,f1@0.5,0.804210362507576
W026,merged,depth,32,f1@0.75,0.6666224384490639
W026,merged,depth,32,miou,0.711642200093644
W026,merged,depth,32,n_pred,6.933333333333334
W026,merged,depth,32,n_reg,6.933333333333334
W026,merged,depth,48,f1@0.5,0.8170072239422085
W026,merged,depth,48,f1@0.75,0.6560480449489738
W026,merged,depth,48,miou,0.7469805502951522
W026,merged,depth,48,n_pred,7.466666666666667
W026,merged,depth,48,n_reg,7.466666666666667
W026,merged,normal,4,f1@0.5,0.5114063714063714
W026,merged,normal,4,f1@0.75,0.2719502719502719
W026,merged,normal,4,miou,0.3480917329649636
W026,merged,normal,4,n_pred,3.8666666666666663
W026,merged,normal,4,n_reg,3.8666666666666663
W026,merged,normal,6,f1@0.5,0.6848381574852164
W026,merged,normal,6,f1@0.75,0.4447759103641456
W026,merged,normal,6,miou,0.5011132606982509
W026,merged,normal,6,n_pred,6.2
W026,merged,normal,6,n_reg,6.2
W026,merged,normal,8,f1@0.5,0.7643830982685472
W026,merged,normal,8,f1@0.75,0.5569928907235409
W026,merged,normal,8,miou,0.6352408994373409
W026,merged,normal,8,n_pred,7.133333333333334
W026,merged,normal,8,n_reg,7.133333333333334
W026,merged,normal,12,f1@0.5,0.7413881107998754
W026,merged,normal,12,f1@0.75,0.4789838157485216
W026,merged,normal,12,miou,0.5307249869202239
W026,merged,normal,12,n_pred,6.266666666666667
W026,merged,normal,12,n_reg,6.333333333333333
W026,merged,normal,16,f1@0.5,0.8186561174177274
W026,merged,normal,16,f1@0.75,0.6050280931085884
W026,merged,normal,16,miou,0.6683161420545509
W026,merged,normal,16,n_pred,7.2
W026,merged,normal,16,n_reg,7.266666666666667
W026,merged,normal,24,f1@0.5,0.8152247448687077
W026,merged,normal,24,f1@0.75,0.610910446049765
W026,merged,normal,24,miou,0.668125398584573
W026,merged,normal,24,n_pred,7.266666666666667
W026,merged,normal,24,n_reg,7.6
W026,merged,normal,32,f1@0.5,0.8108129801628254
W026,merged,normal,32,f1@0.75,0.6133614264419217
W026,merged,normal,32,miou,0.6686063961407896
W026,merged,normal,32,n_pred,7.2
W026,merged,normal,32,n_reg,7.333333333333333
W026,merged,normal,48,f1@0.5,0.7565399610136453
W026,merged,normal,48,f1@0.75,0.5805767687191835
W026,merged,normal,48,miou,0.6390949539967365
W026,merged,normal,48,n_pred,7.133333333333334
W026,merged,normal,48,n_reg,7.2
W026,merged,rgb,4,f1@0.5,0.5675885225885225
W026,merged,rgb,4,f1@0.75,0.4653296703296703
W026,merged,rgb,4,miou,0.4740509789784771
W026,merged,rgb,4,n_pred,4.666666666666667
W026,merged,rgb,4,n_reg,4.666666666666667
W026,merged,rgb,6,f1@0.5,0.743295985060691
W026,merged,rgb,6,f1@0.75,0.5979193899782136
W026,merged,rgb,6,miou,0.6207914922429597
W026,merged,rgb,6,n_pred,6.666666666666667
W026,merged,rgb,6,n_reg,6.666666666666667
W026,merged,rgb,8,f1@0.5,0.7590631808278867
W026,merged,rgb,8,f1@0.75,0.6394771241830065
W026,merged,rgb,8,miou,0.6835369000625031
W026,merged,rgb,8,n_pred,6.933333333333334
W026,merged,rgb,8,n_reg,6.933333333333334
W026,merged,rgb,12,f1@0.5,0.8722543286320376
W026,merged,rgb,12,f1@0.75,0.7409901387455567
W026,merged,rgb,12,miou,0.7371189453214309
W026,merged,rgb,12,n_pred,7.933333333333334
W026,merged,rgb,12,n_reg,7.933333333333334
W026,merged,rgb,16,f1@0.5,0.8722543286320376
W026,merged,rgb,16,f1@0.75,0.7498790276344456
W026,merged,rgb,16,miou,0.7341714089993788
W026,merged,rgb,16,n_pred,7.933333333333334
W026,merged,rgb,16,n_reg,7.933333333333334
W026,merged,rgb,24,f1@0.5,0.8551003325306731
W026,merged,rgb,24,f1@0.75,0.7324590069946108
W026,merged,rgb,24,miou,0.7305410687364272
W026,merged,rgb,24,n_pred,7.733333333333333
W026,merged,rgb,24,n_reg,8.0
W026,merged,rgb,32,f1@0.5,0.883832702671712
W026,merged,rgb,32,f1@0.75,0.7550149065474142
W026,merged,rgb,32,miou,0.7449411752100228
W026,merged,rgb,32,n_pred,8.2
W026,merged,rgb,32,n_reg,8.2
W026,merged,rgb,48,f1@0.5,0.883832702671712
W026,merged,rgb,48,f1@0.75,0.7483482398807476
W026,merged,rgb,48,miou,0.7461589535699455
W026,merged,rgb,48,n_pred,8.2
W026,merged,rgb,48,n_reg,8.2
W026,raw,depth,4,f1@0.5,0.6949953314659197
W026,raw,depth,4,f1@0.75,0.5674183006535948
W026,raw,depth,4,miou,0.6313396936566401
W026,raw,depth,4,n_pred,5.933333333333334
W026,raw,depth,4,n_reg,5.933333333333334
W026,raw,depth,6,f1@0.5,0.672063492063492
W026,raw,depth,6,f1@0.75,0.5400964830376596
W026,raw,depth,6,miou,0.6348719045842992
W026,raw,depth,6,n_pred,6.466666666666667
W026,raw,depth,6,n_reg,6.466666666666667
W026,raw,depth,8,f1@0.5,0.6955360623781677
W026,raw,depth,8,f1@0.75,0.55265565875473
W026,raw,depth,8,miou,0.7027411037409893
W026,raw,depth,8,n_pred,7.466666666666667
W026,raw,depth,8,n_reg,7.466666666666667
W026,raw,depth,12,f1@0.5,0.7385471849558537
W026,raw,depth,12,f1@0.75,0.581901731452815
W026,raw,depth,12,miou,0.7113879245481852
W026,raw,depth,12,n_pred,8.4
W026,raw,depth,12,n_reg,8.4
W026,raw,depth,16,f1@0.5,0.7315296410962046
W026,raw,depth,16,f1@0.75,0.581901731452815
W026,raw,depth,16,miou,0.7109945284700896
W026,raw,depth,16,n_pred,8.4
W026,raw,depth,16,n_reg,8.4
W026,raw,depth,24,f1@0.5,0.7385471849558537
W026,raw,depth,24,f1@0.75,0.5810761380575623
W026,raw,depth,24,miou,0.7123970493375833
W026,raw,depth,24,n_pred,8.4
W026,raw,depth,24,n_reg,8.4
W026,raw,depth,32,f1@0.5,0.7385471849558537
W026,raw,depth,32,f1@0.75,0.574058594197913
W026,raw,depth,32,miou,0.711642200093644
W026,raw,depth,32,n_pred,8.4
W026,raw,depth,32,n_reg,8.4
W026,raw,depth,48,f1@0.5,0.7290694055399938
W026,raw,depth,48,f1@0.75,0.5265035136861762
W026,raw,depth,48,miou,0.7469805502951522
W026,raw,depth,48,n_pred,9.333333333333334
W026,raw,depth,48,n_reg,9.333333333333334
W026,raw,normal,4,f1@0.5,0.5058119658119657
W026,raw,normal,4,f1@0.75,0.27008547008547
W026,raw,normal,4,miou,0.3480917329649636
W026,raw,normal,4,n_pred,4.0
W026,raw,normal,4,n_reg,4.0
W026,raw,normal,6,f1@0.5,0.6501198257080609
W026,raw,normal,6,f1@0.75,0.3889869281045752
W026,raw,normal,6,miou,0.5011132606982509
W026,raw,normal,6,n_pred,6.866666666666666
W026,raw,normal,6,n_reg,6.866666666666666
W026,raw,normal,8,f1@0.5,0.7188883155601421
W026,raw,normal,8,f1@0.75,0.5121947024423804
W026,raw,normal,8,miou,0.6352408994373409
W026,raw,normal,8,n_pred,7.866666666666666
W026,raw,normal,8,n_reg,7.866666666666666
W026,raw,normal,12,f1@0.5,0.6368954248366012
W026,raw,normal,12,f1@0.75,0.3764310285517716
W026,raw,normal,12,miou,0.5309140049366451
W026,raw,normal,12,n_pred,7.866666666666666
W026,raw,normal,12,n_reg,8.266666666666667
W026,raw,normal,16,f1@0.5,0.7131737841335364
W026,raw,normal,16,f1@0.75,0.4907572853702884
W026,raw,normal,16,miou,0.6685380069443564
W026,raw,normal,16,n_pred,9.0
W026,raw,normal,16,n_reg,9.666666666666666
W026,raw,normal,24,f1@0.5,0.7090802168820745
W026,raw,normal,24,f1@0.75,0.4952017298147329
W026,raw,normal,24,miou,0.6682979972000075
W026,raw,normal,24,n_pred,9.133333333333333
W026,raw,normal,24,n_reg,10.066666666666666
W026,raw,normal,32,f1@0.5,0.7047527315019575
W026,raw,normal,32,f1@0.75,0.4963713204580077
W026,raw,normal,32,miou,0.6687930507570925
W026,raw,normal,32,n_pred,9.066666666666666
W026,raw,normal,32,n_reg,10.0
W026,raw,normal,48,f1@0.5,0.7059712188969154
W026,raw,normal,48,f1@0.75,0.5107046210296985
W026,raw,normal,48,miou,0.6390954549717262
W026,raw,normal,48,n_pred,8.266666666666667
W026,raw,normal,48,n_reg,9.133333333333333
W026,raw,rgb,4,f1@0.5,0.5581868131868132
W026,raw,rgb,4,f1@0.75,0.4582478632478632
W026,raw,rgb,4,miou,0.4740509789784771
W026,raw,rgb,4,n_pred,4.933333333333334
W026,raw,rgb,4,n_reg,4.933333333333334
W026,raw,rgb,6,f1@0.5,0.7103204907694072
W026,raw,rgb,6,f1@0.75,0.5624945533769063
W026,raw,rgb,6,miou,0.6207914922429597
W026,raw,rgb,6,n_pred,7.4
W026,raw,rgb,6,n_reg,7.4
W026,raw,rgb,8,f1@0.5,0.7261111111111112
W026,raw,rgb,8,f1@0.75,0.5748039215686274
W026,raw,rgb,8,miou,0.6835369000625031
W026,raw,rgb,8,n_pred,7.733333333333333
W026,raw,rgb,8,n_reg,7.866666666666666
W026,raw,rgb,12,f1@0.5,0.7447199245368581
W026,raw,rgb,12,f1@0.75,0.5418617030058678
W026,raw,rgb,12,miou,0.7371189453214309
W026,raw,rgb,12,n_pred,10.933333333333334
W026,raw,rgb,12,n_reg,11.266666666666667
W026,raw,rgb,16,f1@0.5,0.6724706694271911
W026,raw,rgb,16,f1@0.75,0.4199680030114813
W026,raw,rgb,16,miou,0.7341714089993788
W026,raw,rgb,16,n_pred,12.533333333333331
W026,raw,rgb,16,n_reg,13.2
W026,raw,rgb,24,f1@0.5,0.6389413510466142
W026,raw,rgb,24,f1@0.75,0.3853854332801701
W026,raw,rgb,24,miou,0.7305407385745639
W026,raw,rgb,24,n_pred,13.133333333333333
W026,raw,rgb,24,n_reg,15.666666666666666
W026,raw,rgb,32,f1@0.5,0.6842579703540802
W026,raw,rgb,32,f1@0.75,0.4264635964086765
W026,raw,rgb,32,miou,0.7449411752100228
W026,raw,rgb,32,n_pred,12.533333333333331
W026,raw,rgb,32,n_reg,13.0
W026,raw,rgb,48,f1@0.5,0.7344796774545058
W026,raw,rgb,48,f1@0.75,0.5539016843822336
W026,raw,rgb,48,miou,0.7461589535699455
W026,raw,rgb,48,n_pred,11.0
W026,raw,rgb,48,n_reg,11.133333333333333
W027,merged,depth,4,f1@0.5,0.748776084882896
W027,merged,depth,4,f1@0.75,0.5789344842750415
W027,merged,depth,4,miou,0.6307930890464424
W027,merged,depth,4,n_pred,5.666666666666667
W027,merged,depth,4,n_reg,5.666666666666667
W027,merged,depth,6,f1@0.5,0.748776084882896
W027,merged,depth,6,f1@0.75,0.5789344842750415
W027,merged,depth,6,miou,0.6316213184932105
W027,merged,depth,6,n_pred,5.666666666666667
W027,merged,depth,6,n_reg,5.666666666666667
W027,merged,depth,8,f1@0.5,0.748776084882896
W027,merged,depth,8,f1@0.75,0.5669136915524944
W027,merged,depth,8,miou,0.6317702125463002
W027,merged,depth,8,n_pred,5.666666666666667
W027,merged,depth,8,n_reg,5.666666666666667
W027,merged,depth,12,f1@0.5,0.748776084882896
W027,merged,depth,12,f1@0.75,0.5727616447688687
W027,merged,depth,12,miou,0.6311479131011212
W027,merged,depth,12,n_pred,5.666666666666667
W027,merged,depth,12,n_reg,5.666666666666667
W027,merged,depth,16,f1@0.5,0.748776084882896
W027,merged,depth,16,f1@0.75,0.5730865310586672
W027,merged,depth,16,miou,0.6320005682567315
W027,merged,depth,16,n_pred,5.666666666666667
W027,merged,depth,16,n_reg,5.666666666666667
W027,merged,depth,24,f1@0.5,0.7523498340706802
W027,merged,depth,24,f1@0.75,0.5649643738137029
W027,merged,depth,24,miou,0.6311760845541347
W027,merged,depth,24,n_pred,5.722222222222222
W027,merged,depth,24,n_reg,5.722222222222222
W027,merged,depth,32,f1@0.5,0.748776084882896
W027,merged,depth,32,f1@0.75,0.5730865310586672
W027,merged,depth,32,miou,0.6321372922576395
W027,merged,depth,32,n_pred,5.666666666666667
W027,merged,depth,32,n_reg,5.666666666666667
W027,merged,depth,48,f1@0.5,0.748776084882896
W027,merged,depth,48,f1@0.75,0.5730865310586672
W027,merged,depth,48,miou,0.6323578051687551
W027,merged,depth,48,n_pred,5.666666666666667
W027,merged,depth,48,n_reg,5.666666666666667
W027,merged,normal,4,f1@0.5,0.478262124585654
W027,merged,normal,4,f1@0.75,0.3275062628003804
W027,merged,normal,4,miou,0.3593439598831278
W027,merged,normal,4,n_pred,4.166666666666667
W027,merged,normal,4,n_reg,4.166666666666667
W027,merged,normal,6,f1@0.5,0.6070261437908496
W027,merged,normal,6,f1@0.75,0.4545479302832244
W027,merged,normal,6,miou,0.4932642961362157
W027,merged,normal,6,n_pred,4.777777777777778
W027,merged,normal,6,n_reg,4.777777777777778
W027,merged,normal,8,f1@0.5,0.6016979403847309
W027,merged,normal,8,f1@0.75,0.3763582431023091
W027,merged,normal,8,miou,0.4605614430486425
W027,merged,normal,8,n_pred,5.0
W027,merged,normal,8,n_reg,5.055555555555555
W027,merged,normal,12,f1@0.5,0.6774280787438682
W027,merged,normal,12,f1@0.75,0.474155789171269
W027,merged,normal,12,miou,0.5901566609283871
W027,merged,normal,12,n_pred,5.666666666666667
W027,merged,normal,12,n_reg,5.722222222222222
W027,merged,normal,16,f1@0.5,0.5286378286507286
W027,merged,normal,16,f1@0.75,0.3511988188587776
W027,merged,normal,16,miou,0.4147306161447166
W027,merged,normal,16,n_pred,4.944444444444445
W027,merged,normal,16,n_reg,5.0
W027,merged,normal,24,f1@0.5,0.5183564166407303
W027,merged,normal,24,f1@0.75,0.3149859943977591
W027,merged,normal,24,miou,0.4358853960329968
W027,merged,normal,24,n_pred,4.722222222222222
W027,merged,normal,24,n_reg,4.722222222222222
W027,merged,normal,32,f1@0.5,0.5143881626724763
W027,merged,normal,32,f1@0.75,0.3130018674136321
W027,merged,normal,32,miou,0.4373003256881518
W027,merged,normal,32,n_pred,4.777777777777778
W027,merged,normal,32,n_reg,4.833333333333333
W027,merged,normal,48,f1@0.5,0.5901375169951021
W027,merged,normal,48,f1@0.75,0.3341346285102735
W027,merged,normal,48,miou,0.4563952684171822
W027,merged,normal,48,n_pred,5.055555555555555
W027,merged,normal,48,n_reg,5.111111111111111
W027,merged,rgb,4,f1@0.5,0.8047319467598105
W027,merged,rgb,4,f1@0.75,0.6840072151217662
W027,merged,rgb,4,miou,0.714185713584266
W027,merged,rgb,4,n_pred,6.333333333333333
W027,merged,rgb,4,n_reg,6.333333333333333
W027,merged,rgb,6,f1@0.5,0.8747384528860277
W027,merged,rgb,6,f1@0.75,0.7148017101577473
W027,merged,rgb,6,miou,0.7915460391711796
W027,merged,rgb,6,n_pred,7.333333333333333
W027,merged,rgb,6,n_reg,7.333333333333333
W027,merged,rgb,8,f1@0.5,0.8152076132597288
W027,merged,rgb,8,f1@0.75,0.6563660649444963
W027,merged,rgb,8,miou,0.6994886788088952
W027,merged,rgb,8,n_pred,6.666666666666667
W027,merged,rgb,8,n_reg,6.666666666666667
W027,merged,rgb,12,f1@0.5,0.8152076132597288
W027,merged,rgb,12,f1@0.75,0.6563660649444963
W027,merged,rgb,12,miou,0.698383626168657
W027,merged,rgb,12,n_pred,6.666666666666667
W027,merged,rgb,12,n_reg,6.666666666666667
W027,merged,rgb,16,f1@0.5,0.8221520577041733
W027,merged,rgb,16,f1@0.75,0.6956134890603415
W027,merged,rgb,16,miou,0.7183867545326802
W027,merged,rgb,16,n_pred,6.666666666666667
W027,merged,rgb,16,n_reg,6.666666666666667
W027,merged,rgb,24,f1@0.5,0.881274400598446
W027,merged,rgb,24,f1@0.75,0.7456334190596317
W027,merged,rgb,24,miou,0.8099343748024279
W027,merged,rgb,24,n_pred,7.333333333333333
W027,merged,rgb,24,n_reg,7.333333333333333
W027,merged,rgb,32,f1@0.5,0.881274400598446
W027,merged,rgb,32,f1@0.75,0.7521693667720499
W027,merged,rgb,32,miou,0.8102597747038831
W027,merged,rgb,32,n_pred,7.333333333333333
W027,merged,rgb,32,n_reg,7.333333333333333
W027,merged,rgb,48,f1@0.5,0.8786753102800575
W027,merged,rgb,48,f1@0.75,0.7430343287412431
W027,merged,rgb,48,miou,0.8096717453745699
W027,merged,rgb,48,n_pred,7.388888888888889
W027,merged,rgb,48,n_reg,7.388888888888889
W027,raw,depth,4,f1@0.5,0.7151163584342118
W027,raw,depth,4,f1@0.75,0.5214346459831496
W027,raw,depth,4,miou,0.6307930890464424
W027,raw,depth,4,n_pred,6.277777777777778
W027,raw,depth,4,n_reg,6.277777777777778
W027,raw,depth,6,f1@0.5,0.7151163584342118
W027,raw,depth,6,f1@0.75,0.5214346459831496
W027,raw,depth,6,miou,0.6316213184932105
W027,raw,depth,6,n_pred,6.277777777777778
W027,raw,depth,6,n_reg,6.277777777777778
W027,raw,depth,8,f1@0.5,0.7151163584342118
W027,raw,depth,8,f1@0.75,0.5094138532606025
W027,raw,depth,8,miou,0.6317702125463002
W027,raw,depth,8,n_pred,6.277777777777778
W027,raw,depth,8,n_reg,6.277777777777778
W027,raw,depth,12,f1@0.5,0.7151163584342118
W027,raw,depth,12,f1@0.75,0.5152618064769767
W027,raw,depth,12,miou,0.6311479131011212
W027,raw,depth,12,n_pred,6.277777777777778
W027,raw,depth,12,n_reg,6.277777777777778
W027,raw,depth,16,f1@0.5,0.7151163584342118
W027,raw,depth,16,f1@0.75,0.5155866927667753
W027,raw,depth,16,miou,0.6320005682567315
W027,raw,depth,16,n_pred,6.277777777777778
W027,raw,depth,16,n_reg,6.277777777777778
W027,raw,depth,24,f1@0.5,0.7070591784472073
W027,raw,depth,24,f1@0.75,0.4809538142742477
W027,raw,depth,24,miou,0.6311760845541347
W027,raw,depth,24,n_pred,6.611111111111111
W027,raw,depth,24,n_reg,6.611111111111111
W027,raw,depth,32,f1@0.5,0.7151163584342118
W027,raw,depth,32,f1@0.75,0.5155866927667753
W027,raw,depth,32,miou,0.6321372922576395
W027,raw,depth,32,n_pred,6.277777777777778
W027,raw,depth,32,n_reg,6.277777777777778
W027,raw,depth,48,f1@0.5,0.7151163584342118
W027,raw,depth,48,f1@0.75,0.5155866927667753
W027,raw,depth,48,miou,0.6323578051687551
W027,raw,depth,48,n_pred,6.277777777777778
W027,raw,depth,48,n_reg,6.277777777777778
W027,raw,normal,4,f1@0.5,0.4441692203947106
W027,raw,normal,4,f1@0.75,0.275144944017493
W027,raw,normal,4,miou,0.3593439598831278
W027,raw,normal,4,n_pred,5.0
W027,raw,normal,4,n_reg,5.055555555555555
W027,raw,normal,6,f1@0.5,0.5589194937234153
W027,raw,normal,6,f1@0.75,0.3857415188297541
W027,raw,normal,6,miou,0.4932642961362157
W027,raw,normal,6,n_pred,5.611111111111111
W027,raw,normal,6,n_reg,5.611111111111111
W027,raw,normal,8,f1@0.5,0.5605975723622783
W027,raw,normal,8,f1@0.75,0.3065424317875298
W027,raw,normal,8,miou,0.4605614430486425
W027,raw,normal,8,n_pred,6.055555555555555
W027,raw,normal,8,n_reg,6.277777777777778
W027,raw,normal,12,f1@0.5,0.6191864465084279
W027,raw,normal,12,f1@0.75,0.3858416466001605
W027,raw,normal,12,miou,0.5901566609283871
W027,raw,normal,12,n_pred,6.777777777777778
W027,raw,normal,12,n_reg,6.944444444444445
W027,raw,normal,16,f1@0.5,0.4836993764367345
W027,raw,normal,16,f1@0.75,0.276756433567579
W027,raw,normal,16,miou,0.4147306161447166
W027,raw,normal,16,n_pred,6.166666666666667
W027,raw,normal,16,n_reg,6.222222222222222
W027,raw,normal,24,f1@0.5,0.4936223319737252
W027,raw,normal,24,f1@0.75,0.2865783057862521
W027,raw,normal,24,miou,0.4358853960329968
W027,raw,normal,24,n_pred,5.333333333333333
W027,raw,normal,24,n_reg,5.444444444444445
W027,raw,normal,32,f1@0.5,0.4791316526610644
W027,raw,normal,32,f1@0.75,0.2795181035377114
W027,raw,normal,32,miou,0.4373003256881518
W027,raw,normal,32,n_pred,5.833333333333333
W027,raw,normal,32,n_reg,6.222222222222222
W027,raw,normal,48,f1@0.5,0.5443458865027492
W027,raw,normal,48,f1@0.75,0.2820948749870318
W027,raw,normal,48,miou,0.4563896384210229
W027,raw,normal,48,n_pred,6.277777777777778
W027,raw,normal,48,n_reg,6.611111111111111
W027,raw,rgb,4,f1@0.5,0.754392653747659
W027,raw,rgb,4,f1@0.75,0.5876600542751214
W027,raw,rgb,4,miou,0.714185713584266
W027,raw,rgb,4,n_pred,7.277777777777778
W027,raw,rgb,4,n_reg,7.388888888888889
W027,raw,rgb,6,f1@0.5,0.8197256609537311
W027,raw,rgb,6,f1@0.75,0.6494240652135388
W027,raw,rgb,6,miou,0.7915460391711796
W027,raw,rgb,6,n_pred,8.38888888888889
W027,raw,rgb,6,n_reg,8.666666666666666
W027,raw,rgb,8,f1@0.5,0.7836649084585101
W027,raw,rgb,8,f1@0.75,0.6107594694797998
W027,raw,rgb,8,miou,0.6994886788088952
W027,raw,rgb,8,n_pred,7.277777777777778
W027,raw,rgb,8,n_reg,7.277777777777778
W027,raw,rgb,12,f1@0.5,0.7722411470347487
W027,raw,rgb,12,f1@0.75,0.5998648085851388
W027,raw,rgb,12,miou,0.698383626168657
W027,raw,rgb,12,n_pred,7.555555555555555
W027,raw,rgb,12,n_reg,8.0
W027,raw,rgb,16,f1@0.5,0.7554789752158173
W027,raw,rgb,16,f1@0.75,0.5880998793279495
W027,raw,rgb,16,miou,0.7183867545326802
W027,raw,rgb,16,n_pred,8.0
W027,raw,rgb,16,n_reg,8.0
W027,raw,rgb,24,f1@0.5,0.7781428758545463
W027,raw,rgb,24,f1@0.75,0.6104146326877067
W027,raw,rgb,24,miou,0.8099343748024279
W027,raw,rgb,24,n_pred,9.333333333333334
W027,raw,rgb,24,n_reg,9.555555555555555
W027,raw,rgb,32,f1@0.5,0.7865969821347396
W027,raw,rgb,32,f1@0.75,0.6226797964021458
W027,raw,rgb,32,miou,0.8102597747038831
W027,raw,rgb,32,n_pred,9.166666666666666
W027,raw,rgb,32,n_reg,9.38888888888889
W027,raw,rgb,48,f1@0.5,0.7865969821347396
W027,raw,rgb,48,f1@0.75,0.6171242408465901
W027,raw,rgb,48,miou,0.8096717453745699
W027,raw,rgb,48,n_pred,9.166666666666666
W027,raw,rgb,48,n_reg,9.38888888888889
W028,merged,depth,4,f1@0.5,0.1804861804861804
W028,merged,depth,4,f1@0.75,0.0279720279720279
W028,merged,depth,4,miou,0.1548560143550227
W028,merged,depth,4,n_pred,1.4545454545454546
W028,merged,depth,4,n_reg,1.4545454545454546
W028,merged,depth,6,f1@0.5,0.1804861804861804
W028,merged,depth,6,f1@0.75,0.0419580419580419
W028,merged,depth,6,miou,0.1574295505172497
W028,merged,depth,6,n_pred,1.4545454545454546
W028,merged,depth,6,n_reg,1.4545454545454546
W028,merged,depth,8,f1@0.5,0.1804861804861804
W028,merged,depth,8,f1@0.75,0.0279720279720279
W028,merged,depth,8,miou,0.148534714563455
W028,merged,depth,8,n_pred,1.3636363636363635
W028,merged,depth,8,n_reg,1.3636363636363635
W028,merged,depth,12,f1@0.5,0.1385281385281385
W028,merged,depth,12,f1@0.75,0.0
W028,merged,depth,12,miou,0.1086444078034078
W028,merged,depth,12,n_pred,1.0
W028,merged,depth,12,n_reg,1.0
W028,merged,depth,16,f1@0.5,0.1804861804861804
W028,merged,depth,16,f1@0.75,0.0419580419580419
W028,merged,depth,16,miou,0.1578781175809804
W028,merged,depth,16,n_pred,1.4545454545454546
W028,merged,depth,16,n_reg,1.4545454545454546
W028,merged,depth,24,f1@0.5,0.1804861804861804
W028,merged,depth,24,f1@0.75,0.0419580419580419
W028,merged,depth,24,miou,0.1575654526678807
W028,merged,depth,24,n_pred,1.4545454545454546
W028,merged,depth,24,n_reg,1.4545454545454546
W028,merged,depth,32,f1@0.5,0.1804861804861804
W028,merged,depth,32,f1@0.75,0.0419580419580419
W028,merged,depth,32,miou,0.1574886246442526
W028,merged,depth,32,n_pred,1.4545454545454546
W028,merged,depth,32,n_reg,1.4545454545454546
W028,merged,depth,48,f1@0.5,0.1804861804861804
W028,merged,depth,48,f1@0.75,0.0419580419580419
W028,merged,depth,48,miou,0.1574708998525104
W028,merged,depth,48,n_pred,1.4545454545454546
W028,merged,depth,48,n_reg,1.4545454545454546
W028,merged,normal,4,f1@0.5,0.5694083694083694
W028,merged,normal,4,f1@0.75,0.3116883116883117
W028,merged,normal,4,miou,0.5049740098936851
W028,merged,normal,4,n_pred,3.636363636363636
W028,merged,normal,4,n_reg,3.8181818181818175
W028,merged,normal,6,f1@0.5,0.5079920079920079
W028,merged,normal,6,f1@0.75,0.2636252636252636
W028,merged,normal,6,miou,0.4501522116548749
W028,merged,normal,6,n_pred,3.0
W028,merged,normal,6,n_reg,3.0
W028,merged,normal,8,f1@0.5,0.5210345210345211
W028,merged,normal,8,f1@0.75,0.2924852924852925
W028,merged,normal,8,miou,0.4621120538385979
W028,merged,normal,8,n_pred,3.363636363636364
W028,merged,normal,8,n_reg,3.636363636363636
W028,merged,normal,12,f1@0.5,0.552958152958153
W028,merged,normal,12,f1@0.75,0.3082251082251082
W028,merged,normal,12,miou,0.5078065446796282
W028,merged,normal,12,n_pred,3.8181818181818175
W028,merged,normal,12,n_reg,3.909090909090909
W028,merged,normal,16,f1@0.5,0.552958152958153
W028,merged,normal,16,f1@0.75,0.3284271284271284
W028,merged,normal,16,miou,0.5041230641132867
W028,merged,normal,16,n_pred,3.8181818181818175
W028,merged,normal,16,n_reg,3.909090909090909
W028,merged,normal,24,f1@0.5,0.521978021978022
W028,merged,normal,24,f1@0.75,0.3055833055833056
W028,merged,normal,24,miou,0.4345537526556564
W028,merged,normal,24,n_pred,3.0
W028,merged,normal,24,n_reg,3.0
W028,merged,normal,32,f1@0.5,0.5737373737373738
W028,merged,normal,32,f1@0.75,0.313997113997114
W028,merged,normal,32,miou,0.4972983955698906
W028,merged,normal,32,n_pred,3.636363636363636
W028,merged,normal,32,n_reg,3.727272727272727
W028,merged,normal,48,f1@0.5,0.5564213564213564
W028,merged,normal,48,f1@0.75,0.3116883116883117
W028,merged,normal,48,miou,0.4903251581039045
W028,merged,normal,48,n_pred,3.636363636363636
W028,merged,normal,48,n_reg,3.727272727272727
W028,merged,rgb,4,f1@0.5,0.6537419651056015
W028,merged,rgb,4,f1@0.75,0.3917584940312213
W028,merged,rgb,4,miou,0.536928600684404
W028,merged,rgb,4,n_pred,4.2727272727272725
W028,merged,rgb,4,n_reg,4.2727272727272725
W028,merged,rgb,6,f1@0.5,0.6043388429752066
W028,merged,rgb,6,f1@0.75,0.444742883379247
W028,merged,rgb,6,miou,0.5665618024713777
W028,merged,rgb,6,n_pred,4.818181818181818
W028,merged,rgb,6,n_reg,5.0
W028,merged,rgb,8,f1@0.5,0.4515873015873016
W028,merged,rgb,8,f1@0.75,0.3290764790764791
W028,merged,rgb,8,miou,0.3683782795594008
W028,merged,rgb,8,n_pred,3.1818181818181817
W028,merged,rgb,8,n_reg,3.363636363636364
W028,merged,rgb,12,f1@0.5,0.6371933621933622
W028,merged,rgb,12,f1@0.75,0.5036435786435787
W028,merged,rgb,12,miou,0.5045755203703446
W028,merged,rgb,12,n_pred,4.2727272727272725
W028,merged,rgb,12,n_reg,4.363636363636363
W028,merged,rgb,16,f1@0.5,0.6067750431386795
W028,merged,rgb,16,f1@0.75,0.4382526564344746
W028,merged,rgb,16,miou,0.4772946268686233
W028,merged,rgb,16,n_pred,3.909090909090909
W028,merged,rgb,16,n_reg,4.090909090909091
W028,merged,rgb,24,f1@0.5,0.6457431457431457
W028,merged,rgb,24,f1@0.75,0.4585858585858586
W028,merged,rgb,24,miou,0.5762728219664252
W028,merged,rgb,24,n_pred,4.181818181818182
W028,merged,rgb,24,n_reg,4.454545454545454
W028,merged,rgb,32,f1@0.5,0.7217104197050722
W028,merged,rgb,32,f1@0.75,0.5929711554043104
W028,merged,rgb,32,miou,0.6821934679393362
W028,merged,rgb,32,n_pred,5.545454545454546
W028,merged,rgb,32,n_reg,5.727272727272728
W028,merged,rgb,48,f1@0.5,0.7214876033057851
W028,merged,rgb,48,f1@0.75,0.596625344352617
W028,merged,rgb,48,miou,0.6784053583518047
W028,merged,rgb,48,n_pred,5.2727272727272725
W028,merged,rgb,48,n_reg,5.363636363636363
W028,raw,depth,4,f1@0.5,0.1804861804861804
W028,raw,depth,4,f1@0.75,0.0279720279720279
W028,raw,depth,4,miou,0.1548560143550227
W028,raw,depth,4,n_pred,1.4545454545454546
W028,raw,depth,4,n_reg,1.818181818181818
W028,raw,depth,6,f1@0.5,0.1804861804861804
W028,raw,depth,6,f1@0.75,0.0419580419580419
W028,raw,depth,6,miou,0.1574295505172497
W028,raw,depth,6,n_pred,1.4545454545454546
W028,raw,depth,6,n_reg,1.818181818181818
W028,raw,depth,8,f1@0.5,0.1804861804861804
W028,raw,depth,8,f1@0.75,0.0279720279720279
W028,raw,depth,8,miou,0.148534714563455
W028,raw,depth,8,n_pred,1.3636363636363635
W028,raw,depth,8,n_reg,1.7272727272727273
W028,raw,depth,12,f1@0.5,0.1385281385281385
W028,raw,depth,12,f1@0.75,0.0
W028,raw,depth,12,miou,0.1086444078034078
W028,raw,depth,12,n_pred,1.0
W028,raw,depth,12,n_reg,1.0
W028,raw,depth,16,f1@0.5,0.1804861804861804
W028,raw,depth,16,f1@0.75,0.0419580419580419
W028,raw,depth,16,miou,0.1578781175809804
W028,raw,depth,16,n_pred,1.4545454545454546
W028,raw,depth,16,n_reg,1.818181818181818
W028,raw,depth,24,f1@0.5,0.1804861804861804
W028,raw,depth,24,f1@0.75,0.0419580419580419
W028,raw,depth,24,miou,0.1575654526678807
W028,raw,depth,24,n_pred,1.4545454545454546
W028,raw,depth,24,n_reg,1.818181818181818
W028,raw,depth,32,f1@0.5,0.1804861804861804
W028,raw,depth,32,f1@0.75,0.0419580419580419
W028,raw,depth,32,miou,0.1574886246442526
W028,raw,depth,32,n_pred,1.4545454545454546
W028,raw,depth,32,n_reg,1.818181818181818
W028,raw,depth,48,f1@0.5,0.1804861804861804
W028,raw,depth,48,f1@0.75,0.0419580419580419
W028,raw,depth,48,miou,0.1574708998525104
W028,raw,depth,48,n_pred,1.4545454545454546
W028,raw,depth,48,n_reg,1.818181818181818
W028,raw,normal,4,f1@0.5,0.5327036599763872
W028,raw,normal,4,f1@0.75,0.2927981109799292
W028,raw,normal,4,miou,0.5076554782728517
W028,raw,normal,4,n_pred,4.2727272727272725
W028,raw,normal,4,n_reg,4.727272727272728
W028,raw,normal,6,f1@0.5,0.5079920079920079
W028,raw,normal,6,f1@0.75,0.2636252636252636
W028,raw,normal,6,miou,0.4501522116548749
W028,raw,normal,6,n_pred,3.0
W028,raw,normal,6,n_reg,3.0
W028,raw,normal,8,f1@0.5,0.5089133089133089
W028,raw,normal,8,f1@0.75,0.2864246864246864
W028,raw,normal,8,miou,0.4621120538385979
W028,raw,normal,8,n_pred,3.5454545454545454
W028,raw,normal,8,n_reg,3.909090909090909
W028,raw,normal,12,f1@0.5,0.52081857536403
W028,raw,normal,12,f1@0.75,0.2931654204381477
W028,raw,normal,12,miou,0.5078065446796282
W028,raw,normal,12,n_pred,4.2727272727272725
W028,raw,normal,12,n_reg,4.727272727272728
W028,raw,normal,16,f1@0.5,0.5147579693034238
W028,raw,normal,16,f1@0.75,0.3093270365997638
W028,raw,normal,16,miou,0.5041230641132867
W028,raw,normal,16,n_pred,4.363636363636363
W028,raw,normal,16,n_reg,4.727272727272728
W028,raw,normal,24,f1@0.5,0.4886446886446886
W028,raw,normal,24,f1@0.75,0.2874014874014874
W028,raw,normal,24,miou,0.4345537526556564
W028,raw,normal,24,n_pred,3.4545454545454546
W028,raw,normal,24,n_reg,3.727272727272727
W028,raw,normal,32,f1@0.5,0.5147579693034238
W028,raw,normal,32,f1@0.75,0.2911452184179456
W028,raw,normal,32,miou,0.5004374320045883
W028,raw,normal,32,n_pred,4.363636363636363
W028,raw,normal,32,n_reg,4.727272727272728
W028,raw,normal,48,f1@0.5,0.5147579693034238
W028,raw,normal,48,f1@0.75,0.2911452184179456
W028,raw,normal,48,miou,0.4922725092224392
W028,raw,normal,48,n_pred,4.363636363636363
W028,raw,normal,48,n_reg,4.727272727272728
W028,raw,rgb,4,f1@0.5,0.5848484848484848
W028,raw,rgb,4,f1@0.75,0.3325757575757576
W028,raw,rgb,4,miou,0.536928600684404
W028,raw,rgb,4,n_pred,5.2727272727272725
W028,raw,rgb,4,n_reg,5.454545454545454
W028,raw,rgb,6,f1@0.5,0.4991327300150829
W028,raw,rgb,6,f1@0.75,0.2877823157234921
W028,raw,rgb,6,miou,0.5665618024713777
W028,raw,rgb,6,n_pred,7.0
W028,raw,rgb,6,n_reg,7.636363636363637
W028,raw,rgb,8,f1@0.5,0.3652014652014652
W028,raw,rgb,8,f1@0.75,0.2265401265401265
W028,raw,rgb,8,miou,0.3683782795594008
W028,raw,rgb,8,n_pred,5.181818181818182
W028,raw,rgb,8,n_reg,5.636363636363637
W028,raw,rgb,12,f1@0.5,0.4632316084328468
W028,raw,rgb,12,f1@0.75,0.2759927894602817
W028,raw,rgb,12,miou,0.5045755203703446
W028,raw,rgb,12,n_pred,8.272727272727273
W028,raw,rgb,12,n_reg,8.727272727272727
W028,raw,rgb,16,f1@0.5,0.3880687733319312
W028,raw,rgb,16,f1@0.75,0.233900660742766
W028,raw,rgb,16,miou,0.4772946268686233
W028,raw,rgb,16,n_pred,8.909090909090908
W028,raw,rgb,16,n_reg,10.090909090909092
W028,raw,rgb,24,f1@0.5,0.4555785123966942
W028,raw,rgb,24,f1@0.75,0.3240102321920504
W028,raw,rgb,24,miou,0.5762728219664252
W028,raw,rgb,24,n_pred,9.272727272727272
W028,raw,rgb,24,n_reg,10.181818181818182
W028,raw,rgb,32,f1@0.5,0.5113478816687373
W028,raw,rgb,32,f1@0.75,0.3659117917139307
W028,raw,rgb,32,miou,0.6821934679393362
W028,raw,rgb,32,n_pred,10.909090909090908
W028,raw,rgb,32,n_reg,12.272727272727272
W028,raw,rgb,48,f1@0.5,0.4757153464583805
W028,raw,rgb,48,f1@0.75,0.3388349352745637
W028,raw,rgb,48,miou,0.6784053583518047
W028,raw,rgb,48,n_pred,12.545454545454543
W028,raw,rgb,48,n_reg,13.909090909090908
W029,merged,depth,4,f1@0.5,0.5868534080298786
W029,merged,depth,4,f1@0.75,0.3680485527544351
W029,merged,depth,4,miou,0.5577151882583821
W029,merged,depth,4,n_pred,5.0
W029,merged,depth,4,n_reg,5.0
W029,merged,depth,6,f1@0.5,0.6649922600619196
W029,merged,depth,6,f1@0.75,0.47906346749226
W029,merged,depth,6,miou,0.5883347301210601
W029,merged,depth,6,n_pred,6.5
W029,merged,depth,6,n_reg,6.7
W029,merged,depth,8,f1@0.5,0.7174922600619195
W029,merged,depth,8,f1@0.75,0.5008281733746129
W029,merged,depth,8,miou,0.6090490127027903
W029,merged,depth,8,n_pred,6.5
W029,merged,depth,8,n_reg,6.7
W029,merged,depth,12,f1@0.5,0.693954248366013
W029,merged,depth,12,f1@0.75,0.5004084967320261
W029,merged,depth,12,miou,0.6348511335445381
W029,merged,depth,12,n_pred,6.9
W029,merged,depth,12,n_reg,7.1
W029,merged,depth,16,f1@0.5,0.745718954248366
W029,merged,depth,16,f1@0.75,0.5332843137254902
W029,merged,depth,16,miou,0.6546897036582575
W029,merged,depth,16,n_pred,6.9
W029,merged,depth,16,n_reg,7.1
W029,merged,depth,24,f1@0.5,0.693954248366013
W029,merged,depth,24,f1@0.75,0.5004084967320261
W029,merged,depth,24,miou,0.6368449819218966
W029,merged,depth,24,n_pred,6.9
W029,merged,depth,24,n_reg,7.1
W029,merged,depth,32,f1@0.5,0.693954248366013
W029,merged,depth,32,f1@0.75,0.5004084967320261
W029,merged,depth,32,miou,0.6392816730318466
W029,merged,depth,32,n_pred,6.9
W029,merged,depth,32,n_reg,7.1
W029,merged,depth,48,f1@0.5,0.693954248366013
W029,merged,depth,48,f1@0.75,0.5004084967320261
W029,merged,depth,48,miou,0.6392281483955761
W029,merged,depth,48,n_pred,6.9
W029,merged,depth,48,n_reg,7.1
W029,merged,normal,4,f1@0.5,0.2461624649859944
W029,merged,normal,4,f1@0.75,0.131484593837535
W029,merged,normal,4,miou,0.2389456419054549
W029,merged,normal,4,n_pred,4.9
W029,merged,normal,4,n_reg,4.9
W029,merged,normal,6,f1@0.5,0.2938888888888888
W029,merged,normal,6,f1@0.75,0.2466666666666666
W029,merged,normal,6,miou,0.3158050106286613
W029,merged,normal,6,n_pred,5.9
W029,merged,normal,6,n_reg,5.9
W029,merged,normal,8,f1@0.5,0.2727731092436974
W029,merged,normal,8,f1@0.75,0.2616619981325864
W029,merged,normal,8,miou,0.2551196786475319
W029,merged,normal,8,n_pred,5.0
W029,merged,normal,8,n_reg,5.0
W029,merged,normal,12,f1@0.5,0.4999739544940783
W029,merged,normal,12,f1@0.75,0.4481591232984422
W029,merged,normal,12,miou,0.3226647860397563
W029,merged,normal,12,n_pred,7.6
W029,merged,normal,12,n_reg,7.6
W029,merged,normal,16,f1@0.5,0.608299409494052
W029,merged,normal,16,f1@0.75,0.5618047142579381
W029,merged,normal,16,miou,0.4158671468538134
W029,merged,normal,16,n_pred,8.7
W029,merged,normal,16,n_reg,8.9
W029,merged,normal,24,f1@0.5,0.5161854240343943
W029,merged,normal,24,f1@0.75,0.3481651757853131
W029,merged,normal,24,miou,0.5827601569133555
W029,merged,normal,24,n_pred,9.6
W029,merged,normal,24,n_reg,9.6
W029,merged,normal,32,f1@0.5,0.4751279714437609
W029,merged,normal,32,f1@0.75,0.3934540897698792
W029,merged,normal,32,miou,0.413836710445947
W029,merged,normal,32,n_pred,8.0
W029,merged,normal,32,n_reg,8.3
W029,merged,normal,48,f1@0.5,0.5351665395372489
W029,merged,normal,48,f1@0.75,0.4415242817187897
W029,merged,normal,48,miou,0.5521137059207851
W029,merged,normal,48,n_pred,9.4
W029,merged,normal,48,n_reg,9.6
W029,merged,rgb,4,f1@0.5,0.6440359477124182
W029,merged,rgb,4,f1@0.75,0.4316176470588235
W029,merged,rgb,4,miou,0.5261939917177461
W029,merged,rgb,4,n_pred,6.4
W029,merged,rgb,4,n_reg,6.4
W029,merged,rgb,6,f1@0.5,0.7217320261437908
W029,merged,rgb,6,f1@0.75,0.5556045751633987
W029,merged,rgb,6,miou,0.5674288469628099
W029,merged,rgb,6,n_pred,7.4
W029,merged,rgb,6,n_reg,7.4
W029,merged,rgb,8,f1@0.5,0.7077003783969729
W029,merged,rgb,8,f1@0.75,0.5832688338493293
W029,merged,rgb,8,miou,0.5683308532004718
W029,merged,rgb,8,n_pred,7.2
W029,merged,rgb,8,n_reg,7.2
W029,merged,rgb,12,f1@0.5,0.8105303812114958
W029,merged,rgb,12,f1@0.75,0.6861825687212685
W029,merged,rgb,12,miou,0.624013598922885
W029,merged,rgb,12,n_pred,8.9
W029,merged,rgb,12,n_reg,8.9
W029,merged,rgb,16,f1@0.5,0.8643554538520213
W029,merged,rgb,16,f1@0.75,0.728321891685736
W029,merged,rgb,16,miou,0.7470962183030807
W029,merged,rgb,16,n_pred,9.8
W029,merged,rgb,16,n_reg,9.8
W029,merged,rgb,24,f1@0.5,0.8614569031273837
W029,merged,rgb,24,f1@0.75,0.7261479786422578
W029,merged,rgb,24,miou,0.7458963374454404
W029,merged,rgb,24,n_pred,9.9
W029,merged,rgb,24,n_reg,9.9
W029,merged,rgb,32,f1@0.5,0.8614569031273837
W029,merged,rgb,32,f1@0.75,0.7344813119755911
W029,merged,rgb,32,miou,0.752584477972531
W029,merged,rgb,32,n_pred,9.9
W029,merged,rgb,32,n_reg,9.9
W029,merged,rgb,48,f1@0.5,0.8697902364607171
W029,merged,rgb,48,f1@0.75,0.7344813119755911
W029,merged,rgb,48,miou,0.7545059026671729
W029,merged,rgb,48,n_pred,9.9
W029,merged,rgb,48,n_reg,9.9
W029,raw,depth,4,f1@0.5,0.5868534080298786
W029,raw,depth,4,f1@0.75,0.3680485527544351
W029,raw,depth,4,miou,0.5577151882583821
W029,raw,depth,4,n_pred,5.0
W029,raw,depth,4,n_reg,5.0
W029,raw,depth,6,f1@0.5,0.6649922600619196
W029,raw,depth,6,f1@0.75,0.47906346749226
W029,raw,depth,6,miou,0.5883347301210601
W029,raw,depth,6,n_pred,6.5
W029,raw,depth,6,n_reg,7.0
W029,raw,depth,8,f1@0.5,0.6273879551820729
W029,raw,depth,8,f1@0.75,0.4517553688141923
W029,raw,depth,8,miou,0.6090490127027903
W029,raw,depth,8,n_pred,7.5
W029,raw,depth,8,n_reg,8.0
W029,raw,depth,12,f1@0.5,0.6871755368814192
W029,raw,depth,12,f1@0.75,0.4965429505135387
W029,raw,depth,12,miou,0.6348511335445381
W029,raw,depth,12,n_pred,7.1
W029,raw,depth,12,n_reg,7.6
W029,raw,depth,16,f1@0.5,0.64947579510273
W029,raw,depth,16,f1@0.75,0.4690802317737302
W029,raw,depth,16,miou,0.6546897036582575
W029,raw,depth,16,n_pred,8.1
W029,raw,depth,16,n_reg,8.6
W029,raw,depth,24,f1@0.5,0.6871755368814192
W029,raw,depth,24,f1@0.75,0.4965429505135387
W029,raw,depth,24,miou,0.6368449819218966
W029,raw,depth,24,n_pred,7.1
W029,raw,depth,24,n_reg,7.6
W029,raw,depth,32,f1@0.5,0.6871755368814192
W029,raw,depth,32,f1@0.75,0.4965429505135387
W029,raw,depth,32,miou,0.6392816730318466
W029,raw,depth,32,n_pred,7.1
W029,raw,depth,32,n_reg,7.6
W029,raw,depth,48,f1@0.5,0.6871755368814192
W029,raw,depth,48,f1@0.75,0.4965429505135387
W029,raw,depth,48,miou,0.6392281483955761
W029,raw,depth,48,n_pred,7.1
W029,raw,depth,48,n_reg,7.6
W029,raw,normal,4,f1@0.5,0.2461624649859944
W029,raw,normal,4,f1@0.75,0.131484593837535
W029,raw,normal,4,miou,0.2389456419054549
W029,raw,normal,4,n_pred,4.9
W029,raw,normal,4,n_reg,4.9
W029,raw,normal,6,f1@0.5,0.2844977640178878
W029,raw,normal,6,f1@0.75,0.2399157206742346
W029,raw,normal,6,miou,0.3158050106286613
W029,raw,normal,6,n_pred,6.4
W029,raw,normal,6,n_reg,6.8
W029,raw,normal,8,f1@0.5,0.2632539682539682
W029,raw,normal,8,f1@0.75,0.2521428571428571
W029,raw,normal,8,miou,0.2551196786475319
W029,raw,normal,8,n_pred,5.6
W029,raw,normal,8,n_reg,5.9
W029,raw,normal,12,f1@0.5,0.4655252212527754
W029,raw,normal,12,f1@0.75,0.3231391312505863
W029,raw,normal,12,miou,0.3226647860397563
W029,raw,normal,12,n_pred,9.0
W029,raw,normal,12,n_reg,9.0
W029,raw,normal,16,f1@0.5,0.5051199677515467
W029,raw,normal,16,f1@0.75,0.3519397970450602
W029,raw,normal,16,miou,0.4158671468538134
W029,raw,normal,16,n_pred,12.2
W029,raw,normal,16,n_reg,12.7
W029,raw,normal,24,f1@0.5,0.4566749375719627
W029,raw,normal,24,f1@0.75,0.3153107030269501
W029,raw,normal,24,miou,0.5827601569133555
W029,raw,normal,24,n_pred,11.8
W029,raw,normal,24,n_reg,12.1
W029,raw,normal,32,f1@0.5,0.4192751039809863
W029,raw,normal,32,f1@0.75,0.277361853832442
W029,raw,normal,32,miou,0.413836710445947
W029,raw,normal,32,n_pred,10.4
W029,raw,normal,32,n_reg,10.7
W029,raw,normal,48,f1@0.5,0.4511574682627314
W029,raw,normal,48,f1@0.75,0.3392225708015182
W029,raw,normal,48,miou,0.5521137059207851
W029,raw,normal,48,n_pred,12.6
W029,raw,normal,48,n_reg,12.8
W029,raw,rgb,4,f1@0.5,0.6252708978328173
W029,raw,rgb,4,f1@0.75,0.4212074303405573
W029,raw,rgb,4,miou,0.5261939917177461
W029,raw,rgb,4,n_pred,6.9
W029,raw,rgb,4,n_reg,7.0
W029,raw,rgb,6,f1@0.5,0.5354118993135011
W029,raw,rgb,6,f1@0.75,0.3949286259126076
W029,raw,rgb,6,miou,0.5674288469628099
W029,raw,rgb,6,n_pred,10.5
W029,raw,rgb,6,n_reg,11.0
W029,raw,rgb,8,f1@0.5,0.5094278482768185
W029,raw,rgb,8,f1@0.75,0.3511393800707302
W029,raw,rgb,8,miou,0.5683308532004718
W029,raw,rgb,8,n_pred,11.6
W029,raw,rgb,8,n_reg,12.5
W029,raw,rgb,12,f1@0.5,0.5972673381369034
W029,raw,rgb,12,f1@0.75,0.437325154716459
W029,raw,rgb,12,miou,0.624013598922885
W029,raw,rgb,12,n_pred,13.7
W029,raw,rgb,12,n_reg,15.0
W029,raw,rgb,16,f1@0.5,0.6761144652449
W029,raw,rgb,16,f1@0.75,0.4946075663466968
W029,raw,rgb,16,miou,0.7470962183030807
W029,raw,rgb,16,n_pred,14.2
W029,raw,rgb,16,n_reg,15.2
W029,raw,rgb,24,f1@0.5,0.6252772874141062
W029,raw,rgb,24,f1@0.75,0.4633569382045467
W029,raw,rgb,24,miou,0.7458963374454404
W029,raw,rgb,24,n_pred,15.7
W029,raw,rgb,24,n_reg,17.3
W029,raw,rgb,32,f1@0.5,0.611722010695532
W029,raw,rgb,32,f1@0.75,0.4473417594721701
W029,raw,rgb,32,miou,0.752584477972531
W029,raw,rgb,32,n_pred,16.6
W029,raw,rgb,32,n_reg,18.3
W029,raw,rgb,48,f1@0.5,0.5739260429845985
W029,raw,rgb,48,f1@0.75,0.4306938859410809
W029,raw,rgb,48,miou,0.7545059026671729
W029,raw,rgb,48,n_pred,17.6
W029,raw,rgb,48,n_reg,19.3
W030,merged,depth,4,f1@0.5,0.6214198598099526
W030,merged,depth,4,f1@0.75,0.4184203825070698
W030,merged,depth,4,miou,0.5714087308647499
W030,merged,depth,4,n_pred,5.0
W030,merged,depth,4,n_reg,5.0
W030,merged,depth,6,f1@0.5,0.7303030303030303
W030,merged,depth,6,f1@0.75,0.4580808080808081
W030,merged,depth,6,miou,0.5929390484944694
W030,merged,depth,6,n_pred,6.0
W030,merged,depth,6,n_reg,6.0
W030,merged,depth,8,f1@0.5,0.7303030303030303
W030,merged,depth,8,f1@0.75,0.4785353535353536
W030,merged,depth,8,miou,0.592505807722867
W030,merged,depth,8,n_pred,6.0
W030,merged,depth,8,n_reg,6.0
W030,merged,depth,12,f1@0.5,0.6473938857839786
W030,merged,depth,12,f1@0.75,0.4883411737900902
W030,merged,depth,12,miou,0.4874383486951485
W030,merged,depth,12,n_pred,5.0
W030,merged,depth,12,n_reg,5.0
W030,merged,depth,16,f1@0.5,0.7303030303030303
W030,merged,depth,16,f1@0.75,0.4671717171717172
W030,merged,depth,16,miou,0.5895766411495681
W030,merged,depth,16,n_pred,6.0
W030,merged,depth,16,n_reg,6.0
W030,merged,depth,24,f1@0.5,0.7303030303030303
W030,merged,depth,24,f1@0.75,0.4671717171717172
W030,merged,depth,24,miou,0.5897583368063635
W030,merged,depth,24,n_pred,6.0
W030,merged,depth,24,n_reg,6.0
W030,merged,depth,32,f1@0.5,0.7303030303030303
W030,merged,depth,32,f1@0.75,0.4580808080808081
W030,merged,depth,32,miou,0.5927429469250812
W030,merged,depth,32,n_pred,6.0
W030,merged,depth,32,n_reg,6.0
W030,merged,depth,48,f1@0.5,0.7393939393939394
W030,merged,depth,48,f1@0.75,0.4580808080808081
W030,merged,depth,48,miou,0.5975247648044825
W030,merged,depth,48,n_pred,6.0
W030,merged,depth,48,n_reg,6.0
W030,merged,normal,4,f1@0.5,0.5981134878193702
W030,merged,normal,4,f1@0.75,0.4768865121806298
W030,merged,normal,4,miou,0.5498148339083516
W030,merged,normal,4,n_pred,6.181818181818182
W030,merged,normal,4,n_reg,6.181818181818182
W030,merged,normal,6,f1@0.5,0.7443526170798898
W030,merged,normal,6,f1@0.75,0.6250364608653378
W030,merged,normal,6,miou,0.5687689177546106
W030,merged,normal,6,n_pred,7.909090909090909
W030,merged,normal,6,n_reg,7.909090909090909
W030,merged,normal,8,f1@0.5,0.7514472455648925
W030,merged,normal,8,f1@0.75,0.6059948221712927
W030,merged,normal,8,miou,0.5185588625878722
W030,merged,normal,8,n_pred,7.363636363636363
W030,merged,normal,8,n_reg,7.454545454545454
W030,merged,normal,12,f1@0.5,0.7806901971661696
W030,merged,normal,12,f1@0.75,0.6358518166298487
W030,merged,normal,12,miou,0.6378507228671673
W030,merged,normal,12,n_pred,8.818181818181818
W030,merged,normal,12,n_reg,8.818181818181818
W030,merged,normal,16,f1@0.5,0.7850951489395425
W030,merged,normal,16,f1@0.75,0.6326620239663717
W030,merged,normal,16,miou,0.6415230217426736
W030,merged,normal,16,n_pred,8.909090909090908
W030,merged,normal,16,n_reg,8.909090909090908
W030,merged,normal,24,f1@0.5,0.7976323891888203
W030,merged,normal,24,f1@0.75,0.649129630103455
W030,merged,normal,24,miou,0.6208329185445911
W030,merged,normal,24,n_pred,8.181818181818182
W030,merged,normal,24,n_reg,8.363636363636363
W030,merged,normal,32,f1@0.5,0.7809047411918225
W030,merged,normal,32,f1@0.75,0.6359044995408631
W030,merged,normal,32,miou,0.6404064795169337
W030,merged,normal,32,n_pred,8.727272727272727
W030,merged,normal,32,n_reg,8.909090909090908
W030,merged,normal,48,f1@0.5,0.804171464148948
W030,merged,normal,48,f1@0.75,0.646099327073152
W030,merged,normal,48,miou,0.6284590642805059
W030,merged,normal,48,n_pred,8.272727272727273
W030,merged,normal,48,n_reg,8.454545454545455
W030,merged,rgb,4,f1@0.5,0.7512569302042986
W030,merged,rgb,4,f1@0.75,0.5855686453209673
W030,merged,rgb,4,miou,0.5510921468046605
W030,merged,rgb,4,n_pred,7.909090909090909
W030,merged,rgb,4,n_reg,7.909090909090909
W030,merged,rgb,6,f1@0.5,0.7448773448773448
W030,merged,rgb,6,f1@0.75,0.6064086240556829
W030,merged,rgb,6,miou,0.5511972264727635
W030,merged,rgb,6,n_pred,7.818181818181818
W030,merged,rgb,6,n_reg,7.818181818181818
W030,merged,rgb,8,f1@0.5,0.7448773448773448
W030,merged,rgb,8,f1@0.75,0.6064086240556829
W030,merged,rgb,8,miou,0.5513530067164661
W030,merged,rgb,8,n_pred,7.818181818181818
W030,merged,rgb,8,n_reg,7.818181818181818
W030,merged,rgb,12,f1@0.5,0.7558144372789681
W030,merged,rgb,12,f1@0.75,0.529995278050198
W030,merged,rgb,12,miou,0.670741138787151
W030,merged,rgb,12,n_pred,8.818181818181818
W030,merged,rgb,12,n_reg,8.818181818181818
W030,merged,rgb,16,f1@0.5,0.8174685726173141
W030,merged,rgb,16,f1@0.75,0.6506681724073028
W030,merged,rgb,16,miou,0.6847345925191991
W030,merged,rgb,16,n_pred,8.909090909090908
W030,merged,rgb,16,n_reg,9.0
W030,merged,rgb,24,f1@0.5,0.8174685726173141
W030,merged,rgb,24,f1@0.75,0.6506681724073028
W030,merged,rgb,24,miou,0.6834234944804707
W030,merged,rgb,24,n_pred,8.909090909090908
W030,merged,rgb,24,n_reg,8.909090909090908
W030,merged,rgb,32,f1@0.5,0.7558144372789681
W030,merged,rgb,32,f1@0.75,0.5277994062891088
W030,merged,rgb,32,miou,0.6684774072073341
W030,merged,rgb,32,n_pred,8.818181818181818
W030,merged,rgb,32,n_reg,8.818181818181818
W030,merged,rgb,48,f1@0.5,0.7895896766710163
W030,merged,rgb,48,f1@0.75,0.5912184041370644
W030,merged,rgb,48,miou,0.6590057423856819
W030,merged,rgb,48,n_pred,8.636363636363637
W030,merged,rgb,48,n_reg,8.727272727272727
W030,raw,depth,4,f1@0.5,0.6214198598099526
W030,raw,depth,4,f1@0.75,0.4184203825070698
W030,raw,depth,4,miou,0.5714087308647499
W030,raw,depth,4,n_pred,5.0
W030,raw,depth,4,n_reg,5.0
W030,raw,depth,6,f1@0.5,0.7303030303030303
W030,raw,depth,6,f1@0.75,0.4580808080808081
W030,raw,depth,6,miou,0.5929390484944694
W030,raw,depth,6,n_pred,6.0
W030,raw,depth,6,n_reg,6.0
W030,raw,depth,8,f1@0.5,0.7303030303030303
W030,raw,depth,8,f1@0.75,0.4785353535353536
W030,raw,depth,8,miou,0.592505807722867
W030,raw,depth,8,n_pred,6.0
W030,raw,depth,8,n_reg,6.0
W030,raw,depth,12,f1@0.5,0.6473938857839786
W030,raw,depth,12,f1@0.75,0.4883411737900902
W030,raw,depth,12,miou,0.4874383486951485
W030,raw,depth,12,n_pred,5.0
W030,raw,depth,12,n_reg,5.0
W030,raw,depth,16,f1@0.5,0.7303030303030303
W030,raw,depth,16,f1@0.75,0.4671717171717172
W030,raw,depth,16,miou,0.5895766411495681
W030,raw,depth,16,n_pred,6.0
W030,raw,depth,16,n_reg,6.0
W030,raw,depth,24,f1@0.5,0.7303030303030303
W030,raw,depth,24,f1@0.75,0.4671717171717172
W030,raw,depth,24,miou,0.5897583368063635
W030,raw,depth,24,n_pred,6.0
W030,raw,depth,24,n_reg,6.0
W030,raw,depth,32,f1@0.5,0.7303030303030303
W030,raw,depth,32,f1@0.75,0.4580808080808081
W030,raw,depth,32,miou,0.5927429469250812
W030,raw,depth,32,n_pred,6.0
W030,raw,depth,32,n_reg,6.0
W030,raw,depth,48,f1@0.5,0.6961923525391017
W030,raw,depth,48,f1@0.75,0.4313742243308807
W030,raw,depth,48,miou,0.5975247648044825
W030,raw,depth,48,n_pred,7.0
W030,raw,depth,48,n_reg,7.0
W030,raw,normal,4,f1@0.5,0.5380543401933777
W030,raw,normal,4,f1@0.75,0.3573596931885702
W030,raw,normal,4,miou,0.5498148339083516
W030,raw,normal,4,n_pred,8.0
W030,raw,normal,4,n_reg,8.0
W030,raw,normal,6,f1@0.5,0.7019393014816355
W030,raw,normal,6,f1@0.75,0.4928493830095661
W030,raw,normal,6,miou,0.5687689177546106
W030,raw,normal,6,n_pred,9.0
W030,raw,normal,6,n_reg,9.0
W030,raw,normal,8,f1@0.5,0.6368400339692205
W030,raw,normal,8,f1@0.75,0.4573140841083425
W030,raw,normal,8,miou,0.5185588625878722
W030,raw,normal,8,n_pred,8.909090909090908
W030,raw,normal,8,n_reg,9.0
W030,raw,normal,12,f1@0.5,0.6565638314254915
W030,raw,normal,12,f1@0.75,0.4845579453484591
W030,raw,normal,12,miou,0.6378507228671673
W030,raw,normal,12,n_pred,10.909090909090908
W030,raw,normal,12,n_reg,11.0
W030,raw,normal,16,f1@0.5,0.6565638314254915
W030,raw,normal,16,f1@0.75,0.4845579453484591
W030,raw,normal,16,miou,0.6415230217426736
W030,raw,normal,16,n_pred,10.909090909090908
W030,raw,normal,16,n_reg,11.0
W030,raw,normal,24,f1@0.5,0.6816568010035869
W030,raw,normal,24,f1@0.75,0.5007571930184787
W030,raw,normal,24,miou,0.6208329185445911
W030,raw,normal,24,n_pred,9.818181818181818
W030,raw,normal,24,n_reg,10.0
W030,raw,normal,32,f1@0.5,0.6577759526376127
W030,raw,normal,32,f1@0.75,0.48546703625755
W030,raw,normal,32,miou,0.6405130566474423
W030,raw,normal,32,n_pred,10.818181818181818
W030,raw,normal,32,n_reg,11.0
W030,raw,normal,48,f1@0.5,0.690747710094496
W030,raw,normal,48,f1@0.75,0.5007571930184787
W030,raw,normal,48,miou,0.6284590642805059
W030,raw,normal,48,n_pred,9.818181818181818
W030,raw,normal,48,n_reg,10.0
W030,raw,rgb,4,f1@0.5,0.6200711084214309
W030,raw,rgb,4,f1@0.75,0.4444957164740813
W030,raw,rgb,4,miou,0.5510921468046605
W030,raw,rgb,4,n_pred,9.909090909090908
W030,raw,rgb,4,n_reg,10.0
W030,raw,rgb,6,f1@0.5,0.5530095990965557
W030,raw,rgb,6,f1@0.75,0.3351628082062864
W030,raw,rgb,6,miou,0.5511972264727635
W030,raw,rgb,6,n_pred,11.0
W030,raw,rgb,6,n_reg,11.0
W030,raw,rgb,8,f1@0.5,0.5530095990965557
W030,raw,rgb,8,f1@0.75,0.3351628082062864
W030,raw,rgb,8,miou,0.5513530067164661
W030,raw,rgb,8,n_pred,11.0
W030,raw,rgb,8,n_reg,11.0
W030,raw,rgb,12,f1@0.5,0.5014296814296815
W030,raw,rgb,12,f1@0.75,0.3289107189107189
W030,raw,rgb,12,miou,0.670741138787151
W030,raw,rgb,12,n_pred,14.727272727272728
W030,raw,rgb,12,n_reg,15.0
W030,raw,rgb,16,f1@0.5,0.5538470956652776
W030,raw,rgb,16,f1@0.75,0.3485152221515858
W030,raw,rgb,16,miou,0.6847345925191991
W030,raw,rgb,16,n_pred,14.272727272727272
W030,raw,rgb,16,n_reg,14.818181818181818
W030,raw,rgb,24,f1@0.5,0.5309042809042809
W030,raw,rgb,24,f1@0.75,0.3246105746105746
W030,raw,rgb,24,miou,0.6834234944804707
W030,raw,rgb,24,n_pred,16.0
W030,raw,rgb,24,n_reg,16.818181818181817
W030,raw,rgb,32,f1@0.5,0.4650701533460154
W030,raw,rgb,32,f1@0.75,0.2972826407309166
W030,raw,rgb,32,miou,0.6684774072073341
W030,raw,rgb,32,n_pred,16.727272727272727
W030,raw,rgb,32,n_reg,17.0
W030,raw,rgb,48,f1@0.5,0.474026714026714
W030,raw,rgb,48,f1@0.75,0.2988500388500388
W030,raw,rgb,48,miou,0.6590057423856819
W030,raw,rgb,48,n_pred,16.545454545454547
W030,raw,rgb,48,n_reg,17.0
W031,merged,depth,4,f1@0.5,0.2626677244324303
W031,merged,depth,4,f1@0.75,0.1926842765078059
W031,merged,depth,4,miou,0.3225080950536323
W031,merged,depth,4,n_pred,3.0
W031,merged,depth,4,n_reg,3.0
W031,merged,depth,6,f1@0.5,0.2626677244324303
W031,merged,depth,6,f1@0.75,0.1926842765078059
W031,merged,depth,6,miou,0.3202072356125683
W031,merged,depth,6,n_pred,3.0
W031,merged,depth,6,n_reg,3.0
W031,merged,depth,8,f1@0.5,0.2626677244324303
W031,merged,depth,8,f1@0.75,0.2626677244324303
W031,merged,depth,8,miou,0.3476306183563398
W031,merged,depth,8,n_pred,3.0
W031,merged,depth,8,n_reg,3.0
W031,merged,depth,12,f1@0.5,0.2496807114454173
W031,merged,depth,12,f1@0.75,0.2496807114454173
W031,merged,depth,12,miou,0.341914577435797
W031,merged,depth,12,n_pred,3.0
W031,merged,depth,12,n_reg,3.0
W031,merged,depth,16,f1@0.5,0.3574102368220015
W031,merged,depth,16,f1@0.75,0.3574102368220015
W031,merged,depth,16,miou,0.3425734986722217
W031,merged,depth,16,n_pred,4.0
W031,merged,depth,16,n_reg,4.0
W031,merged,depth,24,f1@0.5,0.2496807114454173
W031,merged,depth,24,f1@0.75,0.2496807114454173
W031,merged,depth,24,miou,0.3418139297714067
W031,merged,depth,24,n_pred,3.0
W031,merged,depth,24,n_reg,3.0
W031,merged,depth,32,f1@0.5,0.2496807114454173
W031,merged,depth,32,f1@0.75,0.2496807114454173
W031,merged,depth,32,miou,0.3419382080837737
W031,merged,depth,32,n_pred,3.0
W031,merged,depth,32,n_reg,3.0
W031,merged,depth,48,f1@0.5,0.3574102368220015
W031,merged,depth,48,f1@0.75,0.3574102368220015
W031,merged,depth,48,miou,0.3426067047294025
W031,merged,depth,48,n_pred,4.0
W031,merged,depth,48,n_reg,4.0
W031,merged,normal,4,f1@0.5,0.7081194722343048
W031,merged,normal,4,f1@0.75,0.7081194722343048
W031,merged,normal,4,miou,0.6649027888983219
W031,merged,normal,4,n_pred,7.545454545454546
W031,merged,normal,4,n_reg,7.545454545454546
W031,merged,normal,6,f1@0.5,0.6848243197525494
W031,merged,normal,6,f1@0.75,0.5542727341770404
W031,merged,normal,6,miou,0.4892711480410534
W031,merged,normal,6,n_pred,7.363636363636363
W031,merged,normal,6,n_reg,7.454545454545454
W031,merged,normal,8,f1@0.5,0.6360407480376521
W031,merged,normal,8,f1@0.75,0.5479211620852488
W031,merged,normal,8,miou,0.4794716341246483
W031,merged,normal,8,n_pred,6.0
W031,merged,normal,8,n_reg,6.0
W031,merged,normal,12,f1@0.5,0.7896545772143859
W031,merged,normal,12,f1@0.75,0.7699841891229451
W031,merged,normal,12,miou,0.7932457433995638
W031,merged,normal,12,n_pred,8.0
W031,merged,normal,12,n_reg,8.0
W031,merged,normal,16,f1@0.5,0.7646147048060924
W031,merged,normal,16,f1@0.75,0.6260354743608332
W031,merged,normal,16,miou,0.6215950531056249
W031,merged,normal,16,n_pred,7.909090909090909
W031,merged,normal,16,n_reg,7.909090909090909
W031,merged,normal,24,f1@0.5,0.7415729406160029
W031,merged,normal,24,f1@0.75,0.5742215762186638
W031,merged,normal,24,miou,0.6617525019003042
W031,merged,normal,24,n_pred,8.818181818181818
W031,merged,normal,24,n_reg,8.818181818181818
W031,merged,normal,32,f1@0.5,0.7122195985832349
W031,merged,normal,32,f1@0.75,0.5981015690501856
W031,merged,normal,32,miou,0.6629303753231857
W031,merged,normal,32,n_pred,9.181818181818182
W031,merged,normal,32,n_reg,9.272727272727272
W031,merged,normal,48,f1@0.5,0.7336678022760819
W031,merged,normal,48,f1@0.75,0.5990491860265107
W031,merged,normal,48,miou,0.6619457839901289
W031,merged,normal,48,n_pred,8.818181818181818
W031,merged,normal,48,n_reg,8.818181818181818
W031,merged,rgb,4,f1@0.5,0.650794991042669
W031,merged,rgb,4,f1@0.75,0.5677312711368439
W031,merged,rgb,4,miou,0.6048354893580687
W031,merged,rgb,4,n_pred,7.0
W031,merged,rgb,4,n_reg,7.0
W031,merged,rgb,6,f1@0.5,0.6399762131403487
W031,merged,rgb,6,f1@0.75,0.5520890500295534
W031,merged,rgb,6,miou,0.5151415351532544
W031,merged,rgb,6,n_pred,8.181818181818182
W031,merged,rgb,6,n_reg,8.545454545454545
W031,merged,rgb,8,f1@0.5,0.685083201475962
W031,merged,rgb,8,f1@0.75,0.5872141726936817
W031,merged,rgb,8,miou,0.523102379856395
W031,merged,rgb,8,n_pred,8.181818181818182
W031,merged,rgb,8,n_reg,8.272727272727273
W031,merged,rgb,12,f1@0.5,0.7968329825642079
W031,merged,rgb,12,f1@0.75,0.6499089711342676
W031,merged,rgb,12,miou,0.6581836634331093
W031,merged,rgb,12,n_pred,10.090909090909092
W031,merged,rgb,12,n_reg,10.181818181818182
W031,merged,rgb,16,f1@0.5,0.7968329825642079
W031,merged,rgb,16,f1@0.75,0.6585669797922762
W031,merged,rgb,16,miou,0.6627564238174262
W031,merged,rgb,16,n_pred,10.090909090909092
W031,merged,rgb,16,n_reg,10.181818181818182
W031,merged,rgb,24,f1@0.5,0.8054909912222165
W031,merged,rgb,24,f1@0.75,0.6585669797922762
W031,merged,rgb,24,miou,0.6639150934211836
W031,merged,rgb,24,n_pred,10.090909090909092
W031,merged,rgb,24,n_reg,10.181818181818182
W031,merged,rgb,32,f1@0.5,0.8054909912222165
W031,merged,rgb,32,f1@0.75,0.6499089711342676
W031,merged,rgb,32,miou,0.6651306128252252
W031,merged,rgb,32,n_pred,10.090909090909092
W031,merged,rgb,32,n_reg,10.181818181818182
W031,merged,rgb,48,f1@0.5,0.8359854901356877
W031,merged,rgb,48,f1@0.75,0.7002433139982547
W031,merged,rgb,48,miou,0.7357034400920974
W031,merged,rgb,48,n_pred,10.545454545454543
W031,merged,rgb,48,n_reg,10.545454545454543
W031,raw,depth,4,f1@0.5,0.2626677244324303
W031,raw,depth,4,f1@0.75,0.1926842765078059
W031,raw,depth,4,miou,0.3225080950536323
W031,raw,depth,4,n_pred,3.0
W031,raw,depth,4,n_reg,3.0
W031,raw,depth,6,f1@0.5,0.2626677244324303
W031,raw,depth,6,f1@0.75,0.1926842765078059
W031,raw,depth,6,miou,0.3202072356125683
W031,raw,depth,6,n_pred,3.0
W031,raw,depth,6,n_reg,3.0
W031,raw,depth,8,f1@0.5,0.2626677244324303
W031,raw,depth,8,f1@0.75,0.2626677244324303
W031,raw,depth,8,miou,0.3476306183563398
W031,raw,depth,8,n_pred,3.0
W031,raw,depth,8,n_reg,3.0
W031,raw,depth,12,f1@0.5,0.2496807114454173
W031,raw,depth,12,f1@0.75,0.2496807114454173
W031,raw,depth,12,miou,0.341914577435797
W031,raw,depth,12,n_pred,3.0
W031,raw,depth,12,n_reg,3.0
W031,raw,depth,16,f1@0.5,0.3574102368220015
W031,raw,depth,16,f1@0.75,0.3574102368220015
W031,raw,depth,16,miou,0.3425734986722217
W031,raw,depth,16,n_pred,4.0
W031,raw,depth,16,n_reg,4.0
W031,raw,depth,24,f1@0.5,0.2496807114454173
W031,raw,depth,24,f1@0.75,0.2496807114454173
W031,raw,depth,24,miou,0.3418139297714067
W031,raw,depth,24,n_pred,3.0
W031,raw,depth,24,n_reg,3.0
W031,raw,depth,32,f1@0.5,0.2496807114454173
W031,raw,depth,32,f1@0.75,0.2496807114454173
W031,raw,depth,32,miou,0.3419382080837737
W031,raw,depth,32,n_pred,3.0
W031,raw,depth,32,n_reg,3.0
W031,raw,depth,48,f1@0.5,0.3574102368220015
W031,raw,depth,48,f1@0.75,0.3574102368220015
W031,raw,depth,48,miou,0.3426067047294025
W031,raw,depth,48,n_pred,4.0
W031,raw,depth,48,n_reg,4.0
W031,raw,normal,4,f1@0.5,0.6939780580928906
W031,raw,normal,4,f1@0.75,0.6939780580928906
W031,raw,normal,4,miou,0.6649027888983219
W031,raw,normal,4,n_pred,7.909090909090909
W031,raw,normal,4,n_reg,8.0
W031,raw,normal,6,f1@0.5,0.6679715818471799
W031,raw,normal,6,f1@0.75,0.5410350946236113
W031,raw,normal,6,miou,0.4892711480410534
W031,raw,normal,6,n_pred,7.818181818181818
W031,raw,normal,6,n_reg,8.0
W031,raw,normal,8,f1@0.5,0.6360407480376521
W031,raw,normal,8,f1@0.75,0.5479211620852488
W031,raw,normal,8,miou,0.4794716341246483
W031,raw,normal,8,n_pred,6.0
W031,raw,normal,8,n_reg,6.0
W031,raw,normal,12,f1@0.5,0.7523451099902109
W031,raw,normal,12,f1@0.75,0.6396416841600948
W031,raw,normal,12,miou,0.7932457433995638
W031,raw,normal,12,n_pred,9.0
W031,raw,normal,12,n_reg,9.0
W031,raw,normal,16,f1@0.5,0.760893280032036
W031,raw,normal,16,f1@0.75,0.6233773138079358
W031,raw,normal,16,miou,0.6215950531056249
W031,raw,normal,16,n_pred,8.0
W031,raw,normal,16,n_reg,8.0
W031,raw,normal,24,f1@0.5,0.7142480707698099
W031,raw,normal,24,f1@0.75,0.5600037643515905
W031,raw,normal,24,miou,0.6617525019003042
W031,raw,normal,24,n_pred,9.363636363636363
W031,raw,normal,24,n_reg,10.0
W031,raw,normal,32,f1@0.5,0.6802457094947214
W031,raw,normal,32,f1@0.75,0.578106017829338
W031,raw,normal,32,miou,0.6629303753231857
W031,raw,normal,32,n_pred,9.909090909090908
W031,raw,normal,32,n_reg,10.0
W031,raw,normal,48,f1@0.5,0.7195387858795389
W031,raw,normal,48,f1@0.75,0.5941415702389282
W031,raw,normal,48,miou,0.6619457839901289
W031,raw,normal,48,n_pred,9.0
W031,raw,normal,48,n_reg,9.0
W031,raw,rgb,4,f1@0.5,0.650794991042669
W031,raw,rgb,4,f1@0.75,0.5677312711368439
W031,raw,rgb,4,miou,0.6048354893580687
W031,raw,rgb,4,n_pred,7.0
W031,raw,rgb,4,n_reg,7.0
W031,raw,rgb,6,f1@0.5,0.6136755831367856
W031,raw,rgb,6,f1@0.75,0.5290527342430816
W031,raw,rgb,6,miou,0.5151415351532544
W031,raw,rgb,6,n_pred,9.090909090909092
W031,raw,rgb,6,n_reg,9.545454545454543
W031,raw,rgb,8,f1@0.5,0.637732356403045
W031,raw,rgb,8,f1@0.75,0.5618410921302538
W031,raw,rgb,8,miou,0.523102379856395
W031,raw,rgb,8,n_pred,9.090909090909092
W031,raw,rgb,8,n_reg,9.727272727272728
W031,raw,rgb,12,f1@0.5,0.7406521146837353
W031,raw,rgb,12,f1@0.75,0.6175176207192018
W031,raw,rgb,12,miou,0.6581941507394856
W031,raw,rgb,12,n_pred,11.272727272727272
W031,raw,rgb,12,n_reg,12.0
W031,raw,rgb,16,f1@0.5,0.7076445820319338
W031,raw,rgb,16,f1@0.75,0.5969219917836518
W031,raw,rgb,16,miou,0.6627682712848839
W031,raw,rgb,16,n_pred,12.363636363636363
W031,raw,rgb,16,n_reg,13.181818181818182
W031,raw,rgb,24,f1@0.5,0.7459244181378569
W031,raw,rgb,24,f1@0.75,0.6222304836138828
W031,raw,rgb,24,miou,0.6639272384120265
W031,raw,rgb,24,n_pred,11.363636363636363
W031,raw,rgb,24,n_reg,12.181818181818182
W031,raw,rgb,32,f1@0.5,0.6924367727134526
W031,raw,rgb,32,f1@0.75,0.5154869153683382
W031,raw,rgb,32,miou,0.6651418704270399
W031,raw,rgb,32,n_pred,12.363636363636363
W031,raw,rgb,32,n_reg,13.181818181818182
W031,raw,rgb,48,f1@0.5,0.7809418907837881
W031,raw,rgb,48,f1@0.75,0.6608773966481476
W031,raw,rgb,48,miou,0.7357191897198097
W031,raw,rgb,48,n_pred,11.909090909090908
W031,raw,rgb,48,n_reg,12.181818181818182
W032,merged,depth,4,f1@0.5,0.7019548765349007
W032,merged,depth,4,f1@0.75,0.5775586825119063
W032,merged,depth,4,miou,0.6515500875513934
W032,merged,depth,4,n_pred,6.7
W032,merged,depth,4,n_reg,6.7
W032,merged,depth,6,f1@0.5,0.7019548765349007
W032,merged,depth,6,f1@0.75,0.5775586825119063
W032,merged,depth,6,miou,0.6522853381623829
W032,merged,depth,6,n_pred,6.7
W032,merged,depth,6,n_reg,6.7
W032,merged,depth,8,f1@0.5,0.7019548765349007
W032,merged,depth,8,f1@0.75,0.5775586825119063
W032,merged,depth,8,miou,0.6522277850338165
W032,merged,depth,8,n_pred,6.7
W032,merged,depth,8,n_reg,6.7
W032,merged,depth,12,f1@0.5,0.76659232752112
W032,merged,depth,12,f1@0.75,0.6567183332663209
W032,merged,depth,12,miou,0.6645224180376765
W032,merged,depth,12,n_pred,7.7
W032,merged,depth,12,n_reg,7.7
W032,merged,depth,16,f1@0.5,0.7019548765349007
W032,merged,depth,16,f1@0.75,0.5775586825119063
W032,merged,depth,16,miou,0.652454547184443
W032,merged,depth,16,n_pred,6.7
W032,merged,depth,16,n_reg,6.7
W032,merged,depth,24,f1@0.5,0.76659232752112
W032,merged,depth,24,f1@0.75,0.6567183332663209
W032,merged,depth,24,miou,0.6643842075838051
W032,merged,depth,24,n_pred,7.7
W032,merged,depth,24,n_reg,7.7
W032,merged,depth,32,f1@0.5,0.7019548765349007
W032,merged,depth,32,f1@0.75,0.5775586825119063
W032,merged,depth,32,miou,0.652136116166214
W032,merged,depth,32,n_pred,6.7
W032,merged,depth,32,n_reg,6.7
W032,merged,depth,48,f1@0.5,0.7019548765349007
W032,merged,depth,48,f1@0.75,0.5775586825119063
W032,merged,depth,48,miou,0.6519186925797481
W032,merged,depth,48,n_pred,6.7
W032,merged,depth,48,n_reg,6.7
W032,merged,normal,4,f1@0.5,0.4320118924762887
W032,merged,normal,4,f1@0.75,0.3926281389748882
W032,merged,normal,4,miou,0.3215163322922141
W032,merged,normal,4,n_pred,4.7
W032,merged,normal,4,n_reg,4.7
W032,merged,normal,6,f1@0.5,0.5039340776182881
W032,merged,normal,6,f1@0.75,0.467822966507177
W032,merged,normal,6,miou,0.4515995238055064
W032,merged,normal,6,n_pred,6.2
W032,merged,normal,6,n_reg,6.2
W032,merged,normal,8,f1@0.5,0.6872446490557945
W032,merged,normal,8,f1@0.75,0.6255091829395234
W032,merged,normal,8,miou,0.6619026215228689
W032,merged,normal,8,n_pred,7.7
W032,merged,normal,8,n_reg,7.7
W032,merged,normal,12,f1@0.5,0.6872446490557945
W032,merged,normal,12,f1@0.75,0.6255091829395234
W032,merged,normal,12,miou,0.6642135465852494
W032,merged,normal,12,n_pred,7.7
W032,merged,normal,12,n_reg,7.7
W032,merged,normal,16,f1@0.5,0.7299622706304628
W032,merged,normal,16,f1@0.75,0.5946237992874148
W032,merged,normal,16,miou,0.6220909533502312
W032,merged,normal,16,n_pred,8.7
W032,merged,normal,16,n_reg,8.7
W032,merged,normal,24,f1@0.5,0.717978764628381
W032,merged,normal,24,f1@0.75,0.6086469185829799
W032,merged,normal,24,miou,0.5760072534424383
W032,merged,normal,24,n_pred,8.2
W032,merged,normal,24,n_reg,8.2
W032,merged,normal,32,f1@0.5,0.5668443390115216
W032,merged,normal,32,f1@0.75,0.5339685220180577
W032,merged,normal,32,miou,0.5749405135718771
W032,merged,normal,32,n_pred,7.7
W032,merged,normal,32,n_reg,7.7
W032,merged,normal,48,f1@0.5,0.587607718144466
W032,merged,normal,48,f1@0.75,0.5441210442987263
W032,merged,normal,48,miou,0.5507499417544571
W032,merged,normal,48,n_pred,7.0
W032,merged,normal,48,n_reg,7.0
W032,merged,rgb,4,f1@0.5,0.7231640268616981
W032,merged,rgb,4,f1@0.75,0.6198548801671698
W032,merged,rgb,4,miou,0.6402716884819287
W032,merged,rgb,4,n_pred,7.0
W032,merged,rgb,4,n_reg,7.0
W032,merged,rgb,6,f1@0.5,0.8618951579821145
W032,merged,rgb,6,f1@0.75,0.7073051344790475
W032,merged,rgb,6,miou,0.739199974861526
W032,merged,rgb,6,n_pred,9.4
W032,merged,rgb,6,n_reg,9.6
W032,merged,rgb,8,f1@0.5,0.8542028502898068
W032,merged,rgb,8,f1@0.75,0.6989718011457142
W032,merged,rgb,8,miou,0.7372939316293831
W032,merged,rgb,8,n_pred,9.4
W032,merged,rgb,8,n_reg,9.5
W032,merged,rgb,12,f1@0.5,0.8289160703691596
W032,merged,rgb,12,f1@0.75,0.690191916990544
W032,merged,rgb,12,miou,0.7436478218306387
W032,merged,rgb,12,n_pred,10.5
W032,merged,rgb,12,n_reg,10.5
W032,merged,rgb,16,f1@0.5,0.8289160703691596
W032,merged,rgb,16,f1@0.75,0.690191916990544
W032,merged,rgb,16,miou,0.7453023250354411
W032,merged,rgb,16,n_pred,10.5
W032,merged,rgb,16,n_reg,10.5
W032,merged,rgb,24,f1@0.5,0.8289160703691596
W032,merged,rgb,24,f1@0.75,0.6985252503238774
W032,merged,rgb,24,miou,0.7447702768777515
W032,merged,rgb,24,n_pred,10.5
W032,merged,rgb,24,n_reg,10.5
W032,merged,rgb,32,f1@0.5,0.8289160703691596
W032,merged,rgb,32,f1@0.75,0.6827845095831366
W032,merged,rgb,32,miou,0.7426673443127144
W032,merged,rgb,32,n_pred,10.5
W032,merged,rgb,32,n_reg,10.5
W032,merged,rgb,48,f1@0.5,0.8289160703691596
W032,merged,rgb,48,f1@0.75,0.6827845095831366
W032,merged,rgb,48,miou,0.7446610201676337
W032,merged,rgb,48,n_pred,10.5
W032,merged,rgb,48,n_reg,10.5
W032,raw,depth,4,f1@0.5,0.7019548765349007
W032,raw,depth,4,f1@0.75,0.5775586825119063
W032,raw,depth,4,miou,0.6515500875513934
W032,raw,depth,4,n_pred,6.7
W032,raw,depth,4,n_reg,6.7
W032,raw,depth,6,f1@0.5,0.6667183332663209
W032,raw,depth,6,f1@0.75,0.4486370114233891
W032,raw,depth,6,miou,0.6522853381623829
W032,raw,depth,6,n_pred,7.7
W032,raw,depth,6,n_reg,7.7
W032,raw,depth,8,f1@0.5,0.6667183332663209
W032,raw,depth,8,f1@0.75,0.4486370114233891
W032,raw,depth,8,miou,0.6522277850338165
W032,raw,depth,8,n_pred,7.7
W032,raw,depth,8,n_reg,7.7
W032,raw,depth,12,f1@0.5,0.7299622706304628
W032,raw,depth,12,f1@0.75,0.5302658094511641
W032,raw,depth,12,miou,0.6645224180376765
W032,raw,depth,12,n_pred,8.7
W032,raw,depth,12,n_reg,8.7
W032,raw,depth,16,f1@0.5,0.6667183332663209
W032,raw,depth,16,f1@0.75,0.4486370114233891
W032,raw,depth,16,miou,0.652454547184443
W032,raw,depth,16,n_pred,7.7
W032,raw,depth,16,n_reg,7.7
W032,raw,depth,24,f1@0.5,0.7299622706304628
W032,raw,depth,24,f1@0.75,0.5302658094511641
W032,raw,depth,24,miou,0.6643842075838051
W032,raw,depth,24,n_pred,8.7
W032,raw,depth,24,n_reg,8.7
W032,raw,depth,32,f1@0.5,0.6667183332663209
W032,raw,depth,32,f1@0.75,0.4486370114233891
W032,raw,depth,32,miou,0.652136116166214
W032,raw,depth,32,n_pred,7.7
W032,raw,depth,32,n_reg,7.7
W032,raw,depth,48,f1@0.5,0.6667183332663209
W032,raw,depth,48,f1@0.75,0.4486370114233891
W032,raw,depth,48,miou,0.6519186925797481
W032,raw,depth,48,n_pred,7.7
W032,raw,depth,48,n_reg,7.7
W032,raw,normal,4,f1@0.5,0.4320118924762887
W032,raw,normal,4,f1@0.75,0.3926281389748882
W032,raw,normal,4,miou,0.3215163322922141
W032,raw,normal,4,n_pred,4.7
W032,raw,normal,4,n_reg,4.7
W032,raw,normal,6,f1@0.5,0.4990166165627197
W032,raw,normal,6,f1@0.75,0.4636407995692556
W032,raw,normal,6,miou,0.4515995238055064
W032,raw,normal,6,n_pred,6.4
W032,raw,normal,6,n_reg,6.6
W032,raw,normal,8,f1@0.5,0.6872446490557945
W032,raw,normal,8,f1@0.75,0.6255091829395234
W032,raw,normal,8,miou,0.6619026215228689
W032,raw,normal,8,n_pred,7.7
W032,raw,normal,8,n_reg,7.7
W032,raw,normal,12,f1@0.5,0.6872446490557945
W032,raw,normal,12,f1@0.75,0.6255091829395234
W032,raw,normal,12,miou,0.6642135465852494
W032,raw,normal,12,n_pred,7.7
W032,raw,normal,12,n_reg,7.7
W032,raw,normal,16,f1@0.5,0.7299622706304628
W032,raw,normal,16,f1@0.75,0.5946237992874148
W032,raw,normal,16,miou,0.6220909533502312
W032,raw,normal,16,n_pred,8.7
W032,raw,normal,16,n_reg,8.7
W032,raw,normal,24,f1@0.5,0.7008212362262706
W032,raw,normal,24,f1@0.75,0.5946237992874148
W032,raw,normal,24,miou,0.5760072534424383
W032,raw,normal,24,n_pred,8.7
W032,raw,normal,24,n_reg,8.7
W032,raw,normal,32,f1@0.5,0.5668443390115216
W032,raw,normal,32,f1@0.75,0.5339685220180577
W032,raw,normal,32,miou,0.5749405135718771
W032,raw,normal,32,n_pred,7.7
W032,raw,normal,32,n_reg,7.7
W032,raw,normal,48,f1@0.5,0.5668443390115216
W032,raw,normal,48,f1@0.75,0.5256351886847244
W032,raw,normal,48,miou,0.5507499417544571
W032,raw,normal,48,n_pred,7.7
W032,raw,normal,48,n_reg,7.7
W032,raw,rgb,4,f1@0.5,0.7231640268616981
W032,raw,rgb,4,f1@0.75,0.6198548801671698
W032,raw,rgb,4,miou,0.6402716884819287
W032,raw,rgb,4,n_pred,7.0
W032,raw,rgb,4,n_reg,7.0
W032,raw,rgb,6,f1@0.5,0.8572167954090151
W032,raw,rgb,6,f1@0.75,0.7032115672275856
W032,raw,rgb,6,miou,0.739199974861526
W032,raw,rgb,6,n_pred,9.5
W032,raw,rgb,6,n_reg,9.7
W032,raw,rgb,8,f1@0.5,0.8124742191446996
W032,raw,rgb,8,f1@0.75,0.6210530960691144
W032,raw,rgb,8,miou,0.7372939316293831
W032,raw,rgb,8,n_pred,10.5
W032,raw,rgb,8,n_reg,10.6
W032,raw,rgb,12,f1@0.5,0.7232718762718763
W032,raw,rgb,12,f1@0.75,0.5158612128612129
W032,raw,rgb,12,miou,0.7436253903439567
W032,raw,rgb,12,n_pred,13.5
W032,raw,rgb,12,n_reg,13.6
W032,raw,rgb,16,f1@0.5,0.7010499786736668
W032,raw,rgb,16,f1@0.75,0.5290760785663334
W032,raw,rgb,16,miou,0.7452803070511131
W032,raw,rgb,16,n_pred,14.3
W032,raw,rgb,16,n_reg,14.6
W032,raw,rgb,24,f1@0.5,0.7374563050365149
W032,raw,rgb,24,f1@0.75,0.6207845697530855
W032,raw,rgb,24,miou,0.7447482981292772
W032,raw,rgb,24,n_pred,13.3
W032,raw,rgb,24,n_reg,13.6
W032,raw,rgb,32,f1@0.5,0.6782559733957906
W032,raw,rgb,32,f1@0.75,0.4766909248908572
W032,raw,rgb,32,miou,0.7426447433730903
W032,raw,rgb,32,n_pred,15.2
W032,raw,rgb,32,n_reg,15.5
W032,raw,rgb,48,f1@0.5,0.7010499786736668
W032,raw,rgb,48,f1@0.75,0.5224094118996667
W032,raw,rgb,48,miou,0.7446389791946195
W032,raw,rgb,48,n_pred,14.3
W032,raw,rgb,48,n_reg,14.6
W033,merged,depth,4,f1@0.5,0.6015873015873016
W033,merged,depth,4,f1@0.75,0.2674603174603174
W033,merged,depth,4,miou,0.3790736959102891
W033,merged,depth,4,n_pred,1.9583333333333333
W033,merged,depth,4,n_reg,1.9583333333333333
W033,merged,depth,6,f1@0.5,0.6087301587301587
W033,merged,depth,6,f1@0.75,0.2821428571428571
W033,merged,depth,6,miou,0.3848955097779939
W033,merged,depth,6,n_pred,2.0416666666666665
W033,merged,depth,6,n_reg,2.2916666666666665
W033,merged,depth,8,f1@0.5,0.5321428571428571
W033,merged,depth,8,f1@0.75,0.2396825396825397
W033,merged,depth,8,miou,0.3694105698858662
W033,merged,depth,8,n_pred,1.9583333333333333
W033,merged,depth,8,n_reg,1.9583333333333333
W033,merged,depth,12,f1@0.5,0.6015873015873016
W033,merged,depth,12,f1@0.75,0.2674603174603174
W033,merged,depth,12,miou,0.3791127305910147
W033,merged,depth,12,n_pred,1.9583333333333333
W033,merged,depth,12,n_reg,1.9583333333333333
W033,merged,depth,16,f1@0.5,0.5321428571428571
W033,merged,depth,16,f1@0.75,0.2396825396825397
W033,merged,depth,16,miou,0.3694204994150003
W033,merged,depth,16,n_pred,1.9583333333333333
W033,merged,depth,16,n_reg,1.9583333333333333
W033,merged,depth,24,f1@0.5,0.5321428571428571
W033,merged,depth,24,f1@0.75,0.2396825396825397
W033,merged,depth,24,miou,0.36935410571786
W033,merged,depth,24,n_pred,1.9583333333333333
W033,merged,depth,24,n_reg,1.9583333333333333
W033,merged,depth,32,f1@0.5,0.5321428571428571
W033,merged,depth,32,f1@0.75,0.2396825396825397
W033,merged,depth,32,miou,0.3693562352502726
W033,merged,depth,32,n_pred,1.9583333333333333
W033,merged,depth,32,n_reg,1.9583333333333333
W033,merged,depth,48,f1@0.5,0.5876984126984127
W033,merged,depth,48,f1@0.75,0.2396825396825397
W033,merged,depth,48,miou,0.3760910459286
W033,merged,depth,48,n_pred,1.9583333333333333
W033,merged,depth,48,n_reg,1.9583333333333333
W033,merged,normal,4,f1@0.5,0.9060846560846562
W033,merged,normal,4,f1@0.75,0.8727513227513227
W033,merged,normal,4,miou,0.8034331369402251
W033,merged,normal,4,n_pred,3.1666666666666665
W033,merged,normal,4,n_reg,3.208333333333333
W033,merged,normal,6,f1@0.5,0.9120370370370372
W033,merged,normal,6,f1@0.75,0.8319444444444444
W033,merged,normal,6,miou,0.7868517945571916
W033,merged,normal,6,n_pred,3.208333333333333
W033,merged,normal,6,n_reg,3.208333333333333
W033,merged,normal,8,f1@0.5,0.9060846560846562
W033,merged,normal,8,f1@0.75,0.8727513227513227
W033,merged,normal,8,miou,0.8014726303966638
W033,merged,normal,8,n_pred,3.1666666666666665
W033,merged,normal,8,n_reg,3.208333333333333
W033,merged,normal,12,f1@0.5,0.9060846560846562
W033,merged,normal,12,f1@0.75,0.8727513227513227
W033,merged,normal,12,miou,0.8015997816343412
W033,merged,normal,12,n_pred,3.1666666666666665
W033,merged,normal,12,n_reg,3.208333333333333
W033,merged,normal,16,f1@0.5,0.9060846560846562
W033,merged,normal,16,f1@0.75,0.856084656084656
W033,merged,normal,16,miou,0.7965383880595743
W033,merged,normal,16,n_pred,3.1666666666666665
W033,merged,normal,16,n_reg,3.208333333333333
W033,merged,normal,24,f1@0.5,0.9120370370370372
W033,merged,normal,24,f1@0.75,0.862037037037037
W033,merged,normal,24,miou,0.7969146762313036
W033,merged,normal,24,n_pred,3.208333333333333
W033,merged,normal,24,n_reg,3.208333333333333
W033,merged,normal,32,f1@0.5,0.9060846560846562
W033,merged,normal,32,f1@0.75,0.8456679894179894
W033,merged,normal,32,miou,0.7959240852631219
W033,merged,normal,32,n_pred,3.1666666666666665
W033,merged,normal,32,n_reg,3.208333333333333
W033,merged,normal,48,f1@0.5,0.919973544973545
W033,merged,normal,48,f1@0.75,0.869973544973545
W033,merged,normal,48,miou,0.8012419516532612
W033,merged,normal,48,n_pred,3.1666666666666665
W033,merged,normal,48,n_reg,3.2916666666666665
W033,merged,rgb,4,f1@0.5,0.7405092592592593
W033,merged,rgb,4,f1@0.75,0.7300925925925926
W033,merged,rgb,4,miou,0.6730366030689297
W033,merged,rgb,4,n_pred,3.1666666666666665
W033,merged,rgb,4,n_reg,3.1666666666666665
W033,merged,rgb,6,f1@0.5,0.8495370370370371
W033,merged,rgb,6,f1@0.75,0.7627314814814815
W033,merged,rgb,6,miou,0.7443485323600267
W033,merged,rgb,6,n_pred,3.208333333333333
W033,merged,rgb,6,n_reg,3.208333333333333
W033,merged,rgb,8,f1@0.5,0.7349537037037037
W033,merged,rgb,8,f1@0.75,0.7245370370370371
W033,merged,rgb,8,miou,0.6681887015952045
W033,merged,rgb,8,n_pred,3.208333333333333
W033,merged,rgb,8,n_reg,3.208333333333333
W033,merged,rgb,12,f1@0.5,0.7405092592592593
W033,merged,rgb,12,f1@0.75,0.7300925925925926
W033,merged,rgb,12,miou,0.6669185266509823
W033,merged,rgb,12,n_pred,3.1666666666666665
W033,merged,rgb,12,n_reg,3.1666666666666665
W033,merged,rgb,16,f1@0.5,0.7349537037037037
W033,merged,rgb,16,f1@0.75,0.7245370370370371
W033,merged,rgb,16,miou,0.668640484791192
W033,merged,rgb,16,n_pred,3.208333333333333
W033,merged,rgb,16,n_reg,3.208333333333333
W033,merged,rgb,24,f1@0.5,0.7405092592592593
W033,merged,rgb,24,f1@0.75,0.7300925925925926
W033,merged,rgb,24,miou,0.6686874511753488
W033,merged,rgb,24,n_pred,3.1666666666666665
W033,merged,rgb,24,n_reg,3.1666666666666665
W033,merged,rgb,32,f1@0.5,0.7405092592592593
W033,merged,rgb,32,f1@0.75,0.7300925925925926
W033,merged,rgb,32,miou,0.6711645774158327
W033,merged,rgb,32,n_pred,3.1666666666666665
W033,merged,rgb,32,n_reg,3.1666666666666665
W033,merged,rgb,48,f1@0.5,0.8495370370370371
W033,merged,rgb,48,f1@0.75,0.7627314814814815
W033,merged,rgb,48,miou,0.7486118325911968
W033,merged,rgb,48,n_pred,3.208333333333333
W033,merged,rgb,48,n_reg,3.208333333333333
W033,raw,depth,4,f1@0.5,0.4634920634920634
W033,raw,depth,4,f1@0.75,0.2362103174603174
W033,raw,depth,4,miou,0.3790736959102891
W033,raw,depth,4,n_pred,2.625
W033,raw,depth,4,n_reg,2.625
W033,raw,depth,6,f1@0.5,0.4204365079365079
W033,raw,depth,6,f1@0.75,0.2268518518518518
W033,raw,depth,6,miou,0.3848996608287845
W033,raw,depth,6,n_pred,3.333333333333333
W033,raw,depth,6,n_reg,3.8333333333333335
W033,raw,depth,8,f1@0.5,0.4277777777777778
W033,raw,depth,8,f1@0.75,0.2362103174603174
W033,raw,depth,8,miou,0.3694105698858662
W033,raw,depth,8,n_pred,2.583333333333333
W033,raw,depth,8,n_reg,2.625
W033,raw,depth,12,f1@0.5,0.4634920634920634
W033,raw,depth,12,f1@0.75,0.2362103174603174
W033,raw,depth,12,miou,0.3791127305910147
W033,raw,depth,12,n_pred,2.625
W033,raw,depth,12,n_reg,2.625
W033,raw,depth,16,f1@0.5,0.4277777777777778
W033,raw,depth,16,f1@0.75,0.2362103174603174
W033,raw,depth,16,miou,0.3694204994150003
W033,raw,depth,16,n_pred,2.583333333333333
W033,raw,depth,16,n_reg,2.625
W033,raw,depth,24,f1@0.5,0.4277777777777778
W033,raw,depth,24,f1@0.75,0.2362103174603174
W033,raw,depth,24,miou,0.36935410571786
W033,raw,depth,24,n_pred,2.583333333333333
W033,raw,depth,24,n_reg,2.625
W033,raw,depth,32,f1@0.5,0.4277777777777778
W033,raw,depth,32,f1@0.75,0.2362103174603174
W033,raw,depth,32,miou,0.3693562352502726
W033,raw,depth,32,n_pred,2.583333333333333
W033,raw,depth,32,n_reg,2.625
W033,raw,depth,48,f1@0.5,0.4634920634920634
W033,raw,depth,48,f1@0.75,0.2362103174603174
W033,raw,depth,48,miou,0.3760910459286
W033,raw,depth,48,n_pred,2.583333333333333
W033,raw,depth,48,n_reg,2.625
W033,raw,normal,4,f1@0.5,0.7525252525252526
W033,raw,normal,4,f1@0.75,0.4368476430976431
W033,raw,normal,4,miou,0.8034331369402251
W033,raw,normal,4,n_pred,4.541666666666667
W033,raw,normal,4,n_reg,4.583333333333333
W033,raw,normal,6,f1@0.5,0.7421717171717171
W033,raw,normal,6,f1@0.75,0.4171717171717171
W033,raw,normal,6,miou,0.7868517945571916
W033,raw,normal,6,n_pred,4.583333333333333
W033,raw,normal,6,n_reg,4.583333333333333
W033,raw,normal,8,f1@0.5,0.7525252525252526
W033,raw,normal,8,f1@0.75,0.4451809764309764
W033,raw,normal,8,miou,0.8014726303966638
W033,raw,normal,8,n_pred,4.541666666666667
W033,raw,normal,8,n_reg,4.583333333333333
W033,raw,normal,12,f1@0.5,0.7525252525252526
W033,raw,normal,12,f1@0.75,0.4368476430976431
W033,raw,normal,12,miou,0.8015997816343412
W033,raw,normal,12,n_pred,4.541666666666667
W033,raw,normal,12,n_reg,4.583333333333333
W033,raw,normal,16,f1@0.5,0.7525252525252526
W033,raw,normal,16,f1@0.75,0.4285143097643097
W033,raw,normal,16,miou,0.7965383880595743
W033,raw,normal,16,n_pred,4.541666666666667
W033,raw,normal,16,n_reg,4.583333333333333
W033,raw,normal,24,f1@0.5,0.7580808080808081
W033,raw,normal,24,f1@0.75,0.4359217171717172
W033,raw,normal,24,miou,0.7969146762313036
W033,raw,normal,24,n_pred,4.583333333333333
W033,raw,normal,24,n_reg,4.583333333333333
W033,raw,normal,32,f1@0.5,0.7525252525252526
W033,raw,normal,32,f1@0.75,0.4180976430976431
W033,raw,normal,32,miou,0.7959240852631219
W033,raw,normal,32,n_pred,4.541666666666667
W033,raw,normal,32,n_reg,4.583333333333333
W033,raw,normal,48,f1@0.5,0.7135942760942761
W033,raw,normal,48,f1@0.75,0.4031144781144781
W033,raw,normal,48,miou,0.8012419516532612
W033,raw,normal,48,n_pred,5.041666666666667
W033,raw,normal,48,n_reg,5.5
W033,raw,rgb,4,f1@0.5,0.6261784511784512
W033,raw,rgb,4,f1@0.75,0.4861952861952862
W033,raw,rgb,4,miou,0.6730366030689297
W033,raw,rgb,4,n_pred,4.458333333333333
W033,raw,rgb,4,n_reg,4.541666666666667
W033,raw,rgb,6,f1@0.5,0.5352464664964666
W033,raw,rgb,6,f1@0.75,0.3279648592148592
W033,raw,rgb,6,miou,0.7443485323600267
W033,raw,rgb,6,n_pred,6.625
W033,raw,rgb,6,n_reg,7.125
W033,raw,rgb,8,f1@0.5,0.5530030155030156
W033,raw,rgb,8,f1@0.75,0.3593281718281718
W033,raw,rgb,8,miou,0.6681887015952045
W033,raw,rgb,8,n_pred,5.208333333333333
W033,raw,rgb,8,n_reg,5.75
W033,raw,rgb,12,f1@0.5,0.455518093018093
W033,raw,rgb,12,f1@0.75,0.3032777407777408
W033,raw,rgb,12,miou,0.6669185266509823
W033,raw,rgb,12,n_pred,7.291666666666667
W033,raw,rgb,12,n_reg,8.25
W033,raw,rgb,16,f1@0.5,0.4442732920674097
W033,raw,rgb,16,f1@0.75,0.3121875673346261
W033,raw,rgb,16,miou,0.668640484791192
W033,raw,rgb,16,n_pred,7.916666666666667
W033,raw,rgb,16,n_reg,9.458333333333334
W033,raw,rgb,24,f1@0.5,0.4467015827309945
W033,raw,rgb,24,f1@0.75,0.2994600171070759
W033,raw,rgb,24,miou,0.6686874511753488
W033,raw,rgb,24,n_pred,7.666666666666667
W033,raw,rgb,24,n_reg,9.208333333333334
W033,raw,rgb,32,f1@0.5,0.4945546555840673
W033,raw,rgb,32,f1@0.75,0.3070175059145647
W033,raw,rgb,32,miou,0.6711645774158327
W033,raw,rgb,32,n_pred,6.916666666666667
W033,raw,rgb,32,n_reg,7.708333333333333
W033,raw,rgb,48,f1@0.5,0.4944213802766434
W033,raw,rgb,48,f1@0.75,0.2834972045498361
W033,raw,rgb,48,miou,0.7486121639246696
W033,raw,rgb,48,n_pred,7.708333333333333
W033,raw,rgb,48,n_reg,8.666666666666666
W034,merged,depth,4,f1@0.5,0.8388888888888889
W034,merged,depth,4,f1@0.75,0.8222222222222223
W034,merged,depth,4,miou,0.7029244171569323
W034,merged,depth,4,n_pred,2.0
W034,merged,depth,4,n_reg,2.0
W034,merged,depth,6,f1@0.5,0.8527777777777779
W034,merged,depth,6,f1@0.75,0.8194444444444445
W034,merged,depth,6,miou,0.7077425449475526
W034,merged,depth,6,n_pred,2.0
W034,merged,depth,6,n_reg,2.0
W034,merged,depth,8,f1@0.5,0.8527777777777779
W034,merged,depth,8,f1@0.75,0.8194444444444445
W034,merged,depth,8,miou,0.7079661896684465
W034,merged,depth,8,n_pred,2.0
W034,merged,depth,8,n_reg,2.0
W034,merged,depth,12,f1@0.5,0.8527777777777779
W034,merged,depth,12,f1@0.75,0.8194444444444445
W034,merged,depth,12,miou,0.7074034956777967
W034,merged,depth,12,n_pred,2.0
W034,merged,depth,12,n_reg,2.0
W034,merged,depth,16,f1@0.5,0.8527777777777779
W034,merged,depth,16,f1@0.75,0.8194444444444445
W034,merged,depth,16,miou,0.7083452210254696
W034,merged,depth,16,n_pred,2.0
W034,merged,depth,16,n_reg,2.0
W034,merged,depth,24,f1@0.5,0.8527777777777779
W034,merged,depth,24,f1@0.75,0.8194444444444445
W034,merged,depth,24,miou,0.707297801004517
W034,merged,depth,24,n_pred,2.0
W034,merged,depth,24,n_reg,2.0
W034,merged,depth,32,f1@0.5,0.8527777777777779
W034,merged,depth,32,f1@0.75,0.8194444444444445
W034,merged,depth,32,miou,0.707521162222123
W034,merged,depth,32,n_pred,2.0
W034,merged,depth,32,n_reg,2.0
W034,merged,depth,48,f1@0.5,0.4875
W034,merged,depth,48,f1@0.75,0.3541666666666667
W034,merged,depth,48,miou,0.2982586297688684
W034,merged,depth,48,n_pred,1.0
W034,merged,depth,48,n_reg,1.0
W034,merged,normal,4,f1@0.5,0.8388888888888889
W034,merged,normal,4,f1@0.75,0.8180555555555555
W034,merged,normal,4,miou,0.7080651964872082
W034,merged,normal,4,n_pred,2.0
W034,merged,normal,4,n_reg,2.0
W034,merged,normal,6,f1@0.5,0.8527777777777779
W034,merged,normal,6,f1@0.75,0.7986111111111112
W034,merged,normal,6,miou,0.7026054988922996
W034,merged,normal,6,n_pred,2.0
W034,merged,normal,6,n_reg,2.0
W034,merged,normal,8,f1@0.5,0.830952380952381
W034,merged,normal,8,f1@0.75,0.793452380952381
W034,merged,normal,8,miou,0.7034322131505082
W034,merged,normal,8,n_pred,2.083333333333333
W034,merged,normal,8,n_reg,2.083333333333333
W034,merged,normal,12,f1@0.5,0.834920634920635
W034,merged,normal,12,f1@0.75,0.8140873015873016
W034,merged,normal,12,miou,0.7013138718839147
W034,merged,normal,12,n_pred,2.0416666666666665
W034,merged,normal,12,n_reg,2.0416666666666665
W034,merged,normal,16,f1@0.5,0.8547619047619048
W034,merged,normal,16,f1@0.75,0.7767857142857143
W034,merged,normal,16,miou,0.7117146902524606
W034,merged,normal,16,n_pred,2.083333333333333
W034,merged,normal,16,n_reg,2.083333333333333
W034,merged,normal,24,f1@0.5,0.8547619047619048
W034,merged,normal,24,f1@0.75,0.793452380952381
W034,merged,normal,24,miou,0.7146355599155045
W034,merged,normal,24,n_pred,2.083333333333333
W034,merged,normal,24,n_reg,2.083333333333333
W034,merged,normal,32,f1@0.5,0.830952380952381
W034,merged,normal,32,f1@0.75,0.793452380952381
W034,merged,normal,32,miou,0.7057406313485601
W034,merged,normal,32,n_pred,2.083333333333333
W034,merged,normal,32,n_reg,2.083333333333333
W034,merged,normal,48,f1@0.5,0.830952380952381
W034,merged,normal,48,f1@0.75,0.8101190476190476
W034,merged,normal,48,miou,0.7059784420114138
W034,merged,normal,48,n_pred,2.083333333333333
W034,merged,normal,48,n_reg,2.083333333333333
W034,merged,rgb,4,f1@0.5,0.8896825396825396
W034,merged,rgb,4,f1@0.75,0.8244047619047619
W034,merged,rgb,4,miou,0.7997364654512609
W034,merged,rgb,4,n_pred,2.458333333333333
W034,merged,rgb,4,n_reg,2.458333333333333
W034,merged,rgb,6,f1@0.5,0.929563492063492
W034,merged,rgb,6,f1@0.75,0.8740079365079364
W034,merged,rgb,6,miou,0.8584809026569161
W034,merged,rgb,6,n_pred,2.708333333333333
W034,merged,rgb,6,n_reg,2.708333333333333
W034,merged,rgb,8,f1@0.5,0.9166666666666666
W034,merged,rgb,8,f1@0.75,0.875
W034,merged,rgb,8,miou,0.8483059013149097
W034,merged,rgb,8,n_pred,2.625
W034,merged,rgb,8,n_reg,2.625
W034,merged,rgb,12,f1@0.5,0.8555555555555556
W034,merged,rgb,12,f1@0.75,0.813888888888889
W034,merged,rgb,12,miou,0.7688921720982428
W034,merged,rgb,12,n_pred,2.25
W034,merged,rgb,12,n_reg,2.25
W034,merged,rgb,16,f1@0.5,0.8666666666666667
W034,merged,rgb,16,f1@0.75,0.8083333333333332
W034,merged,rgb,16,miou,0.7734391276705918
W034,merged,rgb,16,n_pred,2.2916666666666665
W034,merged,rgb,16,n_reg,2.2916666666666665
W034,merged,rgb,24,f1@0.5,0.8777777777777778
W034,merged,rgb,24,f1@0.75,0.8361111111111111
W034,merged,rgb,24,miou,0.787314077748659
W034,merged,rgb,24,n_pred,2.333333333333333
W034,merged,rgb,24,n_reg,2.333333333333333
W034,merged,rgb,32,f1@0.5,0.8738095238095238
W034,merged,rgb,32,f1@0.75,0.8015873015873015
W034,merged,rgb,32,miou,0.7832420528374642
W034,merged,rgb,32,n_pred,2.375
W034,merged,rgb,32,n_reg,2.375
W034,merged,rgb,48,f1@0.5,0.8666666666666667
W034,merged,rgb,48,f1@0.75,0.8083333333333332
W034,merged,rgb,48,miou,0.7760492194765907
W034,merged,rgb,48,n_pred,2.2916666666666665
W034,merged,rgb,48,n_reg,2.2916666666666665
W034,raw,depth,4,f1@0.5,0.8388888888888889
W034,raw,depth,4,f1@0.75,0.8222222222222223
W034,raw,depth,4,miou,0.7029244171569323
W034,raw,depth,4,n_pred,2.0
W034,raw,depth,4,n_reg,2.0
W034,raw,depth,6,f1@0.5,0.8527777777777779
W034,raw,depth,6,f1@0.75,0.8194444444444445
W034,raw,depth,6,miou,0.7077425449475526
W034,raw,depth,6,n_pred,2.0
W034,raw,depth,6,n_reg,2.0
W034,raw,depth,8,f1@0.5,0.8527777777777779
W034,raw,depth,8,f1@0.75,0.8194444444444445
W034,raw,depth,8,miou,0.7079661896684465
W034,raw,depth,8,n_pred,2.0
W034,raw,depth,8,n_reg,2.0
W034,raw,depth,12,f1@0.5,0.8527777777777779
W034,raw,depth,12,f1@0.75,0.8194444444444445
W034,raw,depth,12,miou,0.7074034956777967
W034,raw,depth,12,n_pred,2.0
W034,raw,depth,12,n_reg,2.0
W034,raw,depth,16,f1@0.5,0.8527777777777779
W034,raw,depth,16,f1@0.75,0.8194444444444445
W034,raw,depth,16,miou,0.7083452210254696
W034,raw,depth,16,n_pred,2.0
W034,raw,depth,16,n_reg,2.0
W034,raw,depth,24,f1@0.5,0.8527777777777779
W034,raw,depth,24,f1@0.75,0.8194444444444445
W034,raw,depth,24,miou,0.707297801004517
W034,raw,depth,24,n_pred,2.0
W034,raw,depth,24,n_reg,2.0
W034,raw,depth,32,f1@0.5,0.8527777777777779
W034,raw,depth,32,f1@0.75,0.8194444444444445
W034,raw,depth,32,miou,0.707521162222123
W034,raw,depth,32,n_pred,2.0
W034,raw,depth,32,n_reg,2.0
W034,raw,depth,48,f1@0.5,0.4875
W034,raw,depth,48,f1@0.75,0.3541666666666667
W034,raw,depth,48,miou,0.2982586297688684
W034,raw,depth,48,n_pred,1.0
W034,raw,depth,48,n_reg,1.0
W034,raw,normal,4,f1@0.5,0.8388888888888889
W034,raw,normal,4,f1@0.75,0.8180555555555555
W034,raw,normal,4,miou,0.7080651964872082
W034,raw,normal,4,n_pred,2.0
W034,raw,normal,4,n_reg,2.0
W034,raw,normal,6,f1@0.5,0.8527777777777779
W034,raw,normal,6,f1@0.75,0.7986111111111112
W034,raw,normal,6,miou,0.7026054988922996
W034,raw,normal,6,n_pred,2.0
W034,raw,normal,6,n_reg,2.0
W034,raw,normal,8,f1@0.5,0.6753968253968253
W034,raw,normal,8,f1@0.75,0.6426587301587302
W034,raw,normal,8,miou,0.7034322131505082
W034,raw,normal,8,n_pred,3.208333333333333
W034,raw,normal,8,n_reg,4.125
W034,raw,normal,12,f1@0.5,0.7321428571428572
W034,raw,normal,12,f1@0.75,0.7113095238095238
W034,raw,normal,12,miou,0.7013138718839147
W034,raw,normal,12,n_pred,2.6666666666666665
W034,raw,normal,12,n_reg,2.958333333333333
W034,raw,normal,16,f1@0.5,0.8376984126984127
W034,raw,normal,16,f1@0.75,0.7597222222222223
W034,raw,normal,16,miou,0.7117146902524606
W034,raw,normal,16,n_pred,2.25
W034,raw,normal,16,n_reg,2.333333333333333
W034,raw,normal,24,f1@0.5,0.7091269841269842
W034,raw,normal,24,f1@0.75,0.6525793650793651
W034,raw,normal,24,miou,0.7146355599155045
W034,raw,normal,24,n_pred,3.083333333333333
W034,raw,normal,24,n_reg,3.25
W034,raw,normal,32,f1@0.5,0.6853174603174602
W034,raw,normal,32,f1@0.75,0.6525793650793651
W034,raw,normal,32,miou,0.7057406313485601
W034,raw,normal,32,n_pred,3.083333333333333
W034,raw,normal,32,n_reg,3.25
W034,raw,normal,48,f1@0.5,0.6863095238095238
W034,raw,normal,48,f1@0.75,0.6654761904761904
W034,raw,normal,48,miou,0.7059784420114138
W034,raw,normal,48,n_pred,3.083333333333333
W034,raw,normal,48,n_reg,4.083333333333333
W034,raw,rgb,4,f1@0.5,0.7898809523809524
W034,raw,rgb,4,f1@0.75,0.7293650793650794
W034,raw,rgb,4,miou,0.7997364654512609
W034,raw,rgb,4,n_pred,3.125
W034,raw,rgb,4,n_reg,3.583333333333333
W034,raw,rgb,6,f1@0.5,0.6577380952380952
W034,raw,rgb,6,f1@0.75,0.6038359788359788
W034,raw,rgb,6,miou,0.8584809026569161
W034,raw,rgb,6,n_pred,4.791666666666667
W034,raw,rgb,6,n_reg,5.25
W034,raw,rgb,8,f1@0.5,0.6383928571428571
W034,raw,rgb,8,f1@0.75,0.59755291005291
W034,raw,rgb,8,miou,0.8483059013149097
W034,raw,rgb,8,n_pred,4.75
W034,raw,rgb,8,n_reg,5.208333333333333
W034,raw,rgb,12,f1@0.5,0.5515873015873015
W034,raw,rgb,12,f1@0.75,0.5099206349206349
W034,raw,rgb,12,miou,0.7688921720982428
W034,raw,rgb,12,n_pred,4.583333333333333
W034,raw,rgb,12,n_reg,4.875
W034,raw,rgb,16,f1@0.5,0.621031746031746
W034,raw,rgb,16,f1@0.75,0.5620039682539683
W034,raw,rgb,16,miou,0.7734391276705918
W034,raw,rgb,16,n_pred,4.0
W034,raw,rgb,16,n_reg,4.25
W034,raw,rgb,24,f1@0.5,0.498015873015873
W034,raw,rgb,24,f1@0.75,0.4563492063492063
W034,raw,rgb,24,miou,0.787314077748659
W034,raw,rgb,24,n_pred,5.5
W034,raw,rgb,24,n_reg,5.833333333333333
W034,raw,rgb,32,f1@0.5,0.5468253968253968
W034,raw,rgb,32,f1@0.75,0.4833333333333333
W034,raw,rgb,32,miou,0.7832420528374642
W034,raw,rgb,32,n_pred,5.0
W034,raw,rgb,32,n_reg,6.041666666666667
W034,raw,rgb,48,f1@0.5,0.5415764790764791
W034,raw,rgb,48,f1@0.75,0.4880050505050504
W034,raw,rgb,48,miou,0.7760492194765907
W034,raw,rgb,48,n_pred,4.875
W034,raw,rgb,48,n_reg,5.291666666666667
W035,merged,depth,4,f1@0.5,0.5685185185185184
W035,merged,depth,4,f1@0.75,0.4722222222222222
W035,merged,depth,4,miou,0.3346288881964316
W035,merged,depth,4,n_pred,1.0
W035,merged,depth,4,n_reg,1.0
W035,merged,depth,6,f1@0.5,0.5685185185185184
W035,merged,depth,6,f1@0.75,0.4722222222222222
W035,merged,depth,6,miou,0.3346288881964316
W035,merged,depth,6,n_pred,1.0
W035,merged,depth,6,n_reg,1.0
W035,merged,depth,8,f1@0.5,0.5685185185185184
W035,merged,depth,8,f1@0.75,0.4722222222222222
W035,merged,depth,8,miou,0.3346126887340503
W035,merged,depth,8,n_pred,1.0
W035,merged,depth,8,n_reg,1.0
W035,merged,depth,12,f1@0.5,0.5685185185185184
W035,merged,depth,12,f1@0.75,0.4722222222222222
W035,merged,depth,12,miou,0.3346126310673958
W035,merged,depth,12,n_pred,1.0
W035,merged,depth,12,n_reg,1.0
W035,merged,depth,16,f1@0.5,0.5685185185185184
W035,merged,depth,16,f1@0.75,0.4722222222222222
W035,merged,depth,16,miou,0.3346292109785735
W035,merged,depth,16,n_pred,1.0
W035,merged,depth,16,n_reg,1.0
W035,merged,depth,24,f1@0.5,0.5685185185185184
W035,merged,depth,24,f1@0.75,0.4722222222222222
W035,merged,depth,24,miou,0.3346133246542103
W035,merged,depth,24,n_pred,1.0
W035,merged,depth,24,n_reg,1.0
W035,merged,depth,32,f1@0.5,0.5685185185185184
W035,merged,depth,32,f1@0.75,0.4722222222222222
W035,merged,depth,32,miou,0.3345801004025939
W035,merged,depth,32,n_pred,1.0
W035,merged,depth,32,n_reg,1.0
W035,merged,depth,48,f1@0.5,0.5685185185185184
W035,merged,depth,48,f1@0.75,0.4722222222222222
W035,merged,depth,48,miou,0.3345894414365954
W035,merged,depth,48,n_pred,1.0
W035,merged,depth,48,n_reg,1.0
W035,merged,normal,4,f1@0.5,0.5685185185185184
W035,merged,normal,4,f1@0.75,0.4722222222222222
W035,merged,normal,4,miou,0.336047273035976
W035,merged,normal,4,n_pred,1.0
W035,merged,normal,4,n_reg,1.0
W035,merged,normal,6,f1@0.5,0.87989417989418
W035,merged,normal,6,f1@0.75,0.6695767195767196
W035,merged,normal,6,miou,0.6866017315536618
W035,merged,normal,6,n_pred,2.0
W035,merged,normal,6,n_reg,2.0
W035,merged,normal,8,f1@0.5,0.87989417989418
W035,merged,normal,8,f1@0.75,0.6695767195767196
W035,merged,normal,8,miou,0.6870722948611667
W035,merged,normal,8,n_pred,2.0
W035,merged,normal,8,n_reg,2.0
W035,merged,normal,12,f1@0.5,0.4984126984126984
W035,merged,normal,12,f1@0.75,0.4325396825396825
W035,merged,normal,12,miou,0.368203222672439
W035,merged,normal,12,n_pred,1.8333333333333333
W035,merged,normal,12,n_reg,1.8888888888888888
W035,merged,normal,16,f1@0.5,0.5658730158730159
W035,merged,normal,16,f1@0.75,0.4722222222222222
W035,merged,normal,16,miou,0.3361526916852536
W035,merged,normal,16,n_pred,1.0555555555555556
W035,merged,normal,16,n_reg,1.3333333333333333
W035,merged,normal,24,f1@0.5,0.87989417989418
W035,merged,normal,24,f1@0.75,0.741005291005291
W035,merged,normal,24,miou,0.6971345412878303
W035,merged,normal,24,n_pred,2.0
W035,merged,normal,24,n_reg,2.0
W035,merged,normal,32,f1@0.5,0.87989417989418
W035,merged,normal,32,f1@0.75,0.6695767195767196
W035,merged,normal,32,miou,0.6869363204870099
W035,merged,normal,32,n_pred,2.0
W035,merged,normal,32,n_reg,2.0
W035,merged,normal,48,f1@0.5,0.87989417989418
W035,merged,normal,48,f1@0.75,0.6695767195767196
W035,merged,normal,48,miou,0.6878678695127013
W035,merged,normal,48,n_pred,2.0
W035,merged,normal,48,n_reg,2.0
W035,merged,rgb,4,f1@0.5,0.8333333333333334
W035,merged,rgb,4,f1@0.75,0.8333333333333334
W035,merged,rgb,4,miou,0.7255715520882376
W035,merged,rgb,4,n_pred,1.9444444444444444
W035,merged,rgb,4,n_reg,1.9444444444444444
W035,merged,rgb,6,f1@0.5,0.8783068783068784
W035,merged,rgb,6,f1@0.75,0.8439153439153438
W035,merged,rgb,6,miou,0.7814989078724253
W035,merged,rgb,6,n_pred,2.1666666666666665
W035,merged,rgb,6,n_reg,2.1666666666666665
W035,merged,rgb,8,f1@0.5,0.8407407407407407
W035,merged,rgb,8,f1@0.75,0.7851851851851852
W035,merged,rgb,8,miou,0.7867346277876947
W035,merged,rgb,8,n_pred,2.333333333333333
W035,merged,rgb,8,n_reg,2.333333333333333
W035,merged,rgb,12,f1@0.5,0.8846560846560847
W035,merged,rgb,12,f1@0.75,0.8291005291005291
W035,merged,rgb,12,miou,0.800516792920398
W035,merged,rgb,12,n_pred,2.2777777777777777
W035,merged,rgb,12,n_reg,2.2777777777777777
W035,merged,rgb,16,f1@0.5,0.875925925925926
W035,merged,rgb,16,f1@0.75,0.875925925925926
W035,merged,rgb,16,miou,0.7571968006927582
W035,merged,rgb,16,n_pred,2.055555555555556
W035,merged,rgb,16,n_reg,2.055555555555556
W035,merged,rgb,24,f1@0.5,0.875925925925926
W035,merged,rgb,24,f1@0.75,0.875925925925926
W035,merged,rgb,24,miou,0.7565035479945835
W035,merged,rgb,24,n_pred,2.055555555555556
W035,merged,rgb,24,n_reg,2.055555555555556
W035,merged,rgb,32,f1@0.5,0.8611111111111112
W035,merged,rgb,32,f1@0.75,0.8472222222222222
W035,merged,rgb,32,miou,0.7734944548772762
W035,merged,rgb,32,n_pred,2.1666666666666665
W035,merged,rgb,32,n_reg,2.1666666666666665
W035,merged,rgb,48,f1@0.5,0.875925925925926
W035,merged,rgb,48,f1@0.75,0.862037037037037
W035,merged,rgb,48,miou,0.7551198947074088
W035,merged,rgb,48,n_pred,2.055555555555556
W035,merged,rgb,48,n_reg,2.055555555555556
W035,raw,depth,4,f1@0.5,0.5685185185185184
W035,raw,depth,4,f1@0.75,0.4722222222222222
W035,raw,depth,4,miou,0.3346288881964316
W035,raw,depth,4,n_pred,1.0
W035,raw,depth,4,n_reg,1.0
W035,raw,depth,6,f1@0.5,0.5685185185185184
W035,raw,depth,6,f1@0.75,0.4722222222222222
W035,raw,depth,6,miou,0.3346288881964316
W035,raw,depth,6,n_pred,1.0
W035,raw,depth,6,n_reg,1.0
W035,raw,depth,8,f1@0.5,0.55
W035,raw,depth,8,f1@0.75,0.4537037037037036
W035,raw,depth,8,miou,0.3346126887340503
W035,raw,depth,8,n_pred,1.1111111111111112
W035,raw,depth,8,n_reg,1.1111111111111112
W035,raw,depth,12,f1@0.5,0.55
W035,raw,depth,12,f1@0.75,0.4537037037037036
W035,raw,depth,12,miou,0.3346126310673958
W035,raw,depth,12,n_pred,1.1111111111111112
W035,raw,depth,12,n_reg,1.1111111111111112
W035,raw,depth,16,f1@0.5,0.5444444444444445
W035,raw,depth,16,f1@0.75,0.4481481481481481
W035,raw,depth,16,miou,0.3346292109785735
W035,raw,depth,16,n_pred,1.1666666666666667
W035,raw,depth,16,n_reg,1.1666666666666667
W035,raw,depth,24,f1@0.5,0.5444444444444445
W035,raw,depth,24,f1@0.75,0.4481481481481481
W035,raw,depth,24,miou,0.3346133246542103
W035,raw,depth,24,n_pred,1.1666666666666667
W035,raw,depth,24,n_reg,1.1666666666666667
W035,raw,depth,32,f1@0.5,0.5444444444444445
W035,raw,depth,32,f1@0.75,0.4481481481481481
W035,raw,depth,32,miou,0.3345801004025939
W035,raw,depth,32,n_pred,1.1666666666666667
W035,raw,depth,32,n_reg,1.1666666666666667
W035,raw,depth,48,f1@0.5,0.5444444444444445
W035,raw,depth,48,f1@0.75,0.4481481481481481
W035,raw,depth,48,miou,0.3345894414365954
W035,raw,depth,48,n_pred,1.1666666666666667
W035,raw,depth,48,n_reg,1.1666666666666667
W035,raw,normal,4,f1@0.5,0.5685185185185184
W035,raw,normal,4,f1@0.75,0.4722222222222222
W035,raw,normal,4,miou,0.336047273035976
W035,raw,normal,4,n_pred,1.0
W035,raw,normal,4,n_reg,1.0
W035,raw,normal,6,f1@0.5,0.87989417989418
W035,raw,normal,6,f1@0.75,0.6695767195767196
W035,raw,normal,6,miou,0.6866017315536618
W035,raw,normal,6,n_pred,2.0
W035,raw,normal,6,n_reg,2.0
W035,raw,normal,8,f1@0.5,0.87989417989418
W035,raw,normal,8,f1@0.75,0.6695767195767196
W035,raw,normal,8,miou,0.6870722948611667
W035,raw,normal,8,n_pred,2.0
W035,raw,normal,8,n_reg,2.0
W035,raw,normal,12,f1@0.5,0.4798941798941799
W035,raw,normal,12,f1@0.75,0.414021164021164
W035,raw,normal,12,miou,0.368203222672439
W035,raw,normal,12,n_pred,1.9444444444444444
W035,raw,normal,12,n_reg,2.0
W035,raw,normal,16,f1@0.5,0.5288359788359789
W035,raw,normal,16,f1@0.75,0.4351851851851852
W035,raw,normal,16,miou,0.3361526916852536
W035,raw,normal,16,n_pred,1.2777777777777777
W035,raw,normal,16,n_reg,1.9444444444444444
W035,raw,normal,24,f1@0.5,0.87989417989418
W035,raw,normal,24,f1@0.75,0.741005291005291
W035,raw,normal,24,miou,0.6971345412878303
W035,raw,normal,24,n_pred,2.0
W035,raw,normal,24,n_reg,2.0
W035,raw,normal,32,f1@0.5,0.87989417989418
W035,raw,normal,32,f1@0.75,0.6695767195767196
W035,raw,normal,32,miou,0.6869363204870099
W035,raw,normal,32,n_pred,2.0
W035,raw,normal,32,n_reg,2.0
W035,raw,normal,48,f1@0.5,0.87989417989418
W035,raw,normal,48,f1@0.75,0.6695767195767196
W035,raw,normal,48,miou,0.6878678695127013
W035,raw,normal,48,n_pred,2.0
W035,raw,normal,48,n_reg,2.0
W035,raw,rgb,4,f1@0.5,0.6814814814814816
W035,raw,rgb,4,f1@0.75,0.6814814814814816
W035,raw,rgb,4,miou,0.7255715520882376
W035,raw,rgb,4,n_pred,2.833333333333333
W035,raw,rgb,4,n_reg,2.833333333333333
W035,raw,rgb,6,f1@0.5,0.6547619047619047
W035,raw,rgb,6,f1@0.75,0.6223544973544973
W035,raw,rgb,6,miou,0.7814989078724253
W035,raw,rgb,6,n_pred,3.6666666666666665
W035,raw,rgb,6,n_reg,3.8333333333333335
W035,raw,rgb,8,f1@0.5,0.4368606701940035
W035,raw,rgb,8,f1@0.75,0.401058201058201
W035,raw,rgb,8,miou,0.7867346277876947
W035,raw,rgb,8,n_pred,6.333333333333333
W035,raw,rgb,8,n_reg,6.5
W035,raw,rgb,12,f1@0.5,0.5198412698412699
W035,raw,rgb,12,f1@0.75,0.4797178130511463
W035,raw,rgb,12,miou,0.800516792920398
W035,raw,rgb,12,n_pred,5.444444444444445
W035,raw,rgb,12,n_reg,5.555555555555555
W035,raw,rgb,16,f1@0.5,0.411672278338945
W035,raw,rgb,16,f1@0.75,0.3993265993265993
W035,raw,rgb,16,miou,0.7571968006927582
W035,raw,rgb,16,n_pred,7.222222222222222
W035,raw,rgb,16,n_reg,7.388888888888889
W035,raw,rgb,24,f1@0.5,0.4079685746352413
W035,raw,rgb,24,f1@0.75,0.3956228956228956
W035,raw,rgb,24,miou,0.7565035479945835
W035,raw,rgb,24,n_pred,7.333333333333333
W035,raw,rgb,24,n_reg,7.777777777777778
W035,raw,rgb,32,f1@0.5,0.3913419913419913
W035,raw,rgb,32,f1@0.75,0.3789963123296457
W035,raw,rgb,32,miou,0.7734944548772762
W035,raw,rgb,32,n_pred,7.722222222222222
W035,raw,rgb,32,n_reg,8.38888888888889
W035,raw,rgb,48,f1@0.5,0.3772511439178105
W035,raw,rgb,48,f1@0.75,0.3649054649054649
W035,raw,rgb,48,miou,0.7551198947074088
W035,raw,rgb,48,n_pred,8.277777777777779
W035,raw,rgb,48,n_reg,9.11111111111111
W036,merged,depth,4,f1@0.5,0.6041666666666666
W036,merged,depth,4,f1@0.75,0.46875
W036,merged,depth,4,miou,0.2629206503492163
W036,merged,depth,4,n_pred,1.0
W036,merged,depth,4,n_reg,1.0
W036,merged,depth,6,f1@0.5,0.6041666666666666
W036,merged,depth,6,f1@0.75,0.46875
W036,merged,depth,6,miou,0.2629766711694501
W036,merged,depth,6,n_pred,1.0
W036,merged,depth,6,n_reg,1.0
W036,merged,depth,8,f1@0.5,0.6041666666666666
W036,merged,depth,8,f1@0.75,0.46875
W036,merged,depth,8,miou,0.2629908460658018
W036,merged,depth,8,n_pred,1.0
W036,merged,depth,8,n_reg,1.0
W036,merged,depth,12,f1@0.5,0.6041666666666666
W036,merged,depth,12,f1@0.75,0.46875
W036,merged,depth,12,miou,0.2629848198417852
W036,merged,depth,12,n_pred,1.0
W036,merged,depth,12,n_reg,1.0
W036,merged,depth,16,f1@0.5,0.6041666666666666
W036,merged,depth,16,f1@0.75,0.46875
W036,merged,depth,16,miou,0.2629680557689115
W036,merged,depth,16,n_pred,1.0
W036,merged,depth,16,n_reg,1.0
W036,merged,depth,24,f1@0.5,0.6041666666666666
W036,merged,depth,24,f1@0.75,0.46875
W036,merged,depth,24,miou,0.2629908460658018
W036,merged,depth,24,n_pred,1.0
W036,merged,depth,24,n_reg,1.0
W036,merged,depth,32,f1@0.5,0.6041666666666666
W036,merged,depth,32,f1@0.75,0.46875
W036,merged,depth,32,miou,0.2629861464045637
W036,merged,depth,32,n_pred,1.0
W036,merged,depth,32,n_reg,1.0
W036,merged,depth,48,f1@0.5,0.6041666666666666
W036,merged,depth,48,f1@0.75,0.46875
W036,merged,depth,48,miou,0.2629862601186665
W036,merged,depth,48,n_pred,1.0
W036,merged,depth,48,n_reg,1.0
W036,merged,normal,4,f1@0.5,0.925
W036,merged,normal,4,f1@0.75,0.925
W036,merged,normal,4,miou,0.6301151361886247
W036,merged,normal,4,n_pred,2.0
W036,merged,normal,4,n_reg,2.0
W036,merged,normal,6,f1@0.5,0.925
W036,merged,normal,6,f1@0.75,0.925
W036,merged,normal,6,miou,0.6301528394128558
W036,merged,normal,6,n_pred,2.0
W036,merged,normal,6,n_reg,2.0
W036,merged,normal,8,f1@0.5,0.925
W036,merged,normal,8,f1@0.75,0.925
W036,merged,normal,8,miou,0.6279279927614528
W036,merged,normal,8,n_pred,2.0
W036,merged,normal,8,n_reg,2.0
W036,merged,normal,12,f1@0.5,0.6041666666666666
W036,merged,normal,12,f1@0.75,0.46875
W036,merged,normal,12,miou,0.2627314643418369
W036,merged,normal,12,n_pred,1.0
W036,merged,normal,12,n_reg,1.0
W036,merged,normal,16,f1@0.5,0.925
W036,merged,normal,16,f1@0.75,0.925
W036,merged,normal,16,miou,0.6300404757663982
W036,merged,normal,16,n_pred,2.0
W036,merged,normal,16,n_reg,2.0
W036,merged,normal,24,f1@0.5,0.6041666666666666
W036,merged,normal,24,f1@0.75,0.46875
W036,merged,normal,24,miou,0.2627402550883677
W036,merged,normal,24,n_pred,1.0
W036,merged,normal,24,n_reg,1.0
W036,merged,normal,32,f1@0.5,0.6041666666666666
W036,merged,normal,32,f1@0.75,0.46875
W036,merged,normal,32,miou,0.2627249742580747
W036,merged,normal,32,n_pred,1.0
W036,merged,normal,32,n_reg,1.0
W036,merged,normal,48,f1@0.5,0.6041666666666666
W036,merged,normal,48,f1@0.75,0.46875
W036,merged,normal,48,miou,0.262748414620494
W036,merged,normal,48,n_pred,1.0
W036,merged,normal,48,n_reg,1.0
W036,merged,rgb,4,f1@0.5,0.925
W036,merged,rgb,4,f1@0.75,0.925
W036,merged,rgb,4,miou,0.6345898046538059
W036,merged,rgb,4,n_pred,2.0
W036,merged,rgb,4,n_reg,2.0
W036,merged,rgb,6,f1@0.5,0.925
W036,merged,rgb,6,f1@0.75,0.925
W036,merged,rgb,6,miou,0.6374831250620918
W036,merged,rgb,6,n_pred,2.0
W036,merged,rgb,6,n_reg,2.0
W036,merged,rgb,8,f1@0.5,0.925
W036,merged,rgb,8,f1@0.75,0.925
W036,merged,rgb,8,miou,0.6313116426167756
W036,merged,rgb,8,n_pred,2.0
W036,merged,rgb,8,n_reg,2.0
W036,merged,rgb,12,f1@0.5,1.0
W036,merged,rgb,12,f1@0.75,0.9583333333333334
W036,merged,rgb,12,miou,0.7312727954935412
W036,merged,rgb,12,n_pred,2.375
W036,merged,rgb,12,n_reg,2.375
W036,merged,rgb,16,f1@0.5,1.0
W036,merged,rgb,16,f1@0.75,0.9583333333333334
W036,merged,rgb,16,miou,0.7329327468445638
W036,merged,rgb,16,n_pred,2.375
W036,merged,rgb,16,n_reg,2.375
W036,merged,rgb,24,f1@0.5,1.0
W036,merged,rgb,24,f1@0.75,0.9583333333333334
W036,merged,rgb,24,miou,0.7208459439806252
W036,merged,rgb,24,n_pred,2.375
W036,merged,rgb,24,n_reg,2.375
W036,merged,rgb,32,f1@0.5,1.0
W036,merged,rgb,32,f1@0.75,0.9583333333333334
W036,merged,rgb,32,miou,0.726223422224203
W036,merged,rgb,32,n_pred,2.375
W036,merged,rgb,32,n_reg,2.375
W036,merged,rgb,48,f1@0.5,1.0
W036,merged,rgb,48,f1@0.75,0.9583333333333334
W036,merged,rgb,48,miou,0.7251590111149343
W036,merged,rgb,48,n_pred,2.375
W036,merged,rgb,48,n_reg,2.375
W036,raw,depth,4,f1@0.5,0.6041666666666666
W036,raw,depth,4,f1@0.75,0.46875
W036,raw,depth,4,miou,0.2629206503492163
W036,raw,depth,4,n_pred,1.0
W036,raw,depth,4,n_reg,1.0
W036,raw,depth,6,f1@0.5,0.6041666666666666
W036,raw,depth,6,f1@0.75,0.46875
W036,raw,depth,6,miou,0.2629766711694501
W036,raw,depth,6,n_pred,1.0
W036,raw,depth,6,n_reg,1.0
W036,raw,depth,8,f1@0.5,0.6041666666666666
W036,raw,depth,8,f1@0.75,0.46875
W036,raw,depth,8,miou,0.2629908460658018
W036,raw,depth,8,n_pred,1.0
W036,raw,depth,8,n_reg,1.0
W036,raw,depth,12,f1@0.5,0.6041666666666666
W036,raw,depth,12,f1@0.75,0.46875
W036,raw,depth,12,miou,0.2629848198417852
W036,raw,depth,12,n_pred,1.0
W036,raw,depth,12,n_reg,1.0
W036,raw,depth,16,f1@0.5,0.6041666666666666
W036,raw,depth,16,f1@0.75,0.46875
W036,raw,depth,16,miou,0.2629680557689115
W036,raw,depth,16,n_pred,1.0
W036,raw,depth,16,n_reg,1.0
W036,raw,depth,24,f1@0.5,0.6041666666666666
W036,raw,depth,24,f1@0.75,0.46875
W036,raw,depth,24,miou,0.2629908460658018
W036,raw,depth,24,n_pred,1.0
W036,raw,depth,24,n_reg,1.0
W036,raw,depth,32,f1@0.5,0.6041666666666666
W036,raw,depth,32,f1@0.75,0.46875
W036,raw,depth,32,miou,0.2629861464045637
W036,raw,depth,32,n_pred,1.0
W036,raw,depth,32,n_reg,1.0
W036,raw,depth,48,f1@0.5,0.6041666666666666
W036,raw,depth,48,f1@0.75,0.46875
W036,raw,depth,48,miou,0.2629862601186665
W036,raw,depth,48,n_pred,1.0
W036,raw,depth,48,n_reg,1.0
W036,raw,normal,4,f1@0.5,0.925
W036,raw,normal,4,f1@0.75,0.925
W036,raw,normal,4,miou,0.6301151361886247
W036,raw,normal,4,n_pred,2.0
W036,raw,normal,4,n_reg,2.0
W036,raw,normal,6,f1@0.5,0.925
W036,raw,normal,6,f1@0.75,0.925
W036,raw,normal,6,miou,0.6301528394128558
W036,raw,normal,6,n_pred,2.0
W036,raw,normal,6,n_reg,2.0
W036,raw,normal,8,f1@0.5,0.925
W036,raw,normal,8,f1@0.75,0.925
W036,raw,normal,8,miou,0.6279279927614528
W036,raw,normal,8,n_pred,2.0
W036,raw,normal,8,n_reg,2.0
W036,raw,normal,12,f1@0.5,0.6041666666666666
W036,raw,normal,12,f1@0.75,0.46875
W036,raw,normal,12,miou,0.2627314643418369
W036,raw,normal,12,n_pred,1.0
W036,raw,normal,12,n_reg,1.0
W036,raw,normal,16,f1@0.5,0.925
W036,raw,normal,16,f1@0.75,0.925
W036,raw,normal,16,miou,0.6300404757663982
W036,raw,normal,16,n_pred,2.0
W036,raw,normal,16,n_reg,2.0
W036,raw,normal,24,f1@0.5,0.6041666666666666
W036,raw,normal,24,f1@0.75,0.46875
W036,raw,normal,24,miou,0.2627402550883677
W036,raw,normal,24,n_pred,1.0
W036,raw,normal,24,n_reg,1.0
W036,raw,normal,32,f1@0.5,0.6041666666666666
W036,raw,normal,32,f1@0.75,0.46875
W036,raw,normal,32,miou,0.2627249742580747
W036,raw,normal,32,n_pred,1.0
W036,raw,normal,32,n_reg,1.0
W036,raw,normal,48,f1@0.5,0.6041666666666666
W036,raw,normal,48,f1@0.75,0.46875
W036,raw,normal,48,miou,0.262748414620494
W036,raw,normal,48,n_pred,1.0
W036,raw,normal,48,n_reg,1.0
W036,raw,rgb,4,f1@0.5,0.925
W036,raw,rgb,4,f1@0.75,0.925
W036,raw,rgb,4,miou,0.6345898046538059
W036,raw,rgb,4,n_pred,2.0
W036,raw,rgb,4,n_reg,2.0
W036,raw,rgb,6,f1@0.5,0.7416666666666667
W036,raw,rgb,6,f1@0.75,0.7416666666666667
W036,raw,rgb,6,miou,0.6374831250620918
W036,raw,rgb,6,n_pred,3.0625
W036,raw,rgb,6,n_reg,3.3125
W036,raw,rgb,8,f1@0.5,0.925
W036,raw,rgb,8,f1@0.75,0.925
W036,raw,rgb,8,miou,0.6313116426167756
W036,raw,rgb,8,n_pred,2.0
W036,raw,rgb,8,n_reg,2.0
W036,raw,rgb,12,f1@0.5,0.7797619047619048
W036,raw,rgb,12,f1@0.75,0.7440476190476191
W036,raw,rgb,12,miou,0.7639551370113625
W036,raw,rgb,12,n_pred,3.6875
W036,raw,rgb,12,n_reg,4.0
W036,raw,rgb,16,f1@0.5,0.7738095238095238
W036,raw,rgb,16,f1@0.75,0.7380952380952381
W036,raw,rgb,16,miou,0.7656150337704617
W036,raw,rgb,16,n_pred,3.75
W036,raw,rgb,16,n_reg,4.1875
W036,raw,rgb,24,f1@0.5,0.2793244949494949
W036,raw,rgb,24,f1@0.75,0.2334911616161616
W036,raw,rgb,24,miou,0.7535279430748623
W036,raw,rgb,24,n_pred,8.4375
W036,raw,rgb,24,n_reg,8.9375
W036,raw,rgb,32,f1@0.5,0.675
W036,raw,rgb,32,f1@0.75,0.64375
W036,raw,rgb,32,miou,0.7589056743065092
W036,raw,rgb,32,n_pred,4.75
W036,raw,rgb,32,n_reg,5.5
W036,raw,rgb,48,f1@0.5,0.3097763347763347
W036,raw,rgb,48,f1@0.75,0.2481601731601731
W036,raw,rgb,48,miou,0.7587904283339778
W036,raw,rgb,48,n_pred,7.75
W036,raw,rgb,48,n_reg,8.4375
W037,merged,depth,4,f1@0.5,0.4517282790309105
W037,merged,depth,4,f1@0.75,0.425438596491228
W037,merged,depth,4,miou,0.4905285982154967
W037,merged,depth,4,n_pred,5.583333333333333
W037,merged,depth,4,n_reg,5.583333333333333
W037,merged,depth,6,f1@0.5,0.4924527227158806
W037,merged,depth,6,f1@0.75,0.3910277587909167
W037,merged,depth,6,miou,0.552506640118269
W037,merged,depth,6,n_pred,6.666666666666667
W037,merged,depth,6,n_reg,6.666666666666667
W037,merged,depth,8,f1@0.5,0.4779623970800441
W037,merged,depth,8,f1@0.75,0.446937866055513
W037,merged,depth,8,miou,0.566908543436159
W037,merged,depth,8,n_pred,7.25
W037,merged,depth,8,n_reg,7.25
W037,merged,depth,12,f1@0.5,0.531489846707238
W037,merged,depth,12,f1@0.75,0.4559989125206516
W037,merged,depth,12,miou,0.5714370835840522
W037,merged,depth,12,n_pred,8.25
W037,merged,depth,12,n_reg,8.25
W037,merged,depth,16,f1@0.5,0.531489846707238
W037,merged,depth,16,f1@0.75,0.4559989125206516
W037,merged,depth,16,miou,0.5651553431387654
W037,merged,depth,16,n_pred,8.25
W037,merged,depth,16,n_reg,8.25
W037,merged,depth,24,f1@0.5,0.531489846707238
W037,merged,depth,24,f1@0.75,0.4559989125206516
W037,merged,depth,24,miou,0.5688515787666991
W037,merged,depth,24,n_pred,8.25
W037,merged,depth,24,n_reg,8.25
W037,merged,depth,32,f1@0.5,0.5267044455023995
W037,merged,depth,32,f1@0.75,0.4515742616765634
W037,merged,depth,32,miou,0.5663792099913506
W037,merged,depth,32,n_pred,8.416666666666666
W037,merged,depth,32,n_reg,8.75
W037,merged,depth,48,f1@0.5,0.7430486819233622
W037,merged,depth,48,f1@0.75,0.580764463229297
W037,merged,depth,48,miou,0.549656408639085
W037,merged,depth,48,n_pred,7.75
W037,merged,depth,48,n_reg,7.833333333333333
W037,merged,normal,4,f1@0.5,0.1269618317412435
W037,merged,normal,4,f1@0.75,0.1269618317412435
W037,merged,normal,4,miou,0.1712819769668065
W037,merged,normal,4,n_pred,2.9166666666666665
W037,merged,normal,4,n_reg,3.0
W037,merged,normal,6,f1@0.5,0.3375988992088063
W037,merged,normal,6,f1@0.75,0.3375988992088063
W037,merged,normal,6,miou,0.3876173523762956
W037,merged,normal,6,n_pred,4.916666666666667
W037,merged,normal,6,n_reg,5.0
W037,merged,normal,8,f1@0.5,0.4154337864864181
W037,merged,normal,8,f1@0.75,0.338907875749981
W037,merged,normal,8,miou,0.462146784593805
W037,merged,normal,8,n_pred,5.833333333333333
W037,merged,normal,8,n_reg,5.833333333333333
W037,merged,normal,12,f1@0.5,0.4078580289106605
W037,merged,normal,12,f1@0.75,0.2954868231184021
W037,merged,normal,12,miou,0.4315313101965372
W037,merged,normal,12,n_pred,5.833333333333333
W037,merged,normal,12,n_reg,5.833333333333333
W037,merged,normal,16,f1@0.5,0.3422615976215047
W037,merged,normal,16,f1@0.75,0.2885161228233984
W037,merged,normal,16,miou,0.3909704313087827
W037,merged,normal,16,n_pred,5.083333333333333
W037,merged,normal,16,n_reg,5.083333333333333
W037,merged,normal,24,f1@0.5,0.4078580289106605
W037,merged,normal,24,f1@0.75,0.2879110655426445
W037,merged,normal,24,miou,0.4309951943504884
W037,merged,normal,24,n_pred,5.833333333333333
W037,merged,normal,24,n_reg,5.833333333333333
W037,merged,normal,32,f1@0.5,0.4962484439029062
W037,merged,normal,32,f1@0.75,0.3905115225481358
W037,merged,normal,32,miou,0.5235499823245758
W037,merged,normal,32,n_pred,6.833333333333333
W037,merged,normal,32,n_reg,6.833333333333333
W037,merged,normal,48,f1@0.5,0.390251363703376
W037,merged,normal,48,f1@0.75,0.2908187544023457
W037,merged,normal,48,miou,0.3991229866808112
W037,merged,normal,48,n_pred,5.5
W037,merged,normal,48,n_reg,5.5
W037,merged,rgb,4,f1@0.5,0.6243940921143438
W037,merged,rgb,4,f1@0.75,0.5023224577143341
W037,merged,rgb,4,miou,0.6676209970508965
W037,merged,rgb,4,n_pred,6.083333333333333
W037,merged,rgb,4,n_reg,6.083333333333333
W037,merged,rgb,6,f1@0.5,0.8239540330844678
W037,merged,rgb,6,f1@0.75,0.5631591275069536
W037,merged,rgb,6,miou,0.8264013635273323
W037,merged,rgb,6,n_pred,9.583333333333334
W037,merged,rgb,6,n_reg,9.583333333333334
W037,merged,rgb,8,f1@0.5,0.7945707070707071
W037,merged,rgb,8,f1@0.75,0.5538327721661055
W037,merged,rgb,8,miou,0.7583644038928213
W037,merged,rgb,8,n_pred,11.083333333333334
W037,merged,rgb,8,n_reg,11.083333333333334
W037,merged,rgb,12,f1@0.5,0.8810664202311799
W037,merged,rgb,12,f1@0.75,0.6454805491990846
W037,merged,rgb,12,miou,0.9023716092815444
W037,merged,rgb,12,n_pred,10.583333333333334
W037,merged,rgb,12,n_reg,10.583333333333334
W037,merged,rgb,16,f1@0.5,0.7954001153943945
W037,merged,rgb,16,f1@0.75,0.5598142443622993
W037,merged,rgb,16,miou,0.7583770969734314
W037,merged,rgb,16,n_pred,10.583333333333334
W037,merged,rgb,16,n_reg,10.583333333333334
W037,merged,rgb,24,f1@0.5,0.8346005202526942
W037,merged,rgb,24,f1@0.75,0.5781989347206739
W037,merged,rgb,24,miou,0.7579980628609814
W037,merged,rgb,24,n_pred,11.5
W037,merged,rgb,24,n_reg,11.5
W037,merged,rgb,32,f1@0.5,0.840773359758867
W037,merged,rgb,32,f1@0.75,0.5843717742268467
W037,merged,rgb,32,miou,0.7590991024043356
W037,merged,rgb,32,n_pred,11.5
W037,merged,rgb,32,n_reg,11.5
W037,merged,rgb,48,f1@0.5,0.7954001153943945
W037,merged,rgb,48,f1@0.75,0.5667586888067437
W037,merged,rgb,48,miou,0.7578082353142359
W037,merged,rgb,48,n_pred,10.583333333333334
W037,merged,rgb,48,n_reg,10.583333333333334
W037,raw,depth,4,f1@0.5,0.3761350209593579
W037,raw,depth,4,f1@0.75,0.295307773619121
W037,raw,depth,4,miou,0.490646220774505
W037,raw,depth,4,n_pred,7.0
W037,raw,depth,4,n_reg,7.0
W037,raw,depth,6,f1@0.5,0.4227971162114385
W037,raw,depth,6,f1@0.75,0.2730399537944295
W037,raw,depth,6,miou,0.552506640118269
W037,raw,depth,6,n_pred,7.833333333333333
W037,raw,depth,6,n_reg,7.833333333333333
W037,raw,depth,8,f1@0.5,0.4033331764853504
W037,raw,depth,8,f1@0.75,0.3237080431645649
W037,raw,depth,8,miou,0.566908543436159
W037,raw,depth,8,n_pred,8.833333333333334
W037,raw,depth,8,n_reg,8.833333333333334
W037,raw,depth,12,f1@0.5,0.4563692905111669
W037,raw,depth,12,f1@0.75,0.3370957017810564
W037,raw,depth,12,miou,0.5714676929596675
W037,raw,depth,12,n_pred,9.833333333333334
W037,raw,depth,12,n_reg,9.833333333333334
W037,raw,depth,16,f1@0.5,0.4563692905111669
W037,raw,depth,16,f1@0.75,0.3370957017810564
W037,raw,depth,16,miou,0.5651553431387654
W037,raw,depth,16,n_pred,9.833333333333334
W037,raw,depth,16,n_reg,9.833333333333334
W037,raw,depth,24,f1@0.5,0.4563692905111669
W037,raw,depth,24,f1@0.75,0.3370957017810564
W037,raw,depth,24,miou,0.5688515787666991
W037,raw,depth,24,n_pred,9.833333333333334
W037,raw,depth,24,n_reg,9.833333333333334
W037,raw,depth,32,f1@0.5,0.4496809629475533
W037,raw,depth,32,f1@0.75,0.3310753415158449
W037,raw,depth,32,miou,0.5663792099913506
W037,raw,depth,32,n_pred,10.166666666666666
W037,raw,depth,32,n_reg,10.833333333333334
W037,raw,depth,48,f1@0.5,0.6390629213569717
W037,raw,depth,48,f1@0.75,0.4414648968710753
W037,raw,depth,48,miou,0.549656408639085
W037,raw,depth,48,n_pred,9.666666666666666
W037,raw,depth,48,n_reg,9.833333333333334
W037,raw,normal,4,f1@0.5,0.1269618317412435
W037,raw,normal,4,f1@0.75,0.1269618317412435
W037,raw,normal,4,miou,0.1712819769668065
W037,raw,normal,4,n_pred,2.9166666666666665
W037,raw,normal,4,n_reg,3.0
W037,raw,normal,6,f1@0.5,0.3194757727652464
W037,raw,normal,6,f1@0.75,0.2129838485101642
W037,raw,normal,6,miou,0.3876173523762956
W037,raw,normal,6,n_pred,5.916666666666667
W037,raw,normal,6,n_reg,6.0
W037,raw,normal,8,f1@0.5,0.3942813638179771
W037,raw,normal,8,f1@0.75,0.2195138703147856
W037,raw,normal,8,miou,0.462146784593805
W037,raw,normal,8,n_pred,6.833333333333333
W037,raw,normal,8,n_reg,6.833333333333333
W037,raw,normal,12,f1@0.5,0.4078580289106605
W037,raw,normal,12,f1@0.75,0.2954868231184021
W037,raw,normal,12,miou,0.4315313101965372
W037,raw,normal,12,n_pred,5.833333333333333
W037,raw,normal,12,n_reg,5.833333333333333
W037,raw,normal,16,f1@0.5,0.3259692792587529
W037,raw,normal,16,f1@0.75,0.2749724690514164
W037,raw,normal,16,miou,0.3909704313087827
W037,raw,normal,16,n_pred,6.0
W037,raw,normal,16,n_reg,6.0
W037,raw,normal,24,f1@0.5,0.4078580289106605
W037,raw,normal,24,f1@0.75,0.2879110655426445
W037,raw,normal,24,miou,0.4309951943504884
W037,raw,normal,24,n_pred,5.833333333333333
W037,raw,normal,24,n_reg,5.833333333333333
W037,raw,normal,32,f1@0.5,0.4721668641105981
W037,raw,normal,32,f1@0.75,0.2743938286777161
W037,raw,normal,32,miou,0.5235499823245758
W037,raw,normal,32,n_pred,7.833333333333333
W037,raw,normal,32,n_reg,7.833333333333333
W037,raw,normal,48,f1@0.5,0.4321004531530847
W037,raw,normal,48,f1@0.75,0.2837443988759778
W037,raw,normal,48,miou,0.3997909303916604
W037,raw,normal,48,n_pred,6.0
W037,raw,normal,48,n_reg,6.0
W037,raw,rgb,4,f1@0.5,0.5421706935322496
W037,raw,rgb,4,f1@0.75,0.3600487054262797
W037,raw,rgb,4,miou,0.6676209970508965
W037,raw,rgb,4,n_pred,8.916666666666666
W037,raw,rgb,4,n_reg,9.0
W037,raw,rgb,6,f1@0.5,0.7527465744132411
W037,raw,rgb,6,f1@0.75,0.4392436575769909
W037,raw,rgb,6,miou,0.8264013635273323
W037,raw,rgb,6,n_pred,11.666666666666666
W037,raw,rgb,6,n_reg,11.833333333333334
W037,raw,rgb,8,f1@0.5,0.6707644377162844
W037,raw,rgb,8,f1@0.75,0.3131639253764481
W037,raw,rgb,8,miou,0.7584053008292274
W037,raw,rgb,8,n_pred,15.166666666666666
W037,raw,rgb,8,n_reg,16.083333333333332
W037,raw,rgb,12,f1@0.5,0.7542085468809606
W037,raw,rgb,12,f1@0.75,0.4116431142293211
W037,raw,rgb,12,miou,0.9023716092815444
W037,raw,rgb,12,n_pred,14.5
W037,raw,rgb,12,n_reg,14.833333333333334
W037,raw,rgb,16,f1@0.5,0.6798252989907163
W037,raw,rgb,16,f1@0.75,0.3377147735655981
W037,raw,rgb,16,miou,0.7583770969734314
W037,raw,rgb,16,n_pred,14.5
W037,raw,rgb,16,n_reg,14.75
W037,raw,rgb,24,f1@0.5,0.7183146257559051
W037,raw,rgb,24,f1@0.75,0.3365317473538363
W037,raw,rgb,24,miou,0.7580405940123532
W037,raw,rgb,24,n_pred,15.083333333333334
W037,raw,rgb,24,n_reg,15.666666666666666
W037,raw,rgb,32,f1@0.5,0.7240617521926866
W037,raw,rgb,32,f1@0.75,0.3480260002273995
W037,raw,rgb,32,miou,0.7591416414183914
W037,raw,rgb,32,n_pred,15.083333333333334
W037,raw,rgb,32,n_reg,15.666666666666666
W037,raw,rgb,48,f1@0.5,0.6552511880654261
W037,raw,rgb,48,f1@0.75,0.3096361137935109
W037,raw,rgb,48,miou,0.7578082353142359
W037,raw,rgb,48,n_pred,15.5
W037,raw,rgb,48,n_reg,16.666666666666668
W038,merged,depth,4,f1@0.5,0.3268242013404552
W038,merged,depth,4,f1@0.75,0.2931148041200285
W038,merged,depth,4,miou,0.3965449415426447
W038,merged,depth,4,n_pred,3.75
W038,merged,depth,4,n_reg,3.75
W038,merged,depth,6,f1@0.5,0.4644162489557226
W038,merged,depth,6,f1@0.75,0.3648861737677527
W038,merged,depth,6,miou,0.4554526288446441
W038,merged,depth,6,n_pred,5.4375
W038,merged,depth,6,n_reg,5.4375
W038,merged,depth,8,f1@0.5,0.4920217209690893
W038,merged,depth,8,f1@0.75,0.4482899958228905
W038,merged,depth,8,miou,0.5389888924864474
W038,merged,depth,8,n_pred,5.625
W038,merged,depth,8,n_reg,5.625
W038,merged,depth,12,f1@0.5,0.5369274274701906
W038,merged,depth,12,f1@0.75,0.442833171945014
W038,merged,depth,12,miou,0.5405943419983861
W038,merged,depth,12,n_pred,6.3125
W038,merged,depth,12,n_reg,6.3125
W038,merged,depth,16,f1@0.5,0.5415269945697577
W038,merged,depth,16,f1@0.75,0.4474327390445811
W038,merged,depth,16,miou,0.539784797505181
W038,merged,depth,16,n_pred,6.375
W038,merged,depth,16,n_reg,6.375
W038,merged,depth,24,f1@0.5,0.4983847237494262
W038,merged,depth,24,f1@0.75,0.4119529978189875
W038,merged,depth,24,miou,0.5446801113321835
W038,merged,depth,24,n_pred,8.0
W038,merged,depth,24,n_reg,8.125
W038,merged,depth,32,f1@0.5,0.4911001152419916
W038,merged,depth,32,f1@0.75,0.405165401357478
W038,merged,depth,32,miou,0.5467342387993311
W038,merged,depth,32,n_pred,8.0625
W038,merged,depth,32,n_reg,8.0625
W038,merged,depth,48,f1@0.5,0.4417613909512213
W038,merged,depth,48,f1@0.75,0.2977551530025366
W038,merged,depth,48,miou,0.548255526795621
W038,merged,depth,48,n_pred,7.375
W038,merged,depth,48,n_reg,7.4375
W038,merged,normal,4,f1@0.5,0.5669873212442872
W038,merged,normal,4,f1@0.75,0.4595403951054105
W038,merged,normal,4,miou,0.6083518264116858
W038,merged,normal,4,n_pred,6.1875
W038,merged,normal,4,n_reg,6.1875
W038,merged,normal,6,f1@0.5,0.7053098924022837
W038,merged,normal,6,f1@0.75,0.524806488801054
W038,merged,normal,6,miou,0.7365853912378482
W038,merged,normal,6,n_pred,8.6875
W038,merged,normal,6,n_reg,8.9375
W038,merged,normal,8,f1@0.5,0.7924060707599037
W038,merged,normal,8,f1@0.75,0.6312885722210665
W038,merged,normal,8,miou,0.7951732797310223
W038,merged,normal,8,n_pred,8.5
W038,merged,normal,8,n_reg,8.5
W038,merged,normal,12,f1@0.5,0.7846656228020644
W038,merged,normal,12,f1@0.75,0.6277408669070568
W038,merged,normal,12,miou,0.7994341314419156
W038,merged,normal,12,n_pred,8.5625
W038,merged,normal,12,n_reg,8.75
W038,merged,normal,16,f1@0.5,0.8076253236021542
W038,merged,normal,16,f1@0.75,0.6050592596444999
W038,merged,normal,16,miou,0.8023178292702292
W038,merged,normal,16,n_pred,9.375
W038,merged,normal,16,n_reg,9.75
W038,merged,normal,24,f1@0.5,0.7919755643225322
W038,merged,normal,24,f1@0.75,0.6295683522871738
W038,merged,normal,24,miou,0.8026458806011185
W038,merged,normal,24,n_pred,8.6875
W038,merged,normal,24,n_reg,8.9375
W038,merged,normal,32,f1@0.5,0.8157033868432609
W038,merged,normal,32,f1@0.75,0.6022551314055891
W038,merged,normal,32,miou,0.8037602749664763
W038,merged,normal,32,n_pred,9.4375
W038,merged,normal,32,n_reg,10.0
W038,merged,normal,48,f1@0.5,0.8080370495573584
W038,merged,normal,48,f1@0.75,0.5993936360169198
W038,merged,normal,48,miou,0.8061739377828381
W038,merged,normal,48,n_pred,9.375
W038,merged,normal,48,n_reg,9.9375
W038,merged,rgb,4,f1@0.5,0.7601879592416677
W038,merged,rgb,4,f1@0.75,0.593645440060082
W038,merged,rgb,4,miou,0.7489101474121563
W038,merged,rgb,4,n_pred,8.3125
W038,merged,rgb,4,n_reg,8.4375
W038,merged,rgb,6,f1@0.5,0.8170565146348394
W038,merged,rgb,6,f1@0.75,0.6786774877935364
W038,merged,rgb,6,miou,0.8045970293725198
W038,merged,rgb,6,n_pred,8.875
W038,merged,rgb,6,n_reg,8.9375
W038,merged,rgb,8,f1@0.5,0.8692726271630734
W038,merged,rgb,8,f1@0.75,0.687908841254093
W038,merged,rgb,8,miou,0.8932390788319611
W038,merged,rgb,8,n_pred,10.5
W038,merged,rgb,8,n_reg,10.75
W038,merged,rgb,12,f1@0.5,0.864225286589417
W038,merged,rgb,12,f1@0.75,0.7258299550690855
W038,merged,rgb,12,miou,0.8880837565490362
W038,merged,rgb,12,n_pred,10.25
W038,merged,rgb,12,n_reg,10.3125
W038,merged,rgb,16,f1@0.5,0.9537865270059206
W038,merged,rgb,16,f1@0.75,0.772942558225739
W038,merged,rgb,16,miou,0.8981586278156295
W038,merged,rgb,16,n_pred,11.875
W038,merged,rgb,16,n_reg,11.9375
W038,merged,rgb,24,f1@0.5,0.93508543642983
W038,merged,rgb,24,f1@0.75,0.7307239586415788
W038,merged,rgb,24,miou,0.8927577262599432
W038,merged,rgb,24,n_pred,11.6875
W038,merged,rgb,24,n_reg,11.9375
W038,merged,rgb,32,f1@0.5,0.9219198410602872
W038,merged,rgb,32,f1@0.75,0.7767088917947041
W038,merged,rgb,32,miou,0.892266580144837
W038,merged,rgb,32,n_pred,11.25
W038,merged,rgb,32,n_reg,11.3125
W038,merged,rgb,48,f1@0.5,0.93508543642983
W038,merged,rgb,48,f1@0.75,0.7369739586415788
W038,merged,rgb,48,miou,0.8946500104086577
W038,merged,rgb,48,n_pred,11.6875
W038,merged,rgb,48,n_reg,11.9375
W038,raw,depth,4,f1@0.5,0.2733941164184972
W038,raw,depth,4,f1@0.75,0.1854295665634674
W038,raw,depth,4,miou,0.3965449415426447
W038,raw,depth,4,n_pred,5.3125
W038,raw,depth,4,n_reg,5.875
W038,raw,depth,6,f1@0.5,0.4129389524948735
W038,raw,depth,6,f1@0.75,0.266893915660363
W038,raw,depth,6,miou,0.4554526288446441
W038,raw,depth,6,n_pred,6.625
W038,raw,depth,6,n_reg,7.125
W038,raw,depth,8,f1@0.5,0.4403356946845724
W038,raw,depth,8,f1@0.75,0.3449195557409567
W038,raw,depth,8,miou,0.5389888924864474
W038,raw,depth,8,n_pred,6.8125
W038,raw,depth,8,n_reg,7.25
W038,raw,depth,12,f1@0.5,0.4859682164679893
W038,raw,depth,12,f1@0.75,0.3402200326510883
W038,raw,depth,12,miou,0.5405943419983861
W038,raw,depth,12,n_pred,7.4375
W038,raw,depth,12,n_reg,7.9375
W038,raw,depth,16,f1@0.5,0.4914029990766849
W038,raw,depth,16,f1@0.75,0.3510895978684796
W038,raw,depth,16,miou,0.539784797505181
W038,raw,depth,16,n_pred,7.4375
W038,raw,depth,16,n_reg,7.9375
W038,raw,depth,24,f1@0.5,0.4520781325844255
W038,raw,depth,24,f1@0.75,0.3228497937036266
W038,raw,depth,24,miou,0.5446801113321835
W038,raw,depth,24,n_pred,9.1875
W038,raw,depth,24,n_reg,9.9375
W038,raw,depth,32,f1@0.5,0.444514138607388
W038,raw,depth,32,f1@0.75,0.3110412580363953
W038,raw,depth,32,miou,0.5467342387993311
W038,raw,depth,32,n_pred,9.3125
W038,raw,depth,32,n_reg,9.625
W038,raw,depth,48,f1@0.5,0.3993563350900307
W038,raw,depth,48,f1@0.75,0.2126962560386473
W038,raw,depth,48,miou,0.548255526795621
W038,raw,depth,48,n_pred,8.4375
W038,raw,depth,48,n_reg,8.625
W038,raw,normal,4,f1@0.5,0.4880395758781981
W038,raw,normal,4,f1@0.75,0.4170595271601463
W038,raw,normal,4,miou,0.6083518264116858
W038,raw,normal,4,n_pred,7.0625
W038,raw,normal,4,n_reg,7.3125
W038,raw,normal,6,f1@0.5,0.5687011368261368
W038,raw,normal,6,f1@0.75,0.3292761636511636
W038,raw,normal,6,miou,0.7365853912378482
W038,raw,normal,6,n_pred,11.625
W038,raw,normal,6,n_reg,12.1875
W038,raw,normal,8,f1@0.5,0.6744369555882713
W038,raw,normal,8,f1@0.75,0.468168322905165
W038,raw,normal,8,miou,0.7951732797310223
W038,raw,normal,8,n_pred,10.375
W038,raw,normal,8,n_reg,10.8125
W038,raw,normal,12,f1@0.5,0.583243443352139
W038,raw,normal,12,f1@0.75,0.3913935299804865
W038,raw,normal,12,miou,0.7994394042308719
W038,raw,normal,12,n_pred,12.125
W038,raw,normal,12,n_reg,12.875
W038,raw,normal,16,f1@0.5,0.5838810509275277
W038,raw,normal,16,f1@0.75,0.369090156920929
W038,raw,normal,16,miou,0.8023231093674456
W038,raw,normal,16,n_pred,13.625
W038,raw,normal,16,n_reg,14.75
W038,raw,normal,24,f1@0.5,0.5836514142236445
W038,raw,normal,24,f1@0.75,0.385011128019147
W038,raw,normal,24,miou,0.8026511558246697
W038,raw,normal,24,n_pred,12.75
W038,raw,normal,24,n_reg,14.125
W038,raw,normal,32,f1@0.5,0.5857229092839161
W038,raw,normal,32,f1@0.75,0.3641128758992584
W038,raw,normal,32,miou,0.8037602749664763
W038,raw,normal,32,n_pred,14.5
W038,raw,normal,32,n_reg,16.4375
W038,raw,normal,48,f1@0.5,0.586917248697004
W038,raw,normal,48,f1@0.75,0.3693960541631565
W038,raw,normal,48,miou,0.8061741048841807
W038,raw,normal,48,n_pred,13.8125
W038,raw,normal,48,n_reg,15.25
W038,raw,rgb,4,f1@0.5,0.631405079464963
W038,raw,rgb,4,f1@0.75,0.4621780665422979
W038,raw,rgb,4,miou,0.7489101474121563
W038,raw,rgb,4,n_pred,11.3125
W038,raw,rgb,4,n_reg,12.0625
W038,raw,rgb,6,f1@0.5,0.6710502898660793
W038,raw,rgb,6,f1@0.75,0.5152159280777702
W038,raw,rgb,6,miou,0.8045970293725198
W038,raw,rgb,6,n_pred,12.5625
W038,raw,rgb,6,n_reg,13.25
W038,raw,rgb,8,f1@0.5,0.5819764737843383
W038,raw,rgb,8,f1@0.75,0.3779003092022593
W038,raw,rgb,8,miou,0.8932390788319611
W038,raw,rgb,8,n_pred,16.8125
W038,raw,rgb,8,n_reg,17.5625
W038,raw,rgb,12,f1@0.5,0.6837954138155751
W038,raw,rgb,12,f1@0.75,0.4891309261974584
W038,raw,rgb,12,miou,0.8880837565490362
W038,raw,rgb,12,n_pred,15.25
W038,raw,rgb,12,n_reg,16.3125
W038,raw,rgb,16,f1@0.5,0.7377201454886877
W038,raw,rgb,16,f1@0.75,0.4958293080415842
W038,raw,rgb,16,miou,0.8981586278156295
W038,raw,rgb,16,n_pred,17.625
W038,raw,rgb,16,n_reg,18.9375
W038,raw,rgb,24,f1@0.5,0.6544354242698026
W038,raw,rgb,24,f1@0.75,0.4041752785008292
W038,raw,rgb,24,miou,0.8927577262599432
W038,raw,rgb,24,n_pred,17.6875
W038,raw,rgb,24,n_reg,18.75
W038,raw,rgb,32,f1@0.5,0.7413647840316815
W038,raw,rgb,32,f1@0.75,0.51718076775043
W038,raw,rgb,32,miou,0.892266580144837
W038,raw,rgb,32,n_pred,15.5625
W038,raw,rgb,32,n_reg,16.375
W038,raw,rgb,48,f1@0.5,0.6566389499108283
W038,raw,rgb,48,f1@0.75,0.4048855057735565
W038,raw,rgb,48,miou,0.8946500104086577
W038,raw,rgb,48,n_pred,17.625
W038,raw,rgb,48,n_reg,18.75
W039,merged,depth,4,f1@0.5,0.2081384503869024
W039,merged,depth,4,f1@0.75,0.1472216977209237
W039,merged,depth,4,miou,0.2775771408768231
W039,merged,depth,4,n_pred,3.0
W039,merged,depth,4,n_reg,3.0
W039,merged,depth,6,f1@0.5,0.2081384503869024
W039,merged,depth,6,f1@0.75,0.1472216977209237
W039,merged,depth,6,miou,0.277374844379122
W039,merged,depth,6,n_pred,3.0
W039,merged,depth,6,n_reg,3.0
W039,merged,depth,8,f1@0.5,0.3156698873881536
W039,merged,depth,8,f1@0.75,0.2064933308006063
W039,merged,depth,8,miou,0.4210978424798804
W039,merged,depth,8,n_pred,3.95
W039,merged,depth,8,n_reg,3.95
W039,merged,depth,12,f1@0.5,0.3858475137693404
W039,merged,depth,12,f1@0.75,0.254348077962629
W039,merged,depth,12,miou,0.4683857147372107
W039,merged,depth,12,n_pred,4.35
W039,merged,depth,12,n_reg,4.4
W039,merged,depth,16,f1@0.5,0.3257520781591989
W039,merged,depth,16,f1@0.75,0.2143586435923897
W039,merged,depth,16,miou,0.4229810540103151
W039,merged,depth,16,n_pred,4.3
W039,merged,depth,16,n_reg,4.3
W039,merged,depth,24,f1@0.5,0.3257520781591989
W039,merged,depth,24,f1@0.75,0.2143586435923897
W039,merged,depth,24,miou,0.4211535357656714
W039,merged,depth,24,n_pred,4.3
W039,merged,depth,24,n_reg,4.3
W039,merged,depth,32,f1@0.5,0.4182920424948289
W039,merged,depth,32,f1@0.75,0.2740027821335871
W039,merged,depth,32,miou,0.4621189348108349
W039,merged,depth,32,n_pred,5.25
W039,merged,depth,32,n_reg,5.25
W039,merged,depth,48,f1@0.5,0.4690469935980771
W039,merged,depth,48,f1@0.75,0.3182066965542197
W039,merged,depth,48,miou,0.5043869773916275
W039,merged,depth,48,n_pred,5.25
W039,merged,depth,48,n_reg,5.35
W039,merged,normal,4,f1@0.5,0.5764387242444518
W039,merged,normal,4,f1@0.75,0.3397880915953671
W039,merged,normal,4,miou,0.4428299926268005
W039,merged,normal,4,n_pred,5.05
W039,merged,normal,4,n_reg,5.1
W039,merged,normal,6,f1@0.5,0.5464408347070886
W039,merged,normal,6,f1@0.75,0.3795973947792833
W039,merged,normal,6,miou,0.4780714263326916
W039,merged,normal,6,n_pred,5.55
W039,merged,normal,6,n_reg,5.55
W039,merged,normal,8,f1@0.5,0.5633839500712565
W039,merged,normal,8,f1@0.75,0.3505944562833107
W039,merged,normal,8,miou,0.461006537623426
W039,merged,normal,8,n_pred,5.65
W039,merged,normal,8,n_reg,5.65
W039,merged,normal,12,f1@0.5,0.6583819008499315
W039,merged,normal,12,f1@0.75,0.4219099563409026
W039,merged,normal,12,miou,0.615030177440476
W039,merged,normal,12,n_pred,7.35
W039,merged,normal,12,n_reg,7.35
W039,merged,normal,16,f1@0.5,0.6715257098983038
W039,merged,normal,16,f1@0.75,0.4204250941547348
W039,merged,normal,16,miou,0.6224825547297309
W039,merged,normal,16,n_pred,7.65
W039,merged,normal,16,n_reg,7.65
W039,merged,normal,24,f1@0.5,0.6317670047007777
W039,merged,normal,24,f1@0.75,0.3983460006289458
W039,merged,normal,24,miou,0.5914027707204534
W039,merged,normal,24,n_pred,6.8
W039,merged,normal,24,n_reg,6.8
W039,merged,normal,32,f1@0.5,0.7082275570931513
W039,merged,normal,32,f1@0.75,0.3960105050271963
W039,merged,normal,32,miou,0.6604038524823339
W039,merged,normal,32,n_pred,7.25
W039,merged,normal,32,n_reg,7.25
W039,merged,normal,48,f1@0.5,0.6317670047007777
W039,merged,normal,48,f1@0.75,0.3983460006289458
W039,merged,normal,48,miou,0.5907775350742261
W039,merged,normal,48,n_pred,6.8
W039,merged,normal,48,n_reg,6.8
W039,merged,rgb,4,f1@0.5,0.5581486805248416
W039,merged,rgb,4,f1@0.75,0.3913204580077645
W039,merged,rgb,4,miou,0.5112438347812973
W039,merged,rgb,4,n_pred,5.0
W039,merged,rgb,4,n_reg,5.05
W039,merged,rgb,6,f1@0.5,0.7046572306972428
W039,merged,rgb,6,f1@0.75,0.5015913591090263
W039,merged,rgb,6,miou,0.623053584293522
W039,merged,rgb,6,n_pred,7.35
W039,merged,rgb,6,n_reg,7.4
W039,merged,rgb,8,f1@0.5,0.6867247935243291
W039,merged,rgb,8,f1@0.75,0.5148738426176507
W039,merged,rgb,8,miou,0.6793142925777528
W039,merged,rgb,8,n_pred,7.05
W039,merged,rgb,8,n_reg,7.1
W039,merged,rgb,12,f1@0.5,0.7398991064573243
W039,merged,rgb,12,f1@0.75,0.5700650869523531
W039,merged,rgb,12,miou,0.7134715869962249
W039,merged,rgb,12,n_pred,8.15
W039,merged,rgb,12,n_reg,8.4
W039,merged,rgb,16,f1@0.5,0.7743499054452077
W039,merged,rgb,16,f1@0.75,0.5871083214955876
W039,merged,rgb,16,miou,0.7124889259061811
W039,merged,rgb,16,n_pred,8.4
W039,merged,rgb,16,n_reg,8.45
W039,merged,rgb,24,f1@0.5,0.7786977315321642
W039,merged,rgb,24,f1@0.75,0.5914561475825442
W039,merged,rgb,24,miou,0.714136652207274
W039,merged,rgb,24,n_pred,8.4
W039,merged,rgb,24,n_reg,8.5
W039,merged,rgb,32,f1@0.5,0.7786977315321642
W039,merged,rgb,32,f1@0.75,0.5960016021279987
W039,merged,rgb,32,miou,0.7129731345628109
W039,merged,rgb,32,n_pred,8.4
W039,merged,rgb,32,n_reg,8.5
W039,merged,rgb,48,f1@0.5,0.7076957245354069
W039,merged,rgb,48,f1@0.75,0.4718279309419436
W039,merged,rgb,48,miou,0.6324512656332456
W039,merged,rgb,48,n_pred,8.45
W039,merged,rgb,48,n_reg,8.5
W039,raw,depth,4,f1@0.5,0.2081384503869024
W039,raw,depth,4,f1@0.75,0.1472216977209237
W039,raw,depth,4,miou,0.2775771408768231
W039,raw,depth,4,n_pred,3.0
W039,raw,depth,4,n_reg,3.0
W039,raw,depth,6,f1@0.5,0.2081384503869024
W039,raw,depth,6,f1@0.75,0.1472216977209237
W039,raw,depth,6,miou,0.277374844379122
W039,raw,depth,6,n_pred,3.0
W039,raw,depth,6,n_reg,3.0
W039,raw,depth,8,f1@0.5,0.3156698873881536
W039,raw,depth,8,f1@0.75,0.2064933308006063
W039,raw,depth,8,miou,0.4210978424798804
W039,raw,depth,8,n_pred,3.95
W039,raw,depth,8,n_reg,3.95
W039,raw,depth,12,f1@0.5,0.3046875432788745
W039,raw,depth,12,f1@0.75,0.1882031504786922
W039,raw,depth,12,miou,0.4683857147372107
W039,raw,depth,12,n_pred,5.45
W039,raw,depth,12,n_reg,5.5
W039,raw,depth,16,f1@0.5,0.3218305095317479
W039,raw,depth,16,f1@0.75,0.213051454049906
W039,raw,depth,16,miou,0.4229810540103151
W039,raw,depth,16,n_pred,4.5
W039,raw,depth,16,n_reg,4.5
W039,raw,depth,24,f1@0.5,0.3218305095317479
W039,raw,depth,24,f1@0.75,0.213051454049906
W039,raw,depth,24,miou,0.4211535357656714
W039,raw,depth,24,n_pred,4.5
W039,raw,depth,24,n_reg,4.5
W039,raw,depth,32,f1@0.5,0.4136136799217295
W039,raw,depth,32,f1@0.75,0.2716636008470373
W039,raw,depth,32,miou,0.4621189348108349
W039,raw,depth,32,n_pred,5.45
W039,raw,depth,32,n_reg,5.45
W039,raw,depth,48,f1@0.5,0.3869287254115293
W039,raw,depth,48,f1@0.75,0.251301506352489
W039,raw,depth,48,miou,0.5043869773916275
W039,raw,depth,48,n_pred,6.35
W039,raw,depth,48,n_reg,6.45
W039,raw,normal,4,f1@0.5,0.3735452816876966
W039,raw,normal,4,f1@0.75,0.219892011153621
W039,raw,normal,4,miou,0.4428299926268005
W039,raw,normal,4,n_pred,7.5
W039,raw,normal,4,n_reg,7.85
W039,raw,normal,6,f1@0.5,0.3600287776640583
W039,raw,normal,6,f1@0.75,0.2317888306261573
W039,raw,normal,6,miou,0.4780714263326916
W039,raw,normal,6,n_pred,8.15
W039,raw,normal,6,n_reg,8.4
W039,raw,normal,8,f1@0.5,0.3333151785920664
W039,raw,normal,8,f1@0.75,0.2345063515177931
W039,raw,normal,8,miou,0.461006537623426
W039,raw,normal,8,n_pred,8.35
W039,raw,normal,8,n_reg,8.4
W039,raw,normal,12,f1@0.5,0.4491077011809277
W039,raw,normal,12,f1@0.75,0.3059671565827172
W039,raw,normal,12,miou,0.615030177440476
W039,raw,normal,12,n_pred,9.9
W039,raw,normal,12,n_reg,10.0
W039,raw,normal,16,f1@0.5,0.4746050413693434
W039,raw,normal,16,f1@0.75,0.3031562260944412
W039,raw,normal,16,miou,0.6224825547297309
W039,raw,normal,16,n_pred,10.15
W039,raw,normal,16,n_reg,10.45
W039,raw,normal,24,f1@0.5,0.426029186298065
W039,raw,normal,24,f1@0.75,0.2822977937394413
W039,raw,normal,24,miou,0.5914027707204534
W039,raw,normal,24,n_pred,9.3
W039,raw,normal,24,n_reg,9.45
W039,raw,normal,32,f1@0.5,0.4445318296840035
W039,raw,normal,32,f1@0.75,0.278599671664889
W039,raw,normal,32,miou,0.6604038524823339
W039,raw,normal,32,n_pred,10.3
W039,raw,normal,32,n_reg,10.35
W039,raw,normal,48,f1@0.5,0.4249765547191176
W039,raw,normal,48,f1@0.75,0.2815083200552308
W039,raw,normal,48,miou,0.5907775350742261
W039,raw,normal,48,n_pred,9.35
W039,raw,normal,48,n_reg,9.35
W039,raw,rgb,4,f1@0.5,0.465434648453056
W039,raw,rgb,4,f1@0.75,0.2954235375720434
W039,raw,rgb,4,miou,0.5112438347812973
W039,raw,rgb,4,n_pred,6.7
W039,raw,rgb,4,n_reg,6.95
W039,raw,rgb,6,f1@0.5,0.6385625394183746
W039,raw,rgb,6,f1@0.75,0.4128888987950773
W039,raw,rgb,6,miou,0.6230723890822153
W039,raw,rgb,6,n_pred,8.5
W039,raw,rgb,6,n_reg,8.95
W039,raw,rgb,8,f1@0.5,0.597144595805923
W039,raw,rgb,8,f1@0.75,0.4054649482223853
W039,raw,rgb,8,miou,0.6793142925777528
W039,raw,rgb,8,n_pred,8.85
W039,raw,rgb,8,n_reg,9.55
W039,raw,rgb,12,f1@0.5,0.6133320431581301
W039,raw,rgb,12,f1@0.75,0.4060644781949129
W039,raw,rgb,12,miou,0.7134715869962249
W039,raw,rgb,12,n_pred,11.0
W039,raw,rgb,12,n_reg,11.45
W039,raw,rgb,16,f1@0.5,0.6064855704154805
W039,raw,rgb,16,f1@0.75,0.3978768315226336
W039,raw,rgb,16,miou,0.7125090667233551
W039,raw,rgb,16,n_pred,11.95
W039,raw,rgb,16,n_reg,13.45
W039,raw,rgb,24,f1@0.5,0.5707116781605223
W039,raw,rgb,24,f1@0.75,0.3741321326923325
W039,raw,rgb,24,miou,0.7141563680458793
W039,raw,rgb,24,n_pred,13.5
W039,raw,rgb,24,n_reg,16.15
W039,raw,rgb,32,f1@0.5,0.5933964695002926
W039,raw,rgb,32,f1@0.75,0.3968527179550418
W039,raw,rgb,32,miou,0.7129930346976375
W039,raw,rgb,32,n_pred,12.5
W039,raw,rgb,32,n_reg,14.65
W039,raw,rgb,48,f1@0.5,0.6234985029378622
W039,raw,rgb,48,f1@0.75,0.3921881117018416
W039,raw,rgb,48,miou,0.632471397857813
W039,raw,rgb,48,n_pred,10.5
W039,raw,rgb,48,n_reg,11.2
W040,merged,depth,4,f1@0.5,0.2387980627600005
W040,merged,depth,4,f1@0.75,0.2023024841363941
W040,merged,depth,4,miou,0.3405358194410284
W040,merged,depth,4,n_pred,3.0
W040,merged,depth,4,n_reg,3.0
W040,merged,depth,6,f1@0.5,0.3612269526948091
W040,merged,depth,6,f1@0.75,0.2736791224316265
W040,merged,depth,6,miou,0.3554521574439641
W040,merged,depth,6,n_pred,3.7058823529411766
W040,merged,depth,6,n_reg,3.7058823529411766
W040,merged,depth,8,f1@0.5,0.3218336783716496
W040,merged,depth,8,f1@0.75,0.2740231196796485
W040,merged,depth,8,miou,0.4537476029240407
W040,merged,depth,8,n_pred,3.7058823529411766
W040,merged,depth,8,n_reg,3.7058823529411766
W040,merged,depth,12,f1@0.5,0.3218336783716496
W040,merged,depth,12,f1@0.75,0.2740231196796485
W040,merged,depth,12,miou,0.4537534074559555
W040,merged,depth,12,n_pred,3.7058823529411766
W040,merged,depth,12,n_reg,3.7058823529411766
W040,merged,depth,16,f1@0.5,0.3208016866275835
W040,merged,depth,16,f1@0.75,0.2736791224316265
W040,merged,depth,16,miou,0.4557263713392976
W040,merged,depth,16,n_pred,3.764705882352941
W040,merged,depth,16,n_reg,4.0
W040,merged,depth,24,f1@0.5,0.3218336783716496
W040,merged,depth,24,f1@0.75,0.2740231196796485
W040,merged,depth,24,miou,0.4538000495102001
W040,merged,depth,24,n_pred,3.7058823529411766
W040,merged,depth,24,n_reg,4.0588235294117645
W040,merged,depth,32,f1@0.5,0.2387980627600005
W040,merged,depth,32,f1@0.75,0.2023024841363941
W040,merged,depth,32,miou,0.340332930272664
W040,merged,depth,32,n_pred,3.0
W040,merged,depth,32,n_reg,3.294117647058824
W040,merged,depth,48,f1@0.5,0.2387980627600005
W040,merged,depth,48,f1@0.75,0.2023024841363941
W040,merged,depth,48,miou,0.3406068479904228
W040,merged,depth,48,n_pred,3.0
W040,merged,depth,48,n_reg,3.411764705882353
W040,merged,normal,4,f1@0.5,0.6541095552295698
W040,merged,normal,4,f1@0.75,0.5616787955159837
W040,merged,normal,4,miou,0.5640376541854321
W040,merged,normal,4,n_pred,5.0588235294117645
W040,merged,normal,4,n_reg,5.0588235294117645
W040,merged,normal,6,f1@0.5,0.710218686188455
W040,merged,normal,6,f1@0.75,0.5911479412754226
W040,merged,normal,6,miou,0.6530118039242211
W040,merged,normal,6,n_pred,5.764705882352941
W040,merged,normal,6,n_reg,5.764705882352941
W040,merged,normal,8,f1@0.5,0.7057467219641688
W040,merged,normal,8,f1@0.75,0.5925239302675107
W040,merged,normal,8,miou,0.6491661952977524
W040,merged,normal,8,n_pred,5.705882352941177
W040,merged,normal,8,n_reg,5.705882352941177
W040,merged,normal,12,f1@0.5,0.7221084142592065
W040,merged,normal,12,f1@0.75,0.5656147450356156
W040,merged,normal,12,miou,0.6975061415732968
W040,merged,normal,12,n_pred,6.588235294117647
W040,merged,normal,12,n_reg,6.588235294117647
W040,merged,normal,16,f1@0.5,0.7749977811930968
W040,merged,normal,16,f1@0.75,0.6007556681065902
W040,merged,normal,16,miou,0.7200558386143381
W040,merged,normal,16,n_pred,7.352941176470588
W040,merged,normal,16,n_reg,7.352941176470588
W040,merged,normal,24,f1@0.5,0.7749977811930968
W040,merged,normal,24,f1@0.75,0.6007556681065902
W040,merged,normal,24,miou,0.7194494321852736
W040,merged,normal,24,n_pred,7.352941176470588
W040,merged,normal,24,n_reg,7.352941176470588
W040,merged,normal,32,f1@0.5,0.7749977811930968
W040,merged,normal,32,f1@0.75,0.6007556681065902
W040,merged,normal,32,miou,0.72001048985733
W040,merged,normal,32,n_pred,7.352941176470588
W040,merged,normal,32,n_reg,7.352941176470588
W040,merged,normal,48,f1@0.5,0.7749977811930968
W040,merged,normal,48,f1@0.75,0.6007556681065902
W040,merged,normal,48,miou,0.718589502330398
W040,merged,normal,48,n_pred,7.352941176470588
W040,merged,normal,48,n_reg,7.352941176470588
W040,merged,rgb,4,f1@0.5,0.6400284325844333
W040,merged,rgb,4,f1@0.75,0.5096063677515144
W040,merged,rgb,4,miou,0.5744110758433284
W040,merged,rgb,4,n_pred,5.0588235294117645
W040,merged,rgb,4,n_reg,5.0588235294117645
W040,merged,rgb,6,f1@0.5,0.5680973905796343
W040,merged,rgb,6,f1@0.75,0.3051369662733713
W040,merged,rgb,6,miou,0.5506572323237846
W040,merged,rgb,6,n_pred,5.764705882352941
W040,merged,rgb,6,n_reg,5.764705882352941
W040,merged,rgb,8,f1@0.5,0.7286098207424013
W040,merged,rgb,8,f1@0.75,0.495369767123546
W040,merged,rgb,8,miou,0.813244944631035
W040,merged,rgb,8,n_pred,7.411764705882353
W040,merged,rgb,8,n_reg,7.470588235294118
W040,merged,rgb,12,f1@0.5,0.7120707602359396
W040,merged,rgb,12,f1@0.75,0.5354773714316602
W040,merged,rgb,12,miou,0.7180469415772319
W040,merged,rgb,12,n_pred,6.823529411764706
W040,merged,rgb,12,n_reg,6.882352941176471
W040,merged,rgb,16,f1@0.5,0.8420572764158711
W040,merged,rgb,16,f1@0.75,0.6602490590577816
W040,merged,rgb,16,miou,0.8333412371233713
W040,merged,rgb,16,n_pred,8.705882352941176
W040,merged,rgb,16,n_reg,8.882352941176471
W040,merged,rgb,24,f1@0.5,0.7307685380128033
W040,merged,rgb,24,f1@0.75,0.4155122211712838
W040,merged,rgb,24,miou,0.7105076175985068
W040,merged,rgb,24,n_pred,7.470588235294118
W040,merged,rgb,24,n_reg,7.647058823529412
W040,merged,rgb,32,f1@0.5,0.8213495692904687
W040,merged,rgb,32,f1@0.75,0.6408860581641338
W040,merged,rgb,32,miou,0.732653031357356
W040,merged,rgb,32,n_pred,8.058823529411764
W040,merged,rgb,32,n_reg,8.117647058823529
W040,merged,rgb,48,f1@0.5,0.7542248770701654
W040,merged,rgb,48,f1@0.75,0.4669306220706535
W040,merged,rgb,48,miou,0.7363371209880603
W040,merged,rgb,48,n_pred,7.470588235294118
W040,merged,rgb,48,n_reg,7.529411764705882
W040,raw,depth,4,f1@0.5,0.2387980627600005
W040,raw,depth,4,f1@0.75,0.2023024841363941
W040,raw,depth,4,miou,0.3405358194410284
W040,raw,depth,4,n_pred,3.0
W040,raw,depth,4,n_reg,3.0
W040,raw,depth,6,f1@0.5,0.3612269526948091
W040,raw,depth,6,f1@0.75,0.2736791224316265
W040,raw,depth,6,miou,0.3554521574439641
W040,raw,depth,6,n_pred,3.7058823529411766
W040,raw,depth,6,n_reg,3.7058823529411766
W040,raw,depth,8,f1@0.5,0.3218336783716496
W040,raw,depth,8,f1@0.75,0.2740231196796485
W040,raw,depth,8,miou,0.4537476029240407
W040,raw,depth,8,n_pred,3.7058823529411766
W040,raw,depth,8,n_reg,3.7058823529411766
W040,raw,depth,12,f1@0.5,0.3218336783716496
W040,raw,depth,12,f1@0.75,0.2740231196796485
W040,raw,depth,12,miou,0.4537534074559555
W040,raw,depth,12,n_pred,3.7058823529411766
W040,raw,depth,12,n_reg,3.7058823529411766
W040,raw,depth,16,f1@0.5,0.3189562425676066
W040,raw,depth,16,f1@0.75,0.2718336783716496
W040,raw,depth,16,miou,0.4557263713392976
W040,raw,depth,16,n_pred,3.882352941176471
W040,raw,depth,16,n_reg,4.294117647058823
W040,raw,depth,24,f1@0.5,0.3188677861324009
W040,raw,depth,24,f1@0.75,0.2710572274403999
W040,raw,depth,24,miou,0.4538000495102001
W040,raw,depth,24,n_pred,3.882352941176471
W040,raw,depth,24,n_reg,4.705882352941177
W040,raw,depth,32,f1@0.5,0.2371012301808149
W040,raw,depth,32,f1@0.75,0.2006056515572086
W040,raw,depth,32,miou,0.340332930272664
W040,raw,depth,32,n_pred,3.176470588235294
W040,raw,depth,32,n_reg,4.0
W040,raw,depth,48,f1@0.5,0.2371012301808149
W040,raw,depth,48,f1@0.75,0.2006056515572086
W040,raw,depth,48,miou,0.3406068479904228
W040,raw,depth,48,n_pred,3.176470588235294
W040,raw,depth,48,n_reg,4.647058823529412
W040,raw,normal,4,f1@0.5,0.5109759870231552
W040,raw,normal,4,f1@0.75,0.3931669319167042
W040,raw,normal,4,miou,0.5640376541854321
W040,raw,normal,4,n_pred,6.588235294117647
W040,raw,normal,4,n_reg,6.705882352941177
W040,raw,normal,6,f1@0.5,0.5585429011834275
W040,raw,normal,6,f1@0.75,0.411619900013556
W040,raw,normal,6,miou,0.6530118039242211
W040,raw,normal,6,n_pred,7.411764705882353
W040,raw,normal,6,n_reg,7.411764705882353
W040,raw,normal,8,f1@0.5,0.6198061914006187
W040,raw,normal,8,f1@0.75,0.4487367506125473
W040,raw,normal,8,miou,0.6491661952977524
W040,raw,normal,8,n_pred,6.647058823529412
W040,raw,normal,8,n_reg,6.705882352941177
W040,raw,normal,12,f1@0.5,0.5655744802601715
W040,raw,normal,12,f1@0.75,0.3802065906454115
W040,raw,normal,12,miou,0.6975061415732968
W040,raw,normal,12,n_pred,9.0
W040,raw,normal,12,n_reg,9.117647058823527
W040,raw,normal,16,f1@0.5,0.6121597839500652
W040,raw,normal,16,f1@0.75,0.4164871616022511
W040,raw,normal,16,miou,0.7200558386143381
W040,raw,normal,16,n_pred,9.764705882352942
W040,raw,normal,16,n_reg,9.823529411764708
W040,raw,normal,24,f1@0.5,0.6146183058203518
W040,raw,normal,24,f1@0.75,0.4178144617530806
W040,raw,normal,24,miou,0.7194494321852736
W040,raw,normal,24,n_pred,9.647058823529411
W040,raw,normal,24,n_reg,9.823529411764708
W040,raw,normal,32,f1@0.5,0.6146183058203518
W040,raw,normal,32,f1@0.75,0.4178144617530806
W040,raw,normal,32,miou,0.72001048985733
W040,raw,normal,32,n_pred,9.647058823529411
W040,raw,normal,32,n_reg,9.823529411764708
W040,raw,normal,48,f1@0.5,0.613245756800744
W040,raw,normal,48,f1@0.75,0.4170301480275905
W040,raw,normal,48,miou,0.718589502330398
W040,raw,normal,48,n_pred,9.705882352941176
W040,raw,normal,48,n_reg,9.823529411764708
W040,raw,rgb,4,f1@0.5,0.4942950834955933
W040,raw,rgb,4,f1@0.75,0.3030692369610599
W040,raw,rgb,4,miou,0.5744196832460842
W040,raw,rgb,4,n_pred,7.411764705882353
W040,raw,rgb,4,n_reg,7.823529411764706
W040,raw,rgb,6,f1@0.5,0.4636623653813838
W040,raw,rgb,6,f1@0.75,0.2124598015272874
W040,raw,rgb,6,miou,0.5506572323237846
W040,raw,rgb,6,n_pred,7.647058823529412
W040,raw,rgb,6,n_reg,7.9411764705882355
W040,raw,rgb,8,f1@0.5,0.5782206795761783
W040,raw,rgb,8,f1@0.75,0.3457922299354524
W040,raw,rgb,8,miou,0.813244944631035
W040,raw,rgb,8,n_pred,10.470588235294118
W040,raw,rgb,8,n_reg,11.294117647058824
W040,raw,rgb,12,f1@0.5,0.5048332910368415
W040,raw,rgb,12,f1@0.75,0.2903387442450177
W040,raw,rgb,12,miou,0.7180491583505516
W040,raw,rgb,12,n_pred,11.529411764705882
W040,raw,rgb,12,n_reg,12.705882352941176
W040,raw,rgb,16,f1@0.5,0.6297917098884089
W040,raw,rgb,16,f1@0.75,0.4486423211705553
W040,raw,rgb,16,miou,0.8333412371233713
W040,raw,rgb,16,n_pred,13.235294117647058
W040,raw,rgb,16,n_reg,15.117647058823527
W040,raw,rgb,24,f1@0.5,0.5121391676946869
W040,raw,rgb,24,f1@0.75,0.2170403603100063
W040,raw,rgb,24,miou,0.7105076175985068
W040,raw,rgb,24,n_pred,12.764705882352942
W040,raw,rgb,24,n_reg,14.764705882352942
W040,raw,rgb,32,f1@0.5,0.5700247522971734
W040,raw,rgb,32,f1@0.75,0.3549952563752595
W040,raw,rgb,32,miou,0.7326634028596238
W040,raw,rgb,32,n_pred,14.470588235294118
W040,raw,rgb,32,n_reg,15.882352941176473
W040,raw,rgb,48,f1@0.5,0.5278501999090234
W040,raw,rgb,48,f1@0.75,0.2174409250879839
W040,raw,rgb,48,miou,0.7363439707505929
W040,raw,rgb,48,n_pred,13.117647058823527
W040,raw,rgb,48,n_reg,13.823529411764708
W041,merged,depth,4,f1@0.5,0.4288307846000154
W041,merged,depth,4,f1@0.75,0.3216667947437178
W041,merged,depth,4,miou,0.3359486644761293
W041,merged,depth,4,n_pred,3.615384615384616
W041,merged,depth,4,n_reg,3.615384615384616
W041,merged,depth,6,f1@0.5,0.4432498873675344
W041,merged,depth,6,f1@0.75,0.3080595874713522
W041,merged,depth,6,miou,0.3617772287973753
W041,merged,depth,6,n_pred,4.538461538461538
W041,merged,depth,6,n_reg,4.538461538461538
W041,merged,depth,8,f1@0.5,0.5502426808987895
W041,merged,depth,8,f1@0.75,0.4244372897087829
W041,merged,depth,8,miou,0.5149019212169917
W041,merged,depth,8,n_pred,5.538461538461538
W041,merged,depth,8,n_reg,5.538461538461538
W041,merged,depth,12,f1@0.5,0.3375064226874181
W041,merged,depth,12,f1@0.75,0.2971218073028028
W041,merged,depth,12,miou,0.4754024827795754
W041,merged,depth,12,n_pred,4.923076923076923
W041,merged,depth,12,n_reg,4.923076923076923
W041,merged,depth,16,f1@0.5,0.5502426808987895
W041,merged,depth,16,f1@0.75,0.4244372897087829
W041,merged,depth,16,miou,0.5158706097813689
W041,merged,depth,16,n_pred,5.538461538461538
W041,merged,depth,16,n_reg,5.538461538461538
W041,merged,depth,24,f1@0.5,0.3375064226874181
W041,merged,depth,24,f1@0.75,0.2971218073028028
W041,merged,depth,24,miou,0.4755715988004113
W041,merged,depth,24,n_pred,4.923076923076923
W041,merged,depth,24,n_reg,4.923076923076923
W041,merged,depth,32,f1@0.5,0.6190645572045905
W041,merged,depth,32,f1@0.75,0.5607873015291448
W041,merged,depth,32,miou,0.6032549004557303
W041,merged,depth,32,n_pred,6.307692307692308
W041,merged,depth,32,n_reg,6.307692307692308
W041,merged,depth,48,f1@0.5,0.3375064226874181
W041,merged,depth,48,f1@0.75,0.2971218073028028
W041,merged,depth,48,miou,0.4751229800049614
W041,merged,depth,48,n_pred,4.923076923076923
W041,merged,depth,48,n_reg,4.923076923076923
W041,merged,normal,4,f1@0.5,0.5810119367811676
W041,merged,normal,4,f1@0.75,0.5069276876969184
W041,merged,normal,4,miou,0.4395453654459481
W041,merged,normal,4,n_pred,4.076923076923077
W041,merged,normal,4,n_reg,4.076923076923077
W041,merged,normal,6,f1@0.5,0.5580229725026105
W041,merged,normal,6,f1@0.75,0.4707680705418262
W041,merged,normal,6,miou,0.4924030375311566
W041,merged,normal,6,n_pred,5.384615384615385
W041,merged,normal,6,n_reg,5.538461538461538
W041,merged,normal,8,f1@0.5,0.7812358079326405
W041,merged,normal,8,f1@0.75,0.6036442190288345
W041,merged,normal,8,miou,0.6590334268233572
W041,merged,normal,8,n_pred,6.153846153846154
W041,merged,normal,8,n_reg,6.153846153846154
W041,merged,normal,12,f1@0.5,0.7810347018491814
W041,merged,normal,12,f1@0.75,0.5790715694561849
W041,merged,normal,12,miou,0.6703059084157912
W041,merged,normal,12,n_pred,6.384615384615385
W041,merged,normal,12,n_reg,6.538461538461538
W041,merged,normal,16,f1@0.5,0.644443615710584
W041,merged,normal,16,f1@0.75,0.5786944955496992
W041,merged,normal,16,miou,0.6266937661158559
W041,merged,normal,16,n_pred,6.076923076923077
W041,merged,normal,16,n_reg,6.153846153846154
W041,merged,normal,24,f1@0.5,0.644443615710584
W041,merged,normal,24,f1@0.75,0.569644721794043
W041,merged,normal,24,miou,0.625430018833559
W041,merged,normal,24,n_pred,6.076923076923077
W041,merged,normal,24,n_reg,6.153846153846154
W041,merged,normal,32,f1@0.5,0.644443615710584
W041,merged,normal,32,f1@0.75,0.5668601760230719
W041,merged,normal,32,miou,0.6261167011319753
W041,merged,normal,32,n_pred,6.076923076923077
W041,merged,normal,32,n_reg,6.076923076923077
W041,merged,normal,48,f1@0.5,0.644443615710584
W041,merged,normal,48,f1@0.75,0.5786944955496992
W041,merged,normal,48,miou,0.6251216876156295
W041,merged,normal,48,n_pred,6.076923076923077
W041,merged,normal,48,n_reg,6.153846153846154
W041,merged,rgb,4,f1@0.5,0.561274811161689
W041,merged,rgb,4,f1@0.75,0.3863535785481486
W041,merged,rgb,4,miou,0.4065411809997145
W041,merged,rgb,4,n_pred,4.384615384615385
W041,merged,rgb,4,n_reg,4.461538461538462
W041,merged,rgb,6,f1@0.5,0.5234722291283377
W041,merged,rgb,6,f1@0.75,0.4521675534118973
W041,merged,rgb,6,miou,0.4474540363660676
W041,merged,rgb,6,n_pred,5.307692307692308
W041,merged,rgb,6,n_reg,5.307692307692308
W041,merged,rgb,8,f1@0.5,0.6350399217093669
W041,merged,rgb,8,f1@0.75,0.5693468792063695
W041,merged,rgb,8,miou,0.6196514605468445
W041,merged,rgb,8,n_pred,6.384615384615385
W041,merged,rgb,8,n_reg,6.384615384615385
W041,merged,rgb,12,f1@0.5,0.6137226768627102
W041,merged,rgb,12,f1@0.75,0.4931320934893213
W041,merged,rgb,12,miou,0.5972350682762552
W041,merged,rgb,12,n_pred,6.461538461538462
W041,merged,rgb,12,n_reg,6.461538461538462
W041,merged,rgb,16,f1@0.5,0.632526095666129
W041,merged,rgb,16,f1@0.75,0.5159554240049596
W041,merged,rgb,16,miou,0.6069172300777018
W041,merged,rgb,16,n_pred,6.461538461538462
W041,merged,rgb,16,n_reg,6.461538461538462
W041,merged,rgb,24,f1@0.5,0.6350399217093669
W041,merged,rgb,24,f1@0.75,0.5481014579609483
W041,merged,rgb,24,miou,0.6182834246443142
W041,merged,rgb,24,n_pred,6.384615384615385
W041,merged,rgb,24,n_reg,6.384615384615385
W041,merged,rgb,32,f1@0.5,0.6446553063247514
W041,merged,rgb,32,f1@0.75,0.5481014579609483
W041,merged,rgb,32,miou,0.6173085594360292
W041,merged,rgb,32,n_pred,6.384615384615385
W041,merged,rgb,32,n_reg,6.384615384615385
W041,merged,rgb,48,f1@0.5,0.6350399217093669
W041,merged,rgb,48,f1@0.75,0.5590904689499593
W041,merged,rgb,48,miou,0.6167582389212419
W041,merged,rgb,48,n_pred,6.384615384615385
W041,merged,rgb,48,n_reg,6.384615384615385
W041,raw,depth,4,f1@0.5,0.4157771715464023
W041,raw,depth,4,f1@0.75,0.3086131816901047
W041,raw,depth,4,miou,0.3359486644761293
W041,raw,depth,4,n_pred,4.0
W041,raw,depth,4,n_reg,4.0
W041,raw,depth,6,f1@0.5,0.3786990535859314
W041,raw,depth,6,f1@0.75,0.2971218073028028
W041,raw,depth,6,miou,0.3617772287973753
W041,raw,depth,6,n_pred,4.923076923076923
W041,raw,depth,6,n_reg,4.923076923076923
W041,raw,depth,8,f1@0.5,0.4869854253338416
W041,raw,depth,8,f1@0.75,0.4104896988381151
W041,raw,depth,8,miou,0.5149019212169917
W041,raw,depth,8,n_pred,5.923076923076923
W041,raw,depth,8,n_reg,5.923076923076923
W041,raw,depth,12,f1@0.5,0.3375064226874181
W041,raw,depth,12,f1@0.75,0.2971218073028028
W041,raw,depth,12,miou,0.4754024827795754
W041,raw,depth,12,n_pred,4.923076923076923
W041,raw,depth,12,n_reg,4.923076923076923
W041,raw,depth,16,f1@0.5,0.4869854253338416
W041,raw,depth,16,f1@0.75,0.4104896988381151
W041,raw,depth,16,miou,0.5158706097813689
W041,raw,depth,16,n_pred,5.923076923076923
W041,raw,depth,16,n_reg,5.923076923076923
W041,raw,depth,24,f1@0.5,0.3375064226874181
W041,raw,depth,24,f1@0.75,0.2971218073028028
W041,raw,depth,24,miou,0.4755715988004113
W041,raw,depth,24,n_pred,4.923076923076923
W041,raw,depth,24,n_reg,4.923076923076923
W041,raw,depth,32,f1@0.5,0.5839759655549129
W041,raw,depth,32,f1@0.75,0.4840531759262409
W041,raw,depth,32,miou,0.6032549004557303
W041,raw,depth,32,n_pred,6.846153846153846
W041,raw,depth,32,n_reg,6.923076923076923
W041,raw,depth,48,f1@0.5,0.3375064226874181
W041,raw,depth,48,f1@0.75,0.2971218073028028
W041,raw,depth,48,miou,0.4751229800049614
W041,raw,depth,48,n_pred,4.923076923076923
W041,raw,depth,48,n_reg,4.923076923076923
W041,raw,normal,4,f1@0.5,0.5321287686672302
W041,raw,normal,4,f1@0.75,0.4017047055508594
W041,raw,normal,4,miou,0.4395453654459481
W041,raw,normal,4,n_pred,4.923076923076923
W041,raw,normal,4,n_reg,5.0
W041,raw,normal,6,f1@0.5,0.4969513643721788
W041,raw,normal,6,f1@0.75,0.3693952729020602
W041,raw,normal,6,miou,0.4924030375311566
W041,raw,normal,6,n_pred,6.461538461538462
W041,raw,normal,6,n_reg,6.6923076923076925
W041,raw,normal,8,f1@0.5,0.5779299304067106
W041,raw,normal,8,f1@0.75,0.4700160091026963
W041,raw,normal,8,miou,0.6590334268233572
W041,raw,normal,8,n_pred,8.0
W041,raw,normal,8,n_reg,8.0
W041,raw,normal,12,f1@0.5,0.5580363049403296
W041,raw,normal,12,f1@0.75,0.4311873197322114
W041,raw,normal,12,miou,0.6703059084157912
W041,raw,normal,12,n_pred,8.76923076923077
W041,raw,normal,12,n_reg,9.461538461538462
W041,raw,normal,16,f1@0.5,0.5796882855706385
W041,raw,normal,16,f1@0.75,0.4571644042232278
W041,raw,normal,16,miou,0.6266937661158559
W041,raw,normal,16,n_pred,7.384615384615385
W041,raw,normal,16,n_reg,7.923076923076923
W041,raw,normal,24,f1@0.5,0.5796882855706385
W041,raw,normal,24,f1@0.75,0.4481146304675716
W041,raw,normal,24,miou,0.625430018833559
W041,raw,normal,24,n_pred,7.384615384615385
W041,raw,normal,24,n_reg,7.923076923076923
W041,raw,normal,32,f1@0.5,0.5771744595274007
W041,raw,normal,32,f1@0.75,0.4556561085972851
W041,raw,normal,32,miou,0.6261167011319753
W041,raw,normal,32,n_pred,7.461538461538462
W041,raw,normal,32,n_reg,7.923076923076923
W041,raw,normal,48,f1@0.5,0.5796882855706385
W041,raw,normal,48,f1@0.75,0.4571644042232278
W041,raw,normal,48,miou,0.6251216876156295
W041,raw,normal,48,n_pred,7.384615384615385
W041,raw,normal,48,n_reg,7.923076923076923
W041,raw,rgb,4,f1@0.5,0.526212437637777
W041,raw,rgb,4,f1@0.75,0.3196049425687434
W041,raw,rgb,4,miou,0.4065411809997145
W041,raw,rgb,4,n_pred,4.846153846153846
W041,raw,rgb,4,n_reg,5.0
W041,raw,rgb,6,f1@0.5,0.4561596298438403
W041,raw,rgb,6,f1@0.75,0.2772416523964511
W041,raw,rgb,6,miou,0.4474540363660676
W041,raw,rgb,6,n_pred,6.923076923076923
W041,raw,rgb,6,n_reg,6.923076923076923
W041,raw,rgb,8,f1@0.5,0.5464409515493107
W041,raw,rgb,8,f1@0.75,0.4455558201688233
W041,raw,rgb,8,miou,0.6196514605468445
W041,raw,rgb,8,n_pred,7.923076923076923
W041,raw,rgb,8,n_reg,7.923076923076923
W041,raw,rgb,12,f1@0.5,0.5503625201767617
W041,raw,rgb,12,f1@0.75,0.4492815749781694
W041,raw,rgb,12,miou,0.5972350682762552
W041,raw,rgb,12,n_pred,7.6923076923076925
W041,raw,rgb,12,n_reg,8.923076923076923
W041,raw,rgb,16,f1@0.5,0.5054378026514249
W041,raw,rgb,16,f1@0.75,0.40366753989045
W041,raw,rgb,16,miou,0.6069172300777018
W041,raw,rgb,16,n_pred,9.076923076923077
W041,raw,rgb,16,n_reg,10.615384615384617
W041,raw,rgb,24,f1@0.5,0.4915569466653057
W041,raw,rgb,24,f1@0.75,0.3919459281688384
W041,raw,rgb,24,miou,0.6182834246443142
W041,raw,rgb,24,n_pred,9.615384615384617
W041,raw,rgb,24,n_reg,11.692307692307692
W041,raw,rgb,32,f1@0.5,0.4893077338897772
W041,raw,rgb,32,f1@0.75,0.3901465579484155
W041,raw,rgb,32,miou,0.6173085594360292
W041,raw,rgb,32,n_pred,9.692307692307692
W041,raw,rgb,32,n_reg,11.692307692307692
W041,raw,rgb,48,f1@0.5,0.4914027149321267
W041,raw,rgb,48,f1@0.75,0.3917916964356592
W041,raw,rgb,48,miou,0.6167582389212419
W041,raw,rgb,48,n_pred,9.615384615384617
W041,raw,rgb,48,n_reg,11.615384615384617
W042,merged,depth,4,f1@0.5,0.2038095584970585
W042,merged,depth,4,f1@0.75,0.1670040029415029
W042,merged,depth,4,miou,0.245764825683095
W042,merged,depth,4,n_pred,2.0
W042,merged,depth,4,n_reg,2.125
W042,merged,depth,6,f1@0.5,0.2038095584970585
W042,merged,depth,6,f1@0.75,0.1670040029415029
W042,merged,depth,6,miou,0.2407250725234535
W042,merged,depth,6,n_pred,2.0
W042,merged,depth,6,n_reg,2.0
W042,merged,depth,8,f1@0.5,0.2276534229659229
W042,merged,depth,8,f1@0.75,0.1734199827949828
W042,merged,depth,8,miou,0.2623122126418464
W042,merged,depth,8,n_pred,2.1875
W042,merged,depth,8,n_reg,2.1875
W042,merged,depth,12,f1@0.5,0.2038095584970585
W042,merged,depth,12,f1@0.75,0.1670040029415029
W042,merged,depth,12,miou,0.2457329607990418
W042,merged,depth,12,n_pred,2.0
W042,merged,depth,12,n_reg,2.125
W042,merged,depth,16,f1@0.5,0.2038095584970585
W042,merged,depth,16,f1@0.75,0.1670040029415029
W042,merged,depth,16,miou,0.2457343163839108
W042,merged,depth,16,n_pred,2.0
W042,merged,depth,16,n_reg,2.125
W042,merged,depth,24,f1@0.5,0.2038095584970585
W042,merged,depth,24,f1@0.75,0.1670040029415029
W042,merged,depth,24,miou,0.2435363096574689
W042,merged,depth,24,n_pred,2.0
W042,merged,depth,24,n_reg,2.125
W042,merged,depth,32,f1@0.5,0.2038095584970585
W042,merged,depth,32,f1@0.75,0.1670040029415029
W042,merged,depth,32,miou,0.2435147746400701
W042,merged,depth,32,n_pred,2.0
W042,merged,depth,32,n_reg,2.125
W042,merged,depth,48,f1@0.5,0.2038095584970585
W042,merged,depth,48,f1@0.75,0.1670040029415029
W042,merged,depth,48,miou,0.245746073819926
W042,merged,depth,48,n_pred,2.0
W042,merged,depth,48,n_reg,2.125
W042,merged,normal,4,f1@0.5,0.3620866266086854
W042,merged,normal,4,f1@0.75,0.2922737495347789
W042,merged,normal,4,miou,0.3853265916657162
W042,merged,normal,4,n_pred,3.0
W042,merged,normal,4,n_reg,3.0
W042,merged,normal,6,f1@0.5,0.4857435762766645
W042,merged,normal,6,f1@0.75,0.3663351558572146
W042,merged,normal,6,miou,0.3933659662921339
W042,merged,normal,6,n_pred,3.9375
W042,merged,normal,6,n_reg,3.9375
W042,merged,normal,8,f1@0.5,0.4974447040962134
W042,merged,normal,8,f1@0.75,0.3628511855146917
W042,merged,normal,8,miou,0.4136808255871648
W042,merged,normal,8,n_pred,4.125
W042,merged,normal,8,n_reg,4.3125
W042,merged,normal,12,f1@0.5,0.4974447040962134
W042,merged,normal,12,f1@0.75,0.371184518848025
W042,merged,normal,12,miou,0.4170533957082254
W042,merged,normal,12,n_pred,4.125
W042,merged,normal,12,n_reg,4.25
W042,merged,normal,16,f1@0.5,0.495095080036063
W042,merged,normal,16,f1@0.75,0.3777634662164461
W042,merged,normal,16,miou,0.4217094554986719
W042,merged,normal,16,n_pred,4.125
W042,merged,normal,16,n_reg,4.25
W042,merged,normal,24,f1@0.5,0.5603600749740456
W042,merged,normal,24,f1@0.75,0.4211724447937683
W042,merged,normal,24,miou,0.5278716041682991
W042,merged,normal,24,n_pred,5.1875
W042,merged,normal,24,n_reg,5.375
W042,merged,normal,32,f1@0.5,0.5318017766547178
W042,merged,normal,32,f1@0.75,0.43793068655201
W042,merged,normal,32,miou,0.5240622628872442
W042,merged,normal,32,n_pred,5.125
W042,merged,normal,32,n_reg,5.375
W042,merged,normal,48,f1@0.5,0.4885161326676419
W042,merged,normal,48,f1@0.75,0.371184518848025
W042,merged,normal,48,miou,0.417681151914283
W042,merged,normal,48,n_pred,4.125
W042,merged,normal,48,n_reg,4.3125
W042,merged,rgb,4,f1@0.5,0.5887318150330921
W042,merged,rgb,4,f1@0.75,0.5229398074405814
W042,merged,rgb,4,miou,0.6289865538092673
W042,merged,rgb,4,n_pred,4.875
W042,merged,rgb,4,n_reg,4.875
W042,merged,rgb,6,f1@0.5,0.6110996631507467
W042,merged,rgb,6,f1@0.75,0.5572984935601035
W042,merged,rgb,6,miou,0.6279400181574066
W042,merged,rgb,6,n_pred,5.5
W042,merged,rgb,6,n_reg,5.5625
W042,merged,rgb,8,f1@0.5,0.5940945277632584
W042,merged,rgb,8,f1@0.75,0.5315515281072557
W042,merged,rgb,8,miou,0.6292159714270306
W042,merged,rgb,8,n_pred,5.5
W042,merged,rgb,8,n_reg,5.625
W042,merged,rgb,12,f1@0.5,0.5964754801442108
W042,merged,rgb,12,f1@0.75,0.5339324804882081
W042,merged,rgb,12,miou,0.6268002478760801
W042,merged,rgb,12,n_pred,5.4375
W042,merged,rgb,12,n_reg,5.5625
W042,merged,rgb,16,f1@0.5,0.6863803964568284
W042,merged,rgb,16,f1@0.75,0.6075493574622831
W042,merged,rgb,16,miou,0.71732017257952
W042,merged,rgb,16,n_pred,6.75
W042,merged,rgb,16,n_reg,6.75
W042,merged,rgb,24,f1@0.5,0.6944588032581454
W042,merged,rgb,24,f1@0.75,0.6288024749373433
W042,merged,rgb,24,miou,0.7664643790936811
W042,merged,rgb,24,n_pred,6.6875
W042,merged,rgb,24,n_reg,6.75
W042,merged,rgb,32,f1@0.5,0.7208271668991483
W042,merged,rgb,32,f1@0.75,0.6212739321437076
W042,merged,rgb,32,miou,0.8554607811749471
W042,merged,rgb,32,n_pred,7.5
W042,merged,rgb,32,n_reg,7.5625
W042,merged,rgb,48,f1@0.5,0.7681824507192154
W042,merged,rgb,48,f1@0.75,0.6571415716636305
W042,merged,rgb,48,miou,0.8561265777280732
W042,merged,rgb,48,n_pred,7.875
W042,merged,rgb,48,n_reg,7.9375
W042,raw,depth,4,f1@0.5,0.201320381007881
W042,raw,depth,4,f1@0.75,0.1436814921189921
W042,raw,depth,4,miou,0.2457716706935209
W042,raw,depth,4,n_pred,2.1875
W042,raw,depth,4,n_reg,3.0
W042,raw,depth,6,f1@0.5,0.2038095584970585
W042,raw,depth,6,f1@0.75,0.1670040029415029
W042,raw,depth,6,miou,0.2407250725234535
W042,raw,depth,6,n_pred,2.0
W042,raw,depth,6,n_reg,2.0
W042,raw,depth,8,f1@0.5,0.2267064532689532
W042,raw,depth,8,f1@0.75,0.1724730130980131
W042,raw,depth,8,miou,0.2623122126418464
W042,raw,depth,8,n_pred,2.25
W042,raw,depth,8,n_reg,2.25
W042,raw,depth,12,f1@0.5,0.201320381007881
W042,raw,depth,12,f1@0.75,0.1436814921189921
W042,raw,depth,12,miou,0.2457399880929152
W042,raw,depth,12,n_pred,2.1875
W042,raw,depth,12,n_reg,3.0
W042,raw,depth,16,f1@0.5,0.201320381007881
W042,raw,depth,16,f1@0.75,0.1436814921189921
W042,raw,depth,16,miou,0.2457415440937051
W042,raw,depth,16,n_pred,2.1875
W042,raw,depth,16,n_reg,3.0
W042,raw,depth,24,f1@0.5,0.201320381007881
W042,raw,depth,24,f1@0.75,0.1436814921189921
W042,raw,depth,24,miou,0.2435431534394004
W042,raw,depth,24,n_pred,2.1875
W042,raw,depth,24,n_reg,2.9375
W042,raw,depth,32,f1@0.5,0.201320381007881
W042,raw,depth,32,f1@0.75,0.1436814921189921
W042,raw,depth,32,miou,0.2435216169848993
W042,raw,depth,32,n_pred,2.1875
W042,raw,depth,32,n_reg,2.9375
W042,raw,depth,48,f1@0.5,0.201320381007881
W042,raw,depth,48,f1@0.75,0.1436814921189921
W042,raw,depth,48,miou,0.2457533022299517
W042,raw,depth,48,n_pred,2.1875
W042,raw,depth,48,n_reg,3.0
W042,raw,normal,4,f1@0.5,0.3620866266086854
W042,raw,normal,4,f1@0.75,0.2922737495347789
W042,raw,normal,4,miou,0.3853265916657162
W042,raw,normal,4,n_pred,3.0
W042,raw,normal,4,n_reg,3.0
W042,raw,normal,6,f1@0.5,0.4823344853675736
W042,raw,normal,6,f1@0.75,0.3629260649481238
W042,raw,normal,6,miou,0.3933659662921339
W042,raw,normal,6,n_pred,4.0
W042,raw,normal,6,n_reg,4.0
W042,raw,normal,8,f1@0.5,0.4656986723501816
W042,raw,normal,8,f1@0.75,0.3222109229994292
W042,raw,normal,8,miou,0.4136808255871648
W042,raw,normal,8,n_pred,4.9375
W042,raw,normal,8,n_reg,5.5
W042,raw,normal,12,f1@0.5,0.4656986723501816
W042,raw,normal,12,f1@0.75,0.3305442563327625
W042,raw,normal,12,miou,0.4170533957082254
W042,raw,normal,12,n_pred,4.9375
W042,raw,normal,12,n_reg,5.4375
W042,raw,normal,16,f1@0.5,0.4639442863852693
W042,raw,normal,16,f1@0.75,0.3371232037011836
W042,raw,normal,16,miou,0.4217094554986719
W042,raw,normal,16,n_pred,4.9375
W042,raw,normal,16,n_reg,5.4375
W042,raw,normal,24,f1@0.5,0.4981938608776844
W042,raw,normal,24,f1@0.75,0.3552550186741363
W042,raw,normal,24,miou,0.5278716041682991
W042,raw,normal,24,n_pred,6.875
W042,raw,normal,24,n_reg,7.125
W042,raw,normal,32,f1@0.5,0.4800770308123249
W042,raw,normal,32,f1@0.75,0.3779732726423903
W042,raw,normal,32,miou,0.5240622628872442
W042,raw,normal,32,n_pred,6.5625
W042,raw,normal,32,n_reg,7.125
W042,raw,normal,48,f1@0.5,0.4573653390168483
W042,raw,normal,48,f1@0.75,0.3305442563327625
W042,raw,normal,48,miou,0.417681151914283
W042,raw,normal,48,n_pred,4.9375
W042,raw,normal,48,n_reg,5.5
W042,raw,rgb,4,f1@0.5,0.582562983864261
W042,raw,rgb,4,f1@0.75,0.5167709762717503
W042,raw,rgb,4,miou,0.6289865538092673
W042,raw,rgb,4,n_pred,5.0
W042,raw,rgb,4,n_reg,5.0
W042,raw,rgb,6,f1@0.5,0.5740807287827412
W042,raw,rgb,6,f1@0.75,0.5296362843382967
W042,raw,rgb,6,miou,0.6279400181574066
W042,raw,rgb,6,n_pred,6.25
W042,raw,rgb,6,n_reg,7.0
W042,raw,rgb,8,f1@0.5,0.5255182226399332
W042,raw,rgb,8,f1@0.75,0.4747129005110816
W042,raw,rgb,8,miou,0.6292159714270306
W042,raw,rgb,8,n_pred,7.1875
W042,raw,rgb,8,n_reg,8.875
W042,raw,rgb,12,f1@0.5,0.5132491154356479
W042,raw,rgb,12,f1@0.75,0.466281512605042
W042,raw,rgb,12,miou,0.6268002478760801
W042,raw,rgb,12,n_pred,7.5625
W042,raw,rgb,12,n_reg,8.0625
W042,raw,rgb,16,f1@0.5,0.5958852051586184
W042,raw,rgb,16,f1@0.75,0.5258120163934792
W042,raw,rgb,16,miou,0.71732017257952
W042,raw,rgb,16,n_pred,9.125
W042,raw,rgb,16,n_reg,9.6875
W042,raw,rgb,24,f1@0.5,0.5805608470504907
W042,raw,rgb,24,f1@0.75,0.5200943089166185
W042,raw,rgb,24,miou,0.7664643790936811
W042,raw,rgb,24,n_pred,9.625
W042,raw,rgb,24,n_reg,10.375
W042,raw,rgb,32,f1@0.5,0.6119336219336219
W042,raw,rgb,32,f1@0.75,0.5294318181818182
W042,raw,rgb,32,miou,0.8554607811749471
W042,raw,rgb,32,n_pred,10.1875
W042,raw,rgb,32,n_reg,11.0
W042,raw,rgb,48,f1@0.5,0.6328036226012064
W042,raw,rgb,48,f1@0.75,0.5389550736762676
W042,raw,rgb,48,miou,0.8561265777280732
W042,raw,rgb,48,n_pred,11.5
W042,raw,rgb,48,n_reg,12.6875
W043,merged,depth,4,f1@0.5,0.2968561366394184
W043,merged,depth,4,f1@0.75,0.2296047347904933
W043,merged,depth,4,miou,0.3414639571262274
W043,merged,depth,4,n_pred,3.3684210526315788
W043,merged,depth,4,n_reg,3.473684210526316
W043,merged,depth,6,f1@0.5,0.3589200635151425
W043,merged,depth,6,f1@0.75,0.3153349506575839
W043,merged,depth,6,miou,0.4511573387394538
W043,merged,depth,6,n_pred,4.894736842105263
W043,merged,depth,6,n_reg,4.894736842105263
W043,merged,depth,8,f1@0.5,0.5164246753011622
W043,merged,depth,8,f1@0.75,0.4861296394659601
W043,merged,depth,8,miou,0.640199264183622
W043,merged,depth,8,n_pred,6.473684210526316
W043,merged,depth,8,n_reg,6.473684210526316
W043,merged,depth,12,f1@0.5,0.4189236288307496
W043,merged,depth,12,f1@0.75,0.3457212034611415
W043,merged,depth,12,miou,0.5299802337739056
W043,merged,depth,12,n_pred,4.684210526315789
W043,merged,depth,12,n_reg,4.684210526315789
W043,merged,depth,16,f1@0.5,0.465300471349844
W043,merged,depth,16,f1@0.75,0.4158111749565228
W043,merged,depth,16,miou,0.5411195576091893
W043,merged,depth,16,n_pred,4.789473684210527
W043,merged,depth,16,n_reg,4.947368421052632
W043,merged,depth,24,f1@0.5,0.4130756756143753
W043,merged,depth,24,f1@0.75,0.3457212034611415
W043,merged,depth,24,miou,0.5299643315556548
W043,merged,depth,24,n_pred,4.684210526315789
W043,merged,depth,24,n_reg,4.684210526315789
W043,merged,depth,32,f1@0.5,0.4573344878828014
W043,merged,depth,32,f1@0.75,0.4022534256972908
W043,merged,depth,32,miou,0.573972486903558
W043,merged,depth,32,n_pred,5.473684210526316
W043,merged,depth,32,n_reg,5.473684210526316
W043,merged,depth,48,f1@0.5,0.402196762645679
W043,merged,depth,48,f1@0.75,0.3425524595803234
W043,merged,depth,48,miou,0.517996936929609
W043,merged,depth,48,n_pred,4.631578947368421
W043,merged,depth,48,n_reg,4.7368421052631575
W043,merged,normal,4,f1@0.5,0.6221157253298365
W043,merged,normal,4,f1@0.75,0.6034176643880083
W043,merged,normal,4,miou,0.5397921512779067
W043,merged,normal,4,n_pred,6.315789473684211
W043,merged,normal,4,n_reg,6.368421052631579
W043,merged,normal,6,f1@0.5,0.6572117212535984
W043,merged,normal,6,f1@0.75,0.5081197575983302
W043,merged,normal,6,miou,0.6187264891129537
W043,merged,normal,6,n_pred,6.842105263157895
W043,merged,normal,6,n_reg,6.842105263157895
W043,merged,normal,8,f1@0.5,0.6572096227057935
W043,merged,normal,8,f1@0.75,0.5137474632260358
W043,merged,normal,8,miou,0.6217013420220971
W043,merged,normal,8,n_pred,6.842105263157895
W043,merged,normal,8,n_reg,6.842105263157895
W043,merged,normal,12,f1@0.5,0.6554589224256815
W043,merged,normal,12,f1@0.75,0.5206943089499713
W043,merged,normal,12,miou,0.6262308506807056
W043,merged,normal,12,n_pred,6.894736842105263
W043,merged,normal,12,n_reg,7.0
W043,merged,normal,16,f1@0.5,0.7188350891362205
W043,merged,normal,16,f1@0.75,0.515961191172844
W043,merged,normal,16,miou,0.7172538519104453
W043,merged,normal,16,n_pred,7.631578947368421
W043,merged,normal,16,n_reg,7.631578947368421
W043,merged,normal,24,f1@0.5,0.7274427065779944
W043,merged,normal,24,f1@0.75,0.5181541736289843
W043,merged,normal,24,miou,0.7199829899570622
W043,merged,normal,24,n_pred,7.578947368421052
W043,merged,normal,24,n_reg,7.631578947368421
W043,merged,normal,32,f1@0.5,0.7896201416854831
W043,merged,normal,32,f1@0.75,0.5156617679389391
W043,merged,normal,32,miou,0.7591829727432199
W043,merged,normal,32,n_pred,7.684210526315789
W043,merged,normal,32,n_reg,7.736842105263157
W043,merged,normal,48,f1@0.5,0.7216906782859203
W043,merged,normal,48,f1@0.75,0.5170013409544125
W043,merged,normal,48,miou,0.7122815085177884
W043,merged,normal,48,n_pred,7.578947368421052
W043,merged,normal,48,n_reg,7.578947368421052
W043,merged,rgb,4,f1@0.5,0.7870776011235519
W043,merged,rgb,4,f1@0.75,0.7161448512923174
W043,merged,rgb,4,miou,0.7260082363043121
W043,merged,rgb,4,n_pred,7.157894736842105
W043,merged,rgb,4,n_reg,7.157894736842105
W043,merged,rgb,6,f1@0.5,0.8188986339100401
W043,merged,rgb,6,f1@0.75,0.7863988237786511
W043,merged,rgb,6,miou,0.7827913248887378
W043,merged,rgb,6,n_pred,7.947368421052632
W043,merged,rgb,6,n_reg,8.0
W043,merged,rgb,8,f1@0.5,0.88942744648836
W043,merged,rgb,8,f1@0.75,0.8406816726814814
W043,merged,rgb,8,miou,0.8899534086836001
W043,merged,rgb,8,n_pred,8.842105263157896
W043,merged,rgb,8,n_reg,8.947368421052632
W043,merged,rgb,12,f1@0.5,0.8840973344144063
W043,merged,rgb,12,f1@0.75,0.8477275795226431
W043,merged,rgb,12,miou,0.8968277094228077
W043,merged,rgb,12,n_pred,8.947368421052632
W043,merged,rgb,12,n_reg,9.0
W043,merged,rgb,16,f1@0.5,0.8607181771390667
W043,merged,rgb,16,f1@0.75,0.7520991650248616
W043,merged,rgb,16,miou,0.88856657933555
W043,merged,rgb,16,n_pred,8.157894736842104
W043,merged,rgb,16,n_reg,8.210526315789474
W043,merged,rgb,24,f1@0.5,0.8877283869434474
W043,merged,rgb,24,f1@0.75,0.8495353106698759
W043,merged,rgb,24,miou,0.8882712397853585
W043,merged,rgb,24,n_pred,8.842105263157896
W043,merged,rgb,24,n_reg,8.894736842105264
W043,merged,rgb,32,f1@0.5,0.8857324382166926
W043,merged,rgb,32,f1@0.75,0.8312107738580452
W043,merged,rgb,32,miou,0.8906006331743332
W043,merged,rgb,32,n_pred,8.947368421052632
W043,merged,rgb,32,n_reg,9.0
W043,merged,rgb,48,f1@0.5,0.8963826334989486
W043,merged,rgb,48,f1@0.75,0.8464574405559946
W043,merged,rgb,48,miou,0.8888842868710778
W043,merged,rgb,48,n_pred,8.789473684210526
W043,merged,rgb,48,n_reg,8.894736842105264
W043,raw,depth,4,f1@0.5,0.2968561366394184
W043,raw,depth,4,f1@0.75,0.2296047347904933
W043,raw,depth,4,miou,0.3414790726181761
W043,raw,depth,4,n_pred,3.3684210526315788
W043,raw,depth,4,n_reg,3.684210526315789
W043,raw,depth,6,f1@0.5,0.3419410387921061
W043,raw,depth,6,f1@0.75,0.2585519028976744
W043,raw,depth,6,miou,0.4546450339989166
W043,raw,depth,6,n_pred,5.578947368421052
W043,raw,depth,6,n_reg,5.631578947368421
W043,raw,depth,8,f1@0.5,0.4945142490808126
W043,raw,depth,8,f1@0.75,0.4264263306262654
W043,raw,depth,8,miou,0.640199264183622
W043,raw,depth,8,n_pred,7.263157894736842
W043,raw,depth,8,n_reg,7.421052631578948
W043,raw,depth,12,f1@0.5,0.4053685853913978
W043,raw,depth,12,f1@0.75,0.2853003499858641
W043,raw,depth,12,miou,0.5299802337739056
W043,raw,depth,12,n_pred,5.368421052631579
W043,raw,depth,12,n_reg,5.368421052631579
W043,raw,depth,16,f1@0.5,0.4376381137013367
W043,raw,depth,16,f1@0.75,0.3443991567789841
W043,raw,depth,16,miou,0.5411814487217026
W043,raw,depth,16,n_pred,5.947368421052632
W043,raw,depth,16,n_reg,6.368421052631579
W043,raw,depth,24,f1@0.5,0.3998284191864116
W043,raw,depth,24,f1@0.75,0.2853003499858641
W043,raw,depth,24,miou,0.5299643315556548
W043,raw,depth,24,n_pred,5.368421052631579
W043,raw,depth,24,n_reg,5.368421052631579
W043,raw,depth,32,f1@0.5,0.429042151699802
W043,raw,depth,32,f1@0.75,0.3378822990237362
W043,raw,depth,32,miou,0.5739904862320679
W043,raw,depth,32,n_pred,6.315789473684211
W043,raw,depth,32,n_reg,6.368421052631579
W043,raw,depth,48,f1@0.5,0.3901806542632679
W043,raw,depth,48,f1@0.75,0.2889029203555845
W043,raw,depth,48,miou,0.517996936929609
W043,raw,depth,48,n_pred,5.2631578947368425
W043,raw,depth,48,n_reg,5.368421052631579
W043,raw,normal,4,f1@0.5,0.6138081917901047
W043,raw,normal,4,f1@0.75,0.5885311834798554
W043,raw,normal,4,miou,0.5397921512779067
W043,raw,normal,4,n_pred,6.526315789473684
W043,raw,normal,4,n_reg,6.894736842105263
W043,raw,normal,6,f1@0.5,0.6528257563413177
W043,raw,normal,6,f1@0.75,0.5050495821597337
W043,raw,normal,6,miou,0.6187264891129537
W043,raw,normal,6,n_pred,6.947368421052632
W043,raw,normal,6,n_reg,6.947368421052632
W043,raw,normal,8,f1@0.5,0.6245678402310307
W043,raw,normal,8,f1@0.75,0.4927094450640156
W043,raw,normal,8,miou,0.6217013420220971
W043,raw,normal,8,n_pred,7.631578947368421
W043,raw,normal,8,n_reg,7.842105263157895
W043,raw,normal,12,f1@0.5,0.6148182222607838
W043,raw,normal,12,f1@0.75,0.4928963216277864
W043,raw,normal,12,miou,0.6262309405185714
W043,raw,normal,12,n_pred,8.0
W043,raw,normal,12,n_reg,8.842105263157896
W043,raw,normal,16,f1@0.5,0.686840576397859
W043,raw,normal,16,f1@0.75,0.4961907546678466
W043,raw,normal,16,miou,0.7172538519104453
W043,raw,normal,16,n_pred,8.368421052631579
W043,raw,normal,16,n_reg,8.631578947368421
W043,raw,normal,24,f1@0.5,0.6623947302635373
W043,raw,normal,24,f1@0.75,0.4815899788650601
W043,raw,normal,24,miou,0.7199829899570622
W043,raw,normal,24,n_pred,9.105263157894736
W043,raw,normal,24,n_reg,9.473684210526317
W043,raw,normal,32,f1@0.5,0.6494066775867825
W043,raw,normal,32,f1@0.75,0.4638605533052969
W043,raw,normal,32,miou,0.759185506346157
W043,raw,normal,32,n_pred,10.210526315789474
W043,raw,normal,32,n_reg,10.789473684210526
W043,raw,normal,48,f1@0.5,0.6554960898004872
W043,raw,normal,48,f1@0.75,0.4796549943449363
W043,raw,normal,48,miou,0.7122815085177884
W043,raw,normal,48,n_pred,9.157894736842104
W043,raw,normal,48,n_reg,9.473684210526317
W043,raw,rgb,4,f1@0.5,0.6359034851718928
W043,raw,rgb,4,f1@0.75,0.5599645766357302
W043,raw,rgb,4,miou,0.726032162630382
W043,raw,rgb,4,n_pred,10.157894736842104
W043,raw,rgb,4,n_reg,10.63157894736842
W043,raw,rgb,6,f1@0.5,0.6375602026685618
W043,raw,rgb,6,f1@0.75,0.5513149882378581
W043,raw,rgb,6,miou,0.7828718935423489
W043,raw,rgb,6,n_pred,12.68421052631579
W043,raw,rgb,6,n_reg,13.473684210526317
W043,raw,rgb,8,f1@0.5,0.7267008296033949
W043,raw,rgb,8,f1@0.75,0.6152801035819222
W043,raw,rgb,8,miou,0.8899534086836001
W043,raw,rgb,8,n_pred,12.842105263157896
W043,raw,rgb,8,n_reg,14.263157894736842
W043,raw,rgb,12,f1@0.5,0.6721305380814407
W043,raw,rgb,12,f1@0.75,0.5846825169396571
W043,raw,rgb,12,miou,0.8968277094228077
W043,raw,rgb,12,n_pred,13.842105263157896
W043,raw,rgb,12,n_reg,14.526315789473683
W043,raw,rgb,16,f1@0.5,0.643105043793453
W043,raw,rgb,16,f1@0.75,0.5057441874579842
W043,raw,rgb,16,miou,0.88856657933555
W043,raw,rgb,16,n_pred,13.63157894736842
W043,raw,rgb,16,n_reg,15.421052631578949
W043,raw,rgb,24,f1@0.5,0.6472251354015333
W043,raw,rgb,24,f1@0.75,0.5607858786242894
W043,raw,rgb,24,miou,0.8882712397853585
W043,raw,rgb,24,n_pred,14.894736842105264
W043,raw,rgb,24,n_reg,16.842105263157894
W043,raw,rgb,32,f1@0.5,0.6735004694169848
W043,raw,rgb,32,f1@0.75,0.5712996017896199
W043,raw,rgb,32,miou,0.8906006331743332
W043,raw,rgb,32,n_pred,14.210526315789474
W043,raw,rgb,32,n_reg,15.842105263157896
W043,raw,rgb,48,f1@0.5,0.6603337951020356
W043,raw,rgb,48,f1@0.75,0.579044265995295
W043,raw,rgb,48,miou,0.8888842868710778
W043,raw,rgb,48,n_pred,14.789473684210526
W043,raw,rgb,48,n_reg,16.473684210526315
W044,merged,depth,4,f1@0.5,0.2974587912087912
W044,merged,depth,4,f1@0.75,0.2766254578754579
W044,merged,depth,4,miou,0.3800015775184702
W044,merged,depth,4,n_pred,3.1666666666666665
W044,merged,depth,4,n_reg,3.1666666666666665
W044,merged,depth,6,f1@0.5,0.2946459994254112
W044,merged,depth,6,f1@0.75,0.2738126660920778
W044,merged,depth,6,miou,0.3812324364362302
W044,merged,depth,6,n_pred,3.333333333333333
W044,merged,depth,6,n_reg,4.0
W044,merged,depth,8,f1@0.5,0.3342678828166444
W044,merged,depth,8,f1@0.75,0.3040935908776466
W044,merged,depth,8,miou,0.4777347766932578
W044,merged,depth,8,n_pred,4.333333333333333
W044,merged,depth,8,n_reg,4.416666666666667
W044,merged,depth,12,f1@0.5,0.4852539846347896
W044,merged,depth,12,f1@0.75,0.3721033588874146
W044,merged,depth,12,miou,0.503549108215301
W044,merged,depth,12,n_pred,5.083333333333333
W044,merged,depth,12,n_reg,5.166666666666667
W044,merged,depth,16,f1@0.5,0.4164941403911992
W044,merged,depth,16,f1@0.75,0.3189708575737988
W044,merged,depth,16,miou,0.5088570108878075
W044,merged,depth,16,n_pred,4.583333333333333
W044,merged,depth,16,n_reg,4.583333333333333
W044,merged,depth,24,f1@0.5,0.4852539846347896
W044,merged,depth,24,f1@0.75,0.3819072804560421
W044,merged,depth,24,miou,0.5128830640767682
W044,merged,depth,24,n_pred,5.083333333333333
W044,merged,depth,24,n_reg,5.25
W044,merged,depth,32,f1@0.5,0.4945132438940489
W044,merged,depth,32,f1@0.75,0.3819072804560421
W044,merged,depth,32,miou,0.5129936176042146
W044,merged,depth,32,n_pred,5.083333333333333
W044,merged,depth,32,n_reg,5.166666666666667
W044,merged,depth,48,f1@0.5,0.4831706513014562
W044,merged,depth,48,f1@0.75,0.3798239471227087
W044,merged,depth,48,miou,0.5131794998655578
W044,merged,depth,48,n_pred,5.166666666666667
W044,merged,depth,48,n_reg,5.166666666666667
W044,merged,normal,4,f1@0.5,0.6815631808278867
W044,merged,normal,4,f1@0.75,0.5982649638802889
W044,merged,normal,4,miou,0.6087378475340663
W044,merged,normal,4,n_pred,7.0
W044,merged,normal,4,n_reg,7.0
W044,merged,normal,6,f1@0.5,0.7255104013845096
W044,merged,normal,6,f1@0.75,0.6342980977496053
W044,merged,normal,6,miou,0.634557622994833
W044,merged,normal,6,n_pred,7.75
W044,merged,normal,6,n_reg,7.75
W044,merged,normal,8,f1@0.5,0.7227930100801618
W044,merged,normal,8,f1@0.75,0.6315807064452575
W044,merged,normal,8,miou,0.6334776355417693
W044,merged,normal,8,n_pred,7.833333333333333
W044,merged,normal,8,n_reg,7.833333333333333
W044,merged,normal,12,f1@0.5,0.7648200268943303
W044,merged,normal,12,f1@0.75,0.628638813313736
W044,merged,normal,12,miou,0.6509070949281269
W044,merged,normal,12,n_pred,8.0
W044,merged,normal,12,n_reg,8.5
W044,merged,normal,16,f1@0.5,0.7172873686839227
W044,merged,normal,16,f1@0.75,0.579744714611453
W044,merged,normal,16,miou,0.6228853475044098
W044,merged,normal,16,n_pred,7.916666666666667
W044,merged,normal,16,n_reg,8.416666666666666
W044,merged,normal,24,f1@0.5,0.7553444011841844
W044,merged,normal,24,f1@0.75,0.6957584096902982
W044,merged,normal,24,miou,0.6694846772680493
W044,merged,normal,24,n_pred,7.833333333333333
W044,merged,normal,24,n_reg,7.833333333333333
W044,merged,normal,32,f1@0.5,0.74839995673974
W044,merged,normal,32,f1@0.75,0.686499150431039
W044,merged,normal,32,miou,0.6683173976953669
W044,merged,normal,32,n_pred,7.833333333333333
W044,merged,normal,32,n_reg,7.833333333333333
W044,merged,normal,48,f1@0.5,0.74839995673974
W044,merged,normal,48,f1@0.75,0.6315807064452575
W044,merged,normal,48,miou,0.6541585052422458
W044,merged,normal,48,n_pred,7.833333333333333
W044,merged,normal,48,n_reg,7.833333333333333
W044,merged,rgb,4,f1@0.5,0.782162839074099
W044,merged,rgb,4,f1@0.75,0.7738295057407657
W044,merged,rgb,4,miou,0.7408415506566522
W044,merged,rgb,4,n_pred,7.416666666666667
W044,merged,rgb,4,n_reg,7.416666666666667
W044,merged,rgb,6,f1@0.5,0.782162839074099
W044,merged,rgb,6,f1@0.75,0.7738295057407657
W044,merged,rgb,6,miou,0.7359285056531856
W044,merged,rgb,6,n_pred,7.416666666666667
W044,merged,rgb,6,n_reg,7.5
W044,merged,rgb,8,f1@0.5,0.8417076187200027
W044,merged,rgb,8,f1@0.75,0.8249991809589332
W044,merged,rgb,8,miou,0.7796795953918468
W044,merged,rgb,8,n_pred,8.25
W044,merged,rgb,8,n_reg,8.333333333333334
W044,merged,rgb,12,f1@0.5,0.8975878926565426
W044,merged,rgb,12,f1@0.75,0.8744324249358574
W044,merged,rgb,12,miou,0.8847361792687795
W044,merged,rgb,12,n_pred,9.666666666666666
W044,merged,rgb,12,n_reg,9.666666666666666
W044,merged,rgb,16,f1@0.5,0.8755808160371359
W044,merged,rgb,16,f1@0.75,0.8269867518252227
W044,merged,rgb,16,miou,0.8550120783093956
W044,merged,rgb,16,n_pred,9.666666666666666
W044,merged,rgb,16,n_reg,9.916666666666666
W044,merged,rgb,24,f1@0.5,0.9051837750350336
W044,merged,rgb,24,f1@0.75,0.8724988017322114
W044,merged,rgb,24,miou,0.8548781958367307
W044,merged,rgb,24,n_pred,10.083333333333334
W044,merged,rgb,24,n_reg,10.25
W044,merged,rgb,32,f1@0.5,0.9155466006152504
W044,merged,rgb,32,f1@0.75,0.8927205136587287
W044,merged,rgb,32,miou,0.8804642570546881
W044,merged,rgb,32,n_pred,10.166666666666666
W044,merged,rgb,32,n_reg,10.25
W044,merged,rgb,48,f1@0.5,0.9053419501932088
W044,merged,rgb,48,f1@0.75,0.8730538022872119
W044,merged,rgb,48,miou,0.8681992820999396
W044,merged,rgb,48,n_pred,10.0
W044,merged,rgb,48,n_reg,10.166666666666666
W044,raw,depth,4,f1@0.5,0.2814241722329957
W044,raw,depth,4,f1@0.75,0.1724085146879264
W044,raw,depth,4,miou,0.3800015775184702
W044,raw,depth,4,n_pred,4.0
W044,raw,depth,4,n_reg,4.0
W044,raw,depth,6,f1@0.5,0.2789459587253705
W044,raw,depth,6,f1@0.75,0.1711694079341138
W044,raw,depth,6,miou,0.3812877179233531
W044,raw,depth,6,n_pred,4.166666666666667
W044,raw,depth,6,n_reg,5.0
W044,raw,depth,8,f1@0.5,0.2810959178993235
W044,raw,depth,8,f1@0.75,0.181724429537897
W044,raw,depth,8,miou,0.4777347766932578
W044,raw,depth,8,n_pred,6.833333333333333
W044,raw,depth,8,n_reg,6.916666666666667
W044,raw,depth,12,f1@0.5,0.3364742441367828
W044,raw,depth,12,f1@0.75,0.2283459689032444
W044,raw,depth,12,miou,0.503549108215301
W044,raw,depth,12,n_pred,8.333333333333334
W044,raw,depth,12,n_reg,9.0
W044,raw,depth,16,f1@0.5,0.2648852037868056
W044,raw,depth,16,f1@0.75,0.1614541128843188
W044,raw,depth,16,miou,0.5088570108878075
W044,raw,depth,16,n_pred,9.25
W044,raw,depth,16,n_reg,9.583333333333334
W044,raw,depth,24,f1@0.5,0.309164299864596
W044,raw,depth,24,f1@0.75,0.2155789696087852
W044,raw,depth,24,miou,0.5128830640767682
W044,raw,depth,24,n_pred,9.583333333333334
W044,raw,depth,24,n_reg,10.583333333333334
W044,raw,depth,32,f1@0.5,0.3145167372822508
W044,raw,depth,32,f1@0.75,0.2143163433461589
W044,raw,depth,32,miou,0.5129936176042146
W044,raw,depth,32,n_pred,9.75
W044,raw,depth,32,n_reg,10.583333333333334
W044,raw,depth,48,f1@0.5,0.3075303129364914
W044,raw,depth,48,f1@0.75,0.2139449826806806
W044,raw,depth,48,miou,0.5131794998655578
W044,raw,depth,48,n_pred,9.666666666666666
W044,raw,depth,48,n_reg,10.5
W044,raw,normal,4,f1@0.5,0.6815631808278867
W044,raw,normal,4,f1@0.75,0.5982649638802889
W044,raw,normal,4,miou,0.6087378475340663
W044,raw,normal,4,n_pred,7.0
W044,raw,normal,4,n_reg,7.0
W044,raw,normal,6,f1@0.5,0.5905459878285965
W044,raw,normal,6,f1@0.75,0.5383187464709204
W044,raw,normal,6,miou,0.6353842753708842
W044,raw,normal,6,n_pred,10.416666666666666
W044,raw,normal,6,n_reg,10.75
W044,raw,normal,8,f1@0.5,0.5703830227743271
W044,raw,normal,8,f1@0.75,0.5204021582282452
W044,raw,normal,8,miou,0.6342995124060967
W044,raw,normal,8,n_pred,11.25
W044,raw,normal,8,n_reg,11.666666666666666
W044,raw,normal,12,f1@0.5,0.5525713023310277
W044,raw,normal,12,f1@0.75,0.5023884175829255
W044,raw,normal,12,miou,0.6510159361493811
W044,raw,normal,12,n_pred,11.5
W044,raw,normal,12,n_reg,12.583333333333334
W044,raw,normal,16,f1@0.5,0.5503402966217611
W044,raw,normal,16,f1@0.75,0.5122089834904481
W044,raw,normal,16,miou,0.6230586603147251
W044,raw,normal,16,n_pred,10.666666666666666
W044,raw,normal,16,n_reg,11.666666666666666
W044,raw,normal,24,f1@0.5,0.538566583217613
W044,raw,normal,24,f1@0.75,0.4989721532246323
W044,raw,normal,24,miou,0.670175420860545
W044,raw,normal,24,n_pred,12.833333333333334
W044,raw,normal,24,n_reg,13.833333333333334
W044,raw,normal,32,f1@0.5,0.5556124881983006
W044,raw,normal,32,f1@0.75,0.5143800974006923
W044,raw,normal,32,miou,0.6690107947074991
W044,raw,normal,32,n_pred,12.0
W044,raw,normal,32,n_reg,12.916666666666666
W044,raw,normal,48,f1@0.5,0.5701031424715636
W044,raw,normal,48,f1@0.75,0.527090876959298
W044,raw,normal,48,miou,0.6549092829907489
W044,raw,normal,48,n_pred,11.333333333333334
W044,raw,normal,48,n_reg,11.916666666666666
W044,raw,rgb,4,f1@0.5,0.6562833301963736
W044,raw,rgb,4,f1@0.75,0.5649915302089216
W044,raw,rgb,4,miou,0.7408415506566522
W044,raw,rgb,4,n_pred,10.25
W044,raw,rgb,4,n_reg,10.583333333333334
W044,raw,rgb,6,f1@0.5,0.5766194634672895
W044,raw,rgb,6,f1@0.75,0.4976300336807582
W044,raw,rgb,6,miou,0.7359434890307814
W044,raw,rgb,6,n_pred,13.083333333333334
W044,raw,rgb,6,n_reg,14.583333333333334
W044,raw,rgb,8,f1@0.5,0.6685459950677343
W044,raw,rgb,8,f1@0.75,0.5790485118745988
W044,raw,rgb,8,miou,0.7797002680111329
W044,raw,rgb,8,n_pred,12.583333333333334
W044,raw,rgb,8,n_reg,13.583333333333334
W044,raw,rgb,12,f1@0.5,0.679345166327925
W044,raw,rgb,12,f1@0.75,0.5889058397966443
W044,raw,rgb,12,miou,0.8847361792687795
W044,raw,rgb,12,n_pred,15.416666666666666
W044,raw,rgb,12,n_reg,16.5
W044,raw,rgb,16,f1@0.5,0.5612294070390484
W044,raw,rgb,16,f1@0.75,0.4415543096178034
W044,raw,rgb,16,miou,0.8550705007430023
W044,raw,rgb,16,n_pred,19.75
W044,raw,rgb,16,n_reg,22.166666666666668
W044,raw,rgb,24,f1@0.5,0.577538019426065
W044,raw,rgb,24,f1@0.75,0.4703197218140292
W044,raw,rgb,24,miou,0.8549673254909549
W044,raw,rgb,24,n_pred,21.166666666666668
W044,raw,rgb,24,n_reg,24.25
W044,raw,rgb,32,f1@0.5,0.5995220329306814
W044,raw,rgb,32,f1@0.75,0.4984939568539401
W044,raw,rgb,32,miou,0.8805516359945101
W044,raw,rgb,32,n_pred,20.58333333333333
W044,raw,rgb,32,n_reg,23.58333333333333
W044,raw,rgb,48,f1@0.5,0.5989461343590113
W044,raw,rgb,48,f1@0.75,0.4932922089576542
W044,raw,rgb,48,miou,0.8682884991094442
W044,raw,rgb,48,n_pred,19.916666666666668
W044,raw,rgb,48,n_reg,23.33333333333333
W045,merged,depth,4,f1@0.5,0.5779227716727716
W045,merged,depth,4,f1@0.75,0.4427884615384616
W045,merged,depth,4,miou,0.5681905828370213
W045,merged,depth,4,n_pred,4.166666666666667
W045,merged,depth,4,n_reg,4.166666666666667
W045,merged,depth,6,f1@0.5,0.5779227716727716
W045,merged,depth,6,f1@0.75,0.4427884615384616
W045,merged,depth,6,miou,0.563977012403728
W045,merged,depth,6,n_pred,4.166666666666667
W045,merged,depth,6,n_reg,4.166666666666667
W045,merged,depth,8,f1@0.5,0.5779227716727716
W045,merged,depth,8,f1@0.75,0.4427884615384616
W045,merged,depth,8,miou,0.569593208584337
W045,merged,depth,8,n_pred,4.166666666666667
W045,merged,depth,8,n_reg,4.166666666666667
W045,merged,depth,12,f1@0.5,0.5779227716727716
W045,merged,depth,12,f1@0.75,0.4427884615384616
W045,merged,depth,12,miou,0.5679618310211574
W045,merged,depth,12,n_pred,4.166666666666667
W045,merged,depth,12,n_reg,4.166666666666667
W045,merged,depth,16,f1@0.5,0.5779227716727716
W045,merged,depth,16,f1@0.75,0.4427884615384616
W045,merged,depth,16,miou,0.5672273150223875
W045,merged,depth,16,n_pred,4.166666666666667
W045,merged,depth,16,n_reg,4.166666666666667
W045,merged,depth,24,f1@0.5,0.5539606227106227
W045,merged,depth,24,f1@0.75,0.4345467032967032
W045,merged,depth,24,miou,0.5872846088009788
W045,merged,depth,24,n_pred,4.75
W045,merged,depth,24,n_reg,4.75
W045,merged,depth,32,f1@0.5,0.5527396214896215
W045,merged,depth,32,f1@0.75,0.4055479242979243
W045,merged,depth,32,miou,0.5909462202660211
W045,merged,depth,32,n_pred,4.5
W045,merged,depth,32,n_reg,4.5
W045,merged,depth,48,f1@0.5,0.5527396214896215
W045,merged,depth,48,f1@0.75,0.4055479242979243
W045,merged,depth,48,miou,0.5892072265179207
W045,merged,depth,48,n_pred,4.5
W045,merged,depth,48,n_reg,4.5
W045,merged,normal,4,f1@0.5,0.5823998849734143
W045,merged,normal,4,f1@0.75,0.4396118179206414
W045,merged,normal,4,miou,0.6384984765899911
W045,merged,normal,4,n_pred,5.666666666666667
W045,merged,normal,4,n_reg,5.833333333333333
W045,merged,normal,6,f1@0.5,0.6110769949005244
W045,merged,normal,6,f1@0.75,0.4589599942541119
W045,merged,normal,6,miou,0.6226880598265653
W045,merged,normal,6,n_pred,4.75
W045,merged,normal,6,n_reg,4.833333333333333
W045,merged,normal,8,f1@0.5,0.6086260145083674
W045,merged,normal,8,f1@0.75,0.4803185376714788
W045,merged,normal,8,miou,0.6273554301373158
W045,merged,normal,8,n_pred,4.833333333333333
W045,merged,normal,8,n_reg,5.0
W045,merged,normal,12,f1@0.5,0.4872460872460872
W045,merged,normal,12,f1@0.75,0.2488326488326488
W045,merged,normal,12,miou,0.4496941265038277
W045,merged,normal,12,n_pred,3.75
W045,merged,normal,12,n_reg,3.75
W045,merged,normal,16,f1@0.5,0.4872460872460872
W045,merged,normal,16,f1@0.75,0.2488326488326488
W045,merged,normal,16,miou,0.4496061380258842
W045,merged,normal,16,n_pred,3.75
W045,merged,normal,16,n_reg,3.75
W045,merged,normal,24,f1@0.5,0.5264180264180264
W045,merged,normal,24,f1@0.75,0.2733713046213046
W045,merged,normal,24,miou,0.4973274806845476
W045,merged,normal,24,n_pred,4.25
W045,merged,normal,24,n_reg,4.333333333333333
W045,merged,normal,32,f1@0.5,0.5811278998778998
W045,merged,normal,32,f1@0.75,0.4603021978021978
W045,merged,normal,32,miou,0.5845084260974974
W045,merged,normal,32,n_pred,4.416666666666667
W045,merged,normal,32,n_reg,4.416666666666667
W045,merged,normal,48,f1@0.5,0.5811278998778998
W045,merged,normal,48,f1@0.75,0.4474816849816849
W045,merged,normal,48,miou,0.5712545471131025
W045,merged,normal,48,n_pred,4.416666666666667
W045,merged,normal,48,n_reg,4.416666666666667
W045,merged,rgb,4,f1@0.5,0.8223793384977595
W045,merged,rgb,4,f1@0.75,0.6414820194425458
W045,merged,rgb,4,miou,0.7126643224079897
W045,merged,rgb,4,n_pred,6.583333333333333
W045,merged,rgb,4,n_reg,6.583333333333333
W045,merged,rgb,6,f1@0.5,0.8929330065359476
W045,merged,rgb,6,f1@0.75,0.7328022875816993
W045,merged,rgb,6,miou,0.8010190437232164
W045,merged,rgb,6,n_pred,7.666666666666667
W045,merged,rgb,6,n_reg,7.666666666666667
W045,merged,rgb,8,f1@0.5,0.8900735294117648
W045,merged,rgb,8,f1@0.75,0.7482434640522876
W045,merged,rgb,8,miou,0.8043324242487558
W045,merged,rgb,8,n_pred,7.5
W045,merged,rgb,8,n_reg,7.583333333333333
W045,merged,rgb,12,f1@0.5,0.9006736612773764
W045,merged,rgb,12,f1@0.75,0.8007417440660475
W045,merged,rgb,12,miou,0.8462580875062494
W045,merged,rgb,12,n_pred,7.916666666666667
W045,merged,rgb,12,n_reg,8.0
W045,merged,rgb,16,f1@0.5,0.876890756302521
W045,merged,rgb,16,f1@0.75,0.7620798319327732
W045,merged,rgb,16,miou,0.820604380143096
W045,merged,rgb,16,n_pred,7.833333333333333
W045,merged,rgb,16,n_reg,7.916666666666667
W045,merged,rgb,24,f1@0.5,0.92260348583878
W045,merged,rgb,24,f1@0.75,0.8041530501089325
W045,merged,rgb,24,miou,0.8497565251809633
W045,merged,rgb,24,n_pred,7.833333333333333
W045,merged,rgb,24,n_reg,7.833333333333333
W045,merged,rgb,32,f1@0.5,0.89760348583878
W045,merged,rgb,32,f1@0.75,0.797671568627451
W045,merged,rgb,32,miou,0.8456604871705693
W045,merged,rgb,32,n_pred,8.0
W045,merged,rgb,32,n_reg,8.0
W045,merged,rgb,48,f1@0.5,0.8929330065359476
W045,merged,rgb,48,f1@0.75,0.7814133986928105
W045,merged,rgb,48,miou,0.8115795227408791
W045,merged,rgb,48,n_pred,7.666666666666667
W045,merged,rgb,48,n_reg,7.666666666666667
W045,raw,depth,4,f1@0.5,0.4951460304401481
W045,raw,depth,4,f1@0.75,0.3304969540263658
W045,raw,depth,4,miou,0.5681905828370213
W045,raw,depth,4,n_pred,5.0
W045,raw,depth,4,n_reg,5.0
W045,raw,depth,6,f1@0.5,0.4951460304401481
W045,raw,depth,6,f1@0.75,0.3153454388748506
W045,raw,depth,6,miou,0.563977012403728
W045,raw,depth,6,n_pred,5.0
W045,raw,depth,6,n_reg,5.0
W045,raw,depth,8,f1@0.5,0.4951460304401481
W045,raw,depth,8,f1@0.75,0.3304969540263658
W045,raw,depth,8,miou,0.569593208584337
W045,raw,depth,8,n_pred,5.0
W045,raw,depth,8,n_reg,5.0
W045,raw,depth,12,f1@0.5,0.4951460304401481
W045,raw,depth,12,f1@0.75,0.3304969540263658
W045,raw,depth,12,miou,0.5679618310211574
W045,raw,depth,12,n_pred,5.0
W045,raw,depth,12,n_reg,5.0
W045,raw,depth,16,f1@0.5,0.4951460304401481
W045,raw,depth,16,f1@0.75,0.3304969540263658
W045,raw,depth,16,miou,0.5672273150223875
W045,raw,depth,16,n_pred,5.0
W045,raw,depth,16,n_reg,5.0
W045,raw,depth,24,f1@0.5,0.5024109877051054
W045,raw,depth,24,f1@0.75,0.3319011054305171
W045,raw,depth,24,miou,0.5872846088009788
W045,raw,depth,24,n_pred,5.5
W045,raw,depth,24,n_reg,5.5
W045,raw,depth,32,f1@0.5,0.5527396214896215
W045,raw,depth,32,f1@0.75,0.4055479242979243
W045,raw,depth,32,miou,0.5909462202660211
W045,raw,depth,32,n_pred,4.5
W045,raw,depth,32,n_reg,4.5
W045,raw,depth,48,f1@0.5,0.5527396214896215
W045,raw,depth,48,f1@0.75,0.4055479242979243
W045,raw,depth,48,miou,0.5892072265179207
W045,raw,depth,48,n_pred,4.5
W045,raw,depth,48,n_reg,4.5
W045,raw,normal,4,f1@0.5,0.5326116006456564
W045,raw,normal,4,f1@0.75,0.352241841405928
W045,raw,normal,4,miou,0.6384984765899911
W045,raw,normal,4,n_pred,6.416666666666667
W045,raw,normal,4,n_reg,6.75
W045,raw,normal,6,f1@0.5,0.5403883153883154
W045,raw,normal,6,f1@0.75,0.361062086062086
W045,raw,normal,6,miou,0.6226880598265653
W045,raw,normal,6,n_pred,5.583333333333333
W045,raw,normal,6,n_reg,5.833333333333333
W045,raw,normal,8,f1@0.5,0.5043054941274755
W045,raw,normal,8,f1@0.75,0.3372158951299818
W045,raw,normal,8,miou,0.6273554301373158
W045,raw,normal,8,n_pred,6.583333333333333
W045,raw,normal,8,n_reg,6.833333333333333
W045,raw,normal,12,f1@0.5,0.4296282149223325
W045,raw,normal,12,f1@0.75,0.2295341912988971
W045,raw,normal,12,miou,0.4496941265038277
W045,raw,normal,12,n_pred,5.0
W045,raw,normal,12,n_reg,5.0
W045,raw,normal,16,f1@0.5,0.4296282149223325
W045,raw,normal,16,f1@0.75,0.2295341912988971
W045,raw,normal,16,miou,0.4496061380258842
W045,raw,normal,16,n_pred,5.0
W045,raw,normal,16,n_reg,5.0
W045,raw,normal,24,f1@0.5,0.451081326081326
W045,raw,normal,24,f1@0.75,0.2496549746549746
W045,raw,normal,24,miou,0.4973274806845476
W045,raw,normal,24,n_pred,5.75
W045,raw,normal,24,n_reg,5.833333333333333
W045,raw,normal,32,f1@0.5,0.4920965608465608
W045,raw,normal,32,f1@0.75,0.3299272486772486
W045,raw,normal,32,miou,0.5845084260974974
W045,raw,normal,32,n_pred,6.0
W045,raw,normal,32,n_reg,6.0
W045,raw,normal,48,f1@0.5,0.4362943557989998
W045,raw,normal,48,f1@0.75,0.2033263541583975
W045,raw,normal,48,miou,0.5712545471131025
W045,raw,normal,48,n_pred,7.0
W045,raw,normal,48,n_reg,7.0
W045,raw,rgb,4,f1@0.5,0.7377801120448179
W045,raw,rgb,4,f1@0.75,0.523249299719888
W045,raw,rgb,4,miou,0.7126643224079897
W045,raw,rgb,4,n_pred,7.583333333333333
W045,raw,rgb,4,n_reg,7.833333333333333
W045,raw,rgb,6,f1@0.5,0.8324463118580766
W045,raw,rgb,6,f1@0.75,0.6285714285714286
W045,raw,rgb,6,miou,0.8010424333289986
W045,raw,rgb,6,n_pred,8.583333333333334
W045,raw,rgb,6,n_reg,8.75
W045,raw,rgb,8,f1@0.5,0.8121576408341115
W045,raw,rgb,8,f1@0.75,0.6357065048241518
W045,raw,rgb,8,miou,0.8043548183750336
W045,raw,rgb,8,n_pred,8.583333333333334
W045,raw,rgb,8,n_reg,8.833333333333334
W045,raw,rgb,12,f1@0.5,0.791787270463741
W045,raw,rgb,12,f1@0.75,0.6189438055924124
W045,raw,rgb,12,miou,0.8462815656512243
W045,raw,rgb,12,n_pred,9.833333333333334
W045,raw,rgb,12,n_reg,10.583333333333334
W045,raw,rgb,16,f1@0.5,0.7874579124579125
W045,raw,rgb,16,f1@0.75,0.6212121212121212
W045,raw,rgb,16,miou,0.8197792516725029
W045,raw,rgb,16,n_pred,9.333333333333334
W045,raw,rgb,16,n_reg,9.75
W045,raw,rgb,24,f1@0.5,0.7832969790787128
W045,raw,rgb,24,f1@0.75,0.6055903461863213
W045,raw,rgb,24,miou,0.8497797251171342
W045,raw,rgb,24,n_pred,10.25
W045,raw,rgb,24,n_reg,10.75
W045,raw,rgb,32,f1@0.5,0.7331906154274576
W045,raw,rgb,32,f1@0.75,0.582214216095795
W045,raw,rgb,32,miou,0.8456843715906871
W045,raw,rgb,32,n_pred,11.333333333333334
W045,raw,rgb,32,n_reg,12.5
W045,raw,rgb,48,f1@0.5,0.7597956332291371
W045,raw,rgb,48,f1@0.75,0.5930064798612046
W045,raw,rgb,48,miou,0.8116031429038612
W045,raw,rgb,48,n_pred,10.166666666666666
W045,raw,rgb,48,n_reg,10.666666666666666
W046,merged,depth,4,f1@0.5,0.5323364135864136
W046,merged,depth,4,f1@0.75,0.3571636696636696
W046,merged,depth,4,miou,0.4847811420259654
W046,merged,depth,4,n_pred,3.375
W046,merged,depth,4,n_reg,3.375
W046,merged,depth,6,f1@0.5,0.6527566183816184
W046,merged,depth,6,f1@0.75,0.5089582292707293
W046,merged,depth,6,miou,0.6077148423362478
W046,merged,depth,6,n_pred,4.6875
W046,merged,depth,6,n_reg,4.6875
W046,merged,depth,8,f1@0.5,0.6559617465867466
W046,merged,depth,8,f1@0.75,0.5025479728604728
W046,merged,depth,8,miou,0.6069130254632286
W046,merged,depth,8,n_pred,4.625
W046,merged,depth,8,n_reg,4.75
W046,merged,depth,12,f1@0.5,0.6551604645354645
W046,merged,depth,12,f1@0.75,0.4926120754245754
W046,merged,depth,12,miou,0.6129094724803258
W046,merged,depth,12,n_pred,4.625
W046,merged,depth,12,n_reg,4.75
W046,merged,depth,16,f1@0.5,0.6816027722277722
W046,merged,depth,16,f1@0.75,0.5006248959373959
W046,merged,depth,16,miou,0.6108305629827822
W046,merged,depth,16,n_pred,4.6875
W046,merged,depth,16,n_reg,4.8125
W046,merged,depth,24,f1@0.5,0.6647758491508492
W046,merged,depth,24,f1@0.75,0.4926120754245754
W046,merged,depth,24,miou,0.607503993865293
W046,merged,depth,24,n_pred,4.625
W046,merged,depth,24,n_reg,4.8125
W046,merged,depth,32,f1@0.5,0.6647758491508492
W046,merged,depth,32,f1@0.75,0.4926120754245754
W046,merged,depth,32,miou,0.6107284108394394
W046,merged,depth,32,n_pred,4.625
W046,merged,depth,32,n_reg,4.75
W046,merged,depth,48,f1@0.5,0.6647758491508492
W046,merged,depth,48,f1@0.75,0.4926120754245754
W046,merged,depth,48,miou,0.6108102184501231
W046,merged,depth,48,n_pred,4.625
W046,merged,depth,48,n_reg,4.8125
W046,merged,normal,4,f1@0.5,0.4602869352869352
W046,merged,normal,4,f1@0.75,0.3067293817293817
W046,merged,normal,4,miou,0.3621710140942077
W046,merged,normal,4,n_pred,3.0
W046,merged,normal,4,n_reg,3.0625
W046,merged,normal,6,f1@0.5,0.6246727231102231
W046,merged,normal,6,f1@0.75,0.4997877122877123
W046,merged,normal,6,miou,0.5745791219040143
W046,merged,normal,6,n_pred,4.625
W046,merged,normal,6,n_reg,4.75
W046,merged,normal,8,f1@0.5,0.4348193473193473
W046,merged,normal,8,f1@0.75,0.1856254856254856
W046,merged,normal,8,miou,0.3100898224580603
W046,merged,normal,8,n_pred,2.375
W046,merged,normal,8,n_reg,2.375
W046,merged,normal,12,f1@0.5,0.521012321012321
W046,merged,normal,12,f1@0.75,0.3101287601287601
W046,merged,normal,12,miou,0.4395175370578302
W046,merged,normal,12,n_pred,4.0
W046,merged,normal,12,n_reg,4.125
W046,merged,normal,16,f1@0.5,0.4992174492174492
W046,merged,normal,16,f1@0.75,0.3080232267732268
W046,merged,normal,16,miou,0.438969838420952
W046,merged,normal,16,n_pred,3.9375
W046,merged,normal,16,n_reg,4.0625
W046,merged,normal,24,f1@0.5,0.4540077977577977
W046,merged,normal,24,f1@0.75,0.2219752469752469
W046,merged,normal,24,miou,0.3854989793937941
W046,merged,normal,24,n_pred,3.125
W046,merged,normal,24,n_reg,3.25
W046,merged,normal,32,f1@0.5,0.5750582750582751
W046,merged,normal,32,f1@0.75,0.332794289044289
W046,merged,normal,32,miou,0.4363352583773783
W046,merged,normal,32,n_pred,3.9375
W046,merged,normal,32,n_reg,4.0625
W046,merged,normal,48,f1@0.5,0.4575792263292263
W046,merged,normal,48,f1@0.75,0.2373598623598623
W046,merged,normal,48,miou,0.3930995119552827
W046,merged,normal,48,n_pred,3.125
W046,merged,normal,48,n_reg,3.25
W046,merged,rgb,4,f1@0.5,0.5934586247086248
W046,merged,rgb,4,f1@0.75,0.3812293609168609
W046,merged,rgb,4,miou,0.4243858529088264
W046,merged,rgb,4,n_pred,4.5
W046,merged,rgb,4,n_reg,4.625
W046,merged,rgb,6,f1@0.5,0.7957784368194585
W046,merged,rgb,6,f1@0.75,0.5429092321507182
W046,merged,rgb,6,miou,0.6467718181061045
W046,merged,rgb,6,n_pred,6.4375
W046,merged,rgb,6,n_reg,6.4375
W046,merged,rgb,8,f1@0.5,0.8183010020809943
W046,merged,rgb,8,f1@0.75,0.5767944441609302
W046,merged,rgb,8,miou,0.6572624967489474
W046,merged,rgb,8,n_pred,7.125
W046,merged,rgb,8,n_reg,7.25
W046,merged,rgb,12,f1@0.5,0.8191985420410344
W046,merged,rgb,12,f1@0.75,0.5778222358137219
W046,merged,rgb,12,miou,0.6851195399444895
W046,merged,rgb,12,n_pred,7.1875
W046,merged,rgb,12,n_reg,7.4375
W046,merged,rgb,16,f1@0.5,0.8299420060933219
W046,merged,rgb,16,f1@0.75,0.5840007488856173
W046,merged,rgb,16,miou,0.6947787503681355
W046,merged,rgb,16,n_pred,7.25
W046,merged,rgb,16,n_reg,7.4375
W046,merged,rgb,24,f1@0.5,0.8254485420410343
W046,merged,rgb,24,f1@0.75,0.5856347358137219
W046,merged,rgb,24,miou,0.6885320324703724
W046,merged,rgb,24,n_pred,7.1875
W046,merged,rgb,24,n_reg,7.375
W046,merged,rgb,32,f1@0.5,0.8307490115878274
W046,merged,rgb,32,f1@0.75,0.5805266188489873
W046,merged,rgb,32,miou,0.6915531868047268
W046,merged,rgb,32,n_pred,7.25
W046,merged,rgb,32,n_reg,7.5
W046,merged,rgb,48,f1@0.5,0.8299420060933219
W046,merged,rgb,48,f1@0.75,0.5840007488856173
W046,merged,rgb,48,miou,0.6940009215836612
W046,merged,rgb,48,n_pred,7.25
W046,merged,rgb,48,n_reg,7.4375
W046,raw,depth,4,f1@0.5,0.443824925074925
W046,raw,depth,4,f1@0.75,0.310031635031635
W046,raw,depth,4,miou,0.4847811420259654
W046,raw,depth,4,n_pred,4.0
W046,raw,depth,4,n_reg,4.0
W046,raw,depth,6,f1@0.5,0.5714093198468199
W046,raw,depth,6,f1@0.75,0.3320216242091242
W046,raw,depth,6,miou,0.6077148423362478
W046,raw,depth,6,n_pred,5.625
W046,raw,depth,6,n_reg,5.625
W046,raw,depth,8,f1@0.5,0.5741565725940726
W046,raw,depth,8,f1@0.75,0.3251534923409923
W046,raw,depth,8,miou,0.6069130254632286
W046,raw,depth,8,n_pred,5.5625
W046,raw,depth,8,n_reg,5.6875
W046,raw,depth,12,f1@0.5,0.5727829462204462
W046,raw,depth,12,f1@0.75,0.3159673659673659
W046,raw,depth,12,miou,0.6129094724803258
W046,raw,depth,12,n_pred,5.5625
W046,raw,depth,12,n_reg,5.6875
W046,raw,depth,16,f1@0.5,0.5981950341325342
W046,raw,depth,16,f1@0.75,0.3242091242091242
W046,raw,depth,16,miou,0.6108305629827822
W046,raw,depth,16,n_pred,5.625
W046,raw,depth,16,n_reg,5.75
W046,raw,depth,24,f1@0.5,0.5817115176490176
W046,raw,depth,24,f1@0.75,0.3159673659673659
W046,raw,depth,24,miou,0.607503993865293
W046,raw,depth,24,n_pred,5.5625
W046,raw,depth,24,n_reg,5.75
W046,raw,depth,32,f1@0.5,0.5817115176490176
W046,raw,depth,32,f1@0.75,0.3159673659673659
W046,raw,depth,32,miou,0.6107284108394394
W046,raw,depth,32,n_pred,5.5625
W046,raw,depth,32,n_reg,5.6875
W046,raw,depth,48,f1@0.5,0.5817115176490176
W046,raw,depth,48,f1@0.75,0.3159673659673659
W046,raw,depth,48,miou,0.6108102184501231
W046,raw,depth,48,n_pred,5.5625
W046,raw,depth,48,n_reg,5.75
W046,raw,normal,4,f1@0.5,0.3798729048729048
W046,raw,normal,4,f1@0.75,0.2196907259407259
W046,raw,normal,4,miou,0.3621710140942077
W046,raw,normal,4,n_pred,3.8125
W046,raw,normal,4,n_reg,4.0
W046,raw,normal,6,f1@0.5,0.5387029637029637
W046,raw,normal,6,f1@0.75,0.3414855977355977
W046,raw,normal,6,miou,0.5860201257712243
W046,raw,normal,6,n_pred,5.6875
W046,raw,normal,6,n_reg,5.875
W046,raw,normal,8,f1@0.5,0.3602057664557664
W046,raw,normal,8,f1@0.75,0.1523552836052836
W046,raw,normal,8,miou,0.3100898224580603
W046,raw,normal,8,n_pred,3.0
W046,raw,normal,8,n_reg,3.0
W046,raw,normal,12,f1@0.5,0.445987345987346
W046,raw,normal,12,f1@0.75,0.2425220612720612
W046,raw,normal,12,miou,0.4395175370578302
W046,raw,normal,12,n_pred,4.6875
W046,raw,normal,12,n_reg,4.9375
W046,raw,normal,16,f1@0.5,0.4229249916749917
W046,raw,normal,16,f1@0.75,0.2332417582417582
W046,raw,normal,16,miou,0.438969838420952
W046,raw,normal,16,n_pred,4.6875
W046,raw,normal,16,n_reg,4.875
W046,raw,normal,24,f1@0.5,0.3719953657453657
W046,raw,normal,24,f1@0.75,0.1416208791208791
W046,raw,normal,24,miou,0.3854989793937941
W046,raw,normal,24,n_pred,4.0625
W046,raw,normal,24,n_reg,4.375
W046,raw,normal,32,f1@0.5,0.478090139027639
W046,raw,normal,32,f1@0.75,0.2217948717948717
W046,raw,normal,32,miou,0.4363792498610302
W046,raw,normal,32,n_pred,5.125
W046,raw,normal,32,n_reg,5.375
W046,raw,normal,48,f1@0.5,0.3704802142302142
W046,raw,normal,48,f1@0.75,0.1507117882117882
W046,raw,normal,48,miou,0.3930995119552827
W046,raw,normal,48,n_pred,4.125
W046,raw,normal,48,n_reg,4.4375
W046,raw,rgb,4,f1@0.5,0.5226918914418914
W046,raw,rgb,4,f1@0.75,0.3659273018648019
W046,raw,rgb,4,miou,0.4244069228104923
W046,raw,rgb,4,n_pred,5.0
W046,raw,rgb,4,n_reg,5.25
W046,raw,rgb,6,f1@0.5,0.6971421058301863
W046,raw,rgb,6,f1@0.75,0.4986039051248029
W046,raw,rgb,6,miou,0.646797278069291
W046,raw,rgb,6,n_pred,7.6875
W046,raw,rgb,6,n_reg,8.25
W046,raw,rgb,8,f1@0.5,0.7226127630539395
W046,raw,rgb,8,f1@0.75,0.536116048983696
W046,raw,rgb,8,miou,0.6572770993955609
W046,raw,rgb,8,n_pred,8.25
W046,raw,rgb,8,n_reg,8.9375
W046,raw,rgb,12,f1@0.5,0.6944196428571429
W046,raw,rgb,12,f1@0.75,0.5171861946532998
W046,raw,rgb,12,miou,0.6851479776682591
W046,raw,rgb,12,n_pred,9.125
W046,raw,rgb,12,n_reg,10.5
W046,raw,rgb,16,f1@0.5,0.6903169381787803
W046,raw,rgb,16,f1@0.75,0.5087301587301587
W046,raw,rgb,16,miou,0.6948109936509093
W046,raw,rgb,16,n_pred,9.375
W046,raw,rgb,16,n_reg,10.875
W046,raw,rgb,24,f1@0.5,0.6973639675168313
W046,raw,rgb,24,f1@0.75,0.5138492677772863
W046,raw,rgb,24,miou,0.6885616874520886
W046,raw,rgb,24,n_pred,9.0625
W046,raw,rgb,24,n_reg,10.25
W046,raw,rgb,32,f1@0.5,0.6679731275561384
W046,raw,rgb,32,f1@0.75,0.4834202320512305
W046,raw,rgb,32,miou,0.6915837495309234
W046,raw,rgb,32,n_pred,10.125
W046,raw,rgb,32,n_reg,11.875
W046,raw,rgb,48,f1@0.5,0.688072946790052
W046,raw,rgb,48,f1@0.75,0.5006145170618854
W046,raw,rgb,48,miou,0.6940301001816411
W046,raw,rgb,48,n_pred,9.5625
W046,raw,rgb,48,n_reg,10.875
W047,merged,depth,4,f1@0.5,0.161398250871935
W047,merged,depth,4,f1@0.75,0.0623236412710097
W047,merged,depth,4,miou,0.2083305407899994
W047,merged,depth,4,n_pred,2.9473684210526314
W047,merged,depth,4,n_reg,2.9473684210526314
W047,merged,depth,6,f1@0.5,0.2303141303141302
W047,merged,depth,6,f1@0.75,0.0740195477037582
W047,merged,depth,6,miou,0.2234418787149936
W047,merged,depth,6,n_pred,2.9473684210526314
W047,merged,depth,6,n_reg,2.9473684210526314
W047,merged,depth,8,f1@0.5,0.2303141303141302
W047,merged,depth,8,f1@0.75,0.0740195477037582
W047,merged,depth,8,miou,0.2232495562508541
W047,merged,depth,8,n_pred,2.9473684210526314
W047,merged,depth,8,n_reg,2.9473684210526314
W047,merged,depth,12,f1@0.5,0.2303141303141302
W047,merged,depth,12,f1@0.75,0.0740195477037582
W047,merged,depth,12,miou,0.2226877257897703
W047,merged,depth,12,n_pred,2.9473684210526314
W047,merged,depth,12,n_reg,2.9473684210526314
W047,merged,depth,16,f1@0.5,0.2303141303141302
W047,merged,depth,16,f1@0.75,0.0740195477037582
W047,merged,depth,16,miou,0.2225174485984632
W047,merged,depth,16,n_pred,2.9473684210526314
W047,merged,depth,16,n_reg,2.9473684210526314
W047,merged,depth,24,f1@0.5,0.2303141303141302
W047,merged,depth,24,f1@0.75,0.0740195477037582
W047,merged,depth,24,miou,0.2228725354537083
W047,merged,depth,24,n_pred,2.9473684210526314
W047,merged,depth,24,n_reg,2.9473684210526314
W047,merged,depth,32,f1@0.5,0.2110158847000952
W047,merged,depth,32,f1@0.75,0.0740195477037582
W047,merged,depth,32,miou,0.2210896105180445
W047,merged,depth,32,n_pred,2.9473684210526314
W047,merged,depth,32,n_reg,2.9473684210526314
W047,merged,depth,48,f1@0.5,0.2110158847000952
W047,merged,depth,48,f1@0.75,0.0740195477037582
W047,merged,depth,48,miou,0.2203908638191362
W047,merged,depth,48,n_pred,2.9473684210526314
W047,merged,depth,48,n_reg,2.9473684210526314
W047,merged,normal,4,f1@0.5,0.4313088614172205
W047,merged,normal,4,f1@0.75,0.1750075775617571
W047,merged,normal,4,miou,0.3441225711987412
W047,merged,normal,4,n_pred,4.157894736842105
W047,merged,normal,4,n_reg,4.2105263157894735
W047,merged,normal,6,f1@0.5,0.3862374295810828
W047,merged,normal,6,f1@0.75,0.1762496705221163
W047,merged,normal,6,miou,0.32367110379927
W047,merged,normal,6,n_pred,4.052631578947368
W047,merged,normal,6,n_reg,4.105263157894737
W047,merged,normal,8,f1@0.5,0.3162696952170636
W047,merged,normal,8,f1@0.75,0.1275261288419183
W047,merged,normal,8,miou,0.2378077848088205
W047,merged,normal,8,n_pred,3.631578947368421
W047,merged,normal,8,n_reg,3.684210526315789
W047,merged,normal,12,f1@0.5,0.3560842494279027
W047,merged,normal,12,f1@0.75,0.1302119363264874
W047,merged,normal,12,miou,0.3083040236357892
W047,merged,normal,12,n_pred,3.842105263157895
W047,merged,normal,12,n_reg,3.842105263157895
W047,merged,normal,16,f1@0.5,0.3626018975864177
W047,merged,normal,16,f1@0.75,0.1553326188775105
W047,merged,normal,16,miou,0.32789277348594
W047,merged,normal,16,n_pred,4.157894736842105
W047,merged,normal,16,n_reg,4.2105263157894735
W047,merged,normal,24,f1@0.5,0.3341683170630539
W047,merged,normal,24,f1@0.75,0.1038654328128012
W047,merged,normal,24,miou,0.2739795656739689
W047,merged,normal,24,n_pred,3.5789473684210527
W047,merged,normal,24,n_reg,3.5789473684210527
W047,merged,normal,32,f1@0.5,0.1664541598752125
W047,merged,normal,32,f1@0.75,0.0507599126020178
W047,merged,normal,32,miou,0.1875076142982111
W047,merged,normal,32,n_pred,3.3684210526315788
W047,merged,normal,32,n_reg,4.157894736842105
W047,merged,normal,48,f1@0.5,0.1463568595147542
W047,merged,normal,48,f1@0.75,0.0483682983682983
W047,merged,normal,48,miou,0.1419019788283861
W047,merged,normal,48,n_pred,2.473684210526316
W047,merged,normal,48,n_reg,3.1052631578947367
W047,merged,rgb,4,f1@0.5,0.5169278090330721
W047,merged,rgb,4,f1@0.75,0.3197745237218921
W047,merged,rgb,4,miou,0.4190220021349131
W047,merged,rgb,4,n_pred,4.421052631578948
W047,merged,rgb,4,n_reg,4.631578947368421
W047,merged,rgb,6,f1@0.5,0.612571106224357
W047,merged,rgb,6,f1@0.75,0.426362053838834
W047,merged,rgb,6,miou,0.5427392239325237
W047,merged,rgb,6,n_pred,5.2105263157894735
W047,merged,rgb,6,n_reg,5.421052631578948
W047,merged,rgb,8,f1@0.5,0.6172923481747011
W047,merged,rgb,8,f1@0.75,0.4285622358377776
W047,merged,rgb,8,miou,0.5147971170994456
W047,merged,rgb,8,n_pred,5.315789473684211
W047,merged,rgb,8,n_reg,5.421052631578948
W047,merged,rgb,12,f1@0.5,0.7481847579574482
W047,merged,rgb,12,f1@0.75,0.5018240757486317
W047,merged,rgb,12,miou,0.6577957622334407
W047,merged,rgb,12,n_pred,6.421052631578948
W047,merged,rgb,12,n_reg,6.421052631578948
W047,merged,rgb,16,f1@0.5,0.683766426393117
W047,merged,rgb,16,f1@0.75,0.5308422716276716
W047,merged,rgb,16,miou,0.6302222109854884
W047,merged,rgb,16,n_pred,5.894736842105263
W047,merged,rgb,16,n_reg,6.052631578947368
W047,merged,rgb,24,f1@0.5,0.7376636177719769
W047,merged,rgb,24,f1@0.75,0.5522529070516687
W047,merged,rgb,24,miou,0.7048332181886067
W047,merged,rgb,24,n_pred,6.368421052631579
W047,merged,rgb,24,n_reg,6.578947368421052
W047,merged,rgb,32,f1@0.5,0.7089401346937603
W047,merged,rgb,32,f1@0.75,0.4921761435204485
W047,merged,rgb,32,miou,0.6351113466804639
W047,merged,rgb,32,n_pred,6.0
W047,merged,rgb,32,n_reg,6.368421052631579
W047,merged,rgb,48,f1@0.5,0.7233902822504745
W047,merged,rgb,48,f1@0.75,0.4955889583231933
W047,merged,rgb,48,miou,0.6495509000822406
W047,merged,rgb,48,n_pred,6.105263157894737
W047,merged,rgb,48,n_reg,6.473684210526316
W047,raw,depth,4,f1@0.5,0.1499149972834183
W047,raw,depth,4,f1@0.75,0.0613667034719666
W047,raw,depth,4,miou,0.2083305407899994
W047,raw,depth,4,n_pred,3.0
W047,raw,depth,4,n_reg,3.0
W047,raw,depth,6,f1@0.5,0.1675648912491017
W047,raw,depth,6,f1@0.75,0.0598944914734388
W047,raw,depth,6,miou,0.2234418787149936
W047,raw,depth,6,n_pred,3.684210526315789
W047,raw,depth,6,n_reg,3.842105263157895
W047,raw,depth,8,f1@0.5,0.1675648912491017
W047,raw,depth,8,f1@0.75,0.0598944914734388
W047,raw,depth,8,miou,0.2232495562508541
W047,raw,depth,8,n_pred,3.684210526315789
W047,raw,depth,8,n_reg,3.842105263157895
W047,raw,depth,12,f1@0.5,0.1675648912491017
W047,raw,depth,12,f1@0.75,0.0598944914734388
W047,raw,depth,12,miou,0.2226877257897703
W047,raw,depth,12,n_pred,3.684210526315789
W047,raw,depth,12,n_reg,3.842105263157895
W047,raw,depth,16,f1@0.5,0.1675648912491017
W047,raw,depth,16,f1@0.75,0.0598944914734388
W047,raw,depth,16,miou,0.2225174485984632
W047,raw,depth,16,n_pred,3.684210526315789
W047,raw,depth,16,n_reg,3.842105263157895
W047,raw,depth,24,f1@0.5,0.1675648912491017
W047,raw,depth,24,f1@0.75,0.0598944914734388
W047,raw,depth,24,miou,0.2228725354537083
W047,raw,depth,24,n_pred,3.684210526315789
W047,raw,depth,24,n_reg,3.842105263157895
W047,raw,depth,32,f1@0.5,0.1498983472667683
W047,raw,depth,32,f1@0.75,0.0598944914734388
W047,raw,depth,32,miou,0.2210896105180445
W047,raw,depth,32,n_pred,3.684210526315789
W047,raw,depth,32,n_reg,3.842105263157895
W047,raw,depth,48,f1@0.5,0.1498983472667683
W047,raw,depth,48,f1@0.75,0.0598944914734388
W047,raw,depth,48,miou,0.2203908638191362
W047,raw,depth,48,n_pred,3.684210526315789
W047,raw,depth,48,n_reg,3.842105263157895
W047,raw,normal,4,f1@0.5,0.3663277726745219
W047,raw,normal,4,f1@0.75,0.1674496384248706
W047,raw,normal,4,miou,0.3441225711987412
W047,raw,normal,4,n_pred,5.157894736842105
W047,raw,normal,4,n_reg,5.2105263157894735
W047,raw,normal,6,f1@0.5,0.2790831369126953
W047,raw,normal,6,f1@0.75,0.1517018711739259
W047,raw,normal,6,miou,0.32367110379927
W047,raw,normal,6,n_pred,6.052631578947368
W047,raw,normal,6,n_reg,6.2105263157894735
W047,raw,normal,8,f1@0.5,0.2320910084067979
W047,raw,normal,8,f1@0.75,0.1119101658575342
W047,raw,normal,8,miou,0.2378077848088205
W047,raw,normal,8,n_pred,4.947368421052632
W047,raw,normal,8,n_reg,5.315789473684211
W047,raw,normal,12,f1@0.5,0.2729884236850181
W047,raw,normal,12,f1@0.75,0.1071427970034781
W047,raw,normal,12,miou,0.3091173513658174
W047,raw,normal,12,n_pred,5.578947368421052
W047,raw,normal,12,n_reg,5.789473684210527
W047,raw,normal,16,f1@0.5,0.2731897784651573
W047,raw,normal,16,f1@0.75,0.1252023043492817
W047,raw,normal,16,miou,0.32789277348594
W047,raw,normal,16,n_pred,6.2105263157894735
W047,raw,normal,16,n_reg,6.2631578947368425
W047,raw,normal,24,f1@0.5,0.2507013712122071
W047,raw,normal,24,f1@0.75,0.0789583653360743
W047,raw,normal,24,miou,0.2755532537962036
W047,raw,normal,24,n_pred,5.315789473684211
W047,raw,normal,24,n_reg,5.526315789473684
W047,raw,normal,32,f1@0.5,0.1190828069148095
W047,raw,normal,32,f1@0.75,0.0348306664096137
W047,raw,normal,32,miou,0.1914807658149452
W047,raw,normal,32,n_pred,4.842105263157895
W047,raw,normal,32,n_reg,6.105263157894737
W047,raw,normal,48,f1@0.5,0.089070810510439
W047,raw,normal,48,f1@0.75,0.0304834484401047
W047,raw,normal,48,miou,0.1419397009895196
W047,raw,normal,48,n_pred,3.473684210526316
W047,raw,normal,48,n_reg,4.526315789473684
W047,raw,rgb,4,f1@0.5,0.3671439499612874
W047,raw,rgb,4,f1@0.75,0.2113267709242941
W047,raw,rgb,4,miou,0.4190220021349131
W047,raw,rgb,4,n_pred,5.894736842105263
W047,raw,rgb,4,n_reg,6.2105263157894735
W047,raw,rgb,6,f1@0.5,0.4126927510054445
W047,raw,rgb,6,f1@0.75,0.2584253551745811
W047,raw,rgb,6,miou,0.5424336139604327
W047,raw,rgb,6,n_pred,9.052631578947368
W047,raw,rgb,6,n_reg,9.842105263157896
W047,raw,rgb,8,f1@0.5,0.4664294249555777
W047,raw,rgb,8,f1@0.75,0.2867885658418492
W047,raw,rgb,8,miou,0.5147971170994456
W047,raw,rgb,8,n_pred,7.947368421052632
W047,raw,rgb,8,n_reg,8.210526315789474
W047,raw,rgb,12,f1@0.5,0.5246092644948126
W047,raw,rgb,12,f1@0.75,0.3189754281066421
W047,raw,rgb,12,miou,0.6577955048735022
W047,raw,rgb,12,n_pred,10.947368421052632
W047,raw,rgb,12,n_reg,12.0
W047,raw,rgb,16,f1@0.5,0.462005567457176
W047,raw,rgb,16,f1@0.75,0.3193451058446347
W047,raw,rgb,16,miou,0.6302222021578523
W047,raw,rgb,16,n_pred,10.36842105263158
W047,raw,rgb,16,n_reg,11.157894736842104
W047,raw,rgb,24,f1@0.5,0.5174694879587157
W047,raw,rgb,24,f1@0.75,0.3424553458858919
W047,raw,rgb,24,miou,0.70483337942801
W047,raw,rgb,24,n_pred,10.526315789473683
W047,raw,rgb,24,n_reg,11.473684210526317
W047,raw,rgb,32,f1@0.5,0.4133720049810412
W047,raw,rgb,32,f1@0.75,0.2395836484148756
W047,raw,rgb,32,miou,0.635134679444873
W047,raw,rgb,32,n_pred,13.894736842105264
W047,raw,rgb,32,n_reg,16.05263157894737
W047,raw,rgb,48,f1@0.5,0.4226620153389663
W047,raw,rgb,48,f1@0.75,0.2450102215021612
W047,raw,rgb,48,miou,0.6495507101255295
W047,raw,rgb,48,n_pred,13.736842105263158
W047,raw,rgb,48,n_reg,15.421052631578949
W048,merged,depth,4,f1@0.5,0.0
W048,merged,depth,4,f1@0.75,0.0
W048,merged,depth,4,miou,0.0760955976279079
W048,merged,depth,4,n_pred,1.0
W048,merged,depth,4,n_reg,1.0
W048,merged,depth,6,f1@0.5,0.1842287342287342
W048,merged,depth,6,f1@0.75,0.1564509564509564
W048,merged,depth,6,miou,0.1792838025964273
W048,merged,depth,6,n_pred,2.1666666666666665
W048,merged,depth,6,n_reg,2.1666666666666665
W048,merged,depth,8,f1@0.5,0.3579464108875874
W048,merged,depth,8,f1@0.75,0.1697206660441954
W048,merged,depth,8,miou,0.2106348157671475
W048,merged,depth,8,n_pred,4.333333333333333
W048,merged,depth,8,n_reg,4.416666666666667
W048,merged,depth,12,f1@0.5,0.3664298528269116
W048,merged,depth,12,f1@0.75,0.2109821823057117
W048,merged,depth,12,miou,0.3252071712776712
W048,merged,depth,12,n_pred,4.833333333333333
W048,merged,depth,12,n_reg,4.833333333333333
W048,merged,depth,16,f1@0.5,0.3536093400063988
W048,merged,depth,16,f1@0.75,0.2109821823057117
W048,merged,depth,16,miou,0.326495625278094
W048,merged,depth,16,n_pred,4.833333333333333
W048,merged,depth,16,n_reg,4.833333333333333
W048,merged,depth,24,f1@0.5,0.3004672070848541
W048,merged,depth,24,f1@0.75,0.1539938955380131
W048,merged,depth,24,miou,0.300785689629007
W048,merged,depth,24,n_pred,4.666666666666667
W048,merged,depth,24,n_reg,4.666666666666667
W048,merged,depth,32,f1@0.5,0.3022292250233426
W048,merged,depth,32,f1@0.75,0.2284372082166199
W048,merged,depth,32,miou,0.3124980962737079
W048,merged,depth,32,n_pred,3.8333333333333335
W048,merged,depth,32,n_reg,3.8333333333333335
W048,merged,depth,48,f1@0.5,0.3664298528269116
W048,merged,depth,48,f1@0.75,0.1998710711946006
W048,merged,depth,48,miou,0.3234794846464498
W048,merged,depth,48,n_pred,4.833333333333333
W048,merged,depth,48,n_reg,4.833333333333333
W048,merged,normal,4,f1@0.5,0.3868853096794273
W048,merged,normal,4,f1@0.75,0.0878618113912231
W048,merged,normal,4,miou,0.2715505151966942
W048,merged,normal,4,n_pred,4.0
W048,merged,normal,4,n_reg,4.0
W048,merged,normal,6,f1@0.5,0.4215968127732833
W048,merged,normal,6,f1@0.75,0.1441804927099045
W048,merged,normal,6,miou,0.337032067593549
W048,merged,normal,6,n_pred,5.166666666666667
W048,merged,normal,6,n_reg,5.166666666666667
W048,merged,normal,8,f1@0.5,0.4203746144922615
W048,merged,normal,8,f1@0.75,0.1289974323062558
W048,merged,normal,8,miou,0.2778837429285544
W048,merged,normal,8,n_pred,4.083333333333333
W048,merged,normal,8,n_reg,4.083333333333333
W048,merged,normal,12,f1@0.5,0.5126057450747853
W048,merged,normal,12,f1@0.75,0.2355992247633114
W048,merged,normal,12,miou,0.4203485533128666
W048,merged,normal,12,n_pred,5.5
W048,merged,normal,12,n_reg,5.5
W048,merged,normal,16,f1@0.5,0.5375705735612857
W048,merged,normal,16,f1@0.75,0.213601743400505
W048,merged,normal,16,miou,0.455553092467151
W048,merged,normal,16,n_pred,6.083333333333333
W048,merged,normal,16,n_reg,6.083333333333333
W048,merged,normal,24,f1@0.5,0.5292955152862274
W048,merged,normal,24,f1@0.75,0.2125697516564389
W048,merged,normal,24,miou,0.4544177642120584
W048,merged,normal,24,n_pred,6.0
W048,merged,normal,24,n_reg,6.0
W048,merged,normal,32,f1@0.5,0.6324606450767442
W048,merged,normal,32,f1@0.75,0.2593944010352679
W048,merged,normal,32,miou,0.5652385255015057
W048,merged,normal,32,n_pred,6.583333333333333
W048,merged,normal,32,n_reg,6.583333333333333
W048,merged,normal,48,f1@0.5,0.6001374127535118
W048,merged,normal,48,f1@0.75,0.2712991629400298
W048,merged,normal,48,miou,0.5534556129358555
W048,merged,normal,48,n_pred,6.666666666666667
W048,merged,normal,48,n_reg,6.666666666666667
W048,merged,rgb,4,f1@0.5,0.4365436986760516
W048,merged,rgb,4,f1@0.75,0.4052936986760516
W048,merged,rgb,4,miou,0.301759474187564
W048,merged,rgb,4,n_pred,4.833333333333333
W048,merged,rgb,4,n_reg,5.0
W048,merged,rgb,6,f1@0.5,0.4891422711275652
W048,merged,rgb,6,f1@0.75,0.3921242972713561
W048,merged,rgb,6,miou,0.411398866009673
W048,merged,rgb,6,n_pred,5.166666666666667
W048,merged,rgb,6,n_reg,5.166666666666667
W048,merged,rgb,8,f1@0.5,0.5157689174717038
W048,merged,rgb,8,f1@0.75,0.4598447934361247
W048,merged,rgb,8,miou,0.3830654325890304
W048,merged,rgb,8,n_pred,6.083333333333333
W048,merged,rgb,8,n_reg,6.666666666666667
W048,merged,rgb,12,f1@0.5,0.5301792992582466
W048,merged,rgb,12,f1@0.75,0.4396282689045847
W048,merged,rgb,12,miou,0.3895810035299986
W048,merged,rgb,12,n_pred,6.666666666666667
W048,merged,rgb,12,n_reg,6.833333333333333
W048,merged,rgb,16,f1@0.5,0.5115675131542005
W048,merged,rgb,16,f1@0.75,0.417541563613545
W048,merged,rgb,16,miou,0.4089509992195996
W048,merged,rgb,16,n_pred,7.083333333333333
W048,merged,rgb,16,n_reg,7.416666666666667
W048,merged,rgb,24,f1@0.5,0.5362157833267673
W048,merged,rgb,24,f1@0.75,0.4593032079159081
W048,merged,rgb,24,miou,0.4659021318169967
W048,merged,rgb,24,n_pred,8.333333333333334
W048,merged,rgb,24,n_reg,8.75
W048,merged,rgb,32,f1@0.5,0.5357350580176666
W048,merged,rgb,32,f1@0.75,0.4500378948748514
W048,merged,rgb,32,miou,0.4652221444264218
W048,merged,rgb,32,n_pred,8.083333333333334
W048,merged,rgb,32,n_reg,8.333333333333334
W048,merged,rgb,48,f1@0.5,0.5122862845688932
W048,merged,rgb,48,f1@0.75,0.4079022527392092
W048,merged,rgb,48,miou,0.453450554910578
W048,merged,rgb,48,n_pred,8.083333333333334
W048,merged,rgb,48,n_reg,8.5
W048,raw,depth,4,f1@0.5,0.0
W048,raw,depth,4,f1@0.75,0.0
W048,raw,depth,4,miou,0.0760955976279079
W048,raw,depth,4,n_pred,1.0
W048,raw,depth,4,n_reg,1.0
W048,raw,depth,6,f1@0.5,0.1833129833129833
W048,raw,depth,6,f1@0.75,0.1555352055352055
W048,raw,depth,6,miou,0.1792838025964273
W048,raw,depth,6,n_pred,2.25
W048,raw,depth,6,n_reg,2.25
W048,raw,depth,8,f1@0.5,0.3370968900380665
W048,raw,depth,8,f1@0.75,0.1668821374703727
W048,raw,depth,8,miou,0.2106348157671475
W048,raw,depth,8,n_pred,4.666666666666667
W048,raw,depth,8,n_reg,4.75
W048,raw,depth,12,f1@0.5,0.3629576306046894
W048,raw,depth,12,f1@0.75,0.2092120298002651
W048,raw,depth,12,miou,0.3252071712776712
W048,raw,depth,12,n_pred,5.0
W048,raw,depth,12,n_reg,5.0
W048,raw,depth,16,f1@0.5,0.3501371177841766
W048,raw,depth,16,f1@0.75,0.2092120298002651
W048,raw,depth,16,miou,0.326495625278094
W048,raw,depth,16,n_pred,5.0
W048,raw,depth,16,n_reg,5.0
W048,raw,depth,24,f1@0.5,0.2981523922700393
W048,raw,depth,24,f1@0.75,0.1528364881306057
W048,raw,depth,24,miou,0.300785689629007
W048,raw,depth,24,n_pred,4.833333333333333
W048,raw,depth,24,n_reg,5.0
W048,raw,depth,32,f1@0.5,0.2996148459383753
W048,raw,depth,32,f1@0.75,0.2264355742296918
W048,raw,depth,32,miou,0.3124980962737079
W048,raw,depth,32,n_pred,4.0
W048,raw,depth,32,n_reg,4.0
W048,raw,depth,48,f1@0.5,0.3629576306046894
W048,raw,depth,48,f1@0.75,0.198100918689154
W048,raw,depth,48,miou,0.3234794846464498
W048,raw,depth,48,n_pred,5.0
W048,raw,depth,48,n_reg,5.0
W048,raw,normal,4,f1@0.5,0.273082785950433
W048,raw,normal,4,f1@0.75,0.0725986975986976
W048,raw,normal,4,miou,0.2715505151966942
W048,raw,normal,4,n_pred,5.416666666666667
W048,raw,normal,4,n_reg,5.5
W048,raw,normal,6,f1@0.5,0.3233903401666559
W048,raw,normal,6,f1@0.75,0.1343010303536619
W048,raw,normal,6,miou,0.337032067593549
W048,raw,normal,6,n_pred,6.916666666666667
W048,raw,normal,6,n_reg,6.916666666666667
W048,raw,normal,8,f1@0.5,0.3169306728130257
W048,raw,normal,8,f1@0.75,0.1126004306151364
W048,raw,normal,8,miou,0.2778837429285544
W048,raw,normal,8,n_pred,5.083333333333333
W048,raw,normal,8,n_reg,5.083333333333333
W048,raw,normal,12,f1@0.5,0.410296696480907
W048,raw,normal,12,f1@0.75,0.2047560139665402
W048,raw,normal,12,miou,0.4203485533128666
W048,raw,normal,12,n_pred,7.0
W048,raw,normal,12,n_reg,7.0
W048,raw,normal,16,f1@0.5,0.4099342242724595
W048,raw,normal,16,f1@0.75,0.1887930288665582
W048,raw,normal,16,miou,0.455553092467151
W048,raw,normal,16,n_pred,8.583333333333334
W048,raw,normal,16,n_reg,8.583333333333334
W048,raw,normal,24,f1@0.5,0.3941507022389375
W048,raw,normal,24,f1@0.75,0.177157605466429
W048,raw,normal,24,miou,0.4544177642120584
W048,raw,normal,24,n_pred,8.666666666666666
W048,raw,normal,24,n_reg,8.666666666666666
W048,raw,normal,32,f1@0.5,0.4910519627431391
W048,raw,normal,32,f1@0.75,0.2121716110686698
W048,raw,normal,32,miou,0.5652385255015057
W048,raw,normal,32,n_pred,8.916666666666666
W048,raw,normal,32,n_reg,8.916666666666666
W048,raw,normal,48,f1@0.5,0.4656551373463138
W048,raw,normal,48,f1@0.75,0.2219755326372973
W048,raw,normal,48,miou,0.5534556129358555
W048,raw,normal,48,n_pred,8.916666666666666
W048,raw,normal,48,n_reg,8.916666666666666
W048,raw,rgb,4,f1@0.5,0.2997423328305681
W048,raw,rgb,4,f1@0.75,0.1943054358495535
W048,raw,rgb,4,miou,0.301759474187564
W048,raw,rgb,4,n_pred,8.083333333333334
W048,raw,rgb,4,n_reg,8.583333333333334
W048,raw,rgb,6,f1@0.5,0.3759068674703349
W048,raw,rgb,6,f1@0.75,0.2243473502761428
W048,raw,rgb,6,miou,0.411398866009673
W048,raw,rgb,6,n_pred,7.833333333333333
W048,raw,rgb,6,n_reg,7.833333333333333
W048,raw,rgb,8,f1@0.5,0.3568611172777839
W048,raw,rgb,8,f1@0.75,0.2408031783031783
W048,raw,rgb,8,miou,0.3842265501578456
W048,raw,rgb,8,n_pred,11.166666666666666
W048,raw,rgb,8,n_reg,12.333333333333334
W048,raw,rgb,12,f1@0.5,0.3764965127465127
W048,raw,rgb,12,f1@0.75,0.2356505531505531
W048,raw,rgb,12,miou,0.3885177670373238
W048,raw,rgb,12,n_pred,10.75
W048,raw,rgb,12,n_reg,11.25
W048,raw,rgb,16,f1@0.5,0.3141051378729173
W048,raw,rgb,16,f1@0.75,0.1693073213788765
W048,raw,rgb,16,miou,0.408548788874151
W048,raw,rgb,16,n_pred,12.75
W048,raw,rgb,16,n_reg,13.416666666666666
W048,raw,rgb,24,f1@0.5,0.314324142513642
W048,raw,rgb,24,f1@0.75,0.1812853397605719
W048,raw,rgb,24,miou,0.4656562516206481
W048,raw,rgb,24,n_pred,16.416666666666668
W048,raw,rgb,24,n_reg,18.08333333333333
W048,raw,rgb,32,f1@0.5,0.2988871989561718
W048,raw,rgb,32,f1@0.75,0.1812892726888907
W048,raw,rgb,32,miou,0.4654911326944828
W048,raw,rgb,32,n_pred,15.416666666666666
W048,raw,rgb,32,n_reg,16.75
W048,raw,rgb,48,f1@0.5,0.3051035968056341
W048,raw,rgb,48,f1@0.75,0.1789262414548917
W048,raw,rgb,48,miou,0.4530748048813928
W048,raw,rgb,48,n_pred,15.25
W048,raw,rgb,48,n_reg,16.583333333333332
W049,merged,depth,4,f1@0.5,0.3587752525252525
W049,merged,depth,4,f1@0.75,0.0
W049,merged,depth,4,miou,0.2064083601169145
W049,merged,depth,4,n_pred,2.0
W049,merged,depth,4,n_reg,2.0
W049,merged,depth,6,f1@0.5,0.3459595959595959
W049,merged,depth,6,f1@0.75,0.1583964646464646
W049,merged,depth,6,miou,0.2659852974086821
W049,merged,depth,6,n_pred,3.0
W049,merged,depth,6,n_reg,3.0
W049,merged,depth,8,f1@0.5,0.2800189393939394
W049,merged,depth,8,f1@0.75,0.109280303030303
W049,merged,depth,8,miou,0.2117843320889497
W049,merged,depth,8,n_pred,2.625
W049,merged,depth,8,n_reg,2.625
W049,merged,depth,12,f1@0.5,0.3988282550782551
W049,merged,depth,12,f1@0.75,0.2218489843489843
W049,merged,depth,12,miou,0.3698018299300107
W049,merged,depth,12,n_pred,5.1875
W049,merged,depth,12,n_reg,5.1875
W049,merged,depth,16,f1@0.5,0.4181769619269619
W049,merged,depth,16,f1@0.75,0.2375568875568875
W049,merged,depth,16,miou,0.3656557773594812
W049,merged,depth,16,n_pred,4.3125
W049,merged,depth,16,n_reg,4.3125
W049,merged,depth,24,f1@0.5,0.561278305028305
W049,merged,depth,24,f1@0.75,0.2413024475524475
W049,merged,depth,24,miou,0.4734046211492192
W049,merged,depth,24,n_pred,4.75
W049,merged,depth,24,n_reg,4.75
W049,merged,depth,32,f1@0.5,0.3988282550782551
W049,merged,depth,32,f1@0.75,0.2218489843489843
W049,merged,depth,32,miou,0.3689407751746941
W049,merged,depth,32,n_pred,5.1875
W049,merged,depth,32,n_reg,5.25
W049,merged,depth,48,f1@0.5,0.5826257076257076
W049,merged,depth,48,f1@0.75,0.5244817682317682
W049,merged,depth,48,miou,0.5566455669328444
W049,merged,depth,48,n_pred,5.25
W049,merged,depth,48,n_reg,5.25
W049,merged,normal,4,f1@0.5,0.6324883449883449
W049,merged,normal,4,f1@0.75,0.5733974358974359
W049,merged,normal,4,miou,0.5601222941728908
W049,merged,normal,4,n_pred,3.6875
W049,merged,normal,4,n_reg,3.6875
W049,merged,normal,6,f1@0.5,0.6715034965034965
W049,merged,normal,6,f1@0.75,0.6175262237762238
W049,merged,normal,6,miou,0.6153914820436271
W049,merged,normal,6,n_pred,4.0
W049,merged,normal,6,n_reg,4.0
W049,merged,normal,8,f1@0.5,0.4495872183372184
W049,merged,normal,8,f1@0.75,0.3855137917637917
W049,merged,normal,8,miou,0.4448020395968221
W049,merged,normal,8,n_pred,3.625
W049,merged,normal,8,n_reg,3.625
W049,merged,normal,12,f1@0.5,0.7344405594405594
W049,merged,normal,12,f1@0.75,0.6822115384615385
W049,merged,normal,12,miou,0.7032950663309059
W049,merged,normal,12,n_pred,4.625
W049,merged,normal,12,n_reg,4.625
W049,merged,normal,16,f1@0.5,0.5740675990675991
W049,merged,normal,16,f1@0.75,0.5332022144522144
W049,merged,normal,16,miou,0.5961066266912567
W049,merged,normal,16,n_pred,4.625
W049,merged,normal,16,n_reg,4.625
W049,merged,normal,24,f1@0.5,0.7344405594405594
W049,merged,normal,24,f1@0.75,0.6822115384615385
W049,merged,normal,24,miou,0.701830447053003
W049,merged,normal,24,n_pred,4.625
W049,merged,normal,24,n_reg,4.625
W049,merged,normal,32,f1@0.5,0.7344405594405594
W049,merged,normal,32,f1@0.75,0.6822115384615385
W049,merged,normal,32,miou,0.7034039204706767
W049,merged,normal,32,n_pred,4.625
W049,merged,normal,32,n_reg,4.625
W049,merged,normal,48,f1@0.5,0.7344405594405594
W049,merged,normal,48,f1@0.75,0.6822115384615385
W049,merged,normal,48,miou,0.7022086050827367
W049,merged,normal,48,n_pred,4.625
W049,merged,normal,48,n_reg,4.625
W049,merged,rgb,4,f1@0.5,0.4042297979797979
W049,merged,rgb,4,f1@0.75,0.2921085858585858
W049,merged,rgb,4,miou,0.2869622154107484
W049,merged,rgb,4,n_pred,2.0
W049,merged,rgb,4,n_reg,2.0
W049,merged,rgb,6,f1@0.5,0.7344405594405594
W049,merged,rgb,6,f1@0.75,0.6074009324009324
W049,merged,rgb,6,miou,0.7014435752786514
W049,merged,rgb,6,n_pred,4.625
W049,merged,rgb,6,n_reg,4.625
W049,merged,rgb,8,f1@0.5,0.7344405594405594
W049,merged,rgb,8,f1@0.75,0.6987262737262737
W049,merged,rgb,8,miou,0.7181691999175556
W049,merged,rgb,8,n_pred,4.625
W049,merged,rgb,8,n_reg,4.625
W049,merged,rgb,12,f1@0.5,0.6241550116550116
W049,merged,rgb,12,f1@0.75,0.5254662004662005
W049,merged,rgb,12,miou,0.5411516979702217
W049,merged,rgb,12,n_pred,3.625
W049,merged,rgb,12,n_reg,3.625
W049,merged,rgb,16,f1@0.5,0.7344405594405594
W049,merged,rgb,16,f1@0.75,0.6074009324009324
W049,merged,rgb,16,miou,0.7050732647000876
W049,merged,rgb,16,n_pred,4.625
W049,merged,rgb,16,n_reg,4.625
W049,merged,rgb,24,f1@0.5,0.7363636363636363
W049,merged,rgb,24,f1@0.75,0.6923160173160173
W049,merged,rgb,24,miou,0.7196428509638777
W049,merged,rgb,24,n_pred,4.75
W049,merged,rgb,24,n_reg,4.75
W049,merged,rgb,32,f1@0.5,0.7344405594405594
W049,merged,rgb,32,f1@0.75,0.6438020313020313
W049,merged,rgb,32,miou,0.710483983154904
W049,merged,rgb,32,n_pred,4.625
W049,merged,rgb,32,n_reg,4.625
W049,merged,rgb,48,f1@0.5,0.6271312021312021
W049,merged,rgb,48,f1@0.75,0.5298160173160174
W049,merged,rgb,48,miou,0.5406370725802627
W049,merged,rgb,48,n_pred,3.75
W049,merged,rgb,48,n_reg,3.75
W049,raw,depth,4,f1@0.5,0.176010101010101
W049,raw,depth,4,f1@0.75,0.0
W049,raw,depth,4,miou,0.2064083601169145
W049,raw,depth,4,n_pred,3.0
W049,raw,depth,4,n_reg,3.0
W049,raw,depth,6,f1@0.5,0.1792395104895105
W049,raw,depth,6,f1@0.75,0.1451486013986014
W049,raw,depth,6,miou,0.2659852974086821
W049,raw,depth,6,n_pred,4.0
W049,raw,depth,6,n_reg,4.0
W049,raw,depth,8,f1@0.5,0.1129516317016317
W049,raw,depth,8,f1@0.75,0.1004516317016317
W049,raw,depth,8,miou,0.2117843320889497
W049,raw,depth,8,n_pred,3.625
W049,raw,depth,8,n_reg,3.625
W049,raw,depth,12,f1@0.5,0.2454899267399267
W049,raw,depth,12,f1@0.75,0.2010187728937729
W049,raw,depth,12,miou,0.3698018299300107
W049,raw,depth,12,n_pred,6.5625
W049,raw,depth,12,n_reg,6.625
W049,raw,depth,16,f1@0.5,0.2535797535797536
W049,raw,depth,16,f1@0.75,0.2147977022977023
W049,raw,depth,16,miou,0.3656557773594812
W049,raw,depth,16,n_pred,5.625
W049,raw,depth,16,n_reg,5.625
W049,raw,depth,24,f1@0.5,0.3568766609207786
W049,raw,depth,24,f1@0.75,0.19173198125404
W049,raw,depth,24,miou,0.4735821150638724
W049,raw,depth,24,n_pred,8.0
W049,raw,depth,24,n_reg,8.1875
W049,raw,depth,32,f1@0.5,0.2454899267399267
W049,raw,depth,32,f1@0.75,0.2010187728937729
W049,raw,depth,32,miou,0.3691143011020414
W049,raw,depth,32,n_pred,6.5625
W049,raw,depth,32,n_reg,6.625
W049,raw,depth,48,f1@0.5,0.5261217948717949
W049,raw,depth,48,f1@0.75,0.3461423992673992
W049,raw,depth,48,miou,0.5566455669328444
W049,raw,depth,48,n_pred,6.625
W049,raw,depth,48,n_reg,6.625
W049,raw,normal,4,f1@0.5,0.4406426906426906
W049,raw,normal,4,f1@0.75,0.4010052447552447
W049,raw,normal,4,miou,0.5601222941728908
W049,raw,normal,4,n_pred,4.6875
W049,raw,normal,4,n_reg,4.6875
W049,raw,normal,6,f1@0.5,0.4475045787545788
W049,raw,normal,6,f1@0.75,0.4122939560439561
W049,raw,normal,6,miou,0.6153914820436271
W049,raw,normal,6,n_pred,6.0
W049,raw,normal,6,n_reg,6.0
W049,raw,normal,8,f1@0.5,0.4495872183372184
W049,raw,normal,8,f1@0.75,0.3855137917637917
W049,raw,normal,8,miou,0.4448020395968221
W049,raw,normal,8,n_pred,3.625
W049,raw,normal,8,n_reg,3.625
W049,raw,normal,12,f1@0.5,0.5481705794205795
W049,raw,normal,12,f1@0.75,0.5129599567099568
W049,raw,normal,12,miou,0.7032950663309059
W049,raw,normal,12,n_pred,5.625
W049,raw,normal,12,n_reg,5.625
W049,raw,normal,16,f1@0.5,0.5391525141525142
W049,raw,normal,16,f1@0.75,0.4914418914418914
W049,raw,normal,16,miou,0.5961066266912567
W049,raw,normal,16,n_pred,5.4375
W049,raw,normal,16,n_reg,5.625
W049,raw,normal,24,f1@0.5,0.4874609459168282
W049,raw,normal,24,f1@0.75,0.3243407940099116
W049,raw,normal,24,miou,0.701830447053003
W049,raw,normal,24,n_pred,7.3125
W049,raw,normal,24,n_reg,7.625
W049,raw,normal,32,f1@0.5,0.5170215201465201
W049,raw,normal,32,f1@0.75,0.4841346153846154
W049,raw,normal,32,miou,0.7034039204706767
W049,raw,normal,32,n_pred,6.4375
W049,raw,normal,32,n_reg,6.625
W049,raw,normal,48,f1@0.5,0.5104967948717949
W049,raw,normal,48,f1@0.75,0.4776098901098901
W049,raw,normal,48,miou,0.7022086050827367
W049,raw,normal,48,n_pred,6.625
W049,raw,normal,48,n_reg,6.625
W049,raw,rgb,4,f1@0.5,0.4042297979797979
W049,raw,rgb,4,f1@0.75,0.2921085858585858
W049,raw,rgb,4,miou,0.2869622154107484
W049,raw,rgb,4,n_pred,2.0
W049,raw,rgb,4,n_reg,2.0
W049,raw,rgb,6,f1@0.5,0.7344405594405594
W049,raw,rgb,6,f1@0.75,0.6074009324009324
W049,raw,rgb,6,miou,0.7014435752786514
W049,raw,rgb,6,n_pred,4.625
W049,raw,rgb,6,n_reg,4.625
W049,raw,rgb,8,f1@0.5,0.6798409923409924
W049,raw,rgb,8,f1@0.75,0.646507659007659
W049,raw,rgb,8,miou,0.7181691999175556
W049,raw,rgb,8,n_pred,5.625
W049,raw,rgb,8,n_reg,5.625
W049,raw,rgb,12,f1@0.5,0.6241550116550116
W049,raw,rgb,12,f1@0.75,0.5254662004662005
W049,raw,rgb,12,miou,0.5411516979702217
W049,raw,rgb,12,n_pred,3.625
W049,raw,rgb,12,n_reg,3.625
W049,raw,rgb,16,f1@0.5,0.6798409923409924
W049,raw,rgb,16,f1@0.75,0.5620983183483184
W049,raw,rgb,16,miou,0.7050732647000876
W049,raw,rgb,16,n_pred,5.625
W049,raw,rgb,16,n_reg,5.625
W049,raw,rgb,24,f1@0.5,0.5497094451815814
W049,raw,rgb,24,f1@0.75,0.5160837141874294
W049,raw,rgb,24,miou,0.7196428509638777
W049,raw,rgb,24,n_pred,9.0625
W049,raw,rgb,24,n_reg,9.3125
W049,raw,rgb,32,f1@0.5,0.6843864468864469
W049,raw,rgb,32,f1@0.75,0.6005723443223443
W049,raw,rgb,32,miou,0.710483983154904
W049,raw,rgb,32,n_pred,5.5625
W049,raw,rgb,32,n_reg,5.625
W049,raw,rgb,48,f1@0.5,0.4929504013143719
W049,raw,rgb,48,f1@0.75,0.4127077273216979
W049,raw,rgb,48,miou,0.5406370725802627
W049,raw,rgb,48,n_pred,6.9375
W049,raw,rgb,48,n_reg,7.3125
W050,merged,depth,4,f1@0.5,0.5776777389277389
W050,merged,depth,4,f1@0.75,0.3742016317016317
W050,merged,depth,4,miou,0.4665449180801166
W050,merged,depth,4,n_pred,3.85
W050,merged,depth,4,n_reg,3.85
W050,merged,depth,6,f1@0.5,0.6725024562640661
W050,merged,depth,6,f1@0.75,0.3745522691962321
W050,merged,depth,6,miou,0.5785602184220928
W050,merged,depth,6,n_pred,5.05
W050,merged,depth,6,n_reg,5.05
W050,merged,depth,8,f1@0.5,0.6076118321822656
W050,merged,depth,8,f1@0.75,0.3724434672654487
W050,merged,depth,8,miou,0.5888106697901817
W050,merged,depth,8,n_pred,4.95
W050,merged,depth,8,n_reg,4.95
W050,merged,depth,12,f1@0.5,0.6048405979984928
W050,merged,depth,12,f1@0.75,0.4061826915774283
W050,merged,depth,12,miou,0.4956676559533098
W050,merged,depth,12,n_pred,4.1
W050,merged,depth,12,n_reg,4.1
W050,merged,depth,16,f1@0.5,0.5824633390345465
W050,merged,depth,16,f1@0.75,0.3600542818035078
W050,merged,depth,16,miou,0.4948134892790556
W050,merged,depth,16,n_pred,4.9
W050,merged,depth,16,n_reg,4.9
W050,merged,depth,24,f1@0.5,0.6954519311098258
W050,merged,depth,24,f1@0.75,0.3866441745389113
W050,merged,depth,24,miou,0.5968582281342052
W050,merged,depth,24,n_pred,4.95
W050,merged,depth,24,n_reg,4.95
W050,merged,depth,32,f1@0.5,0.6852524410573946
W050,merged,depth,32,f1@0.75,0.3967580149468694
W050,merged,depth,32,miou,0.612989033916002
W050,merged,depth,32,n_pred,5.45
W050,merged,depth,32,n_reg,5.45
W050,merged,depth,48,f1@0.5,0.6849450549450549
W050,merged,depth,48,f1@0.75,0.3998107448107448
W050,merged,depth,48,miou,0.6158853924050158
W050,merged,depth,48,n_pred,5.75
W050,merged,depth,48,n_reg,5.75
W050,merged,normal,4,f1@0.5,0.5214439946018893
W050,merged,normal,4,f1@0.75,0.4417616959064327
W050,merged,normal,4,miou,0.4851071568703832
W050,merged,normal,4,n_pred,3.9
W050,merged,normal,4,n_reg,3.9
W050,merged,normal,6,f1@0.5,0.6973384432904557
W050,merged,normal,6,f1@0.75,0.590475414678201
W050,merged,normal,6,miou,0.6640347012332947
W050,merged,normal,6,n_pred,4.85
W050,merged,normal,6,n_reg,4.85
W050,merged,normal,8,f1@0.5,0.6973384432904557
W050,merged,normal,8,f1@0.75,0.590475414678201
W050,merged,normal,8,miou,0.6649977200030583
W050,merged,normal,8,n_pred,4.85
W050,merged,normal,8,n_reg,4.85
W050,merged,normal,12,f1@0.5,0.62229192118511
W050,merged,normal,12,f1@0.75,0.4737654579682443
W050,merged,normal,12,miou,0.5931155635749514
W050,merged,normal,12,n_pred,4.85
W050,merged,normal,12,n_reg,4.9
W050,merged,normal,16,f1@0.5,0.6934839644359768
W050,merged,normal,16,f1@0.75,0.5271887013914878
W050,merged,normal,16,miou,0.6475634649238743
W050,merged,normal,16,n_pred,5.05
W050,merged,normal,16,n_reg,5.05
W050,merged,normal,24,f1@0.5,0.705671776623789
W050,merged,normal,24,f1@0.75,0.5516226008253872
W050,merged,normal,24,miou,0.6543825573347944
W050,merged,normal,24,n_pred,4.85
W050,merged,normal,24,n_reg,4.85
W050,merged,normal,32,f1@0.5,0.6907121963004317
W050,merged,normal,32,f1@0.75,0.5939288162817575
W050,merged,normal,32,miou,0.6647700260895409
W050,merged,normal,32,n_pred,5.05
W050,merged,normal,32,n_reg,5.05
W050,merged,normal,48,f1@0.5,0.7066919844861022
W050,merged,normal,48,f1@0.75,0.587711161387632
W050,merged,normal,48,miou,0.6718673301577107
W050,merged,normal,48,n_pred,5.25
W050,merged,normal,48,n_reg,5.25
W050,merged,rgb,4,f1@0.5,0.4899991511756217
W050,merged,rgb,4,f1@0.75,0.3867719208895679
W050,merged,rgb,4,miou,0.3883299927044812
W050,merged,rgb,4,n_pred,2.85
W050,merged,rgb,4,n_reg,2.85
W050,merged,rgb,6,f1@0.5,0.6105089355089355
W050,merged,rgb,6,f1@0.75,0.5156177156177156
W050,merged,rgb,6,miou,0.5431546128882074
W050,merged,rgb,6,n_pred,3.85
W050,merged,rgb,6,n_reg,3.85
W050,merged,rgb,8,f1@0.5,0.6075394703335879
W050,merged,rgb,8,f1@0.75,0.5499925727866904
W050,merged,rgb,8,miou,0.4475402121100777
W050,merged,rgb,8,n_pred,4.55
W050,merged,rgb,8,n_reg,4.55
W050,merged,rgb,12,f1@0.5,0.6918906171228153
W050,merged,rgb,12,f1@0.75,0.6536104762110954
W050,merged,rgb,12,miou,0.5537549862592867
W050,merged,rgb,12,n_pred,5.3
W050,merged,rgb,12,n_reg,5.4
W050,merged,rgb,16,f1@0.5,0.6885652582711407
W050,merged,rgb,16,f1@0.75,0.6653967601026425
W050,merged,rgb,16,miou,0.5578487070242474
W050,merged,rgb,16,n_pred,5.4
W050,merged,rgb,16,n_reg,5.45
W050,merged,rgb,24,f1@0.5,0.6885652582711407
W050,merged,rgb,24,f1@0.75,0.6653967601026425
W050,merged,rgb,24,miou,0.557170623607998
W050,merged,rgb,24,n_pred,5.4
W050,merged,rgb,24,n_reg,5.45
W050,merged,rgb,32,f1@0.5,0.6907630604689429
W050,merged,rgb,32,f1@0.75,0.6670451117509941
W050,merged,rgb,32,miou,0.5570428418517054
W050,merged,rgb,32,n_pred,5.35
W050,merged,rgb,32,n_reg,5.45
W050,merged,rgb,48,f1@0.5,0.6885652582711407
W050,merged,rgb,48,f1@0.75,0.6725396172454996
W050,merged,rgb,48,miou,0.5580675583396031
W050,merged,rgb,48,n_pred,5.4
W050,merged,rgb,48,n_reg,5.45
W050,raw,depth,4,f1@0.5,0.5339784905496979
W050,raw,depth,4,f1@0.75,0.209193286074091
W050,raw,depth,4,miou,0.4665449180801166
W050,raw,depth,4,n_pred,4.85
W050,raw,depth,4,n_reg,4.85
W050,raw,depth,6,f1@0.5,0.5998377353640512
W050,raw,depth,6,f1@0.75,0.2133575123706702
W050,raw,depth,6,miou,0.5785602184220928
W050,raw,depth,6,n_pred,6.7
W050,raw,depth,6,n_reg,6.7
W050,raw,depth,8,f1@0.5,0.5118417036180194
W050,raw,depth,8,f1@0.75,0.2028250915750916
W050,raw,depth,8,miou,0.5888106697901817
W050,raw,depth,8,n_pred,6.85
W050,raw,depth,8,n_reg,6.85
W050,raw,depth,12,f1@0.5,0.4750568729516097
W050,raw,depth,12,f1@0.75,0.2015665766981556
W050,raw,depth,12,miou,0.4956676559533098
W050,raw,depth,12,n_pred,6.85
W050,raw,depth,12,n_reg,6.85
W050,raw,depth,16,f1@0.5,0.4896471910442498
W050,raw,depth,16,f1@0.75,0.1849875288110582
W050,raw,depth,16,miou,0.4948134892790556
W050,raw,depth,16,n_pred,7.4
W050,raw,depth,16,n_reg,7.4
W050,raw,depth,24,f1@0.5,0.592694878221194
W050,raw,depth,24,f1@0.75,0.2253019568151147
W050,raw,depth,24,miou,0.5968582281342052
W050,raw,depth,24,n_pred,6.85
W050,raw,depth,24,n_reg,6.85
W050,raw,depth,32,f1@0.5,0.5286386480736326
W050,raw,depth,32,f1@0.75,0.2351450750831555
W050,raw,depth,32,miou,0.612989033916002
W050,raw,depth,32,n_pred,8.65
W050,raw,depth,32,n_reg,8.7
W050,raw,depth,48,f1@0.5,0.5606548633946332
W050,raw,depth,48,f1@0.75,0.2344886432834003
W050,raw,depth,48,miou,0.6158853924050158
W050,raw,depth,48,n_pred,7.95
W050,raw,depth,48,n_reg,7.95
W050,raw,normal,4,f1@0.5,0.4841991805923694
W050,raw,normal,4,f1@0.75,0.3761263426975501
W050,raw,normal,4,miou,0.4851071568703832
W050,raw,normal,4,n_pred,4.85
W050,raw,normal,4,n_reg,4.85
W050,raw,normal,6,f1@0.5,0.5304244585823533
W050,raw,normal,6,f1@0.75,0.3834955176402544
W050,raw,normal,6,miou,0.6640347012332947
W050,raw,normal,6,n_pred,6.85
W050,raw,normal,6,n_reg,6.85
W050,raw,normal,8,f1@0.5,0.5304244585823533
W050,raw,normal,8,f1@0.75,0.3763526604973973
W050,raw,normal,8,miou,0.6649977200030583
W050,raw,normal,8,n_pred,6.85
W050,raw,normal,8,n_reg,6.85
W050,raw,normal,12,f1@0.5,0.5090120822589863
W050,raw,normal,12,f1@0.75,0.3973077838054618
W050,raw,normal,12,miou,0.5931155635749514
W050,raw,normal,12,n_pred,6.65
W050,raw,normal,12,n_reg,7.2
W050,raw,normal,16,f1@0.5,0.4691482287921916
W050,raw,normal,16,f1@0.75,0.3559742398983885
W050,raw,normal,16,miou,0.6475634649238743
W050,raw,normal,16,n_pred,7.75
W050,raw,normal,16,n_reg,7.8
W050,raw,normal,24,f1@0.5,0.5121483856700575
W050,raw,normal,24,f1@0.75,0.3701678829426507
W050,raw,normal,24,miou,0.6543825573347944
W050,raw,normal,24,n_pred,7.45
W050,raw,normal,24,n_reg,7.8
W050,raw,normal,32,f1@0.5,0.4943006206899396
W050,raw,normal,32,f1@0.75,0.351020461736406
W050,raw,normal,32,miou,0.6647700260895409
W050,raw,normal,32,n_pred,8.0
W050,raw,normal,32,n_reg,8.15
W050,raw,normal,48,f1@0.5,0.5088091457905699
W050,raw,normal,48,f1@0.75,0.3490508038573053
W050,raw,normal,48,miou,0.6718673301577107
W050,raw,normal,48,n_pred,8.35
W050,raw,normal,48,n_reg,8.65
W050,raw,rgb,4,f1@0.5,0.4899991511756217
W050,raw,rgb,4,f1@0.75,0.3867719208895679
W050,raw,rgb,4,miou,0.3883299927044812
W050,raw,rgb,4,n_pred,2.85
W050,raw,rgb,4,n_reg,2.85
W050,raw,rgb,6,f1@0.5,0.6105089355089355
W050,raw,rgb,6,f1@0.75,0.5156177156177156
W050,raw,rgb,6,miou,0.5431546128882074
W050,raw,rgb,6,n_pred,3.85
W050,raw,rgb,6,n_reg,3.85
W050,raw,rgb,8,f1@0.5,0.6002667430608607
W050,raw,rgb,8,f1@0.75,0.543477421271539
W050,raw,rgb,8,miou,0.4475402121100777
W050,raw,rgb,8,n_pred,4.7
W050,raw,rgb,8,n_reg,4.85
W050,raw,rgb,12,f1@0.5,0.6840351392673374
W050,raw,rgb,12,f1@0.75,0.6380626906633099
W050,raw,rgb,12,miou,0.5537549862592867
W050,raw,rgb,12,n_pred,5.45
W050,raw,rgb,12,n_reg,5.7
W050,raw,rgb,16,f1@0.5,0.6430807427866252
W050,raw,rgb,16,f1@0.75,0.5704046688605512
W050,raw,rgb,16,miou,0.5578487070242474
W050,raw,rgb,16,n_pred,6.35
W050,raw,rgb,16,n_reg,6.6
W050,raw,rgb,24,f1@0.5,0.644985504691387
W050,raw,rgb,24,f1@0.75,0.5655832402891227
W050,raw,rgb,24,miou,0.5571760857242457
W050,raw,rgb,24,n_pred,6.3
W050,raw,rgb,24,n_reg,6.6
W050,raw,rgb,32,f1@0.5,0.6427127774186598
W050,raw,rgb,32,f1@0.75,0.5640680887739712
W050,raw,rgb,32,miou,0.5570500188048996
W050,raw,rgb,32,n_pred,6.35
W050,raw,rgb,32,n_reg,6.65
W050,raw,rgb,48,f1@0.5,0.644985504691387
W050,raw,rgb,48,f1@0.75,0.5655832402891227
W050,raw,rgb,48,miou,0.5580675583396031
W050,raw,rgb,48,n_pred,6.3
W050,raw,rgb,48,n_reg,6.6
W051,merged,depth,4,f1@0.5,0.2729211620852488
W051,merged,depth,4,f1@0.75,0.1994808768802576
W051,merged,depth,4,miou,0.2369992505128947
W051,merged,depth,4,n_pred,3.4705882352941178
W051,merged,depth,4,n_reg,3.4705882352941178
W051,merged,depth,6,f1@0.5,0.2025294966471437
W051,merged,depth,6,f1@0.75,0.089126559714795
W051,merged,depth,6,miou,0.237566651564382
W051,merged,depth,6,n_pred,3.0
W051,merged,depth,6,n_reg,3.0
W051,merged,depth,8,f1@0.5,0.4616005253776151
W051,merged,depth,8,f1@0.75,0.2879194420990086
W051,merged,depth,8,miou,0.3717338526930627
W051,merged,depth,8,n_pred,3.5294117647058822
W051,merged,depth,8,n_reg,3.5294117647058822
W051,merged,depth,12,f1@0.5,0.5171449551480511
W051,merged,depth,12,f1@0.75,0.294036278479003
W051,merged,depth,12,miou,0.4623438489467226
W051,merged,depth,12,n_pred,4.470588235294118
W051,merged,depth,12,n_reg,4.470588235294118
W051,merged,depth,16,f1@0.5,0.535451334618153
W051,merged,depth,16,f1@0.75,0.2980471707616126
W051,merged,depth,16,miou,0.46616397244178
W051,merged,depth,16,n_pred,4.705882352941177
W051,merged,depth,16,n_reg,4.941176470588236
W051,merged,depth,24,f1@0.5,0.4691684648340994
W051,merged,depth,24,f1@0.75,0.2886074365950527
W051,merged,depth,24,miou,0.3730960419420172
W051,merged,depth,24,n_pred,3.4705882352941178
W051,merged,depth,24,n_reg,3.4705882352941178
W051,merged,depth,32,f1@0.5,0.4691684648340994
W051,merged,depth,32,f1@0.75,0.2886074365950527
W051,merged,depth,32,miou,0.3749246910549142
W051,merged,depth,32,n_pred,3.4705882352941178
W051,merged,depth,32,n_reg,3.4705882352941178
W051,merged,depth,48,f1@0.5,0.4691684648340994
W051,merged,depth,48,f1@0.75,0.2886074365950527
W051,merged,depth,48,miou,0.3749478570569108
W051,merged,depth,48,n_pred,3.4705882352941178
W051,merged,depth,48,n_reg,3.4705882352941178
W051,merged,normal,4,f1@0.5,0.2146437184499468
W051,merged,normal,4,f1@0.75,0.0670621189652331
W051,merged,normal,4,miou,0.2327762303490826
W051,merged,normal,4,n_pred,2.4705882352941178
W051,merged,normal,4,n_reg,2.4705882352941178
W051,merged,normal,6,f1@0.5,0.2943992570290148
W051,merged,normal,6,f1@0.75,0.1326422904277575
W051,merged,normal,6,miou,0.2127623032212405
W051,merged,normal,6,n_pred,2.4705882352941178
W051,merged,normal,6,n_reg,2.4705882352941178
W051,merged,normal,8,f1@0.5,0.2827250836538762
W051,merged,normal,8,f1@0.75,0.1224254933233261
W051,merged,normal,8,miou,0.229384857700491
W051,merged,normal,8,n_pred,3.4705882352941178
W051,merged,normal,8,n_reg,3.4705882352941178
W051,merged,normal,12,f1@0.5,0.2964505738499546
W051,merged,normal,12,f1@0.75,0.1108859492760421
W051,merged,normal,12,miou,0.2113554281916831
W051,merged,normal,12,n_pred,2.9411764705882355
W051,merged,normal,12,n_reg,2.9411764705882355
W051,merged,normal,16,f1@0.5,0.274519520726951
W051,merged,normal,16,f1@0.75,0.0835832897752402
W051,merged,normal,16,miou,0.2276227358395769
W051,merged,normal,16,n_pred,4.0
W051,merged,normal,16,n_reg,4.0
W051,merged,normal,24,f1@0.5,0.2762519815925388
W051,merged,normal,24,f1@0.75,0.1343820438247683
W051,merged,normal,24,miou,0.2337151391193084
W051,merged,normal,24,n_pred,3.823529411764706
W051,merged,normal,24,n_reg,3.823529411764706
W051,merged,normal,32,f1@0.5,0.2750797448165869
W051,merged,normal,32,f1@0.75,0.1279810488788817
W051,merged,normal,32,miou,0.2345037341909788
W051,merged,normal,32,n_pred,3.941176470588236
W051,merged,normal,32,n_reg,3.941176470588236
W051,merged,normal,48,f1@0.5,0.2763869343590706
W051,merged,normal,48,f1@0.75,0.0992228789442411
W051,merged,normal,48,miou,0.2303955582745107
W051,merged,normal,48,n_pred,3.823529411764706
W051,merged,normal,48,n_reg,3.823529411764706
W051,merged,rgb,4,f1@0.5,0.5002224024988549
W051,merged,rgb,4,f1@0.75,0.439522445623338
W051,merged,rgb,4,miou,0.3301630003654536
W051,merged,rgb,4,n_pred,4.941176470588236
W051,merged,rgb,4,n_reg,4.941176470588236
W051,merged,rgb,6,f1@0.5,0.7800176592376081
W051,merged,rgb,6,f1@0.75,0.6572555109000122
W051,merged,rgb,6,miou,0.7261688100836993
W051,merged,rgb,6,n_pred,7.823529411764706
W051,merged,rgb,6,n_reg,7.823529411764706
W051,merged,rgb,8,f1@0.5,0.7195142812049529
W051,merged,rgb,8,f1@0.75,0.6161321336715064
W051,merged,rgb,8,miou,0.7150289821769966
W051,merged,rgb,8,n_pred,6.588235294117647
W051,merged,rgb,8,n_reg,6.588235294117647
W051,merged,rgb,12,f1@0.5,0.6836216359133306
W051,merged,rgb,12,f1@0.75,0.5874118310011431
W051,merged,rgb,12,miou,0.7123516958780428
W051,merged,rgb,12,n_pred,6.764705882352941
W051,merged,rgb,12,n_reg,6.823529411764706
W051,merged,rgb,16,f1@0.5,0.6777836972109418
W051,merged,rgb,16,f1@0.75,0.5693116481042177
W051,merged,rgb,16,miou,0.7132124075463807
W051,merged,rgb,16,n_pred,6.764705882352941
W051,merged,rgb,16,n_reg,6.823529411764706
W051,merged,rgb,24,f1@0.5,0.762868525336556
W051,merged,rgb,24,f1@0.75,0.6602013715185071
W051,merged,rgb,24,miou,0.7250939961271397
W051,merged,rgb,24,n_pred,7.882352941176471
W051,merged,rgb,24,n_reg,7.882352941176471
W051,merged,rgb,32,f1@0.5,0.809668272903567
W051,merged,rgb,32,f1@0.75,0.7409647045196917
W051,merged,rgb,32,miou,0.7286030704812851
W051,merged,rgb,32,n_pred,7.705882352941177
W051,merged,rgb,32,n_reg,7.764705882352941
W051,merged,rgb,48,f1@0.5,0.705402100031256
W051,merged,rgb,48,f1@0.75,0.6028971454802656
W051,merged,rgb,48,miou,0.7226211966073043
W051,merged,rgb,48,n_pred,6.882352941176471
W051,merged,rgb,48,n_reg,6.941176470588236
W051,raw,depth,4,f1@0.5,0.1863816781773438
W051,raw,depth,4,f1@0.75,0.1863816781773438
W051,raw,depth,4,miou,0.2354363437024395
W051,raw,depth,4,n_pred,4.470588235294118
W051,raw,depth,4,n_reg,4.470588235294118
W051,raw,depth,6,f1@0.5,0.1181154243073747
W051,raw,depth,6,f1@0.75,0.0822021116138763
W051,raw,depth,6,miou,0.2360099731868898
W051,raw,depth,6,n_pred,4.0
W051,raw,depth,6,n_reg,4.0
W051,raw,depth,8,f1@0.5,0.4068349607049297
W051,raw,depth,8,f1@0.75,0.2685837897912201
W051,raw,depth,8,miou,0.3717338526930627
W051,raw,depth,8,n_pred,4.470588235294118
W051,raw,depth,8,n_reg,4.470588235294118
W051,raw,depth,12,f1@0.5,0.5171449551480511
W051,raw,depth,12,f1@0.75,0.294036278479003
W051,raw,depth,12,miou,0.4623438489467226
W051,raw,depth,12,n_pred,4.470588235294118
W051,raw,depth,12,n_reg,4.470588235294118
W051,raw,depth,16,f1@0.5,0.5312052923098269
W051,raw,depth,16,f1@0.75,0.2959854109143855
W051,raw,depth,16,miou,0.46616397244178
W051,raw,depth,16,n_pred,4.823529411764706
W051,raw,depth,16,n_reg,5.647058823529412
W051,raw,depth,24,f1@0.5,0.4669060213951854
W051,raw,depth,24,f1@0.75,0.28709914096911
W051,raw,depth,24,miou,0.3730960419420172
W051,raw,depth,24,n_pred,3.5294117647058822
W051,raw,depth,24,n_reg,3.5294117647058822
W051,raw,depth,32,f1@0.5,0.4669060213951854
W051,raw,depth,32,f1@0.75,0.28709914096911
W051,raw,depth,32,miou,0.3749246910549142
W051,raw,depth,32,n_pred,3.5294117647058822
W051,raw,depth,32,n_reg,3.5294117647058822
W051,raw,depth,48,f1@0.5,0.4669060213951854
W051,raw,depth,48,f1@0.75,0.28709914096911
W051,raw,depth,48,miou,0.3749478570569108
W051,raw,depth,48,n_pred,3.5294117647058822
W051,raw,depth,48,n_reg,3.5294117647058822
W051,raw,normal,4,f1@0.5,0.2146437184499468
W051,raw,normal,4,f1@0.75,0.0670621189652331
W051,raw,normal,4,miou,0.2327762303490826
W051,raw,normal,4,n_pred,2.4705882352941178
W051,raw,normal,4,n_reg,2.4705882352941178
W051,raw,normal,6,f1@0.5,0.2729211620852488
W051,raw,normal,6,f1@0.75,0.0204991087344028
W051,raw,normal,6,miou,0.2127623032212405
W051,raw,normal,6,n_pred,3.4705882352941178
W051,raw,normal,6,n_reg,3.4705882352941178
W051,raw,normal,8,f1@0.5,0.2634932920536635
W051,raw,normal,8,f1@0.75,0.0188536953242835
W051,raw,normal,8,miou,0.229384857700491
W051,raw,normal,8,n_pred,4.470588235294118
W051,raw,normal,8,n_reg,4.470588235294118
W051,raw,normal,12,f1@0.5,0.2631172405166213
W051,raw,normal,12,f1@0.75,0.1044688369765769
W051,raw,normal,12,miou,0.2113554281916831
W051,raw,normal,12,n_pred,3.4705882352941178
W051,raw,normal,12,n_reg,3.4705882352941178
W051,raw,normal,16,f1@0.5,0.232764236916486
W051,raw,normal,16,f1@0.75,0.011484593837535
W051,raw,normal,16,miou,0.2276227358395769
W051,raw,normal,16,n_pred,5.470588235294118
W051,raw,normal,16,n_reg,5.470588235294118
W051,raw,normal,24,f1@0.5,0.2467698391573824
W051,raw,normal,24,f1@0.75,0.0302559032662838
W051,raw,normal,24,miou,0.2337151391193084
W051,raw,normal,24,n_pred,5.470588235294118
W051,raw,normal,24,n_reg,5.470588235294118
W051,raw,normal,32,f1@0.5,0.2467698391573824
W051,raw,normal,32,f1@0.75,0.0299757912214659
W051,raw,normal,32,miou,0.2345037341909788
W051,raw,normal,32,n_pred,5.470588235294118
W051,raw,normal,32,n_reg,5.470588235294118
W051,raw,normal,48,f1@0.5,0.2467698391573824
W051,raw,normal,48,f1@0.75,0.0159701889805696
W051,raw,normal,48,miou,0.2303955582745107
W051,raw,normal,48,n_pred,5.470588235294118
W051,raw,normal,48,n_reg,5.470588235294118
W051,raw,rgb,4,f1@0.5,0.4973194231252873
W051,raw,rgb,4,f1@0.75,0.4375107318469183
W051,raw,rgb,4,miou,0.3301630003654536
W051,raw,rgb,4,n_pred,5.0588235294117645
W051,raw,rgb,4,n_reg,5.117647058823529
W051,raw,rgb,6,f1@0.5,0.7007526912183148
W051,raw,rgb,6,f1@0.75,0.6073973145020234
W051,raw,rgb,6,miou,0.7261755592836865
W051,raw,rgb,6,n_pred,8.823529411764707
W051,raw,rgb,6,n_reg,9.941176470588236
W051,raw,rgb,8,f1@0.5,0.6558400185537082
W051,raw,rgb,8,f1@0.75,0.5558831541770025
W051,raw,rgb,8,miou,0.7150289821769966
W051,raw,rgb,8,n_pred,7.352941176470588
W051,raw,rgb,8,n_reg,7.352941176470588
W051,raw,rgb,12,f1@0.5,0.6323842836367284
W051,raw,rgb,12,f1@0.75,0.4780076224863346
W051,raw,rgb,12,miou,0.7123516958780428
W051,raw,rgb,12,n_pred,8.176470588235293
W051,raw,rgb,12,n_reg,8.411764705882353
W051,raw,rgb,16,f1@0.5,0.6240373875660472
W051,raw,rgb,16,f1@0.75,0.5246794276883039
W051,raw,rgb,16,miou,0.7132174755506016
W051,raw,rgb,16,n_pred,8.235294117647058
W051,raw,rgb,16,n_reg,8.941176470588236
W051,raw,rgb,24,f1@0.5,0.7067125292339674
W051,raw,rgb,24,f1@0.75,0.6014805038499939
W051,raw,rgb,24,miou,0.7251018795663687
W051,raw,rgb,24,n_pred,8.764705882352942
W051,raw,rgb,24,n_reg,9.588235294117649
W051,raw,rgb,32,f1@0.5,0.6151080063154367
W051,raw,rgb,32,f1@0.75,0.5285657960890159
W051,raw,rgb,32,miou,0.7286076069928737
W051,raw,rgb,32,n_pred,11.411764705882351
W051,raw,rgb,32,n_reg,12.352941176470589
W051,raw,rgb,48,f1@0.5,0.6072479040442031
W051,raw,rgb,48,f1@0.75,0.4585413636895508
W051,raw,rgb,48,miou,0.7226321125402371
W051,raw,rgb,48,n_pred,9.058823529411764
W051,raw,rgb,48,n_reg,10.411764705882351
W052,merged,depth,4,f1@0.5,0.275351910532906
W052,merged,depth,4,f1@0.75,0.0419580419580419
W052,merged,depth,4,miou,0.2088403463757264
W052,merged,depth,4,n_pred,2.0
W052,merged,depth,4,n_reg,2.0
W052,merged,depth,6,f1@0.5,0.4642963424339942
W052,merged,depth,6,f1@0.75,0.257339354302917
W052,merged,depth,6,miou,0.3578594546851227
W052,merged,depth,6,n_pred,3.692307692307693
W052,merged,depth,6,n_reg,3.692307692307693
W052,merged,depth,8,f1@0.5,0.4557597148690266
W052,merged,depth,8,f1@0.75,0.2519481642963424
W052,merged,depth,8,miou,0.3690853922695016
W052,merged,depth,8,n_pred,4.076923076923077
W052,merged,depth,8,n_reg,4.6923076923076925
W052,merged,depth,12,f1@0.5,0.5087917361673018
W052,merged,depth,12,f1@0.75,0.3182057007848863
W052,merged,depth,12,miou,0.3753021168230547
W052,merged,depth,12,n_pred,5.0
W052,merged,depth,12,n_reg,5.461538461538462
W052,merged,depth,16,f1@0.5,0.4642963424339942
W052,merged,depth,16,f1@0.75,0.257339354302917
W052,merged,depth,16,miou,0.3555880484077908
W052,merged,depth,16,n_pred,3.692307692307693
W052,merged,depth,16,n_reg,3.692307692307693
W052,merged,depth,24,f1@0.5,0.4642963424339942
W052,merged,depth,24,f1@0.75,0.257339354302917
W052,merged,depth,24,miou,0.3559335669906026
W052,merged,depth,24,n_pred,3.692307692307693
W052,merged,depth,24,n_reg,3.692307692307693
W052,merged,depth,32,f1@0.5,0.4849605244254074
W052,merged,depth,32,f1@0.75,0.2798363843514345
W052,merged,depth,32,miou,0.3655286221799991
W052,merged,depth,32,n_pred,5.0
W052,merged,depth,32,n_reg,5.769230769230769
W052,merged,depth,48,f1@0.5,0.5201229820303201
W052,merged,depth,48,f1@0.75,0.3038602079276877
W052,merged,depth,48,miou,0.3743014275537664
W052,merged,depth,48,n_pred,5.769230769230769
W052,merged,depth,48,n_reg,6.461538461538462
W052,merged,normal,4,f1@0.5,0.3202292983669502
W052,merged,normal,4,f1@0.75,0.1920213389849017
W052,merged,normal,4,miou,0.3142557594626775
W052,merged,normal,4,n_pred,3.3076923076923075
W052,merged,normal,4,n_reg,3.3076923076923075
W052,merged,normal,6,f1@0.5,0.1487339332361957
W052,merged,normal,6,f1@0.75,0.0681350449449997
W052,merged,normal,6,miou,0.2016390030384272
W052,merged,normal,6,n_pred,2.3076923076923075
W052,merged,normal,6,n_reg,2.6153846153846154
W052,merged,normal,8,f1@0.5,0.268797239647442
W052,merged,normal,8,f1@0.75,0.0834621069438883
W052,merged,normal,8,miou,0.2834631925474211
W052,merged,normal,8,n_pred,3.3076923076923075
W052,merged,normal,8,n_reg,3.5384615384615383
W052,merged,normal,12,f1@0.5,0.3202937413463729
W052,merged,normal,12,f1@0.75,0.2089226562910773
W052,merged,normal,12,miou,0.316856512483141
W052,merged,normal,12,n_pred,3.5384615384615383
W052,merged,normal,12,n_reg,3.692307692307693
W052,merged,normal,16,f1@0.5,0.1976129134023871
W052,merged,normal,16,f1@0.75,0.0766952345899714
W052,merged,normal,16,miou,0.2344612125400909
W052,merged,normal,16,n_pred,3.923076923076923
W052,merged,normal,16,n_reg,4.538461538461538
W052,merged,normal,24,f1@0.5,0.3233340384898209
W052,merged,normal,24,f1@0.75,0.187893424418684
W052,merged,normal,24,miou,0.3192665834126331
W052,merged,normal,24,n_pred,3.8461538461538463
W052,merged,normal,24,n_reg,4.307692307692308
W052,merged,normal,32,f1@0.5,0.3074341489057208
W052,merged,normal,32,f1@0.75,0.1835872043229902
W052,merged,normal,32,miou,0.3158872418911423
W052,merged,normal,32,n_pred,4.153846153846154
W052,merged,normal,32,n_reg,4.461538461538462
W052,merged,normal,48,f1@0.5,0.3505224869597339
W052,merged,normal,48,f1@0.75,0.2333776884384172
W052,merged,normal,48,miou,0.372309387770269
W052,merged,normal,48,n_pred,4.384615384615385
W052,merged,normal,48,n_reg,4.769230769230769
W052,merged,rgb,4,f1@0.5,0.5240008304785633
W052,merged,rgb,4,f1@0.75,0.3950249143568981
W052,merged,rgb,4,miou,0.566982348087236
W052,merged,rgb,4,n_pred,4.384615384615385
W052,merged,rgb,4,n_reg,4.384615384615385
W052,merged,rgb,6,f1@0.5,0.6876625789669267
W052,merged,rgb,6,f1@0.75,0.5199920852094765
W052,merged,rgb,6,miou,0.7342215221741989
W052,merged,rgb,6,n_pred,7.3076923076923075
W052,merged,rgb,6,n_reg,7.384615384615385
W052,merged,rgb,8,f1@0.5,0.834585430722192
W052,merged,rgb,8,f1@0.75,0.6806663767425647
W052,merged,rgb,8,miou,0.743161188413481
W052,merged,rgb,8,n_pred,8.461538461538462
W052,merged,rgb,8,n_reg,8.461538461538462
W052,merged,rgb,12,f1@0.5,0.834585430722192
W052,merged,rgb,12,f1@0.75,0.6806663767425647
W052,merged,rgb,12,miou,0.7425397536714287
W052,merged,rgb,12,n_pred,8.461538461538462
W052,merged,rgb,12,n_reg,8.538461538461538
W052,merged,rgb,16,f1@0.5,0.7960874908302867
W052,merged,rgb,16,f1@0.75,0.6492994656724117
W052,merged,rgb,16,miou,0.748985574327246
W052,merged,rgb,16,n_pred,9.384615384615383
W052,merged,rgb,16,n_reg,9.461538461538462
W052,merged,rgb,24,f1@0.5,0.8465945320148702
W052,merged,rgb,24,f1@0.75,0.6786501133929093
W052,merged,rgb,24,miou,0.750102552136836
W052,merged,rgb,24,n_pred,9.461538461538462
W052,merged,rgb,24,n_reg,9.538461538461538
W052,merged,rgb,32,f1@0.5,0.7562838329497057
W052,merged,rgb,32,f1@0.75,0.5087810398610589
W052,merged,rgb,32,miou,0.5700566259514225
W052,merged,rgb,32,n_pred,9.153846153846152
W052,merged,rgb,32,n_reg,9.23076923076923
W052,merged,rgb,48,f1@0.5,0.749836411332991
W052,merged,rgb,48,f1@0.75,0.512709901028959
W052,merged,rgb,48,miou,0.5644818261675137
W052,merged,rgb,48,n_pred,10.153846153846152
W052,merged,rgb,48,n_reg,10.153846153846152
W052,raw,depth,4,f1@0.5,0.275351910532906
W052,raw,depth,4,f1@0.75,0.0419580419580419
W052,raw,depth,4,miou,0.2088403463757264
W052,raw,depth,4,n_pred,2.0
W052,raw,depth,4,n_reg,2.0
W052,raw,depth,6,f1@0.5,0.4642963424339942
W052,raw,depth,6,f1@0.75,0.257339354302917
W052,raw,depth,6,miou,0.3578594546851227
W052,raw,depth,6,n_pred,3.692307692307693
W052,raw,depth,6,n_reg,3.692307692307693
W052,raw,depth,8,f1@0.5,0.4396167934629473
W052,raw,depth,8,f1@0.75,0.2471541279233587
W052,raw,depth,8,miou,0.3690853922695016
W052,raw,depth,8,n_pred,4.538461538461538
W052,raw,depth,8,n_reg,5.384615384615385
W052,raw,depth,12,f1@0.5,0.4937343298055476
W052,raw,depth,12,f1@0.75,0.3131846348942552
W052,raw,depth,12,miou,0.3753084374811722
W052,raw,depth,12,n_pred,5.384615384615385
W052,raw,depth,12,n_reg,6.307692307692308
W052,raw,depth,16,f1@0.5,0.4642963424339942
W052,raw,depth,16,f1@0.75,0.257339354302917
W052,raw,depth,16,miou,0.3555880484077908
W052,raw,depth,16,n_pred,3.692307692307693
W052,raw,depth,16,n_reg,3.692307692307693
W052,raw,depth,24,f1@0.5,0.4642963424339942
W052,raw,depth,24,f1@0.75,0.257339354302917
W052,raw,depth,24,miou,0.3559335669906026
W052,raw,depth,24,n_pred,3.692307692307693
W052,raw,depth,24,n_reg,3.692307692307693
W052,raw,depth,32,f1@0.5,0.4849605244254074
W052,raw,depth,32,f1@0.75,0.2798363843514345
W052,raw,depth,32,miou,0.3655337655518408
W052,raw,depth,32,n_pred,5.0
W052,raw,depth,32,n_reg,5.846153846153846
W052,raw,depth,48,f1@0.5,0.4906048078967614
W052,raw,depth,48,f1@0.75,0.2972691067212019
W052,raw,depth,48,miou,0.3743060947666751
W052,raw,depth,48,n_pred,6.230769230769231
W052,raw,depth,48,n_reg,7.384615384615385
W052,raw,normal,4,f1@0.5,0.307543266450149
W052,raw,normal,4,f1@0.75,0.205550117898296
W052,raw,normal,4,miou,0.3142557594626775
W052,raw,normal,4,n_pred,3.8461538461538463
W052,raw,normal,4,n_reg,3.923076923076923
W052,raw,normal,6,f1@0.5,0.1396569870551771
W052,raw,normal,6,f1@0.75,0.0655516052574876
W052,raw,normal,6,miou,0.2016390030384272
W052,raw,normal,6,n_pred,3.076923076923077
W052,raw,normal,6,n_reg,3.615384615384616
W052,raw,normal,8,f1@0.5,0.2158232118758434
W052,raw,normal,8,f1@0.75,0.0786340852130325
W052,raw,normal,8,miou,0.2834631925474211
W052,raw,normal,8,n_pred,4.6923076923076925
W052,raw,normal,8,n_reg,4.923076923076923
W052,raw,normal,12,f1@0.5,0.2886895156125925
W052,raw,normal,12,f1@0.75,0.1708099592714977
W052,raw,normal,12,miou,0.3223802731732918
W052,raw,normal,12,n_pred,5.0
W052,raw,normal,12,n_reg,5.230769230769231
W052,raw,normal,16,f1@0.5,0.1831705919498561
W052,raw,normal,16,f1@0.75,0.0715947096381879
W052,raw,normal,16,miou,0.2344612125400909
W052,raw,normal,16,n_pred,5.153846153846154
W052,raw,normal,16,n_reg,6.307692307692308
W052,raw,normal,24,f1@0.5,0.2815072775607893
W052,raw,normal,24,f1@0.75,0.1575135455403014
W052,raw,normal,24,miou,0.3466720346076525
W052,raw,normal,24,n_pred,6.076923076923077
W052,raw,normal,24,n_reg,6.846153846153846
W052,raw,normal,32,f1@0.5,0.2650401215284158
W052,raw,normal,32,f1@0.75,0.1527554608156615
W052,raw,normal,32,miou,0.3274701575893287
W052,raw,normal,32,n_pred,6.6923076923076925
W052,raw,normal,32,n_reg,7.384615384615385
W052,raw,normal,48,f1@0.5,0.3060136008001441
W052,raw,normal,48,f1@0.75,0.1880567805857988
W052,raw,normal,48,miou,0.3896335396786963
W052,raw,normal,48,n_pred,6.846153846153846
W052,raw,normal,48,n_reg,8.23076923076923
W052,raw,rgb,4,f1@0.5,0.4807081807081807
W052,raw,rgb,4,f1@0.75,0.3097069597069597
W052,raw,rgb,4,miou,0.566982348087236
W052,raw,rgb,4,n_pred,5.6923076923076925
W052,raw,rgb,4,n_reg,5.6923076923076925
W052,raw,rgb,6,f1@0.5,0.5708715913876492
W052,raw,rgb,6,f1@0.75,0.3808655340731408
W052,raw,rgb,6,miou,0.7342215221741989
W052,raw,rgb,6,n_pred,11.461538461538462
W052,raw,rgb,6,n_reg,12.0
W052,raw,rgb,8,f1@0.5,0.6801358856197566
W052,raw,rgb,8,f1@0.75,0.494141852770885
W052,raw,rgb,8,miou,0.743161188413481
W052,raw,rgb,8,n_pred,13.23076923076923
W052,raw,rgb,8,n_reg,15.0
W052,raw,rgb,12,f1@0.5,0.6900349187334727
W052,raw,rgb,12,f1@0.75,0.500877042868144
W052,raw,rgb,12,miou,0.7425397536714287
W052,raw,rgb,12,n_pred,12.76923076923077
W052,raw,rgb,12,n_reg,14.076923076923077
W052,raw,rgb,16,f1@0.5,0.649716862225985
W052,raw,rgb,16,f1@0.75,0.4542772898779321
W052,raw,rgb,16,miou,0.748988276226854
W052,raw,rgb,16,n_pred,14.23076923076923
W052,raw,rgb,16,n_reg,15.461538461538462
W052,raw,rgb,24,f1@0.5,0.6829300601359425
W052,raw,rgb,24,f1@0.75,0.4769757203580732
W052,raw,rgb,24,miou,0.7501130050238689
W052,raw,rgb,24,n_pred,14.692307692307692
W052,raw,rgb,24,n_reg,16.846153846153847
W052,raw,rgb,32,f1@0.5,0.5653479853479854
W052,raw,rgb,32,f1@0.75,0.3671328671328671
W052,raw,rgb,32,miou,0.5700898957713174
W052,raw,rgb,32,n_pred,15.153846153846152
W052,raw,rgb,32,n_reg,17.307692307692307
W052,raw,rgb,48,f1@0.5,0.627537716330286
W052,raw,rgb,48,f1@0.75,0.38810623640345
W052,raw,rgb,48,miou,0.5644914199172973
W052,raw,rgb,48,n_pred,15.0
W052,raw,rgb,48,n_reg,17.23076923076923
W053,merged,depth,4,f1@0.5,0.6785941835941837
W053,merged,depth,4,f1@0.75,0.4727570577570577
W053,merged,depth,4,miou,0.6111755746419317
W053,merged,depth,4,n_pred,3.633333333333333
W053,merged,depth,4,n_reg,3.633333333333333
W053,merged,depth,6,f1@0.5,0.4716844266844267
W053,merged,depth,6,f1@0.75,0.2586961186961187
W053,merged,depth,6,miou,0.414553527881575
W053,merged,depth,6,n_pred,3.033333333333333
W053,merged,depth,6,n_reg,3.066666666666667
W053,merged,depth,8,f1@0.5,0.6906177156177157
W053,merged,depth,8,f1@0.75,0.523995818995819
W053,merged,depth,8,miou,0.6306421722891281
W053,merged,depth,8,n_pred,3.933333333333333
W053,merged,depth,8,n_reg,3.933333333333333
W053,merged,depth,12,f1@0.5,0.6882367632367632
W053,merged,depth,12,f1@0.75,0.5201069301069301
W053,merged,depth,12,miou,0.629190197279356
W053,merged,depth,12,n_pred,3.8666666666666663
W053,merged,depth,12,n_reg,3.8666666666666663
W053,merged,depth,16,f1@0.5,0.1594042994042994
W053,merged,depth,16,f1@0.75,0.0937373737373737
W053,merged,depth,16,miou,0.1856337547075562
W053,merged,depth,16,n_pred,1.6
W053,merged,depth,16,n_reg,1.6
W053,merged,depth,24,f1@0.5,0.68740342990343
W053,merged,depth,24,f1@0.75,0.5198291523291523
W053,merged,depth,24,miou,0.6298532064741678
W053,merged,depth,24,n_pred,3.9
W053,merged,depth,24,n_reg,3.9
W053,merged,depth,32,f1@0.5,0.6713869463869463
W053,merged,depth,32,f1@0.75,0.3949419099419099
W053,merged,depth,32,miou,0.5745004527247789
W053,merged,depth,32,n_pred,3.7666666666666666
W053,merged,depth,32,n_reg,3.7666666666666666
W053,merged,depth,48,f1@0.5,0.1594042994042994
W053,merged,depth,48,f1@0.75,0.0937373737373737
W053,merged,depth,48,miou,0.1851393471140784
W053,merged,depth,48,n_pred,1.6
W053,merged,depth,48,n_reg,1.6
W053,merged,normal,4,f1@0.5,0.1436363636363636
W053,merged,normal,4,f1@0.75,0.0686868686868686
W053,merged,normal,4,miou,0.231310147760539
W053,merged,normal,4,n_pred,2.7333333333333334
W053,merged,normal,4,n_reg,2.8666666666666667
W053,merged,normal,6,f1@0.5,0.0634199134199134
W053,merged,normal,6,f1@0.75,0.0176767676767676
W053,merged,normal,6,miou,0.1324115334928529
W053,merged,normal,6,n_pred,2.1333333333333333
W053,merged,normal,6,n_reg,2.2666666666666666
W053,merged,normal,8,f1@0.5,0.0634199134199134
W053,merged,normal,8,f1@0.75,0.0176767676767676
W053,merged,normal,8,miou,0.1324875469683196
W053,merged,normal,8,n_pred,2.1333333333333333
W053,merged,normal,8,n_reg,2.3
W053,merged,normal,12,f1@0.5,0.0452380952380952
W053,merged,normal,12,f1@0.75,0.0055555555555555
W053,merged,normal,12,miou,0.1403671541399459
W053,merged,normal,12,n_pred,2.466666666666667
W053,merged,normal,12,n_reg,2.7666666666666666
W053,merged,normal,16,f1@0.5,0.1543434343434343
W053,merged,normal,16,f1@0.75,0.0719865319865319
W053,merged,normal,16,miou,0.218791336879014
W053,merged,normal,16,n_pred,2.433333333333333
W053,merged,normal,16,n_reg,2.7333333333333334
W053,merged,normal,24,f1@0.5,0.0512987012987012
W053,merged,normal,24,f1@0.75,0.0116161616161616
W053,merged,normal,24,miou,0.1464086034935052
W053,merged,normal,24,n_pred,2.533333333333333
W053,merged,normal,24,n_reg,2.833333333333333
W053,merged,normal,32,f1@0.5,0.214013949013949
W053,merged,normal,32,f1@0.75,0.0824242424242424
W053,merged,normal,32,miou,0.2711614903132279
W053,merged,normal,32,n_pred,3.2666666666666666
W053,merged,normal,32,n_reg,3.4
W053,merged,normal,48,f1@0.5,0.0968374218374218
W053,merged,normal,48,f1@0.75,0.032070707070707
W053,merged,normal,48,miou,0.1609931933823949
W053,merged,normal,48,n_pred,2.8666666666666667
W053,merged,normal,48,n_reg,3.4
W053,merged,rgb,4,f1@0.5,0.4631368631368631
W053,merged,rgb,4,f1@0.75,0.296015651015651
W053,merged,rgb,4,miou,0.4095291846349054
W053,merged,rgb,4,n_pred,2.6333333333333333
W053,merged,rgb,4,n_reg,3.0
W053,merged,rgb,6,f1@0.5,0.4382750582750583
W053,merged,rgb,6,f1@0.75,0.2804700854700854
W053,merged,rgb,6,miou,0.4191849642290682
W053,merged,rgb,6,n_pred,3.2666666666666666
W053,merged,rgb,6,n_reg,3.3666666666666667
W053,merged,rgb,8,f1@0.5,0.5297041847041847
W053,merged,rgb,8,f1@0.75,0.337092352092352
W053,merged,rgb,8,miou,0.4214869862312145
W053,merged,rgb,8,n_pred,3.933333333333333
W053,merged,rgb,8,n_reg,4.3
W053,merged,rgb,12,f1@0.5,0.5367243867243867
W053,merged,rgb,12,f1@0.75,0.3378246753246753
W053,merged,rgb,12,miou,0.4222704091668186
W053,merged,rgb,12,n_pred,3.933333333333333
W053,merged,rgb,12,n_reg,3.933333333333333
W053,merged,rgb,16,f1@0.5,0.5367243867243867
W053,merged,rgb,16,f1@0.75,0.3378246753246753
W053,merged,rgb,16,miou,0.4233216648845033
W053,merged,rgb,16,n_pred,3.933333333333333
W053,merged,rgb,16,n_reg,3.933333333333333
W053,merged,rgb,24,f1@0.5,0.53494893994894
W053,merged,rgb,24,f1@0.75,0.3295498945498945
W053,merged,rgb,24,miou,0.4222497983094177
W053,merged,rgb,24,n_pred,4.033333333333333
W053,merged,rgb,24,n_reg,4.333333333333333
W053,merged,rgb,32,f1@0.5,0.5358696858696859
W053,merged,rgb,32,f1@0.75,0.2651209901209901
W053,merged,rgb,32,miou,0.3891764170035715
W053,merged,rgb,32,n_pred,3.966666666666667
W053,merged,rgb,32,n_reg,3.966666666666667
W053,merged,rgb,48,f1@0.5,0.5404969104969105
W053,merged,rgb,48,f1@0.75,0.3231969881969882
W053,merged,rgb,48,miou,0.4312215698111712
W053,merged,rgb,48,n_pred,4.1
W053,merged,rgb,48,n_reg,4.166666666666667
W053,raw,depth,4,f1@0.5,0.6103610278610279
W053,raw,depth,4,f1@0.75,0.3722740222740223
W053,raw,depth,4,miou,0.6111755746419317
W053,raw,depth,4,n_pred,4.5
W053,raw,depth,4,n_reg,4.5
W053,raw,depth,6,f1@0.5,0.367027232027232
W053,raw,depth,6,f1@0.75,0.2163956413956413
W053,raw,depth,6,miou,0.4160152130743407
W053,raw,depth,6,n_pred,4.166666666666667
W053,raw,depth,6,n_reg,4.5
W053,raw,depth,8,f1@0.5,0.5934884723120017
W053,raw,depth,8,f1@0.75,0.3897498144556968
W053,raw,depth,8,miou,0.6306421722891281
W053,raw,depth,8,n_pred,5.366666666666666
W053,raw,depth,8,n_reg,5.466666666666667
W053,raw,depth,12,f1@0.5,0.5882970624147095
W053,raw,depth,12,f1@0.75,0.3855107855107855
W053,raw,depth,12,miou,0.629190197279356
W053,raw,depth,12,n_pred,5.4
W053,raw,depth,12,n_reg,5.5
W053,raw,depth,16,f1@0.5,0.1594042994042994
W053,raw,depth,16,f1@0.75,0.0937373737373737
W053,raw,depth,16,miou,0.1856337547075562
W053,raw,depth,16,n_pred,1.6
W053,raw,depth,16,n_reg,1.6
W053,raw,depth,24,f1@0.5,0.5882970624147095
W053,raw,depth,24,f1@0.75,0.3855107855107855
W053,raw,depth,24,miou,0.6298532064741678
W053,raw,depth,24,n_pred,5.4
W053,raw,depth,24,n_reg,5.5
W053,raw,depth,32,f1@0.5,0.629588467088467
W053,raw,depth,32,f1@0.75,0.3622788322788323
W053,raw,depth,32,miou,0.580563725424354
W053,raw,depth,32,n_pred,4.433333333333334
W053,raw,depth,32,n_reg,4.533333333333333
W053,raw,depth,48,f1@0.5,0.1594042994042994
W053,raw,depth,48,f1@0.75,0.0937373737373737
W053,raw,depth,48,miou,0.1851393471140784
W053,raw,depth,48,n_pred,1.6
W053,raw,depth,48,n_reg,1.6
W053,raw,normal,4,f1@0.5,0.1072444222444222
W053,raw,normal,4,f1@0.75,0.0656099456099456
W053,raw,normal,4,miou,0.2313368399692977
W053,raw,normal,4,n_pred,3.2666666666666666
W053,raw,normal,4,n_reg,3.466666666666667
W053,raw,normal,6,f1@0.5,0.0624098124098124
W053,raw,normal,6,f1@0.75,0.0166666666666666
W053,raw,normal,6,miou,0.1330148539100707
W053,raw,normal,6,n_pred,2.3
W053,raw,normal,6,n_reg,2.5
W053,raw,normal,8,f1@0.5,0.0624098124098124
W053,raw,normal,8,f1@0.75,0.0166666666666666
W053,raw,normal,8,miou,0.1330910015554341
W053,raw,normal,8,n_pred,2.3
W053,raw,normal,8,n_reg,2.533333333333333
W053,raw,normal,12,f1@0.5,0.0185897435897435
W053,raw,normal,12,f1@0.75,0.0051282051282051
W053,raw,normal,12,miou,0.1409748859779561
W053,raw,normal,12,n_pred,2.966666666666667
W053,raw,normal,12,n_reg,3.3666666666666667
W053,raw,normal,16,f1@0.5,0.1514141414141414
W053,raw,normal,16,f1@0.75,0.0701683501683501
W053,raw,normal,16,miou,0.2188024749000186
W053,raw,normal,16,n_pred,2.7
W053,raw,normal,16,n_reg,3.2666666666666666
W053,raw,normal,24,f1@0.5,0.0227920227920227
W053,raw,normal,24,f1@0.75,0.0102564102564102
W053,raw,normal,24,miou,0.1478262728567776
W053,raw,normal,24,n_pred,3.433333333333333
W053,raw,normal,24,n_reg,4.233333333333333
W053,raw,normal,32,f1@0.5,0.1506193806193806
W053,raw,normal,32,f1@0.75,0.0721001221001221
W053,raw,normal,32,miou,0.27211612919318
W053,raw,normal,32,n_pred,5.0
W053,raw,normal,32,n_reg,5.7
W053,raw,normal,48,f1@0.5,0.0672429422429422
W053,raw,normal,48,f1@0.75,0.0306332556332556
W053,raw,normal,48,miou,0.1616073915880117
W053,raw,normal,48,n_pred,3.8666666666666663
W053,raw,normal,48,n_reg,4.866666666666666
W053,raw,rgb,4,f1@0.5,0.4133472083472083
W053,raw,rgb,4,f1@0.75,0.2179464979464979
W053,raw,rgb,4,miou,0.4095291846349054
W053,raw,rgb,4,n_pred,3.566666666666667
W053,raw,rgb,4,n_reg,4.133333333333334
W053,raw,rgb,6,f1@0.5,0.3604151404151404
W053,raw,rgb,6,f1@0.75,0.1921408221408221
W053,raw,rgb,6,miou,0.4193129353044228
W053,raw,rgb,6,n_pred,4.9
W053,raw,rgb,6,n_reg,5.966666666666667
W053,raw,rgb,8,f1@0.5,0.4294031894031894
W053,raw,rgb,8,f1@0.75,0.2359053909053909
W053,raw,rgb,8,miou,0.4216147155463913
W053,raw,rgb,8,n_pred,5.9
W053,raw,rgb,8,n_reg,6.6
W053,raw,rgb,12,f1@0.5,0.3698527833821952
W053,raw,rgb,12,f1@0.75,0.1969431385607856
W053,raw,rgb,12,miou,0.4223981819843527
W053,raw,rgb,12,n_pred,7.666666666666667
W053,raw,rgb,12,n_reg,8.2
W053,raw,rgb,16,f1@0.5,0.3449196171332394
W053,raw,rgb,16,f1@0.75,0.1736625546223069
W053,raw,rgb,16,miou,0.4234521197403886
W053,raw,rgb,16,n_pred,8.333333333333334
W053,raw,rgb,16,n_reg,9.166666666666666
W053,raw,rgb,24,f1@0.5,0.2877092763356055
W053,raw,rgb,24,f1@0.75,0.1258619193856103
W053,raw,rgb,24,miou,0.4223823017954481
W053,raw,rgb,24,n_pred,10.7
W053,raw,rgb,24,n_reg,11.566666666666666
W053,raw,rgb,32,f1@0.5,0.3020738085443968
W053,raw,rgb,32,f1@0.75,0.1259380869674987
W053,raw,rgb,32,miou,0.3893212608991576
W053,raw,rgb,32,n_pred,10.3
W053,raw,rgb,32,n_reg,11.0
W053,raw,rgb,48,f1@0.5,0.2500529261249412
W053,raw,rgb,48,f1@0.75,0.0972968803231288
W053,raw,rgb,48,miou,0.4315007990466989
W053,raw,rgb,48,n_pred,13.2
W053,raw,rgb,48,n_reg,14.4
W054,merged,depth,4,f1@0.5,0.3728887013369771
W054,merged,depth,4,f1@0.75,0.2016859577204404
W054,merged,depth,4,miou,0.3316236588047931
W054,merged,depth,4,n_pred,3.5517241379310347
W054,merged,depth,4,n_reg,3.655172413793104
W054,merged,depth,6,f1@0.5,0.3927847057157402
W054,merged,depth,6,f1@0.75,0.2039848082951531
W054,merged,depth,6,miou,0.3267254133718157
W054,merged,depth,6,n_pred,3.4827586206896552
W054,merged,depth,6,n_reg,3.586206896551724
W054,merged,depth,8,f1@0.5,0.3827409180857457
W054,merged,depth,8,f1@0.75,0.2016859577204404
W054,merged,depth,8,miou,0.3312553735024874
W054,merged,depth,8,n_pred,3.5517241379310347
W054,merged,depth,8,n_reg,3.689655172413793
W054,merged,depth,12,f1@0.5,0.3863235423580251
W054,merged,depth,12,f1@0.75,0.2016859577204404
W054,merged,depth,12,miou,0.3298733352298989
W054,merged,depth,12,n_pred,3.5517241379310347
W054,merged,depth,12,n_reg,3.655172413793104
W054,merged,depth,16,f1@0.5,0.3728887013369771
W054,merged,depth,16,f1@0.75,0.2016859577204404
W054,merged,depth,16,miou,0.331498629052943
W054,merged,depth,16,n_pred,3.5517241379310347
W054,merged,depth,16,n_reg,3.793103448275862
W054,merged,depth,24,f1@0.5,0.3728887013369771
W054,merged,depth,24,f1@0.75,0.2016859577204404
W054,merged,depth,24,miou,0.330538489447399
W054,merged,depth,24,n_pred,3.5517241379310347
W054,merged,depth,24,n_reg,3.655172413793104
W054,merged,depth,32,f1@0.5,0.372446614687994
W054,merged,depth,32,f1@0.75,0.2016859577204404
W054,merged,depth,32,miou,0.3304332308353253
W054,merged,depth,32,n_pred,3.586206896551724
W054,merged,depth,32,n_reg,3.689655172413793
W054,merged,depth,48,f1@0.5,0.3728887013369771
W054,merged,depth,48,f1@0.75,0.2016859577204404
W054,merged,depth,48,miou,0.3313608092727725
W054,merged,depth,48,n_pred,3.5517241379310347
W054,merged,depth,48,n_reg,3.6206896551724137
W054,merged,normal,4,f1@0.5,0.2351666532701015
W054,merged,normal,4,f1@0.75,0.1364346381587761
W054,merged,normal,4,miou,0.2688833020449891
W054,merged,normal,4,n_pred,3.2758620689655173
W054,merged,normal,4,n_reg,3.413793103448276
W054,merged,normal,6,f1@0.5,0.3384734039906453
W054,merged,normal,6,f1@0.75,0.1923390785459751
W054,merged,normal,6,miou,0.3231445834959087
W054,merged,normal,6,n_pred,3.586206896551724
W054,merged,normal,6,n_reg,4.137931034482759
W054,merged,normal,8,f1@0.5,0.2779964457449245
W054,merged,normal,8,f1@0.75,0.2056511102150047
W054,merged,normal,8,miou,0.3026853332322586
W054,merged,normal,8,n_pred,3.4827586206896552
W054,merged,normal,8,n_reg,3.931034482758621
W054,merged,normal,12,f1@0.5,0.6062891131856649
W054,merged,normal,12,f1@0.75,0.3392564332219504
W054,merged,normal,12,miou,0.529210870556287
W054,merged,normal,12,n_pred,4.655172413793103
W054,merged,normal,12,n_reg,4.827586206896552
W054,merged,normal,16,f1@0.5,0.5350028324166256
W054,merged,normal,16,f1@0.75,0.342262048296531
W054,merged,normal,16,miou,0.4494329954365967
W054,merged,normal,16,n_pred,4.068965517241379
W054,merged,normal,16,n_reg,4.448275862068965
W054,merged,normal,24,f1@0.5,0.3121877164980613
W054,merged,normal,24,f1@0.75,0.2202466116259219
W054,merged,normal,24,miou,0.3180022516888718
W054,merged,normal,24,n_pred,3.4482758620689653
W054,merged,normal,24,n_reg,3.9655172413793114
W054,merged,normal,32,f1@0.5,0.3229534044949866
W054,merged,normal,32,f1@0.75,0.2268301227733276
W054,merged,normal,32,miou,0.3211976510474868
W054,merged,normal,32,n_pred,3.3793103448275863
W054,merged,normal,32,n_reg,3.896551724137931
W054,merged,normal,48,f1@0.5,0.4127324951361462
W054,merged,normal,48,f1@0.75,0.2387326162681132
W054,merged,normal,48,miou,0.3445236668248723
W054,merged,normal,48,n_pred,3.4827586206896552
W054,merged,normal,48,n_reg,3.724137931034482
W054,merged,rgb,4,f1@0.5,0.8333740796882678
W054,merged,rgb,4,f1@0.75,0.6376937318994542
W054,merged,rgb,4,miou,0.6764069398821703
W054,merged,rgb,4,n_pred,5.896551724137931
W054,merged,rgb,4,n_reg,5.965517241379311
W054,merged,rgb,6,f1@0.5,0.7728432537416204
W054,merged,rgb,6,f1@0.75,0.574775970148021
W054,merged,rgb,6,miou,0.6527231000486431
W054,merged,rgb,6,n_pred,5.172413793103448
W054,merged,rgb,6,n_reg,5.344827586206897
W054,merged,rgb,8,f1@0.5,0.7559880788582614
W054,merged,rgb,8,f1@0.75,0.5332454113387176
W054,merged,rgb,8,miou,0.6280727538253036
W054,merged,rgb,8,n_pred,4.965517241379311
W054,merged,rgb,8,n_reg,5.137931034482759
W054,merged,rgb,12,f1@0.5,0.8370835885701905
W054,merged,rgb,12,f1@0.75,0.629612923818646
W054,merged,rgb,12,miou,0.6762289007720683
W054,merged,rgb,12,n_pred,5.896551724137931
W054,merged,rgb,12,n_reg,5.965517241379311
W054,merged,rgb,16,f1@0.5,0.833103626679478
W054,merged,rgb,16,f1@0.75,0.6250304275632556
W054,merged,rgb,16,miou,0.6741995677962979
W054,merged,rgb,16,n_pred,5.827586206896552
W054,merged,rgb,16,n_reg,6.0
W054,merged,rgb,24,f1@0.5,0.779924942618441
W054,merged,rgb,24,f1@0.75,0.5824494903575719
W054,merged,rgb,24,miou,0.6424997580921977
W054,merged,rgb,24,n_pred,5.896551724137931
W054,merged,rgb,24,n_reg,6.0
W054,merged,rgb,32,f1@0.5,0.8334437418268954
W054,merged,rgb,32,f1@0.75,0.6330611996807151
W054,merged,rgb,32,miou,0.6886779301409698
W054,merged,rgb,32,n_pred,5.965517241379311
W054,merged,rgb,32,n_reg,6.172413793103448
W054,merged,rgb,48,f1@0.5,0.8385203701793859
W054,merged,rgb,48,f1@0.75,0.6301876364623241
W054,merged,rgb,48,miou,0.6787529702665108
W054,merged,rgb,48,n_pred,5.896551724137931
W054,merged,rgb,48,n_reg,6.0344827586206895
W054,raw,depth,4,f1@0.5,0.2765824101523899
W054,raw,depth,4,f1@0.75,0.1745330227581749
W054,raw,depth,4,miou,0.3316236588047931
W054,raw,depth,4,n_pred,5.413793103448276
W054,raw,depth,4,n_reg,5.931034482758621
W054,raw,depth,6,f1@0.5,0.2837319655778074
W054,raw,depth,6,f1@0.75,0.1754975754468655
W054,raw,depth,6,miou,0.3281408780750803
W054,raw,depth,6,n_pred,5.241379310344827
W054,raw,depth,6,n_reg,5.896551724137931
W054,raw,depth,8,f1@0.5,0.2714253630075131
W054,raw,depth,8,f1@0.75,0.1736863204408843
W054,raw,depth,8,miou,0.3312553735024874
W054,raw,depth,8,n_pred,5.448275862068965
W054,raw,depth,8,n_reg,6.172413793103448
W054,raw,depth,12,f1@0.5,0.2664245096800878
W054,raw,depth,12,f1@0.75,0.1724032053139558
W054,raw,depth,12,miou,0.3298733352298989
W054,raw,depth,12,n_pred,5.413793103448276
W054,raw,depth,12,n_reg,6.137931034482759
W054,raw,depth,16,f1@0.5,0.2695646082562918
W054,raw,depth,16,f1@0.75,0.1688833647758597
W054,raw,depth,16,miou,0.331498629052943
W054,raw,depth,16,n_pred,5.724137931034483
W054,raw,depth,16,n_reg,6.724137931034483
W054,raw,depth,24,f1@0.5,0.2771048761920973
W054,raw,depth,24,f1@0.75,0.1750554887978823
W054,raw,depth,24,miou,0.330538489447399
W054,raw,depth,24,n_pred,5.379310344827586
W054,raw,depth,24,n_reg,5.931034482758621
W054,raw,depth,32,f1@0.5,0.2718042944209273
W054,raw,depth,32,f1@0.75,0.1736863204408843
W054,raw,depth,32,miou,0.3304332308353253
W054,raw,depth,32,n_pred,5.413793103448276
W054,raw,depth,32,n_reg,6.137931034482759
W054,raw,depth,48,f1@0.5,0.2887426636919538
W054,raw,depth,48,f1@0.75,0.178453240471496
W054,raw,depth,48,miou,0.3313608092727725
W054,raw,depth,48,n_pred,5.137931034482759
W054,raw,depth,48,n_reg,5.793103448275862
W054,raw,normal,4,f1@0.5,0.2176688254274461
W054,raw,normal,4,f1@0.75,0.1320099440789096
W054,raw,normal,4,miou,0.2689868144031639
W054,raw,normal,4,n_pred,3.655172413793104
W054,raw,normal,4,n_reg,3.8620689655172415
W054,raw,normal,6,f1@0.5,0.2829812907399114
W054,raw,normal,6,f1@0.75,0.1746927402099815
W054,raw,normal,6,miou,0.3232112559790979
W054,raw,normal,6,n_pred,4.379310344827586
W054,raw,normal,6,n_reg,5.379310344827586
W054,raw,normal,8,f1@0.5,0.2566966727210135
W054,raw,normal,8,f1@0.75,0.1897932133226251
W054,raw,normal,8,miou,0.3037335476550911
W054,raw,normal,8,n_pred,4.310344827586207
W054,raw,normal,8,n_reg,4.862068965517241
W054,raw,normal,12,f1@0.5,0.4662979820554284
W054,raw,normal,12,f1@0.75,0.2799855722963441
W054,raw,normal,12,miou,0.5292119770205612
W054,raw,normal,12,n_pred,6.655172413793103
W054,raw,normal,12,n_reg,8.413793103448276
W054,raw,normal,16,f1@0.5,0.4158957844049122
W054,raw,normal,16,f1@0.75,0.2764567751383167
W054,raw,normal,16,miou,0.4494329954365967
W054,raw,normal,16,n_pred,5.896551724137931
W054,raw,normal,16,n_reg,7.448275862068965
W054,raw,normal,24,f1@0.5,0.2583932238597553
W054,raw,normal,24,f1@0.75,0.1939182071027912
W054,raw,normal,24,miou,0.3189764456705729
W054,raw,normal,24,n_pred,4.655172413793103
W054,raw,normal,24,n_reg,6.206896551724138
W054,raw,normal,32,f1@0.5,0.2691589118566806
W054,raw,normal,32,f1@0.75,0.1993522929628406
W054,raw,normal,32,miou,0.3221357574412095
W054,raw,normal,32,n_pred,4.586206896551724
W054,raw,normal,32,n_reg,6.344827586206897
W054,raw,normal,48,f1@0.5,0.3085519900428622
W054,raw,normal,48,f1@0.75,0.2080499453217505
W054,raw,normal,48,miou,0.3445236668248723
W054,raw,normal,48,n_pred,5.241379310344827
W054,raw,normal,48,n_reg,6.448275862068965
W054,raw,rgb,4,f1@0.5,0.6523682979298437
W054,raw,rgb,4,f1@0.75,0.3909801007030643
W054,raw,rgb,4,miou,0.6764118715487563
W054,raw,rgb,4,n_pred,9.06896551724138
W054,raw,rgb,4,n_reg,10.379310344827584
W054,raw,rgb,6,f1@0.5,0.6940331299010706
W054,raw,rgb,6,f1@0.75,0.4564139906805648
W054,raw,rgb,6,miou,0.6527275800343889
W054,raw,rgb,6,n_pred,6.241379310344827
W054,raw,rgb,6,n_reg,7.241379310344827
W054,raw,rgb,8,f1@0.5,0.6003780814632741
W054,raw,rgb,8,f1@0.75,0.350869068833732
W054,raw,rgb,8,miou,0.6280829986608769
W054,raw,rgb,8,n_pred,7.586206896551724
W054,raw,rgb,8,n_reg,9.0
W054,raw,rgb,12,f1@0.5,0.5132542194238939
W054,raw,rgb,12,f1@0.75,0.243853140579826
W054,raw,rgb,12,miou,0.6762801117562429
W054,raw,rgb,12,n_pred,13.79310344827586
W054,raw,rgb,12,n_reg,17.137931034482758
W054,raw,rgb,16,f1@0.5,0.5108417204390616
W054,raw,rgb,16,f1@0.75,0.2499522423240257
W054,raw,rgb,16,miou,0.6742204481127679
W054,raw,rgb,16,n_pred,13.379310344827584
W054,raw,rgb,16,n_reg,17.06896551724138
W054,raw,rgb,24,f1@0.5,0.4556085707207824
W054,raw,rgb,24,f1@0.75,0.2848313992968446
W054,raw,rgb,24,miou,0.6425047179423161
W054,raw,rgb,24,n_pred,14.310344827586206
W054,raw,rgb,24,n_reg,17.93103448275862
W054,raw,rgb,32,f1@0.5,0.493482272193373
W054,raw,rgb,32,f1@0.75,0.2741952258901239
W054,raw,rgb,32,miou,0.6886826735074039
W054,raw,rgb,32,n_pred,14.89655172413793
W054,raw,rgb,32,n_reg,18.75862068965517
W054,raw,rgb,48,f1@0.5,0.4779031608403606
W054,raw,rgb,48,f1@0.75,0.2213718929745383
W054,raw,rgb,48,miou,0.678757398677622
W054,raw,rgb,48,n_pred,15.413793103448276
W054,raw,rgb,48,n_reg,19.06896551724138
W055,merged,depth,4,f1@0.5,0.2050019425019425
W055,merged,depth,4,f1@0.75,0.1305102305102305
W055,merged,depth,4,miou,0.2233621876144348
W055,merged,depth,4,n_pred,2.25
W055,merged,depth,4,n_reg,2.5416666666666665
W055,merged,depth,6,f1@0.5,0.2044321419321419
W055,merged,depth,6,f1@0.75,0.1344276094276094
W055,merged,depth,6,miou,0.2206633803037718
W055,merged,depth,6,n_pred,1.9166666666666667
W055,merged,depth,6,n_reg,1.9166666666666667
W055,merged,depth,8,f1@0.5,0.292034817034817
W055,merged,depth,8,f1@0.75,0.1669067044067044
W055,merged,depth,8,miou,0.2640077140600118
W055,merged,depth,8,n_pred,3.25
W055,merged,depth,8,n_reg,3.6666666666666665
W055,merged,depth,12,f1@0.5,0.3178784178784178
W055,merged,depth,12,f1@0.75,0.1869713619713619
W055,merged,depth,12,miou,0.2816457083329638
W055,merged,depth,12,n_pred,3.2916666666666665
W055,merged,depth,12,n_reg,3.6666666666666665
W055,merged,depth,16,f1@0.5,0.2370023495023495
W055,merged,depth,16,f1@0.75,0.1368543493543493
W055,merged,depth,16,miou,0.222313495189075
W055,merged,depth,16,n_pred,2.25
W055,merged,depth,16,n_reg,2.833333333333333
W055,merged,depth,24,f1@0.5,0.208738714988715
W055,merged,depth,24,f1@0.75,0.1292866855366855
W055,merged,depth,24,miou,0.2221287432845987
W055,merged,depth,24,n_pred,2.4166666666666665
W055,merged,depth,24,n_reg,2.833333333333333
W055,merged,depth,32,f1@0.5,0.2370023495023495
W055,merged,depth,32,f1@0.75,0.1368543493543493
W055,merged,depth,32,miou,0.2223070264693824
W055,merged,depth,32,n_pred,2.25
W055,merged,depth,32,n_reg,2.833333333333333
W055,merged,depth,48,f1@0.5,0.2241818366818366
W055,merged,depth,48,f1@0.75,0.1368543493543493
W055,merged,depth,48,miou,0.2222922120559486
W055,merged,depth,48,n_pred,2.25
W055,merged,depth,48,n_reg,2.833333333333333
W055,merged,normal,4,f1@0.5,0.0671411921411921
W055,merged,normal,4,f1@0.75,0.0203962703962703
W055,merged,normal,4,miou,0.1772953829314892
W055,merged,normal,4,n_pred,2.958333333333333
W055,merged,normal,4,n_reg,2.958333333333333
W055,merged,normal,6,f1@0.5,0.348597582972583
W055,merged,normal,6,f1@0.75,0.252507215007215
W055,merged,normal,6,miou,0.3894982998283993
W055,merged,normal,6,n_pred,3.9166666666666665
W055,merged,normal,6,n_reg,3.9166666666666665
W055,merged,normal,8,f1@0.5,0.113991563991564
W055,merged,normal,8,f1@0.75,0.0668858918858918
W055,merged,normal,8,miou,0.1305084048130389
W055,merged,normal,8,n_pred,3.0416666666666665
W055,merged,normal,8,n_reg,3.125
W055,merged,normal,12,f1@0.5,0.1937687312687312
W055,merged,normal,12,f1@0.75,0.1290251415251415
W055,merged,normal,12,miou,0.1718740385557023
W055,merged,normal,12,n_pred,3.083333333333333
W055,merged,normal,12,n_reg,3.083333333333333
W055,merged,normal,16,f1@0.5,0.3507108632108632
W055,merged,normal,16,f1@0.75,0.2406591094091094
W055,merged,normal,16,miou,0.3384815072863856
W055,merged,normal,16,n_pred,3.6666666666666665
W055,merged,normal,16,n_reg,3.9166666666666665
W055,merged,normal,24,f1@0.5,0.4154306341806342
W055,merged,normal,24,f1@0.75,0.3106398231398231
W055,merged,normal,24,miou,0.3976553499385984
W055,merged,normal,24,n_pred,3.7083333333333335
W055,merged,normal,24,n_reg,4.125
W055,merged,normal,32,f1@0.5,0.3822532655253243
W055,merged,normal,32,f1@0.75,0.2286337028984087
W055,merged,normal,32,miou,0.4246896140617584
W055,merged,normal,32,n_pred,4.75
W055,merged,normal,32,n_reg,4.791666666666667
W055,merged,normal,48,f1@0.5,0.128990453990454
W055,merged,normal,48,f1@0.75,0.0888292263292263
W055,merged,normal,48,miou,0.1483926343516794
W055,merged,normal,48,n_pred,2.7916666666666665
W055,merged,normal,48,n_reg,2.958333333333333
W055,merged,rgb,4,f1@0.5,0.683132900596136
W055,merged,rgb,4,f1@0.75,0.3177939979410567
W055,merged,rgb,4,miou,0.627650566333795
W055,merged,rgb,4,n_pred,5.333333333333333
W055,merged,rgb,4,n_reg,5.416666666666667
W055,merged,rgb,6,f1@0.5,0.7578363164469976
W055,merged,rgb,6,f1@0.75,0.4988117085156558
W055,merged,rgb,6,miou,0.6348638325763925
W055,merged,rgb,6,n_pred,5.958333333333333
W055,merged,rgb,6,n_reg,6.083333333333333
W055,merged,rgb,8,f1@0.5,0.7639211221641563
W055,merged,rgb,8,f1@0.75,0.5146085614448618
W055,merged,rgb,8,miou,0.6406665949105566
W055,merged,rgb,8,n_pred,5.958333333333333
W055,merged,rgb,8,n_reg,6.041666666666667
W055,merged,rgb,12,f1@0.5,0.754112379421977
W055,merged,rgb,12,f1@0.75,0.5695525052432947
W055,merged,rgb,12,miou,0.678909080965482
W055,merged,rgb,12,n_pred,6.375
W055,merged,rgb,12,n_reg,6.5
W055,merged,rgb,16,f1@0.5,0.7499916492176554
W055,merged,rgb,16,f1@0.75,0.562046814339771
W055,merged,rgb,16,miou,0.6815108468431675
W055,merged,rgb,16,n_pred,6.541666666666667
W055,merged,rgb,16,n_reg,6.708333333333333
W055,merged,rgb,24,f1@0.5,0.7340332522511316
W055,merged,rgb,24,f1@0.75,0.5554387634495993
W055,merged,rgb,24,miou,0.6836787737466153
W055,merged,rgb,24,n_pred,6.25
W055,merged,rgb,24,n_reg,6.5
W055,merged,rgb,32,f1@0.5,0.7367899404373862
W055,merged,rgb,32,f1@0.75,0.4850182647589768
W055,merged,rgb,32,miou,0.6433108990335451
W055,merged,rgb,32,n_pred,6.291666666666667
W055,merged,rgb,32,n_reg,6.5
W055,merged,rgb,48,f1@0.5,0.7612074579760338
W055,merged,rgb,48,f1@0.75,0.4953428136477671
W055,merged,rgb,48,miou,0.6529222400566511
W055,merged,rgb,48,n_pred,6.041666666666667
W055,merged,rgb,48,n_reg,6.166666666666667
W055,raw,depth,4,f1@0.5,0.2039335664335664
W055,raw,depth,4,f1@0.75,0.1299760424760424
W055,raw,depth,4,miou,0.2233621876144348
W055,raw,depth,4,n_pred,2.2916666666666665
W055,raw,depth,4,n_reg,2.833333333333333
W055,raw,depth,6,f1@0.5,0.2044321419321419
W055,raw,depth,6,f1@0.75,0.1344276094276094
W055,raw,depth,6,miou,0.2206633803037718
W055,raw,depth,6,n_pred,1.9166666666666667
W055,raw,depth,6,n_reg,1.9166666666666667
W055,raw,depth,8,f1@0.5,0.288231906981907
W055,raw,depth,8,f1@0.75,0.1645918895918895
W055,raw,depth,8,miou,0.2640077140600118
W055,raw,depth,8,n_pred,3.375
W055,raw,depth,8,n_reg,4.208333333333333
W055,raw,depth,12,f1@0.5,0.3140755078255078
W055,raw,depth,12,f1@0.75,0.1846565471565471
W055,raw,depth,12,miou,0.2816457083329638
W055,raw,depth,12,n_pred,3.4166666666666665
W055,raw,depth,12,n_reg,4.208333333333333
W055,raw,depth,16,f1@0.5,0.2070975320975321
W055,raw,depth,16,f1@0.75,0.1279660154660154
W055,raw,depth,16,miou,0.222313495189075
W055,raw,depth,16,n_pred,2.5
W055,raw,depth,16,n_reg,3.458333333333333
W055,raw,depth,24,f1@0.5,0.207822964072964
W055,raw,depth,24,f1@0.75,0.12882881007881
W055,raw,depth,24,miou,0.2221287432845987
W055,raw,depth,24,n_pred,2.458333333333333
W055,raw,depth,24,n_reg,3.1666666666666665
W055,raw,depth,32,f1@0.5,0.2070975320975321
W055,raw,depth,32,f1@0.75,0.1279660154660154
W055,raw,depth,32,miou,0.2223070264693824
W055,raw,depth,32,n_pred,2.5
W055,raw,depth,32,n_reg,3.458333333333333
W055,raw,depth,48,f1@0.5,0.2061817811817811
W055,raw,depth,48,f1@0.75,0.12750814000814
W055,raw,depth,48,miou,0.2222922120559486
W055,raw,depth,48,n_pred,2.5416666666666665
W055,raw,depth,48,n_reg,3.458333333333333
W055,raw,normal,4,f1@0.5,0.0565323565323565
W055,raw,normal,4,f1@0.75,0.0133547008547008
W055,raw,normal,4,miou,0.1794654354746786
W055,raw,normal,4,n_pred,3.625
W055,raw,normal,4,n_reg,3.8333333333333335
W055,raw,normal,6,f1@0.5,0.3405514624264624
W055,raw,normal,6,f1@0.75,0.246023421023421
W055,raw,normal,6,miou,0.3932037946314876
W055,raw,normal,6,n_pred,4.25
W055,raw,normal,6,n_reg,4.25
W055,raw,normal,8,f1@0.5,0.1063547563547563
W055,raw,normal,8,f1@0.75,0.0623223998223998
W055,raw,normal,8,miou,0.1305896628023297
W055,raw,normal,8,n_pred,3.7916666666666665
W055,raw,normal,8,n_reg,3.9583333333333335
W055,raw,normal,12,f1@0.5,0.1640585109335109
W055,raw,normal,12,f1@0.75,0.1116775585525585
W055,raw,normal,12,miou,0.1718740385557023
W055,raw,normal,12,n_pred,4.291666666666667
W055,raw,normal,12,n_reg,4.291666666666667
W055,raw,normal,16,f1@0.5,0.3099898467545526
W055,raw,normal,16,f1@0.75,0.2146320795217854
W055,raw,normal,16,miou,0.3392415049462765
W055,raw,normal,16,n_pred,4.833333333333333
W055,raw,normal,16,n_reg,5.083333333333333
W055,raw,normal,24,f1@0.5,0.3914256087050204
W055,raw,normal,24,f1@0.75,0.2865172885393474
W055,raw,normal,24,miou,0.3984267292611641
W055,raw,normal,24,n_pred,4.833333333333333
W055,raw,normal,24,n_reg,5.375
W055,raw,normal,32,f1@0.5,0.2659913594317619
W055,raw,normal,32,f1@0.75,0.1811089319893499
W055,raw,normal,32,miou,0.4265983467517077
W055,raw,normal,32,n_pred,7.166666666666667
W055,raw,normal,32,n_reg,7.625
W055,raw,normal,48,f1@0.5,0.1091002747252747
W055,raw,normal,48,f1@0.75,0.0727907509157509
W055,raw,normal,48,miou,0.1483926343516794
W055,raw,normal,48,n_pred,4.0
W055,raw,normal,48,n_reg,4.333333333333333
W055,raw,rgb,4,f1@0.5,0.57184077281794
W055,raw,rgb,4,f1@0.75,0.2838714644345449
W055,raw,rgb,4,miou,0.627650566333795
W055,raw,rgb,4,n_pred,6.416666666666667
W055,raw,rgb,4,n_reg,7.125
W055,raw,rgb,6,f1@0.5,0.4792172475575356
W055,raw,rgb,6,f1@0.75,0.2773650796315354
W055,raw,rgb,6,miou,0.6351079624182359
W055,raw,rgb,6,n_pred,9.166666666666666
W055,raw,rgb,6,n_reg,9.875
W055,raw,rgb,8,f1@0.5,0.457361433062234
W055,raw,rgb,8,f1@0.75,0.266853236654438
W055,raw,rgb,8,miou,0.6406665949105566
W055,raw,rgb,8,n_pred,10.125
W055,raw,rgb,8,n_reg,10.75
W055,raw,rgb,12,f1@0.5,0.4605248392058528
W055,raw,rgb,12,f1@0.75,0.289500645905024
W055,raw,rgb,12,miou,0.678909080965482
W055,raw,rgb,12,n_pred,11.791666666666666
W055,raw,rgb,12,n_reg,12.416666666666666
W055,raw,rgb,16,f1@0.5,0.4848441596318161
W055,raw,rgb,16,f1@0.75,0.2928560895962296
W055,raw,rgb,16,miou,0.6815109700604624
W055,raw,rgb,16,n_pred,11.083333333333334
W055,raw,rgb,16,n_reg,11.958333333333334
W055,raw,rgb,24,f1@0.5,0.4049791044513584
W055,raw,rgb,24,f1@0.75,0.2387227233208354
W055,raw,rgb,24,miou,0.6836787737466153
W055,raw,rgb,24,n_pred,11.458333333333334
W055,raw,rgb,24,n_reg,11.916666666666666
W055,raw,rgb,32,f1@0.5,0.5059738678311164
W055,raw,rgb,32,f1@0.75,0.2937808079221796
W055,raw,rgb,32,miou,0.6433108990335451
W055,raw,rgb,32,n_pred,9.708333333333334
W055,raw,rgb,32,n_reg,10.041666666666666
W055,raw,rgb,48,f1@0.5,0.4723822261404709
W055,raw,rgb,48,f1@0.75,0.2457041651532834
W055,raw,rgb,48,miou,0.6529222400566511
W055,raw,rgb,48,n_pred,11.25
W055,raw,rgb,48,n_reg,11.833333333333334
W056,merged,depth,4,f1@0.5,0.444116994116994
W056,merged,depth,4,f1@0.75,0.1506345506345506
W056,merged,depth,4,miou,0.3691316555569873
W056,merged,depth,4,n_pred,3.0
W056,merged,depth,4,n_reg,3.0
W056,merged,depth,6,f1@0.5,0.4851814851814852
W056,merged,depth,6,f1@0.75,0.2093924593924593
W056,merged,depth,6,miou,0.4632923867603067
W056,merged,depth,6,n_pred,4.333333333333333
W056,merged,depth,6,n_reg,4.555555555555555
W056,merged,depth,8,f1@0.5,0.5532560032560032
W056,merged,depth,8,f1@0.75,0.2501739001739002
W056,merged,depth,8,miou,0.5446096615288588
W056,merged,depth,8,n_pred,4.444444444444445
W056,merged,depth,8,n_reg,4.555555555555555
W056,merged,depth,12,f1@0.5,0.5526455026455026
W056,merged,depth,12,f1@0.75,0.1885059385059385
W056,merged,depth,12,miou,0.5363439621946577
W056,merged,depth,12,n_pred,4.388888888888889
W056,merged,depth,12,n_reg,4.5
W056,merged,depth,16,f1@0.5,0.5611925111925111
W056,merged,depth,16,f1@0.75,0.2511174011174011
W056,merged,depth,16,miou,0.5445164196175604
W056,merged,depth,16,n_pred,4.444444444444445
W056,merged,depth,16,n_reg,4.555555555555555
W056,merged,depth,24,f1@0.5,0.5603507603507603
W056,merged,depth,24,f1@0.75,0.2309153809153808
W056,merged,depth,24,miou,0.5385629849720989
W056,merged,depth,24,n_pred,4.444444444444445
W056,merged,depth,24,n_reg,4.555555555555555
W056,merged,depth,32,f1@0.5,0.5454008954008954
W056,merged,depth,32,f1@0.75,0.2406833906833906
W056,merged,depth,32,miou,0.5427026118909782
W056,merged,depth,32,n_pred,4.388888888888889
W056,merged,depth,32,n_reg,4.5
W056,merged,depth,48,f1@0.5,0.4435249935249935
W056,merged,depth,48,f1@0.75,0.159026159026159
W056,merged,depth,48,miou,0.4420976442584824
W056,merged,depth,48,n_pred,3.8333333333333335
W056,merged,depth,48,n_reg,3.9444444444444446
W056,merged,normal,4,f1@0.5,0.2415047915047915
W056,merged,normal,4,f1@0.75,0.2107355607355607
W056,merged,normal,4,miou,0.3455537937526703
W056,merged,normal,4,n_pred,3.0
W056,merged,normal,4,n_reg,3.0
W056,merged,normal,6,f1@0.5,0.170685487352154
W056,merged,normal,6,f1@0.75,0.085988085988086
W056,merged,normal,6,miou,0.2088001916582579
W056,merged,normal,6,n_pred,2.2777777777777777
W056,merged,normal,6,n_reg,2.6666666666666665
W056,merged,normal,8,f1@0.5,0.4722092722092722
W056,merged,normal,8,f1@0.75,0.3668627668627668
W056,merged,normal,8,miou,0.4853118033769444
W056,merged,normal,8,n_pred,4.333333333333333
W056,merged,normal,8,n_reg,4.333333333333333
W056,merged,normal,12,f1@0.5,0.3487253487253487
W056,merged,normal,12,f1@0.75,0.2141654641654641
W056,merged,normal,12,miou,0.3742210311859276
W056,merged,normal,12,n_pred,3.2222222222222223
W056,merged,normal,12,n_reg,3.8333333333333335
W056,merged,normal,16,f1@0.5,0.2211973211973212
W056,merged,normal,16,f1@0.75,0.113997113997114
W056,merged,normal,16,miou,0.2767170153830366
W056,merged,normal,16,n_pred,3.1666666666666665
W056,merged,normal,16,n_reg,3.1666666666666665
W056,merged,normal,24,f1@0.5,0.5649521774521775
W056,merged,normal,24,f1@0.75,0.342012617012617
W056,merged,normal,24,miou,0.5486396727272668
W056,merged,normal,24,n_pred,5.0
W056,merged,normal,24,n_reg,5.0
W056,merged,normal,32,f1@0.5,0.4396233396233396
W056,merged,normal,32,f1@0.75,0.2597754097754097
W056,merged,normal,32,miou,0.4418984603583331
W056,merged,normal,32,n_pred,4.111111111111111
W056,merged,normal,32,n_reg,4.166666666666667
W056,merged,normal,48,f1@0.5,0.4711233211233211
W056,merged,normal,48,f1@0.75,0.2769230769230769
W056,merged,normal,48,miou,0.4797529884807137
W056,merged,normal,48,n_pred,4.611111111111111
W056,merged,normal,48,n_reg,4.611111111111111
W056,merged,rgb,4,f1@0.5,0.6279764171921035
W056,merged,rgb,4,f1@0.75,0.4367007357203436
W056,merged,rgb,4,miou,0.5655773126711503
W056,merged,rgb,4,n_pred,4.944444444444445
W056,merged,rgb,4,n_reg,5.0
W056,merged,rgb,6,f1@0.5,0.7405144963968494
W056,merged,rgb,6,f1@0.75,0.5607011180540593
W056,merged,rgb,6,miou,0.689252031098657
W056,merged,rgb,6,n_pred,5.277777777777778
W056,merged,rgb,6,n_reg,5.277777777777778
W056,merged,rgb,8,f1@0.5,0.8517668605903901
W056,merged,rgb,8,f1@0.75,0.7290560383697638
W056,merged,rgb,8,miou,0.8047095248847835
W056,merged,rgb,8,n_pred,6.833333333333333
W056,merged,rgb,8,n_reg,6.944444444444445
W056,merged,rgb,12,f1@0.5,0.7950968211546127
W056,merged,rgb,12,f1@0.75,0.6375454515289396
W056,merged,rgb,12,miou,0.7974948243148581
W056,merged,rgb,12,n_pred,7.055555555555555
W056,merged,rgb,12,n_reg,7.111111111111111
W056,merged,rgb,16,f1@0.5,0.8378575219261494
W056,merged,rgb,16,f1@0.75,0.7087858220211162
W056,merged,rgb,16,miou,0.8028842193030176
W056,merged,rgb,16,n_pred,7.222222222222222
W056,merged,rgb,16,n_reg,7.333333333333333
W056,merged,rgb,24,f1@0.5,0.8492640075973409
W056,merged,rgb,24,f1@0.75,0.7037749287749288
W056,merged,rgb,24,miou,0.8003935980087129
W056,merged,rgb,24,n_pred,7.166666666666667
W056,merged,rgb,24,n_reg,7.222222222222222
W056,merged,rgb,32,f1@0.5,0.8492640075973409
W056,merged,rgb,32,f1@0.75,0.7111823361823362
W056,merged,rgb,32,miou,0.8035232151506131
W056,merged,rgb,32,n_pred,7.166666666666667
W056,merged,rgb,32,n_reg,7.333333333333333
W056,merged,rgb,48,f1@0.5,0.7881885090218423
W056,merged,rgb,48,f1@0.75,0.6341168091168091
W056,merged,rgb,48,miou,0.8106411667560303
W056,merged,rgb,48,n_pred,7.166666666666667
W056,merged,rgb,48,n_reg,7.222222222222222
W056,raw,depth,4,f1@0.5,0.444116994116994
W056,raw,depth,4,f1@0.75,0.1506345506345506
W056,raw,depth,4,miou,0.3691316555569873
W056,raw,depth,4,n_pred,3.0
W056,raw,depth,4,n_reg,3.0
W056,raw,depth,6,f1@0.5,0.4752608502608502
W056,raw,depth,6,f1@0.75,0.1935194435194435
W056,raw,depth,6,miou,0.4646077516754549
W056,raw,depth,6,n_pred,4.5
W056,raw,depth,6,n_reg,4.722222222222222
W056,raw,depth,8,f1@0.5,0.4998270248270248
W056,raw,depth,8,f1@0.75,0.2226088726088726
W056,raw,depth,8,miou,0.5446096615288588
W056,raw,depth,8,n_pred,4.888888888888889
W056,raw,depth,8,n_reg,5.0
W056,raw,depth,12,f1@0.5,0.5074837199837199
W056,raw,depth,12,f1@0.75,0.1705128205128205
W056,raw,depth,12,miou,0.5363439621946577
W056,raw,depth,12,n_pred,4.888888888888889
W056,raw,depth,12,n_reg,5.0
W056,raw,depth,16,f1@0.5,0.5090862840862841
W056,raw,depth,16,f1@0.75,0.221998371998372
W056,raw,depth,16,miou,0.5445164196175604
W056,raw,depth,16,n_pred,4.888888888888889
W056,raw,depth,16,n_reg,5.0
W056,raw,depth,24,f1@0.5,0.5175037925037924
W056,raw,depth,24,f1@0.75,0.227048877048877
W056,raw,depth,24,miou,0.5385629849720989
W056,raw,depth,24,n_pred,4.722222222222222
W056,raw,depth,24,n_reg,4.833333333333333
W056,raw,depth,32,f1@0.5,0.499547212047212
W056,raw,depth,32,f1@0.75,0.2226088726088726
W056,raw,depth,32,miou,0.5427026118909782
W056,raw,depth,32,n_pred,4.888888888888889
W056,raw,depth,32,n_reg,5.0
W056,raw,depth,48,f1@0.5,0.4435249935249935
W056,raw,depth,48,f1@0.75,0.159026159026159
W056,raw,depth,48,miou,0.444707129258708
W056,raw,depth,48,n_pred,3.888888888888889
W056,raw,depth,48,n_reg,4.0
W056,raw,normal,4,f1@0.5,0.2415047915047915
W056,raw,normal,4,f1@0.75,0.2107355607355607
W056,raw,normal,4,miou,0.3455537937526703
W056,raw,normal,4,n_pred,3.0
W056,raw,normal,4,n_reg,3.0
W056,raw,normal,6,f1@0.5,0.0801587301587301
W056,raw,normal,6,f1@0.75,0.0611111111111111
W056,raw,normal,6,miou,0.2088001916582579
W056,raw,normal,6,n_pred,3.388888888888889
W056,raw,normal,6,n_reg,3.888888888888889
W056,raw,normal,8,f1@0.5,0.375710754387225
W056,raw,normal,8,f1@0.75,0.2204706241470947
W056,raw,normal,8,miou,0.4853118033769444
W056,raw,normal,8,n_pred,6.555555555555555
W056,raw,normal,8,n_reg,6.833333333333333
W056,raw,normal,12,f1@0.5,0.2081603581603581
W056,raw,normal,12,f1@0.75,0.1817053317053317
W056,raw,normal,12,miou,0.3742210311859276
W056,raw,normal,12,n_pred,4.722222222222222
W056,raw,normal,12,n_reg,5.666666666666667
W056,raw,normal,16,f1@0.5,0.1139652014652014
W056,raw,normal,16,f1@0.75,0.0905372405372405
W056,raw,normal,16,miou,0.2767183304319643
W056,raw,normal,16,n_pred,5.222222222222222
W056,raw,normal,16,n_reg,5.555555555555555
W056,raw,normal,24,f1@0.5,0.4137542196365726
W056,raw,normal,24,f1@0.75,0.2851198456590613
W056,raw,normal,24,miou,0.5486396727272668
W056,raw,normal,24,n_pred,6.944444444444445
W056,raw,normal,24,n_reg,7.444444444444445
W056,raw,normal,32,f1@0.5,0.3966066341066341
W056,raw,normal,32,f1@0.75,0.2466473341473341
W056,raw,normal,32,miou,0.4418984603583331
W056,raw,normal,32,n_pred,4.888888888888889
W056,raw,normal,32,n_reg,5.666666666666667
W056,raw,normal,48,f1@0.5,0.4295380545380545
W056,raw,normal,48,f1@0.75,0.2578805453805454
W056,raw,normal,48,miou,0.4797529884807137
W056,raw,normal,48,n_pred,5.611111111111111
W056,raw,normal,48,n_reg,6.055555555555555
W056,raw,rgb,4,f1@0.5,0.4669416544545543
W056,raw,rgb,4,f1@0.75,0.2608722293835813
W056,raw,rgb,4,miou,0.5655773126711503
W056,raw,rgb,4,n_pred,7.555555555555555
W056,raw,rgb,4,n_reg,7.888888888888889
W056,raw,rgb,6,f1@0.5,0.5184353858502466
W056,raw,rgb,6,f1@0.75,0.2660785269273401
W056,raw,rgb,6,miou,0.689252031098657
W056,raw,rgb,6,n_pred,8.333333333333334
W056,raw,rgb,6,n_reg,8.666666666666666
W056,raw,rgb,8,f1@0.5,0.5091212546163864
W056,raw,rgb,8,f1@0.75,0.3153043976915516
W056,raw,rgb,8,miou,0.8047217160800093
W056,raw,rgb,8,n_pred,12.166666666666666
W056,raw,rgb,8,n_reg,12.72222222222222
W056,raw,rgb,12,f1@0.5,0.4222185541102398
W056,raw,rgb,12,f1@0.75,0.2699414164669694
W056,raw,rgb,12,miou,0.7974955816978486
W056,raw,rgb,12,n_pred,14.0
W056,raw,rgb,12,n_reg,14.555555555555555
W056,raw,rgb,16,f1@0.5,0.4602761567745639
W056,raw,rgb,16,f1@0.75,0.2972482725094112
W056,raw,rgb,16,miou,0.8028861512126034
W056,raw,rgb,16,n_pred,14.055555555555555
W056,raw,rgb,16,n_reg,14.72222222222222
W056,raw,rgb,24,f1@0.5,0.4466200007995674
W056,raw,rgb,24,f1@0.75,0.2952785907329662
W056,raw,rgb,24,miou,0.8003961141040311
W056,raw,rgb,24,n_pred,14.27777777777778
W056,raw,rgb,24,n_reg,15.0
W056,raw,rgb,32,f1@0.5,0.432753262731202
W056,raw,rgb,32,f1@0.75,0.2905634840313502
W056,raw,rgb,32,miou,0.8035267148242018
W056,raw,rgb,32,n_pred,15.27777777777778
W056,raw,rgb,32,n_reg,16.055555555555557
W056,raw,rgb,48,f1@0.5,0.5280806254961592
W056,raw,rgb,48,f1@0.75,0.3445763456666674
W056,raw,rgb,48,miou,0.8106457803813039
W056,raw,rgb,48,n_pred,12.0
W056,raw,rgb,48,n_reg,12.944444444444445
W057,merged,depth,4,f1@0.5,0.6133333333333333
W057,merged,depth,4,f1@0.75,0.4688888888888889
W057,merged,depth,4,miou,0.6482308344448825
W057,merged,depth,4,n_pred,3.0
W057,merged,depth,4,n_reg,3.0
W057,merged,depth,6,f1@0.5,0.8206060606060606
W057,merged,depth,6,f1@0.75,0.6090909090909091
W057,merged,depth,6,miou,0.6456271675349424
W057,merged,depth,6,n_pred,4.0
W057,merged,depth,6,n_reg,4.0
W057,merged,depth,8,f1@0.5,0.8206060606060606
W057,merged,depth,8,f1@0.75,0.6090909090909091
W057,merged,depth,8,miou,0.6444185888624714
W057,merged,depth,8,n_pred,4.0
W057,merged,depth,8,n_reg,4.0
W057,merged,depth,12,f1@0.5,0.5927272727272727
W057,merged,depth,12,f1@0.75,0.3993939393939393
W057,merged,depth,12,miou,0.6443896858834731
W057,merged,depth,12,n_pred,4.0
W057,merged,depth,12,n_reg,4.0
W057,merged,depth,16,f1@0.5,0.5927272727272727
W057,merged,depth,16,f1@0.75,0.3993939393939393
W057,merged,depth,16,miou,0.6446487306835973
W057,merged,depth,16,n_pred,4.0
W057,merged,depth,16,n_reg,4.0
W057,merged,depth,24,f1@0.5,0.5927272727272727
W057,merged,depth,24,f1@0.75,0.3993939393939393
W057,merged,depth,24,miou,0.644110611577423
W057,merged,depth,24,n_pred,4.0
W057,merged,depth,24,n_reg,4.0
W057,merged,depth,32,f1@0.5,0.8206060606060606
W057,merged,depth,32,f1@0.75,0.6090909090909091
W057,merged,depth,32,miou,0.6445261403365683
W057,merged,depth,32,n_pred,4.0
W057,merged,depth,32,n_reg,4.0
W057,merged,depth,48,f1@0.5,0.5927272727272727
W057,merged,depth,48,f1@0.75,0.3993939393939393
W057,merged,depth,48,miou,0.6440678610668074
W057,merged,depth,48,n_pred,4.0
W057,merged,depth,48,n_reg,4.0
W057,merged,normal,4,f1@0.5,0.6113636363636363
W057,merged,normal,4,f1@0.75,0.3885858585858586
W057,merged,normal,4,miou,0.4237798575095054
W057,merged,normal,4,n_pred,3.7
W057,merged,normal,4,n_reg,3.8
W057,merged,normal,6,f1@0.5,0.7654545454545454
W057,merged,normal,6,f1@0.75,0.6264646464646464
W057,merged,normal,6,miou,0.6103517845072172
W057,merged,normal,6,n_pred,4.1
W057,merged,normal,6,n_reg,4.1
W057,merged,normal,8,f1@0.5,0.3266883116883117
W057,merged,normal,8,f1@0.75,0.2349350649350649
W057,merged,normal,8,miou,0.1754310519367001
W057,merged,normal,8,n_pred,3.1
W057,merged,normal,8,n_reg,3.1
W057,merged,normal,12,f1@0.5,0.7653535353535353
W057,merged,normal,12,f1@0.75,0.60010101010101
W057,merged,normal,12,miou,0.6257510956260461
W057,merged,normal,12,n_pred,4.6
W057,merged,normal,12,n_reg,4.6
W057,merged,normal,16,f1@0.5,0.5194444444444445
W057,merged,normal,16,f1@0.75,0.41
W057,merged,normal,16,miou,0.3721073061374231
W057,merged,normal,16,n_pred,3.8
W057,merged,normal,16,n_reg,3.8
W057,merged,normal,24,f1@0.5,0.668939393939394
W057,merged,normal,24,f1@0.75,0.4005050505050505
W057,merged,normal,24,miou,0.4362177055773041
W057,merged,normal,24,n_pred,4.0
W057,merged,normal,24,n_reg,4.2
W057,merged,normal,32,f1@0.5,0.6522727272727272
W057,merged,normal,32,f1@0.75,0.4005050505050505
W057,merged,normal,32,miou,0.4300194763887782
W057,merged,normal,32,n_pred,4.0
W057,merged,normal,32,n_reg,4.2
W057,merged,normal,48,f1@0.5,0.4156565656565656
W057,merged,normal,48,f1@0.75,0.1876262626262626
W057,merged,normal,48,miou,0.4290186301969222
W057,merged,normal,48,n_pred,4.1
W057,merged,normal,48,n_reg,4.2
W057,merged,rgb,4,f1@0.5,0.9484848484848484
W057,merged,rgb,4,f1@0.75,0.931818181818182
W057,merged,rgb,4,miou,0.9294623360453184
W057,merged,rgb,4,n_pred,5.0
W057,merged,rgb,4,n_reg,5.0
W057,merged,rgb,6,f1@0.5,0.9664335664335664
W057,merged,rgb,6,f1@0.75,0.951048951048951
W057,merged,rgb,6,miou,0.9350353593546216
W057,merged,rgb,6,n_pred,5.2
W057,merged,rgb,6,n_reg,5.2
W057,merged,rgb,8,f1@0.5,0.9664335664335664
W057,merged,rgb,8,f1@0.75,0.9328671328671329
W057,merged,rgb,8,miou,0.930688768414033
W057,merged,rgb,8,n_pred,5.2
W057,merged,rgb,8,n_reg,5.2
W057,merged,rgb,12,f1@0.5,0.9664335664335664
W057,merged,rgb,12,f1@0.75,0.951048951048951
W057,merged,rgb,12,miou,0.9332328559085796
W057,merged,rgb,12,n_pred,5.2
W057,merged,rgb,12,n_reg,5.2
W057,merged,rgb,16,f1@0.5,0.9664335664335664
W057,merged,rgb,16,f1@0.75,0.951048951048951
W057,merged,rgb,16,miou,0.9290315612845128
W057,merged,rgb,16,n_pred,5.2
W057,merged,rgb,16,n_reg,5.2
W057,merged,rgb,24,f1@0.5,0.9664335664335664
W057,merged,rgb,24,f1@0.75,0.9328671328671329
W057,merged,rgb,24,miou,0.9187578752760626
W057,merged,rgb,24,n_pred,5.2
W057,merged,rgb,24,n_reg,5.2
W057,merged,rgb,32,f1@0.5,0.9664335664335664
W057,merged,rgb,32,f1@0.75,0.951048951048951
W057,merged,rgb,32,miou,0.9292079150996604
W057,merged,rgb,32,n_pred,5.2
W057,merged,rgb,32,n_reg,5.2
W057,merged,rgb,48,f1@0.5,0.9664335664335664
W057,merged,rgb,48,f1@0.75,0.951048951048951
W057,merged,rgb,48,miou,0.9285956909938164
W057,merged,rgb,48,n_pred,5.2
W057,merged,rgb,48,n_reg,5.2
W057,raw,depth,4,f1@0.5,0.6133333333333333
W057,raw,depth,4,f1@0.75,0.4688888888888889
W057,raw,depth,4,miou,0.6482308344448825
W057,raw,depth,4,n_pred,3.0
W057,raw,depth,4,n_reg,3.0
W057,raw,depth,6,f1@0.5,0.6425407925407925
W057,raw,depth,6,f1@0.75,0.3771561771561771
W057,raw,depth,6,miou,0.6456271675349424
W057,raw,depth,6,n_pred,6.0
W057,raw,depth,6,n_reg,6.0
W057,raw,depth,8,f1@0.5,0.5021245421245422
W057,raw,depth,8,f1@0.75,0.2027838827838827
W057,raw,depth,8,miou,0.6444185888624714
W057,raw,depth,8,n_pred,8.0
W057,raw,depth,8,n_reg,8.0
W057,raw,depth,12,f1@0.5,0.4007326007326007
W057,raw,depth,12,f1@0.75,0.1747252747252747
W057,raw,depth,12,miou,0.6443896858834731
W057,raw,depth,12,n_pred,7.0
W057,raw,depth,12,n_reg,7.0
W057,raw,depth,16,f1@0.5,0.4888111888111888
W057,raw,depth,16,f1@0.75,0.2933566433566433
W057,raw,depth,16,miou,0.6446487306835973
W057,raw,depth,16,n_pred,6.0
W057,raw,depth,16,n_reg,6.0
W057,raw,depth,24,f1@0.5,0.4007326007326007
W057,raw,depth,24,f1@0.75,0.1747252747252747
W057,raw,depth,24,miou,0.644110611577423
W057,raw,depth,24,n_pred,7.0
W057,raw,depth,24,n_reg,7.0
W057,raw,depth,32,f1@0.5,0.5910256410256409
W057,raw,depth,32,f1@0.75,0.3139194139194139
W057,raw,depth,32,miou,0.6445261403365683
W057,raw,depth,32,n_pred,7.0
W057,raw,depth,32,n_reg,7.0
W057,raw,depth,48,f1@0.5,0.4007326007326007
W057,raw,depth,48,f1@0.75,0.1747252747252747
W057,raw,depth,48,miou,0.6440678610668074
W057,raw,depth,48,n_pred,7.0
W057,raw,depth,48,n_reg,7.0
W057,raw,normal,4,f1@0.5,0.5086868686868687
W057,raw,normal,4,f1@0.75,0.2101010101010101
W057,raw,normal,4,miou,0.4237798575095054
W057,raw,normal,4,n_pred,4.7
W057,raw,normal,4,n_reg,4.8
W057,raw,normal,6,f1@0.5,0.5967132867132867
W057,raw,normal,6,f1@0.75,0.3884382284382284
W057,raw,normal,6,miou,0.6103517845072172
W057,raw,normal,6,n_pred,5.8
W057,raw,normal,6,n_reg,6.0
W057,raw,normal,8,f1@0.5,0.2808080808080808
W057,raw,normal,8,f1@0.75,0.0333333333333333
W057,raw,normal,8,miou,0.1754310519367001
W057,raw,normal,8,n_pred,4.6
W057,raw,normal,8,n_reg,4.6
W057,raw,normal,12,f1@0.5,0.5697635697635698
W057,raw,normal,12,f1@0.75,0.3418981018981019
W057,raw,normal,12,miou,0.6257510956260461
W057,raw,normal,12,n_pred,7.4
W057,raw,normal,12,n_reg,7.6
W057,raw,normal,16,f1@0.5,0.4407692307692308
W057,raw,normal,16,f1@0.75,0.1972338772338772
W057,raw,normal,16,miou,0.3721073061374231
W057,raw,normal,16,n_pred,5.5
W057,raw,normal,16,n_reg,5.8
W057,raw,normal,24,f1@0.5,0.555021645021645
W057,raw,normal,24,f1@0.75,0.1856421356421356
W057,raw,normal,24,miou,0.436221943106062
W057,raw,normal,24,n_pred,6.0
W057,raw,normal,24,n_reg,6.5
W057,raw,normal,32,f1@0.5,0.5485780885780885
W057,raw,normal,32,f1@0.75,0.1893550893550893
W057,raw,normal,32,miou,0.4300262582168828
W057,raw,normal,32,n_pred,5.8
W057,raw,normal,32,n_reg,6.5
W057,raw,normal,48,f1@0.5,0.3869696969696969
W057,raw,normal,48,f1@0.75,0.1692424242424242
W057,raw,normal,48,miou,0.4290262639905749
W057,raw,normal,48,n_pred,5.0
W057,raw,normal,48,n_reg,5.6
W057,raw,rgb,4,f1@0.5,0.9484848484848484
W057,raw,rgb,4,f1@0.75,0.931818181818182
W057,raw,rgb,4,miou,0.9294623360453184
W057,raw,rgb,4,n_pred,5.0
W057,raw,rgb,4,n_reg,5.0
W057,raw,rgb,6,f1@0.5,0.8274891774891776
W057,raw,rgb,6,f1@0.75,0.7132034632034632
W057,raw,rgb,6,miou,0.9350353593546216
W057,raw,rgb,6,n_pred,6.7
W057,raw,rgb,6,n_reg,6.7
W057,raw,rgb,8,f1@0.5,0.7446320346320346
W057,raw,rgb,8,f1@0.75,0.6289177489177489
W057,raw,rgb,8,miou,0.930688768414033
W057,raw,rgb,8,n_pred,8.1
W057,raw,rgb,8,n_reg,8.5
W057,raw,rgb,12,f1@0.5,0.6990519284636931
W057,raw,rgb,12,f1@0.75,0.4757056668821374
W057,raw,rgb,12,miou,0.9332328559085796
W057,raw,rgb,12,n_pred,9.0
W057,raw,rgb,12,n_reg,9.2
W057,raw,rgb,16,f1@0.5,0.7158225108225108
W057,raw,rgb,16,f1@0.75,0.6199891774891775
W057,raw,rgb,16,miou,0.9290315612845128
W057,raw,rgb,16,n_pred,8.7
W057,raw,rgb,16,n_reg,9.1
W057,raw,rgb,24,f1@0.5,0.6221638655462185
W057,raw,rgb,24,f1@0.75,0.4981792717086835
W057,raw,rgb,24,miou,0.9187578752760626
W057,raw,rgb,24,n_pred,10.9
W057,raw,rgb,24,n_reg,11.5
W057,raw,rgb,32,f1@0.5,0.652658371040724
W057,raw,rgb,32,f1@0.75,0.5047410759175465
W057,raw,rgb,32,miou,0.9292079150996604
W057,raw,rgb,32,n_pred,10.1
W057,raw,rgb,32,n_reg,10.7
W057,raw,rgb,48,f1@0.5,0.6872553916671563
W057,raw,rgb,48,f1@0.75,0.5322909443497679
W057,raw,rgb,48,miou,0.9285956909938164
W057,raw,rgb,48,n_pred,9.3
W057,raw,rgb,48,n_reg,9.9
W058,merged,depth,4,f1@0.5,0.891826923076923
W058,merged,depth,4,f1@0.75,0.7010878010878011
W058,merged,depth,4,miou,0.8427736995776083
W058,merged,depth,4,n_pred,5.0
W058,merged,depth,4,n_reg,5.0
W058,merged,depth,6,f1@0.5,0.9258449883449884
W058,merged,depth,6,f1@0.75,0.8399912587412587
W058,merged,depth,6,miou,0.8789504850684436
W058,merged,depth,6,n_pred,5.3125
W058,merged,depth,6,n_reg,5.3125
W058,merged,depth,8,f1@0.5,0.9466783216783216
W058,merged,depth,8,f1@0.75,0.8923659673659674
W058,merged,depth,8,miou,0.9032760168191404
W058,merged,depth,8,n_pred,5.3125
W058,merged,depth,8,n_reg,5.3125
W058,merged,depth,12,f1@0.5,0.9293172105672104
W058,merged,depth,12,f1@0.75,0.8515005827505827
W058,merged,depth,12,miou,0.8858963628213427
W058,merged,depth,12,n_pred,5.25
W058,merged,depth,12,n_reg,5.25
W058,merged,depth,16,f1@0.5,0.936261655011655
W058,merged,depth,16,f1@0.75,0.8819493006993007
W058,merged,depth,16,miou,0.9071914348873464
W058,merged,depth,16,n_pred,5.3125
W058,merged,depth,16,n_reg,5.3125
W058,merged,depth,24,f1@0.5,0.9467511655011654
W058,merged,depth,24,f1@0.75,0.9238344988344988
W058,merged,depth,24,miou,0.9146864405789868
W058,merged,depth,24,n_pred,5.4375
W058,merged,depth,24,n_reg,5.4375
W058,merged,depth,32,f1@0.5,0.936261655011655
W058,merged,depth,32,f1@0.75,0.893312937062937
W058,merged,depth,32,miou,0.9076427348124758
W058,merged,depth,32,n_pred,5.3125
W058,merged,depth,32,n_reg,5.3125
W058,merged,depth,48,f1@0.5,0.9466783216783216
W058,merged,depth,48,f1@0.75,0.8923659673659674
W058,merged,depth,48,miou,0.9049632182153232
W058,merged,depth,48,n_pred,5.3125
W058,merged,depth,48,n_reg,5.3125
W058,merged,normal,4,f1@0.5,0.9087121212121212
W058,merged,normal,4,f1@0.75,0.7789772727272728
W058,merged,normal,4,miou,0.8575352495147651
W058,merged,normal,4,n_pred,5.0625
W058,merged,normal,4,n_reg,5.0625
W058,merged,normal,6,f1@0.5,0.6630827505827506
W058,merged,normal,6,f1@0.75,0.4723436285936286
W058,merged,normal,6,miou,0.6302226256780479
W058,merged,normal,6,n_pred,4.8125
W058,merged,normal,6,n_reg,5.1875
W058,merged,normal,8,f1@0.5,0.6706585081585081
W058,merged,normal,8,f1@0.75,0.4704496891996892
W058,merged,normal,8,miou,0.6339076286215054
W058,merged,normal,8,n_pred,4.875
W058,merged,normal,8,n_reg,5.1875
W058,merged,normal,12,f1@0.5,0.6681963869463869
W058,merged,normal,12,f1@0.75,0.476068376068376
W058,merged,normal,12,miou,0.6321457032259055
W058,merged,normal,12,n_pred,4.75
W058,merged,normal,12,n_reg,5.125
W058,merged,normal,16,f1@0.5,0.6664918414918415
W058,merged,normal,16,f1@0.75,0.4676719114219114
W058,merged,normal,16,miou,0.6348023997590477
W058,merged,normal,16,n_pred,4.9375
W058,merged,normal,16,n_reg,5.1875
W058,merged,normal,24,f1@0.5,0.6598630536130536
W058,merged,normal,24,f1@0.75,0.4705128205128205
W058,merged,normal,24,miou,0.6345361900824575
W058,merged,normal,24,n_pred,4.875
W058,merged,normal,24,n_reg,5.125
W058,merged,normal,32,f1@0.5,0.6664918414918415
W058,merged,normal,32,f1@0.75,0.4676719114219114
W058,merged,normal,32,miou,0.634668049376275
W058,merged,normal,32,n_pred,4.9375
W058,merged,normal,32,n_reg,5.1875
W058,merged,normal,48,f1@0.5,0.6664918414918415
W058,merged,normal,48,f1@0.75,0.4676719114219114
W058,merged,normal,48,miou,0.6343525043358638
W058,merged,normal,48,n_pred,4.9375
W058,merged,normal,48,n_reg,5.1875
W058,merged,rgb,4,f1@0.5,0.9268939393939394
W058,merged,rgb,4,f1@0.75,0.7780303030303031
W058,merged,rgb,4,miou,0.893086933175441
W058,merged,rgb,4,n_pred,5.125
W058,merged,rgb,4,n_reg,5.125
W058,merged,rgb,6,f1@0.5,0.952245670995671
W058,merged,rgb,6,f1@0.75,0.908495670995671
W058,merged,rgb,6,miou,0.913899122365968
W058,merged,rgb,6,n_pred,5.375
W058,merged,rgb,6,n_reg,5.375
W058,merged,rgb,8,f1@0.5,0.9465638528138528
W058,merged,rgb,8,f1@0.75,0.9361471861471862
W058,merged,rgb,8,miou,0.9286271462486724
W058,merged,rgb,8,n_pred,5.3125
W058,merged,rgb,8,n_reg,5.3125
W058,merged,rgb,12,f1@0.5,0.9554924242424242
W058,merged,rgb,12,f1@0.75,0.9450757575757576
W058,merged,rgb,12,miou,0.9269973983159904
W058,merged,rgb,12,n_pred,5.3125
W058,merged,rgb,12,n_reg,5.375
W058,merged,rgb,16,f1@0.5,0.9425574425574426
W058,merged,rgb,16,f1@0.75,0.932140775890776
W058,merged,rgb,16,miou,0.9189847780917768
W058,merged,rgb,16,n_pred,5.375
W058,merged,rgb,16,n_reg,5.375
W058,merged,rgb,24,f1@0.5,0.9425574425574426
W058,merged,rgb,24,f1@0.75,0.9232122044622044
W058,merged,rgb,24,miou,0.9171692082532124
W058,merged,rgb,24,n_pred,5.375
W058,merged,rgb,24,n_reg,5.375
W058,merged,rgb,32,f1@0.5,0.9554924242424242
W058,merged,rgb,32,f1@0.75,0.9450757575757576
W058,merged,rgb,32,miou,0.9219830221072112
W058,merged,rgb,32,n_pred,5.3125
W058,merged,rgb,32,n_reg,5.375
W058,merged,rgb,48,f1@0.5,0.9425574425574426
W058,merged,rgb,48,f1@0.75,0.932140775890776
W058,merged,rgb,48,miou,0.9173515656495064
W058,merged,rgb,48,n_pred,5.375
W058,merged,rgb,48,n_reg,5.375
W058,raw,depth,4,f1@0.5,0.6822344322344323
W058,raw,depth,4,f1@0.75,0.435782967032967
W058,raw,depth,4,miou,0.8427736995776083
W058,raw,depth,4,n_pred,7.0
W058,raw,depth,4,n_reg,7.0
W058,raw,depth,6,f1@0.5,0.6205198906485672
W058,raw,depth,6,f1@0.75,0.4491919844861021
W058,raw,depth,6,miou,0.8790171762760013
W058,raw,depth,6,n_pred,9.0625
W058,raw,depth,6,n_reg,9.125
W058,raw,depth,8,f1@0.5,0.5829963235294118
W058,raw,depth,8,f1@0.75,0.4141792133520074
W058,raw,depth,8,miou,0.9033418128040488
W058,raw,depth,8,n_pred,9.8125
W058,raw,depth,8,n_reg,10.3125
W058,raw,depth,12,f1@0.5,0.6115283613445378
W058,raw,depth,12,f1@0.75,0.4240546218487395
W058,raw,depth,12,miou,0.8859621445357858
W058,raw,depth,12,n_pred,9.25
W058,raw,depth,12,n_reg,9.3125
W058,raw,depth,16,f1@0.5,0.615625
W058,raw,depth,16,f1@0.75,0.4474206349206349
W058,raw,depth,16,miou,0.9072572509010056
W058,raw,depth,16,n_pred,9.375
W058,raw,depth,16,n_reg,9.875
W058,raw,depth,24,f1@0.5,0.5571820175438597
W058,raw,depth,24,f1@0.75,0.406062414000688
W058,raw,depth,24,miou,0.914753774967152
W058,raw,depth,24,n_pred,11.1875
W058,raw,depth,24,n_reg,12.125
W058,raw,depth,32,f1@0.5,0.5562403250773994
W058,raw,depth,32,f1@0.75,0.4121307404540764
W058,raw,depth,32,miou,0.9077073790251464
W058,raw,depth,32,n_pred,10.375
W058,raw,depth,32,n_reg,10.9375
W058,raw,depth,48,f1@0.5,0.5750216533982013
W058,raw,depth,48,f1@0.75,0.4074563707061772
W058,raw,depth,48,miou,0.9050290624388828
W058,raw,depth,48,n_pred,10.0625
W058,raw,depth,48,n_reg,10.9375
W058,raw,normal,4,f1@0.5,0.6805173992673993
W058,raw,normal,4,f1@0.75,0.5393772893772893
W058,raw,normal,4,miou,0.8575352495147651
W058,raw,normal,4,n_pred,6.875
W058,raw,normal,4,n_reg,6.875
W058,raw,normal,6,f1@0.5,0.5710934898434898
W058,raw,normal,6,f1@0.75,0.3384823509823509
W058,raw,normal,6,miou,0.6315872275952353
W058,raw,normal,6,n_pred,6.4375
W058,raw,normal,6,n_reg,7.25
W058,raw,normal,8,f1@0.5,0.5803654678654678
W058,raw,normal,8,f1@0.75,0.3382534132534132
W058,raw,normal,8,miou,0.6351430556200884
W058,raw,normal,8,n_pred,6.4375
W058,raw,normal,8,n_reg,7.1875
W058,raw,normal,12,f1@0.5,0.5716408591408592
W058,raw,normal,12,f1@0.75,0.3389235764235764
W058,raw,normal,12,miou,0.6334044187400752
W058,raw,normal,12,n_pred,6.4375
W058,raw,normal,12,n_reg,7.25
W058,raw,normal,16,f1@0.5,0.5769563769563769
W058,raw,normal,16,f1@0.75,0.335980685980686
W058,raw,normal,16,miou,0.636053335406623
W058,raw,normal,16,n_pred,6.5
W058,raw,normal,16,n_reg,7.1875
W058,raw,normal,24,f1@0.5,0.5648226773226773
W058,raw,normal,24,f1@0.75,0.3343781218781219
W058,raw,normal,24,miou,0.6357813281396284
W058,raw,normal,24,n_pred,6.5625
W058,raw,normal,24,n_reg,7.25
W058,raw,normal,32,f1@0.5,0.5769563769563769
W058,raw,normal,32,f1@0.75,0.335980685980686
W058,raw,normal,32,miou,0.6359167408937341
W058,raw,normal,32,n_pred,6.5
W058,raw,normal,32,n_reg,7.1875
W058,raw,normal,48,f1@0.5,0.5769563769563769
W058,raw,normal,48,f1@0.75,0.335980685980686
W058,raw,normal,48,miou,0.6356024874984542
W058,raw,normal,48,n_pred,6.5
W058,raw,normal,48,n_reg,7.1875
W058,raw,rgb,4,f1@0.5,0.6741300366300367
W058,raw,rgb,4,f1@0.75,0.4614239926739927
W058,raw,rgb,4,miou,0.893086933175441
W058,raw,rgb,4,n_pred,7.5625
W058,raw,rgb,4,n_reg,7.5625
W058,raw,rgb,6,f1@0.5,0.6274496336996337
W058,raw,rgb,6,f1@0.75,0.4165369352869353
W058,raw,rgb,6,miou,0.9139640434417138
W058,raw,rgb,6,n_pred,9.3125
W058,raw,rgb,6,n_reg,9.8125
W058,raw,rgb,8,f1@0.5,0.6831744236156001
W058,raw,rgb,8,f1@0.75,0.5115357681534152
W058,raw,rgb,8,miou,0.9286953534074386
W058,raw,rgb,8,n_pred,8.625
W058,raw,rgb,8,n_reg,9.125
W058,raw,rgb,12,f1@0.5,0.654375864718357
W058,raw,rgb,12,f1@0.75,0.4599329559759126
W058,raw,rgb,12,miou,0.9270655538528766
W058,raw,rgb,12,n_pred,9.25
W058,raw,rgb,12,n_reg,10.5
W058,raw,rgb,16,f1@0.5,0.5505329025549613
W058,raw,rgb,16,f1@0.75,0.3352681224004753
W058,raw,rgb,16,miou,0.9190526137216986
W058,raw,rgb,16,n_pred,11.875
W058,raw,rgb,16,n_reg,12.8125
W058,raw,rgb,24,f1@0.5,0.5611942693744164
W058,raw,rgb,24,f1@0.75,0.3422225140056022
W058,raw,rgb,24,miou,0.9172333594639756
W058,raw,rgb,24,n_pred,11.5625
W058,raw,rgb,24,n_reg,11.875
W058,raw,rgb,32,f1@0.5,0.564311744434616
W058,raw,rgb,32,f1@0.75,0.4004572552705293
W058,raw,rgb,32,miou,0.922044741662822
W058,raw,rgb,32,n_pred,10.5
W058,raw,rgb,32,n_reg,11.3125
W058,raw,rgb,48,f1@0.5,0.5223531547786578
W058,raw,rgb,48,f1@0.75,0.3122510208230022
W058,raw,rgb,48,miou,0.9174138102877162
W058,raw,rgb,48,n_pred,12.375
W058,raw,rgb,48,n_reg,12.875
W059,merged,depth,4,f1@0.5,0.433044733044733
W059,merged,depth,4,f1@0.75,0.0949494949494949
W059,merged,depth,4,miou,0.4518640793976726
W059,merged,depth,4,n_pred,2.909090909090909
W059,merged,depth,4,n_reg,2.909090909090909
W059,merged,depth,6,f1@0.5,0.4870523415977961
W059,merged,depth,6,f1@0.75,0.3085399449035813
W059,merged,depth,6,miou,0.4586717119252748
W059,merged,depth,6,n_pred,4.090909090909091
W059,merged,depth,6,n_reg,4.454545454545454
W059,merged,depth,8,f1@0.5,0.687603305785124
W059,merged,depth,8,f1@0.75,0.4719926538108356
W059,merged,depth,8,miou,0.5954635561522654
W059,merged,depth,8,n_pred,4.363636363636363
W059,merged,depth,8,n_reg,4.818181818181818
W059,merged,depth,12,f1@0.5,0.6507805325987145
W059,merged,depth,12,f1@0.75,0.2123048668503213
W059,merged,depth,12,miou,0.6560547953900653
W059,merged,depth,12,n_pred,3.909090909090909
W059,merged,depth,12,n_reg,4.0
W059,merged,depth,16,f1@0.5,0.5401744719926538
W059,merged,depth,16,f1@0.75,0.1639577594123048
W059,merged,depth,16,miou,0.5676767844903229
W059,merged,depth,16,n_pred,3.5454545454545454
W059,merged,depth,16,n_reg,3.636363636363636
W059,merged,depth,24,f1@0.5,0.6352617079889807
W059,merged,depth,24,f1@0.75,0.4129476584022038
W059,merged,depth,24,miou,0.5157450967583668
W059,merged,depth,24,n_pred,4.090909090909091
W059,merged,depth,24,n_reg,4.545454545454546
W059,merged,depth,32,f1@0.5,0.6160697887970614
W059,merged,depth,32,f1@0.75,0.4008264462809917
W059,merged,depth,32,miou,0.5480297116300057
W059,merged,depth,32,n_pred,4.545454545454546
W059,merged,depth,32,n_reg,4.636363636363637
W059,merged,depth,48,f1@0.5,0.5492653810835629
W059,merged,depth,48,f1@0.75,0.1659779614325068
W059,merged,depth,48,miou,0.5504222523665013
W059,merged,depth,48,n_pred,3.363636363636364
W059,merged,depth,48,n_reg,3.4545454545454546
W059,merged,normal,4,f1@0.5,0.668870523415978
W059,merged,normal,4,f1@0.75,0.4018365472910927
W059,merged,normal,4,miou,0.383434865045541
W059,merged,normal,4,n_pred,3.1818181818181817
W059,merged,normal,4,n_reg,3.1818181818181817
W059,merged,normal,6,f1@0.5,0.668870523415978
W059,merged,normal,6,f1@0.75,0.4018365472910927
W059,merged,normal,6,miou,0.3821876420771234
W059,merged,normal,6,n_pred,3.1818181818181817
W059,merged,normal,6,n_reg,3.1818181818181817
W059,merged,normal,8,f1@0.5,0.4704184704184703
W059,merged,normal,8,f1@0.75,0.2326839826839826
W059,merged,normal,8,miou,0.3787420201461209
W059,merged,normal,8,n_pred,2.0
W059,merged,normal,8,n_reg,2.0
W059,merged,normal,12,f1@0.5,0.4704184704184703
W059,merged,normal,12,f1@0.75,0.1872294372294372
W059,merged,normal,12,miou,0.3668003040523692
W059,merged,normal,12,n_pred,2.0
W059,merged,normal,12,n_reg,2.0
W059,merged,normal,16,f1@0.5,0.6049586776859504
W059,merged,normal,16,f1@0.75,0.3722681359044995
W059,merged,normal,16,miou,0.3975849136927918
W059,merged,normal,16,n_pred,3.8181818181818175
W059,merged,normal,16,n_reg,3.8181818181818175
W059,merged,normal,24,f1@0.5,0.6049586776859504
W059,merged,normal,24,f1@0.75,0.3722681359044995
W059,merged,normal,24,miou,0.3876475926320044
W059,merged,normal,24,n_pred,3.8181818181818175
W059,merged,normal,24,n_reg,3.8181818181818175
W059,merged,normal,32,f1@0.5,0.6049586776859504
W059,merged,normal,32,f1@0.75,0.3392102846648301
W059,merged,normal,32,miou,0.3856357545005863
W059,merged,normal,32,n_pred,3.8181818181818175
W059,merged,normal,32,n_reg,3.8181818181818175
W059,merged,normal,48,f1@0.5,0.6049586776859504
W059,merged,normal,48,f1@0.75,0.3722681359044995
W059,merged,normal,48,miou,0.4003016402980814
W059,merged,normal,48,n_pred,3.8181818181818175
W059,merged,normal,48,n_reg,3.8181818181818175
W059,merged,rgb,4,f1@0.5,0.7463728191000918
W059,merged,rgb,4,f1@0.75,0.7463728191000918
W059,merged,rgb,4,miou,0.6942972006116226
W059,merged,rgb,4,n_pred,4.0
W059,merged,rgb,4,n_reg,4.0
W059,merged,rgb,6,f1@0.5,0.8690400508582328
W059,merged,rgb,6,f1@0.75,0.7371477007840643
W059,merged,rgb,6,miou,0.8888601456817721
W059,merged,rgb,6,n_pred,5.090909090909091
W059,merged,rgb,6,n_reg,5.090909090909091
W059,merged,rgb,8,f1@0.5,0.8690400508582328
W059,merged,rgb,8,f1@0.75,0.817800381436745
W059,merged,rgb,8,miou,0.913412435107146
W059,merged,rgb,8,n_pred,5.090909090909091
W059,merged,rgb,8,n_reg,5.090909090909091
W059,merged,rgb,12,f1@0.5,0.8731722822631913
W059,merged,rgb,12,f1@0.75,0.8219326128417037
W059,merged,rgb,12,miou,0.911842931776387
W059,merged,rgb,12,n_pred,5.0
W059,merged,rgb,12,n_reg,5.090909090909091
W059,merged,rgb,16,f1@0.5,0.8731722822631913
W059,merged,rgb,16,f1@0.75,0.8079465988556898
W059,merged,rgb,16,miou,0.9046926580078828
W059,merged,rgb,16,n_pred,5.0
W059,merged,rgb,16,n_reg,5.090909090909091
W059,merged,rgb,24,f1@0.5,0.8731722822631913
W059,merged,rgb,24,f1@0.75,0.8079465988556898
W059,merged,rgb,24,miou,0.9090357995875727
W059,merged,rgb,24,n_pred,5.0
W059,merged,rgb,24,n_reg,5.090909090909091
W059,merged,rgb,32,f1@0.5,0.8731722822631913
W059,merged,rgb,32,f1@0.75,0.8079465988556898
W059,merged,rgb,32,miou,0.912553003381004
W059,merged,rgb,32,n_pred,5.0
W059,merged,rgb,32,n_reg,5.090909090909091
W059,merged,rgb,48,f1@0.5,0.8731722822631913
W059,merged,rgb,48,f1@0.75,0.8219326128417037
W059,merged,rgb,48,miou,0.9126656343633186
W059,merged,rgb,48,n_pred,5.0
W059,merged,rgb,48,n_reg,5.090909090909091
W059,raw,depth,4,f1@0.5,0.3936179981634527
W059,raw,depth,4,f1@0.75,0.0859504132231405
W059,raw,depth,4,miou,0.4518640793976726
W059,raw,depth,4,n_pred,3.8181818181818175
W059,raw,depth,4,n_reg,3.8181818181818175
W059,raw,depth,6,f1@0.5,0.3463657554566645
W059,raw,depth,6,f1@0.75,0.2676414494596313
W059,raw,depth,6,miou,0.4586866411732573
W059,raw,depth,6,n_pred,5.545454545454546
W059,raw,depth,6,n_reg,6.0
W059,raw,depth,8,f1@0.5,0.3312687312687312
W059,raw,depth,8,f1@0.75,0.2540792540792541
W059,raw,depth,8,miou,0.5954777367026892
W059,raw,depth,8,n_pred,8.272727272727273
W059,raw,depth,8,n_reg,8.818181818181818
W059,raw,depth,12,f1@0.5,0.2797535797535797
W059,raw,depth,12,f1@0.75,0.0632034632034632
W059,raw,depth,12,miou,0.6560547953900653
W059,raw,depth,12,n_pred,7.727272727272727
W059,raw,depth,12,n_reg,7.818181818181818
W059,raw,depth,16,f1@0.5,0.2256077256077256
W059,raw,depth,16,f1@0.75,0.0259740259740259
W059,raw,depth,16,miou,0.5676767844903229
W059,raw,depth,16,n_pred,6.909090909090909
W059,raw,depth,16,n_reg,7.0
W059,raw,depth,24,f1@0.5,0.3106893106893106
W059,raw,depth,24,f1@0.75,0.2297702297702297
W059,raw,depth,24,miou,0.5157599018551263
W059,raw,depth,24,n_pred,7.454545454545454
W059,raw,depth,24,n_reg,8.0
W059,raw,depth,32,f1@0.5,0.2928987678987679
W059,raw,depth,32,f1@0.75,0.2033466533466533
W059,raw,depth,32,miou,0.5480297116300057
W059,raw,depth,32,n_pred,8.454545454545455
W059,raw,depth,32,n_reg,8.727272727272727
W059,raw,depth,48,f1@0.5,0.2018315018315018
W059,raw,depth,48,f1@0.75,0.0372294372294372
W059,raw,depth,48,miou,0.5504222523665013
W059,raw,depth,48,n_pred,7.454545454545454
W059,raw,depth,48,n_reg,7.818181818181818
W059,raw,normal,4,f1@0.5,0.3988980716253443
W059,raw,normal,4,f1@0.75,0.2176308539944903
W059,raw,normal,4,miou,0.383434865045541
W059,raw,normal,4,n_pred,5.0
W059,raw,normal,4,n_reg,5.0
W059,raw,normal,6,f1@0.5,0.415426997245179
W059,raw,normal,6,f1@0.75,0.2176308539944903
W059,raw,normal,6,miou,0.3821876420771234
W059,raw,normal,6,n_pred,5.0
W059,raw,normal,6,n_reg,5.0
W059,raw,normal,8,f1@0.5,0.4704184704184703
W059,raw,normal,8,f1@0.75,0.2326839826839826
W059,raw,normal,8,miou,0.3787420201461209
W059,raw,normal,8,n_pred,2.0
W059,raw,normal,8,n_reg,2.0
W059,raw,normal,12,f1@0.5,0.3959595959595959
W059,raw,normal,12,f1@0.75,0.0227272727272727
W059,raw,normal,12,miou,0.3668003040523692
W059,raw,normal,12,n_pred,3.0
W059,raw,normal,12,n_reg,3.0
W059,raw,normal,16,f1@0.5,0.3747616020343293
W059,raw,normal,16,f1@0.75,0.1879635515999152
W059,raw,normal,16,miou,0.3975849136927918
W059,raw,normal,16,n_pred,5.818181818181818
W059,raw,normal,16,n_reg,5.909090909090909
W059,raw,normal,24,f1@0.5,0.3747616020343293
W059,raw,normal,24,f1@0.75,0.1879635515999152
W059,raw,normal,24,miou,0.3901117036336632
W059,raw,normal,24,n_pred,5.818181818181818
W059,raw,normal,24,n_reg,5.909090909090909
W059,raw,normal,32,f1@0.5,0.3747616020343293
W059,raw,normal,32,f1@0.75,0.1739775376139012
W059,raw,normal,32,miou,0.3880994245933767
W059,raw,normal,32,n_pred,5.818181818181818
W059,raw,normal,32,n_reg,5.909090909090909
W059,raw,normal,48,f1@0.5,0.3747616020343293
W059,raw,normal,48,f1@0.75,0.1879635515999152
W059,raw,normal,48,miou,0.4003016402980814
W059,raw,normal,48,n_pred,5.818181818181818
W059,raw,normal,48,n_reg,5.909090909090909
W059,raw,rgb,4,f1@0.5,0.7463728191000918
W059,raw,rgb,4,f1@0.75,0.7463728191000918
W059,raw,rgb,4,miou,0.6942972006116226
W059,raw,rgb,4,n_pred,4.0
W059,raw,rgb,4,n_reg,4.0
W059,raw,rgb,6,f1@0.5,0.7361244815790271
W059,raw,rgb,6,f1@0.75,0.5688130051766416
W059,raw,rgb,6,miou,0.8888601456817721
W059,raw,rgb,6,n_pred,7.090909090909091
W059,raw,rgb,6,n_reg,7.818181818181818
W059,raw,rgb,8,f1@0.5,0.6063470842882608
W059,raw,rgb,8,f1@0.75,0.4128851540616246
W059,raw,rgb,8,miou,0.913412435107146
W059,raw,rgb,8,n_pred,9.818181818181818
W059,raw,rgb,8,n_reg,10.636363636363637
W059,raw,rgb,12,f1@0.5,0.6086198115609881
W059,raw,rgb,12,f1@0.75,0.4144003055767761
W059,raw,rgb,12,miou,0.911842931776387
W059,raw,rgb,12,n_pred,9.727272727272728
W059,raw,rgb,12,n_reg,10.636363636363637
W059,raw,rgb,16,f1@0.5,0.6084712672947967
W059,raw,rgb,16,f1@0.75,0.4688269247092776
W059,raw,rgb,16,miou,0.904692844315806
W059,raw,rgb,16,n_pred,9.727272727272728
W059,raw,rgb,16,n_reg,11.363636363636363
W059,raw,rgb,24,f1@0.5,0.5689261031366294
W059,raw,rgb,24,f1@0.75,0.3869617224880383
W059,raw,rgb,24,miou,0.9090359886030194
W059,raw,rgb,24,n_pred,10.727272727272728
W059,raw,rgb,24,n_reg,12.272727272727272
W059,raw,rgb,32,f1@0.5,0.5478210901585515
W059,raw,rgb,32,f1@0.75,0.3607022234731213
W059,raw,rgb,32,miou,0.9125529347462256
W059,raw,rgb,32,n_pred,11.363636363636363
W059,raw,rgb,32,n_reg,13.363636363636363
W059,raw,rgb,48,f1@0.5,0.5582934609250398
W059,raw,rgb,48,f1@0.75,0.3809011164274322
W059,raw,rgb,48,miou,0.9126655635132934
W059,raw,rgb,48,n_pred,11.090909090909092
W059,raw,rgb,48,n_reg,13.363636363636363
W060,merged,depth,4,f1@0.5,0.4966588966588967
W060,merged,depth,4,f1@0.75,0.2501659956205411
W060,merged,depth,4,miou,0.4411511400383471
W060,merged,depth,4,n_pred,3.363636363636364
W060,merged,depth,4,n_reg,3.4545454545454546
W060,merged,depth,6,f1@0.5,0.4966588966588967
W060,merged,depth,6,f1@0.75,0.2501659956205411
W060,merged,depth,6,miou,0.4424266270795323
W060,merged,depth,6,n_pred,3.363636363636364
W060,merged,depth,6,n_reg,3.8181818181818175
W060,merged,depth,8,f1@0.5,0.5808010171646535
W060,merged,depth,8,f1@0.75,0.423931623931624
W060,merged,depth,8,miou,0.5220303372840408
W060,merged,depth,8,n_pred,3.4545454545454546
W060,merged,depth,8,n_reg,4.090909090909091
W060,merged,depth,12,f1@0.5,0.5808010171646535
W060,merged,depth,12,f1@0.75,0.4074026983117891
W060,merged,depth,12,miou,0.5075900026826102
W060,merged,depth,12,n_pred,3.4545454545454546
W060,merged,depth,12,n_reg,4.090909090909091
W060,merged,depth,16,f1@0.5,0.5808010171646535
W060,merged,depth,16,f1@0.75,0.423931623931624
W060,merged,depth,16,miou,0.5199223264181619
W060,merged,depth,16,n_pred,3.4545454545454546
W060,merged,depth,16,n_reg,4.090909090909091
W060,merged,depth,24,f1@0.5,0.5808010171646535
W060,merged,depth,24,f1@0.75,0.423931623931624
W060,merged,depth,24,miou,0.5088631028599855
W060,merged,depth,24,n_pred,3.4545454545454546
W060,merged,depth,24,n_reg,4.0
W060,merged,depth,32,f1@0.5,0.5808010171646535
W060,merged,depth,32,f1@0.75,0.4074026983117891
W060,merged,depth,32,miou,0.5097976880718119
W060,merged,depth,32,n_pred,3.4545454545454546
W060,merged,depth,32,n_reg,4.090909090909091
W060,merged,depth,48,f1@0.5,0.5808010171646535
W060,merged,depth,48,f1@0.75,0.423931623931624
W060,merged,depth,48,miou,0.5128161233389318
W060,merged,depth,48,n_pred,3.4545454545454546
W060,merged,depth,48,n_reg,3.909090909090909
W060,merged,normal,4,f1@0.5,0.390506463233736
W060,merged,normal,4,f1@0.75,0.195253231616868
W060,merged,normal,4,miou,0.3719867631244263
W060,merged,normal,4,n_pred,3.363636363636364
W060,merged,normal,4,n_reg,3.363636363636364
W060,merged,normal,6,f1@0.5,0.5675778766687857
W060,merged,normal,6,f1@0.75,0.3120858939040757
W060,merged,normal,6,miou,0.4764388286588918
W060,merged,normal,6,n_pred,3.363636363636364
W060,merged,normal,6,n_reg,3.363636363636364
W060,merged,normal,8,f1@0.5,0.5675778766687857
W060,merged,normal,8,f1@0.75,0.2790280426644063
W060,merged,normal,8,miou,0.4770246916269483
W060,merged,normal,8,n_pred,3.363636363636364
W060,merged,normal,8,n_reg,3.363636363636364
W060,merged,normal,12,f1@0.5,0.5675778766687857
W060,merged,normal,12,f1@0.75,0.2972098608462245
W060,merged,normal,12,miou,0.4756208999888974
W060,merged,normal,12,n_pred,3.363636363636364
W060,merged,normal,12,n_reg,3.363636363636364
W060,merged,normal,16,f1@0.5,0.5473758564667656
W060,merged,normal,16,f1@0.75,0.2283110828565374
W060,merged,normal,16,miou,0.4513265612544616
W060,merged,normal,16,n_pred,3.363636363636364
W060,merged,normal,16,n_reg,3.363636363636364
W060,merged,normal,24,f1@0.5,0.5675778766687857
W060,merged,normal,24,f1@0.75,0.2283110828565374
W060,merged,normal,24,miou,0.4574737985412783
W060,merged,normal,24,n_pred,3.363636363636364
W060,merged,normal,24,n_reg,3.363636363636364
W060,merged,normal,32,f1@0.5,0.5675778766687857
W060,merged,normal,32,f1@0.75,0.2283110828565374
W060,merged,normal,32,miou,0.4596428566825322
W060,merged,normal,32,n_pred,3.363636363636364
W060,merged,normal,32,n_reg,3.363636363636364
W060,merged,normal,48,f1@0.5,0.5675778766687857
W060,merged,normal,48,f1@0.75,0.2283110828565374
W060,merged,normal,48,miou,0.4604392251130192
W060,merged,normal,48,n_pred,3.363636363636364
W060,merged,normal,48,n_reg,3.363636363636364
W060,merged,rgb,4,f1@0.5,0.6239578603214967
W060,merged,rgb,4,f1@0.75,0.4063936063936064
W060,merged,rgb,4,miou,0.5164274084615029
W060,merged,rgb,4,n_pred,4.818181818181818
W060,merged,rgb,4,n_reg,4.818181818181818
W060,merged,rgb,6,f1@0.5,0.7318772136953956
W060,merged,rgb,6,f1@0.75,0.4654073199527744
W060,merged,rgb,6,miou,0.6406160709950774
W060,merged,rgb,6,n_pred,5.818181818181818
W060,merged,rgb,6,n_reg,5.909090909090909
W060,merged,rgb,8,f1@0.5,0.6860291223927587
W060,merged,rgb,8,f1@0.75,0.4469106650924832
W060,merged,rgb,8,miou,0.6849953443787317
W060,merged,rgb,8,n_pred,5.909090909090909
W060,merged,rgb,8,n_reg,6.090909090909091
W060,merged,rgb,12,f1@0.5,0.6860291223927587
W060,merged,rgb,12,f1@0.75,0.4469106650924832
W060,merged,rgb,12,miou,0.6859373607281131
W060,merged,rgb,12,n_pred,5.909090909090909
W060,merged,rgb,12,n_reg,6.0
W060,merged,rgb,16,f1@0.5,0.7405745769382133
W060,merged,rgb,16,f1@0.75,0.467689885871704
W060,merged,rgb,16,miou,0.6535612304781292
W060,merged,rgb,16,n_pred,6.090909090909091
W060,merged,rgb,16,n_reg,6.2727272727272725
W060,merged,rgb,24,f1@0.5,0.7249901613537978
W060,merged,rgb,24,f1@0.75,0.4598976780794963
W060,merged,rgb,24,miou,0.6433614464729316
W060,merged,rgb,24,n_pred,5.909090909090909
W060,merged,rgb,24,n_reg,6.090909090909091
W060,merged,rgb,32,f1@0.5,0.7249901613537978
W060,merged,rgb,32,f1@0.75,0.4598976780794963
W060,merged,rgb,32,miou,0.6408589777721873
W060,merged,rgb,32,n_pred,5.909090909090909
W060,merged,rgb,32,n_reg,6.181818181818182
W060,merged,rgb,48,f1@0.5,0.7194805194805195
W060,merged,rgb,48,f1@0.75,0.5082251082251082
W060,merged,rgb,48,miou,0.6509684628646085
W060,merged,rgb,48,n_pred,6.0
W060,merged,rgb,48,n_reg,6.090909090909091
W060,raw,depth,4,f1@0.5,0.4541428268700996
W060,raw,depth,4,f1@0.75,0.1969061241788514
W060,raw,depth,4,miou,0.4411511400383471
W060,raw,depth,4,n_pred,4.2727272727272725
W060,raw,depth,4,n_reg,4.545454545454546
W060,raw,depth,6,f1@0.5,0.4425725789362152
W060,raw,depth,6,f1@0.75,0.1924984106802288
W060,raw,depth,6,miou,0.4424495538904025
W060,raw,depth,6,n_pred,4.545454545454546
W060,raw,depth,6,n_reg,5.545454545454546
W060,raw,depth,8,f1@0.5,0.4510731692549874
W060,raw,depth,8,f1@0.75,0.1790996881905973
W060,raw,depth,8,miou,0.5220505827941221
W060,raw,depth,8,n_pred,5.545454545454546
W060,raw,depth,8,n_reg,6.727272727272728
W060,raw,depth,12,f1@0.5,0.4091151272969455
W060,raw,depth,12,f1@0.75,0.1790996881905973
W060,raw,depth,12,miou,0.5075900026826102
W060,raw,depth,12,n_pred,5.545454545454546
W060,raw,depth,12,n_reg,6.727272727272728
W060,raw,depth,16,f1@0.5,0.4703569158114613
W060,raw,depth,16,f1@0.75,0.1804770986589168
W060,raw,depth,16,miou,0.519941034066524
W060,raw,depth,16,n_pred,5.454545454545454
W060,raw,depth,16,n_reg,6.727272727272728
W060,raw,depth,24,f1@0.5,0.4347561529379711
W060,raw,depth,24,f1@0.75,0.1779341870250961
W060,raw,depth,24,miou,0.5088791107224249
W060,raw,depth,24,n_pred,5.636363636363637
W060,raw,depth,24,n_reg,6.727272727272728
W060,raw,depth,32,f1@0.5,0.4131777313595495
W060,raw,depth,32,f1@0.75,0.1750703841612932
W060,raw,depth,32,miou,0.509811424126233
W060,raw,depth,32,n_pred,5.909090909090909
W060,raw,depth,32,n_reg,7.272727272727272
W060,raw,depth,48,f1@0.5,0.4289952471770654
W060,raw,depth,48,f1@0.75,0.1760693851602942
W060,raw,depth,48,miou,0.5128282829381334
W060,raw,depth,48,n_pred,5.818181818181818
W060,raw,depth,48,n_reg,7.272727272727272
W060,raw,normal,4,f1@0.5,0.3673659673659673
W060,raw,normal,4,f1@0.75,0.1836829836829836
W060,raw,normal,4,miou,0.3719867631244263
W060,raw,normal,4,n_pred,4.0
W060,raw,normal,4,n_reg,4.0
W060,raw,normal,6,f1@0.5,0.3438803620621802
W060,raw,normal,6,f1@0.75,0.1593860684769775
W060,raw,normal,6,miou,0.4764388286588918
W060,raw,normal,6,n_pred,5.727272727272728
W060,raw,normal,6,n_reg,5.818181818181818
W060,raw,normal,8,f1@0.5,0.3692640692640692
W060,raw,normal,8,f1@0.75,0.170995670995671
W060,raw,normal,8,miou,0.4770246916269483
W060,raw,normal,8,n_pred,5.818181818181818
W060,raw,normal,8,n_reg,5.818181818181818
W060,raw,normal,12,f1@0.5,0.3720188902007084
W060,raw,normal,12,f1@0.75,0.1723730814639905
W060,raw,normal,12,miou,0.4756208999888974
W060,raw,normal,12,n_pred,5.727272727272728
W060,raw,normal,12,n_reg,5.818181818181818
W060,raw,normal,16,f1@0.5,0.3692640692640692
W060,raw,normal,16,f1@0.75,0.170995670995671
W060,raw,normal,16,miou,0.4513265612544616
W060,raw,normal,16,n_pred,5.818181818181818
W060,raw,normal,16,n_reg,5.909090909090909
W060,raw,normal,24,f1@0.5,0.3844155844155844
W060,raw,normal,24,f1@0.75,0.170995670995671
W060,raw,normal,24,miou,0.4574737985412783
W060,raw,normal,24,n_pred,5.818181818181818
W060,raw,normal,24,n_reg,5.909090909090909
W060,raw,normal,32,f1@0.5,0.3874125874125874
W060,raw,normal,32,f1@0.75,0.171994671994672
W060,raw,normal,32,miou,0.4596428566825322
W060,raw,normal,32,n_pred,5.727272727272728
W060,raw,normal,32,n_reg,5.909090909090909
W060,raw,normal,48,f1@0.5,0.3874125874125874
W060,raw,normal,48,f1@0.75,0.171994671994672
W060,raw,normal,48,miou,0.4604392251130192
W060,raw,normal,48,n_pred,5.727272727272728
W060,raw,normal,48,n_reg,5.909090909090909
W060,raw,rgb,4,f1@0.5,0.6123876123876124
W060,raw,rgb,4,f1@0.75,0.3997820361456725
W060,raw,rgb,4,miou,0.5164274084615029
W060,raw,rgb,4,n_pred,5.0
W060,raw,rgb,4,n_reg,5.0
W060,raw,rgb,6,f1@0.5,0.6254412254412255
W060,raw,rgb,6,f1@0.75,0.3722277722277722
W060,raw,rgb,6,miou,0.6406254165326145
W060,raw,rgb,6,n_pred,7.272727272727272
W060,raw,rgb,6,n_reg,7.636363636363637
W060,raw,rgb,8,f1@0.5,0.5616285675109205
W060,raw,rgb,8,f1@0.75,0.344650447591624
W060,raw,rgb,8,miou,0.6850040632031785
W060,raw,rgb,8,n_pred,8.0
W060,raw,rgb,8,n_reg,8.545454545454545
W060,raw,rgb,12,f1@0.5,0.5847485847485848
W060,raw,rgb,12,f1@0.75,0.3575091575091575
W060,raw,rgb,12,miou,0.6859460765295461
W060,raw,rgb,12,n_pred,7.363636363636363
W060,raw,rgb,12,n_reg,7.727272727272727
W060,raw,rgb,16,f1@0.5,0.6042756263344499
W060,raw,rgb,16,f1@0.75,0.3588215705862764
W060,raw,rgb,16,miou,0.6535698132155914
W060,raw,rgb,16,n_pred,8.363636363636363
W060,raw,rgb,16,n_reg,8.909090909090908
W060,raw,rgb,24,f1@0.5,0.5855590487943428
W060,raw,rgb,24,f1@0.75,0.3494632818162229
W060,raw,rgb,24,miou,0.6433700126223321
W060,raw,rgb,24,n_pred,8.272727272727273
W060,raw,rgb,24,n_reg,8.727272727272727
W060,raw,rgb,32,f1@0.5,0.5855590487943428
W060,raw,rgb,32,f1@0.75,0.3373420696950109
W060,raw,rgb,32,miou,0.6408653041120186
W060,raw,rgb,32,n_pred,8.272727272727273
W060,raw,rgb,32,n_reg,8.727272727272727
W060,raw,rgb,48,f1@0.5,0.5347007223942208
W060,raw,rgb,48,f1@0.75,0.3071097976670732
W060,raw,rgb,48,miou,0.6509766736255744
W060,raw,rgb,48,n_pred,9.727272727272728
W060,raw,rgb,48,n_reg,10.545454545454543
W061,merged,depth,4,f1@0.5,0.5983755375059723
W061,merged,depth,4,f1@0.75,0.3167151688890819
W061,merged,depth,4,miou,0.4998543979865629
W061,merged,depth,4,n_pred,4.3478260869565215
W061,merged,depth,4,n_reg,4.782608695652174
W061,merged,depth,6,f1@0.5,0.6665334665334666
W061,merged,depth,6,f1@0.75,0.4979431196822501
W061,merged,depth,6,miou,0.5581787446621483
W061,merged,depth,6,n_pred,4.086956521739131
W061,merged,depth,6,n_reg,4.130434782608695
W061,merged,depth,8,f1@0.5,0.6057333970377449
W061,merged,depth,8,f1@0.75,0.3187961796657448
W061,merged,depth,8,miou,0.4976177935565981
W061,merged,depth,8,n_pred,4.217391304347826
W061,merged,depth,8,n_reg,4.391304347826087
W061,merged,depth,12,f1@0.5,0.6028348463131072
W061,merged,depth,12,f1@0.75,0.3178299960908656
W061,merged,depth,12,miou,0.4979773737252682
W061,merged,depth,12,n_pred,4.260869565217392
W061,merged,depth,12,n_reg,4.391304347826087
W061,merged,depth,16,f1@0.5,0.6186586360499404
W061,merged,depth,16,f1@0.75,0.3218771566597653
W061,merged,depth,16,miou,0.4987119110021332
W061,merged,depth,16,n_pred,4.086956521739131
W061,merged,depth,16,n_reg,4.608695652173913
W061,merged,depth,24,f1@0.5,0.6057333970377449
W061,merged,depth,24,f1@0.75,0.3187961796657448
W061,merged,depth,24,miou,0.4977580839447566
W061,merged,depth,24,n_pred,4.217391304347826
W061,merged,depth,24,n_reg,4.3478260869565215
W061,merged,depth,32,f1@0.5,0.6028348463131072
W061,merged,depth,32,f1@0.75,0.3178299960908656
W061,merged,depth,32,miou,0.4986111155090286
W061,merged,depth,32,n_pred,4.260869565217392
W061,merged,depth,32,n_reg,4.434782608695652
W061,merged,depth,48,f1@0.5,0.6598445033227641
W061,merged,depth,48,f1@0.75,0.4750891620456837
W061,merged,depth,48,miou,0.5584186950894228
W061,merged,depth,48,n_pred,3.9565217391304346
W061,merged,depth,48,n_reg,4.043478260869565
W061,merged,normal,4,f1@0.5,0.5247187595013681
W061,merged,normal,4,f1@0.75,0.2964899834465052
W061,merged,normal,4,miou,0.4696266448201184
W061,merged,normal,4,n_pred,3.9130434782608696
W061,merged,normal,4,n_reg,3.9565217391304346
W061,merged,normal,6,f1@0.5,0.5188777406168711
W061,merged,normal,6,f1@0.75,0.3091821222256005
W061,merged,normal,6,miou,0.4702260812446172
W061,merged,normal,6,n_pred,4.043478260869565
W061,merged,normal,6,n_reg,4.173913043478261
W061,merged,normal,8,f1@0.5,0.5974083887127365
W061,merged,normal,8,f1@0.75,0.3086927565188435
W061,merged,normal,8,miou,0.5019153971891871
W061,merged,normal,8,n_pred,4.608695652173913
W061,merged,normal,8,n_reg,4.826086956521739
W061,merged,normal,12,f1@0.5,0.6046142263533568
W061,merged,normal,12,f1@0.75,0.3058801102279363
W061,merged,normal,12,miou,0.500767793896613
W061,merged,normal,12,n_pred,4.478260869565218
W061,merged,normal,12,n_reg,4.695652173913044
W061,merged,normal,16,f1@0.5,0.6356209008382921
W061,merged,normal,16,f1@0.75,0.310152649283084
W061,merged,normal,16,miou,0.5024231759286639
W061,merged,normal,16,n_pred,4.304347826086956
W061,merged,normal,16,n_reg,4.391304347826087
W061,merged,normal,24,f1@0.5,0.6159796725014116
W061,merged,normal,24,f1@0.75,0.3119262380131945
W061,merged,normal,24,miou,0.5011886560887564
W061,merged,normal,24,n_pred,4.260869565217392
W061,merged,normal,24,n_reg,4.3478260869565215
W061,merged,normal,32,f1@0.5,0.6623651710608233
W061,merged,normal,32,f1@0.75,0.3778839517969952
W061,merged,normal,32,miou,0.5305448202114469
W061,merged,normal,32,n_pred,4.086956521739131
W061,merged,normal,32,n_reg,4.217391304347826
W061,merged,normal,48,f1@0.5,0.6623651710608233
W061,merged,normal,48,f1@0.75,0.3789191484843658
W061,merged,normal,48,miou,0.5317964990178082
W061,merged,normal,48,n_pred,4.086956521739131
W061,merged,normal,48,n_reg,4.173913043478261
W061,merged,rgb,4,f1@0.5,0.8254944331031288
W061,merged,rgb,4,f1@0.75,0.5362941406419667
W061,merged,rgb,4,miou,0.7125824425449924
W061,merged,rgb,4,n_pred,5.782608695652174
W061,merged,rgb,4,n_reg,5.826086956521739
W061,merged,rgb,6,f1@0.5,0.8332602180428267
W061,merged,rgb,6,f1@0.75,0.6376688528862442
W061,merged,rgb,6,miou,0.7414054593525745
W061,merged,rgb,6,n_pred,5.652173913043479
W061,merged,rgb,6,n_reg,5.695652173913044
W061,merged,rgb,8,f1@0.5,0.8511007108833195
W061,merged,rgb,8,f1@0.75,0.7477171379345293
W061,merged,rgb,8,miou,0.7747642919298315
W061,merged,rgb,8,n_pred,5.869565217391305
W061,merged,rgb,8,n_reg,6.086956521739131
W061,merged,rgb,12,f1@0.5,0.8484656647700126
W061,merged,rgb,12,f1@0.75,0.7450820918212223
W061,merged,rgb,12,miou,0.7779383818623752
W061,merged,rgb,12,n_pred,5.913043478260869
W061,merged,rgb,12,n_reg,6.043478260869565
W061,merged,rgb,16,f1@0.5,0.9315236766643415
W061,merged,rgb,16,f1@0.75,0.8243603370201835
W061,merged,rgb,16,miou,0.8862878955962993
W061,merged,rgb,16,n_pred,6.782608695652174
W061,merged,rgb,16,n_reg,6.913043478260869
W061,merged,rgb,24,f1@0.5,0.8511007108833195
W061,merged,rgb,24,f1@0.75,0.7398119995946083
W061,merged,rgb,24,miou,0.7743478313805707
W061,merged,rgb,24,n_pred,5.869565217391305
W061,merged,rgb,24,n_reg,6.043478260869565
W061,merged,rgb,32,f1@0.5,0.8106172812694552
W061,merged,rgb,32,f1@0.75,0.6864566592827462
W061,merged,rgb,32,miou,0.756526791810575
W061,merged,rgb,32,n_pred,5.826086956521739
W061,merged,rgb,32,n_reg,6.043478260869565
W061,merged,rgb,48,f1@0.5,0.8190494288320376
W061,merged,rgb,48,f1@0.75,0.6911997422866988
W061,merged,rgb,48,miou,0.7565749297015959
W061,merged,rgb,48,n_pred,5.869565217391305
W061,merged,rgb,48,n_reg,6.043478260869565
W061,raw,depth,4,f1@0.5,0.5074774259556868
W061,raw,depth,4,f1@0.75,0.2466458662110836
W061,raw,depth,4,miou,0.4998543979865629
W061,raw,depth,4,n_pred,5.217391304347826
W061,raw,depth,4,n_reg,6.217391304347826
W061,raw,depth,6,f1@0.5,0.5537107819716516
W061,raw,depth,6,f1@0.75,0.2754908135342918
W061,raw,depth,6,miou,0.5583682231522484
W061,raw,depth,6,n_pred,5.913043478260869
W061,raw,depth,6,n_reg,6.3478260869565215
W061,raw,depth,8,f1@0.5,0.5067013903970425
W061,raw,depth,8,f1@0.75,0.245302282258804
W061,raw,depth,8,miou,0.4976177935565981
W061,raw,depth,8,n_pred,5.217391304347826
W061,raw,depth,8,n_reg,5.739130434782608
W061,raw,depth,12,f1@0.5,0.5103441244745592
W061,raw,depth,12,f1@0.75,0.2471236492975623
W061,raw,depth,12,miou,0.4979773737252682
W061,raw,depth,12,n_pred,5.130434782608695
W061,raw,depth,12,n_reg,5.869565217391305
W061,raw,depth,16,f1@0.5,0.5105114550127338
W061,raw,depth,16,f1@0.75,0.2472863595625744
W061,raw,depth,16,miou,0.4988730601484869
W061,raw,depth,16,n_pred,5.173913043478261
W061,raw,depth,16,n_reg,6.695652173913044
W061,raw,depth,24,f1@0.5,0.5119251521425435
W061,raw,depth,24,f1@0.75,0.2479141631315544
W061,raw,depth,24,miou,0.4977580839447566
W061,raw,depth,24,n_pred,5.086956521739131
W061,raw,depth,24,n_reg,5.826086956521739
W061,raw,depth,32,f1@0.5,0.5103441244745592
W061,raw,depth,32,f1@0.75,0.2471236492975623
W061,raw,depth,32,miou,0.4986111155090286
W061,raw,depth,32,n_pred,5.130434782608695
W061,raw,depth,32,n_reg,5.826086956521739
W061,raw,depth,48,f1@0.5,0.5332939864909174
W061,raw,depth,48,f1@0.75,0.2700138735944362
W061,raw,depth,48,miou,0.55856024101737
W061,raw,depth,48,n_pred,5.869565217391305
W061,raw,depth,48,n_reg,6.913043478260869
W061,raw,normal,4,f1@0.5,0.4625432538476016
W061,raw,normal,4,f1@0.75,0.2581071102810233
W061,raw,normal,4,miou,0.4696266448201184
W061,raw,normal,4,n_pred,5.217391304347826
W061,raw,normal,4,n_reg,5.3478260869565215
W061,raw,normal,6,f1@0.5,0.3535511589859416
W061,raw,normal,6,f1@0.75,0.2520005356961878
W061,raw,normal,6,miou,0.4704242351621185
W061,raw,normal,6,n_pred,6.217391304347826
W061,raw,normal,6,n_reg,6.608695652173913
W061,raw,normal,8,f1@0.5,0.338531176127084
W061,raw,normal,8,f1@0.75,0.2339363393071833
W061,raw,normal,8,miou,0.5020981496617319
W061,raw,normal,8,n_pred,7.565217391304348
W061,raw,normal,8,n_reg,8.08695652173913
W061,raw,normal,12,f1@0.5,0.3294619837021237
W061,raw,normal,12,f1@0.75,0.2236271132286746
W061,raw,normal,12,miou,0.5009540116371708
W061,raw,normal,12,n_pred,8.0
W061,raw,normal,12,n_reg,8.956521739130435
W061,raw,normal,16,f1@0.5,0.3962334314703408
W061,raw,normal,16,f1@0.75,0.2222780786315582
W061,raw,normal,16,miou,0.5026063068630903
W061,raw,normal,16,n_pred,8.043478260869565
W061,raw,normal,16,n_reg,8.73913043478261
W061,raw,normal,24,f1@0.5,0.3208509584670575
W061,raw,normal,24,f1@0.75,0.2176571667216437
W061,raw,normal,24,miou,0.5013753499994695
W061,raw,normal,24,n_pred,8.391304347826088
W061,raw,normal,24,n_reg,9.043478260869565
W061,raw,normal,32,f1@0.5,0.3258097535793053
W061,raw,normal,32,f1@0.75,0.2220775313587266
W061,raw,normal,32,miou,0.5307308498436774
W061,raw,normal,32,n_pred,8.391304347826088
W061,raw,normal,32,n_reg,9.08695652173913
W061,raw,normal,48,f1@0.5,0.3187993674263697
W061,raw,normal,48,f1@0.75,0.2118453225331674
W061,raw,normal,48,miou,0.5319829321768859
W061,raw,normal,48,n_pred,8.826086956521738
W061,raw,normal,48,n_reg,9.782608695652174
W061,raw,rgb,4,f1@0.5,0.5996437705516989
W061,raw,rgb,4,f1@0.75,0.3425425242560792
W061,raw,rgb,4,miou,0.7125824425449924
W061,raw,rgb,4,n_pred,8.565217391304348
W061,raw,rgb,4,n_reg,8.652173913043478
W061,raw,rgb,6,f1@0.5,0.5227515966781009
W061,raw,rgb,6,f1@0.75,0.2921894792065744
W061,raw,rgb,6,miou,0.7416221091312797
W061,raw,rgb,6,n_pred,10.347826086956522
W061,raw,rgb,6,n_reg,11.173913043478262
W061,raw,rgb,8,f1@0.5,0.4172209425673231
W061,raw,rgb,8,f1@0.75,0.194554409722874
W061,raw,rgb,8,miou,0.7750087159521344
W061,raw,rgb,8,n_pred,13.956521739130435
W061,raw,rgb,8,n_reg,15.043478260869565
W061,raw,rgb,12,f1@0.5,0.4725501085642306
W061,raw,rgb,12,f1@0.75,0.290497561978158
W061,raw,rgb,12,miou,0.7781227497389355
W061,raw,rgb,12,n_pred,12.347826086956522
W061,raw,rgb,12,n_reg,13.608695652173912
W061,raw,rgb,16,f1@0.5,0.5070512505150557
W061,raw,rgb,16,f1@0.75,0.3369075403635617
W061,raw,rgb,16,miou,0.8864520109488024
W061,raw,rgb,16,n_pred,14.130434782608695
W061,raw,rgb,16,n_reg,15.869565217391305
W061,raw,rgb,24,f1@0.5,0.4095868771151301
W061,raw,rgb,24,f1@0.75,0.2563733069511833
W061,raw,rgb,24,miou,0.7745328285944595
W061,raw,rgb,24,n_pred,15.0
W061,raw,rgb,24,n_reg,17.347826086956523
W061,raw,rgb,32,f1@0.5,0.3883667370484602
W061,raw,rgb,32,f1@0.75,0.2470005985347742
W061,raw,rgb,32,miou,0.7567114778096794
W061,raw,rgb,32,n_pred,15.043478260869565
W061,raw,rgb,32,n_reg,17.608695652173914
W061,raw,rgb,48,f1@0.5,0.4023100809080547
W061,raw,rgb,48,f1@0.75,0.2616578981979556
W061,raw,rgb,48,miou,0.756759752892896
W061,raw,rgb,48,n_pred,14.08695652173913
W061,raw,rgb,48,n_reg,15.826086956521738
W062,merged,depth,4,f1@0.5,0.3556818181818182
W062,merged,depth,4,f1@0.75,0.1958333333333333
W062,merged,depth,4,miou,0.3563167111681957
W062,merged,depth,4,n_pred,3.0416666666666665
W062,merged,depth,4,n_reg,3.0416666666666665
W062,merged,depth,6,f1@0.5,0.3513500388500388
W062,merged,depth,6,f1@0.75,0.3031759906759906
W062,merged,depth,6,miou,0.3693106443353329
W062,merged,depth,6,n_pred,3.875
W062,merged,depth,6,n_reg,3.875
W062,merged,depth,8,f1@0.5,0.3513500388500388
W062,merged,depth,8,f1@0.75,0.3101204351204351
W062,merged,depth,8,miou,0.3693315058723152
W062,merged,depth,8,n_pred,3.875
W062,merged,depth,8,n_reg,3.875
W062,merged,depth,12,f1@0.5,0.377978502978503
W062,merged,depth,12,f1@0.75,0.3101204351204351
W062,merged,depth,12,miou,0.3799361718596426
W062,merged,depth,12,n_pred,3.875
W062,merged,depth,12,n_reg,3.9166666666666665
W062,merged,depth,16,f1@0.5,0.3513500388500388
W062,merged,depth,16,f1@0.75,0.3031759906759906
W062,merged,depth,16,miou,0.370311364721672
W062,merged,depth,16,n_pred,3.875
W062,merged,depth,16,n_reg,3.9166666666666665
W062,merged,depth,24,f1@0.5,0.3513500388500388
W062,merged,depth,24,f1@0.75,0.3031759906759906
W062,merged,depth,24,miou,0.369936514752863
W062,merged,depth,24,n_pred,3.875
W062,merged,depth,24,n_reg,3.9166666666666665
W062,merged,depth,32,f1@0.5,0.3513500388500388
W062,merged,depth,32,f1@0.75,0.3101204351204351
W062,merged,depth,32,miou,0.371149553778265
W062,merged,depth,32,n_pred,3.875
W062,merged,depth,32,n_reg,3.875
W062,merged,depth,48,f1@0.5,0.4247927997927997
W062,merged,depth,48,f1@0.75,0.314005439005439
W062,merged,depth,48,miou,0.4124996089396651
W062,merged,depth,48,n_pred,3.9583333333333335
W062,merged,depth,48,n_reg,3.9583333333333335
W062,merged,normal,4,f1@0.5,0.5659155659155659
W062,merged,normal,4,f1@0.75,0.3747571872571872
W062,merged,normal,4,miou,0.4926285543045983
W062,merged,normal,4,n_pred,3.1666666666666665
W062,merged,normal,4,n_reg,3.1666666666666665
W062,merged,normal,6,f1@0.5,0.6704476079476079
W062,merged,normal,6,f1@0.75,0.5815989565989567
W062,merged,normal,6,miou,0.6021982737177182
W062,merged,normal,6,n_pred,3.9583333333333335
W062,merged,normal,6,n_reg,3.9583333333333335
W062,merged,normal,8,f1@0.5,0.7760912698412699
W062,merged,normal,8,f1@0.75,0.6813339438339439
W062,merged,normal,8,miou,0.7316225640293231
W062,merged,normal,8,n_pred,5.083333333333333
W062,merged,normal,8,n_reg,5.333333333333333
W062,merged,normal,12,f1@0.5,0.7771062271062271
W062,merged,normal,12,f1@0.75,0.6811202686202686
W062,merged,normal,12,miou,0.7232419378205434
W062,merged,normal,12,n_pred,4.958333333333333
W062,merged,normal,12,n_reg,4.958333333333333
W062,merged,normal,16,f1@0.5,0.6679223554223555
W062,merged,normal,16,f1@0.75,0.422096422096422
W062,merged,normal,16,miou,0.5736438107954605
W062,merged,normal,16,n_pred,4.0
W062,merged,normal,16,n_reg,4.0
W062,merged,normal,24,f1@0.5,0.7771062271062271
W062,merged,normal,24,f1@0.75,0.6755647130647131
W062,merged,normal,24,miou,0.7232859357957128
W062,merged,normal,24,n_pred,4.958333333333333
W062,merged,normal,24,n_reg,4.958333333333333
W062,merged,normal,32,f1@0.5,0.7771062271062271
W062,merged,normal,32,f1@0.75,0.6866758241758242
W062,merged,normal,32,miou,0.7240507157955071
W062,merged,normal,32,n_pred,4.958333333333333
W062,merged,normal,32,n_reg,4.958333333333333
W062,merged,normal,48,f1@0.5,0.7771062271062271
W062,merged,normal,48,f1@0.75,0.6802655677655678
W062,merged,normal,48,miou,0.720855721693686
W062,merged,normal,48,n_pred,4.958333333333333
W062,merged,normal,48,n_reg,4.958333333333333
W062,merged,rgb,4,f1@0.5,0.67995337995338
W062,merged,rgb,4,f1@0.75,0.5273365523365524
W062,merged,rgb,4,miou,0.6479596465206532
W062,merged,rgb,4,n_pred,4.958333333333333
W062,merged,rgb,4,n_reg,5.0
W062,merged,rgb,6,f1@0.5,0.8603663697413698
W062,merged,rgb,6,f1@0.75,0.8233148795648796
W062,merged,rgb,6,miou,0.8380551285554052
W062,merged,rgb,6,n_pred,5.875
W062,merged,rgb,6,n_reg,5.916666666666667
W062,merged,rgb,8,f1@0.5,0.7842032967032968
W062,merged,rgb,8,f1@0.75,0.759416971916972
W062,merged,rgb,8,miou,0.7469148156105191
W062,merged,rgb,8,n_pred,4.958333333333333
W062,merged,rgb,8,n_reg,4.958333333333333
W062,merged,rgb,12,f1@0.5,0.8667361641626347
W062,merged,rgb,12,f1@0.75,0.7564770605211781
W062,merged,rgb,12,miou,0.8731597772766769
W062,merged,rgb,12,n_pred,6.875
W062,merged,rgb,12,n_reg,6.875
W062,merged,rgb,16,f1@0.5,0.8612959752665635
W062,merged,rgb,16,f1@0.75,0.7567881464940288
W062,merged,rgb,16,miou,0.8614476891320065
W062,merged,rgb,16,n_pred,6.875
W062,merged,rgb,16,n_reg,6.916666666666667
W062,merged,rgb,24,f1@0.5,0.8487959752665635
W062,merged,rgb,24,f1@0.75,0.6707762417321241
W062,merged,rgb,24,miou,0.8156728887881028
W062,merged,rgb,24,n_pred,6.875
W062,merged,rgb,24,n_reg,6.916666666666667
W062,merged,rgb,32,f1@0.5,0.8612959752665635
W062,merged,rgb,32,f1@0.75,0.6666095750654574
W062,merged,rgb,32,miou,0.8152985018415358
W062,merged,rgb,32,n_pred,6.875
W062,merged,rgb,32,n_reg,6.916666666666667
W062,merged,rgb,48,f1@0.5,0.8525838540544424
W062,merged,rgb,48,f1@0.75,0.7619649141707966
W062,merged,rgb,48,miou,0.8586355275070435
W062,merged,rgb,48,n_pred,6.916666666666667
W062,merged,rgb,48,n_reg,6.958333333333333
W062,raw,depth,4,f1@0.5,0.2233100233100233
W062,raw,depth,4,f1@0.75,0.1795260295260295
W062,raw,depth,4,miou,0.3563167111681957
W062,raw,depth,4,n_pred,4.0
W062,raw,depth,4,n_reg,4.0
W062,raw,depth,6,f1@0.5,0.3049247049247049
W062,raw,depth,6,f1@0.75,0.2797415547415547
W062,raw,depth,6,miou,0.3699215388019048
W062,raw,depth,6,n_pred,4.833333333333333
W062,raw,depth,6,n_reg,4.875
W062,raw,depth,8,f1@0.5,0.3049247049247049
W062,raw,depth,8,f1@0.75,0.2861518111518111
W062,raw,depth,8,miou,0.3699512532858824
W062,raw,depth,8,n_pred,4.833333333333333
W062,raw,depth,8,n_reg,4.875
W062,raw,depth,12,f1@0.5,0.2950910200910201
W062,raw,depth,12,f1@0.75,0.2758602508602508
W062,raw,depth,12,miou,0.3805696101177261
W062,raw,depth,12,n_pred,5.291666666666667
W062,raw,depth,12,n_reg,5.708333333333333
W062,raw,depth,16,f1@0.5,0.2911283161283161
W062,raw,depth,16,f1@0.75,0.2668609168609168
W062,raw,depth,16,miou,0.3708986978376847
W062,raw,depth,16,n_pred,5.458333333333333
W062,raw,depth,16,n_reg,5.75
W062,raw,depth,24,f1@0.5,0.2946275946275946
W062,raw,depth,24,f1@0.75,0.2699023199023199
W062,raw,depth,24,miou,0.3705350988916493
W062,raw,depth,24,n_pred,5.291666666666667
W062,raw,depth,24,n_reg,5.625
W062,raw,depth,32,f1@0.5,0.2869158619158619
W062,raw,depth,32,f1@0.75,0.2694555444555445
W062,raw,depth,32,miou,0.3724815622742425
W062,raw,depth,32,n_pred,5.625
W062,raw,depth,32,n_reg,5.875
W062,raw,depth,48,f1@0.5,0.2815184815184815
W062,raw,depth,48,f1@0.75,0.264058164058164
W062,raw,depth,48,miou,0.4121598863983979
W062,raw,depth,48,n_pred,5.875
W062,raw,depth,48,n_reg,5.875
W062,raw,normal,4,f1@0.5,0.453497890997891
W062,raw,normal,4,f1@0.75,0.1762015762015762
W062,raw,normal,4,miou,0.4926285543045983
W062,raw,normal,4,n_pred,5.083333333333333
W062,raw,normal,4,n_reg,5.166666666666667
W062,raw,normal,6,f1@0.5,0.5559412809412809
W062,raw,normal,6,f1@0.75,0.2393328893328893
W062,raw,normal,6,miou,0.6021982737177182
W062,raw,normal,6,n_pred,5.875
W062,raw,normal,6,n_reg,5.958333333333333
W062,raw,normal,8,f1@0.5,0.6528244631185808
W062,raw,normal,8,f1@0.75,0.3459558823529411
W062,raw,normal,8,miou,0.7316225640293231
W062,raw,normal,8,n_pred,7.041666666666667
W062,raw,normal,8,n_reg,7.333333333333333
W062,raw,normal,12,f1@0.5,0.6337272408963585
W062,raw,normal,12,f1@0.75,0.3303308823529411
W062,raw,normal,12,miou,0.7232419378205434
W062,raw,normal,12,n_pred,7.0
W062,raw,normal,12,n_reg,7.208333333333333
W062,raw,normal,16,f1@0.5,0.5543179043179043
W062,raw,normal,16,f1@0.75,0.2103646353646353
W062,raw,normal,16,miou,0.5736438107954605
W062,raw,normal,16,n_pred,5.875
W062,raw,normal,16,n_reg,5.875
W062,raw,normal,24,f1@0.5,0.6489058123249299
W062,raw,normal,24,f1@0.75,0.3356471755368814
W062,raw,normal,24,miou,0.7232859357957128
W062,raw,normal,24,n_pred,7.041666666666667
W062,raw,normal,24,n_reg,7.083333333333333
W062,raw,normal,32,f1@0.5,0.6548115079365079
W062,raw,normal,32,f1@0.75,0.3547619047619048
W062,raw,normal,32,miou,0.7240507157955071
W062,raw,normal,32,n_pred,6.875
W062,raw,normal,32,n_reg,6.875
W062,raw,normal,48,f1@0.5,0.6548115079365079
W062,raw,normal,48,f1@0.75,0.3328869047619047
W062,raw,normal,48,miou,0.720855721693686
W062,raw,normal,48,n_pred,6.875
W062,raw,normal,48,n_reg,6.875
W062,raw,rgb,4,f1@0.5,0.5040254884004884
W062,raw,rgb,4,f1@0.75,0.3831883394383394
W062,raw,rgb,4,miou,0.6479596465206532
W062,raw,rgb,4,n_pred,6.875
W062,raw,rgb,4,n_reg,6.916666666666667
W062,raw,rgb,6,f1@0.5,0.7502008816347052
W062,raw,rgb,6,f1@0.75,0.5585119945414063
W062,raw,rgb,6,miou,0.8380551285554052
W062,raw,rgb,6,n_pred,7.833333333333333
W062,raw,rgb,6,n_reg,7.875
W062,raw,rgb,8,f1@0.5,0.4761910904712762
W062,raw,rgb,8,f1@0.75,0.3104689829148033
W062,raw,rgb,8,miou,0.7469148156105191
W062,raw,rgb,8,n_pred,10.083333333333334
W062,raw,rgb,8,n_reg,10.666666666666666
W062,raw,rgb,12,f1@0.5,0.6366637963000191
W062,raw,rgb,12,f1@0.75,0.3603839701749918
W062,raw,rgb,12,miou,0.8731597772766769
W062,raw,rgb,12,n_pred,11.833333333333334
W062,raw,rgb,12,n_reg,12.5
W062,raw,rgb,16,f1@0.5,0.5268686634386089
W062,raw,rgb,16,f1@0.75,0.3340930050509906
W062,raw,rgb,16,miou,0.8614476891320065
W062,raw,rgb,16,n_pred,13.541666666666666
W062,raw,rgb,16,n_reg,13.833333333333334
W062,raw,rgb,24,f1@0.5,0.5424937631884227
W062,raw,rgb,24,f1@0.75,0.3516657852667915
W062,raw,rgb,24,miou,0.8156728887881028
W062,raw,rgb,24,n_pred,12.708333333333334
W062,raw,rgb,24,n_reg,12.833333333333334
W062,raw,rgb,32,f1@0.5,0.5230580107363658
W062,raw,rgb,32,f1@0.75,0.32349584969554
W062,raw,rgb,32,miou,0.8152985018415358
W062,raw,rgb,32,n_pred,14.0
W062,raw,rgb,32,n_reg,14.333333333333334
W062,raw,rgb,48,f1@0.5,0.4996679363098127
W062,raw,rgb,48,f1@0.75,0.3222889238907545
W062,raw,rgb,48,miou,0.8586355275070435
W062,raw,rgb,48,n_pred,14.666666666666666
W062,raw,rgb,48,n_reg,14.791666666666666
W063,merged,depth,4,f1@0.5,0.2052490719157386
W063,merged,depth,4,f1@0.75,0.1970186192408414
W063,merged,depth,4,miou,0.265083917413514
W063,merged,depth,4,n_pred,2.592592592592593
W063,merged,depth,4,n_reg,2.592592592592593
W063,merged,depth,6,f1@0.5,0.3318804652137985
W063,merged,depth,6,f1@0.75,0.1981730203952426
W063,merged,depth,6,miou,0.3477423541148957
W063,merged,depth,6,n_pred,3.111111111111111
W063,merged,depth,6,n_reg,3.111111111111111
W063,merged,depth,8,f1@0.5,0.3864736086958309
W063,merged,depth,8,f1@0.75,0.2913239024350135
W063,merged,depth,8,miou,0.3730535231503338
W063,merged,depth,8,n_pred,4.074074074074074
W063,merged,depth,8,n_reg,4.148148148148148
W063,merged,depth,12,f1@0.5,0.364861475972587
W063,merged,depth,12,f1@0.75,0.2913239024350135
W063,merged,depth,12,miou,0.3711064844537837
W063,merged,depth,12,n_pred,4.074074074074074
W063,merged,depth,12,n_reg,4.148148148148148
W063,merged,depth,16,f1@0.5,0.3871790760679649
W063,merged,depth,16,f1@0.75,0.2920293698071476
W063,merged,depth,16,miou,0.3710065533824129
W063,merged,depth,16,n_pred,4.037037037037037
W063,merged,depth,16,n_reg,4.111111111111111
W063,merged,depth,24,f1@0.5,0.3861430750319639
W063,merged,depth,24,f1@0.75,0.2920293698071476
W063,merged,depth,24,miou,0.3718196941981142
W063,merged,depth,24,n_pred,4.037037037037037
W063,merged,depth,24,n_reg,4.111111111111111
W063,merged,depth,32,f1@0.5,0.3871790760679649
W063,merged,depth,32,f1@0.75,0.2920293698071476
W063,merged,depth,32,miou,0.3711862160822792
W063,merged,depth,32,n_pred,4.037037037037037
W063,merged,depth,32,n_reg,4.111111111111111
W063,merged,depth,48,f1@0.5,0.1699835144279589
W063,merged,depth,48,f1@0.75,0.1252541696986141
W063,merged,depth,48,miou,0.1851373214862789
W063,merged,depth,48,n_pred,3.6296296296296298
W063,merged,depth,48,n_reg,3.7777777777777777
W063,merged,normal,4,f1@0.5,0.6155067155067155
W063,merged,normal,4,f1@0.75,0.3547769103324659
W063,merged,normal,4,miou,0.5053132175459276
W063,merged,normal,4,n_pred,4.148148148148148
W063,merged,normal,4,n_reg,4.185185185185185
W063,merged,normal,6,f1@0.5,0.6849579432912767
W063,merged,normal,6,f1@0.75,0.3851309184642518
W063,merged,normal,6,miou,0.5870647229823484
W063,merged,normal,6,n_pred,5.111111111111111
W063,merged,normal,6,n_reg,5.111111111111111
W063,merged,normal,8,f1@0.5,0.7193359110025777
W063,merged,normal,8,f1@0.75,0.4138108804775471
W063,merged,normal,8,miou,0.5888998001293986
W063,merged,normal,8,n_pred,5.111111111111111
W063,merged,normal,8,n_reg,5.111111111111111
W063,merged,normal,12,f1@0.5,0.6802219385552719
W063,merged,normal,12,f1@0.75,0.3992106658773325
W063,merged,normal,12,miou,0.5897172143274019
W063,merged,normal,12,n_pred,5.592592592592593
W063,merged,normal,12,n_reg,5.7407407407407405
W063,merged,normal,16,f1@0.5,0.6926971176971177
W063,merged,normal,16,f1@0.75,0.4017513350846684
W063,merged,normal,16,miou,0.5907777510950144
W063,merged,normal,16,n_pred,5.518518518518518
W063,merged,normal,16,n_reg,5.7407407407407405
W063,merged,normal,24,f1@0.5,0.6875010791677459
W063,merged,normal,24,f1@0.75,0.3962364795698129
W063,merged,normal,24,miou,0.5915154639201713
W063,merged,normal,24,n_pred,5.703703703703703
W063,merged,normal,24,n_reg,5.7407407407407405
W063,merged,normal,32,f1@0.5,0.7112637362637363
W063,merged,normal,32,f1@0.75,0.3931352598019264
W063,merged,normal,32,miou,0.5905390297481004
W063,merged,normal,32,n_pred,5.481481481481482
W063,merged,normal,32,n_reg,5.7407407407407405
W063,merged,normal,48,f1@0.5,0.692948717948718
W063,merged,normal,48,f1@0.75,0.4029575362908696
W063,merged,normal,48,miou,0.5905617924591147
W063,merged,normal,48,n_pred,5.518518518518518
W063,merged,normal,48,n_reg,5.7407407407407405
W063,merged,rgb,4,f1@0.5,0.699335232668566
W063,merged,rgb,4,f1@0.75,0.5163564830231496
W063,merged,rgb,4,miou,0.6065839551431251
W063,merged,rgb,4,n_pred,4.111111111111111
W063,merged,rgb,4,n_reg,4.111111111111111
W063,merged,rgb,6,f1@0.5,0.7933404830463654
W063,merged,rgb,6,f1@0.75,0.7666107313166137
W063,merged,rgb,6,miou,0.773863977863688
W063,merged,rgb,6,n_pred,5.25925925925926
W063,merged,rgb,6,n_reg,5.25925925925926
W063,merged,rgb,8,f1@0.5,0.8771991997224196
W063,merged,rgb,8,f1@0.75,0.7673978717838367
W063,merged,rgb,8,miou,0.8729159402270841
W063,merged,rgb,8,n_pred,7.074074074074074
W063,merged,rgb,8,n_reg,7.074074074074074
W063,merged,rgb,12,f1@0.5,0.8824902050134248
W063,merged,rgb,12,f1@0.75,0.7673978717838367
W063,merged,rgb,12,miou,0.868802167193771
W063,merged,rgb,12,n_pred,7.074074074074074
W063,merged,rgb,12,n_reg,7.111111111111111
W063,merged,rgb,16,f1@0.5,0.875038705895259
W063,merged,rgb,16,f1@0.75,0.7652373779566761
W063,merged,rgb,16,miou,0.8663403207069363
W063,merged,rgb,16,n_pred,7.111111111111111
W063,merged,rgb,16,n_reg,7.111111111111111
W063,merged,rgb,24,f1@0.5,0.8771991997224196
W063,merged,rgb,24,f1@0.75,0.7673978717838367
W063,merged,rgb,24,miou,0.8643416887409431
W063,merged,rgb,24,n_pred,7.074074074074074
W063,merged,rgb,24,n_reg,7.111111111111111
W063,merged,rgb,32,f1@0.5,0.8827266969165833
W063,merged,rgb,32,f1@0.75,0.7769740254776374
W063,merged,rgb,32,miou,0.8664945716635132
W063,merged,rgb,32,n_pred,7.074074074074074
W063,merged,rgb,32,n_reg,7.111111111111111
W063,merged,rgb,48,f1@0.5,0.87935969354958
W063,merged,rgb,48,f1@0.75,0.773607022110634
W063,merged,rgb,48,miou,0.8600926078399752
W063,merged,rgb,48,n_pred,7.037037037037037
W063,merged,rgb,48,n_reg,7.037037037037037
W063,raw,depth,4,f1@0.5,0.1958703847592736
W063,raw,depth,4,f1@0.75,0.1884629773518662
W063,raw,depth,4,miou,0.265083917413514
W063,raw,depth,4,n_pred,3.0
W063,raw,depth,4,n_reg,3.0
W063,raw,depth,6,f1@0.5,0.2415572082238749
W063,raw,depth,6,f1@0.75,0.1831094831094831
W063,raw,depth,6,miou,0.3477423541148957
W063,raw,depth,6,n_pred,4.0
W063,raw,depth,6,n_reg,4.0
W063,raw,depth,8,f1@0.5,0.3327191327191326
W063,raw,depth,8,f1@0.75,0.2635290635290635
W063,raw,depth,8,miou,0.3755218779145653
W063,raw,depth,8,n_pred,5.296296296296297
W063,raw,depth,8,n_reg,5.703703703703703
W063,raw,depth,12,f1@0.5,0.3382864049530716
W063,raw,depth,12,f1@0.75,0.2689680689680689
W063,raw,depth,12,miou,0.3722406599812757
W063,raw,depth,12,n_pred,5.074074074074074
W063,raw,depth,12,n_reg,5.592592592592593
W063,raw,depth,16,f1@0.5,0.3264784598117931
W063,raw,depth,16,f1@0.75,0.2625793959127292
W063,raw,depth,16,miou,0.3741587867240136
W063,raw,depth,16,n_pred,5.333333333333333
W063,raw,depth,16,n_reg,5.703703703703703
W063,raw,depth,24,f1@0.5,0.3288390621723955
W063,raw,depth,24,f1@0.75,0.2617653950987284
W063,raw,depth,24,miou,0.3745050597446262
W063,raw,depth,24,n_pred,5.37037037037037
W063,raw,depth,24,n_reg,5.703703703703703
W063,raw,depth,32,f1@0.5,0.3327191327191326
W063,raw,depth,32,f1@0.75,0.2635290635290635
W063,raw,depth,32,miou,0.3743787941563037
W063,raw,depth,32,n_pred,5.296296296296297
W063,raw,depth,32,n_reg,5.703703703703703
W063,raw,depth,48,f1@0.5,0.1596193929527262
W063,raw,depth,48,f1@0.75,0.1171865171865172
W063,raw,depth,48,miou,0.1851529719780979
W063,raw,depth,48,n_pred,4.333333333333333
W063,raw,depth,48,n_reg,4.703703703703703
W063,raw,normal,4,f1@0.5,0.4881729381729381
W063,raw,normal,4,f1@0.75,0.1617842034508701
W063,raw,normal,4,miou,0.5053132175459276
W063,raw,normal,4,n_pred,5.962962962962963
W063,raw,normal,4,n_reg,6.0
W063,raw,normal,6,f1@0.5,0.5100819055067422
W063,raw,normal,6,f1@0.75,0.1879999388169322
W063,raw,normal,6,miou,0.5870647229823484
W063,raw,normal,6,n_pred,7.962962962962963
W063,raw,normal,6,n_reg,7.962962962962963
W063,raw,normal,8,f1@0.5,0.5350300329058499
W063,raw,normal,8,f1@0.75,0.2121544154223892
W063,raw,normal,8,miou,0.5888998001293986
W063,raw,normal,8,n_pred,7.925925925925926
W063,raw,normal,8,n_reg,7.962962962962963
W063,raw,normal,12,f1@0.5,0.5522576551988316
W063,raw,normal,12,f1@0.75,0.2206706329255348
W063,raw,normal,12,miou,0.5897172143274019
W063,raw,normal,12,n_pred,7.407407407407407
W063,raw,normal,12,n_reg,7.62962962962963
W063,raw,normal,16,f1@0.5,0.5303323703650501
W063,raw,normal,16,f1@0.75,0.2092102463017495
W063,raw,normal,16,miou,0.5907777510950144
W063,raw,normal,16,n_pred,8.25925925925926
W063,raw,normal,16,n_reg,8.666666666666666
W063,raw,normal,24,f1@0.5,0.5232938569539877
W063,raw,normal,24,f1@0.75,0.2043787125486471
W063,raw,normal,24,miou,0.5915154639201713
W063,raw,normal,24,n_pred,8.555555555555555
W063,raw,normal,24,n_reg,8.666666666666666
W063,raw,normal,32,f1@0.5,0.5320726961249838
W063,raw,normal,32,f1@0.75,0.1995619425357987
W063,raw,normal,32,miou,0.5905390297481004
W063,raw,normal,32,n_pred,8.296296296296296
W063,raw,normal,32,n_reg,8.666666666666666
W063,raw,normal,48,f1@0.5,0.5286983834369455
W063,raw,normal,48,f1@0.75,0.2089379151470654
W063,raw,normal,48,miou,0.5905617924591147
W063,raw,normal,48,n_pred,8.296296296296296
W063,raw,normal,48,n_reg,8.666666666666666
W063,raw,rgb,4,f1@0.5,0.6299576966243633
W063,raw,rgb,4,f1@0.75,0.3363784363784364
W063,raw,rgb,4,miou,0.6065839551431251
W063,raw,rgb,4,n_pred,5.0
W063,raw,rgb,4,n_reg,5.0
W063,raw,rgb,6,f1@0.5,0.5442161139959557
W063,raw,rgb,6,f1@0.75,0.2979946234504197
W063,raw,rgb,6,miou,0.773863977863688
W063,raw,rgb,6,n_pred,10.407407407407408
W063,raw,rgb,6,n_reg,10.62962962962963
W063,raw,rgb,8,f1@0.5,0.700766804447575
W063,raw,rgb,8,f1@0.75,0.4481494222120297
W063,raw,rgb,8,miou,0.8729159402270841
W063,raw,rgb,8,n_pred,10.407407407407408
W063,raw,rgb,8,n_reg,10.62962962962963
W063,raw,rgb,12,f1@0.5,0.5982857783414162
W063,raw,rgb,12,f1@0.75,0.3132248543115865
W063,raw,rgb,12,miou,0.868802167193771
W063,raw,rgb,12,n_pred,13.592592592592592
W063,raw,rgb,12,n_reg,14.407407407407408
W063,raw,rgb,16,f1@0.5,0.5868617234009614
W063,raw,rgb,16,f1@0.75,0.3124318822752887
W063,raw,rgb,16,miou,0.8663403207069363
W063,raw,rgb,16,n_pred,13.88888888888889
W063,raw,rgb,16,n_reg,14.592592592592592
W063,raw,rgb,24,f1@0.5,0.4696938970852014
W063,raw,rgb,24,f1@0.75,0.1969678898664405
W063,raw,rgb,24,miou,0.8643416887409431
W063,raw,rgb,24,n_pred,16.333333333333332
W063,raw,rgb,24,n_reg,17.22222222222222
W063,raw,rgb,32,f1@0.5,0.4503800821353156
W063,raw,rgb,32,f1@0.75,0.192361898255618
W063,raw,rgb,32,miou,0.8664945716635132
W063,raw,rgb,32,n_pred,17.444444444444443
W063,raw,rgb,32,n_reg,19.666666666666668
W063,raw,rgb,48,f1@0.5,0.5899778678341667
W063,raw,rgb,48,f1@0.75,0.3262031416516094
W063,raw,rgb,48,miou,0.8600926078399752
W063,raw,rgb,48,n_pred,13.444444444444445
W063,raw,rgb,48,n_reg,14.77777777777778
W064,merged,depth,4,f1@0.5,0.533537296037296
W064,merged,depth,4,f1@0.75,0.2826146076146076
W064,merged,depth,4,miou,0.4322221912488213
W064,merged,depth,4,n_pred,3.083333333333333
W064,merged,depth,4,n_reg,3.083333333333333
W064,merged,depth,6,f1@0.5,0.54752331002331
W064,merged,depth,6,f1@0.75,0.3817016317016317
W064,merged,depth,6,miou,0.475793084023719
W064,merged,depth,6,n_pred,3.083333333333333
W064,merged,depth,6,n_reg,3.083333333333333
W064,merged,depth,8,f1@0.5,0.6668678543678545
W064,merged,depth,8,f1@0.75,0.4887057387057387
W064,merged,depth,8,miou,0.5570723154576995
W064,merged,depth,8,n_pred,4.125
W064,merged,depth,8,n_reg,4.125
W064,merged,depth,12,f1@0.5,0.4737831612831613
W064,merged,depth,12,f1@0.75,0.3145465645465645
W064,merged,depth,12,miou,0.423636822368132
W064,merged,depth,12,n_pred,4.083333333333333
W064,merged,depth,12,n_reg,4.083333333333333
W064,merged,depth,16,f1@0.5,0.6622058497058497
W064,merged,depth,16,f1@0.75,0.4852092352092352
W064,merged,depth,16,miou,0.5566260479338324
W064,merged,depth,16,n_pred,4.208333333333333
W064,merged,depth,16,n_reg,4.208333333333333
W064,merged,depth,24,f1@0.5,0.6622058497058497
W064,merged,depth,24,f1@0.75,0.4852092352092352
W064,merged,depth,24,miou,0.5561572663857386
W064,merged,depth,24,n_pred,4.208333333333333
W064,merged,depth,24,n_reg,4.208333333333333
W064,merged,depth,32,f1@0.5,0.4737831612831613
W064,merged,depth,32,f1@0.75,0.3145465645465645
W064,merged,depth,32,miou,0.4241728193004989
W064,merged,depth,32,n_pred,4.083333333333333
W064,merged,depth,32,n_reg,4.083333333333333
W064,merged,depth,48,f1@0.5,0.6622058497058497
W064,merged,depth,48,f1@0.75,0.4852092352092352
W064,merged,depth,48,miou,0.5579602434702219
W064,merged,depth,48,n_pred,4.208333333333333
W064,merged,depth,48,n_reg,4.208333333333333
W064,merged,normal,4,f1@0.5,0.54752331002331
W064,merged,normal,4,f1@0.75,0.3657925407925408
W064,merged,normal,4,miou,0.4604605307651614
W064,merged,normal,4,n_pred,3.083333333333333
W064,merged,normal,4,n_reg,3.083333333333333
W064,merged,normal,6,f1@0.5,0.5472069597069597
W064,merged,normal,6,f1@0.75,0.3608363858363858
W064,merged,normal,6,miou,0.4656088085030058
W064,merged,normal,6,n_pred,3.25
W064,merged,normal,6,n_reg,3.2916666666666665
W064,merged,normal,8,f1@0.5,0.6537989787989787
W064,merged,normal,8,f1@0.75,0.3962024087024087
W064,merged,normal,8,miou,0.5710672107630322
W064,merged,normal,8,n_pred,4.875
W064,merged,normal,8,n_reg,4.916666666666667
W064,merged,normal,12,f1@0.5,0.655985680985681
W064,merged,normal,12,f1@0.75,0.4089424464424464
W064,merged,normal,12,miou,0.5347007862899701
W064,merged,normal,12,n_pred,4.25
W064,merged,normal,12,n_reg,4.25
W064,merged,normal,16,f1@0.5,0.6690046065046066
W064,merged,normal,16,f1@0.75,0.4140096015096015
W064,merged,normal,16,miou,0.539120853258317
W064,merged,normal,16,n_pred,4.083333333333333
W064,merged,normal,16,n_reg,4.083333333333333
W064,merged,normal,24,f1@0.5,0.658072483072483
W064,merged,normal,24,f1@0.75,0.3951340326340326
W064,merged,normal,24,miou,0.5714104949391658
W064,merged,normal,24,n_pred,4.916666666666667
W064,merged,normal,24,n_reg,4.958333333333333
W064,merged,normal,32,f1@0.5,0.6716755466755466
W064,merged,normal,32,f1@0.75,0.4108044733044733
W064,merged,normal,32,miou,0.5359332794259982
W064,merged,normal,32,n_pred,4.166666666666667
W064,merged,normal,32,n_reg,4.166666666666667
W064,merged,normal,48,f1@0.5,0.6509670884670885
W064,merged,normal,48,f1@0.75,0.3982621545121545
W064,merged,normal,48,miou,0.560354061754428
W064,merged,normal,48,n_pred,4.833333333333333
W064,merged,normal,48,n_reg,4.833333333333333
W064,merged,rgb,4,f1@0.5,0.6784743034743035
W064,merged,rgb,4,f1@0.75,0.6725219225219226
W064,merged,rgb,4,miou,0.6507183736077928
W064,merged,rgb,4,n_pred,4.041666666666667
W064,merged,rgb,4,n_reg,4.041666666666667
W064,merged,rgb,6,f1@0.5,0.7629769536019536
W064,merged,rgb,6,f1@0.75,0.7403083028083027
W064,merged,rgb,6,miou,0.7585623535737502
W064,merged,rgb,6,n_pred,5.125
W064,merged,rgb,6,n_reg,5.125
W064,merged,rgb,8,f1@0.5,0.7688148656898658
W064,merged,rgb,8,f1@0.75,0.6936546092796093
W064,merged,rgb,8,miou,0.7482302807958163
W064,merged,rgb,8,n_pred,6.0
W064,merged,rgb,8,n_reg,6.0
W064,merged,rgb,12,f1@0.5,0.7688148656898658
W064,merged,rgb,12,f1@0.75,0.6936546092796093
W064,merged,rgb,12,miou,0.7502444324133196
W064,merged,rgb,12,n_pred,6.0
W064,merged,rgb,12,n_reg,6.0
W064,merged,rgb,16,f1@0.5,0.7688148656898658
W064,merged,rgb,16,f1@0.75,0.6936546092796093
W064,merged,rgb,16,miou,0.7502234000921099
W064,merged,rgb,16,n_pred,6.0
W064,merged,rgb,16,n_reg,6.0
W064,merged,rgb,24,f1@0.5,0.7688148656898658
W064,merged,rgb,24,f1@0.75,0.6996069902319902
W064,merged,rgb,24,miou,0.7481393930858017
W064,merged,rgb,24,n_pred,6.0
W064,merged,rgb,24,n_reg,6.0
W064,merged,rgb,32,f1@0.5,0.7688148656898658
W064,merged,rgb,32,f1@0.75,0.6936546092796093
W064,merged,rgb,32,miou,0.7468132060196307
W064,merged,rgb,32,n_pred,6.0
W064,merged,rgb,32,n_reg,6.0
W064,merged,rgb,48,f1@0.5,0.844845758816347
W064,merged,rgb,48,f1@0.75,0.7634644562953387
W064,merged,rgb,48,miou,0.8473580502308868
W064,merged,rgb,48,n_pred,6.916666666666667
W064,merged,rgb,48,n_reg,6.958333333333333
W064,raw,depth,4,f1@0.5,0.4341727716727717
W064,raw,depth,4,f1@0.75,0.187026862026862
W064,raw,depth,4,miou,0.4322221912488213
W064,raw,depth,4,n_pred,5.0
W064,raw,depth,4,n_reg,5.0
W064,raw,depth,6,f1@0.5,0.4267704517704518
W064,raw,depth,6,f1@0.75,0.1613858363858364
W064,raw,depth,6,miou,0.475793084023719
W064,raw,depth,6,n_pred,5.0
W064,raw,depth,6,n_reg,5.0
W064,raw,depth,8,f1@0.5,0.5643925518925519
W064,raw,depth,8,f1@0.75,0.294726800976801
W064,raw,depth,8,miou,0.5570723154576995
W064,raw,depth,8,n_pred,6.0
W064,raw,depth,8,n_reg,6.0
W064,raw,depth,12,f1@0.5,0.3628357753357753
W064,raw,depth,12,f1@0.75,0.2920940170940171
W064,raw,depth,12,miou,0.423636822368132
W064,raw,depth,12,n_pred,5.0
W064,raw,depth,12,n_reg,5.0
W064,raw,depth,16,f1@0.5,0.5196771978021978
W064,raw,depth,16,f1@0.75,0.2579097985347985
W064,raw,depth,16,miou,0.5566260479338324
W064,raw,depth,16,n_pred,6.666666666666667
W064,raw,depth,16,n_reg,6.875
W064,raw,depth,24,f1@0.5,0.5196771978021978
W064,raw,depth,24,f1@0.75,0.2579097985347985
W064,raw,depth,24,miou,0.5561572663857386
W064,raw,depth,24,n_pred,6.666666666666667
W064,raw,depth,24,n_reg,6.875
W064,raw,depth,32,f1@0.5,0.3628357753357753
W064,raw,depth,32,f1@0.75,0.2920940170940171
W064,raw,depth,32,miou,0.4241728193004989
W064,raw,depth,32,n_pred,5.0
W064,raw,depth,32,n_reg,5.0
W064,raw,depth,48,f1@0.5,0.5371375152625152
W064,raw,depth,48,f1@0.75,0.2801320207570207
W064,raw,depth,48,miou,0.5579602434702219
W064,raw,depth,48,n_pred,6.666666666666667
W064,raw,depth,48,n_reg,6.875
W064,raw,normal,4,f1@0.5,0.4013736263736263
W064,raw,normal,4,f1@0.75,0.1613858363858364
W064,raw,normal,4,miou,0.4604605307651614
W064,raw,normal,4,n_pred,5.0
W064,raw,normal,4,n_reg,5.0
W064,raw,normal,6,f1@0.5,0.2688813025210084
W064,raw,normal,6,f1@0.75,0.1400210084033613
W064,raw,normal,6,miou,0.4656088085030058
W064,raw,normal,6,n_pred,6.958333333333333
W064,raw,normal,6,n_reg,7.0
W064,raw,normal,8,f1@0.5,0.4375671101774043
W064,raw,normal,8,f1@0.75,0.191432267351385
W064,raw,normal,8,miou,0.5710672107630322
W064,raw,normal,8,n_pred,7.916666666666667
W064,raw,normal,8,n_reg,8.0
W064,raw,normal,12,f1@0.5,0.3776143790849673
W064,raw,normal,12,f1@0.75,0.1899441721132897
W064,raw,normal,12,miou,0.5347007862899701
W064,raw,normal,12,n_pred,8.0
W064,raw,normal,12,n_reg,8.0
W064,raw,normal,16,f1@0.5,0.5165407509157509
W064,raw,normal,16,f1@0.75,0.2175709706959706
W064,raw,normal,16,miou,0.539120853258317
W064,raw,normal,16,n_pred,6.0
W064,raw,normal,16,n_reg,6.0
W064,raw,normal,24,f1@0.5,0.4099307705538355
W064,raw,normal,24,f1@0.75,0.1793042655658754
W064,raw,normal,24,miou,0.5714104949391658
W064,raw,normal,24,n_pred,8.958333333333334
W064,raw,normal,24,n_reg,9.0
W064,raw,normal,32,f1@0.5,0.3720588235294118
W064,raw,normal,32,f1@0.75,0.1899441721132897
W064,raw,normal,32,miou,0.5359332794259982
W064,raw,normal,32,n_pred,8.0
W064,raw,normal,32,n_reg,8.0
W064,raw,normal,48,f1@0.5,0.4053351823185414
W064,raw,normal,48,f1@0.75,0.1793042655658754
W064,raw,normal,48,miou,0.5605149594043102
W064,raw,normal,48,n_pred,8.958333333333334
W064,raw,normal,48,n_reg,9.0
W064,raw,rgb,4,f1@0.5,0.4725285947712418
W064,raw,rgb,4,f1@0.75,0.256849128540305
W064,raw,rgb,4,miou,0.6507183736077928
W064,raw,rgb,4,n_pred,8.0
W064,raw,rgb,4,n_reg,8.0
W064,raw,rgb,6,f1@0.5,0.5178047242288728
W064,raw,rgb,6,f1@0.75,0.2791387168902648
W064,raw,rgb,6,miou,0.7585623535737502
W064,raw,rgb,6,n_pred,10.583333333333334
W064,raw,rgb,6,n_reg,10.916666666666666
W064,raw,rgb,8,f1@0.5,0.4931299207614997
W064,raw,rgb,8,f1@0.75,0.2773714589504063
W064,raw,rgb,8,miou,0.7482302807958163
W064,raw,rgb,8,n_pred,12.583333333333334
W064,raw,rgb,8,n_reg,12.958333333333334
W064,raw,rgb,12,f1@0.5,0.4652383043687391
W064,raw,rgb,12,f1@0.75,0.2644433465085639
W064,raw,rgb,12,miou,0.7502444324133196
W064,raw,rgb,12,n_pred,13.291666666666666
W064,raw,rgb,12,n_reg,13.916666666666666
W064,raw,rgb,16,f1@0.5,0.5316311612364244
W064,raw,rgb,16,f1@0.75,0.2943609022556391
W064,raw,rgb,16,miou,0.7502234000921099
W064,raw,rgb,16,n_pred,11.375
W064,raw,rgb,16,n_reg,11.708333333333334
W064,raw,rgb,24,f1@0.5,0.4298828084154171
W064,raw,rgb,24,f1@0.75,0.2541772539055147
W064,raw,rgb,24,miou,0.7481393930858017
W064,raw,rgb,24,n_pred,14.5
W064,raw,rgb,24,n_reg,15.541666666666666
W064,raw,rgb,32,f1@0.5,0.435190413451283
W064,raw,rgb,32,f1@0.75,0.2550203118137901
W064,raw,rgb,32,miou,0.7468132060196307
W064,raw,rgb,32,n_pred,14.333333333333334
W064,raw,rgb,32,n_reg,14.875
W064,raw,rgb,48,f1@0.5,0.4630978743478743
W064,raw,rgb,48,f1@0.75,0.2958383283383283
W064,raw,rgb,48,miou,0.8473580502308868
W064,raw,rgb,48,n_pred,16.708333333333332
W064,raw,rgb,48,n_reg,17.833333333333332
W065,merged,depth,4,f1@0.5,0.4368330743330743
W065,merged,depth,4,f1@0.75,0.3367364117364117
W065,merged,depth,4,miou,0.4368174660243848
W065,merged,depth,4,n_pred,4.777777777777778
W065,merged,depth,4,n_reg,4.888888888888889
W065,merged,depth,6,f1@0.5,0.4416967291967292
W065,merged,depth,6,f1@0.75,0.3434519184519184
W065,merged,depth,6,miou,0.4436324613131035
W065,merged,depth,6,n_pred,4.833333333333333
W065,merged,depth,6,n_reg,4.833333333333333
W065,merged,depth,8,f1@0.5,0.4512908387908387
W065,merged,depth,8,f1@0.75,0.3497696747696748
W065,merged,depth,8,miou,0.429340088362043
W065,merged,depth,8,n_pred,4.277777777777778
W065,merged,depth,8,n_reg,4.388888888888889
W065,merged,depth,12,f1@0.5,0.518508806008806
W065,merged,depth,12,f1@0.75,0.3517843267843268
W065,merged,depth,12,miou,0.4789591467579449
W065,merged,depth,12,n_pred,4.444444444444445
W065,merged,depth,12,n_reg,4.444444444444445
W065,merged,depth,16,f1@0.5,0.518508806008806
W065,merged,depth,16,f1@0.75,0.3517843267843268
W065,merged,depth,16,miou,0.4794602875743171
W065,merged,depth,16,n_pred,4.444444444444445
W065,merged,depth,16,n_reg,4.444444444444445
W065,merged,depth,24,f1@0.5,0.518508806008806
W065,merged,depth,24,f1@0.75,0.3517843267843268
W065,merged,depth,24,miou,0.4797410330041343
W065,merged,depth,24,n_pred,4.444444444444445
W065,merged,depth,24,n_reg,4.444444444444445
W065,merged,depth,32,f1@0.5,0.4416967291967292
W065,merged,depth,32,f1@0.75,0.3355154105154105
W065,merged,depth,32,miou,0.4446631269224979
W065,merged,depth,32,n_pred,4.833333333333333
W065,merged,depth,32,n_reg,4.833333333333333
W065,merged,depth,48,f1@0.5,0.4547299922299921
W065,merged,depth,48,f1@0.75,0.3465136715136715
W065,merged,depth,48,miou,0.4393008548906428
W065,merged,depth,48,n_pred,4.388888888888889
W065,merged,depth,48,n_reg,4.388888888888889
W065,merged,normal,4,f1@0.5,0.8071284924226101
W065,merged,normal,4,f1@0.75,0.6444324738442385
W065,merged,normal,4,miou,0.7299512971783206
W065,merged,normal,4,n_pred,5.5
W065,merged,normal,4,n_reg,5.5
W065,merged,normal,6,f1@0.5,0.8071284924226101
W065,merged,normal,6,f1@0.75,0.6914242620124973
W065,merged,normal,6,miou,0.75174323952731
W065,merged,normal,6,n_pred,5.5
W065,merged,normal,6,n_reg,5.5
W065,merged,normal,8,f1@0.5,0.8071284924226101
W065,merged,normal,8,f1@0.75,0.6914242620124973
W065,merged,normal,8,miou,0.7528283340584481
W065,merged,normal,8,n_pred,5.5
W065,merged,normal,8,n_reg,5.5
W065,merged,normal,12,f1@0.5,0.8071284924226101
W065,merged,normal,12,f1@0.75,0.684888314300079
W065,merged,normal,12,miou,0.7531353347460447
W065,merged,normal,12,n_pred,5.5
W065,merged,normal,12,n_reg,5.5
W065,merged,normal,16,f1@0.5,0.8018089572011141
W065,merged,normal,16,f1@0.75,0.6799863535157653
W065,merged,normal,16,miou,0.7525972173892637
W065,merged,normal,16,n_pred,5.611111111111111
W065,merged,normal,16,n_reg,6.277777777777778
W065,merged,normal,24,f1@0.5,0.8071284924226101
W065,merged,normal,24,f1@0.75,0.6914242620124973
W065,merged,normal,24,miou,0.755094795662417
W065,merged,normal,24,n_pred,5.5
W065,merged,normal,24,n_reg,5.5
W065,merged,normal,32,f1@0.5,0.8071284924226101
W065,merged,normal,32,f1@0.75,0.6914242620124973
W065,merged,normal,32,miou,0.7504526307436887
W065,merged,normal,32,n_pred,5.5
W065,merged,normal,32,n_reg,5.5
W065,merged,normal,48,f1@0.5,0.8093364696305874
W065,merged,normal,48,f1@0.75,0.6948074528956882
W065,merged,normal,48,miou,0.7552785580890541
W065,merged,normal,48,n_pred,5.611111111111111
W065,merged,normal,48,n_reg,6.333333333333333
W065,merged,rgb,4,f1@0.5,0.8043507146448323
W065,merged,rgb,4,f1@0.75,0.6853126720773779
W065,merged,rgb,4,miou,0.7593429649068925
W065,merged,rgb,4,n_pred,5.555555555555555
W065,merged,rgb,4,n_reg,5.555555555555555
W065,merged,rgb,6,f1@0.5,0.8043507146448323
W065,merged,rgb,6,f1@0.75,0.7744529435705907
W065,merged,rgb,6,miou,0.7938818334405379
W065,merged,rgb,6,n_pred,5.555555555555555
W065,merged,rgb,6,n_reg,5.666666666666667
W065,merged,rgb,8,f1@0.5,0.7886730190651758
W065,merged,rgb,8,f1@0.75,0.7130557351145587
W065,merged,rgb,8,miou,0.8173857987166361
W065,merged,rgb,8,n_pred,6.555555555555555
W065,merged,rgb,8,n_reg,6.555555555555555
W065,merged,rgb,12,f1@0.5,0.8428313430635411
W065,merged,rgb,12,f1@0.75,0.7663673071567808
W065,merged,rgb,12,miou,0.8846001088847635
W065,merged,rgb,12,n_pred,7.333333333333333
W065,merged,rgb,12,n_reg,7.333333333333333
W065,merged,rgb,16,f1@0.5,0.7886730190651758
W065,merged,rgb,16,f1@0.75,0.7140477986066222
W065,merged,rgb,16,miou,0.8175690762301865
W065,merged,rgb,16,n_pred,6.555555555555555
W065,merged,rgb,16,n_reg,6.666666666666667
W065,merged,rgb,24,f1@0.5,0.7807365111286679
W065,merged,rgb,24,f1@0.75,0.7279366874955111
W065,merged,rgb,24,miou,0.8119036788860149
W065,merged,rgb,24,n_pred,6.555555555555555
W065,merged,rgb,24,n_reg,6.555555555555555
W065,merged,rgb,32,f1@0.5,0.7807365111286679
W065,merged,rgb,32,f1@0.75,0.735873195432019
W065,merged,rgb,32,miou,0.8138186081642449
W065,merged,rgb,32,n_pred,6.555555555555555
W065,merged,rgb,32,n_reg,6.555555555555555
W065,merged,rgb,48,f1@0.5,0.8576461578783561
W065,merged,rgb,48,f1@0.75,0.7877180696840139
W065,merged,rgb,48,miou,0.8826413299478408
W065,merged,rgb,48,n_pred,7.333333333333333
W065,merged,rgb,48,n_reg,7.333333333333333
W065,raw,depth,4,f1@0.5,0.3976673080388251
W065,raw,depth,4,f1@0.75,0.3081556014218553
W065,raw,depth,4,miou,0.4433233712076163
W065,raw,depth,4,n_pred,5.944444444444445
W065,raw,depth,4,n_reg,7.777777777777778
W065,raw,depth,6,f1@0.5,0.3202483332514292
W065,raw,depth,6,f1@0.75,0.2753571701585117
W065,raw,depth,6,miou,0.4464834109987559
W065,raw,depth,6,n_pred,7.611111111111111
W065,raw,depth,6,n_reg,7.777777777777778
W065,raw,depth,8,f1@0.5,0.444603462985816
W065,raw,depth,8,f1@0.75,0.3443077891607303
W065,raw,depth,8,miou,0.4357669671313459
W065,raw,depth,8,n_pred,4.5
W065,raw,depth,8,n_reg,5.388888888888889
W065,raw,depth,12,f1@0.5,0.3855421085813242
W065,raw,depth,12,f1@0.75,0.3174119362844853
W065,raw,depth,12,miou,0.4777787578932625
W065,raw,depth,12,n_pred,5.777777777777778
W065,raw,depth,12,n_reg,5.777777777777778
W065,raw,depth,16,f1@0.5,0.3987323134381958
W065,raw,depth,16,f1@0.75,0.3275814599344011
W065,raw,depth,16,miou,0.4782864024696824
W065,raw,depth,16,n_pred,5.388888888888889
W065,raw,depth,16,n_reg,5.388888888888889
W065,raw,depth,24,f1@0.5,0.3987323134381958
W065,raw,depth,24,f1@0.75,0.3275814599344011
W065,raw,depth,24,miou,0.4785810584156491
W065,raw,depth,24,n_pred,5.388888888888889
W065,raw,depth,24,n_reg,5.388888888888889
W065,raw,depth,32,f1@0.5,0.3658025888418045
W065,raw,depth,32,f1@0.75,0.3002125779086563
W065,raw,depth,32,miou,0.4456349257753719
W065,raw,depth,32,n_pred,6.333333333333333
W065,raw,depth,32,n_reg,6.388888888888889
W065,raw,depth,48,f1@0.5,0.3901853048911872
W065,raw,depth,48,f1@0.75,0.3206370154899567
W065,raw,depth,48,miou,0.4402382548807159
W065,raw,depth,48,n_pred,5.388888888888889
W065,raw,depth,48,n_reg,5.388888888888889
W065,raw,normal,4,f1@0.5,0.6738203761036579
W065,raw,normal,4,f1@0.75,0.3651752611375934
W065,raw,normal,4,miou,0.7299512971783206
W065,raw,normal,4,n_pred,7.388888888888889
W065,raw,normal,4,n_reg,7.388888888888889
W065,raw,normal,6,f1@0.5,0.6327547490731186
W065,raw,normal,6,f1@0.75,0.3429380231624813
W065,raw,normal,6,miou,0.75174323952731
W065,raw,normal,6,n_pred,8.38888888888889
W065,raw,normal,6,n_reg,8.38888888888889
W065,raw,normal,8,f1@0.5,0.6006953658656445
W065,raw,normal,8,f1@0.75,0.3256261568955068
W065,raw,normal,8,miou,0.7528283340584481
W065,raw,normal,8,n_pred,9.27777777777778
W065,raw,normal,8,n_reg,9.444444444444445
W065,raw,normal,12,f1@0.5,0.6037882696938425
W065,raw,normal,12,f1@0.75,0.3245485036119711
W065,raw,normal,12,miou,0.7531353347460447
W065,raw,normal,12,n_pred,9.0
W065,raw,normal,12,n_reg,9.444444444444445
W065,raw,normal,16,f1@0.5,0.6207002391599915
W065,raw,normal,16,f1@0.75,0.335478811407604
W065,raw,normal,16,miou,0.7525972173892637
W065,raw,normal,16,n_pred,8.722222222222221
W065,raw,normal,16,n_reg,9.444444444444445
W065,raw,normal,24,f1@0.5,0.625347341665711
W065,raw,normal,24,f1@0.75,0.3429380231624813
W065,raw,normal,24,miou,0.755094795662417
W065,raw,normal,24,n_pred,8.38888888888889
W065,raw,normal,24,n_reg,8.444444444444445
W065,raw,normal,32,f1@0.5,0.6327547490731186
W065,raw,normal,32,f1@0.75,0.3429380231624813
W065,raw,normal,32,miou,0.7504526307436887
W065,raw,normal,32,n_pred,8.38888888888889
W065,raw,normal,32,n_reg,8.5
W065,raw,normal,48,f1@0.5,0.6326828099660917
W065,raw,normal,48,f1@0.75,0.3459907939784101
W065,raw,normal,48,miou,0.7552785580890541
W065,raw,normal,48,n_pred,8.61111111111111
W065,raw,normal,48,n_reg,9.5
W065,raw,rgb,4,f1@0.5,0.6708251429226662
W065,raw,rgb,4,f1@0.75,0.3953046423247661
W065,raw,rgb,4,miou,0.7593429649068925
W065,raw,rgb,4,n_pred,8.166666666666666
W065,raw,rgb,4,n_reg,8.166666666666666
W065,raw,rgb,6,f1@0.5,0.619315706080412
W065,raw,rgb,6,f1@0.75,0.3750442096030331
W065,raw,rgb,6,miou,0.7938818334405379
W065,raw,rgb,6,n_pred,9.333333333333334
W065,raw,rgb,6,n_reg,9.77777777777778
W065,raw,rgb,8,f1@0.5,0.6270254337933927
W065,raw,rgb,8,f1@0.75,0.3516144284108792
W065,raw,rgb,8,miou,0.8173857987166361
W065,raw,rgb,8,n_pred,10.166666666666666
W065,raw,rgb,8,n_reg,10.166666666666666
W065,raw,rgb,12,f1@0.5,0.5779020471011318
W065,raw,rgb,12,f1@0.75,0.3694954181338621
W065,raw,rgb,12,miou,0.8846001088847635
W065,raw,rgb,12,n_pred,13.0
W065,raw,rgb,12,n_reg,13.11111111111111
W065,raw,rgb,16,f1@0.5,0.4762008326259533
W065,raw,rgb,16,f1@0.75,0.2472690460371619
W065,raw,rgb,16,miou,0.8175690762301865
W065,raw,rgb,16,n_pred,14.38888888888889
W065,raw,rgb,16,n_reg,15.77777777777778
W065,raw,rgb,24,f1@0.5,0.4798543032524726
W065,raw,rgb,24,f1@0.75,0.3100179526380899
W065,raw,rgb,24,miou,0.8119036788860149
W065,raw,rgb,24,n_pred,13.333333333333334
W065,raw,rgb,24,n_reg,14.333333333333334
W065,raw,rgb,32,f1@0.5,0.4682493325246948
W065,raw,rgb,32,f1@0.75,0.2614135604956861
W065,raw,rgb,32,miou,0.8138186081642449
W065,raw,rgb,32,n_pred,14.11111111111111
W065,raw,rgb,32,n_reg,15.0
W065,raw,rgb,48,f1@0.5,0.5263654541915411
W065,raw,rgb,48,f1@0.75,0.3046796842449016
W065,raw,rgb,48,miou,0.8826413299478408
W065,raw,rgb,48,n_pred,15.11111111111111
W065,raw,rgb,48,n_reg,16.0
W066,merged,depth,4,f1@0.5,0.6278021978021978
W066,merged,depth,4,f1@0.75,0.4915189255189255
W066,merged,depth,4,miou,0.5763167901703876
W066,merged,depth,4,n_pred,3.48
W066,merged,depth,4,n_reg,3.56
W066,merged,depth,6,f1@0.5,0.6887026307026306
W066,merged,depth,6,f1@0.75,0.5654640914640915
W066,merged,depth,6,miou,0.5569746125411895
W066,merged,depth,6,n_pred,3.84
W066,merged,depth,6,n_reg,3.84
W066,merged,depth,8,f1@0.5,0.7141348651348651
W066,merged,depth,8,f1@0.75,0.5857241647241647
W066,merged,depth,8,miou,0.6153015028013823
W066,merged,depth,8,n_pred,4.28
W066,merged,depth,8,n_reg,4.36
W066,merged,depth,12,f1@0.5,0.681940725940726
W066,merged,depth,12,f1@0.75,0.5514005994005994
W066,merged,depth,12,miou,0.5568578782488676
W066,merged,depth,12,n_pred,3.92
W066,merged,depth,12,n_reg,4.0
W066,merged,depth,16,f1@0.5,0.6854572094572094
W066,merged,depth,16,f1@0.75,0.5505214785214786
W066,merged,depth,16,miou,0.5590802006825792
W066,merged,depth,16,n_pred,3.96
W066,merged,depth,16,n_reg,3.96
W066,merged,depth,24,f1@0.5,0.7065158175158175
W066,merged,depth,24,f1@0.75,0.5854152514152514
W066,merged,depth,24,miou,0.5898627459707655
W066,merged,depth,24,n_pred,4.04
W066,merged,depth,24,n_reg,4.08
W066,merged,depth,32,f1@0.5,0.6834645354645354
W066,merged,depth,32,f1@0.75,0.5525434565434566
W066,merged,depth,32,miou,0.5552765668656074
W066,merged,depth,32,n_pred,3.88
W066,merged,depth,32,n_reg,3.88
W066,merged,depth,48,f1@0.5,0.6834645354645354
W066,merged,depth,48,f1@0.75,0.5605434565434565
W066,merged,depth,48,miou,0.5563867194120248
W066,merged,depth,48,n_pred,3.88
W066,merged,depth,48,n_reg,3.88
W066,merged,normal,4,f1@0.5,0.7412618492618492
W066,merged,normal,4,f1@0.75,0.6600713730713731
W066,merged,normal,4,miou,0.755865433252281
W066,merged,normal,4,n_pred,4.72
W066,merged,normal,4,n_reg,4.8
W066,merged,normal,6,f1@0.5,0.7621155511155512
W066,merged,normal,6,f1@0.75,0.688993450993451
W066,merged,normal,6,miou,0.6196382552870375
W066,merged,normal,6,n_pred,4.4
W066,merged,normal,6,n_reg,4.44
W066,merged,normal,8,f1@0.5,0.7420129282482223
W066,merged,normal,8,f1@0.75,0.6660372046254399
W066,merged,normal,8,miou,0.6808229021176744
W066,merged,normal,8,n_pred,5.08
W066,merged,normal,8,n_reg,5.16
W066,merged,normal,12,f1@0.5,0.7897743237155003
W066,merged,normal,12,f1@0.75,0.7140553694671341
W066,merged,normal,12,miou,0.7762060130572018
W066,merged,normal,12,n_pred,5.68
W066,merged,normal,12,n_reg,5.72
W066,merged,normal,16,f1@0.5,0.7661960784313726
W066,merged,normal,16,f1@0.75,0.6827282913165266
W066,merged,normal,16,miou,0.705311274492451
W066,merged,normal,16,n_pred,5.2
W066,merged,normal,16,n_reg,5.24
W066,merged,normal,24,f1@0.5,0.7232898735251676
W066,merged,normal,24,f1@0.75,0.586465410406587
W066,merged,normal,24,miou,0.6527347738971737
W066,merged,normal,24,n_pred,5.08
W066,merged,normal,24,n_reg,5.28
W066,merged,normal,32,f1@0.5,0.8181643323996265
W066,merged,normal,32,f1@0.75,0.6516097105508871
W066,merged,normal,32,miou,0.7786193028275068
W066,merged,normal,32,n_pred,5.4
W066,merged,normal,32,n_reg,5.4
W066,merged,normal,48,f1@0.5,0.7713548085901027
W066,merged,normal,48,f1@0.75,0.6748870214752567
W066,merged,normal,48,miou,0.7046669170081427
W066,merged,normal,48,n_pred,5.28
W066,merged,normal,48,n_reg,5.32
W066,merged,rgb,4,f1@0.5,0.8594312876665817
W066,merged,rgb,4,f1@0.75,0.7773920719803072
W066,merged,rgb,4,miou,0.9092121049466262
W066,merged,rgb,4,n_pred,5.28
W066,merged,rgb,4,n_reg,5.32
W066,merged,rgb,6,f1@0.5,0.9091256913021618
W066,merged,rgb,6,f1@0.75,0.8287008547008547
W066,merged,rgb,6,miou,0.919099499761692
W066,merged,rgb,6,n_pred,5.92
W066,merged,rgb,6,n_reg,5.96
W066,merged,rgb,8,f1@0.5,0.9091256913021618
W066,merged,rgb,8,f1@0.75,0.8337008547008548
W066,merged,rgb,8,miou,0.9189234496167876
W066,merged,rgb,8,n_pred,5.92
W066,merged,rgb,8,n_reg,5.96
W066,merged,rgb,12,f1@0.5,0.8702937585290527
W066,merged,rgb,12,f1@0.75,0.7905402571284924
W066,merged,rgb,12,miou,0.8312213533764815
W066,merged,rgb,12,n_pred,5.4
W066,merged,rgb,12,n_reg,5.44
W066,merged,rgb,16,f1@0.5,0.8702937585290527
W066,merged,rgb,16,f1@0.75,0.7985402571284923
W066,merged,rgb,16,miou,0.8317879826843722
W066,merged,rgb,16,n_pred,5.4
W066,merged,rgb,16,n_reg,5.44
W066,merged,rgb,24,f1@0.5,0.8622937585290527
W066,merged,rgb,24,f1@0.75,0.7905402571284924
W066,merged,rgb,24,miou,0.8234631030954108
W066,merged,rgb,24,n_pred,5.4
W066,merged,rgb,24,n_reg,5.44
W066,merged,rgb,32,f1@0.5,0.8622937585290527
W066,merged,rgb,32,f1@0.75,0.7905402571284924
W066,merged,rgb,32,miou,0.823185665785179
W066,merged,rgb,32,n_pred,5.4
W066,merged,rgb,32,n_reg,5.44
W066,merged,rgb,48,f1@0.5,0.8702937585290527
W066,merged,rgb,48,f1@0.75,0.7985402571284923
W066,merged,rgb,48,miou,0.8302360619382172
W066,merged,rgb,48,n_pred,5.4
W066,merged,rgb,48,n_reg,5.44
W066,raw,depth,4,f1@0.5,0.5361971361971363
W066,raw,depth,4,f1@0.75,0.4174596514596514
W066,raw,depth,4,miou,0.5736777972271097
W066,raw,depth,4,n_pred,4.68
W066,raw,depth,4,n_reg,4.88
W066,raw,depth,6,f1@0.5,0.5503233498527615
W066,raw,depth,6,f1@0.75,0.4172675429146018
W066,raw,depth,6,miou,0.554008900581706
W066,raw,depth,6,n_pred,6.12
W066,raw,depth,6,n_reg,6.16
W066,raw,depth,8,f1@0.5,0.5640928985015673
W066,raw,depth,8,f1@0.75,0.4506536597217712
W066,raw,depth,8,miou,0.6126868511321696
W066,raw,depth,8,n_pred,6.84
W066,raw,depth,8,n_reg,7.6
W066,raw,depth,12,f1@0.5,0.5357492765232703
W066,raw,depth,12,f1@0.75,0.4251596652401606
W066,raw,depth,12,miou,0.5541518966177205
W066,raw,depth,12,n_pred,6.76
W066,raw,depth,12,n_reg,7.6
W066,raw,depth,16,f1@0.5,0.5449778783308195
W066,raw,depth,16,f1@0.75,0.4168893916540975
W066,raw,depth,16,miou,0.5565187157949226
W066,raw,depth,16,n_pred,6.56
W066,raw,depth,16,n_reg,7.68
W066,raw,depth,24,f1@0.5,0.5914624721683545
W066,raw,depth,24,f1@0.75,0.4930908568555627
W066,raw,depth,24,miou,0.5870341931108641
W066,raw,depth,24,n_pred,5.72
W066,raw,depth,24,n_reg,6.48
W066,raw,depth,32,f1@0.5,0.54731279178338
W066,raw,depth,32,f1@0.75,0.4409187675070028
W066,raw,depth,32,miou,0.552637720416922
W066,raw,depth,32,n_pred,6.2
W066,raw,depth,32,n_reg,6.76
W066,raw,depth,48,f1@0.5,0.5644724556489262
W066,raw,depth,48,f1@0.75,0.4533622782446311
W066,raw,depth,48,miou,0.5537339954967341
W066,raw,depth,48,n_pred,5.8
W066,raw,depth,48,n_reg,6.76
W066,raw,normal,4,f1@0.5,0.6806573622455976
W066,raw,normal,4,f1@0.75,0.5095010087951265
W066,raw,normal,4,miou,0.755865433252281
W066,raw,normal,4,n_pred,5.64
W066,raw,normal,4,n_reg,5.72
W066,raw,normal,6,f1@0.5,0.6738513969690441
W066,raw,normal,6,f1@0.75,0.5174165050635638
W066,raw,normal,6,miou,0.6196382552870375
W066,raw,normal,6,n_pred,5.92
W066,raw,normal,6,n_reg,5.96
W066,raw,normal,8,f1@0.5,0.6566986130484582
W066,raw,normal,8,f1@0.75,0.5020172716860024
W066,raw,normal,8,miou,0.6808229021176744
W066,raw,normal,8,n_pred,6.64
W066,raw,normal,8,n_reg,6.88
W066,raw,normal,12,f1@0.5,0.6656257213718514
W066,raw,normal,12,f1@0.75,0.5177919177485741
W066,raw,normal,12,miou,0.7762060130572018
W066,raw,normal,12,n_pred,7.84
W066,raw,normal,12,n_reg,8.44
W066,raw,normal,16,f1@0.5,0.5929337384321904
W066,raw,normal,16,f1@0.75,0.438448278931251
W066,raw,normal,16,miou,0.705311274492451
W066,raw,normal,16,n_pred,8.28
W066,raw,normal,16,n_reg,9.36
W066,raw,normal,24,f1@0.5,0.5626895495285588
W066,raw,normal,24,f1@0.75,0.3703195256755628
W066,raw,normal,24,miou,0.6527347738971737
W066,raw,normal,24,n_pred,8.2
W066,raw,normal,24,n_reg,8.88
W066,raw,normal,32,f1@0.5,0.6381148552170224
W066,raw,normal,32,f1@0.75,0.4128860668055714
W066,raw,normal,32,miou,0.7786193028275068
W066,raw,normal,32,n_pred,8.52
W066,raw,normal,32,n_reg,9.4
W066,raw,normal,48,f1@0.5,0.5953592894893205
W066,raw,normal,48,f1@0.75,0.4320029348016964
W066,raw,normal,48,miou,0.7046669170081427
W066,raw,normal,48,n_pred,8.44
W066,raw,normal,48,n_reg,9.48
W066,raw,rgb,4,f1@0.5,0.7368267267648072
W066,raw,rgb,4,f1@0.75,0.5870356389396637
W066,raw,rgb,4,miou,0.9092121049466262
W066,raw,rgb,4,n_pred,7.16
W066,raw,rgb,4,n_reg,7.36
W066,raw,rgb,6,f1@0.5,0.7658275054838523
W066,raw,rgb,6,f1@0.75,0.6184123008054897
W066,raw,rgb,6,miou,0.919099499761692
W066,raw,rgb,6,n_pred,8.32
W066,raw,rgb,6,n_reg,8.72
W066,raw,rgb,8,f1@0.5,0.7360021206863311
W066,raw,rgb,8,f1@0.75,0.5960902898271319
W066,raw,rgb,8,miou,0.9189234496167876
W066,raw,rgb,8,n_pred,8.76
W066,raw,rgb,8,n_reg,9.28
W066,raw,rgb,12,f1@0.5,0.6851326915258804
W066,raw,rgb,12,f1@0.75,0.5444003478461683
W066,raw,rgb,12,miou,0.8312213533764815
W066,raw,rgb,12,n_pred,8.68
W066,raw,rgb,12,n_reg,9.0
W066,raw,rgb,16,f1@0.5,0.6788551417622625
W066,raw,rgb,16,f1@0.75,0.5403531514924704
W066,raw,rgb,16,miou,0.8317879826843722
W066,raw,rgb,16,n_pred,8.56
W066,raw,rgb,16,n_reg,9.24
W066,raw,rgb,24,f1@0.5,0.5404830917874396
W066,raw,rgb,24,f1@0.75,0.4286595143986448
W066,raw,rgb,24,miou,0.8234631030954108
W066,raw,rgb,24,n_pred,12.2
W066,raw,rgb,24,n_reg,12.84
W066,raw,rgb,32,f1@0.5,0.5832023725067202
W066,raw,rgb,32,f1@0.75,0.4621825469216773
W066,raw,rgb,32,miou,0.8231859556796978
W066,raw,rgb,32,n_pred,11.2
W066,raw,rgb,32,n_reg,12.68
W066,raw,rgb,48,f1@0.5,0.5860024008536594
W066,raw,rgb,48,f1@0.75,0.4626323452799425
W066,raw,rgb,48,miou,0.8302360619382172
W066,raw,rgb,48,n_pred,11.0
W066,raw,rgb,48,n_reg,12.56
W067,merged,depth,4,f1@0.5,0.6382071632071632
W067,merged,depth,4,f1@0.75,0.406763838013838
W067,merged,depth,4,miou,0.4758379910106676
W067,merged,depth,4,n_pred,4.375
W067,merged,depth,4,n_reg,4.416666666666667
W067,merged,depth,6,f1@0.5,0.7122686953569306
W067,merged,depth,6,f1@0.75,0.4888083389921625
W067,merged,depth,6,miou,0.4847251298996225
W067,merged,depth,6,n_pred,5.291666666666667
W067,merged,depth,6,n_reg,5.333333333333333
W067,merged,depth,8,f1@0.5,0.7465056729762612
W067,merged,depth,8,f1@0.75,0.5255303383979855
W067,merged,depth,8,miou,0.4870275926178089
W067,merged,depth,8,n_pred,5.75
W067,merged,depth,8,n_reg,5.916666666666667
W067,merged,depth,12,f1@0.5,0.7356317905950259
W067,merged,depth,12,f1@0.75,0.4634037327052032
W067,merged,depth,12,miou,0.6178805273129663
W067,merged,depth,12,n_pred,5.375
W067,merged,depth,12,n_reg,5.416666666666667
W067,merged,depth,16,f1@0.5,0.7356317905950259
W067,merged,depth,16,f1@0.75,0.4686120660385366
W067,merged,depth,16,miou,0.6174405907161965
W067,merged,depth,16,n_pred,5.375
W067,merged,depth,16,n_reg,5.416666666666667
W067,merged,depth,24,f1@0.5,0.8415255496137849
W067,merged,depth,24,f1@0.75,0.6503323677956031
W067,merged,depth,24,miou,0.8281423105556313
W067,merged,depth,24,n_pred,6.291666666666667
W067,merged,depth,24,n_reg,6.458333333333333
W067,merged,depth,32,f1@0.5,0.8338152369789366
W067,merged,depth,32,f1@0.75,0.617220693536483
W067,merged,depth,32,miou,0.627973845660167
W067,merged,depth,32,n_pred,6.75
W067,merged,depth,32,n_reg,6.75
W067,merged,depth,48,f1@0.5,0.8357215550617253
W067,merged,depth,48,f1@0.75,0.5512198048769256
W067,merged,depth,48,miou,0.627373907446268
W067,merged,depth,48,n_pred,6.708333333333333
W067,merged,depth,48,n_reg,6.75
W067,merged,normal,4,f1@0.5,0.714697570947571
W067,merged,normal,4,f1@0.75,0.5911300505050505
W067,merged,normal,4,miou,0.7308496291698722
W067,merged,normal,4,n_pred,4.916666666666667
W067,merged,normal,4,n_reg,4.916666666666667
W067,merged,normal,6,f1@0.5,0.8349752779899838
W067,merged,normal,6,f1@0.75,0.7304341559856266
W067,merged,normal,6,miou,0.7063240499285133
W067,merged,normal,6,n_pred,6.291666666666667
W067,merged,normal,6,n_reg,6.333333333333333
W067,merged,normal,8,f1@0.5,0.8304648979474831
W067,merged,normal,8,f1@0.75,0.7049023191147804
W067,merged,normal,8,miou,0.8465525085602782
W067,merged,normal,8,n_pred,6.875
W067,merged,normal,8,n_reg,6.916666666666667
W067,merged,normal,12,f1@0.5,0.8901645453503039
W067,merged,normal,12,f1@0.75,0.7779870427703245
W067,merged,normal,12,miou,0.856342879075974
W067,merged,normal,12,n_pred,7.25
W067,merged,normal,12,n_reg,7.291666666666667
W067,merged,normal,16,f1@0.5,0.9027546241168533
W067,merged,normal,16,f1@0.75,0.7986381237155231
W067,merged,normal,16,miou,0.8500523219438202
W067,merged,normal,16,n_pred,7.25
W067,merged,normal,16,n_reg,7.25
W067,merged,normal,24,f1@0.5,0.8304648979474831
W067,merged,normal,24,f1@0.75,0.7002726894851508
W067,merged,normal,24,miou,0.8476395618478073
W067,merged,normal,24,n_pred,6.875
W067,merged,normal,24,n_reg,6.916666666666667
W067,merged,normal,32,f1@0.5,0.8304648979474831
W067,merged,normal,32,f1@0.75,0.7141615783740397
W067,merged,normal,32,miou,0.848876316971466
W067,merged,normal,32,n_pred,6.875
W067,merged,normal,32,n_reg,7.0
W067,merged,normal,48,f1@0.5,0.8819845774567137
W067,merged,normal,48,f1@0.75,0.8185256851278523
W067,merged,normal,48,miou,0.8564778222659452
W067,merged,normal,48,n_pred,7.625
W067,merged,normal,48,n_reg,7.75
W067,merged,rgb,4,f1@0.5,0.8420682667006196
W067,merged,rgb,4,f1@0.75,0.7730323189882014
W067,merged,rgb,4,miou,0.7347051922511944
W067,merged,rgb,4,n_pred,6.333333333333333
W067,merged,rgb,4,n_reg,6.333333333333333
W067,merged,rgb,6,f1@0.5,0.8469702274849333
W067,merged,rgb,6,f1@0.75,0.8469702274849333
W067,merged,rgb,6,miou,0.7316847633824796
W067,merged,rgb,6,n_pred,6.333333333333333
W067,merged,rgb,6,n_reg,6.333333333333333
W067,merged,rgb,8,f1@0.5,0.7800145316786183
W067,merged,rgb,8,f1@0.75,0.6362881814894199
W067,merged,rgb,8,miou,0.7845348909749301
W067,merged,rgb,8,n_pred,7.666666666666667
W067,merged,rgb,8,n_reg,7.708333333333333
W067,merged,rgb,12,f1@0.5,0.9045462764503012
W067,merged,rgb,12,f1@0.75,0.8365046130913004
W067,merged,rgb,12,miou,0.8684701550218218
W067,merged,rgb,12,n_pred,7.416666666666667
W067,merged,rgb,12,n_reg,7.416666666666667
W067,merged,rgb,16,f1@0.5,0.8918681862083565
W067,merged,rgb,16,f1@0.75,0.7081722224427333
W067,merged,rgb,16,miou,0.8903851880958474
W067,merged,rgb,16,n_pred,7.375
W067,merged,rgb,16,n_reg,7.416666666666667
W067,merged,rgb,24,f1@0.5,0.7711118112337152
W067,merged,rgb,24,f1@0.75,0.6558881413564076
W067,merged,rgb,24,miou,0.8182421959434504
W067,merged,rgb,24,n_pred,7.333333333333333
W067,merged,rgb,24,n_reg,7.375
W067,merged,rgb,32,f1@0.5,0.9104655019902698
W067,merged,rgb,32,f1@0.75,0.7579107081429063
W067,merged,rgb,32,miou,0.8876618166360596
W067,merged,rgb,32,n_pred,8.125
W067,merged,rgb,32,n_reg,8.125
W067,merged,rgb,48,f1@0.5,0.9129404235828384
W067,merged,rgb,48,f1@0.75,0.747938662644545
W067,merged,rgb,48,miou,0.9001125556042907
W067,merged,rgb,48,n_pred,8.083333333333334
W067,merged,rgb,48,n_reg,8.083333333333334
W067,raw,depth,4,f1@0.5,0.6320827320827321
W067,raw,depth,4,f1@0.75,0.4020232082732082
W067,raw,depth,4,miou,0.475837989507557
W067,raw,depth,4,n_pred,4.5
W067,raw,depth,4,n_reg,4.625
W067,raw,depth,6,f1@0.5,0.6220627605109029
W067,raw,depth,6,f1@0.75,0.3734950585763279
W067,raw,depth,6,miou,0.4847251964276109
W067,raw,depth,6,n_pred,7.041666666666667
W067,raw,depth,6,n_reg,7.25
W067,raw,depth,8,f1@0.5,0.6214014328178414
W067,raw,depth,8,f1@0.75,0.3875122777406059
W067,raw,depth,8,miou,0.4873264197692295
W067,raw,depth,8,n_pred,8.333333333333334
W067,raw,depth,8,n_reg,8.791666666666666
W067,raw,depth,12,f1@0.5,0.6774955436720144
W067,raw,depth,12,f1@0.75,0.4319363982966924
W067,raw,depth,12,miou,0.6178805273129663
W067,raw,depth,12,n_pred,6.375
W067,raw,depth,12,n_reg,6.541666666666667
W067,raw,depth,16,f1@0.5,0.6774955436720144
W067,raw,depth,16,f1@0.75,0.4368383590810061
W067,raw,depth,16,miou,0.6174403875683505
W067,raw,depth,16,n_pred,6.375
W067,raw,depth,16,n_reg,6.541666666666667
W067,raw,depth,24,f1@0.5,0.7260692280429123
W067,raw,depth,24,f1@0.75,0.549584212084212
W067,raw,depth,24,miou,0.8281427869876438
W067,raw,depth,24,n_pred,8.5
W067,raw,depth,24,n_reg,9.166666666666666
W067,raw,depth,32,f1@0.5,0.6648027244494635
W067,raw,depth,32,f1@0.75,0.4081979212413995
W067,raw,depth,32,miou,0.62826331348234
W067,raw,depth,32,n_pred,10.5
W067,raw,depth,32,n_reg,10.791666666666666
W067,raw,depth,48,f1@0.5,0.6892904610009873
W067,raw,depth,48,f1@0.75,0.4167271081744765
W067,raw,depth,48,miou,0.6276650370570298
W067,raw,depth,48,n_pred,9.75
W067,raw,depth,48,n_reg,10.041666666666666
W067,raw,normal,4,f1@0.5,0.6283123943050414
W067,raw,normal,4,f1@0.75,0.4123810693663635
W067,raw,normal,4,miou,0.7308496291698722
W067,raw,normal,4,n_pred,6.666666666666667
W067,raw,normal,4,n_reg,6.666666666666667
W067,raw,normal,6,f1@0.5,0.7026094884647516
W067,raw,normal,6,f1@0.75,0.5213454308849045
W067,raw,normal,6,miou,0.7063240499285133
W067,raw,normal,6,n_pred,9.0
W067,raw,normal,6,n_reg,9.291666666666666
W067,raw,normal,8,f1@0.5,0.736036307746834
W067,raw,normal,8,f1@0.75,0.5308029446187341
W067,raw,normal,8,miou,0.8465525085602782
W067,raw,normal,8,n_pred,8.708333333333334
W067,raw,normal,8,n_reg,9.041666666666666
W067,raw,normal,12,f1@0.5,0.7589165464165464
W067,raw,normal,12,f1@0.75,0.5752224627224627
W067,raw,normal,12,miou,0.856342879075974
W067,raw,normal,12,n_pred,9.916666666666666
W067,raw,normal,12,n_reg,10.166666666666666
W067,raw,normal,16,f1@0.5,0.7390262154488497
W067,raw,normal,16,f1@0.75,0.5703509143007225
W067,raw,normal,16,miou,0.8500523219438202
W067,raw,normal,16,n_pred,10.791666666666666
W067,raw,normal,16,n_reg,11.166666666666666
W067,raw,normal,24,f1@0.5,0.7033443773575353
W067,raw,normal,24,f1@0.75,0.5044005215057846
W067,raw,normal,24,miou,0.8476395618478073
W067,raw,normal,24,n_pred,9.583333333333334
W067,raw,normal,24,n_reg,9.916666666666666
W067,raw,normal,32,f1@0.5,0.6983119098250676
W067,raw,normal,32,f1@0.75,0.513220867826131
W067,raw,normal,32,miou,0.8489122598153666
W067,raw,normal,32,n_pred,9.75
W067,raw,normal,32,n_reg,10.583333333333334
W067,raw,normal,48,f1@0.5,0.7466200566744045
W067,raw,normal,48,f1@0.75,0.6041399371562415
W067,raw,normal,48,miou,0.8565008793376955
W067,raw,normal,48,n_pred,10.5
W067,raw,normal,48,n_reg,11.458333333333334
W067,raw,rgb,4,f1@0.5,0.7177109440267335
W067,raw,rgb,4,f1@0.75,0.5631892230576441
W067,raw,rgb,4,miou,0.7347051922511944
W067,raw,rgb,4,n_pred,8.583333333333334
W067,raw,rgb,4,n_reg,8.583333333333334
W067,raw,rgb,6,f1@0.5,0.6607161844003949
W067,raw,rgb,6,f1@0.75,0.5309001670843776
W067,raw,rgb,6,miou,0.7317967196926191
W067,raw,rgb,6,n_pred,10.083333333333334
W067,raw,rgb,6,n_reg,10.291666666666666
W067,raw,rgb,8,f1@0.5,0.5988993267318076
W067,raw,rgb,8,f1@0.75,0.3843553775011575
W067,raw,rgb,8,miou,0.7847446669249095
W067,raw,rgb,8,n_pred,12.375
W067,raw,rgb,8,n_reg,12.833333333333334
W067,raw,rgb,12,f1@0.5,0.5672919612064349
W067,raw,rgb,12,f1@0.75,0.4047233691422288
W067,raw,rgb,12,miou,0.8685963112964682
W067,raw,rgb,12,n_pred,15.5
W067,raw,rgb,12,n_reg,15.75
W067,raw,rgb,16,f1@0.5,0.5528185119451889
W067,raw,rgb,16,f1@0.75,0.3228302263325483
W067,raw,rgb,16,miou,0.8906755610373
W067,raw,rgb,16,n_pred,15.375
W067,raw,rgb,16,n_reg,15.916666666666666
W067,raw,rgb,24,f1@0.5,0.4668234319958457
W067,raw,rgb,24,f1@0.75,0.1544812966939403
W067,raw,rgb,24,miou,0.8184529947447953
W067,raw,rgb,24,n_pred,15.833333333333334
W067,raw,rgb,24,n_reg,16.625
W067,raw,rgb,32,f1@0.5,0.5511103638554619
W067,raw,rgb,32,f1@0.75,0.2961723796324878
W067,raw,rgb,32,miou,0.887954717169937
W067,raw,rgb,32,n_pred,16.958333333333332
W067,raw,rgb,32,n_reg,17.708333333333332
W067,raw,rgb,48,f1@0.5,0.5469324111142907
W067,raw,rgb,48,f1@0.75,0.2787926435745908
W067,raw,rgb,48,miou,0.9004127989874093
W067,raw,rgb,48,n_pred,17.375
W067,raw,rgb,48,n_reg,18.666666666666668
W068,merged,depth,4,f1@0.5,0.7760010939107579
W068,merged,depth,4,f1@0.75,0.5383170109535655
W068,merged,depth,4,miou,0.5034313546051506
W068,merged,depth,4,n_pred,6.035714285714286
W068,merged,depth,4,n_reg,6.071428571428571
W068,merged,depth,6,f1@0.5,0.7465232906437019
W068,merged,depth,6,f1@0.75,0.5642428146574542
W068,merged,depth,6,miou,0.6406223576667153
W068,merged,depth,6,n_pred,6.571428571428571
W068,merged,depth,6,n_reg,6.714285714285714
W068,merged,depth,8,f1@0.5,0.7746734299780519
W068,merged,depth,8,f1@0.75,0.6193760837668402
W068,merged,depth,8,miou,0.6424838653899976
W068,merged,depth,8,n_pred,5.892857142857143
W068,merged,depth,8,n_reg,6.035714285714286
W068,merged,depth,12,f1@0.5,0.8879025573546803
W068,merged,depth,12,f1@0.75,0.8455389133324781
W068,merged,depth,12,miou,0.8049580138437501
W068,merged,depth,12,n_pred,7.642857142857143
W068,merged,depth,12,n_reg,7.785714285714286
W068,merged,depth,16,f1@0.5,0.8688430037086604
W068,merged,depth,16,f1@0.75,0.8138697105636512
W068,merged,depth,16,miou,0.7774638143406315
W068,merged,depth,16,n_pred,7.535714285714286
W068,merged,depth,16,n_reg,7.785714285714286
W068,merged,depth,24,f1@0.5,0.8297209952561566
W068,merged,depth,24,f1@0.75,0.7687415715887631
W068,merged,depth,24,miou,0.7545313467196646
W068,merged,depth,24,n_pred,7.535714285714286
W068,merged,depth,24,n_reg,7.785714285714286
W068,merged,depth,32,f1@0.5,0.8886857653747304
W068,merged,depth,32,f1@0.75,0.838803324360047
W068,merged,depth,32,miou,0.8139676341758666
W068,merged,depth,32,n_pred,7.607142857142857
W068,merged,depth,32,n_reg,7.785714285714286
W068,merged,depth,48,f1@0.5,0.8942875674990889
W068,merged,depth,48,f1@0.75,0.84010129969053
W068,merged,depth,48,miou,0.8246365250559199
W068,merged,depth,48,n_pred,7.642857142857143
W068,merged,depth,48,n_reg,7.821428571428571
W068,merged,normal,4,f1@0.5,0.6865581838796124
W068,merged,normal,4,f1@0.75,0.6667169140383427
W068,merged,normal,4,miou,0.5716067499002667
W068,merged,normal,4,n_pred,4.678571428571429
W068,merged,normal,4,n_reg,4.785714285714286
W068,merged,normal,6,f1@0.5,0.655318630948883
W068,merged,normal,6,f1@0.75,0.6430737329896994
W068,merged,normal,6,miou,0.5654928658999107
W068,merged,normal,6,n_pred,5.428571428571429
W068,merged,normal,6,n_reg,5.428571428571429
W068,merged,normal,8,f1@0.5,0.7304209795806434
W068,merged,normal,8,f1@0.75,0.6461772821016519
W068,merged,normal,8,miou,0.6841138016778825
W068,merged,normal,8,n_pred,6.285714285714286
W068,merged,normal,8,n_reg,6.285714285714286
W068,merged,normal,12,f1@0.5,0.7686705451411334
W068,merged,normal,12,f1@0.75,0.6983274078862314
W068,merged,normal,12,miou,0.6875444591304262
W068,merged,normal,12,n_pred,5.5
W068,merged,normal,12,n_reg,5.5
W068,merged,normal,16,f1@0.5,0.8146089204912734
W068,merged,normal,16,f1@0.75,0.7387685843568196
W068,merged,normal,16,miou,0.68318613271451
W068,merged,normal,16,n_pred,6.178571428571429
W068,merged,normal,16,n_reg,6.285714285714286
W068,merged,normal,24,f1@0.5,0.7433729260935144
W068,merged,normal,24,f1@0.75,0.6624757595345832
W068,merged,normal,24,miou,0.6732267899294755
W068,merged,normal,24,n_pred,5.5
W068,merged,normal,24,n_reg,5.5
W068,merged,normal,32,f1@0.5,0.7505157832363716
W068,merged,normal,32,f1@0.75,0.6553329023917259
W068,merged,normal,32,miou,0.6704344153096339
W068,merged,normal,32,n_pred,5.5
W068,merged,normal,32,n_reg,5.5
W068,merged,normal,48,f1@0.5,0.8426482754186203
W068,merged,normal,48,f1@0.75,0.7275059266130695
W068,merged,normal,48,miou,0.7813795393706349
W068,merged,normal,48,n_pred,7.178571428571429
W068,merged,normal,48,n_reg,7.321428571428571
W068,merged,rgb,4,f1@0.5,0.6909870883085169
W068,merged,rgb,4,f1@0.75,0.6111543218686075
W068,merged,rgb,4,miou,0.5892902118499527
W068,merged,rgb,4,n_pred,4.75
W068,merged,rgb,4,n_reg,4.785714285714286
W068,merged,rgb,6,f1@0.5,0.8486946806081039
W068,merged,rgb,6,f1@0.75,0.836789918703342
W068,merged,rgb,6,miou,0.7355355852309884
W068,merged,rgb,6,n_pred,6.714285714285714
W068,merged,rgb,6,n_reg,6.821428571428571
W068,merged,rgb,8,f1@0.5,0.8987221044717728
W068,merged,rgb,8,f1@0.75,0.7930370234218088
W068,merged,rgb,8,miou,0.892575357555678
W068,merged,rgb,8,n_pred,7.714285714285714
W068,merged,rgb,8,n_reg,7.785714285714286
W068,merged,rgb,12,f1@0.5,0.9294881947994508
W068,merged,rgb,12,f1@0.75,0.8810472394699506
W068,merged,rgb,12,miou,0.9017549296604468
W068,merged,rgb,12,n_pred,7.571428571428571
W068,merged,rgb,12,n_reg,7.607142857142857
W068,merged,rgb,16,f1@0.5,0.880194869016187
W068,merged,rgb,16,f1@0.75,0.7729881266701257
W068,merged,rgb,16,miou,0.8830883947700805
W068,merged,rgb,16,n_pred,7.714285714285714
W068,merged,rgb,16,n_reg,7.785714285714286
W068,merged,rgb,24,f1@0.5,0.8593836497916552
W068,merged,rgb,24,f1@0.75,0.7626709734930655
W068,merged,rgb,24,miou,0.8939165029218383
W068,merged,rgb,24,n_pred,7.285714285714286
W068,merged,rgb,24,n_reg,7.321428571428571
W068,merged,rgb,32,f1@0.5,0.9306084993806136
W068,merged,rgb,32,f1@0.75,0.8838540081104211
W068,merged,rgb,32,miou,0.902556936662095
W068,merged,rgb,32,n_pred,7.928571428571429
W068,merged,rgb,32,n_reg,8.035714285714286
W068,merged,rgb,48,f1@0.5,0.8638270938359395
W068,merged,rgb,48,f1@0.75,0.7556610203890168
W068,merged,rgb,48,miou,0.8624543531211906
W068,merged,rgb,48,n_pred,8.0
W068,merged,rgb,48,n_reg,8.071428571428571
W068,raw,depth,4,f1@0.5,0.7544476473573113
W068,raw,depth,4,f1@0.75,0.4992338718704264
W068,raw,depth,4,miou,0.503447206791135
W068,raw,depth,4,n_pred,6.392857142857143
W068,raw,depth,4,n_reg,6.607142857142857
W068,raw,depth,6,f1@0.5,0.7045217255715929
W068,raw,depth,6,f1@0.75,0.5422435367841162
W068,raw,depth,6,miou,0.6409426552767539
W068,raw,depth,6,n_pred,7.0
W068,raw,depth,6,n_reg,7.464285714285714
W068,raw,depth,8,f1@0.5,0.6895275111025885
W068,raw,depth,8,f1@0.75,0.5775490763106862
W068,raw,depth,8,miou,0.6427198787335522
W068,raw,depth,8,n_pred,7.0
W068,raw,depth,8,n_reg,7.464285714285714
W068,raw,depth,12,f1@0.5,0.713220050359254
W068,raw,depth,12,f1@0.75,0.5180052430417794
W068,raw,depth,12,miou,0.804976683023088
W068,raw,depth,12,n_pred,11.285714285714286
W068,raw,depth,12,n_reg,11.857142857142858
W068,raw,depth,16,f1@0.5,0.7598320022829185
W068,raw,depth,16,f1@0.75,0.6762169521785554
W068,raw,depth,16,miou,0.7774895906329056
W068,raw,depth,16,n_pred,9.964285714285714
W068,raw,depth,16,n_reg,10.892857142857142
W068,raw,depth,24,f1@0.5,0.732721875935729
W068,raw,depth,24,f1@0.75,0.658651612645613
W068,raw,depth,24,miou,0.7545542408962296
W068,raw,depth,24,n_pred,9.785714285714286
W068,raw,depth,24,n_reg,10.857142857142858
W068,raw,depth,32,f1@0.5,0.7401902043962358
W068,raw,depth,32,f1@0.75,0.6025354440155029
W068,raw,depth,32,miou,0.8139898028977789
W068,raw,depth,32,n_pred,10.428571428571429
W068,raw,depth,32,n_reg,11.071428571428571
W068,raw,depth,48,f1@0.5,0.7419711826658302
W068,raw,depth,48,f1@0.75,0.5835796183782118
W068,raw,depth,48,miou,0.8246560211599503
W068,raw,depth,48,n_pred,10.892857142857142
W068,raw,depth,48,n_reg,11.785714285714286
W068,raw,normal,4,f1@0.5,0.5808247075053797
W068,raw,normal,4,f1@0.75,0.461668828370509
W068,raw,normal,4,miou,0.5716067499002667
W068,raw,normal,4,n_pred,6.571428571428571
W068,raw,normal,4,n_reg,6.678571428571429
W068,raw,normal,6,f1@0.5,0.5966053554288848
W068,raw,normal,6,f1@0.75,0.475462772521596
W068,raw,normal,6,miou,0.5654928658999107
W068,raw,normal,6,n_pred,6.5
W068,raw,normal,6,n_reg,6.571428571428571
W068,raw,normal,8,f1@0.5,0.6434324392252301
W068,raw,normal,8,f1@0.75,0.4597120890436901
W068,raw,normal,8,miou,0.6841138016778825
W068,raw,normal,8,n_pred,8.071428571428571
W068,raw,normal,8,n_reg,8.25
W068,raw,normal,12,f1@0.5,0.644745464435314
W068,raw,normal,12,f1@0.75,0.4760089586687331
W068,raw,normal,12,miou,0.6875444591304262
W068,raw,normal,12,n_pred,8.035714285714286
W068,raw,normal,12,n_reg,8.214285714285714
W068,raw,normal,16,f1@0.5,0.7136938771337268
W068,raw,normal,16,f1@0.75,0.5445951969918135
W068,raw,normal,16,miou,0.68318613271451
W068,raw,normal,16,n_pred,8.035714285714286
W068,raw,normal,16,n_reg,9.142857142857142
W068,raw,normal,24,f1@0.5,0.646993480866767
W068,raw,normal,24,f1@0.75,0.469507586189917
W068,raw,normal,24,miou,0.6732267899294755
W068,raw,normal,24,n_pred,7.357142857142857
W068,raw,normal,24,n_reg,7.964285714285714
W068,raw,normal,32,f1@0.5,0.6260138928593152
W068,raw,normal,32,f1@0.75,0.4237222226026959
W068,raw,normal,32,miou,0.6704349960891927
W068,raw,normal,32,n_pred,8.142857142857142
W068,raw,normal,32,n_reg,9.142857142857142
W068,raw,normal,48,f1@0.5,0.7204155788189401
W068,raw,normal,48,f1@0.75,0.5211104022028391
W068,raw,normal,48,miou,0.7813795393706349
W068,raw,normal,48,n_pred,9.678571428571429
W068,raw,normal,48,n_reg,10.928571428571429
W068,raw,rgb,4,f1@0.5,0.5514134444723785
W068,raw,rgb,4,f1@0.75,0.3916848769320021
W068,raw,rgb,4,miou,0.5893225761116762
W068,raw,rgb,4,n_pred,7.571428571428571
W068,raw,rgb,4,n_reg,7.714285714285714
W068,raw,rgb,6,f1@0.5,0.6919293112902135
W068,raw,rgb,6,f1@0.75,0.5982080367418713
W068,raw,rgb,6,miou,0.7355702423524694
W068,raw,rgb,6,n_pred,9.857142857142858
W068,raw,rgb,6,n_reg,10.357142857142858
W068,raw,rgb,8,f1@0.5,0.696331709181088
W068,raw,rgb,8,f1@0.75,0.5172842159565761
W068,raw,rgb,8,miou,0.8926091070707407
W068,raw,rgb,8,n_pred,11.928571428571429
W068,raw,rgb,8,n_reg,12.75
W068,raw,rgb,12,f1@0.5,0.6796328309371787
W068,raw,rgb,12,f1@0.75,0.5387774523004702
W068,raw,rgb,12,miou,0.901785113261424
W068,raw,rgb,12,n_pred,13.285714285714286
W068,raw,rgb,12,n_reg,13.785714285714286
W068,raw,rgb,16,f1@0.5,0.6746984883950541
W068,raw,rgb,16,f1@0.75,0.5400050253708456
W068,raw,rgb,16,miou,0.883119347774794
W068,raw,rgb,16,n_pred,12.321428571428571
W068,raw,rgb,16,n_reg,12.785714285714286
W068,raw,rgb,24,f1@0.5,0.6052361311617508
W068,raw,rgb,24,f1@0.75,0.3791998862081838
W068,raw,rgb,24,miou,0.8939474712439793
W068,raw,rgb,24,n_pred,13.107142857142858
W068,raw,rgb,24,n_reg,13.571428571428571
W068,raw,rgb,32,f1@0.5,0.6635323445617562
W068,raw,rgb,32,f1@0.75,0.4716968240287568
W068,raw,rgb,32,miou,0.9025863967124272
W068,raw,rgb,32,n_pred,13.892857142857142
W068,raw,rgb,32,n_reg,15.071428571428571
W068,raw,rgb,48,f1@0.5,0.5605947876401934
W068,raw,rgb,48,f1@0.75,0.388540872595274
W068,raw,rgb,48,miou,0.8641693234017476
W068,raw,rgb,48,n_pred,15.928571428571429
W068,raw,rgb,48,n_reg,16.571428571428573
W069,merged,depth,4,f1@0.5,0.8053643578643579
W069,merged,depth,4,f1@0.75,0.5988104433692669
W069,merged,depth,4,miou,0.5781952029740643
W069,merged,depth,4,n_pred,6.4
W069,merged,depth,4,n_reg,6.4
W069,merged,depth,6,f1@0.5,0.9196484251902208
W069,merged,depth,6,f1@0.75,0.7764526105702576
W069,merged,depth,6,miou,0.8100076917207496
W069,merged,depth,6,n_pred,7.5
W069,merged,depth,6,n_reg,7.5
W069,merged,depth,8,f1@0.5,0.8524472798157009
W069,merged,depth,8,f1@0.75,0.7413845368024935
W069,merged,depth,8,miou,0.7715633696662584
W069,merged,depth,8,n_pred,7.066666666666666
W069,merged,depth,8,n_reg,7.066666666666666
W069,merged,depth,12,f1@0.5,0.9100790471997902
W069,merged,depth,12,f1@0.75,0.8096368784294481
W069,merged,depth,12,miou,0.8151699210672809
W069,merged,depth,12,n_pred,7.5
W069,merged,depth,12,n_reg,7.5
W069,merged,depth,16,f1@0.5,0.887887223429019
W069,merged,depth,16,f1@0.75,0.7178871432431804
W069,merged,depth,16,miou,0.7478915670196032
W069,merged,depth,16,n_pred,7.266666666666667
W069,merged,depth,16,n_reg,7.266666666666667
W069,merged,depth,24,f1@0.5,0.8984628855836285
W069,merged,depth,24,f1@0.75,0.7625024797470618
W069,merged,depth,24,miou,0.801317626385286
W069,merged,depth,24,n_pred,7.5
W069,merged,depth,24,n_reg,7.5
W069,merged,depth,32,f1@0.5,0.8984628855836285
W069,merged,depth,32,f1@0.75,0.791375315431043
W069,merged,depth,32,miou,0.8040052039075355
W069,merged,depth,32,n_pred,7.5
W069,merged,depth,32,n_reg,7.5
W069,merged,depth,48,f1@0.5,0.906472809383026
W069,merged,depth,48,f1@0.75,0.801082813528634
W069,merged,depth,48,miou,0.8219811417755608
W069,merged,depth,48,n_pred,7.533333333333333
W069,merged,depth,48,n_reg,7.6
W069,merged,normal,4,f1@0.5,0.7366956899309841
W069,merged,normal,4,f1@0.75,0.6454236939531057
W069,merged,normal,4,miou,0.5639395731408359
W069,merged,normal,4,n_pred,5.133333333333334
W069,merged,normal,4,n_reg,5.133333333333334
W069,merged,normal,6,f1@0.5,0.7855223099340747
W069,merged,normal,6,f1@0.75,0.6086361514302692
W069,merged,normal,6,miou,0.6155043192282219
W069,merged,normal,6,n_pred,5.833333333333333
W069,merged,normal,6,n_reg,5.866666666666666
W069,merged,normal,8,f1@0.5,0.8261283705401353
W069,merged,normal,8,f1@0.75,0.718825863678805
W069,merged,normal,8,miou,0.7033022142884969
W069,merged,normal,8,n_pred,6.066666666666666
W069,merged,normal,8,n_reg,6.1
W069,merged,normal,12,f1@0.5,0.826079350932292
W069,merged,normal,12,f1@0.75,0.7165219421101774
W069,merged,normal,12,miou,0.7007027694087877
W069,merged,normal,12,n_pred,6.066666666666666
W069,merged,normal,12,n_reg,6.066666666666666
W069,merged,normal,16,f1@0.5,0.8236283705401353
W069,merged,normal,16,f1@0.75,0.7150023342670402
W069,merged,normal,16,miou,0.7018536890659156
W069,merged,normal,16,n_pred,6.033333333333333
W069,merged,normal,16,n_reg,6.066666666666666
W069,merged,normal,24,f1@0.5,0.8194617038734686
W069,merged,normal,24,f1@0.75,0.7416690009337068
W069,merged,normal,24,miou,0.7006654751751732
W069,merged,normal,24,n_pred,6.033333333333333
W069,merged,normal,24,n_reg,6.166666666666667
W069,merged,normal,32,f1@0.5,0.826079350932292
W069,merged,normal,32,f1@0.75,0.7059337068160597
W069,merged,normal,32,miou,0.7033693566199166
W069,merged,normal,32,n_pred,6.066666666666666
W069,merged,normal,32,n_reg,6.2
W069,merged,normal,48,f1@0.5,0.8236283705401353
W069,merged,normal,48,f1@0.75,0.7138258636788049
W069,merged,normal,48,miou,0.7030582370697228
W069,merged,normal,48,n_pred,6.033333333333333
W069,merged,normal,48,n_reg,6.166666666666667
W069,merged,rgb,4,f1@0.5,0.7411401343754285
W069,merged,rgb,4,f1@0.75,0.7137897070250011
W069,merged,rgb,4,miou,0.5685034127193637
W069,merged,rgb,4,n_pred,5.133333333333334
W069,merged,rgb,4,n_reg,5.133333333333334
W069,merged,rgb,6,f1@0.5,0.8647701807995926
W069,merged,rgb,6,f1@0.75,0.856304572333984
W069,merged,rgb,6,miou,0.7338911090410339
W069,merged,rgb,6,n_pred,6.6
W069,merged,rgb,6,n_reg,6.6
W069,merged,rgb,8,f1@0.5,0.92312423071711
W069,merged,rgb,8,f1@0.75,0.8683790091917026
W069,merged,rgb,8,miou,0.9024197291816206
W069,merged,rgb,8,n_pred,7.566666666666666
W069,merged,rgb,8,n_reg,7.666666666666667
W069,merged,rgb,12,f1@0.5,0.9303983391909088
W069,merged,rgb,12,f1@0.75,0.8923656506319044
W069,merged,rgb,12,miou,0.9080261516863628
W069,merged,rgb,12,n_pred,7.566666666666666
W069,merged,rgb,12,n_reg,7.7
W069,merged,rgb,16,f1@0.5,0.9231858635573804
W069,merged,rgb,16,f1@0.75,0.863117505129889
W069,merged,rgb,16,miou,0.9019936881256092
W069,merged,rgb,16,n_pred,7.566666666666666
W069,merged,rgb,16,n_reg,7.7
W069,merged,rgb,24,f1@0.5,0.9238202778760054
W069,merged,rgb,24,f1@0.75,0.8412336912027314
W069,merged,rgb,24,miou,0.8958685439249464
W069,merged,rgb,24,n_pred,7.8
W069,merged,rgb,24,n_reg,7.933333333333334
W069,merged,rgb,32,f1@0.5,0.8973763173530975
W069,merged,rgb,32,f1@0.75,0.821957422522438
W069,merged,rgb,32,miou,0.9034785556478676
W069,merged,rgb,32,n_pred,7.066666666666666
W069,merged,rgb,32,n_reg,7.066666666666666
W069,merged,rgb,48,f1@0.5,0.9218213411402266
W069,merged,rgb,48,f1@0.75,0.861752982712735
W069,merged,rgb,48,miou,0.8994696522387816
W069,merged,rgb,48,n_pred,7.6
W069,merged,rgb,48,n_reg,7.633333333333334
W069,raw,depth,4,f1@0.5,0.7935996519820049
W069,raw,depth,4,f1@0.75,0.5855984919220213
W069,raw,depth,4,miou,0.5781952029740643
W069,raw,depth,4,n_pred,6.6
W069,raw,depth,4,n_reg,6.6
W069,raw,depth,6,f1@0.5,0.9079584158531528
W069,raw,depth,6,f1@0.75,0.7615817733464793
W069,raw,depth,6,miou,0.8100076917207496
W069,raw,depth,6,n_pred,7.7
W069,raw,depth,6,n_reg,7.733333333333333
W069,raw,depth,8,f1@0.5,0.8136367385051596
W069,raw,depth,8,f1@0.75,0.6257963235594814
W069,raw,depth,8,miou,0.7715633696662584
W069,raw,depth,8,n_pred,7.866666666666666
W069,raw,depth,8,n_reg,7.933333333333334
W069,raw,depth,12,f1@0.5,0.8683039426460479
W069,raw,depth,12,f1@0.75,0.692860954834639
W069,raw,depth,12,miou,0.8151699210672809
W069,raw,depth,12,n_pred,8.333333333333334
W069,raw,depth,12,n_reg,8.6
W069,raw,depth,16,f1@0.5,0.8783677831742848
W069,raw,depth,16,f1@0.75,0.7102220686663412
W069,raw,depth,16,miou,0.7478915670196032
W069,raw,depth,16,n_pred,7.433333333333334
W069,raw,depth,16,n_reg,7.5
W069,raw,depth,24,f1@0.5,0.8549110446943264
W069,raw,depth,24,f1@0.75,0.6453375714985622
W069,raw,depth,24,miou,0.801317626385286
W069,raw,depth,24,n_pred,8.366666666666667
W069,raw,depth,24,n_reg,8.5
W069,raw,depth,32,f1@0.5,0.8588245331666384
W069,raw,depth,32,f1@0.75,0.675782477756162
W069,raw,depth,32,miou,0.8040052039075355
W069,raw,depth,32,n_pred,8.3
W069,raw,depth,32,n_reg,8.533333333333333
W069,raw,depth,48,f1@0.5,0.8986962885182699
W069,raw,depth,48,f1@0.75,0.7938019353654029
W069,raw,depth,48,miou,0.8219823909924024
W069,raw,depth,48,n_pred,7.666666666666667
W069,raw,depth,48,n_reg,7.933333333333334
W069,raw,normal,4,f1@0.5,0.6672759997140802
W069,raw,normal,4,f1@0.75,0.4990150696110448
W069,raw,normal,4,miou,0.5639395731408359
W069,raw,normal,4,n_pred,6.666666666666667
W069,raw,normal,4,n_reg,6.766666666666667
W069,raw,normal,6,f1@0.5,0.7431965483203873
W069,raw,normal,6,f1@0.75,0.5768663454421968
W069,raw,normal,6,miou,0.6155043192282219
W069,raw,normal,6,n_pred,6.666666666666667
W069,raw,normal,6,n_reg,6.933333333333334
W069,raw,normal,8,f1@0.5,0.7084903400692875
W069,raw,normal,8,f1@0.75,0.5388662993926151
W069,raw,normal,8,miou,0.7033022142884969
W069,raw,normal,8,n_pred,8.566666666666666
W069,raw,normal,8,n_reg,8.666666666666666
W069,raw,normal,12,f1@0.5,0.7523805800895584
W069,raw,normal,12,f1@0.75,0.5696408579380716
W069,raw,normal,12,miou,0.7007027694087877
W069,raw,normal,12,n_pred,7.633333333333334
W069,raw,normal,12,n_reg,7.666666666666667
W069,raw,normal,16,f1@0.5,0.679267472293788
W069,raw,normal,16,f1@0.75,0.5136284573126678
W069,raw,normal,16,miou,0.7018536890659156
W069,raw,normal,16,n_pred,9.266666666666667
W069,raw,normal,16,n_reg,9.4
W069,raw,normal,24,f1@0.5,0.7448344271254488
W069,raw,normal,24,f1@0.75,0.5931438965804291
W069,raw,normal,24,miou,0.7007145223041644
W069,raw,normal,24,n_pred,7.633333333333334
W069,raw,normal,24,n_reg,8.266666666666667
W069,raw,normal,32,f1@0.5,0.679366948840633
W069,raw,normal,32,f1@0.75,0.5048855822540033
W069,raw,normal,32,miou,0.7033711786371314
W069,raw,normal,32,n_pred,9.333333333333334
W069,raw,normal,32,n_reg,10.1
W069,raw,normal,48,f1@0.5,0.7038704570283517
W069,raw,normal,48,f1@0.75,0.5320120425383583
W069,raw,normal,48,miou,0.703059165721838
W069,raw,normal,48,n_pred,8.6
W069,raw,normal,48,n_reg,9.233333333333333
W069,raw,rgb,4,f1@0.5,0.6698903787990476
W069,raw,rgb,4,f1@0.75,0.5487235840641413
W069,raw,rgb,4,miou,0.5685034127193637
W069,raw,rgb,4,n_pred,6.7
W069,raw,rgb,4,n_reg,6.7
W069,raw,rgb,6,f1@0.5,0.789077781523602
W069,raw,rgb,6,f1@0.75,0.703548762898608
W069,raw,rgb,6,miou,0.7338911090410339
W069,raw,rgb,6,n_pred,8.2
W069,raw,rgb,6,n_reg,8.433333333333334
W069,raw,rgb,8,f1@0.5,0.7645584297845706
W069,raw,rgb,8,f1@0.75,0.65166546197405
W069,raw,rgb,8,miou,0.9024481872126462
W069,raw,rgb,8,n_pred,11.0
W069,raw,rgb,8,n_reg,11.433333333333334
W069,raw,rgb,12,f1@0.5,0.6518606763606763
W069,raw,rgb,12,f1@0.75,0.498532079032079
W069,raw,rgb,12,miou,0.9081229443355624
W069,raw,rgb,12,n_pred,13.666666666666666
W069,raw,rgb,12,n_reg,14.033333333333331
W069,raw,rgb,16,f1@0.5,0.7019654684616321
W069,raw,rgb,16,f1@0.75,0.5910839139074433
W069,raw,rgb,16,miou,0.9020900297040968
W069,raw,rgb,16,n_pred,12.733333333333333
W069,raw,rgb,16,n_reg,13.1
W069,raw,rgb,24,f1@0.5,0.6881355342582964
W069,raw,rgb,24,f1@0.75,0.541148770098898
W069,raw,rgb,24,miou,0.8959654644490691
W069,raw,rgb,24,n_pred,13.233333333333333
W069,raw,rgb,24,n_reg,14.1
W069,raw,rgb,32,f1@0.5,0.6801578147626741
W069,raw,rgb,32,f1@0.75,0.5554605749465085
W069,raw,rgb,32,miou,0.9035224932404746
W069,raw,rgb,32,n_pred,12.166666666666666
W069,raw,rgb,32,n_reg,12.3
W069,raw,rgb,48,f1@0.5,0.7051041598356176
W069,raw,rgb,48,f1@0.75,0.5940047403576815
W069,raw,rgb,48,miou,0.8995489015518732
W069,raw,rgb,48,n_pred,12.666666666666666
W069,raw,rgb,48,n_reg,13.0
W070,merged,depth,4,f1@0.5,0.6544880406949373
W070,merged,depth,4,f1@0.75,0.4960384443143063
W070,merged,depth,4,miou,0.6389986074452484
W070,merged,depth,4,n_pred,4.0
W070,merged,depth,4,n_reg,4.0
W070,merged,depth,6,f1@0.5,0.664946834774421
W070,merged,depth,6,f1@0.75,0.5141805512495168
W070,merged,depth,6,miou,0.6083370084211764
W070,merged,depth,6,n_pred,4.310344827586207
W070,merged,depth,6,n_reg,4.310344827586207
W070,merged,depth,8,f1@0.5,0.7924953680531774
W070,merged,depth,8,f1@0.75,0.6902180307859822
W070,merged,depth,8,miou,0.6777197031705389
W070,merged,depth,8,n_pred,5.586206896551724
W070,merged,depth,8,n_reg,5.655172413793103
W070,merged,depth,12,f1@0.5,0.830297107018576
W070,merged,depth,12,f1@0.75,0.6987622107084047
W070,merged,depth,12,miou,0.6799617458818374
W070,merged,depth,12,n_pred,6.137931034482759
W070,merged,depth,12,n_reg,6.206896551724138
W070,merged,depth,16,f1@0.5,0.830297107018576
W070,merged,depth,16,f1@0.75,0.6918656589842669
W070,merged,depth,16,miou,0.682046763638185
W070,merged,depth,16,n_pred,6.137931034482759
W070,merged,depth,16,n_reg,6.206896551724138
W070,merged,depth,24,f1@0.5,0.6345681420225031
W070,merged,depth,24,f1@0.75,0.3608722976370035
W070,merged,depth,24,miou,0.3681124658947496
W070,merged,depth,24,n_pred,4.758620689655173
W070,merged,depth,24,n_reg,4.758620689655173
W070,merged,depth,32,f1@0.5,0.589615673580657
W070,merged,depth,32,f1@0.75,0.3241129438631306
W070,merged,depth,32,miou,0.3700540657518934
W070,merged,depth,32,n_pred,5.586206896551724
W070,merged,depth,32,n_reg,5.586206896551724
W070,merged,depth,48,f1@0.5,0.7840775181545973
W070,merged,depth,48,f1@0.75,0.5823861624064464
W070,merged,depth,48,miou,0.678840280051888
W070,merged,depth,48,n_pred,5.620689655172414
W070,merged,depth,48,n_reg,5.758620689655173
W070,merged,normal,4,f1@0.5,0.7107056736367082
W070,merged,normal,4,f1@0.75,0.5386033506723161
W070,merged,normal,4,miou,0.6943645346031297
W070,merged,normal,4,n_pred,4.586206896551724
W070,merged,normal,4,n_reg,4.586206896551724
W070,merged,normal,6,f1@0.5,0.7420516603072385
W070,merged,normal,6,f1@0.75,0.6549914419589876
W070,merged,normal,6,miou,0.6997226686637417
W070,merged,normal,6,n_pred,5.620689655172414
W070,merged,normal,6,n_reg,5.620689655172414
W070,merged,normal,8,f1@0.5,0.7211776053561043
W070,merged,normal,8,f1@0.75,0.5845779136347088
W070,merged,normal,8,miou,0.6420225168439322
W070,merged,normal,8,n_pred,5.172413793103448
W070,merged,normal,8,n_reg,5.206896551724138
W070,merged,normal,12,f1@0.5,0.7553941941953044
W070,merged,normal,12,f1@0.75,0.5952397320364653
W070,merged,normal,12,miou,0.7029294600895298
W070,merged,normal,12,n_pred,6.586206896551724
W070,merged,normal,12,n_reg,6.689655172413793
W070,merged,normal,16,f1@0.5,0.7265540688034549
W070,merged,normal,16,f1@0.75,0.5907922003977304
W070,merged,normal,16,miou,0.6302669003382995
W070,merged,normal,16,n_pred,6.206896551724138
W070,merged,normal,16,n_reg,6.413793103448276
W070,merged,normal,24,f1@0.5,0.715170894844216
W070,merged,normal,24,f1@0.75,0.5371318917491652
W070,merged,normal,24,miou,0.6168864563240504
W070,merged,normal,24,n_pred,6.275862068965517
W070,merged,normal,24,n_reg,6.413793103448276
W070,merged,normal,32,f1@0.5,0.7448142568912293
W070,merged,normal,32,f1@0.75,0.5943787760938396
W070,merged,normal,32,miou,0.6971326839638944
W070,merged,normal,32,n_pred,6.586206896551724
W070,merged,normal,32,n_reg,6.758620689655173
W070,merged,normal,48,f1@0.5,0.7706532758844065
W070,merged,normal,48,f1@0.75,0.620909717899149
W070,merged,normal,48,miou,0.7428087329125193
W070,merged,normal,48,n_pred,6.655172413793103
W070,merged,normal,48,n_reg,6.758620689655173
W070,merged,rgb,4,f1@0.5,0.7577276172103758
W070,merged,rgb,4,f1@0.75,0.7019804907735943
W070,merged,rgb,4,miou,0.8855420138175993
W070,merged,rgb,4,n_pred,5.0
W070,merged,rgb,4,n_reg,5.0
W070,merged,rgb,6,f1@0.5,0.7148976952729489
W070,merged,rgb,6,f1@0.75,0.616345453059449
W070,merged,rgb,6,miou,0.743681685065904
W070,merged,rgb,6,n_pred,4.827586206896552
W070,merged,rgb,6,n_reg,4.965517241379311
W070,merged,rgb,8,f1@0.5,0.8414958604613777
W070,merged,rgb,8,f1@0.75,0.6969330928255877
W070,merged,rgb,8,miou,0.9032496187697096
W070,merged,rgb,8,n_pred,6.0344827586206895
W070,merged,rgb,8,n_reg,6.0344827586206895
W070,merged,rgb,12,f1@0.5,0.8714344855291797
W070,merged,rgb,12,f1@0.75,0.6883327572395577
W070,merged,rgb,12,miou,0.9087393251899276
W070,merged,rgb,12,n_pred,6.827586206896552
W070,merged,rgb,12,n_reg,6.896551724137931
W070,merged,rgb,16,f1@0.5,0.877502774913899
W070,merged,rgb,16,f1@0.75,0.6903442514924313
W070,merged,rgb,16,miou,0.9110824198610772
W070,merged,rgb,16,n_pred,6.793103448275862
W070,merged,rgb,16,n_reg,6.931034482758621
W070,merged,rgb,24,f1@0.5,0.877502774913899
W070,merged,rgb,24,f1@0.75,0.6903442514924313
W070,merged,rgb,24,miou,0.9117690208061536
W070,merged,rgb,24,n_pred,6.793103448275862
W070,merged,rgb,24,n_reg,6.862068965517241
W070,merged,rgb,32,f1@0.5,0.877502774913899
W070,merged,rgb,32,f1@0.75,0.6903442514924313
W070,merged,rgb,32,miou,0.9114362233892012
W070,merged,rgb,32,n_pred,6.793103448275862
W070,merged,rgb,32,n_reg,6.862068965517241
W070,merged,rgb,48,f1@0.5,0.8754912806610256
W070,merged,rgb,48,f1@0.75,0.6883327572395577
W070,merged,rgb,48,miou,0.9106324096790334
W070,merged,rgb,48,n_pred,6.827586206896552
W070,merged,rgb,48,n_reg,6.896551724137931
W070,raw,depth,4,f1@0.5,0.6544880406949373
W070,raw,depth,4,f1@0.75,0.4960384443143063
W070,raw,depth,4,miou,0.6389986074452484
W070,raw,depth,4,n_pred,4.0
W070,raw,depth,4,n_reg,4.0
W070,raw,depth,6,f1@0.5,0.664946834774421
W070,raw,depth,6,f1@0.75,0.5141805512495168
W070,raw,depth,6,miou,0.6083370084211764
W070,raw,depth,6,n_pred,4.310344827586207
W070,raw,depth,6,n_reg,4.310344827586207
W070,raw,depth,8,f1@0.5,0.7599097627281677
W070,raw,depth,8,f1@0.75,0.6050708321606154
W070,raw,depth,8,miou,0.6778495385670038
W070,raw,depth,8,n_pred,6.206896551724138
W070,raw,depth,8,n_reg,6.448275862068965
W070,raw,depth,12,f1@0.5,0.7971955058215333
W070,raw,depth,12,f1@0.75,0.6210827178586332
W070,raw,depth,12,miou,0.680089410767459
W070,raw,depth,12,n_pred,6.758620689655173
W070,raw,depth,12,n_reg,7.0
W070,raw,depth,16,f1@0.5,0.7951056416627037
W070,raw,depth,16,f1@0.75,0.6126187680153732
W070,raw,depth,16,miou,0.682172480840475
W070,raw,depth,16,n_pred,6.793103448275862
W070,raw,depth,16,n_reg,7.0
W070,raw,depth,24,f1@0.5,0.6330468438480609
W070,raw,depth,24,f1@0.75,0.3644219933773686
W070,raw,depth,24,miou,0.3682095321629848
W070,raw,depth,24,n_pred,4.793103448275862
W070,raw,depth,24,n_reg,4.896551724137931
W070,raw,depth,32,f1@0.5,0.580825950794991
W070,raw,depth,32,f1@0.75,0.3227043344423509
W070,raw,depth,32,miou,0.3701481419014402
W070,raw,depth,32,n_pred,5.793103448275862
W070,raw,depth,32,n_reg,5.896551724137931
W070,raw,depth,48,f1@0.5,0.7530132110040298
W070,raw,depth,48,f1@0.75,0.504185928895014
W070,raw,depth,48,miou,0.6789173416717407
W070,raw,depth,48,n_pred,6.206896551724138
W070,raw,depth,48,n_reg,6.448275862068965
W070,raw,normal,4,f1@0.5,0.673894918468955
W070,raw,normal,4,f1@0.75,0.4450045221850496
W070,raw,normal,4,miou,0.6943645346031297
W070,raw,normal,4,n_pred,5.206896551724138
W070,raw,normal,4,n_reg,5.206896551724138
W070,raw,normal,6,f1@0.5,0.7104346704859142
W070,raw,normal,6,f1@0.75,0.5583682760900653
W070,raw,normal,6,miou,0.6997226686637417
W070,raw,normal,6,n_pred,6.275862068965517
W070,raw,normal,6,n_reg,6.344827586206897
W070,raw,normal,8,f1@0.5,0.6837679899546025
W070,raw,normal,8,f1@0.75,0.4968331533240255
W070,raw,normal,8,miou,0.6420225168439322
W070,raw,normal,8,n_pred,5.793103448275862
W070,raw,normal,8,n_reg,5.827586206896552
W070,raw,normal,12,f1@0.5,0.6974684923868227
W070,raw,normal,12,f1@0.75,0.4966524703366808
W070,raw,normal,12,miou,0.7029113667554676
W070,raw,normal,12,n_pred,7.758620689655173
W070,raw,normal,12,n_reg,7.896551724137931
W070,raw,normal,16,f1@0.5,0.6477446731530216
W070,raw,normal,16,f1@0.75,0.4843469093922814
W070,raw,normal,16,miou,0.6302669003382995
W070,raw,normal,16,n_pred,7.827586206896552
W070,raw,normal,16,n_reg,8.275862068965518
W070,raw,normal,24,f1@0.5,0.6645658032227905
W070,raw,normal,24,f1@0.75,0.4974945199990572
W070,raw,normal,24,miou,0.6168864563240504
W070,raw,normal,24,n_pred,7.413793103448276
W070,raw,normal,24,n_reg,7.620689655172414
W070,raw,normal,32,f1@0.5,0.6873674822858126
W070,raw,normal,32,f1@0.75,0.499797218309015
W070,raw,normal,32,miou,0.6971146029985843
W070,raw,normal,32,n_pred,7.758620689655173
W070,raw,normal,32,n_reg,7.9655172413793105
W070,raw,normal,48,f1@0.5,0.7180518211371205
W070,raw,normal,48,f1@0.75,0.5176962178777061
W070,raw,normal,48,miou,0.742826583593767
W070,raw,normal,48,n_pred,7.827586206896552
W070,raw,normal,48,n_reg,7.9655172413793105
W070,raw,rgb,4,f1@0.5,0.708681447018161
W070,raw,rgb,4,f1@0.75,0.5866533961868647
W070,raw,rgb,4,miou,0.8855420138175993
W070,raw,rgb,4,n_pred,6.206896551724138
W070,raw,rgb,4,n_reg,6.206896551724138
W070,raw,rgb,6,f1@0.5,0.5961718909300846
W070,raw,rgb,6,f1@0.75,0.455051823376794
W070,raw,rgb,6,miou,0.743681685065904
W070,raw,rgb,6,n_pred,7.827586206896552
W070,raw,rgb,6,n_reg,9.172413793103448
W070,raw,rgb,8,f1@0.5,0.7784839136285704
W070,raw,rgb,8,f1@0.75,0.5871904070687033
W070,raw,rgb,8,miou,0.903508843121064
W070,raw,rgb,8,n_pred,7.517241379310345
W070,raw,rgb,8,n_reg,7.931034482758621
W070,raw,rgb,12,f1@0.5,0.6557707821696619
W070,raw,rgb,12,f1@0.75,0.4807528064349046
W070,raw,rgb,12,miou,0.9089985178931618
W070,raw,rgb,12,n_pred,12.655172413793103
W070,raw,rgb,12,n_reg,14.10344827586207
W070,raw,rgb,16,f1@0.5,0.6455387142572961
W070,raw,rgb,16,f1@0.75,0.4665445199151875
W070,raw,rgb,16,miou,0.911353393832808
W070,raw,rgb,16,n_pred,12.724137931034482
W070,raw,rgb,16,n_reg,14.06896551724138
W070,raw,rgb,24,f1@0.5,0.6652552298054547
W070,raw,rgb,24,f1@0.75,0.4821310174083787
W070,raw,rgb,24,miou,0.9120402521011785
W070,raw,rgb,24,n_pred,12.241379310344827
W070,raw,rgb,24,n_reg,14.0
W070,raw,rgb,32,f1@0.5,0.6726030704816313
W070,raw,rgb,32,f1@0.75,0.4872461965265564
W070,raw,rgb,32,miou,0.9117074339256396
W070,raw,rgb,32,n_pred,12.0
W070,raw,rgb,32,n_reg,13.862068965517242
W070,raw,rgb,48,f1@0.5,0.6588677806789542
W070,raw,rgb,48,f1@0.75,0.4771520856382989
W070,raw,rgb,48,miou,0.9109023123002772
W070,raw,rgb,48,n_pred,12.448275862068966
W070,raw,rgb,48,n_reg,14.551724137931034
W071,merged,depth,4,f1@0.5,0.5643023643023642
W071,merged,depth,4,f1@0.75,0.4854303104303104
W071,merged,depth,4,miou,0.4864781774123441
W071,merged,depth,4,n_pred,3.0
W071,merged,depth,4,n_reg,3.0
W071,merged,depth,6,f1@0.5,0.677997002997003
W071,merged,depth,6,f1@0.75,0.6066586191586192
W071,merged,depth,6,miou,0.6565657783665017
W071,merged,depth,6,n_pred,4.0
W071,merged,depth,6,n_reg,4.0
W071,merged,depth,8,f1@0.5,0.7297771672771672
W071,merged,depth,8,f1@0.75,0.5687826062826064
W071,merged,depth,8,miou,0.7430344433341021
W071,merged,depth,8,n_pred,5.125
W071,merged,depth,8,n_reg,5.125
W071,merged,depth,12,f1@0.5,0.7009185259185259
W071,merged,depth,12,f1@0.75,0.5936355311355311
W071,merged,depth,12,miou,0.7084221830818258
W071,merged,depth,12,n_pred,4.875
W071,merged,depth,12,n_reg,4.875
W071,merged,depth,16,f1@0.5,0.7009185259185259
W071,merged,depth,16,f1@0.75,0.5652264402264402
W071,merged,depth,16,miou,0.7056315739655353
W071,merged,depth,16,n_pred,4.875
W071,merged,depth,16,n_reg,4.875
W071,merged,depth,24,f1@0.5,0.6963397713397713
W071,merged,depth,24,f1@0.75,0.567057942057942
W071,merged,depth,24,miou,0.7024480097144847
W071,merged,depth,24,n_pred,4.833333333333333
W071,merged,depth,24,n_reg,4.875
W071,merged,depth,32,f1@0.5,0.7078629703629704
W071,merged,depth,32,f1@0.75,0.5936355311355311
W071,merged,depth,32,miou,0.7107120915139366
W071,merged,depth,32,n_pred,4.875
W071,merged,depth,32,n_reg,4.875
W071,merged,depth,48,f1@0.5,0.7078629703629704
W071,merged,depth,48,f1@0.75,0.5936355311355311
W071,merged,depth,48,miou,0.7097323326205616
W071,merged,depth,48,n_pred,4.875
W071,merged,depth,48,n_reg,4.875
W071,merged,normal,4,f1@0.5,0.5678210678210679
W071,merged,normal,4,f1@0.75,0.4473026973026973
W071,merged,normal,4,miou,0.5988675240782729
W071,merged,normal,4,n_pred,4.0
W071,merged,normal,4,n_reg,4.0
W071,merged,normal,6,f1@0.5,0.5678210678210679
W071,merged,normal,6,f1@0.75,0.4473026973026973
W071,merged,normal,6,miou,0.5972720202270235
W071,merged,normal,6,n_pred,4.0
W071,merged,normal,6,n_reg,4.0
W071,merged,normal,8,f1@0.5,0.5678210678210679
W071,merged,normal,8,f1@0.75,0.4473026973026973
W071,merged,normal,8,miou,0.5986197972112529
W071,merged,normal,8,n_pred,4.0
W071,merged,normal,8,n_reg,4.0
W071,merged,normal,12,f1@0.5,0.5678210678210679
W071,merged,normal,12,f1@0.75,0.4473026973026973
W071,merged,normal,12,miou,0.5984299442389054
W071,merged,normal,12,n_pred,4.0
W071,merged,normal,12,n_reg,4.0
W071,merged,normal,16,f1@0.5,0.5678210678210679
W071,merged,normal,16,f1@0.75,0.4473026973026973
W071,merged,normal,16,miou,0.5986087310563224
W071,merged,normal,16,n_pred,4.0
W071,merged,normal,16,n_reg,4.0
W071,merged,normal,24,f1@0.5,0.5950448856698857
W071,merged,normal,24,f1@0.75,0.4397415084915084
W071,merged,normal,24,miou,0.6480070574604341
W071,merged,normal,24,n_pred,4.75
W071,merged,normal,24,n_reg,4.791666666666667
W071,merged,normal,32,f1@0.5,0.5557095682095682
W071,merged,normal,32,f1@0.75,0.4226780164280164
W071,merged,normal,32,miou,0.6264953848146272
W071,merged,normal,32,n_pred,4.75
W071,merged,normal,32,n_reg,4.791666666666667
W071,merged,normal,48,f1@0.5,0.5787254412254412
W071,merged,normal,48,f1@0.75,0.4397415084915084
W071,merged,normal,48,miou,0.6471590720951682
W071,merged,normal,48,n_pred,4.75
W071,merged,normal,48,n_reg,4.791666666666667
W071,merged,rgb,4,f1@0.5,0.5419955044955045
W071,merged,rgb,4,f1@0.75,0.2915038665038665
W071,merged,rgb,4,miou,0.4580296198457729
W071,merged,rgb,4,n_pred,3.5416666666666665
W071,merged,rgb,4,n_reg,3.9166666666666665
W071,merged,rgb,6,f1@0.5,0.6803779553779554
W071,merged,rgb,6,f1@0.75,0.6276806526806528
W071,merged,rgb,6,miou,0.7207760091326647
W071,merged,rgb,6,n_pred,4.0
W071,merged,rgb,6,n_reg,4.0
W071,merged,rgb,8,f1@0.5,0.5214785214785215
W071,merged,rgb,8,f1@0.75,0.4915834165834166
W071,merged,rgb,8,miou,0.6132540950069599
W071,merged,rgb,8,n_pred,4.041666666666667
W071,merged,rgb,8,n_reg,4.041666666666667
W071,merged,rgb,12,f1@0.5,0.8049400558591735
W071,merged,rgb,12,f1@0.75,0.7098654205271853
W071,merged,rgb,12,miou,0.890248168632983
W071,merged,rgb,12,n_pred,5.25
W071,merged,rgb,12,n_reg,5.333333333333333
W071,merged,rgb,16,f1@0.5,0.6753742784992784
W071,merged,rgb,16,f1@0.75,0.6052669552669553
W071,merged,rgb,16,miou,0.7975333483930527
W071,merged,rgb,16,n_pred,5.166666666666667
W071,merged,rgb,16,n_reg,5.25
W071,merged,rgb,24,f1@0.5,0.8103186845833905
W071,merged,rgb,24,f1@0.75,0.6734299061504944
W071,merged,rgb,24,miou,0.8644336043358853
W071,merged,rgb,24,n_pred,5.791666666666667
W071,merged,rgb,24,n_reg,5.958333333333333
W071,merged,rgb,32,f1@0.5,0.8074982615423791
W071,merged,rgb,32,f1@0.75,0.7095487233354881
W071,merged,rgb,32,miou,0.8704345212579612
W071,merged,rgb,32,n_pred,5.375
W071,merged,rgb,32,n_reg,5.5
W071,merged,rgb,48,f1@0.5,0.6669094181961829
W071,merged,rgb,48,f1@0.75,0.4160638993359581
W071,merged,rgb,48,miou,0.6326560481351747
W071,merged,rgb,48,n_pred,5.083333333333333
W071,merged,rgb,48,n_reg,5.208333333333333
W071,raw,depth,4,f1@0.5,0.5643023643023642
W071,raw,depth,4,f1@0.75,0.4854303104303104
W071,raw,depth,4,miou,0.4864781774123441
W071,raw,depth,4,n_pred,3.0
W071,raw,depth,4,n_reg,3.0
W071,raw,depth,6,f1@0.5,0.677997002997003
W071,raw,depth,6,f1@0.75,0.6066586191586192
W071,raw,depth,6,miou,0.6565657783665017
W071,raw,depth,6,n_pred,4.0
W071,raw,depth,6,n_reg,4.0
W071,raw,depth,8,f1@0.5,0.6776324574118692
W071,raw,depth,8,f1@0.75,0.5444718680012798
W071,raw,depth,8,miou,0.7434665072067617
W071,raw,depth,8,n_pred,5.708333333333333
W071,raw,depth,8,n_reg,6.0
W071,raw,depth,12,f1@0.5,0.6872821622821622
W071,raw,depth,12,f1@0.75,0.5890900765900765
W071,raw,depth,12,miou,0.7084221830818258
W071,raw,depth,12,n_pred,4.958333333333333
W071,raw,depth,12,n_reg,5.0
W071,raw,depth,16,f1@0.5,0.6842518592518593
W071,raw,depth,16,f1@0.75,0.5584082584082584
W071,raw,depth,16,miou,0.7056315739655353
W071,raw,depth,16,n_pred,5.0
W071,raw,depth,16,n_reg,5.0
W071,raw,depth,24,f1@0.5,0.684976134976135
W071,raw,depth,24,f1@0.75,0.5647852147852147
W071,raw,depth,24,miou,0.7024480097144847
W071,raw,depth,24,n_pred,4.875
W071,raw,depth,24,n_reg,5.0
W071,raw,depth,32,f1@0.5,0.6942266067266067
W071,raw,depth,32,f1@0.75,0.5890900765900765
W071,raw,depth,32,miou,0.7107120915139366
W071,raw,depth,32,n_pred,4.958333333333333
W071,raw,depth,32,n_reg,5.0
W071,raw,depth,48,f1@0.5,0.6911963036963037
W071,raw,depth,48,f1@0.75,0.5868173493173493
W071,raw,depth,48,miou,0.7097323326205616
W071,raw,depth,48,n_pred,5.0
W071,raw,depth,48,n_reg,5.0
W071,raw,normal,4,f1@0.5,0.5678210678210679
W071,raw,normal,4,f1@0.75,0.4473026973026973
W071,raw,normal,4,miou,0.5988675240782729
W071,raw,normal,4,n_pred,4.0
W071,raw,normal,4,n_reg,4.0
W071,raw,normal,6,f1@0.5,0.5678210678210679
W071,raw,normal,6,f1@0.75,0.4473026973026973
W071,raw,normal,6,miou,0.5972720202270235
W071,raw,normal,6,n_pred,4.0
W071,raw,normal,6,n_reg,4.0
W071,raw,normal,8,f1@0.5,0.5678210678210679
W071,raw,normal,8,f1@0.75,0.4473026973026973
W071,raw,normal,8,miou,0.5986197972112529
W071,raw,normal,8,n_pred,4.0
W071,raw,normal,8,n_reg,4.0
W071,raw,normal,12,f1@0.5,0.5678210678210679
W071,raw,normal,12,f1@0.75,0.4473026973026973
W071,raw,normal,12,miou,0.5984299442389054
W071,raw,normal,12,n_pred,4.0
W071,raw,normal,12,n_reg,4.0
W071,raw,normal,16,f1@0.5,0.5678210678210679
W071,raw,normal,16,f1@0.75,0.4473026973026973
W071,raw,normal,16,miou,0.5986087310563224
W071,raw,normal,16,n_pred,4.0
W071,raw,normal,16,n_reg,4.0
W071,raw,normal,24,f1@0.5,0.5388545686339804
W071,raw,normal,24,f1@0.75,0.408113251127957
W071,raw,normal,24,miou,0.6480070533298358
W071,raw,normal,24,n_pred,5.208333333333333
W071,raw,normal,24,n_reg,5.666666666666667
W071,raw,normal,32,f1@0.5,0.5360125985125985
W071,raw,normal,32,f1@0.75,0.4135871073371073
W071,raw,normal,32,miou,0.6264953848146272
W071,raw,normal,32,n_pred,4.916666666666667
W071,raw,normal,32,n_reg,5.0
W071,raw,normal,48,f1@0.5,0.5590284715284716
W071,raw,normal,48,f1@0.75,0.4306505994005993
W071,raw,normal,48,miou,0.6471590720951682
W071,raw,normal,48,n_pred,4.916666666666667
W071,raw,normal,48,n_reg,5.0
W071,raw,rgb,4,f1@0.5,0.4309357309357309
W071,raw,rgb,4,f1@0.75,0.1561285936285936
W071,raw,rgb,4,miou,0.458029603852108
W071,raw,rgb,4,n_pred,4.875
W071,raw,rgb,4,n_reg,5.708333333333333
W071,raw,rgb,6,f1@0.5,0.4929241782182958
W071,raw,rgb,6,f1@0.75,0.3652086475615888
W071,raw,rgb,6,miou,0.7207760091326647
W071,raw,rgb,6,n_pred,6.75
W071,raw,rgb,6,n_reg,6.833333333333333
W071,raw,rgb,8,f1@0.5,0.4547349505070093
W071,raw,rgb,8,f1@0.75,0.4298723131443719
W071,raw,rgb,8,miou,0.6132672266063287
W071,raw,rgb,8,n_pred,5.75
W071,raw,rgb,8,n_reg,6.958333333333333
W071,raw,rgb,12,f1@0.5,0.5353113175094599
W071,raw,rgb,12,f1@0.75,0.3445266556915163
W071,raw,rgb,12,miou,0.8903407734104146
W071,raw,rgb,12,n_pred,8.791666666666666
W071,raw,rgb,12,n_reg,9.791666666666666
W071,raw,rgb,16,f1@0.5,0.4731691557639699
W071,raw,rgb,16,f1@0.75,0.3520040162938769
W071,raw,rgb,16,miou,0.7975658884973807
W071,raw,rgb,16,n_pred,9.0
W071,raw,rgb,16,n_reg,9.833333333333334
W071,raw,rgb,24,f1@0.5,0.4697953744056853
W071,raw,rgb,24,f1@0.75,0.31243636548649
W071,raw,rgb,24,miou,0.8644336043358853
W071,raw,rgb,24,n_pred,11.375
W071,raw,rgb,24,n_reg,13.25
W071,raw,rgb,32,f1@0.5,0.4401972125037982
W071,raw,rgb,32,f1@0.75,0.2961486093119724
W071,raw,rgb,32,miou,0.8704834958492739
W071,raw,rgb,32,n_pred,12.208333333333334
W071,raw,rgb,32,n_reg,14.208333333333334
W071,raw,rgb,48,f1@0.5,0.3843010539798465
W071,raw,rgb,48,f1@0.75,0.1115731841544535
W071,raw,rgb,48,miou,0.6326560481351747
W071,raw,rgb,48,n_pred,9.625
W071,raw,rgb,48,n_reg,11.625
W072,merged,depth,4,f1@0.5,0.4963912630579297
W072,merged,depth,4,f1@0.75,0.360968660968661
W072,merged,depth,4,miou,0.4472378573388679
W072,merged,depth,4,n_pred,3.0
W072,merged,depth,4,n_reg,3.0
W072,merged,depth,6,f1@0.5,0.6914640914640915
W072,merged,depth,6,f1@0.75,0.47004107004107
W072,merged,depth,6,miou,0.6353737649266606
W072,merged,depth,6,n_pred,4.0
W072,merged,depth,6,n_reg,4.0
W072,merged,depth,8,f1@0.5,0.4963912630579297
W072,merged,depth,8,f1@0.75,0.3733143399810066
W072,merged,depth,8,miou,0.4497695311051934
W072,merged,depth,8,n_pred,3.0
W072,merged,depth,8,n_reg,3.0
W072,merged,depth,12,f1@0.5,0.6914640914640915
W072,merged,depth,12,f1@0.75,0.47004107004107
W072,merged,depth,12,miou,0.6332444782508568
W072,merged,depth,12,n_pred,4.0
W072,merged,depth,12,n_reg,4.0
W072,merged,depth,16,f1@0.5,0.6914640914640915
W072,merged,depth,16,f1@0.75,0.47004107004107
W072,merged,depth,16,miou,0.6337607636935019
W072,merged,depth,16,n_pred,4.0
W072,merged,depth,16,n_reg,4.0
W072,merged,depth,24,f1@0.5,0.4963912630579297
W072,merged,depth,24,f1@0.75,0.3733143399810066
W072,merged,depth,24,miou,0.4475379188618031
W072,merged,depth,24,n_pred,3.0
W072,merged,depth,24,n_reg,3.0
W072,merged,depth,32,f1@0.5,0.4963912630579297
W072,merged,depth,32,f1@0.75,0.3733143399810066
W072,merged,depth,32,miou,0.4477921198117848
W072,merged,depth,32,n_pred,3.0
W072,merged,depth,32,n_reg,3.0
W072,merged,depth,48,f1@0.5,0.4963912630579297
W072,merged,depth,48,f1@0.75,0.3733143399810066
W072,merged,depth,48,miou,0.4476192375975787
W072,merged,depth,48,n_pred,3.0
W072,merged,depth,48,n_reg,3.0
W072,merged,normal,4,f1@0.5,0.6771783771783773
W072,merged,normal,4,f1@0.75,0.522055722055722
W072,merged,normal,4,miou,0.654842312487915
W072,merged,normal,4,n_pred,4.0
W072,merged,normal,4,n_reg,4.0
W072,merged,normal,6,f1@0.5,0.7302068302068302
W072,merged,normal,6,f1@0.75,0.5406445406445406
W072,merged,normal,6,miou,0.7284905138810714
W072,merged,normal,6,n_pred,4.388888888888889
W072,merged,normal,6,n_reg,4.444444444444445
W072,merged,normal,8,f1@0.5,0.7376142376142376
W072,merged,normal,8,f1@0.75,0.5554593554593554
W072,merged,normal,8,miou,0.738380974731287
W072,merged,normal,8,n_pred,4.388888888888889
W072,merged,normal,8,n_reg,4.555555555555555
W072,merged,normal,12,f1@0.5,0.7376142376142376
W072,merged,normal,12,f1@0.75,0.5554593554593554
W072,merged,normal,12,miou,0.7376383733553773
W072,merged,normal,12,n_pred,4.388888888888889
W072,merged,normal,12,n_reg,4.555555555555555
W072,merged,normal,16,f1@0.5,0.7376142376142376
W072,merged,normal,16,f1@0.75,0.5554593554593554
W072,merged,normal,16,miou,0.7383707850900978
W072,merged,normal,16,n_pred,4.388888888888889
W072,merged,normal,16,n_reg,4.555555555555555
W072,merged,normal,24,f1@0.5,0.7376142376142376
W072,merged,normal,24,f1@0.75,0.5554593554593554
W072,merged,normal,24,miou,0.7383841446810453
W072,merged,normal,24,n_pred,4.388888888888889
W072,merged,normal,24,n_reg,4.555555555555555
W072,merged,normal,32,f1@0.5,0.7376142376142376
W072,merged,normal,32,f1@0.75,0.5554593554593554
W072,merged,normal,32,miou,0.7379306254583825
W072,merged,normal,32,n_pred,4.388888888888889
W072,merged,normal,32,n_reg,4.555555555555555
W072,merged,normal,48,f1@0.5,0.7302068302068302
W072,merged,normal,48,f1@0.75,0.548051948051948
W072,merged,normal,48,miou,0.7321148978152779
W072,merged,normal,48,n_pred,4.388888888888889
W072,merged,normal,48,n_reg,4.555555555555555
W072,merged,rgb,4,f1@0.5,0.6198246198246199
W072,merged,rgb,4,f1@0.75,0.5404595404595405
W072,merged,rgb,4,miou,0.6248454029700705
W072,merged,rgb,4,n_pred,4.0
W072,merged,rgb,4,n_reg,4.277777777777778
W072,merged,rgb,6,f1@0.5,0.8154341029341029
W072,merged,rgb,6,f1@0.75,0.755964405964406
W072,merged,rgb,6,miou,0.8914667281362413
W072,merged,rgb,6,n_pred,5.055555555555555
W072,merged,rgb,6,n_reg,5.111111111111111
W072,merged,rgb,8,f1@0.5,0.8703250453250454
W072,merged,rgb,8,f1@0.75,0.8106416731416731
W072,merged,rgb,8,miou,0.8986440917622485
W072,merged,rgb,8,n_pred,5.777777777777778
W072,merged,rgb,8,n_reg,5.833333333333333
W072,merged,rgb,12,f1@0.5,0.7498186998186998
W072,merged,rgb,12,f1@0.75,0.5361878861878862
W072,merged,rgb,12,miou,0.6370319375159761
W072,merged,rgb,12,n_pred,4.777777777777778
W072,merged,rgb,12,n_reg,5.666666666666667
W072,merged,rgb,16,f1@0.5,0.7378820253820254
W072,merged,rgb,16,f1@0.75,0.5077764827764828
W072,merged,rgb,16,miou,0.6392807858556728
W072,merged,rgb,16,n_pred,5.388888888888889
W072,merged,rgb,16,n_reg,5.888888888888889
W072,merged,rgb,24,f1@0.5,0.6812461231578878
W072,merged,rgb,24,f1@0.75,0.4737554384613208
W072,merged,rgb,24,miou,0.6405050602832802
W072,merged,rgb,24,n_pred,5.666666666666667
W072,merged,rgb,24,n_reg,5.777777777777778
W072,merged,rgb,32,f1@0.5,0.7132178007178007
W072,merged,rgb,32,f1@0.75,0.4851116476116476
W072,merged,rgb,32,miou,0.6415596026977701
W072,merged,rgb,32,n_pred,5.388888888888889
W072,merged,rgb,32,n_reg,6.055555555555555
W072,merged,rgb,48,f1@0.5,0.6828801100859924
W072,merged,rgb,48,f1@0.75,0.4745724319253731
W072,merged,rgb,48,miou,0.6401278408984027
W072,merged,rgb,48,n_pred,5.611111111111111
W072,merged,rgb,48,n_reg,5.888888888888889
W072,raw,depth,4,f1@0.5,0.4963912630579297
W072,raw,depth,4,f1@0.75,0.360968660968661
W072,raw,depth,4,miou,0.4472378573388679
W072,raw,depth,4,n_pred,3.0
W072,raw,depth,4,n_reg,3.0
W072,raw,depth,6,f1@0.5,0.6914640914640915
W072,raw,depth,6,f1@0.75,0.47004107004107
W072,raw,depth,6,miou,0.6353737649266606
W072,raw,depth,6,n_pred,4.0
W072,raw,depth,6,n_reg,4.0
W072,raw,depth,8,f1@0.5,0.4963912630579297
W072,raw,depth,8,f1@0.75,0.3733143399810066
W072,raw,depth,8,miou,0.4497695311051934
W072,raw,depth,8,n_pred,3.0
W072,raw,depth,8,n_reg,3.0
W072,raw,depth,12,f1@0.5,0.6914640914640915
W072,raw,depth,12,f1@0.75,0.47004107004107
W072,raw,depth,12,miou,0.6332444782508568
W072,raw,depth,12,n_pred,4.0
W072,raw,depth,12,n_reg,4.0
W072,raw,depth,16,f1@0.5,0.6914640914640915
W072,raw,depth,16,f1@0.75,0.47004107004107
W072,raw,depth,16,miou,0.6337607636935019
W072,raw,depth,16,n_pred,4.0
W072,raw,depth,16,n_reg,4.0
W072,raw,depth,24,f1@0.5,0.4963912630579297
W072,raw,depth,24,f1@0.75,0.3733143399810066
W072,raw,depth,24,miou,0.4475379188618031
W072,raw,depth,24,n_pred,3.0
W072,raw,depth,24,n_reg,3.0
W072,raw,depth,32,f1@0.5,0.4963912630579297
W072,raw,depth,32,f1@0.75,0.3733143399810066
W072,raw,depth,32,miou,0.4477921198117848
W072,raw,depth,32,n_pred,3.0
W072,raw,depth,32,n_reg,3.0
W072,raw,depth,48,f1@0.5,0.4963912630579297
W072,raw,depth,48,f1@0.75,0.3733143399810066
W072,raw,depth,48,miou,0.4476192375975787
W072,raw,depth,48,n_pred,3.0
W072,raw,depth,48,n_reg,3.0
W072,raw,normal,4,f1@0.5,0.6205627705627705
W072,raw,normal,4,f1@0.75,0.4788119288119288
W072,raw,normal,4,miou,0.654842312487915
W072,raw,normal,4,n_pred,5.0
W072,raw,normal,4,n_reg,5.0
W072,raw,normal,6,f1@0.5,0.6386784511784511
W072,raw,normal,6,f1@0.75,0.4869528619528619
W072,raw,normal,6,miou,0.7284905138810714
W072,raw,normal,6,n_pred,5.611111111111111
W072,raw,normal,6,n_reg,6.0
W072,raw,normal,8,f1@0.5,0.6456228956228957
W072,raw,normal,8,f1@0.75,0.5008417508417509
W072,raw,normal,8,miou,0.738380974731287
W072,raw,normal,8,n_pred,5.611111111111111
W072,raw,normal,8,n_reg,6.0
W072,raw,normal,12,f1@0.5,0.6363636363636364
W072,raw,normal,12,f1@0.75,0.5008417508417509
W072,raw,normal,12,miou,0.7376383733553773
W072,raw,normal,12,n_pred,5.611111111111111
W072,raw,normal,12,n_reg,6.0
W072,raw,normal,16,f1@0.5,0.6363636363636364
W072,raw,normal,16,f1@0.75,0.5008417508417509
W072,raw,normal,16,miou,0.7383707850900978
W072,raw,normal,16,n_pred,5.611111111111111
W072,raw,normal,16,n_reg,6.0
W072,raw,normal,24,f1@0.5,0.6363636363636364
W072,raw,normal,24,f1@0.75,0.5008417508417509
W072,raw,normal,24,miou,0.7383841446810453
W072,raw,normal,24,n_pred,5.611111111111111
W072,raw,normal,24,n_reg,6.0
W072,raw,normal,32,f1@0.5,0.6363636363636364
W072,raw,normal,32,f1@0.75,0.5008417508417509
W072,raw,normal,32,miou,0.7379306254583825
W072,raw,normal,32,n_pred,5.611111111111111
W072,raw,normal,32,n_reg,6.0
W072,raw,normal,48,f1@0.5,0.6386784511784511
W072,raw,normal,48,f1@0.75,0.4938973063973064
W072,raw,normal,48,miou,0.7321148978152779
W072,raw,normal,48,n_pred,5.611111111111111
W072,raw,normal,48,n_reg,6.0
W072,raw,rgb,4,f1@0.5,0.6046731046731046
W072,raw,rgb,4,f1@0.75,0.5283383283383283
W072,raw,rgb,4,miou,0.6250249123287552
W072,raw,rgb,4,n_pred,4.222222222222222
W072,raw,rgb,4,n_reg,5.0
W072,raw,rgb,6,f1@0.5,0.7801453176453177
W072,raw,rgb,6,f1@0.75,0.6864875864875866
W072,raw,rgb,6,miou,0.8914626000602909
W072,raw,rgb,6,n_pred,5.555555555555555
W072,raw,rgb,6,n_reg,6.944444444444445
W072,raw,rgb,8,f1@0.5,0.7361392420215949
W072,raw,rgb,8,f1@0.75,0.6252819076348488
W072,raw,rgb,8,miou,0.8986440917622485
W072,raw,rgb,8,n_pred,7.222222222222222
W072,raw,rgb,8,n_reg,7.722222222222222
W072,raw,rgb,12,f1@0.5,0.6041634291634291
W072,raw,rgb,12,f1@0.75,0.3666805416805416
W072,raw,rgb,12,miou,0.6370305097939908
W072,raw,rgb,12,n_pred,6.166666666666667
W072,raw,rgb,12,n_reg,8.944444444444445
W072,raw,rgb,16,f1@0.5,0.5919380728204258
W072,raw,rgb,16,f1@0.75,0.3431602166896284
W072,raw,rgb,16,miou,0.6392862428759198
W072,raw,rgb,16,n_pred,7.0
W072,raw,rgb,16,n_reg,9.166666666666666
W072,raw,rgb,24,f1@0.5,0.5260041338472711
W072,raw,rgb,24,f1@0.75,0.2967493835140893
W072,raw,rgb,24,miou,0.640521340986494
W072,raw,rgb,24,n_pred,7.944444444444445
W072,raw,rgb,24,n_reg,10.11111111111111
W072,raw,rgb,32,f1@0.5,0.5429720396180664
W072,raw,rgb,32,f1@0.75,0.3092087307257586
W072,raw,rgb,32,miou,0.6415590102452424
W072,raw,rgb,32,n_pred,7.666666666666667
W072,raw,rgb,32,n_reg,10.77777777777778
W072,raw,rgb,48,f1@0.5,0.5015610450207973
W072,raw,rgb,48,f1@0.75,0.2909867838273411
W072,raw,rgb,48,miou,0.640151711410512
W072,raw,rgb,48,n_pred,8.222222222222221
W072,raw,rgb,48,n_reg,11.0
W073,merged,depth,4,f1@0.5,0.4717976467976468
W073,merged,depth,4,f1@0.75,0.3138195138195138
W073,merged,depth,4,miou,0.4358007096489422
W073,merged,depth,4,n_pred,4.0
W073,merged,depth,4,n_reg,4.0
W073,merged,depth,6,f1@0.5,0.4685925185925186
W073,merged,depth,6,f1@0.75,0.3116827616827617
W073,merged,depth,6,miou,0.4381458971365707
W073,merged,depth,6,n_pred,4.083333333333333
W073,merged,depth,6,n_reg,4.333333333333333
W073,merged,depth,8,f1@0.5,0.6191697191697192
W073,merged,depth,8,f1@0.75,0.456280525030525
W073,merged,depth,8,miou,0.5548761121770052
W073,merged,depth,8,n_pred,5.083333333333333
W073,merged,depth,8,n_reg,5.166666666666667
W073,merged,depth,12,f1@0.5,0.8510516172280879
W073,merged,depth,12,f1@0.75,0.708512443438914
W073,merged,depth,12,miou,0.6896636525389545
W073,merged,depth,12,n_pred,6.916666666666667
W073,merged,depth,12,n_reg,6.916666666666667
W073,merged,depth,16,f1@0.5,0.8388103318250377
W073,merged,depth,16,f1@0.75,0.7060614630467571
W073,merged,depth,16,miou,0.6981198980538673
W073,merged,depth,16,n_pred,6.75
W073,merged,depth,16,n_reg,7.333333333333333
W073,merged,depth,24,f1@0.5,0.6237484737484738
W073,merged,depth,24,f1@0.75,0.4599435286935287
W073,merged,depth,24,miou,0.5544441890926665
W073,merged,depth,24,n_pred,5.0
W073,merged,depth,24,n_reg,5.583333333333333
W073,merged,depth,32,f1@0.5,0.6399231487466782
W073,merged,depth,32,f1@0.75,0.5338432809021044
W073,merged,depth,32,miou,0.5636761387227618
W073,merged,depth,32,n_pred,5.583333333333333
W073,merged,depth,32,n_reg,5.666666666666667
W073,merged,depth,48,f1@0.5,0.7971533912710383
W073,merged,depth,48,f1@0.75,0.6257194330723742
W073,merged,depth,48,miou,0.713881773627192
W073,merged,depth,48,n_pred,6.666666666666667
W073,merged,depth,48,n_reg,6.75
W073,merged,normal,4,f1@0.5,0.4167582417582418
W073,merged,normal,4,f1@0.75,0.3745504495504495
W073,merged,normal,4,miou,0.3938798061944376
W073,merged,normal,4,n_pred,3.0
W073,merged,normal,4,n_reg,3.0
W073,merged,normal,6,f1@0.5,0.5403679653679654
W073,merged,normal,6,f1@0.75,0.4596181596181596
W073,merged,normal,6,miou,0.4244626489772907
W073,merged,normal,6,n_pred,4.0
W073,merged,normal,6,n_reg,4.0
W073,merged,normal,8,f1@0.5,0.7065094627594628
W073,merged,normal,8,f1@0.75,0.5858058608058608
W073,merged,normal,8,miou,0.510818844340922
W073,merged,normal,8,n_pred,5.25
W073,merged,normal,8,n_reg,5.416666666666667
W073,merged,normal,12,f1@0.5,0.5376207126207126
W073,merged,normal,12,f1@0.75,0.4568709068709068
W073,merged,normal,12,miou,0.423604581711325
W073,merged,normal,12,n_pred,4.083333333333333
W073,merged,normal,12,n_reg,4.083333333333333
W073,merged,normal,16,f1@0.5,0.6488669826905121
W073,merged,normal,16,f1@0.75,0.4989325217266394
W073,merged,normal,16,miou,0.5520325678630028
W073,merged,normal,16,n_pred,5.5
W073,merged,normal,16,n_reg,5.75
W073,merged,normal,24,f1@0.5,0.666704822954823
W073,merged,normal,24,f1@0.75,0.5235576923076923
W073,merged,normal,24,miou,0.5338185644735067
W073,merged,normal,24,n_pred,5.333333333333333
W073,merged,normal,24,n_reg,5.583333333333333
W073,merged,normal,32,f1@0.5,0.6632326007326007
W073,merged,normal,32,f1@0.75,0.5207799145299146
W073,merged,normal,32,miou,0.5339552930213708
W073,merged,normal,32,n_pred,5.416666666666667
W073,merged,normal,32,n_reg,5.583333333333333
W073,merged,normal,48,f1@0.5,0.6444826007326008
W073,merged,normal,48,f1@0.75,0.4916132478632478
W073,merged,normal,48,miou,0.5474337313226371
W073,merged,normal,48,n_pred,5.333333333333333
W073,merged,normal,48,n_reg,5.5
W073,merged,rgb,4,f1@0.5,0.6276390276390277
W073,merged,rgb,4,f1@0.75,0.6165279165279165
W073,merged,rgb,4,miou,0.4327832246679188
W073,merged,rgb,4,n_pred,4.0
W073,merged,rgb,4,n_reg,4.0
W073,merged,rgb,6,f1@0.5,0.8221845148315737
W073,merged,rgb,6,f1@0.75,0.7244102983073571
W073,merged,rgb,6,miou,0.7965274860664328
W073,merged,rgb,6,n_pred,6.916666666666667
W073,merged,rgb,6,n_reg,6.916666666666667
W073,merged,rgb,8,f1@0.5,0.8902433780529756
W073,merged,rgb,8,f1@0.75,0.7978755098530641
W073,merged,rgb,8,miou,0.8210423652954085
W073,merged,rgb,8,n_pred,7.75
W073,merged,rgb,8,n_reg,8.166666666666666
W073,merged,rgb,12,f1@0.5,0.8316610562353596
W073,merged,rgb,12,f1@0.75,0.762703941225613
W073,merged,rgb,12,miou,0.7507362733649082
W073,merged,rgb,12,n_pred,7.666666666666667
W073,merged,rgb,12,n_reg,7.75
W073,merged,rgb,16,f1@0.5,0.8761502407980736
W073,merged,rgb,16,f1@0.75,0.7941990392648287
W073,merged,rgb,16,miou,0.8176945954290643
W073,merged,rgb,16,n_pred,7.833333333333333
W073,merged,rgb,16,n_reg,8.0
W073,merged,rgb,24,f1@0.5,0.8826861885104919
W073,merged,rgb,24,f1@0.75,0.7909310654086196
W073,merged,rgb,24,miou,0.8199089785668484
W073,merged,rgb,24,n_pred,7.916666666666667
W073,merged,rgb,24,n_reg,8.083333333333334
W073,merged,rgb,32,f1@0.5,0.8935113519091847
W073,merged,rgb,32,f1@0.75,0.7607023072386849
W073,merged,rgb,32,miou,0.8063226504518523
W073,merged,rgb,32,n_pred,7.666666666666667
W073,merged,rgb,32,n_reg,7.833333333333333
W073,merged,rgb,48,f1@0.5,0.885954162366701
W073,merged,rgb,48,f1@0.75,0.7941990392648287
W073,merged,rgb,48,miou,0.8179448288121357
W073,merged,rgb,48,n_pred,7.833333333333333
W073,merged,rgb,48,n_reg,7.916666666666667
W073,raw,depth,4,f1@0.5,0.4717976467976468
W073,raw,depth,4,f1@0.75,0.3138195138195138
W073,raw,depth,4,miou,0.4358007096489422
W073,raw,depth,4,n_pred,4.0
W073,raw,depth,4,n_reg,4.0
W073,raw,depth,6,f1@0.5,0.4357142857142857
W073,raw,depth,6,f1@0.75,0.277960927960928
W073,raw,depth,6,miou,0.4381458971365707
W073,raw,depth,6,n_pred,5.0
W073,raw,depth,6,n_reg,5.416666666666667
W073,raw,depth,8,f1@0.5,0.5754960317460317
W073,raw,depth,8,f1@0.75,0.4053571428571428
W073,raw,depth,8,miou,0.5548761121770052
W073,raw,depth,8,n_pred,6.0
W073,raw,depth,8,n_reg,6.333333333333333
W073,raw,depth,12,f1@0.5,0.6985781447081756
W073,raw,depth,12,f1@0.75,0.422692351794519
W073,raw,depth,12,miou,0.6896636525389545
W073,raw,depth,12,n_pred,9.166666666666666
W073,raw,depth,12,n_reg,9.166666666666666
W073,raw,depth,16,f1@0.5,0.7741693899782135
W073,raw,depth,16,f1@0.75,0.6348720043572985
W073,raw,depth,16,miou,0.6981223358829812
W073,raw,depth,16,n_pred,8.0
W073,raw,depth,16,n_reg,9.166666666666666
W073,raw,depth,24,f1@0.5,0.5754960317460317
W073,raw,depth,24,f1@0.75,0.4180555555555555
W073,raw,depth,24,miou,0.5544467409320297
W073,raw,depth,24,n_pred,6.0
W073,raw,depth,24,n_reg,7.083333333333333
W073,raw,depth,32,f1@0.5,0.551130174291939
W073,raw,depth,32,f1@0.75,0.3545887799564269
W073,raw,depth,32,miou,0.5636761387227618
W073,raw,depth,32,n_pred,7.666666666666667
W073,raw,depth,32,n_reg,8.0
W073,raw,depth,48,f1@0.5,0.6155812511075669
W073,raw,depth,48,f1@0.75,0.3086656034024455
W073,raw,depth,48,miou,0.713881773627192
W073,raw,depth,48,n_pred,10.416666666666666
W073,raw,depth,48,n_reg,11.0
W073,raw,normal,4,f1@0.5,0.4167582417582418
W073,raw,normal,4,f1@0.75,0.3745504495504495
W073,raw,normal,4,miou,0.3938798061944376
W073,raw,normal,4,n_pred,3.0
W073,raw,normal,4,n_reg,3.0
W073,raw,normal,6,f1@0.5,0.5403679653679654
W073,raw,normal,6,f1@0.75,0.4596181596181596
W073,raw,normal,6,miou,0.4244626489772907
W073,raw,normal,6,n_pred,4.0
W073,raw,normal,6,n_reg,4.0
W073,raw,normal,8,f1@0.5,0.6604436005171299
W073,raw,normal,8,f1@0.75,0.5370484091072326
W073,raw,normal,8,miou,0.510818844340922
W073,raw,normal,8,n_pred,6.166666666666667
W073,raw,normal,8,n_reg,6.75
W073,raw,normal,12,f1@0.5,0.5140033577533577
W073,raw,normal,12,f1@0.75,0.425442612942613
W073,raw,normal,12,miou,0.423604581711325
W073,raw,normal,12,n_pred,4.583333333333333
W073,raw,normal,12,n_reg,4.833333333333333
W073,raw,normal,16,f1@0.5,0.6110780423280423
W073,raw,normal,16,f1@0.75,0.4573412698412698
W073,raw,normal,16,miou,0.5520325678630028
W073,raw,normal,16,n_pred,6.25
W073,raw,normal,16,n_reg,6.75
W073,raw,normal,24,f1@0.5,0.6246072146807441
W073,raw,normal,24,f1@0.75,0.4785875888817065
W073,raw,normal,24,miou,0.5338185644735067
W073,raw,normal,24,n_pred,6.166666666666667
W073,raw,normal,24,n_reg,6.75
W073,raw,normal,32,f1@0.5,0.6211349924585219
W073,raw,normal,32,f1@0.75,0.4758098111039288
W073,raw,normal,32,miou,0.5339552930213708
W073,raw,normal,32,n_pred,6.25
W073,raw,normal,32,n_reg,6.833333333333333
W073,raw,normal,48,f1@0.5,0.6023849924585218
W073,raw,normal,48,f1@0.75,0.446643144437262
W073,raw,normal,48,miou,0.5474337313226371
W073,raw,normal,48,n_pred,6.166666666666667
W073,raw,normal,48,n_reg,6.75
W073,raw,rgb,4,f1@0.5,0.6276390276390277
W073,raw,rgb,4,f1@0.75,0.6165279165279165
W073,raw,rgb,4,miou,0.4327832246679188
W073,raw,rgb,4,n_pred,4.0
W073,raw,rgb,4,n_reg,4.0
W073,raw,rgb,6,f1@0.5,0.761029411764706
W073,raw,rgb,6,f1@0.75,0.6322167755991285
W073,raw,rgb,6,miou,0.7965274860664328
W073,raw,rgb,6,n_pred,8.083333333333334
W073,raw,rgb,6,n_reg,8.583333333333334
W073,raw,rgb,8,f1@0.5,0.7560359231411863
W073,raw,rgb,8,f1@0.75,0.6445906432748537
W073,raw,rgb,8,miou,0.8210423652954085
W073,raw,rgb,8,n_pred,10.583333333333334
W073,raw,rgb,8,n_reg,11.583333333333334
W073,raw,rgb,12,f1@0.5,0.6195520091401098
W073,raw,rgb,12,f1@0.75,0.5236635726338243
W073,raw,rgb,12,miou,0.7507362733649082
W073,raw,rgb,12,n_pred,11.666666666666666
W073,raw,rgb,12,n_reg,12.416666666666666
W073,raw,rgb,16,f1@0.5,0.7226779068884331
W073,raw,rgb,16,f1@0.75,0.6237069947596263
W073,raw,rgb,16,miou,0.8176945954290643
W073,raw,rgb,16,n_pred,11.25
W073,raw,rgb,16,n_reg,12.083333333333334
W073,raw,rgb,24,f1@0.5,0.6520377689942908
W073,raw,rgb,24,f1@0.75,0.466885312754878
W073,raw,rgb,24,miou,0.8199089785668484
W073,raw,rgb,24,n_pred,13.666666666666666
W073,raw,rgb,24,n_reg,15.0
W073,raw,rgb,32,f1@0.5,0.6191825718141507
W073,raw,rgb,32,f1@0.75,0.5296497362286836
W073,raw,rgb,32,miou,0.8063226504518523
W073,raw,rgb,32,n_pred,13.416666666666666
W073,raw,rgb,32,n_reg,14.583333333333334
W073,raw,rgb,48,f1@0.5,0.6786266390614216
W073,raw,rgb,48,f1@0.75,0.5807677708764666
W073,raw,rgb,48,miou,0.8179448288121357
W073,raw,rgb,48,n_pred,12.833333333333334
W073,raw,rgb,48,n_reg,14.0
W074,merged,depth,4,f1@0.5,0.2795300995300995
W074,merged,depth,4,f1@0.75,0.1694853294853295
W074,merged,depth,4,miou,0.2141853634423847
W074,merged,depth,4,n_pred,2.1333333333333333
W074,merged,depth,4,n_reg,2.2
W074,merged,depth,6,f1@0.5,0.2795300995300995
W074,merged,depth,6,f1@0.75,0.1694853294853295
W074,merged,depth,6,miou,0.2141607162695257
W074,merged,depth,6,n_pred,2.1333333333333333
W074,merged,depth,6,n_reg,2.2
W074,merged,depth,8,f1@0.5,0.3567373367373367
W074,merged,depth,8,f1@0.75,0.2518729418729418
W074,merged,depth,8,miou,0.3118398853566023
W074,merged,depth,8,n_pred,2.933333333333333
W074,merged,depth,8,n_reg,3.066666666666667
W074,merged,depth,12,f1@0.5,0.3915051615051615
W074,merged,depth,12,f1@0.75,0.2071106671106671
W074,merged,depth,12,miou,0.245521464476767
W074,merged,depth,12,n_pred,3.2666666666666666
W074,merged,depth,12,n_reg,3.6
W074,merged,depth,16,f1@0.5,0.39003996003996
W074,merged,depth,16,f1@0.75,0.2063780663780663
W074,merged,depth,16,miou,0.2464572407335997
W074,merged,depth,16,n_pred,3.333333333333333
W074,merged,depth,16,n_reg,3.6
W074,merged,depth,24,f1@0.5,0.3779187479187479
W074,merged,depth,24,f1@0.75,0.1942568542568542
W074,merged,depth,24,miou,0.245957257231542
W074,merged,depth,24,n_pred,3.333333333333333
W074,merged,depth,24,n_reg,3.6
W074,merged,depth,32,f1@0.5,0.4715562215562215
W074,merged,depth,32,f1@0.75,0.2983705183705183
W074,merged,depth,32,miou,0.274755351081105
W074,merged,depth,32,n_pred,3.733333333333333
W074,merged,depth,32,n_reg,3.733333333333333
W074,merged,depth,48,f1@0.5,0.3591819291819291
W074,merged,depth,48,f1@0.75,0.2024464424464424
W074,merged,depth,48,miou,0.2549307060373041
W074,merged,depth,48,n_pred,3.733333333333333
W074,merged,depth,48,n_reg,3.733333333333333
W074,merged,normal,4,f1@0.5,0.6786282236282236
W074,merged,normal,4,f1@0.75,0.5352038702038703
W074,merged,normal,4,miou,0.5594040854917923
W074,merged,normal,4,n_pred,4.933333333333334
W074,merged,normal,4,n_reg,4.933333333333334
W074,merged,normal,6,f1@0.5,0.6786282236282236
W074,merged,normal,6,f1@0.75,0.5352038702038703
W074,merged,normal,6,miou,0.5591882683672327
W074,merged,normal,6,n_pred,4.933333333333334
W074,merged,normal,6,n_reg,4.933333333333334
W074,merged,normal,8,f1@0.5,0.6697393347393348
W074,merged,normal,8,f1@0.75,0.5352038702038703
W074,merged,normal,8,miou,0.5584716355694807
W074,merged,normal,8,n_pred,4.933333333333334
W074,merged,normal,8,n_reg,4.933333333333334
W074,merged,normal,12,f1@0.5,0.6697393347393348
W074,merged,normal,12,f1@0.75,0.5352038702038703
W074,merged,normal,12,miou,0.5595151037737895
W074,merged,normal,12,n_pred,4.933333333333334
W074,merged,normal,12,n_reg,4.933333333333334
W074,merged,normal,16,f1@0.5,0.6853742553742553
W074,merged,normal,16,f1@0.75,0.5329816479816479
W074,merged,normal,16,miou,0.5606778322901652
W074,merged,normal,16,n_pred,5.0
W074,merged,normal,16,n_reg,5.2
W074,merged,normal,24,f1@0.5,0.6881520331520331
W074,merged,normal,24,f1@0.75,0.5352038702038703
W074,merged,normal,24,miou,0.5604021984197363
W074,merged,normal,24,n_pred,4.933333333333334
W074,merged,normal,24,n_reg,5.133333333333334
W074,merged,normal,32,f1@0.5,0.6881520331520331
W074,merged,normal,32,f1@0.75,0.5352038702038703
W074,merged,normal,32,miou,0.5606132110709862
W074,merged,normal,32,n_pred,4.933333333333334
W074,merged,normal,32,n_reg,5.133333333333334
W074,merged,normal,48,f1@0.5,0.6881520331520331
W074,merged,normal,48,f1@0.75,0.5352038702038703
W074,merged,normal,48,miou,0.5607266141838587
W074,merged,normal,48,n_pred,4.933333333333334
W074,merged,normal,48,n_reg,5.133333333333334
W074,merged,rgb,4,f1@0.5,0.7738443256090315
W074,merged,rgb,4,f1@0.75,0.7142908072319838
W074,merged,rgb,4,miou,0.5603275884828824
W074,merged,rgb,4,n_pred,5.866666666666666
W074,merged,rgb,4,n_reg,5.866666666666666
W074,merged,rgb,6,f1@0.5,0.7673207528625485
W074,merged,rgb,6,f1@0.75,0.7021955214834471
W074,merged,rgb,6,miou,0.5798828362094689
W074,merged,rgb,6,n_pred,6.333333333333333
W074,merged,rgb,6,n_reg,6.333333333333333
W074,merged,rgb,8,f1@0.5,0.8620143243982253
W074,merged,rgb,8,f1@0.75,0.744264639729036
W074,merged,rgb,8,miou,0.710854208971308
W074,merged,rgb,8,n_pred,6.933333333333334
W074,merged,rgb,8,n_reg,7.2
W074,merged,rgb,12,f1@0.5,0.8947365774919954
W074,merged,rgb,12,f1@0.75,0.7301291753768534
W074,merged,rgb,12,miou,0.7613474039790218
W074,merged,rgb,12,n_pred,7.8
W074,merged,rgb,12,n_reg,7.933333333333334
W074,merged,rgb,16,f1@0.5,0.9007629682552284
W074,merged,rgb,16,f1@0.75,0.7600639482063631
W074,merged,rgb,16,miou,0.7625916420964352
W074,merged,rgb,16,n_pred,7.733333333333333
W074,merged,rgb,16,n_reg,7.933333333333334
W074,merged,rgb,24,f1@0.5,0.8752256206126175
W074,merged,rgb,24,f1@0.75,0.7431163441534958
W074,merged,rgb,24,miou,0.7700270813265906
W074,merged,rgb,24,n_pred,8.066666666666666
W074,merged,rgb,24,n_reg,8.333333333333334
W074,merged,rgb,32,f1@0.5,0.8956385244156142
W074,merged,rgb,32,f1@0.75,0.7245803233574132
W074,merged,rgb,32,miou,0.794762842582611
W074,merged,rgb,32,n_pred,8.266666666666667
W074,merged,rgb,32,n_reg,8.266666666666667
W074,merged,rgb,48,f1@0.5,0.9138855308205152
W074,merged,rgb,48,f1@0.75,0.7634747817255557
W074,merged,rgb,48,miou,0.7901738082519221
W074,merged,rgb,48,n_pred,8.266666666666667
W074,merged,rgb,48,n_reg,8.333333333333334
W074,raw,depth,4,f1@0.5,0.2778206978206978
W074,raw,depth,4,f1@0.75,0.1677759277759277
W074,raw,depth,4,miou,0.2141853634423847
W074,raw,depth,4,n_pred,2.2666666666666666
W074,raw,depth,4,n_reg,2.333333333333333
W074,raw,depth,6,f1@0.5,0.2778206978206978
W074,raw,depth,6,f1@0.75,0.1677759277759277
W074,raw,depth,6,miou,0.2141607162695257
W074,raw,depth,6,n_pred,2.2666666666666666
W074,raw,depth,6,n_reg,2.333333333333333
W074,raw,depth,8,f1@0.5,0.3318540718540718
W074,raw,depth,8,f1@0.75,0.2424394124394124
W074,raw,depth,8,miou,0.3118398853566023
W074,raw,depth,8,n_pred,3.4
W074,raw,depth,8,n_reg,3.533333333333333
W074,raw,depth,12,f1@0.5,0.3798745698745698
W074,raw,depth,12,f1@0.75,0.202031302031302
W074,raw,depth,12,miou,0.2457464852565736
W074,raw,depth,12,n_pred,3.733333333333333
W074,raw,depth,12,n_reg,4.266666666666667
W074,raw,depth,16,f1@0.5,0.3815839715839715
W074,raw,depth,16,f1@0.75,0.2028860028860029
W074,raw,depth,16,miou,0.2466837031656133
W074,raw,depth,16,n_pred,3.6666666666666665
W074,raw,depth,16,n_reg,4.2
W074,raw,depth,24,f1@0.5,0.3694627594627594
W074,raw,depth,24,f1@0.75,0.1907647907647907
W074,raw,depth,24,miou,0.2461767065740831
W074,raw,depth,24,n_pred,3.6666666666666665
W074,raw,depth,24,n_reg,4.2
W074,raw,depth,32,f1@0.5,0.3991819944761121
W074,raw,depth,32,f1@0.75,0.2130648763001704
W074,raw,depth,32,miou,0.2749722631183214
W074,raw,depth,32,n_pred,5.333333333333333
W074,raw,depth,32,n_reg,5.666666666666667
W074,raw,depth,48,f1@0.5,0.3421223221223221
W074,raw,depth,48,f1@0.75,0.1824897324897325
W074,raw,depth,48,miou,0.2551471791150288
W074,raw,depth,48,n_pred,4.6
W074,raw,depth,48,n_reg,4.8
W074,raw,normal,4,f1@0.5,0.5827145403615991
W074,raw,normal,4,f1@0.75,0.4833912166265107
W074,raw,normal,4,miou,0.5594040854917923
W074,raw,normal,4,n_pred,5.666666666666667
W074,raw,normal,4,n_reg,5.666666666666667
W074,raw,normal,6,f1@0.5,0.5827145403615991
W074,raw,normal,6,f1@0.75,0.4833912166265107
W074,raw,normal,6,miou,0.5591882683672327
W074,raw,normal,6,n_pred,5.666666666666667
W074,raw,normal,6,n_reg,5.666666666666667
W074,raw,normal,8,f1@0.5,0.5743812070282658
W074,raw,normal,8,f1@0.75,0.4833912166265107
W074,raw,normal,8,miou,0.5584716355694807
W074,raw,normal,8,n_pred,5.666666666666667
W074,raw,normal,8,n_reg,5.666666666666667
W074,raw,normal,12,f1@0.5,0.5743812070282658
W074,raw,normal,12,f1@0.75,0.4833912166265107
W074,raw,normal,12,miou,0.5595151037737895
W074,raw,normal,12,n_pred,5.666666666666667
W074,raw,normal,12,n_reg,5.666666666666667
W074,raw,normal,16,f1@0.5,0.5714608267549444
W074,raw,normal,16,f1@0.75,0.4733496242319771
W074,raw,normal,16,miou,0.5606778322901652
W074,raw,normal,16,n_pred,5.933333333333334
W074,raw,normal,16,n_reg,6.333333333333333
W074,raw,normal,24,f1@0.5,0.5695000424412189
W074,raw,normal,24,f1@0.75,0.4713888399182516
W074,raw,normal,24,miou,0.5604021984197363
W074,raw,normal,24,n_pred,6.0
W074,raw,normal,24,n_reg,6.533333333333333
W074,raw,normal,32,f1@0.5,0.5734216110686698
W074,raw,normal,32,f1@0.75,0.4753104085457026
W074,raw,normal,32,miou,0.5606132110709862
W074,raw,normal,32,n_pred,5.866666666666666
W074,raw,normal,32,n_reg,6.266666666666667
W074,raw,normal,48,f1@0.5,0.5734216110686698
W074,raw,normal,48,f1@0.75,0.4753104085457026
W074,raw,normal,48,miou,0.5607266141838587
W074,raw,normal,48,n_pred,5.866666666666666
W074,raw,normal,48,n_reg,6.266666666666667
W074,raw,rgb,4,f1@0.5,0.6706696479761495
W074,raw,rgb,4,f1@0.75,0.5634755188625158
W074,raw,rgb,4,miou,0.5603275884828824
W074,raw,rgb,4,n_pred,7.533333333333333
W074,raw,rgb,4,n_reg,7.533333333333333
W074,raw,rgb,6,f1@0.5,0.5704451268060099
W074,raw,rgb,6,f1@0.75,0.4689834521978821
W074,raw,rgb,6,miou,0.5798828362094689
W074,raw,rgb,6,n_pred,10.866666666666667
W074,raw,rgb,6,n_reg,12.133333333333333
W074,raw,rgb,8,f1@0.5,0.6895612432616066
W074,raw,rgb,8,f1@0.75,0.5284803227164245
W074,raw,rgb,8,miou,0.710854208971308
W074,raw,rgb,8,n_pred,10.266666666666667
W074,raw,rgb,8,n_reg,11.6
W074,raw,rgb,12,f1@0.5,0.6867782873961363
W074,raw,rgb,12,f1@0.75,0.5139334832469844
W074,raw,rgb,12,miou,0.7615581385239338
W074,raw,rgb,12,n_pred,11.8
W074,raw,rgb,12,n_reg,12.866666666666667
W074,raw,rgb,16,f1@0.5,0.6573437662082163
W074,raw,rgb,16,f1@0.75,0.4784882593961878
W074,raw,rgb,16,miou,0.7628617742447952
W074,raw,rgb,16,n_pred,13.266666666666667
W074,raw,rgb,16,n_reg,15.133333333333333
W074,raw,rgb,24,f1@0.5,0.6570879484106028
W074,raw,rgb,24,f1@0.75,0.4824173989414264
W074,raw,rgb,24,miou,0.770221494255265
W074,raw,rgb,24,n_pred,13.066666666666666
W074,raw,rgb,24,n_reg,15.2
W074,raw,rgb,32,f1@0.5,0.5430019639681447
W074,raw,rgb,32,f1@0.75,0.3934008256017115
W074,raw,rgb,32,miou,0.792351963304024
W074,raw,rgb,32,n_pred,17.2
W074,raw,rgb,32,n_reg,19.33333333333333
W074,raw,rgb,48,f1@0.5,0.5206144504934227
W074,raw,rgb,48,f1@0.75,0.3645706718419699
W074,raw,rgb,48,miou,0.7905573374831966
W074,raw,rgb,48,n_pred,16.933333333333334
W074,raw,rgb,48,n_reg,18.866666666666667
W075,merged,depth,4,f1@0.5,0.4697866236327774
W075,merged,depth,4,f1@0.75,0.3234534696073157
W075,merged,depth,4,miou,0.349459291831239
W075,merged,depth,4,n_pred,4.153846153846154
W075,merged,depth,4,n_reg,4.307692307692308
W075,merged,depth,6,f1@0.5,0.3068111375803684
W075,merged,depth,6,f1@0.75,0.237513768282999
W075,merged,depth,6,miou,0.3458633912208925
W075,merged,depth,6,n_pred,4.076923076923077
W075,merged,depth,6,n_reg,4.307692307692308
W075,merged,depth,8,f1@0.5,0.2038551192397346
W075,merged,depth,8,f1@0.75,0.1370091447014524
W075,merged,depth,8,miou,0.1938972178129062
W075,merged,depth,8,n_pred,2.0
W075,merged,depth,8,n_reg,2.0
W075,merged,depth,12,f1@0.5,0.6667192912668026
W075,merged,depth,12,f1@0.75,0.3708998392256311
W075,merged,depth,12,miou,0.4756133647569133
W075,merged,depth,12,n_pred,5.846153846153846
W075,merged,depth,12,n_reg,5.846153846153846
W075,merged,depth,16,f1@0.5,0.5830693815987934
W075,merged,depth,16,f1@0.75,0.3102079293255764
W075,merged,depth,16,miou,0.4614442510225753
W075,merged,depth,16,n_pred,5.6923076923076925
W075,merged,depth,16,n_reg,5.846153846153846
W075,merged,depth,24,f1@0.5,0.4651515151515151
W075,merged,depth,24,f1@0.75,0.3055611055611055
W075,merged,depth,24,miou,0.3614172560911845
W075,merged,depth,24,n_pred,4.923076923076923
W075,merged,depth,24,n_reg,5.307692307692308
W075,merged,depth,32,f1@0.5,0.4651515151515151
W075,merged,depth,32,f1@0.75,0.3055611055611055
W075,merged,depth,32,miou,0.3611469948714961
W075,merged,depth,32,n_pred,4.923076923076923
W075,merged,depth,32,n_reg,5.307692307692308
W075,merged,depth,48,f1@0.5,0.4916173570019723
W075,merged,depth,48,f1@0.75,0.313665821358129
W075,merged,depth,48,miou,0.3719444467018716
W075,merged,depth,48,n_pred,5.076923076923077
W075,merged,depth,48,n_reg,5.307692307692308
W075,merged,normal,4,f1@0.5,0.5317215213142815
W075,merged,normal,4,f1@0.75,0.4119613041558743
W075,merged,normal,4,miou,0.4695461283055824
W075,merged,normal,4,n_pred,5.0
W075,merged,normal,4,n_reg,5.076923076923077
W075,merged,normal,6,f1@0.5,0.7578787728108995
W075,merged,normal,6,f1@0.75,0.636811529345466
W075,merged,normal,6,miou,0.5600437414918547
W075,merged,normal,6,n_pred,5.923076923076923
W075,merged,normal,6,n_reg,5.923076923076923
W075,merged,normal,8,f1@0.5,0.789754087039155
W075,merged,normal,8,f1@0.75,0.7312344267095399
W075,merged,normal,8,miou,0.5594657234691351
W075,merged,normal,8,n_pred,6.230769230769231
W075,merged,normal,8,n_reg,6.230769230769231
W075,merged,normal,12,f1@0.5,0.7859079331930011
W075,merged,normal,12,f1@0.75,0.7092258797009928
W075,merged,normal,12,miou,0.5520099490407431
W075,merged,normal,12,n_pred,6.307692307692308
W075,merged,normal,12,n_reg,6.307692307692308
W075,merged,normal,16,f1@0.5,0.7955233178083857
W075,merged,normal,16,f1@0.75,0.7267472472223603
W075,merged,normal,16,miou,0.5565327002256492
W075,merged,normal,16,n_pred,6.307692307692308
W075,merged,normal,16,n_reg,6.307692307692308
W075,merged,normal,24,f1@0.5,0.7955233178083857
W075,merged,normal,24,f1@0.75,0.7370036574787705
W075,merged,normal,24,miou,0.5573508939419105
W075,merged,normal,24,n_pred,6.307692307692308
W075,merged,normal,24,n_reg,6.307692307692308
W075,merged,normal,32,f1@0.5,0.7955233178083857
W075,merged,normal,32,f1@0.75,0.7370036574787705
W075,merged,normal,32,miou,0.5572237791180052
W075,merged,normal,32,n_pred,6.307692307692308
W075,merged,normal,32,n_reg,6.307692307692308
W075,merged,normal,48,f1@0.5,0.7955233178083857
W075,merged,normal,48,f1@0.75,0.7370036574787705
W075,merged,normal,48,miou,0.557484406079062
W075,merged,normal,48,n_pred,6.307692307692308
W075,merged,normal,48,n_reg,6.307692307692308
W075,merged,rgb,4,f1@0.5,0.8311211664152841
W075,merged,rgb,4,f1@0.75,0.7280417295123177
W075,merged,rgb,4,miou,0.7248723164495948
W075,merged,rgb,4,n_pred,7.0
W075,merged,rgb,4,n_reg,7.0
W075,merged,rgb,6,f1@0.5,0.8271618903971845
W075,merged,rgb,6,f1@0.75,0.7246480643539468
W075,merged,rgb,6,miou,0.7245670760563769
W075,merged,rgb,6,n_pred,7.076923076923077
W075,merged,rgb,6,n_reg,7.076923076923077
W075,merged,rgb,8,f1@0.5,0.8830025667486967
W075,merged,rgb,8,f1@0.75,0.7796611627106983
W075,merged,rgb,8,miou,0.7599651639697546
W075,merged,rgb,8,n_pred,8.076923076923077
W075,merged,rgb,8,n_reg,8.076923076923077
W075,merged,rgb,12,f1@0.5,0.886508031012675
W075,merged,rgb,12,f1@0.75,0.7817013310047366
W075,merged,rgb,12,miou,0.7740507076910786
W075,merged,rgb,12,n_pred,8.384615384615385
W075,merged,rgb,12,n_reg,8.538461538461538
W075,merged,rgb,16,f1@0.5,0.8725235978331953
W075,merged,rgb,16,f1@0.75,0.7484844275091953
W075,merged,rgb,16,miou,0.7964634488799835
W075,merged,rgb,16,n_pred,9.0
W075,merged,rgb,16,n_reg,9.076923076923077
W075,merged,rgb,24,f1@0.5,0.8822851812789894
W075,merged,rgb,24,f1@0.75,0.7719291630282343
W075,merged,rgb,24,miou,0.7854719322343168
W075,merged,rgb,24,n_pred,8.615384615384615
W075,merged,rgb,24,n_reg,8.76923076923077
W075,merged,rgb,32,f1@0.5,0.8632160151509998
W075,merged,rgb,32,f1@0.75,0.7540666334009987
W075,merged,rgb,32,miou,0.7965553796237175
W075,merged,rgb,32,n_pred,8.846153846153847
W075,merged,rgb,32,n_reg,8.846153846153847
W075,merged,rgb,48,f1@0.5,0.883735261986036
W075,merged,rgb,48,f1@0.75,0.7423883993543435
W075,merged,rgb,48,miou,0.797640969876026
W075,merged,rgb,48,n_pred,8.923076923076923
W075,merged,rgb,48,n_reg,9.076923076923077
W075,raw,depth,4,f1@0.5,0.4333679141371449
W075,raw,depth,4,f1@0.75,0.3103864084633315
W075,raw,depth,4,miou,0.349459291831239
W075,raw,depth,4,n_pred,4.6923076923076925
W075,raw,depth,4,n_reg,4.846153846153846
W075,raw,depth,6,f1@0.5,0.2855234509080663
W075,raw,depth,6,f1@0.75,0.2285887189733343
W075,raw,depth,6,miou,0.3458633912208925
W075,raw,depth,6,n_pred,4.615384615384615
W075,raw,depth,6,n_reg,4.846153846153846
W075,raw,depth,8,f1@0.5,0.2038551192397346
W075,raw,depth,8,f1@0.75,0.1370091447014524
W075,raw,depth,8,miou,0.1938972178129062
W075,raw,depth,8,n_pred,2.0
W075,raw,depth,8,n_reg,2.0
W075,raw,depth,12,f1@0.5,0.4956966322291399
W075,raw,depth,12,f1@0.75,0.3192207517284916
W075,raw,depth,12,miou,0.4756133647569133
W075,raw,depth,12,n_pred,7.461538461538462
W075,raw,depth,12,n_reg,7.461538461538462
W075,raw,depth,16,f1@0.5,0.4013603957102409
W075,raw,depth,16,f1@0.75,0.2633407614057769
W075,raw,depth,16,miou,0.4614442510225753
W075,raw,depth,16,n_pred,7.923076923076923
W075,raw,depth,16,n_reg,8.23076923076923
W075,raw,depth,24,f1@0.5,0.3954951910834264
W075,raw,depth,24,f1@0.75,0.2835417850123732
W075,raw,depth,24,miou,0.3614172560911845
W075,raw,depth,24,n_pred,6.076923076923077
W075,raw,depth,24,n_reg,6.538461538461538
W075,raw,depth,32,f1@0.5,0.3980592936475289
W075,raw,depth,32,f1@0.75,0.2848238362944245
W075,raw,depth,32,miou,0.3611469948714961
W075,raw,depth,32,n_pred,6.0
W075,raw,depth,32,n_reg,6.538461538461538
W075,raw,depth,48,f1@0.5,0.3891896465842643
W075,raw,depth,48,f1@0.75,0.2733453383429568
W075,raw,depth,48,miou,0.3719444467018716
W075,raw,depth,48,n_pred,6.769230769230769
W075,raw,depth,48,n_reg,7.153846153846154
W075,raw,normal,4,f1@0.5,0.5317215213142815
W075,raw,normal,4,f1@0.75,0.4119613041558743
W075,raw,normal,4,miou,0.4695461283055824
W075,raw,normal,4,n_pred,5.0
W075,raw,normal,4,n_reg,5.384615384615385
W075,raw,normal,6,f1@0.5,0.641182620665831
W075,raw,normal,6,f1@0.75,0.4364707452585519
W075,raw,normal,6,miou,0.5600437414918547
W075,raw,normal,6,n_pred,8.23076923076923
W075,raw,normal,6,n_reg,8.461538461538462
W075,raw,normal,8,f1@0.5,0.6371735333809637
W075,raw,normal,8,f1@0.75,0.4188074825071729
W075,raw,normal,8,miou,0.5594657234691351
W075,raw,normal,8,n_pred,8.923076923076923
W075,raw,normal,8,n_reg,9.307692307692308
W075,raw,normal,12,f1@0.5,0.5582389197377755
W075,raw,normal,12,f1@0.75,0.3623332871044541
W075,raw,normal,12,miou,0.5520099490407431
W075,raw,normal,12,n_pred,10.538461538461538
W075,raw,normal,12,n_reg,10.76923076923077
W075,raw,normal,16,f1@0.5,0.5026807807577038
W075,raw,normal,16,f1@0.75,0.3302037705883859
W075,raw,normal,16,miou,0.5565327002256492
W075,raw,normal,16,n_pred,12.615384615384617
W075,raw,normal,16,n_reg,13.076923076923077
W075,raw,normal,24,f1@0.5,0.5327244342232901
W075,raw,normal,24,f1@0.75,0.3394239741951412
W075,raw,normal,24,miou,0.5573508939419105
W075,raw,normal,24,n_pred,11.923076923076923
W075,raw,normal,24,n_reg,12.307692307692308
W075,raw,normal,32,f1@0.5,0.5142958323727554
W075,raw,normal,32,f1@0.75,0.3284122287968442
W075,raw,normal,32,miou,0.5572237791180052
W075,raw,normal,32,n_pred,12.76923076923077
W075,raw,normal,32,n_reg,13.307692307692308
W075,raw,normal,48,f1@0.5,0.5264252414252414
W075,raw,normal,48,f1@0.75,0.3366616716616716
W075,raw,normal,48,miou,0.557484406079062
W075,raw,normal,48,n_pred,12.153846153846152
W075,raw,normal,48,n_reg,12.615384615384617
W075,raw,rgb,4,f1@0.5,0.6747127055950586
W075,raw,rgb,4,f1@0.75,0.5426021690727573
W075,raw,rgb,4,miou,0.7248723164495948
W075,raw,rgb,4,n_pred,9.076923076923077
W075,raw,rgb,4,n_reg,9.384615384615383
W075,raw,rgb,6,f1@0.5,0.6372839149154939
W075,raw,rgb,6,f1@0.75,0.5189667058088111
W075,raw,rgb,6,miou,0.7245670760563769
W075,raw,rgb,6,n_pred,10.076923076923077
W075,raw,rgb,6,n_reg,11.153846153846152
W075,raw,rgb,8,f1@0.5,0.6720057570643114
W075,raw,rgb,8,f1@0.75,0.5112817209263568
W075,raw,rgb,8,miou,0.7599659136509798
W075,raw,rgb,8,n_pred,11.76923076923077
W075,raw,rgb,8,n_reg,12.153846153846152
W075,raw,rgb,12,f1@0.5,0.5580768651083494
W075,raw,rgb,12,f1@0.75,0.4178047728272616
W075,raw,rgb,12,miou,0.7740507076910786
W075,raw,rgb,12,n_pred,15.76923076923077
W075,raw,rgb,12,n_reg,17.307692307692307
W075,raw,rgb,16,f1@0.5,0.4921959498531758
W075,raw,rgb,16,f1@0.75,0.3174513555809012
W075,raw,rgb,16,miou,0.7964282280499168
W075,raw,rgb,16,n_pred,17.615384615384617
W075,raw,rgb,16,n_reg,18.692307692307693
W075,raw,rgb,24,f1@0.5,0.6220089349520788
W075,raw,rgb,24,f1@0.75,0.4529186012798052
W075,raw,rgb,24,miou,0.7854726805869826
W075,raw,rgb,24,n_pred,14.307692307692308
W075,raw,rgb,24,n_reg,15.615384615384617
W075,raw,rgb,32,f1@0.5,0.495500078674546
W075,raw,rgb,32,f1@0.75,0.3443471079434115
W075,raw,rgb,32,miou,0.796556129277829
W075,raw,rgb,32,n_pred,16.923076923076923
W075,raw,rgb,32,n_reg,17.692307692307693
W075,raw,rgb,48,f1@0.5,0.4808275683938813
W075,raw,rgb,48,f1@0.75,0.2917159358472356
W075,raw,rgb,48,miou,0.7976470454869228
W075,raw,rgb,48,n_pred,17.53846153846154
W075,raw,rgb,48,n_reg,18.76923076923077
W076,merged,depth,4,f1@0.5,0.7219036519036519
W076,merged,depth,4,f1@0.75,0.5101243201243201
W076,merged,depth,4,miou,0.7185240676669866
W076,merged,depth,4,n_pred,5.0
W076,merged,depth,4,n_reg,5.0
W076,merged,depth,6,f1@0.5,0.6413209013209012
W076,merged,depth,6,f1@0.75,0.4196995596995597
W076,merged,depth,6,miou,0.5587817168602023
W076,merged,depth,6,n_pred,4.666666666666667
W076,merged,depth,6,n_reg,4.666666666666667
W076,merged,depth,8,f1@0.5,0.6306371406371407
W076,merged,depth,8,f1@0.75,0.409015799015799
W076,merged,depth,8,miou,0.5579008376340688
W076,merged,depth,8,n_pred,4.666666666666667
W076,merged,depth,8,n_reg,4.666666666666667
W076,merged,depth,12,f1@0.5,0.7837362637362638
W076,merged,depth,12,f1@0.75,0.5768742368742369
W076,merged,depth,12,miou,0.7599250473064904
W076,merged,depth,12,n_pred,5.9
W076,merged,depth,12,n_reg,5.9
W076,merged,depth,16,f1@0.5,0.8128449328449328
W076,merged,depth,16,f1@0.75,0.6038095238095238
W076,merged,depth,16,miou,0.7738583604640963
W076,merged,depth,16,n_pred,6.6
W076,merged,depth,16,n_reg,6.6
W076,merged,depth,24,f1@0.5,0.808083028083028
W076,merged,depth,24,f1@0.75,0.5942857142857143
W076,merged,depth,24,miou,0.7726360182462355
W076,merged,depth,24,n_pred,6.6
W076,merged,depth,24,n_reg,6.6
W076,merged,depth,32,f1@0.5,0.8033211233211233
W076,merged,depth,32,f1@0.75,0.5898412698412698
W076,merged,depth,32,miou,0.7720439290245255
W076,merged,depth,32,n_pred,6.6
W076,merged,depth,32,n_reg,6.6
W076,merged,depth,48,f1@0.5,0.8271306471306471
W076,merged,depth,48,f1@0.75,0.6038095238095238
W076,merged,depth,48,miou,0.7700861254384389
W076,merged,depth,48,n_pred,6.6
W076,merged,depth,48,n_reg,6.6
W076,merged,normal,4,f1@0.5,0.8227661227661227
W076,merged,normal,4,f1@0.75,0.7251748251748252
W076,merged,normal,4,miou,0.8702118456355972
W076,merged,normal,4,n_pred,5.1
W076,merged,normal,4,n_reg,5.1
W076,merged,normal,6,f1@0.5,0.8005102305102305
W076,merged,normal,6,f1@0.75,0.7427324527324527
W076,merged,normal,6,miou,0.7612974916244718
W076,merged,normal,6,n_pred,4.833333333333333
W076,merged,normal,6,n_reg,4.966666666666667
W076,merged,normal,8,f1@0.5,0.8060657860657862
W076,merged,normal,8,f1@0.75,0.7427324527324527
W076,merged,normal,8,miou,0.7602992875048739
W076,merged,normal,8,n_pred,4.833333333333333
W076,merged,normal,8,n_reg,4.966666666666667
W076,merged,normal,12,f1@0.5,0.8838661338661339
W076,merged,normal,12,f1@0.75,0.784931734931735
W076,merged,normal,12,miou,0.8994186593586443
W076,merged,normal,12,n_pred,5.766666666666667
W076,merged,normal,12,n_reg,5.9
W076,merged,normal,16,f1@0.5,0.8827428127428127
W076,merged,normal,16,f1@0.75,0.7625629925629925
W076,merged,normal,16,miou,0.8991370354030318
W076,merged,normal,16,n_pred,6.233333333333333
W076,merged,normal,16,n_reg,6.533333333333333
W076,merged,normal,24,f1@0.5,0.8805450105450106
W076,merged,normal,24,f1@0.75,0.7603651903651903
W076,merged,normal,24,miou,0.8998965103969272
W076,merged,normal,24,n_pred,6.266666666666667
W076,merged,normal,24,n_reg,6.533333333333333
W076,merged,normal,32,f1@0.5,0.8809113109113109
W076,merged,normal,32,f1@0.75,0.7614152514152513
W076,merged,normal,32,miou,0.8993145135939593
W076,merged,normal,32,n_pred,6.266666666666667
W076,merged,normal,32,n_reg,6.566666666666666
W076,merged,normal,48,f1@0.5,0.8809113109113109
W076,merged,normal,48,f1@0.75,0.7607314907314907
W076,merged,normal,48,miou,0.899029372429777
W076,merged,normal,48,n_pred,6.266666666666667
W076,merged,normal,48,n_reg,6.566666666666666
W076,merged,rgb,4,f1@0.5,0.8932234432234433
W076,merged,rgb,4,f1@0.75,0.8410866910866911
W076,merged,rgb,4,miou,0.940987882262498
W076,merged,rgb,4,n_pred,5.933333333333334
W076,merged,rgb,4,n_reg,5.966666666666667
W076,merged,rgb,6,f1@0.5,0.7961667961667962
W076,merged,rgb,6,f1@0.75,0.7431364931364931
W076,merged,rgb,6,miou,0.7637099280675902
W076,merged,rgb,6,n_pred,4.8
W076,merged,rgb,6,n_reg,4.833333333333333
W076,merged,rgb,8,f1@0.5,0.804958004958005
W076,merged,rgb,8,f1@0.75,0.7424038924038924
W076,merged,rgb,8,miou,0.764918078453403
W076,merged,rgb,8,n_pred,4.9
W076,merged,rgb,8,n_reg,4.933333333333334
W076,merged,rgb,12,f1@0.5,0.8950061050061051
W076,merged,rgb,12,f1@0.75,0.8442368742368742
W076,merged,rgb,12,miou,0.9394463642152344
W076,merged,rgb,12,n_pred,5.966666666666667
W076,merged,rgb,12,n_reg,6.033333333333333
W076,merged,rgb,16,f1@0.5,0.8960661560661561
W076,merged,rgb,16,f1@0.75,0.8451581751581753
W076,merged,rgb,16,miou,0.9429384732015366
W076,merged,rgb,16,n_pred,5.966666666666667
W076,merged,rgb,16,n_reg,6.066666666666666
W076,merged,rgb,24,f1@0.5,0.9070421245421244
W076,merged,rgb,24,f1@0.75,0.8452289377289378
W076,merged,rgb,24,miou,0.937284831354219
W076,merged,rgb,24,n_pred,6.433333333333334
W076,merged,rgb,24,n_reg,6.633333333333334
W076,merged,rgb,32,f1@0.5,0.9060622710622712
W076,merged,rgb,32,f1@0.75,0.8558485958485959
W076,merged,rgb,32,miou,0.9380620889828104
W076,merged,rgb,32,n_pred,6.6
W076,merged,rgb,32,n_reg,6.766666666666667
W076,merged,rgb,48,f1@0.5,0.8944566544566545
W076,merged,rgb,48,f1@0.75,0.8375824175824176
W076,merged,rgb,48,miou,0.9437933478780872
W076,merged,rgb,48,n_pred,5.9
W076,merged,rgb,48,n_reg,5.966666666666667
W076,raw,depth,4,f1@0.5,0.6658230658230658
W076,raw,depth,4,f1@0.75,0.3655122655122655
W076,raw,depth,4,miou,0.7185240676669866
W076,raw,depth,4,n_pred,6.0
W076,raw,depth,4,n_reg,6.0
W076,raw,depth,6,f1@0.5,0.575912975912976
W076,raw,depth,6,f1@0.75,0.2713564213564213
W076,raw,depth,6,miou,0.5587817168602023
W076,raw,depth,6,n_pred,6.0
W076,raw,depth,6,n_reg,6.433333333333334
W076,raw,depth,8,f1@0.5,0.5755833055833056
W076,raw,depth,8,f1@0.75,0.2653246753246753
W076,raw,depth,8,miou,0.5579008376340688
W076,raw,depth,8,n_pred,5.766666666666667
W076,raw,depth,8,n_reg,6.266666666666667
W076,raw,depth,12,f1@0.5,0.7194383394383395
W076,raw,depth,12,f1@0.75,0.4322588522588522
W076,raw,depth,12,miou,0.7599250473064904
W076,raw,depth,12,n_pred,7.033333333333333
W076,raw,depth,12,n_reg,7.533333333333333
W076,raw,depth,16,f1@0.5,0.7305835667600373
W076,raw,depth,16,f1@0.75,0.4523646125116713
W076,raw,depth,16,miou,0.7755037871185063
W076,raw,depth,16,n_pred,8.133333333333333
W076,raw,depth,16,n_reg,9.2
W076,raw,depth,24,f1@0.5,0.7132072829131653
W076,raw,depth,24,f1@0.75,0.4351937441643324
W076,raw,depth,24,miou,0.774272949987902
W076,raw,depth,24,n_pred,8.466666666666667
W076,raw,depth,24,n_reg,10.366666666666667
W076,raw,depth,32,f1@0.5,0.7132072829131653
W076,raw,depth,32,f1@0.75,0.4342413632119514
W076,raw,depth,32,miou,0.7736080648121644
W076,raw,depth,32,n_pred,8.333333333333334
W076,raw,depth,32,n_reg,9.333333333333334
W076,raw,depth,48,f1@0.5,0.7335644257703081
W076,raw,depth,48,f1@0.75,0.4499556489262372
W076,raw,depth,48,miou,0.7717313765075052
W076,raw,depth,48,n_pred,8.366666666666667
W076,raw,depth,48,n_reg,9.233333333333333
W076,raw,normal,4,f1@0.5,0.749006549006549
W076,raw,normal,4,f1@0.75,0.5541014541014542
W076,raw,normal,4,miou,0.8702118456355972
W076,raw,normal,4,n_pred,6.0
W076,raw,normal,4,n_reg,6.0
W076,raw,normal,6,f1@0.5,0.682972582972583
W076,raw,normal,6,f1@0.75,0.4799278499278499
W076,raw,normal,6,miou,0.7612974916244718
W076,raw,normal,6,n_pred,6.5
W076,raw,normal,6,n_reg,7.5
W076,raw,normal,8,f1@0.5,0.6470390720390721
W076,raw,normal,8,f1@0.75,0.4366758241758241
W076,raw,normal,8,miou,0.7602992875048739
W076,raw,normal,8,n_pred,7.266666666666667
W076,raw,normal,8,n_reg,8.0
W076,raw,normal,12,f1@0.5,0.7651587301587301
W076,raw,normal,12,f1@0.75,0.5440995115995116
W076,raw,normal,12,miou,0.8994186593586443
W076,raw,normal,12,n_pred,7.433333333333334
W076,raw,normal,12,n_reg,8.066666666666666
W076,raw,normal,16,f1@0.5,0.7222774665421724
W076,raw,normal,16,f1@0.75,0.480922035480859
W076,raw,normal,16,miou,0.8991370354030318
W076,raw,normal,16,n_pred,8.8
W076,raw,normal,16,n_reg,9.966666666666669
W076,raw,normal,24,f1@0.5,0.6870968270349075
W076,raw,normal,24,f1@0.75,0.4617619211427261
W076,raw,normal,24,miou,0.8999003582317536
W076,raw,normal,24,n_pred,9.433333333333334
W076,raw,normal,24,n_reg,11.133333333333333
W076,raw,normal,32,f1@0.5,0.6794225350959097
W076,raw,normal,32,f1@0.75,0.4571486313823775
W076,raw,normal,32,miou,0.8993144737473181
W076,raw,normal,32,n_pred,9.633333333333333
W076,raw,normal,32,n_reg,12.1
W076,raw,normal,48,f1@0.5,0.7207524120759415
W076,raw,normal,48,f1@0.75,0.4800505757858699
W076,raw,normal,48,miou,0.899029372429777
W076,raw,normal,48,n_pred,8.833333333333334
W076,raw,normal,48,n_reg,10.166666666666666
W076,raw,rgb,4,f1@0.5,0.8006349206349206
W076,raw,rgb,4,f1@0.75,0.6663003663003663
W076,raw,rgb,4,miou,0.940987882262498
W076,raw,rgb,4,n_pred,6.966666666666667
W076,raw,rgb,4,n_reg,7.0
W076,raw,rgb,6,f1@0.5,0.6917277167277168
W076,raw,rgb,6,f1@0.75,0.5887179487179488
W076,raw,rgb,6,miou,0.7637099280675902
W076,raw,rgb,6,n_pred,6.6
W076,raw,rgb,6,n_reg,7.8
W076,raw,rgb,8,f1@0.5,0.7242846042846043
W076,raw,rgb,8,f1@0.75,0.595017205017205
W076,raw,rgb,8,miou,0.7649541894829828
W076,raw,rgb,8,n_pred,6.2
W076,raw,rgb,8,n_reg,6.4
W076,raw,rgb,12,f1@0.5,0.6935973512211902
W076,raw,rgb,12,f1@0.75,0.4979239766081871
W076,raw,rgb,12,miou,0.9394833581484886
W076,raw,rgb,12,n_pred,9.4
W076,raw,rgb,12,n_reg,10.166666666666666
W076,raw,rgb,16,f1@0.5,0.6583293200321064
W076,raw,rgb,16,f1@0.75,0.4733597064556817
W076,raw,rgb,16,miou,0.9430402588768476
W076,raw,rgb,16,n_pred,10.1
W076,raw,rgb,16,n_reg,11.2
W076,raw,rgb,24,f1@0.5,0.686726397097914
W076,raw,rgb,24,f1@0.75,0.5961860608145438
W076,raw,rgb,24,miou,0.937321463748195
W076,raw,rgb,24,n_pred,10.8
W076,raw,rgb,24,n_reg,12.333333333333334
W076,raw,rgb,32,f1@0.5,0.6529234406704456
W076,raw,rgb,32,f1@0.75,0.5280199895874953
W076,raw,rgb,32,miou,0.9381060221166554
W076,raw,rgb,32,n_pred,11.333333333333334
W076,raw,rgb,32,n_reg,13.233333333333333
W076,raw,rgb,48,f1@0.5,0.6415258325552443
W076,raw,rgb,48,f1@0.75,0.4986358871033793
W076,raw,rgb,48,miou,0.9438489995672332
W076,raw,rgb,48,n_pred,10.833333333333334
W076,raw,rgb,48,n_reg,12.2
W077,merged,depth,4,f1@0.5,0.5090560780215952
W077,merged,depth,4,f1@0.75,0.3026819923371647
W077,merged,depth,4,miou,0.4470314244393291
W077,merged,depth,4,n_pred,3.310344827586207
W077,merged,depth,4,n_reg,3.310344827586207
W077,merged,depth,6,f1@0.5,0.7188087774294671
W077,merged,depth,6,f1@0.75,0.5891327063740858
W077,merged,depth,6,miou,0.628499212507966
W077,merged,depth,6,n_pred,4.103448275862069
W077,merged,depth,6,n_reg,4.103448275862069
W077,merged,depth,8,f1@0.5,0.829459046700426
W077,merged,depth,8,f1@0.75,0.6285404250921492
W077,merged,depth,8,miou,0.7689004569206465
W077,merged,depth,8,n_pred,6.586206896551724
W077,merged,depth,8,n_reg,6.655172413793103
W077,merged,depth,12,f1@0.5,0.7685211340383754
W077,merged,depth,12,f1@0.75,0.5418099142237074
W077,merged,depth,12,miou,0.7044746673080952
W077,merged,depth,12,n_pred,5.620689655172414
W077,merged,depth,12,n_reg,5.655172413793103
W077,merged,depth,16,f1@0.5,0.7729098487719178
W077,merged,depth,16,f1@0.75,0.5281063763822385
W077,merged,depth,16,miou,0.6955528300550791
W077,merged,depth,16,n_pred,5.655172413793103
W077,merged,depth,16,n_reg,5.689655172413793
W077,merged,depth,24,f1@0.5,0.8614305234994891
W077,merged,depth,24,f1@0.75,0.7478016236636926
W077,merged,depth,24,miou,0.8123531165937687
W077,merged,depth,24,n_pred,5.758620689655173
W077,merged,depth,24,n_reg,5.827586206896552
W077,merged,depth,32,f1@0.5,0.4974573319400905
W077,merged,depth,32,f1@0.75,0.2842911877394636
W077,merged,depth,32,miou,0.4372198227180363
W077,merged,depth,32,n_pred,3.2758620689655173
W077,merged,depth,32,n_reg,3.2758620689655173
W077,merged,depth,48,f1@0.5,0.7616245823142375
W077,merged,depth,48,f1@0.75,0.5296083227117709
W077,merged,depth,48,miou,0.7042877018295086
W077,merged,depth,48,n_pred,5.620689655172414
W077,merged,depth,48,n_reg,5.724137931034483
W077,merged,normal,4,f1@0.5,0.8219998392412186
W077,merged,normal,4,f1@0.75,0.7807250221043325
W077,merged,normal,4,miou,0.7562949629391378
W077,merged,normal,4,n_pred,4.965517241379311
W077,merged,normal,4,n_reg,5.0
W077,merged,normal,6,f1@0.5,0.9153719843375016
W077,merged,normal,6,f1@0.75,0.8029556650246307
W077,merged,normal,6,miou,0.9055104972109808
W077,merged,normal,6,n_pred,5.931034482758621
W077,merged,normal,6,n_reg,6.068965517241379
W077,merged,normal,8,f1@0.5,0.7816068988482783
W077,merged,normal,8,f1@0.75,0.717630645216852
W077,merged,normal,8,miou,0.7832315135389507
W077,merged,normal,8,n_pred,6.482758620689655
W077,merged,normal,8,n_reg,6.551724137931035
W077,merged,normal,12,f1@0.5,0.914045724390552
W077,merged,normal,12,f1@0.75,0.787192118226601
W077,merged,normal,12,miou,0.9062562582022632
W077,merged,normal,12,n_pred,6.689655172413793
W077,merged,normal,12,n_reg,6.758620689655173
W077,merged,normal,16,f1@0.5,0.924718959201718
W077,merged,normal,16,f1@0.75,0.8111658456486042
W077,merged,normal,16,miou,0.9105442014478614
W077,merged,normal,16,n_pred,6.689655172413793
W077,merged,normal,16,n_reg,6.862068965517241
W077,merged,normal,24,f1@0.5,0.9189718327649362
W077,merged,normal,24,f1@0.75,0.8111658456486042
W077,merged,normal,24,miou,0.9102145859093226
W077,merged,normal,24,n_pred,6.689655172413793
W077,merged,normal,24,n_reg,6.724137931034483
W077,merged,normal,32,f1@0.5,0.914045724390552
W077,merged,normal,32,f1@0.75,0.7902614626752558
W077,merged,normal,32,miou,0.907790858520846
W077,merged,normal,32,n_pred,6.689655172413793
W077,merged,normal,32,n_reg,6.724137931034483
W077,merged,normal,48,f1@0.5,0.9171403309334344
W077,merged,normal,48,f1@0.75,0.7880510294303398
W077,merged,normal,48,miou,0.9086108568605876
W077,merged,normal,48,n_pred,6.724137931034483
W077,merged,normal,48,n_reg,6.758620689655173
W077,merged,rgb,4,f1@0.5,0.8013423358250944
W077,merged,rgb,4,f1@0.75,0.7681054577606301
W077,merged,rgb,4,miou,0.7701670249416397
W077,merged,rgb,4,n_pred,5.379310344827586
W077,merged,rgb,4,n_reg,5.827586206896552
W077,merged,rgb,6,f1@0.5,0.8017844224740777
W077,merged,rgb,6,f1@0.75,0.7393698255767222
W077,merged,rgb,6,miou,0.7549567867975732
W077,merged,rgb,6,n_pred,5.448275862068965
W077,merged,rgb,6,n_reg,5.551724137931035
W077,merged,rgb,8,f1@0.5,0.912605785019578
W077,merged,rgb,8,f1@0.75,0.8692812934192244
W077,merged,rgb,8,miou,0.9425629351089788
W077,merged,rgb,8,n_pred,6.724137931034483
W077,merged,rgb,8,n_reg,6.758620689655173
W077,merged,rgb,12,f1@0.5,0.9111793379034758
W077,merged,rgb,12,f1@0.75,0.8641588296760712
W077,merged,rgb,12,miou,0.9308254708808342
W077,merged,rgb,12,n_pred,6.827586206896552
W077,merged,rgb,12,n_reg,6.896551724137931
W077,merged,rgb,16,f1@0.5,0.9233453328280916
W077,merged,rgb,16,f1@0.75,0.8662372110647972
W077,merged,rgb,16,miou,0.9331448665715666
W077,merged,rgb,16,n_pred,6.862068965517241
W077,merged,rgb,16,n_reg,6.896551724137931
W077,merged,rgb,24,f1@0.5,0.9181823923203232
W077,merged,rgb,24,f1@0.75,0.8675161045850701
W077,merged,rgb,24,miou,0.9197982271062014
W077,merged,rgb,24,n_pred,6.931034482758621
W077,merged,rgb,24,n_reg,6.965517241379311
W077,merged,rgb,32,f1@0.5,0.9181823923203232
W077,merged,rgb,32,f1@0.75,0.8625899962106859
W077,merged,rgb,32,miou,0.9251114032803056
W077,merged,rgb,32,n_pred,6.931034482758621
W077,merged,rgb,32,n_reg,6.965517241379311
W077,merged,rgb,48,f1@0.5,0.915529872426424
W077,merged,rgb,48,f1@0.75,0.8538745737021599
W077,merged,rgb,48,miou,0.9246148288238236
W077,merged,rgb,48,n_pred,6.896551724137931
W077,merged,rgb,48,n_reg,6.931034482758621
W077,raw,depth,4,f1@0.5,0.4274093722369584
W077,raw,depth,4,f1@0.75,0.1961096374889478
W077,raw,depth,4,miou,0.4470314244393291
W077,raw,depth,4,n_pred,4.620689655172414
W077,raw,depth,4,n_reg,4.965517241379311
W077,raw,depth,6,f1@0.5,0.571244847106916
W077,raw,depth,6,f1@0.75,0.3986875193771745
W077,raw,depth,6,miou,0.628499212507966
W077,raw,depth,6,n_pred,5.689655172413793
W077,raw,depth,6,n_reg,5.896551724137931
W077,raw,depth,8,f1@0.5,0.6764312090884099
W077,raw,depth,8,f1@0.75,0.501682529775836
W077,raw,depth,8,miou,0.7689004569206465
W077,raw,depth,8,n_pred,8.344827586206897
W077,raw,depth,8,n_reg,8.862068965517242
W077,raw,depth,12,f1@0.5,0.6074838954149299
W077,raw,depth,12,f1@0.75,0.4076323102185171
W077,raw,depth,12,miou,0.7044746673080952
W077,raw,depth,12,n_pred,7.620689655172414
W077,raw,depth,12,n_reg,8.827586206896552
W077,raw,depth,16,f1@0.5,0.6282714412024757
W077,raw,depth,16,f1@0.75,0.4233863837312113
W077,raw,depth,16,miou,0.6955528300550791
W077,raw,depth,16,n_pred,7.275862068965517
W077,raw,depth,16,n_reg,7.724137931034483
W077,raw,depth,24,f1@0.5,0.6762816797806657
W077,raw,depth,24,f1@0.75,0.4204791996374146
W077,raw,depth,24,miou,0.8123531165937687
W077,raw,depth,24,n_pred,8.482758620689655
W077,raw,depth,24,n_reg,8.724137931034482
W077,raw,depth,32,f1@0.5,0.4270155132224097
W077,raw,depth,32,f1@0.75,0.1988264608954264
W077,raw,depth,32,miou,0.4372198227180363
W077,raw,depth,32,n_pred,4.448275862068965
W077,raw,depth,32,n_reg,4.827586206896552
W077,raw,depth,48,f1@0.5,0.6265030946065429
W077,raw,depth,48,f1@0.75,0.4202033598585323
W077,raw,depth,48,miou,0.7042877018295086
W077,raw,depth,48,n_pred,7.206896551724138
W077,raw,depth,48,n_reg,7.724137931034483
W077,raw,normal,4,f1@0.5,0.7044645010162253
W077,raw,normal,4,f1@0.75,0.5645079058872162
W077,raw,normal,4,miou,0.7562949629391378
W077,raw,normal,4,n_pred,6.517241379310345
W077,raw,normal,4,n_reg,6.965517241379311
W077,raw,normal,6,f1@0.5,0.8289250978906151
W077,raw,normal,6,f1@0.75,0.6232663887836302
W077,raw,normal,6,miou,0.9055149931703156
W077,raw,normal,6,n_pred,7.068965517241379
W077,raw,normal,6,n_reg,7.896551724137931
W077,raw,normal,8,f1@0.5,0.6195398583836718
W077,raw,normal,8,f1@0.75,0.5032545998063239
W077,raw,normal,8,miou,0.7832315135389507
W077,raw,normal,8,n_pred,9.0
W077,raw,normal,8,n_reg,9.482758620689657
W077,raw,normal,12,f1@0.5,0.7329552687564858
W077,raw,normal,12,f1@0.75,0.559974564538459
W077,raw,normal,12,miou,0.9062562582022632
W077,raw,normal,12,n_pred,9.344827586206897
W077,raw,normal,12,n_reg,10.448275862068966
W077,raw,normal,16,f1@0.5,0.7581680771335944
W077,raw,normal,16,f1@0.75,0.5737324991888887
W077,raw,normal,16,miou,0.9105442014478614
W077,raw,normal,16,n_pred,9.241379310344827
W077,raw,normal,16,n_reg,10.517241379310343
W077,raw,normal,24,f1@0.5,0.7041176235955781
W077,raw,normal,24,f1@0.75,0.5517141823456545
W077,raw,normal,24,miou,0.910216478956438
W077,raw,normal,24,n_pred,9.96551724137931
W077,raw,normal,24,n_reg,11.344827586206897
W077,raw,normal,32,f1@0.5,0.6939197150310634
W077,raw,normal,32,f1@0.75,0.5405361358094357
W077,raw,normal,32,miou,0.907790858520846
W077,raw,normal,32,n_pred,10.241379310344827
W077,raw,normal,32,n_reg,11.79310344827586
W077,raw,normal,48,f1@0.5,0.70587628508521
W077,raw,normal,48,f1@0.75,0.5460752345053616
W077,raw,normal,48,miou,0.9086108382890116
W077,raw,normal,48,n_pred,10.03448275862069
W077,raw,normal,48,n_reg,11.79310344827586
W077,raw,rgb,4,f1@0.5,0.6241347732727043
W077,raw,rgb,4,f1@0.75,0.4347069597069596
W077,raw,rgb,4,miou,0.7701682313907535
W077,raw,rgb,4,n_pred,8.03448275862069
W077,raw,rgb,4,n_reg,8.862068965517242
W077,raw,rgb,6,f1@0.5,0.6220569660224832
W077,raw,rgb,6,f1@0.75,0.4978685107995453
W077,raw,rgb,6,miou,0.7549567867975732
W077,raw,rgb,6,n_pred,8.0
W077,raw,rgb,6,n_reg,8.482758620689655
W077,raw,rgb,8,f1@0.5,0.7037917223755806
W077,raw,rgb,8,f1@0.75,0.5194697358677288
W077,raw,rgb,8,miou,0.9427201975624188
W077,raw,rgb,8,n_pred,10.275862068965518
W077,raw,rgb,8,n_reg,11.310344827586206
W077,raw,rgb,12,f1@0.5,0.6710426336293743
W077,raw,rgb,12,f1@0.75,0.5034628915086906
W077,raw,rgb,12,miou,0.931148305912348
W077,raw,rgb,12,n_pred,11.10344827586207
W077,raw,rgb,12,n_reg,11.89655172413793
W077,raw,rgb,16,f1@0.5,0.6259546283644528
W077,raw,rgb,16,f1@0.75,0.4484736527839976
W077,raw,rgb,16,miou,0.9334392838858332
W077,raw,rgb,16,n_pred,11.96551724137931
W077,raw,rgb,16,n_reg,12.862068965517242
W077,raw,rgb,24,f1@0.5,0.63688864877601
W077,raw,rgb,24,f1@0.75,0.3998229324081877
W077,raw,rgb,24,miou,0.9201326702995012
W077,raw,rgb,24,n_pred,12.172413793103448
W077,raw,rgb,24,n_reg,13.20689655172414
W077,raw,rgb,32,f1@0.5,0.5617480735034961
W077,raw,rgb,32,f1@0.75,0.3686032418641347
W077,raw,rgb,32,miou,0.9254503803095772
W077,raw,rgb,32,n_pred,14.137931034482758
W077,raw,rgb,32,n_reg,15.413793103448276
W077,raw,rgb,48,f1@0.5,0.5756793842389203
W077,raw,rgb,48,f1@0.75,0.417252522531462
W077,raw,rgb,48,miou,0.924944879275166
W077,raw,rgb,48,n_pred,13.517241379310343
W077,raw,rgb,48,n_reg,14.862068965517242
W078,merged,depth,4,f1@0.5,0.907432844932845
W078,merged,depth,4,f1@0.75,0.8624847374847375
W078,merged,depth,4,miou,0.8490735619371507
W078,merged,depth,4,n_pred,5.958333333333333
W078,merged,depth,4,n_reg,5.958333333333333
W078,merged,depth,6,f1@0.5,0.9111721611721612
W078,merged,depth,6,f1@0.75,0.9047619047619048
W078,merged,depth,6,miou,0.7628421036824705
W078,merged,depth,6,n_pred,6.0
W078,merged,depth,6,n_reg,6.0
W078,merged,depth,8,f1@0.5,0.8946123321123322
W078,merged,depth,8,f1@0.75,0.8753052503052503
W078,merged,depth,8,miou,0.8480841110603853
W078,merged,depth,8,n_pred,5.958333333333333
W078,merged,depth,8,n_reg,5.958333333333333
W078,merged,depth,12,f1@0.5,0.9010225885225884
W078,merged,depth,12,f1@0.75,0.8560744810744811
W078,merged,depth,12,miou,0.8417632721099605
W078,merged,depth,12,n_pred,5.958333333333333
W078,merged,depth,12,n_reg,5.958333333333333
W078,merged,depth,16,f1@0.5,0.9793345543345544
W078,merged,depth,16,f1@0.75,0.9197496947496948
W078,merged,depth,16,miou,0.9170968358822892
W078,merged,depth,16,n_pred,6.958333333333333
W078,merged,depth,16,n_reg,6.958333333333333
W078,merged,depth,24,f1@0.5,0.8882020757020758
W078,merged,depth,24,f1@0.75,0.8240231990231991
W078,merged,depth,24,miou,0.8295803274099082
W078,merged,depth,24,n_pred,5.958333333333333
W078,merged,depth,24,n_reg,5.958333333333333
W078,merged,depth,32,f1@0.5,0.9614774114774116
W078,merged,depth,32,f1@0.75,0.9137973137973138
W078,merged,depth,32,miou,0.9164859292830684
W078,merged,depth,32,n_pred,6.958333333333333
W078,merged,depth,32,n_reg,6.958333333333333
W078,merged,depth,48,f1@0.5,0.8882020757020758
W078,merged,depth,48,f1@0.75,0.8240231990231991
W078,merged,depth,48,miou,0.8292364017730574
W078,merged,depth,48,n_pred,5.958333333333333
W078,merged,depth,48,n_reg,5.958333333333333
W078,merged,normal,4,f1@0.5,0.7222222222222222
W078,merged,normal,4,f1@0.75,0.67739898989899
W078,merged,normal,4,miou,0.6790005121692017
W078,merged,normal,4,n_pred,4.0
W078,merged,normal,4,n_reg,4.0
W078,merged,normal,6,f1@0.5,0.7710622710622711
W078,merged,normal,6,f1@0.75,0.7266483516483517
W078,merged,normal,6,miou,0.7705750419360434
W078,merged,normal,6,n_pred,6.0
W078,merged,normal,6,n_reg,6.0
W078,merged,normal,8,f1@0.5,0.7774725274725275
W078,merged,normal,8,f1@0.75,0.7454212454212454
W078,merged,normal,8,miou,0.7764422510563255
W078,merged,normal,8,n_pred,6.0
W078,merged,normal,8,n_reg,6.0
W078,merged,normal,12,f1@0.5,0.815934065934066
W078,merged,normal,12,f1@0.75,0.7710622710622711
W078,merged,normal,12,miou,0.8266094892131867
W078,merged,normal,12,n_pred,6.0
W078,merged,normal,12,n_reg,6.0
W078,merged,normal,16,f1@0.5,0.8031135531135533
W078,merged,normal,16,f1@0.75,0.7518315018315018
W078,merged,normal,16,miou,0.810480700274308
W078,merged,normal,16,n_pred,6.0
W078,merged,normal,16,n_reg,6.0
W078,merged,normal,24,f1@0.5,0.8223443223443224
W078,merged,normal,24,f1@0.75,0.7710622710622711
W078,merged,normal,24,miou,0.8309976882531465
W078,merged,normal,24,n_pred,6.0
W078,merged,normal,24,n_reg,6.0
W078,merged,normal,32,f1@0.5,0.8317307692307693
W078,merged,normal,32,f1@0.75,0.7905982905982906
W078,merged,normal,32,miou,0.7380822874333587
W078,merged,normal,32,n_pred,5.041666666666667
W078,merged,normal,32,n_reg,5.041666666666667
W078,merged,normal,48,f1@0.5,0.821886446886447
W078,merged,normal,48,f1@0.75,0.7710622710622711
W078,merged,normal,48,miou,0.8314883480632685
W078,merged,normal,48,n_pred,6.0
W078,merged,normal,48,n_reg,6.0
W078,merged,rgb,4,f1@0.5,0.827991452991453
W078,merged,rgb,4,f1@0.75,0.8210470085470085
W078,merged,rgb,4,miou,0.879775677521461
W078,merged,rgb,4,n_pred,5.0
W078,merged,rgb,4,n_reg,5.0
W078,merged,rgb,6,f1@0.5,0.9793345543345544
W078,merged,rgb,6,f1@0.75,0.972924297924298
W078,merged,rgb,6,miou,0.9440303109829484
W078,merged,rgb,6,n_pred,6.958333333333333
W078,merged,rgb,6,n_reg,6.958333333333333
W078,merged,rgb,8,f1@0.5,0.9793345543345544
W078,merged,rgb,8,f1@0.75,0.972924297924298
W078,merged,rgb,8,miou,0.944476142444436
W078,merged,rgb,8,n_pred,6.958333333333333
W078,merged,rgb,8,n_reg,6.958333333333333
W078,merged,rgb,12,f1@0.5,0.9793345543345544
W078,merged,rgb,12,f1@0.75,0.972924297924298
W078,merged,rgb,12,miou,0.9433652976157452
W078,merged,rgb,12,n_pred,6.958333333333333
W078,merged,rgb,12,n_reg,6.958333333333333
W078,merged,rgb,16,f1@0.5,0.9793345543345544
W078,merged,rgb,16,f1@0.75,0.972924297924298
W078,merged,rgb,16,miou,0.9440105420304468
W078,merged,rgb,16,n_pred,6.958333333333333
W078,merged,rgb,16,n_reg,6.958333333333333
W078,merged,rgb,24,f1@0.5,0.9793345543345544
W078,merged,rgb,24,f1@0.75,0.972924297924298
W078,merged,rgb,24,miou,0.9436199469409412
W078,merged,rgb,24,n_pred,6.958333333333333
W078,merged,rgb,24,n_reg,6.958333333333333
W078,merged,rgb,32,f1@0.5,0.9793345543345544
W078,merged,rgb,32,f1@0.75,0.972924297924298
W078,merged,rgb,32,miou,0.9425303507893996
W078,merged,rgb,32,n_pred,6.958333333333333
W078,merged,rgb,32,n_reg,6.958333333333333
W078,merged,rgb,48,f1@0.5,0.9793345543345544
W078,merged,rgb,48,f1@0.75,0.972924297924298
W078,merged,rgb,48,miou,0.9419400050133752
W078,merged,rgb,48,n_pred,6.958333333333333
W078,merged,rgb,48,n_reg,6.958333333333333
W078,raw,depth,4,f1@0.5,0.7825892857142858
W078,raw,depth,4,f1@0.75,0.6589285714285714
W078,raw,depth,4,miou,0.8490735619371507
W078,raw,depth,4,n_pred,7.125
W078,raw,depth,4,n_reg,7.25
W078,raw,depth,6,f1@0.5,0.7915369352869353
W078,raw,depth,6,f1@0.75,0.6969818376068376
W078,raw,depth,6,miou,0.7628421036824705
W078,raw,depth,6,n_pred,7.166666666666667
W078,raw,depth,6,n_reg,7.208333333333333
W078,raw,depth,8,f1@0.5,0.7713848039215686
W078,raw,depth,8,f1@0.75,0.6654411764705882
W078,raw,depth,8,miou,0.8480841110603853
W078,raw,depth,8,n_pred,7.291666666666667
W078,raw,depth,8,n_reg,7.375
W078,raw,depth,12,f1@0.5,0.7937500000000001
W078,raw,depth,12,f1@0.75,0.6533730158730159
W078,raw,depth,12,miou,0.8417632721099605
W078,raw,depth,12,n_pred,7.125
W078,raw,depth,12,n_reg,7.208333333333333
W078,raw,depth,16,f1@0.5,0.8580421484833249
W078,raw,depth,16,f1@0.75,0.7140025347745936
W078,raw,depth,16,miou,0.9170968358822892
W078,raw,depth,16,n_pred,8.416666666666666
W078,raw,depth,16,n_reg,8.708333333333334
W078,raw,depth,24,f1@0.5,0.7747986694677871
W078,raw,depth,24,f1@0.75,0.618218954248366
W078,raw,depth,24,miou,0.8295803274099082
W078,raw,depth,24,n_pred,7.291666666666667
W078,raw,depth,24,n_reg,7.458333333333333
W078,raw,depth,32,f1@0.5,0.8490347955421486
W078,raw,depth,32,f1@0.75,0.7137982864085806
W078,raw,depth,32,miou,0.9164859292830684
W078,raw,depth,32,n_pred,8.291666666666666
W078,raw,depth,32,n_reg,8.416666666666666
W078,raw,depth,48,f1@0.5,0.7747986694677871
W078,raw,depth,48,f1@0.75,0.618218954248366
W078,raw,depth,48,miou,0.8292364017730574
W078,raw,depth,48,n_pred,7.291666666666667
W078,raw,depth,48,n_reg,7.416666666666667
W078,raw,normal,4,f1@0.5,0.602952602952603
W078,raw,normal,4,f1@0.75,0.5062645687645687
W078,raw,normal,4,miou,0.6790005121692017
W078,raw,normal,4,n_pred,4.958333333333333
W078,raw,normal,4,n_reg,4.958333333333333
W078,raw,normal,6,f1@0.5,0.6658424908424908
W078,raw,normal,6,f1@0.75,0.582905982905983
W078,raw,normal,6,miou,0.7705750419360434
W078,raw,normal,6,n_pred,6.958333333333333
W078,raw,normal,6,n_reg,6.958333333333333
W078,raw,normal,8,f1@0.5,0.66192384004884
W078,raw,normal,8,f1@0.75,0.553083028083028
W078,raw,normal,8,miou,0.7764422510563255
W078,raw,normal,8,n_pred,7.583333333333333
W078,raw,normal,8,n_reg,7.75
W078,raw,normal,12,f1@0.5,0.6964476495726496
W078,raw,normal,12,f1@0.75,0.5697496947496947
W078,raw,normal,12,miou,0.8266094892131867
W078,raw,normal,12,n_pred,7.583333333333333
W078,raw,normal,12,n_reg,7.75
W078,raw,normal,16,f1@0.5,0.630177209772798
W078,raw,normal,16,f1@0.75,0.5217864923747276
W078,raw,normal,16,miou,0.810480700274308
W078,raw,normal,16,n_pred,8.5
W078,raw,normal,16,n_reg,8.958333333333334
W078,raw,normal,24,f1@0.5,0.6511593526299408
W078,raw,normal,24,f1@0.75,0.530963079676315
W078,raw,normal,24,miou,0.8309976882531465
W078,raw,normal,24,n_pred,8.541666666666666
W078,raw,normal,24,n_reg,9.0
W078,raw,normal,32,f1@0.5,0.6694024725274725
W078,raw,normal,32,f1@0.75,0.5788461538461539
W078,raw,normal,32,miou,0.7380822874333587
W078,raw,normal,32,n_pred,6.958333333333333
W078,raw,normal,32,n_reg,7.666666666666667
W078,raw,normal,48,f1@0.5,0.6914435646053293
W078,raw,normal,48,f1@0.75,0.5657464267758385
W078,raw,normal,48,miou,0.8314883480632685
W078,raw,normal,48,n_pred,7.708333333333333
W078,raw,normal,48,n_reg,7.958333333333333
W078,raw,rgb,4,f1@0.5,0.7209249084249084
W078,raw,rgb,4,f1@0.75,0.6067765567765567
W078,raw,rgb,4,miou,0.879775677521461
W078,raw,rgb,4,n_pred,6.125
W078,raw,rgb,4,n_reg,6.291666666666667
W078,raw,rgb,6,f1@0.5,0.870344708396179
W078,raw,rgb,6,f1@0.75,0.7711852689793867
W078,raw,rgb,6,miou,0.9440303109829484
W078,raw,rgb,6,n_pred,8.166666666666666
W078,raw,rgb,6,n_reg,8.208333333333334
W078,raw,rgb,8,f1@0.5,0.870344708396179
W078,raw,rgb,8,f1@0.75,0.7711852689793867
W078,raw,rgb,8,miou,0.944476142444436
W078,raw,rgb,8,n_pred,8.166666666666666
W078,raw,rgb,8,n_reg,8.208333333333334
W078,raw,rgb,12,f1@0.5,0.870344708396179
W078,raw,rgb,12,f1@0.75,0.7711852689793867
W078,raw,rgb,12,miou,0.9433652976157452
W078,raw,rgb,12,n_pred,8.166666666666666
W078,raw,rgb,12,n_reg,8.208333333333334
W078,raw,rgb,16,f1@0.5,0.8280957547211417
W078,raw,rgb,16,f1@0.75,0.7381669081262735
W078,raw,rgb,16,miou,0.9440105420304468
W078,raw,rgb,16,n_pred,8.916666666666666
W078,raw,rgb,16,n_reg,9.375
W078,raw,rgb,24,f1@0.5,0.870344708396179
W078,raw,rgb,24,f1@0.75,0.7711852689793867
W078,raw,rgb,24,miou,0.9436199469409412
W078,raw,rgb,24,n_pred,8.166666666666666
W078,raw,rgb,24,n_reg,8.208333333333334
W078,raw,rgb,32,f1@0.5,0.8065203189912942
W078,raw,rgb,32,f1@0.75,0.7233793264269271
W078,raw,rgb,32,miou,0.9425303507893996
W078,raw,rgb,32,n_pred,9.25
W078,raw,rgb,32,n_reg,9.833333333333334
W078,raw,rgb,48,f1@0.5,0.8094070292309455
W078,raw,rgb,48,f1@0.75,0.7210917447275808
W078,raw,rgb,48,miou,0.9419400050133752
W078,raw,rgb,48,n_pred,9.291666666666666
W078,raw,rgb,48,n_reg,9.875
W079,merged,depth,4,f1@0.5,0.6232841232841233
W079,merged,depth,4,f1@0.75,0.3958818958818959
W079,merged,depth,4,miou,0.5497838354193847
W079,merged,depth,4,n_pred,4.0
W079,merged,depth,4,n_reg,4.0
W079,merged,depth,6,f1@0.5,0.7447089947089948
W079,merged,depth,6,f1@0.75,0.4467846967846968
W079,merged,depth,6,miou,0.6095417365768899
W079,merged,depth,6,n_pred,5.0
W079,merged,depth,6,n_reg,5.0
W079,merged,depth,8,f1@0.5,0.6333851333851334
W079,merged,depth,8,f1@0.75,0.3857808857808857
W079,merged,depth,8,miou,0.5476667412574384
W079,merged,depth,8,n_pred,4.0
W079,merged,depth,8,n_reg,4.0
W079,merged,depth,12,f1@0.5,0.7447089947089948
W079,merged,depth,12,f1@0.75,0.4375254375254375
W079,merged,depth,12,miou,0.6127634905024251
W079,merged,depth,12,n_pred,5.0
W079,merged,depth,12,n_reg,5.0
W079,merged,depth,16,f1@0.5,0.6333851333851334
W079,merged,depth,16,f1@0.75,0.3857808857808857
W079,merged,depth,16,miou,0.5479087446603054
W079,merged,depth,16,n_pred,4.0
W079,merged,depth,16,n_reg,4.0
W079,merged,depth,24,f1@0.5,0.6333851333851334
W079,merged,depth,24,f1@0.75,0.3958818958818959
W079,merged,depth,24,miou,0.5508208604145195
W079,merged,depth,24,n_pred,4.0
W079,merged,depth,24,n_reg,4.0
W079,merged,depth,32,f1@0.5,0.6333851333851334
W079,merged,depth,32,f1@0.75,0.3958818958818959
W079,merged,depth,32,miou,0.5511151330666572
W079,merged,depth,32,n_pred,4.0
W079,merged,depth,32,n_reg,4.0
W079,merged,depth,48,f1@0.5,0.7447089947089948
W079,merged,depth,48,f1@0.75,0.4375254375254375
W079,merged,depth,48,miou,0.6156360548521395
W079,merged,depth,48,n_pred,5.0
W079,merged,depth,48,n_reg,5.0
W079,merged,normal,4,f1@0.5,0.7089484589484589
W079,merged,normal,4,f1@0.75,0.5201372701372702
W079,merged,normal,4,miou,0.7327901188985562
W079,merged,normal,4,n_pred,4.5
W079,merged,normal,4,n_reg,4.5
W079,merged,normal,6,f1@0.5,0.8160358160358161
W079,merged,normal,6,f1@0.75,0.8067765567765568
W079,merged,normal,6,miou,0.7392234611373065
W079,merged,normal,6,n_pred,5.0
W079,merged,normal,6,n_reg,5.0
W079,merged,normal,8,f1@0.5,0.87993487993488
W079,merged,normal,8,f1@0.75,0.8285510785510786
W079,merged,normal,8,miou,0.7378325142414796
W079,merged,normal,8,n_pred,5.888888888888889
W079,merged,normal,8,n_reg,5.888888888888889
W079,merged,normal,12,f1@0.5,0.87993487993488
W079,merged,normal,12,f1@0.75,0.8285510785510786
W079,merged,normal,12,miou,0.740341178943903
W079,merged,normal,12,n_pred,5.888888888888889
W079,merged,normal,12,n_reg,5.888888888888889
W079,merged,normal,16,f1@0.5,0.87993487993488
W079,merged,normal,16,f1@0.75,0.8285510785510786
W079,merged,normal,16,miou,0.7394556458248241
W079,merged,normal,16,n_pred,5.888888888888889
W079,merged,normal,16,n_reg,5.888888888888889
W079,merged,normal,24,f1@0.5,0.87993487993488
W079,merged,normal,24,f1@0.75,0.8285510785510786
W079,merged,normal,24,miou,0.7400229919057768
W079,merged,normal,24,n_pred,5.888888888888889
W079,merged,normal,24,n_reg,5.888888888888889
W079,merged,normal,32,f1@0.5,0.87993487993488
W079,merged,normal,32,f1@0.75,0.8285510785510786
W079,merged,normal,32,miou,0.7402107029098675
W079,merged,normal,32,n_pred,5.888888888888889
W079,merged,normal,32,n_reg,5.888888888888889
W079,merged,normal,48,f1@0.5,0.8763736263736264
W079,merged,normal,48,f1@0.75,0.824989824989825
W079,merged,normal,48,miou,0.7403564385364623
W079,merged,normal,48,n_pred,5.944444444444445
W079,merged,normal,48,n_reg,6.055555555555555
W079,merged,rgb,4,f1@0.5,0.8160358160358161
W079,merged,rgb,4,f1@0.75,0.8160358160358161
W079,merged,rgb,4,miou,0.7641124446887887
W079,merged,rgb,4,n_pred,5.0
W079,merged,rgb,4,n_reg,5.0
W079,merged,rgb,6,f1@0.5,0.9052503052503053
W079,merged,rgb,6,f1@0.75,0.8967032967032966
W079,merged,rgb,6,miou,0.9353658478343048
W079,merged,rgb,6,n_pred,6.0
W079,merged,rgb,6,n_reg,6.0
W079,merged,rgb,8,f1@0.5,0.8160358160358161
W079,merged,rgb,8,f1@0.75,0.8160358160358161
W079,merged,rgb,8,miou,0.7658595403537117
W079,merged,rgb,8,n_pred,5.0
W079,merged,rgb,8,n_reg,5.0
W079,merged,rgb,12,f1@0.5,0.8160358160358161
W079,merged,rgb,12,f1@0.75,0.8160358160358161
W079,merged,rgb,12,miou,0.7655444882874445
W079,merged,rgb,12,n_pred,5.0
W079,merged,rgb,12,n_reg,5.0
W079,merged,rgb,16,f1@0.5,0.9052503052503053
W079,merged,rgb,16,f1@0.75,0.9052503052503053
W079,merged,rgb,16,miou,0.934271392034134
W079,merged,rgb,16,n_pred,6.0
W079,merged,rgb,16,n_reg,6.0
W079,merged,rgb,24,f1@0.5,0.9590455840455842
W079,merged,rgb,24,f1@0.75,0.951109076109076
W079,merged,rgb,24,miou,0.9339093161891124
W079,merged,rgb,24,n_pred,6.888888888888889
W079,merged,rgb,24,n_reg,6.888888888888889
W079,merged,rgb,32,f1@0.5,0.9052503052503053
W079,merged,rgb,32,f1@0.75,0.8967032967032966
W079,merged,rgb,32,miou,0.9315189509313916
W079,merged,rgb,32,n_pred,6.0
W079,merged,rgb,32,n_reg,6.0
W079,merged,rgb,48,f1@0.5,0.9052503052503053
W079,merged,rgb,48,f1@0.75,0.9052503052503053
W079,merged,rgb,48,miou,0.9306383312392008
W079,merged,rgb,48,n_pred,6.0
W079,merged,rgb,48,n_reg,6.0
W079,raw,depth,4,f1@0.5,0.5352055352055352
W079,raw,depth,4,f1@0.75,0.2372812372812373
W079,raw,depth,4,miou,0.5497838354193847
W079,raw,depth,4,n_pred,5.0
W079,raw,depth,4,n_reg,5.0
W079,raw,depth,6,f1@0.5,0.6541717541717542
W079,raw,depth,6,f1@0.75,0.2961741961741962
W079,raw,depth,6,miou,0.6095417365768899
W079,raw,depth,6,n_pred,6.0
W079,raw,depth,6,n_reg,6.0
W079,raw,depth,8,f1@0.5,0.5444647944647945
W079,raw,depth,8,f1@0.75,0.2372812372812373
W079,raw,depth,8,miou,0.5476667412574384
W079,raw,depth,8,n_pred,5.0
W079,raw,depth,8,n_reg,5.0
W079,raw,depth,12,f1@0.5,0.6541717541717542
W079,raw,depth,12,f1@0.75,0.279080179080179
W079,raw,depth,12,miou,0.6127634905024251
W079,raw,depth,12,n_pred,6.0
W079,raw,depth,12,n_reg,6.0
W079,raw,depth,16,f1@0.5,0.5444647944647945
W079,raw,depth,16,f1@0.75,0.2372812372812373
W079,raw,depth,16,miou,0.5479087446603054
W079,raw,depth,16,n_pred,5.0
W079,raw,depth,16,n_reg,5.0
W079,raw,depth,24,f1@0.5,0.5537240537240538
W079,raw,depth,24,f1@0.75,0.2458282458282458
W079,raw,depth,24,miou,0.5508208604145195
W079,raw,depth,24,n_pred,5.0
W079,raw,depth,24,n_reg,5.0
W079,raw,depth,32,f1@0.5,0.562983312983313
W079,raw,depth,32,f1@0.75,0.2458282458282458
W079,raw,depth,32,miou,0.5511151330666572
W079,raw,depth,32,n_pred,5.0
W079,raw,depth,32,n_reg,5.0
W079,raw,depth,48,f1@0.5,0.6627187627187627
W079,raw,depth,48,f1@0.75,0.3041107041107041
W079,raw,depth,48,miou,0.6156360548521395
W079,raw,depth,48,n_pred,6.0
W079,raw,depth,48,n_reg,6.0
W079,raw,normal,4,f1@0.5,0.6620879120879121
W079,raw,normal,4,f1@0.75,0.4988807488807489
W079,raw,normal,4,miou,0.7327901188985562
W079,raw,normal,4,n_pred,5.0
W079,raw,normal,4,n_reg,5.0
W079,raw,normal,6,f1@0.5,0.6824582824582826
W079,raw,normal,6,f1@0.75,0.5772893772893773
W079,raw,normal,6,miou,0.7392234611373065
W079,raw,normal,6,n_pred,6.611111111111111
W079,raw,normal,6,n_reg,6.722222222222222
W079,raw,normal,8,f1@0.5,0.686038489469862
W079,raw,normal,8,f1@0.75,0.5024419026870007
W079,raw,normal,8,miou,0.7379033502288721
W079,raw,normal,8,n_pred,8.5
W079,raw,normal,8,n_reg,8.666666666666666
W079,raw,normal,12,f1@0.5,0.6946908392986825
W079,raw,normal,12,f1@0.75,0.5749831414047101
W079,raw,normal,12,miou,0.7404121235275463
W079,raw,normal,12,n_pred,8.444444444444445
W079,raw,normal,12,n_reg,8.666666666666666
W079,raw,normal,16,f1@0.5,0.7660893844717375
W079,raw,normal,16,f1@0.75,0.6143662165720989
W079,raw,normal,16,miou,0.7395272041018852
W079,raw,normal,16,n_pred,7.444444444444445
W079,raw,normal,16,n_reg,7.666666666666667
W079,raw,normal,24,f1@0.5,0.6897966594045025
W079,raw,normal,24,f1@0.75,0.570551924473493
W079,raw,normal,24,miou,0.7400948354992822
W079,raw,normal,24,n_pred,8.555555555555555
W079,raw,normal,24,n_reg,8.666666666666666
W079,raw,normal,32,f1@0.5,0.6897966594045025
W079,raw,normal,32,f1@0.75,0.570551924473493
W079,raw,normal,32,miou,0.7402811548283885
W079,raw,normal,32,n_pred,8.555555555555555
W079,raw,normal,32,n_reg,8.666666666666666
W079,raw,normal,48,f1@0.5,0.6859023238925199
W079,raw,normal,48,f1@0.75,0.5670660856935367
W079,raw,normal,48,miou,0.7404587152840498
W079,raw,normal,48,n_pred,8.666666666666666
W079,raw,normal,48,n_reg,9.22222222222222
W079,raw,rgb,4,f1@0.5,0.7122507122507122
W079,raw,rgb,4,f1@0.75,0.612047212047212
W079,raw,rgb,4,miou,0.7641124446887887
W079,raw,rgb,4,n_pred,6.0
W079,raw,rgb,4,n_reg,6.0
W079,raw,rgb,6,f1@0.5,0.8025132275132275
W079,raw,rgb,6,f1@0.75,0.7013888888888888
W079,raw,rgb,6,miou,0.9353658478343048
W079,raw,rgb,6,n_pred,7.0
W079,raw,rgb,6,n_reg,7.0
W079,raw,rgb,8,f1@0.5,0.6622354497354498
W079,raw,rgb,8,f1@0.75,0.569047619047619
W079,raw,rgb,8,miou,0.7658595403537117
W079,raw,rgb,8,n_pred,7.0
W079,raw,rgb,8,n_reg,7.0
W079,raw,rgb,12,f1@0.5,0.6542989417989418
W079,raw,rgb,12,f1@0.75,0.569047619047619
W079,raw,rgb,12,miou,0.7655444882874445
W079,raw,rgb,12,n_pred,7.0
W079,raw,rgb,12,n_reg,7.0
W079,raw,rgb,16,f1@0.5,0.749863834422658
W079,raw,rgb,16,f1@0.75,0.662772331154684
W079,raw,rgb,16,miou,0.934271392034134
W079,raw,rgb,16,n_pred,8.0
W079,raw,rgb,16,n_reg,8.0
W079,raw,rgb,24,f1@0.5,0.7834967320261438
W079,raw,rgb,24,f1@0.75,0.7025689905591866
W079,raw,rgb,24,miou,0.9339733967915236
W079,raw,rgb,24,n_pred,9.22222222222222
W079,raw,rgb,24,n_reg,10.11111111111111
W079,raw,rgb,32,f1@0.5,0.749863834422658
W079,raw,rgb,32,f1@0.75,0.6553649237472767
W079,raw,rgb,32,miou,0.9315189509313916
W079,raw,rgb,32,n_pred,8.0
W079,raw,rgb,32,n_reg,8.0
W079,raw,rgb,48,f1@0.5,0.7424564270152506
W079,raw,rgb,48,f1@0.75,0.662772331154684
W079,raw,rgb,48,miou,0.9306383312392008
W079,raw,rgb,48,n_pred,8.0
W079,raw,rgb,48,n_reg,8.0
W080,merged,depth,4,f1@0.5,0.4763993316624895
W080,merged,depth,4,f1@0.75,0.4506735588972431
W080,merged,depth,4,miou,0.5168089738728864
W080,merged,depth,4,n_pred,5.6875
W080,merged,depth,4,n_reg,5.875
W080,merged,depth,6,f1@0.5,0.5501754633619622
W080,merged,depth,6,f1@0.75,0.4524921493456962
W080,merged,depth,6,miou,0.5470937142939533
W080,merged,depth,6,n_pred,7.5625
W080,merged,depth,6,n_reg,7.875
W080,merged,depth,8,f1@0.5,0.5437694099378882
W080,merged,depth,8,f1@0.75,0.4167513645774515
W080,merged,depth,8,miou,0.5462987370394934
W080,merged,depth,8,n_pred,8.5
W080,merged,depth,8,n_reg,8.75
W080,merged,depth,12,f1@0.5,0.5422813146997929
W080,merged,depth,12,f1@0.75,0.4207692217203087
W080,merged,depth,12,miou,0.5469922042596261
W080,merged,depth,12,n_pred,8.5625
W080,merged,depth,12,n_reg,8.75
W080,merged,depth,16,f1@0.5,0.5437694099378882
W080,merged,depth,16,f1@0.75,0.427641516092603
W080,merged,depth,16,miou,0.5459546319656444
W080,merged,depth,16,n_pred,8.5
W080,merged,depth,16,n_reg,8.75
W080,merged,depth,24,f1@0.5,0.5526979813664596
W080,merged,depth,24,f1@0.75,0.4368677065687935
W080,merged,depth,24,miou,0.5461063632053984
W080,merged,depth,24,n_pred,8.5625
W080,merged,depth,24,n_reg,8.75
W080,merged,depth,32,f1@0.5,0.5437694099378882
W080,merged,depth,32,f1@0.75,0.427641516092603
W080,merged,depth,32,miou,0.5456174819738264
W080,merged,depth,32,n_pred,8.5
W080,merged,depth,32,n_reg,8.75
W080,merged,depth,48,f1@0.5,0.5437694099378882
W080,merged,depth,48,f1@0.75,0.427641516092603
W080,merged,depth,48,miou,0.5456664749001813
W080,merged,depth,48,n_pred,8.5
W080,merged,depth,48,n_reg,8.75
W080,merged,normal,4,f1@0.5,0.6118014279770573
W080,merged,normal,4,f1@0.75,0.470544691768948
W080,merged,normal,4,miou,0.6417662354393575
W080,merged,normal,4,n_pred,6.9375
W080,merged,normal,4,n_reg,6.9375
W080,merged,normal,6,f1@0.5,0.6749288302277432
W080,merged,normal,6,f1@0.75,0.529976002258611
W080,merged,normal,6,miou,0.664111229757189
W080,merged,normal,6,n_pred,7.9375
W080,merged,normal,6,n_reg,7.9375
W080,merged,normal,8,f1@0.5,0.6246647374364765
W080,merged,normal,8,f1@0.75,0.5234007387539996
W080,merged,normal,8,miou,0.6516897167210015
W080,merged,normal,8,n_pred,8.125
W080,merged,normal,8,n_reg,8.125
W080,merged,normal,12,f1@0.5,0.7622359886490322
W080,merged,normal,12,f1@0.75,0.6080218151413803
W080,merged,normal,12,miou,0.6769071342972557
W080,merged,normal,12,n_pred,9.875
W080,merged,normal,12,n_reg,9.9375
W080,merged,normal,16,f1@0.5,0.5991553736118953
W080,merged,normal,16,f1@0.75,0.5165019762845849
W080,merged,normal,16,miou,0.6098044088942924
W080,merged,normal,16,n_pred,7.25
W080,merged,normal,16,n_reg,7.25
W080,merged,normal,24,f1@0.5,0.6246647374364765
W080,merged,normal,24,f1@0.75,0.5234007387539996
W080,merged,normal,24,miou,0.6487612820711334
W080,merged,normal,24,n_pred,8.125
W080,merged,normal,24,n_reg,8.1875
W080,merged,normal,32,f1@0.5,0.6416489036325993
W080,merged,normal,32,f1@0.75,0.4891421983813288
W080,merged,normal,32,miou,0.6457843852431758
W080,merged,normal,32,n_pred,8.1875
W080,merged,normal,32,n_reg,8.1875
W080,merged,normal,48,f1@0.5,0.6416489036325993
W080,merged,normal,48,f1@0.75,0.4953921983813288
W080,merged,normal,48,miou,0.6425179580400665
W080,merged,normal,48,n_pred,8.1875
W080,merged,normal,48,n_reg,8.1875
W080,merged,rgb,4,f1@0.5,0.6865053877282138
W080,merged,rgb,4,f1@0.75,0.5509340297383776
W080,merged,rgb,4,miou,0.6375748160740258
W080,merged,rgb,4,n_pred,7.875
W080,merged,rgb,4,n_reg,7.9375
W080,merged,rgb,6,f1@0.5,0.7370101637492942
W080,merged,rgb,6,f1@0.75,0.5799750611707133
W080,merged,rgb,6,miou,0.7921012422343447
W080,merged,rgb,6,n_pred,8.75
W080,merged,rgb,6,n_reg,8.9375
W080,merged,rgb,8,f1@0.5,0.8167269968356925
W080,merged,rgb,8,f1@0.75,0.6495348200511244
W080,merged,rgb,8,miou,0.8045040714486371
W080,merged,rgb,8,n_pred,10.5
W080,merged,rgb,8,n_reg,10.75
W080,merged,rgb,12,f1@0.5,0.8251056200240983
W080,merged,rgb,12,f1@0.75,0.6581398925148925
W080,merged,rgb,12,miou,0.8089954200153143
W080,merged,rgb,12,n_pred,10.5625
W080,merged,rgb,12,n_reg,10.75
W080,merged,rgb,16,f1@0.5,0.8233557847144803
W080,merged,rgb,16,f1@0.75,0.6459939768363682
W080,merged,rgb,16,miou,0.7967754955190903
W080,merged,rgb,16,n_pred,10.625
W080,merged,rgb,16,n_reg,10.8125
W080,merged,rgb,24,f1@0.5,0.8251056200240983
W080,merged,rgb,24,f1@0.75,0.6581398925148925
W080,merged,rgb,24,miou,0.808569258596573
W080,merged,rgb,24,n_pred,10.5625
W080,merged,rgb,24,n_reg,10.75
W080,merged,rgb,32,f1@0.5,0.8345683915520872
W080,merged,rgb,32,f1@0.75,0.6726090053263967
W080,merged,rgb,32,miou,0.8084300461488926
W080,merged,rgb,32,n_pred,10.75
W080,merged,rgb,32,n_reg,10.9375
W080,merged,rgb,48,f1@0.5,0.8631966121640035
W080,merged,rgb,48,f1@0.75,0.7898914591849374
W080,merged,rgb,48,miou,0.9061348625739442
W080,merged,rgb,48,n_pred,10.9375
W080,merged,rgb,48,n_reg,11.75
W080,raw,depth,4,f1@0.5,0.4763993316624895
W080,raw,depth,4,f1@0.75,0.4506735588972431
W080,raw,depth,4,miou,0.5168089738728864
W080,raw,depth,4,n_pred,5.6875
W080,raw,depth,4,n_reg,5.875
W080,raw,depth,6,f1@0.5,0.5501754633619622
W080,raw,depth,6,f1@0.75,0.4524921493456962
W080,raw,depth,6,miou,0.5470937142939533
W080,raw,depth,6,n_pred,7.5625
W080,raw,depth,6,n_reg,7.875
W080,raw,depth,8,f1@0.5,0.5419578157349896
W080,raw,depth,8,f1@0.75,0.4151662196499153
W080,raw,depth,8,miou,0.5462987370394934
W080,raw,depth,8,n_pred,8.5625
W080,raw,depth,8,n_reg,8.875
W080,raw,depth,12,f1@0.5,0.5404697204968943
W080,raw,depth,12,f1@0.75,0.4191840767927725
W080,raw,depth,12,miou,0.5469922042596261
W080,raw,depth,12,n_pred,8.625
W080,raw,depth,12,n_reg,8.875
W080,raw,depth,16,f1@0.5,0.5419578157349896
W080,raw,depth,16,f1@0.75,0.4260563711650668
W080,raw,depth,16,miou,0.5459546319656444
W080,raw,depth,16,n_pred,8.5625
W080,raw,depth,16,n_reg,8.875
W080,raw,depth,24,f1@0.5,0.5508863871635611
W080,raw,depth,24,f1@0.75,0.4352825616412573
W080,raw,depth,24,miou,0.5461063632053984
W080,raw,depth,24,n_pred,8.625
W080,raw,depth,24,n_reg,8.875
W080,raw,depth,32,f1@0.5,0.5419578157349896
W080,raw,depth,32,f1@0.75,0.4260563711650668
W080,raw,depth,32,miou,0.5456174819738264
W080,raw,depth,32,n_pred,8.5625
W080,raw,depth,32,n_reg,8.875
W080,raw,depth,48,f1@0.5,0.5419578157349896
W080,raw,depth,48,f1@0.75,0.4260563711650668
W080,raw,depth,48,miou,0.5456664749001813
W080,raw,depth,48,n_pred,8.5625
W080,raw,depth,48,n_reg,8.875
W080,raw,normal,4,f1@0.5,0.5847861377752682
W080,raw,normal,4,f1@0.75,0.4109777903256164
W080,raw,normal,4,miou,0.6417662354393575
W080,raw,normal,4,n_pred,7.6875
W080,raw,normal,4,n_reg,7.6875
W080,raw,normal,6,f1@0.5,0.6415102108036891
W080,raw,normal,6,f1@0.75,0.4707292254846603
W080,raw,normal,6,miou,0.664111229757189
W080,raw,normal,6,n_pred,8.6875
W080,raw,normal,6,n_reg,8.6875
W080,raw,normal,8,f1@0.5,0.5578476867335563
W080,raw,normal,8,f1@0.75,0.4386622073578595
W080,raw,normal,8,miou,0.6516897167210015
W080,raw,normal,8,n_pred,10.375
W080,raw,normal,8,n_reg,10.9375
W080,raw,normal,12,f1@0.5,0.7253794283413849
W080,raw,normal,12,f1@0.75,0.5493427164622817
W080,raw,normal,12,miou,0.6769071342972557
W080,raw,normal,12,n_pred,10.75
W080,raw,normal,12,n_reg,10.875
W080,raw,normal,16,f1@0.5,0.5535037878787878
W080,raw,normal,16,f1@0.75,0.4657032279314888
W080,raw,normal,16,miou,0.610131208718832
W080,raw,normal,16,n_pred,8.9375
W080,raw,normal,16,n_reg,9.0
W080,raw,normal,24,f1@0.5,0.5659239130434783
W080,raw,normal,24,f1@0.75,0.4450815217391304
W080,raw,normal,24,miou,0.6487612820711334
W080,raw,normal,24,n_pred,10.0
W080,raw,normal,24,n_reg,10.0625
W080,raw,normal,32,f1@0.5,0.5821409890431629
W080,raw,normal,32,f1@0.75,0.4280606722182809
W080,raw,normal,32,miou,0.6457376365382036
W080,raw,normal,32,n_pred,10.4375
W080,raw,normal,32,n_reg,11.0
W080,raw,normal,48,f1@0.5,0.5918461791831358
W080,raw,normal,48,f1@0.75,0.4404410535117057
W080,raw,normal,48,miou,0.6424629662801622
W080,raw,normal,48,n_pred,10.0
W080,raw,normal,48,n_reg,10.0625
W080,raw,rgb,4,f1@0.5,0.649127140974967
W080,raw,rgb,4,f1@0.75,0.4887657632222849
W080,raw,rgb,4,miou,0.6376540415870605
W080,raw,rgb,4,n_pred,8.8125
W080,raw,rgb,4,n_reg,8.9375
W080,raw,rgb,6,f1@0.5,0.653926282051282
W080,raw,rgb,6,f1@0.75,0.4861485042735042
W080,raw,rgb,6,miou,0.7921865581267823
W080,raw,rgb,6,n_pred,11.25
W080,raw,rgb,6,n_reg,11.9375
W080,raw,rgb,8,f1@0.5,0.7134041022834126
W080,raw,rgb,8,f1@0.75,0.5419633734719942
W080,raw,rgb,8,miou,0.8045902027923205
W080,raw,rgb,8,n_pred,13.6875
W080,raw,rgb,8,n_reg,14.5
W080,raw,rgb,12,f1@0.5,0.6593400510548035
W080,raw,rgb,12,f1@0.75,0.4941034809299895
W080,raw,rgb,12,miou,0.8090776005048443
W080,raw,rgb,12,n_pred,16.375
W080,raw,rgb,12,n_reg,17.125
W080,raw,rgb,16,f1@0.5,0.6607425495921394
W080,raw,rgb,16,f1@0.75,0.4579463292547275
W080,raw,rgb,16,miou,0.7968486852028633
W080,raw,rgb,16,n_pred,16.3125
W080,raw,rgb,16,n_reg,16.875
W080,raw,rgb,24,f1@0.5,0.6226041012079319
W080,raw,rgb,24,f1@0.75,0.4274462956003516
W080,raw,rgb,24,miou,0.8086554931895573
W080,raw,rgb,24,n_pred,18.1875
W080,raw,rgb,24,n_reg,19.0625
W080,raw,rgb,32,f1@0.5,0.5924151209848554
W080,raw,rgb,32,f1@0.75,0.4120909706135631
W080,raw,rgb,32,miou,0.8085050338429615
W080,raw,rgb,32,n_pred,19.375
W080,raw,rgb,32,n_reg,19.9375
W080,raw,rgb,48,f1@0.5,0.6111366003562398
W080,raw,rgb,48,f1@0.75,0.4585439940767858
W080,raw,rgb,48,miou,0.9062344678840266
W080,raw,rgb,48,n_pred,19.8125
W080,raw,rgb,48,n_reg,21.3125
W081,merged,depth,4,f1@0.5,0.4287280701754385
W081,merged,depth,4,f1@0.75,0.3426900584795321
W081,merged,depth,4,miou,0.5652504468310937
W081,merged,depth,4,n_pred,4.9375
W081,merged,depth,4,n_reg,4.9375
W081,merged,depth,6,f1@0.5,0.5193817878028404
W081,merged,depth,6,f1@0.75,0.4001461988304093
W081,merged,depth,6,miou,0.5678415931154736
W081,merged,depth,6,n_pred,5.9375
W081,merged,depth,6,n_reg,6.0625
W081,merged,depth,8,f1@0.5,0.5210265246449457
W081,merged,depth,8,f1@0.75,0.4011330409356725
W081,merged,depth,8,miou,0.5781094873347633
W081,merged,depth,8,n_pred,5.875
W081,merged,depth,8,n_reg,5.875
W081,merged,depth,12,f1@0.5,0.5210265246449457
W081,merged,depth,12,f1@0.75,0.4011330409356725
W081,merged,depth,12,miou,0.5746777904799287
W081,merged,depth,12,n_pred,5.875
W081,merged,depth,12,n_reg,5.9375
W081,merged,depth,16,f1@0.5,0.5210265246449457
W081,merged,depth,16,f1@0.75,0.4011330409356725
W081,merged,depth,16,miou,0.5727986885955452
W081,merged,depth,16,n_pred,5.875
W081,merged,depth,16,n_reg,5.9375
W081,merged,depth,24,f1@0.5,0.4950396825396825
W081,merged,depth,24,f1@0.75,0.4011330409356725
W081,merged,depth,24,miou,0.5701323488107055
W081,merged,depth,24,n_pred,5.875
W081,merged,depth,24,n_reg,5.875
W081,merged,depth,32,f1@0.5,0.5081975772765246
W081,merged,depth,32,f1@0.75,0.4011330409356725
W081,merged,depth,32,miou,0.5699595586669934
W081,merged,depth,32,n_pred,5.875
W081,merged,depth,32,n_reg,5.875
W081,merged,depth,48,f1@0.5,0.4705513784461153
W081,merged,depth,48,f1@0.75,0.3950918964076859
W081,merged,depth,48,miou,0.4650247263561736
W081,merged,depth,48,n_pred,5.75
W081,merged,depth,48,n_reg,5.75
W081,merged,normal,4,f1@0.5,0.515530303030303
W081,merged,normal,4,f1@0.75,0.2807900432900433
W081,merged,normal,4,miou,0.6460339805979693
W081,merged,normal,4,n_pred,6.875
W081,merged,normal,4,n_reg,6.875
W081,merged,normal,6,f1@0.5,0.6299395351025786
W081,merged,normal,6,f1@0.75,0.3954886598908338
W081,merged,normal,6,miou,0.6616968251286753
W081,merged,normal,6,n_pred,7.8125
W081,merged,normal,6,n_reg,7.8125
W081,merged,normal,8,f1@0.5,0.6964991530208922
W081,merged,normal,8,f1@0.75,0.4282185206098249
W081,merged,normal,8,miou,0.6825128998277662
W081,merged,normal,8,n_pred,8.75
W081,merged,normal,8,n_reg,8.75
W081,merged,normal,12,f1@0.5,0.5425867658276124
W081,merged,normal,12,f1@0.75,0.3639369545405014
W081,merged,normal,12,miou,0.5430854289056819
W081,merged,normal,12,n_pred,6.9375
W081,merged,normal,12,n_reg,6.9375
W081,merged,normal,16,f1@0.5,0.5989418642951252
W081,merged,normal,16,f1@0.75,0.4063023480143045
W081,merged,normal,16,miou,0.5491702314182175
W081,merged,normal,16,n_pred,7.875
W081,merged,normal,16,n_reg,7.875
W081,merged,normal,24,f1@0.5,0.5975831686429512
W081,merged,normal,24,f1@0.75,0.4106048842461886
W081,merged,normal,24,miou,0.552496777517097
W081,merged,normal,24,n_pred,7.9375
W081,merged,normal,24,n_reg,7.9375
W081,merged,normal,32,f1@0.5,0.6144987530585356
W081,merged,normal,32,f1@0.75,0.3957405185394316
W081,merged,normal,32,miou,0.5732401279403055
W081,merged,normal,32,n_pred,8.75
W081,merged,normal,32,n_reg,8.875
W081,merged,normal,48,f1@0.5,0.5989418642951252
W081,merged,normal,48,f1@0.75,0.4065287972896668
W081,merged,normal,48,miou,0.5510816059527683
W081,merged,normal,48,n_pred,7.875
W081,merged,normal,48,n_reg,7.875
W081,merged,rgb,4,f1@0.5,0.6825181159420289
W081,merged,rgb,4,f1@0.75,0.5908620365142104
W081,merged,rgb,4,miou,0.851557013901821
W081,merged,rgb,4,n_pred,8.4375
W081,merged,rgb,4,n_reg,8.4375
W081,merged,rgb,6,f1@0.5,0.7497978108847674
W081,merged,rgb,6,f1@0.75,0.65865226259248
W081,merged,rgb,6,miou,0.8185700161598206
W081,merged,rgb,6,n_pred,10.25
W081,merged,rgb,6,n_reg,10.25
W081,merged,rgb,8,f1@0.5,0.8806705221107395
W081,merged,rgb,8,f1@0.75,0.6991068221231265
W081,merged,rgb,8,miou,0.8783899424360399
W081,merged,rgb,8,n_pred,11.1875
W081,merged,rgb,8,n_reg,11.1875
W081,merged,rgb,12,f1@0.5,0.9107404753056928
W081,merged,rgb,12,f1@0.75,0.7637875811788856
W081,merged,rgb,12,miou,0.8994413866285873
W081,merged,rgb,12,n_pred,12.125
W081,merged,rgb,12,n_reg,12.125
W081,merged,rgb,16,f1@0.5,0.9084129417281592
W081,merged,rgb,16,f1@0.75,0.7418319442232486
W081,merged,rgb,16,miou,0.9038173525724056
W081,merged,rgb,16,n_pred,12.0625
W081,merged,rgb,16,n_reg,12.0625
W081,merged,rgb,24,f1@0.5,0.9128772274424448
W081,merged,rgb,24,f1@0.75,0.7748401859814903
W081,merged,rgb,24,miou,0.8945865887658391
W081,merged,rgb,24,n_pred,12.0625
W081,merged,rgb,24,n_reg,12.0625
W081,merged,rgb,32,f1@0.5,0.9128772274424448
W081,merged,rgb,32,f1@0.75,0.7698401859814903
W081,merged,rgb,32,miou,0.8947179351485384
W081,merged,rgb,32,n_pred,12.0625
W081,merged,rgb,32,n_reg,12.0625
W081,merged,rgb,48,f1@0.5,0.9107404753056928
W081,merged,rgb,48,f1@0.75,0.7730595592008636
W081,merged,rgb,48,miou,0.9012181246216392
W081,merged,rgb,48,n_pred,12.125
W081,merged,rgb,48,n_reg,12.125
W081,raw,depth,4,f1@0.5,0.4287280701754385
W081,raw,depth,4,f1@0.75,0.3426900584795321
W081,raw,depth,4,miou,0.5652504468310937
W081,raw,depth,4,n_pred,4.9375
W081,raw,depth,4,n_reg,4.9375
W081,raw,depth,6,f1@0.5,0.5030967570441255
W081,raw,depth,6,f1@0.75,0.388373870281765
W081,raw,depth,6,miou,0.5678415931154736
W081,raw,depth,6,n_pred,6.5625
W081,raw,depth,6,n_reg,6.75
W081,raw,depth,8,f1@0.5,0.4733930924148315
W081,raw,depth,8,f1@0.75,0.3645092226613965
W081,raw,depth,8,miou,0.5781094873347633
W081,raw,depth,8,n_pred,7.875
W081,raw,depth,8,n_reg,7.875
W081,raw,depth,12,f1@0.5,0.4815082419487453
W081,raw,depth,12,f1@0.75,0.3712374439062082
W081,raw,depth,12,miou,0.5746809311618953
W081,raw,depth,12,n_pred,7.5
W081,raw,depth,12,n_reg,7.8125
W081,raw,depth,16,f1@0.5,0.4842762167275897
W081,raw,depth,16,f1@0.75,0.3729161094435694
W081,raw,depth,16,miou,0.5727986885955452
W081,raw,depth,16,n_pred,7.375
W081,raw,depth,16,n_reg,7.5
W081,raw,depth,24,f1@0.5,0.4713644907723855
W081,raw,depth,24,f1@0.75,0.3819434951013898
W081,raw,depth,24,miou,0.5701323488107055
W081,raw,depth,24,n_pred,6.875
W081,raw,depth,24,n_reg,6.875
W081,raw,depth,32,f1@0.5,0.4838644907723854
W081,raw,depth,32,f1@0.75,0.3819434951013898
W081,raw,depth,32,miou,0.5699595586669934
W081,raw,depth,32,n_pred,6.875
W081,raw,depth,32,n_reg,6.875
W081,raw,depth,48,f1@0.5,0.4470223855092275
W081,raw,depth,48,f1@0.75,0.3751836978810663
W081,raw,depth,48,miou,0.4650247263561736
W081,raw,depth,48,n_pred,6.8125
W081,raw,depth,48,n_reg,6.875
W081,raw,normal,4,f1@0.5,0.5140422077922078
W081,raw,normal,4,f1@0.75,0.2801948051948051
W081,raw,normal,4,miou,0.6460339805979693
W081,raw,normal,4,n_pred,6.9375
W081,raw,normal,4,n_reg,6.9375
W081,raw,normal,6,f1@0.5,0.626070487483531
W081,raw,normal,6,f1@0.75,0.3928100884622624
W081,raw,normal,6,miou,0.6616968251286753
W081,raw,normal,6,n_pred,7.9375
W081,raw,normal,6,n_reg,7.9375
W081,raw,normal,8,f1@0.5,0.6927112742330134
W081,raw,normal,8,f1@0.75,0.42578345567476
W081,raw,normal,8,miou,0.6825128998277662
W081,raw,normal,8,n_pred,8.875
W081,raw,normal,8,n_reg,8.875
W081,raw,normal,12,f1@0.5,0.5191923113118765
W081,raw,normal,12,f1@0.75,0.3482284020327498
W081,raw,normal,12,miou,0.5431042688654568
W081,raw,normal,12,n_pred,7.875
W081,raw,normal,12,n_reg,7.875
W081,raw,normal,16,f1@0.5,0.572460827216262
W081,raw,normal,16,f1@0.75,0.3879017268962921
W081,raw,normal,16,miou,0.5491956314792462
W081,raw,normal,16,n_pred,8.875
W081,raw,normal,16,n_reg,8.875
W081,raw,normal,24,f1@0.5,0.5629326651609261
W081,raw,normal,24,f1@0.75,0.3876472802559759
W081,raw,normal,24,miou,0.552496777517097
W081,raw,normal,24,n_pred,9.25
W081,raw,normal,24,n_reg,9.375
W081,raw,normal,32,f1@0.5,0.5637654062925802
W081,raw,normal,32,f1@0.75,0.362634011519881
W081,raw,normal,32,miou,0.5732401279403055
W081,raw,normal,32,n_pred,10.8125
W081,raw,normal,32,n_reg,11.5
W081,raw,normal,48,f1@0.5,0.572460827216262
W081,raw,normal,48,f1@0.75,0.3879017268962921
W081,raw,normal,48,miou,0.5510914471259737
W081,raw,normal,48,n_pred,8.875
W081,raw,normal,48,n_reg,8.875
W081,raw,rgb,4,f1@0.5,0.590400641025641
W081,raw,rgb,4,f1@0.75,0.4652724358974359
W081,raw,rgb,4,miou,0.851557013901821
W081,raw,rgb,4,n_pred,10.9375
W081,raw,rgb,4,n_reg,10.9375
W081,raw,rgb,6,f1@0.5,0.6399661921422211
W081,raw,rgb,6,f1@0.75,0.517209136751684
W081,raw,rgb,6,miou,0.8185700161598206
W081,raw,rgb,6,n_pred,13.6875
W081,raw,rgb,6,n_reg,15.0
W081,raw,rgb,8,f1@0.5,0.8143747456247457
W081,raw,rgb,8,f1@0.75,0.6049124949124949
W081,raw,rgb,8,miou,0.8783899424360399
W081,raw,rgb,8,n_pred,13.25
W081,raw,rgb,8,n_reg,14.625
W081,raw,rgb,12,f1@0.5,0.7631749811298268
W081,raw,rgb,12,f1@0.75,0.5023527298850574
W081,raw,rgb,12,miou,0.8994413866285873
W081,raw,rgb,12,n_pred,16.25
W081,raw,rgb,12,n_reg,16.875
W081,raw,rgb,16,f1@0.5,0.7567094488404624
W081,raw,rgb,16,f1@0.75,0.548991224466579
W081,raw,rgb,16,miou,0.9038173525724056
W081,raw,rgb,16,n_pred,17.125
W081,raw,rgb,16,n_reg,17.6875
W081,raw,rgb,24,f1@0.5,0.7438213480293017
W081,raw,rgb,24,f1@0.75,0.4979649507821128
W081,raw,rgb,24,miou,0.8945865887658391
W081,raw,rgb,24,n_pred,17.5
W081,raw,rgb,24,n_reg,18.0
W081,raw,rgb,32,f1@0.5,0.7623886449108919
W081,raw,rgb,32,f1@0.75,0.5093088302478945
W081,raw,rgb,32,miou,0.8947179351485384
W081,raw,rgb,32,n_pred,16.5625
W081,raw,rgb,32,n_reg,17.125
W081,raw,rgb,48,f1@0.5,0.7278105460191459
W081,raw,rgb,48,f1@0.75,0.4874983409596521
W081,raw,rgb,48,miou,0.9012181246216392
W081,raw,rgb,48,n_pred,17.6875
W081,raw,rgb,48,n_reg,17.875
W082,merged,depth,4,f1@0.5,0.5457210219223949
W082,merged,depth,4,f1@0.75,0.3431954391908625
W082,merged,depth,4,miou,0.549285322692405
W082,merged,depth,4,n_pred,6.4375
W082,merged,depth,4,n_reg,6.5625
W082,merged,depth,6,f1@0.5,0.4850715804663172
W082,merged,depth,6,f1@0.75,0.3123723133591554
W082,merged,depth,6,miou,0.5500100808701603
W082,merged,depth,6,n_pred,5.6875
W082,merged,depth,6,n_reg,5.75
W082,merged,depth,8,f1@0.5,0.5264479338993069
W082,merged,depth,8,f1@0.75,0.3101538224678957
W082,merged,depth,8,miou,0.5841706290538559
W082,merged,depth,8,n_pred,6.5
W082,merged,depth,8,n_reg,6.5625
W082,merged,depth,12,f1@0.5,0.6373435441370224
W082,merged,depth,12,f1@0.75,0.3843450028232636
W082,merged,depth,12,miou,0.5580561278331729
W082,merged,depth,12,n_pred,7.4375
W082,merged,depth,12,n_reg,7.5625
W082,merged,depth,16,f1@0.5,0.6357583992094862
W082,merged,depth,16,f1@0.75,0.3780044231131187
W082,merged,depth,16,miou,0.5569585621935766
W082,merged,depth,16,n_pred,7.5
W082,merged,depth,16,n_reg,7.5625
W082,merged,depth,24,f1@0.5,0.6373435441370224
W082,merged,depth,24,f1@0.75,0.3246623847167325
W082,merged,depth,24,miou,0.5337001866317888
W082,merged,depth,24,n_pred,7.4375
W082,merged,depth,24,n_reg,7.5625
W082,merged,depth,32,f1@0.5,0.6384369706380576
W082,merged,depth,32,f1@0.75,0.3759210897797854
W082,merged,depth,32,miou,0.5665957065735117
W082,merged,depth,32,n_pred,7.625
W082,merged,depth,32,n_reg,7.6875
W082,merged,depth,48,f1@0.5,0.7138601072840203
W082,merged,depth,48,f1@0.75,0.4557741624317711
W082,merged,depth,48,miou,0.5860569160174187
W082,merged,depth,48,n_pred,8.5
W082,merged,depth,48,n_reg,8.5625
W082,merged,normal,4,f1@0.5,0.5536385429978107
W082,merged,normal,4,f1@0.75,0.3928081691382606
W082,merged,normal,4,miou,0.4679137536785755
W082,merged,normal,4,n_pred,6.6875
W082,merged,normal,4,n_reg,6.6875
W082,merged,normal,6,f1@0.5,0.6106068035701903
W082,merged,normal,6,f1@0.75,0.4172539178975105
W082,merged,normal,6,miou,0.7103489489227658
W082,merged,normal,6,n_pred,7.0625
W082,merged,normal,6,n_reg,7.0625
W082,merged,normal,8,f1@0.5,0.635198854349312
W082,merged,normal,8,f1@0.75,0.5157239070997652
W082,merged,normal,8,miou,0.7562068102506728
W082,merged,normal,8,n_pred,7.25
W082,merged,normal,8,n_reg,7.25
W082,merged,normal,12,f1@0.5,0.7898492238437891
W082,merged,normal,12,f1@0.75,0.6103986985236985
W082,merged,normal,12,miou,0.7890871672846269
W082,merged,normal,12,n_pred,10.8125
W082,merged,normal,12,n_reg,10.8125
W082,merged,normal,16,f1@0.5,0.7366344344061735
W082,merged,normal,16,f1@0.75,0.5869613448146057
W082,merged,normal,16,miou,0.7645277129440593
W082,merged,normal,16,n_pred,9.0625
W082,merged,normal,16,n_reg,9.0625
W082,merged,normal,24,f1@0.5,0.7217504958809307
W082,merged,normal,24,f1@0.75,0.5556144942014507
W082,merged,normal,24,miou,0.767201057696164
W082,merged,normal,24,n_pred,9.875
W082,merged,normal,24,n_reg,9.9375
W082,merged,normal,32,f1@0.5,0.7217504958809307
W082,merged,normal,32,f1@0.75,0.5556144942014507
W082,merged,normal,32,miou,0.7690431148743558
W082,merged,normal,32,n_pred,9.875
W082,merged,normal,32,n_reg,9.875
W082,merged,normal,48,f1@0.5,0.7219975314540532
W082,merged,normal,48,f1@0.75,0.5612963123832689
W082,merged,normal,48,miou,0.7651156929322502
W082,merged,normal,48,n_pred,9.875
W082,merged,normal,48,n_reg,9.875
W082,merged,rgb,4,f1@0.5,0.682619871070958
W082,merged,rgb,4,f1@0.75,0.6097435535479013
W082,merged,rgb,4,miou,0.7640690509609599
W082,merged,rgb,4,n_pred,8.9375
W082,merged,rgb,4,n_reg,9.0625
W082,merged,rgb,6,f1@0.5,0.7500741730089556
W082,merged,rgb,6,f1@0.75,0.6863589671198367
W082,merged,rgb,6,miou,0.8777412825370329
W082,merged,rgb,6,n_pred,11.0625
W082,merged,rgb,6,n_reg,11.0625
W082,merged,rgb,8,f1@0.5,0.7875326213641431
W082,merged,rgb,8,f1@0.75,0.6965167350765177
W082,merged,rgb,8,miou,0.894017111930002
W082,merged,rgb,8,n_pred,10.5
W082,merged,rgb,8,n_reg,10.75
W082,merged,rgb,12,f1@0.5,0.8535127372627372
W082,merged,rgb,12,f1@0.75,0.7509839928589929
W082,merged,rgb,12,miou,0.9138986680940332
W082,merged,rgb,12,n_pred,11.125
W082,merged,rgb,12,n_reg,11.125
W082,merged,rgb,16,f1@0.5,0.890485529518513
W082,merged,rgb,16,f1@0.75,0.779086763852506
W082,merged,rgb,16,miou,0.9025444408132544
W082,merged,rgb,16,n_pred,11.875
W082,merged,rgb,16,n_reg,11.875
W082,merged,rgb,24,f1@0.5,0.9184683451924832
W082,merged,rgb,24,f1@0.75,0.8025911014273083
W082,merged,rgb,24,miou,0.911492105198913
W082,merged,rgb,24,n_pred,12.6875
W082,merged,rgb,24,n_reg,12.6875
W082,merged,rgb,32,f1@0.5,0.8237958409378949
W082,merged,rgb,32,f1@0.75,0.7023710061940946
W082,merged,rgb,32,miou,0.906657088927376
W082,merged,rgb,32,n_pred,12.3125
W082,merged,rgb,32,n_reg,12.4375
W082,merged,rgb,48,f1@0.5,0.8427874974295514
W082,merged,rgb,48,f1@0.75,0.7337090200321085
W082,merged,rgb,48,miou,0.9061716860617328
W082,merged,rgb,48,n_pred,12.0
W082,merged,rgb,48,n_reg,12.0
W082,raw,depth,4,f1@0.5,0.5277214776070611
W082,raw,depth,4,f1@0.75,0.3396425228089987
W082,raw,depth,4,miou,0.549285322692405
W082,raw,depth,4,n_pred,6.6875
W082,raw,depth,4,n_reg,6.8125
W082,raw,depth,6,f1@0.5,0.455930463510555
W082,raw,depth,6,f1@0.75,0.2982506909566406
W082,raw,depth,6,miou,0.5500100808701603
W082,raw,depth,6,n_pred,6.625
W082,raw,depth,6,n_reg,6.6875
W082,raw,depth,8,f1@0.5,0.4757809853190288
W082,raw,depth,8,f1@0.75,0.2674725908149821
W082,raw,depth,8,miou,0.5841706290538559
W082,raw,depth,8,n_pred,8.4375
W082,raw,depth,8,n_reg,8.625
W082,raw,depth,12,f1@0.5,0.5827880905326558
W082,raw,depth,12,f1@0.75,0.3517517174854131
W082,raw,depth,12,miou,0.5580561278331729
W082,raw,depth,12,n_pred,9.4375
W082,raw,depth,12,n_reg,9.5625
W082,raw,depth,16,f1@0.5,0.5814419366865019
W082,raw,depth,16,f1@0.75,0.3459824867161823
W082,raw,depth,16,miou,0.5569585621935766
W082,raw,depth,16,n_pred,9.5
W082,raw,depth,16,n_reg,9.75
W082,raw,depth,24,f1@0.5,0.5813058770939206
W082,raw,depth,24,f1@0.75,0.2812917607754564
W082,raw,depth,24,miou,0.5337001866317888
W082,raw,depth,24,n_pred,9.5
W082,raw,depth,24,n_reg,9.6875
W082,raw,depth,32,f1@0.5,0.5842887275767711
W082,raw,depth,32,f1@0.75,0.3441591289145637
W082,raw,depth,32,miou,0.5665957065735117
W082,raw,depth,32,n_pred,9.625
W082,raw,depth,32,n_reg,9.875
W082,raw,depth,48,f1@0.5,0.6569848790500964
W082,raw,depth,48,f1@0.75,0.4200790885845233
W082,raw,depth,48,miou,0.5860569160174187
W082,raw,depth,48,n_pred,10.4375
W082,raw,depth,48,n_reg,10.6875
W082,raw,normal,4,f1@0.5,0.5216014963297572
W082,raw,normal,4,f1@0.75,0.3170466309053265
W082,raw,normal,4,miou,0.4679137536785755
W082,raw,normal,4,n_pred,7.6875
W082,raw,normal,4,n_reg,7.875
W082,raw,normal,6,f1@0.5,0.5568798230754752
W082,raw,normal,6,f1@0.75,0.2962592932429889
W082,raw,normal,6,miou,0.7103489489227658
W082,raw,normal,6,n_pred,8.8125
W082,raw,normal,6,n_reg,8.8125
W082,raw,normal,8,f1@0.5,0.5533644344785649
W082,raw,normal,8,f1@0.75,0.3734946032228641
W082,raw,normal,8,miou,0.7564869538162189
W082,raw,normal,8,n_pred,9.875
W082,raw,normal,8,n_reg,9.875
W082,raw,normal,12,f1@0.5,0.6860816188610961
W082,raw,normal,12,f1@0.75,0.45861505322017
W082,raw,normal,12,miou,0.7892939565490075
W082,raw,normal,12,n_pred,14.3125
W082,raw,normal,12,n_reg,14.8125
W082,raw,normal,16,f1@0.5,0.6066846308225619
W082,raw,normal,16,f1@0.75,0.4187649993684476
W082,raw,normal,16,miou,0.764631404172604
W082,raw,normal,16,n_pred,13.5
W082,raw,normal,16,n_reg,13.8125
W082,raw,normal,24,f1@0.5,0.6314835164835164
W082,raw,normal,24,f1@0.75,0.4249114774114774
W082,raw,normal,24,miou,0.7674329902184452
W082,raw,normal,24,n_pred,12.8125
W082,raw,normal,24,n_reg,13.8125
W082,raw,normal,32,f1@0.5,0.5780753458937552
W082,raw,normal,32,f1@0.75,0.3669644448756657
W082,raw,normal,32,miou,0.7692868968392881
W082,raw,normal,32,n_pred,15.25
W082,raw,normal,32,n_reg,15.75
W082,raw,normal,48,f1@0.5,0.6198439714819025
W082,raw,normal,48,f1@0.75,0.421649614753063
W082,raw,normal,48,miou,0.765340296767617
W082,raw,normal,48,n_pred,13.3125
W082,raw,normal,48,n_reg,13.8125
W082,raw,rgb,4,f1@0.5,0.6274516134027004
W082,raw,rgb,4,f1@0.75,0.5166137897931377
W082,raw,rgb,4,miou,0.7640690509609599
W082,raw,rgb,4,n_pred,10.75
W082,raw,rgb,4,n_reg,10.9375
W082,raw,rgb,6,f1@0.5,0.6032648626607191
W082,raw,rgb,6,f1@0.75,0.472934131943274
W082,raw,rgb,6,miou,0.8777463026812714
W082,raw,rgb,6,n_pred,16.875
W082,raw,rgb,6,n_reg,17.625
W082,raw,rgb,8,f1@0.5,0.5394939486851251
W082,raw,rgb,8,f1@0.75,0.3678036271326712
W082,raw,rgb,8,miou,0.894017111930002
W082,raw,rgb,8,n_pred,21.25
W082,raw,rgb,8,n_reg,22.0
W082,raw,rgb,12,f1@0.5,0.5683637150742413
W082,raw,rgb,12,f1@0.75,0.3980823778521147
W082,raw,rgb,12,miou,0.9139277238719574
W082,raw,rgb,12,n_pred,23.0
W082,raw,rgb,12,n_reg,23.625
W082,raw,rgb,16,f1@0.5,0.5831751339975024
W082,raw,rgb,16,f1@0.75,0.3729571568387357
W082,raw,rgb,16,miou,0.9025444408132544
W082,raw,rgb,16,n_pred,24.125
W082,raw,rgb,16,n_reg,24.5
W082,raw,rgb,24,f1@0.5,0.6124261554099487
W082,raw,rgb,24,f1@0.75,0.4808396781880415
W082,raw,rgb,24,miou,0.911492105198913
W082,raw,rgb,24,n_pred,24.9375
W082,raw,rgb,24,n_reg,25.25
W082,raw,rgb,32,f1@0.5,0.5515488435863823
W082,raw,rgb,32,f1@0.75,0.3629283494318324
W082,raw,rgb,32,miou,0.906657088927376
W082,raw,rgb,32,n_pred,23.8125
W082,raw,rgb,32,n_reg,24.3125
W082,raw,rgb,48,f1@0.5,0.554595618246934
W082,raw,rgb,48,f1@0.75,0.3772115883957989
W082,raw,rgb,48,miou,0.9061716860617328
W082,raw,rgb,48,n_pred,24.0625
W082,raw,rgb,48,n_reg,24.25
W083,merged,depth,4,f1@0.5,0.1314030885480188
W083,merged,depth,4,f1@0.75,0.014297385620915
W083,merged,depth,4,miou,0.1631180777249793
W083,merged,depth,4,n_pred,2.6875
W083,merged,depth,4,n_reg,3.0625
W083,merged,depth,6,f1@0.5,0.1284438675789295
W083,merged,depth,6,f1@0.75,0.0
W083,merged,depth,6,miou,0.1454014219541748
W083,merged,depth,6,n_pred,2.0625
W083,merged,depth,6,n_reg,2.3125
W083,merged,depth,8,f1@0.5,0.2138741042669061
W083,merged,depth,8,f1@0.75,0.1255134410223419
W083,merged,depth,8,miou,0.2680451702354399
W083,merged,depth,8,n_pred,3.0
W083,merged,depth,8,n_reg,3.0
W083,merged,depth,12,f1@0.5,0.2531454597389195
W083,merged,depth,12,f1@0.75,0.1473505859680395
W083,merged,depth,12,miou,0.3136297174209426
W083,merged,depth,12,n_pred,3.5625
W083,merged,depth,12,n_reg,3.625
W083,merged,depth,16,f1@0.5,0.2409208878926371
W083,merged,depth,16,f1@0.75,0.1255134410223419
W083,merged,depth,16,miou,0.2784437099666023
W083,merged,depth,16,n_pred,3.0
W083,merged,depth,16,n_reg,3.0
W083,merged,depth,24,f1@0.5,0.2540787826294792
W083,merged,depth,24,f1@0.75,0.1255134410223419
W083,merged,depth,24,miou,0.2888325426830755
W083,merged,depth,24,n_pred,3.0
W083,merged,depth,24,n_reg,3.0
W083,merged,depth,32,f1@0.5,0.2618442901482762
W083,merged,depth,32,f1@0.75,0.1355815801200863
W083,merged,depth,32,miou,0.3079818792060941
W083,merged,depth,32,n_pred,3.375
W083,merged,depth,32,n_reg,3.4375
W083,merged,depth,48,f1@0.5,0.3474971408020944
W083,merged,depth,48,f1@0.75,0.2215596645356707
W083,merged,depth,48,miou,0.437389785183889
W083,merged,depth,48,n_pred,4.9375
W083,merged,depth,48,n_reg,5.125
W083,merged,normal,4,f1@0.5,0.2888159570048115
W083,merged,normal,4,f1@0.75,0.0435500515995872
W083,merged,normal,4,miou,0.2534300299745892
W083,merged,normal,4,n_pred,4.5
W083,merged,normal,4,n_reg,4.5
W083,merged,normal,6,f1@0.5,0.0351307189542483
W083,merged,normal,6,f1@0.75,0.0
W083,merged,normal,6,miou,0.089594602512039
W083,merged,normal,6,n_pred,1.875
W083,merged,normal,6,n_reg,1.9375
W083,merged,normal,8,f1@0.5,0.0
W083,merged,normal,8,f1@0.75,0.0
W083,merged,normal,8,miou,0.0459033711296137
W083,merged,normal,8,n_pred,1.0
W083,merged,normal,8,n_reg,1.0
W083,merged,normal,12,f1@0.5,0.4417331792556839
W083,merged,normal,12,f1@0.75,0.1028556818764535
W083,merged,normal,12,miou,0.3709954170013811
W083,merged,normal,12,n_pred,6.1875
W083,merged,normal,12,n_reg,6.1875
W083,merged,normal,16,f1@0.5,0.3702390922304016
W083,merged,normal,16,f1@0.75,0.13385506441499
W083,merged,normal,16,miou,0.3309137287677393
W083,merged,normal,16,n_pred,6.0625
W083,merged,normal,16,n_reg,6.1875
W083,merged,normal,24,f1@0.5,0.0
W083,merged,normal,24,f1@0.75,0.0
W083,merged,normal,24,miou,0.0456345123360973
W083,merged,normal,24,n_pred,1.0
W083,merged,normal,24,n_reg,1.0
W083,merged,normal,32,f1@0.5,0.4975109289687295
W083,merged,normal,32,f1@0.75,0.1635440955038141
W083,merged,normal,32,miou,0.4056492640212701
W083,merged,normal,32,n_pred,7.0625
W083,merged,normal,32,n_reg,7.1875
W083,merged,normal,48,f1@0.5,0.4620233111187058
W083,merged,normal,48,f1@0.75,0.1064814075290333
W083,merged,normal,48,miou,0.3761149742594957
W083,merged,normal,48,n_pred,6.3125
W083,merged,normal,48,n_reg,6.375
W083,merged,rgb,4,f1@0.5,0.4313978462198276
W083,merged,rgb,4,f1@0.75,0.2640376006862075
W083,merged,rgb,4,miou,0.4563959933387163
W083,merged,rgb,4,n_pred,4.5625
W083,merged,rgb,4,n_reg,4.5625
W083,merged,rgb,6,f1@0.5,0.4367106062152501
W083,merged,rgb,6,f1@0.75,0.2726031257184508
W083,merged,rgb,6,miou,0.4703073917207623
W083,merged,rgb,6,n_pred,5.0
W083,merged,rgb,6,n_reg,5.1875
W083,merged,rgb,8,f1@0.5,0.5246759438120994
W083,merged,rgb,8,f1@0.75,0.3393644065697841
W083,merged,rgb,8,miou,0.5788282073399736
W083,merged,rgb,8,n_pred,6.125
W083,merged,rgb,8,n_reg,6.3125
W083,merged,rgb,12,f1@0.5,0.5020245755724959
W083,merged,rgb,12,f1@0.75,0.2689958418438025
W083,merged,rgb,12,miou,0.479958095933327
W083,merged,rgb,12,n_pred,5.9375
W083,merged,rgb,12,n_reg,6.4375
W083,merged,rgb,16,f1@0.5,0.6132489491185144
W083,merged,rgb,16,f1@0.75,0.4053542019574628
W083,merged,rgb,16,miou,0.5775181985047573
W083,merged,rgb,16,n_pred,7.1875
W083,merged,rgb,16,n_reg,8.1875
W083,merged,rgb,24,f1@0.5,0.6030506045251469
W083,merged,rgb,24,f1@0.75,0.3721052053717957
W083,merged,rgb,24,miou,0.5865837532895891
W083,merged,rgb,24,n_pred,7.5625
W083,merged,rgb,24,n_reg,9.0
W083,merged,rgb,32,f1@0.5,0.6139005245326755
W083,merged,rgb,32,f1@0.75,0.396606075878101
W083,merged,rgb,32,miou,0.5784002076674848
W083,merged,rgb,32,n_pred,7.375
W083,merged,rgb,32,n_reg,8.875
W083,merged,rgb,48,f1@0.5,0.6093937722270102
W083,merged,rgb,48,f1@0.75,0.3853206674459535
W083,merged,rgb,48,miou,0.5889820766300619
W083,merged,rgb,48,n_pred,7.75
W083,merged,rgb,48,n_reg,9.25
W083,raw,depth,4,f1@0.5,0.130047622119023
W083,raw,depth,4,f1@0.75,0.014297385620915
W083,raw,depth,4,miou,0.1631180777249793
W083,raw,depth,4,n_pred,2.875
W083,raw,depth,4,n_reg,3.25
W083,raw,depth,6,f1@0.5,0.1284438675789295
W083,raw,depth,6,f1@0.75,0.0
W083,raw,depth,6,miou,0.1454014219541748
W083,raw,depth,6,n_pred,2.0625
W083,raw,depth,6,n_reg,2.375
W083,raw,depth,8,f1@0.5,0.2138741042669061
W083,raw,depth,8,f1@0.75,0.1255134410223419
W083,raw,depth,8,miou,0.2680451702354399
W083,raw,depth,8,n_pred,3.0
W083,raw,depth,8,n_reg,3.0
W083,raw,depth,12,f1@0.5,0.2512515203449801
W083,raw,depth,12,f1@0.75,0.1464036162710698
W083,raw,depth,12,miou,0.3136297174209426
W083,raw,depth,12,n_pred,3.625
W083,raw,depth,12,n_reg,3.75
W083,raw,depth,16,f1@0.5,0.2378364723082215
W083,raw,depth,16,f1@0.75,0.1239712332301341
W083,raw,depth,16,miou,0.2784437099666023
W083,raw,depth,16,n_pred,3.125
W083,raw,depth,16,n_reg,3.25
W083,raw,depth,24,f1@0.5,0.2540787826294792
W083,raw,depth,24,f1@0.75,0.1255134410223419
W083,raw,depth,24,miou,0.2888325426830755
W083,raw,depth,24,n_pred,3.0
W083,raw,depth,24,n_reg,3.0
W083,raw,depth,32,f1@0.5,0.2562381928142377
W083,raw,depth,32,f1@0.75,0.1323189726295376
W083,raw,depth,32,miou,0.3079818792060941
W083,raw,depth,32,n_pred,3.625
W083,raw,depth,32,n_reg,4.0
W083,raw,depth,48,f1@0.5,0.3358646449010226
W083,raw,depth,48,f1@0.75,0.2154460907169885
W083,raw,depth,48,miou,0.437389785183889
W083,raw,depth,48,n_pred,5.5625
W083,raw,depth,48,n_reg,6.0625
W083,raw,normal,4,f1@0.5,0.2473462571700894
W083,raw,normal,4,f1@0.75,0.0337052803577571
W083,raw,normal,4,miou,0.2534300299745892
W083,raw,normal,4,n_pred,5.9375
W083,raw,normal,4,n_reg,6.0
W083,raw,normal,6,f1@0.5,0.0351307189542483
W083,raw,normal,6,f1@0.75,0.0
W083,raw,normal,6,miou,0.089594602512039
W083,raw,normal,6,n_pred,1.9375
W083,raw,normal,6,n_reg,2.0
W083,raw,normal,8,f1@0.5,0.0
W083,raw,normal,8,f1@0.75,0.0
W083,raw,normal,8,miou,0.0459033711296137
W083,raw,normal,8,n_pred,1.0
W083,raw,normal,8,n_reg,1.0
W083,raw,normal,12,f1@0.5,0.3935755984576065
W083,raw,normal,12,f1@0.75,0.0901785673009929
W083,raw,normal,12,miou,0.3723283724850037
W083,raw,normal,12,n_pred,7.75
W083,raw,normal,12,n_reg,7.9375
W083,raw,normal,16,f1@0.5,0.3174362412949369
W083,raw,normal,16,f1@0.75,0.1199465148378191
W083,raw,normal,16,miou,0.3322612970806453
W083,raw,normal,16,n_pred,7.6875
W083,raw,normal,16,n_reg,7.9375
W083,raw,normal,24,f1@0.5,0.0
W083,raw,normal,24,f1@0.75,0.0
W083,raw,normal,24,miou,0.0456345123360973
W083,raw,normal,24,n_pred,1.0
W083,raw,normal,24,n_reg,1.0
W083,raw,normal,32,f1@0.5,0.445671901198217
W083,raw,normal,32,f1@0.75,0.1484810145994356
W083,raw,normal,32,miou,0.4069642278329191
W083,raw,normal,32,n_pred,8.75
W083,raw,normal,32,n_reg,9.1875
W083,raw,normal,48,f1@0.5,0.3916745980468806
W083,raw,normal,48,f1@0.75,0.0931170671116323
W083,raw,normal,48,miou,0.3774220731216892
W083,raw,normal,48,n_pred,8.1875
W083,raw,normal,48,n_reg,8.5625
W083,raw,rgb,4,f1@0.5,0.3838837689919598
W083,raw,rgb,4,f1@0.75,0.1924724136933047
W083,raw,rgb,4,miou,0.4563959933387163
W083,raw,rgb,4,n_pred,5.875
W083,raw,rgb,4,n_reg,5.875
W083,raw,rgb,6,f1@0.5,0.3642592668264865
W083,raw,rgb,6,f1@0.75,0.1859254319923656
W083,raw,rgb,6,miou,0.4703310192610198
W083,raw,rgb,6,n_pred,7.875
W083,raw,rgb,6,n_reg,9.625
W083,raw,rgb,8,f1@0.5,0.42622476356172
W083,raw,rgb,8,f1@0.75,0.2402864205038118
W083,raw,rgb,8,miou,0.5788385272204496
W083,raw,rgb,8,n_pred,10.0
W083,raw,rgb,8,n_reg,11.6875
W083,raw,rgb,12,f1@0.5,0.3421180902430902
W083,raw,rgb,12,f1@0.75,0.1685184722684722
W083,raw,rgb,12,miou,0.4855678556993145
W083,raw,rgb,12,n_pred,10.6875
W083,raw,rgb,12,n_reg,13.5
W083,raw,rgb,16,f1@0.5,0.3995123390045888
W083,raw,rgb,16,f1@0.75,0.2232791790228797
W083,raw,rgb,16,miou,0.5810337458184309
W083,raw,rgb,16,n_pred,13.6875
W083,raw,rgb,16,n_reg,17.1875
W083,raw,rgb,24,f1@0.5,0.4148807888830015
W083,raw,rgb,24,f1@0.75,0.2430378952179745
W083,raw,rgb,24,miou,0.5901126486883717
W083,raw,rgb,24,n_pred,13.625
W083,raw,rgb,24,n_reg,18.9375
W083,raw,rgb,32,f1@0.5,0.4047234502406916
W083,raw,rgb,32,f1@0.75,0.2208143604479811
W083,raw,rgb,32,miou,0.581891011769799
W083,raw,rgb,32,n_pred,13.4375
W083,raw,rgb,32,n_reg,17.8125
W083,raw,rgb,48,f1@0.5,0.3985404293107296
W083,raw,rgb,48,f1@0.75,0.2108584830949958
W083,raw,rgb,48,miou,0.5924928841368707
W083,raw,rgb,48,n_pred,14.1875
W083,raw,rgb,48,n_reg,19.3125
W084,merged,depth,4,f1@0.5,0.5719523456615848
W084,merged,depth,4,f1@0.75,0.3465170925089403
W084,merged,depth,4,miou,0.5361637996834574
W084,merged,depth,4,n_pred,5.9375
W084,merged,depth,4,n_reg,6.0
W084,merged,depth,6,f1@0.5,0.6972166247681963
W084,merged,depth,6,f1@0.75,0.4280443978330638
W084,merged,depth,6,miou,0.692581278102468
W084,merged,depth,6,n_pred,8.625
W084,merged,depth,6,n_reg,9.125
W084,merged,depth,8,f1@0.5,0.7110379994719239
W084,merged,depth,8,f1@0.75,0.4484021543546715
W084,merged,depth,8,miou,0.6935349468585937
W084,merged,depth,8,n_pred,8.5625
W084,merged,depth,8,n_reg,8.875
W084,merged,depth,12,f1@0.5,0.7065279701257373
W084,merged,depth,12,f1@0.75,0.4482636070182342
W084,merged,depth,12,miou,0.6979079986219503
W084,merged,depth,12,n_pred,8.625
W084,merged,depth,12,n_reg,9.0625
W084,merged,depth,16,f1@0.5,0.7080419013671302
W084,merged,depth,16,f1@0.75,0.4286690161160985
W084,merged,depth,16,miou,0.6924760496311555
W084,merged,depth,16,n_pred,8.5
W084,merged,depth,16,n_reg,8.5
W084,merged,depth,24,f1@0.5,0.7386843979607137
W084,merged,depth,24,f1@0.75,0.4169706852601589
W084,merged,depth,24,miou,0.680982605026045
W084,merged,depth,24,n_pred,9.25
W084,merged,depth,24,n_reg,9.4375
W084,merged,depth,32,f1@0.5,0.74752442002442
W084,merged,depth,32,f1@0.75,0.421900055962556
W084,merged,depth,32,miou,0.7017722732832727
W084,merged,depth,32,n_pred,9.5
W084,merged,depth,32,n_reg,9.6875
W084,merged,depth,48,f1@0.5,0.6882320543514008
W084,merged,depth,48,f1@0.75,0.4033997166460318
W084,merged,depth,48,miou,0.6695285848748914
W084,merged,depth,48,n_pred,8.3125
W084,merged,depth,48,n_reg,8.3125
W084,merged,normal,4,f1@0.5,0.5602266756758445
W084,merged,normal,4,f1@0.75,0.3325482528447682
W084,merged,normal,4,miou,0.5724128056716918
W084,merged,normal,4,n_pred,6.625
W084,merged,normal,4,n_reg,6.625
W084,merged,normal,6,f1@0.5,0.6389461057555686
W084,merged,normal,6,f1@0.75,0.3906586224233283
W084,merged,normal,6,miou,0.6615822282915463
W084,merged,normal,6,n_pred,7.8125
W084,merged,normal,6,n_reg,7.8125
W084,merged,normal,8,f1@0.5,0.5785235851413584
W084,merged,normal,8,f1@0.75,0.2535794294574497
W084,merged,normal,8,miou,0.5288957667434908
W084,merged,normal,8,n_pred,7.25
W084,merged,normal,8,n_reg,7.25
W084,merged,normal,12,f1@0.5,0.6190595938252084
W084,merged,normal,12,f1@0.75,0.4333635670427297
W084,merged,normal,12,miou,0.6607962968462627
W084,merged,normal,12,n_pred,8.4375
W084,merged,normal,12,n_reg,8.4375
W084,merged,normal,16,f1@0.5,0.7059987386767572
W084,merged,normal,16,f1@0.75,0.4154833436973529
W084,merged,normal,16,miou,0.6822663616481932
W084,merged,normal,16,n_pred,9.75
W084,merged,normal,16,n_reg,9.75
W084,merged,normal,24,f1@0.5,0.6795578958078958
W084,merged,normal,24,f1@0.75,0.3578998778998778
W084,merged,normal,24,miou,0.6390669299289901
W084,merged,normal,24,n_pred,9.6875
W084,merged,normal,24,n_reg,9.6875
W084,merged,normal,32,f1@0.5,0.7273089507957929
W084,merged,normal,32,f1@0.75,0.4634837896022106
W084,merged,normal,32,miou,0.6956526872181529
W084,merged,normal,32,n_pred,10.0625
W084,merged,normal,32,n_reg,10.125
W084,merged,normal,48,f1@0.5,0.7988708550221708
W084,merged,normal,48,f1@0.75,0.5003371677055888
W084,merged,normal,48,miou,0.7530755484226928
W084,merged,normal,48,n_pred,10.0
W084,merged,normal,48,n_reg,10.0
W084,merged,rgb,4,f1@0.5,0.6437922214860564
W084,merged,rgb,4,f1@0.75,0.3795752153576222
W084,merged,rgb,4,miou,0.6215743569602823
W084,merged,rgb,4,n_pred,7.1875
W084,merged,rgb,4,n_reg,7.1875
W084,merged,rgb,6,f1@0.5,0.7311714065038873
W084,merged,rgb,6,f1@0.75,0.624863383573422
W084,merged,rgb,6,miou,0.7715903781925234
W084,merged,rgb,6,n_pred,8.875
W084,merged,rgb,6,n_reg,8.875
W084,merged,rgb,8,f1@0.5,0.8023914347981552
W084,merged,rgb,8,f1@0.75,0.6588330768591257
W084,merged,rgb,8,miou,0.7887819344071717
W084,merged,rgb,8,n_pred,10.4375
W084,merged,rgb,8,n_reg,10.4375
W084,merged,rgb,12,f1@0.5,0.8308365489286542
W084,merged,rgb,12,f1@0.75,0.6625029794766637
W084,merged,rgb,12,miou,0.8015645603669436
W084,merged,rgb,12,n_pred,10.3125
W084,merged,rgb,12,n_reg,10.3125
W084,merged,rgb,16,f1@0.5,0.8954413247403266
W084,merged,rgb,16,f1@0.75,0.678895570467712
W084,merged,rgb,16,miou,0.8228587287813149
W084,merged,rgb,16,n_pred,11.625
W084,merged,rgb,16,n_reg,11.6875
W084,merged,rgb,24,f1@0.5,0.8931386931613792
W084,merged,rgb,24,f1@0.75,0.6738854490102222
W084,merged,rgb,24,miou,0.8230710429754461
W084,merged,rgb,24,n_pred,11.6875
W084,merged,rgb,24,n_reg,11.6875
W084,merged,rgb,32,f1@0.5,0.8729425091947778
W084,merged,rgb,32,f1@0.75,0.6389878606303289
W084,merged,rgb,32,miou,0.8105746313931192
W084,merged,rgb,32,n_pred,11.1875
W084,merged,rgb,32,n_reg,11.1875
W084,merged,rgb,48,f1@0.5,0.896182761665974
W084,merged,rgb,48,f1@0.75,0.6700844011302269
W084,merged,rgb,48,miou,0.8153499122237363
W084,merged,rgb,48,n_pred,11.5
W084,merged,rgb,48,n_reg,11.5625
W084,raw,depth,4,f1@0.5,0.517004098636889
W084,raw,depth,4,f1@0.75,0.3154131429286227
W084,raw,depth,4,miou,0.5361637996834574
W084,raw,depth,4,n_pred,6.625
W084,raw,depth,4,n_reg,6.75
W084,raw,depth,6,f1@0.5,0.6396228132777045
W084,raw,depth,6,f1@0.75,0.3908103716935239
W084,raw,depth,6,miou,0.692581278102468
W084,raw,depth,6,n_pred,9.5
W084,raw,depth,6,n_reg,10.0625
W084,raw,depth,8,f1@0.5,0.6522924279667701
W084,raw,depth,8,f1@0.75,0.4157722650156861
W084,raw,depth,8,miou,0.6935349468585937
W084,raw,depth,8,n_pred,9.4375
W084,raw,depth,8,n_reg,10.0625
W084,raw,depth,12,f1@0.5,0.6510457944832945
W084,raw,depth,12,f1@0.75,0.4180744949494949
W084,raw,depth,12,miou,0.6979079986219503
W084,raw,depth,12,n_pred,9.4375
W084,raw,depth,12,n_reg,9.9375
W084,raw,depth,16,f1@0.5,0.6403151466696358
W084,raw,depth,16,f1@0.75,0.390631443146923
W084,raw,depth,16,miou,0.6924760496311555
W084,raw,depth,16,n_pred,9.6875
W084,raw,depth,16,n_reg,9.875
W084,raw,depth,24,f1@0.5,0.6774238937761535
W084,raw,depth,24,f1@0.75,0.3911206973327968
W084,raw,depth,24,miou,0.680982605026045
W084,raw,depth,24,n_pred,10.25
W084,raw,depth,24,n_reg,10.8125
W084,raw,depth,32,f1@0.5,0.6883630812584911
W084,raw,depth,32,f1@0.75,0.3841456632437922
W084,raw,depth,32,miou,0.7017722732832727
W084,raw,depth,32,n_pred,10.4375
W084,raw,depth,32,n_reg,11.0
W084,raw,depth,48,f1@0.5,0.6215019702519703
W084,raw,depth,48,f1@0.75,0.374300363987864
W084,raw,depth,48,miou,0.6695285848748914
W084,raw,depth,48,n_pred,9.5
W084,raw,depth,48,n_reg,9.6875
W084,raw,normal,4,f1@0.5,0.5098767611891855
W084,raw,normal,4,f1@0.75,0.270810581877852
W084,raw,normal,4,miou,0.5724128056716918
W084,raw,normal,4,n_pred,7.75
W084,raw,normal,4,n_reg,7.75
W084,raw,normal,6,f1@0.5,0.5117963095680487
W084,raw,normal,6,f1@0.75,0.254271778945692
W084,raw,normal,6,miou,0.6730544410094443
W084,raw,normal,6,n_pred,10.3125
W084,raw,normal,6,n_reg,10.3125
W084,raw,normal,8,f1@0.5,0.4511615880094141
W084,raw,normal,8,f1@0.75,0.1636680911680911
W084,raw,normal,8,miou,0.5280256543040716
W084,raw,normal,8,n_pred,10.25
W084,raw,normal,8,n_reg,10.25
W084,raw,normal,12,f1@0.5,0.4832636748478499
W084,raw,normal,12,f1@0.75,0.3133286264349598
W084,raw,normal,12,miou,0.663707096561147
W084,raw,normal,12,n_pred,12.1875
W084,raw,normal,12,n_reg,12.1875
W084,raw,normal,16,f1@0.5,0.5459778155325724
W084,raw,normal,16,f1@0.75,0.2962246787266952
W084,raw,normal,16,miou,0.6809976086999999
W084,raw,normal,16,n_pred,13.6875
W084,raw,normal,16,n_reg,13.6875
W084,raw,normal,24,f1@0.5,0.4926593419625915
W084,raw,normal,24,f1@0.75,0.2313173454865817
W084,raw,normal,24,miou,0.6378517690189205
W084,raw,normal,24,n_pred,14.625
W084,raw,normal,24,n_reg,14.625
W084,raw,normal,32,f1@0.5,0.5321408592527545
W084,raw,normal,32,f1@0.75,0.2516637165477891
W084,raw,normal,32,miou,0.6956526872181529
W084,raw,normal,32,n_pred,15.75
W084,raw,normal,32,n_reg,15.9375
W084,raw,normal,48,f1@0.5,0.6023327806404716
W084,raw,normal,48,f1@0.75,0.3303506350288931
W084,raw,normal,48,miou,0.7530755484226928
W084,raw,normal,48,n_pred,15.3125
W084,raw,normal,48,n_reg,15.3125
W084,raw,rgb,4,f1@0.5,0.5511404617054771
W084,raw,rgb,4,f1@0.75,0.3192240596091215
W084,raw,rgb,4,miou,0.6266370288644753
W084,raw,rgb,4,n_pred,9.375
W084,raw,rgb,4,n_reg,9.4375
W084,raw,rgb,6,f1@0.5,0.5709335677178236
W084,raw,rgb,6,f1@0.75,0.4431341165262444
W084,raw,rgb,6,miou,0.7716457591860174
W084,raw,rgb,6,n_pred,13.0625
W084,raw,rgb,6,n_reg,13.125
W084,raw,rgb,8,f1@0.5,0.6459653427555672
W084,raw,rgb,8,f1@0.75,0.4847199078617975
W084,raw,rgb,8,miou,0.7887819344071717
W084,raw,rgb,8,n_pred,14.125
W084,raw,rgb,8,n_reg,14.1875
W084,raw,rgb,12,f1@0.5,0.5909409218232747
W084,raw,rgb,12,f1@0.75,0.4398188820982938
W084,raw,rgb,12,miou,0.8015645603669436
W084,raw,rgb,12,n_pred,16.9375
W084,raw,rgb,12,n_reg,17.25
W084,raw,rgb,16,f1@0.5,0.6023901764033343
W084,raw,rgb,16,f1@0.75,0.3896284429179166
W084,raw,rgb,16,miou,0.8228587287813149
W084,raw,rgb,16,n_pred,20.4375
W084,raw,rgb,16,n_reg,21.25
W084,raw,rgb,24,f1@0.5,0.6213499289408704
W084,raw,rgb,24,f1@0.75,0.425027872637456
W084,raw,rgb,24,miou,0.8230710429754461
W084,raw,rgb,24,n_pred,19.875
W084,raw,rgb,24,n_reg,20.375
W084,raw,rgb,32,f1@0.5,0.5867367666709772
W084,raw,rgb,32,f1@0.75,0.4014375619638777
W084,raw,rgb,32,miou,0.8105746313931192
W084,raw,rgb,32,n_pred,19.875
W084,raw,rgb,32,n_reg,20.375
W084,raw,rgb,48,f1@0.5,0.6081728469457303
W084,raw,rgb,48,f1@0.75,0.3947025714903289
W084,raw,rgb,48,miou,0.8153499122237363
W084,raw,rgb,48,n_pred,19.75
W084,raw,rgb,48,n_reg,20.5
W085,merged,depth,4,f1@0.5,0.1846221502955249
W085,merged,depth,4,f1@0.75,0.1304490336804578
W085,merged,depth,4,miou,0.2463576350588405
W085,merged,depth,4,n_pred,2.75
W085,merged,depth,4,n_reg,2.75
W085,merged,depth,6,f1@0.5,0.3669549185390819
W085,merged,depth,6,f1@0.75,0.2058380992297064
W085,merged,depth,6,miou,0.4977018992348996
W085,merged,depth,6,n_pred,6.4375
W085,merged,depth,6,n_reg,6.4375
W085,merged,depth,8,f1@0.5,0.480362064994502
W085,merged,depth,8,f1@0.75,0.2108306215142599
W085,merged,depth,8,miou,0.5356304409667804
W085,merged,depth,8,n_pred,7.0625
W085,merged,depth,8,n_reg,7.125
W085,merged,depth,12,f1@0.5,0.4239100530476388
W085,merged,depth,12,f1@0.75,0.1852223320158103
W085,merged,depth,12,miou,0.542179095022193
W085,merged,depth,12,n_pred,8.0
W085,merged,depth,12,n_reg,8.0
W085,merged,depth,16,f1@0.5,0.3567439600658237
W085,merged,depth,16,f1@0.75,0.1957118896549674
W085,merged,depth,16,miou,0.5128442089462162
W085,merged,depth,16,n_pred,6.75
W085,merged,depth,16,n_reg,6.9375
W085,merged,depth,24,f1@0.5,0.4082826668776999
W085,merged,depth,24,f1@0.75,0.239468703493303
W085,merged,depth,24,miou,0.5326234466449515
W085,merged,depth,24,n_pred,7.625
W085,merged,depth,24,n_reg,7.8125
W085,merged,depth,32,f1@0.5,0.3568472527177433
W085,merged,depth,32,f1@0.75,0.1947186910788169
W085,merged,depth,32,miou,0.5117485713116224
W085,merged,depth,32,n_pred,6.8125
W085,merged,depth,32,n_reg,7.0
W085,merged,depth,48,f1@0.5,0.4537113679290452
W085,merged,depth,48,f1@0.75,0.2043599797418447
W085,merged,depth,48,miou,0.5642311384906681
W085,merged,depth,48,n_pred,7.125
W085,merged,depth,48,n_reg,7.1875
W085,merged,normal,4,f1@0.5,0.6136731826684629
W085,merged,normal,4,f1@0.75,0.4218849760132654
W085,merged,normal,4,miou,0.6565622762815235
W085,merged,normal,4,n_pred,7.8125
W085,merged,normal,4,n_reg,7.8125
W085,merged,normal,6,f1@0.5,0.59244634767089
W085,merged,normal,6,f1@0.75,0.4270196860728897
W085,merged,normal,6,miou,0.6503491704445843
W085,merged,normal,6,n_pred,7.375
W085,merged,normal,6,n_reg,7.4375
W085,merged,normal,8,f1@0.5,0.5949682263769792
W085,merged,normal,8,f1@0.75,0.3501431253719583
W085,merged,normal,8,miou,0.5493390678483637
W085,merged,normal,8,n_pred,8.0
W085,merged,normal,8,n_reg,8.0625
W085,merged,normal,12,f1@0.5,0.6861327243447987
W085,merged,normal,12,f1@0.75,0.4462199545810227
W085,merged,normal,12,miou,0.7091871065830202
W085,merged,normal,12,n_pred,9.125
W085,merged,normal,12,n_reg,9.125
W085,merged,normal,16,f1@0.5,0.606454718527087
W085,merged,normal,16,f1@0.75,0.3393437921727395
W085,merged,normal,16,miou,0.5959528496511469
W085,merged,normal,16,n_pred,9.125
W085,merged,normal,16,n_reg,9.3125
W085,merged,normal,24,f1@0.5,0.620445941084486
W085,merged,normal,24,f1@0.75,0.4002289282784639
W085,merged,normal,24,miou,0.6488870689221943
W085,merged,normal,24,n_pred,9.375
W085,merged,normal,24,n_reg,9.5
W085,merged,normal,32,f1@0.5,0.4839958059516125
W085,merged,normal,32,f1@0.75,0.2282716877897083
W085,merged,normal,32,miou,0.4600188063428302
W085,merged,normal,32,n_pred,8.25
W085,merged,normal,32,n_reg,8.5625
W085,merged,normal,48,f1@0.5,0.3396487308691592
W085,merged,normal,48,f1@0.75,0.0785283738001129
W085,merged,normal,48,miou,0.2132859498642761
W085,merged,normal,48,n_pred,6.625
W085,merged,normal,48,n_reg,7.0
W085,merged,rgb,4,f1@0.5,0.4791584497131172
W085,merged,rgb,4,f1@0.75,0.4536353616900292
W085,merged,rgb,4,miou,0.5398779739924925
W085,merged,rgb,4,n_pred,6.4375
W085,merged,rgb,4,n_reg,6.75
W085,merged,rgb,6,f1@0.5,0.6467040793027635
W085,merged,rgb,6,f1@0.75,0.5103063006681428
W085,merged,rgb,6,miou,0.7622913952402584
W085,merged,rgb,6,n_pred,8.6875
W085,merged,rgb,6,n_reg,8.75
W085,merged,rgb,8,f1@0.5,0.8328110112065323
W085,merged,rgb,8,f1@0.75,0.6050785725097869
W085,merged,rgb,8,miou,0.7950610146920994
W085,merged,rgb,8,n_pred,10.9375
W085,merged,rgb,8,n_reg,10.9375
W085,merged,rgb,12,f1@0.5,0.7636986311618664
W085,merged,rgb,12,f1@0.75,0.5343649596590773
W085,merged,rgb,12,miou,0.7911717321656501
W085,merged,rgb,12,n_pred,10.3125
W085,merged,rgb,12,n_reg,10.5
W085,merged,rgb,16,f1@0.5,0.8328110112065323
W085,merged,rgb,16,f1@0.75,0.6049246316230874
W085,merged,rgb,16,miou,0.7968084867533588
W085,merged,rgb,16,n_pred,10.9375
W085,merged,rgb,16,n_reg,10.9375
W085,merged,rgb,24,f1@0.5,0.8680565515188134
W085,merged,rgb,24,f1@0.75,0.6681773662660923
W085,merged,rgb,24,miou,0.8204600924474351
W085,merged,rgb,24,n_pred,11.0
W085,merged,rgb,24,n_reg,11.0
W085,merged,rgb,32,f1@0.5,0.8582351229473849
W085,merged,rgb,32,f1@0.75,0.6411638194680628
W085,merged,rgb,32,miou,0.8157628573727943
W085,merged,rgb,32,n_pred,10.9375
W085,merged,rgb,32,n_reg,10.9375
W085,merged,rgb,48,f1@0.5,0.8641875038997658
W085,merged,rgb,48,f1@0.75,0.6588784244671505
W085,merged,rgb,48,miou,0.8217285061405958
W085,merged,rgb,48,n_pred,10.9375
W085,merged,rgb,48,n_reg,10.9375
W085,raw,depth,4,f1@0.5,0.1846221502955249
W085,raw,depth,4,f1@0.75,0.1304490336804578
W085,raw,depth,4,miou,0.2463576350588405
W085,raw,depth,4,n_pred,2.75
W085,raw,depth,4,n_reg,2.75
W085,raw,depth,6,f1@0.5,0.3669549185390819
W085,raw,depth,6,f1@0.75,0.2058380992297064
W085,raw,depth,6,miou,0.4977022517153555
W085,raw,depth,6,n_pred,6.4375
W085,raw,depth,6,n_reg,6.5625
W085,raw,depth,8,f1@0.5,0.4627967089165601
W085,raw,depth,8,f1@0.75,0.202668138973917
W085,raw,depth,8,miou,0.5356303487476933
W085,raw,depth,8,n_pred,7.875
W085,raw,depth,8,n_reg,8.125
W085,raw,depth,12,f1@0.5,0.4141626808546145
W085,raw,depth,12,f1@0.75,0.1806796600138991
W085,raw,depth,12,miou,0.542179095022193
W085,raw,depth,12,n_pred,8.5625
W085,raw,depth,12,n_reg,8.5625
W085,raw,depth,16,f1@0.5,0.3567439600658237
W085,raw,depth,16,f1@0.75,0.1957118896549674
W085,raw,depth,16,miou,0.5128442089462162
W085,raw,depth,16,n_pred,6.75
W085,raw,depth,16,n_reg,7.0
W085,raw,depth,24,f1@0.5,0.4082826668776999
W085,raw,depth,24,f1@0.75,0.239468703493303
W085,raw,depth,24,miou,0.5326234466449515
W085,raw,depth,24,n_pred,7.625
W085,raw,depth,24,n_reg,7.9375
W085,raw,depth,32,f1@0.5,0.3562222527177433
W085,raw,depth,32,f1@0.75,0.1940936910788169
W085,raw,depth,32,miou,0.5117485713116224
W085,raw,depth,32,n_pred,6.875
W085,raw,depth,32,n_reg,7.125
W085,raw,depth,48,f1@0.5,0.4162713894292841
W085,raw,depth,48,f1@0.75,0.1991667762062499
W085,raw,depth,48,miou,0.5642311384906681
W085,raw,depth,48,n_pred,7.8125
W085,raw,depth,48,n_reg,8.5
W085,raw,normal,4,f1@0.5,0.5520846126912303
W085,raw,normal,4,f1@0.75,0.3396002866958749
W085,raw,normal,4,miou,0.6701632211330856
W085,raw,normal,4,n_pred,9.375
W085,raw,normal,4,n_reg,9.4375
W085,raw,normal,6,f1@0.5,0.5094461715185399
W085,raw,normal,6,f1@0.75,0.3421466259130732
W085,raw,normal,6,miou,0.6656308706719084
W085,raw,normal,6,n_pred,9.3125
W085,raw,normal,6,n_reg,9.4375
W085,raw,normal,8,f1@0.5,0.4501336133125077
W085,raw,normal,8,f1@0.75,0.194590409753695
W085,raw,normal,8,miou,0.5597235924590996
W085,raw,normal,8,n_pred,12.8125
W085,raw,normal,8,n_reg,13.1875
W085,raw,normal,12,f1@0.5,0.5424010386293497
W085,raw,normal,12,f1@0.75,0.261359166122088
W085,raw,normal,12,miou,0.7094506947566239
W085,raw,normal,12,n_pred,13.3125
W085,raw,normal,12,n_reg,13.5625
W085,raw,normal,16,f1@0.5,0.4747506186859091
W085,raw,normal,16,f1@0.75,0.1962911074312027
W085,raw,normal,16,miou,0.6001020807133395
W085,raw,normal,16,n_pred,13.0
W085,raw,normal,16,n_reg,13.5
W085,raw,normal,24,f1@0.5,0.4578009243240574
W085,raw,normal,24,f1@0.75,0.2246929157621096
W085,raw,normal,24,miou,0.6516365898055612
W085,raw,normal,24,n_pred,15.0
W085,raw,normal,24,n_reg,15.4375
W085,raw,normal,32,f1@0.5,0.367883697413649
W085,raw,normal,32,f1@0.75,0.1595968805417212
W085,raw,normal,32,miou,0.4600188063428302
W085,raw,normal,32,n_pred,11.75
W085,raw,normal,32,n_reg,12.9375
W085,raw,normal,48,f1@0.5,0.3020462654247484
W085,raw,normal,48,f1@0.75,0.0580252849002849
W085,raw,normal,48,miou,0.2132859498642761
W085,raw,normal,48,n_pred,8.75
W085,raw,normal,48,n_reg,9.625
W085,raw,rgb,4,f1@0.5,0.4153062142535826
W085,raw,rgb,4,f1@0.75,0.379273919306814
W085,raw,rgb,4,miou,0.5398779739924925
W085,raw,rgb,4,n_pred,9.125
W085,raw,rgb,4,n_reg,9.8125
W085,raw,rgb,6,f1@0.5,0.5608844419553036
W085,raw,rgb,6,f1@0.75,0.4058859149370878
W085,raw,rgb,6,miou,0.7622913952402584
W085,raw,rgb,6,n_pred,11.5625
W085,raw,rgb,6,n_reg,11.75
W085,raw,rgb,8,f1@0.5,0.6093242847838436
W085,raw,rgb,8,f1@0.75,0.4021736688556541
W085,raw,rgb,8,miou,0.7950610146920994
W085,raw,rgb,8,n_pred,16.5625
W085,raw,rgb,8,n_reg,17.125
W085,raw,rgb,12,f1@0.5,0.5754352703591974
W085,raw,rgb,12,f1@0.75,0.3742714275388049
W085,raw,rgb,12,miou,0.7911717321656501
W085,raw,rgb,12,n_pred,15.375
W085,raw,rgb,12,n_reg,16.125
W085,raw,rgb,16,f1@0.5,0.5502929165610886
W085,raw,rgb,16,f1@0.75,0.3489873782578049
W085,raw,rgb,16,miou,0.7968084867533588
W085,raw,rgb,16,n_pred,18.5625
W085,raw,rgb,16,n_reg,19.75
W085,raw,rgb,24,f1@0.5,0.5663717668038747
W085,raw,rgb,24,f1@0.75,0.3516927673909458
W085,raw,rgb,24,miou,0.8204600924474351
W085,raw,rgb,24,n_pred,18.6875
W085,raw,rgb,24,n_reg,20.0625
W085,raw,rgb,32,f1@0.5,0.5541229339943808
W085,raw,rgb,32,f1@0.75,0.3396352890709814
W085,raw,rgb,32,miou,0.8157628573727943
W085,raw,rgb,32,n_pred,19.1875
W085,raw,rgb,32,n_reg,20.0
W085,raw,rgb,48,f1@0.5,0.5521536007837942
W085,raw,rgb,48,f1@0.75,0.3590432729814568
W085,raw,rgb,48,miou,0.8217302638988883
W085,raw,rgb,48,n_pred,19.5625
W085,raw,rgb,48,n_reg,20.5625
