window_id,subset,link,modality,metric,value
VID01_s15_14859_crop,all,adjacent_samples,depth,class_switch_rate,0.0
VID01_s15_14859_crop,all,adjacent_samples,depth,fragmentation_ge2,0.0
VID01_s15_14859_crop,all,adjacent_samples,depth,fragmentation_mean,1.0
VID01_s15_14859_crop,all,adjacent_samples,depth,gt_tracks_matched,2.0
VID01_s15_14859_crop,all,adjacent_samples,depth,id_switch_rate,0.0
VID01_s15_14859_crop,all,adjacent_samples,depth,matched_pairs,41.0
VID01_s15_14859_crop,all,adjacent_samples,depth,reappear_events_judged,0.0
VID01_s15_14859_crop,all,adjacent_samples,depth,reappear_same_class,
VID01_s15_14859_crop,all,adjacent_samples,depth,reappear_same_gt,
VID01_s15_14859_crop,all,adjacent_samples,depth,reappearance_rate,0.0
VID01_s15_14859_crop,all,adjacent_samples,depth,seeded_regions,3.0
VID01_s15_14859_crop,all,adjacent_samples,depth,survival_backward,0.9777777777777779
VID01_s15_14859_crop,all,adjacent_samples,depth,survival_forward,1.0
VID01_s15_14859_crop,all,adjacent_samples,normal,class_switch_rate,0.0
VID01_s15_14859_crop,all,adjacent_samples,normal,fragmentation_ge2,0.0
VID01_s15_14859_crop,all,adjacent_samples,normal,fragmentation_mean,1.0
VID01_s15_14859_crop,all,adjacent_samples,normal,gt_tracks_matched,13.0
VID01_s15_14859_crop,all,adjacent_samples,normal,id_switch_rate,0.006060606060606061
VID01_s15_14859_crop,all,adjacent_samples,normal,matched_pairs,165.0
VID01_s15_14859_crop,all,adjacent_samples,normal,reappear_events_judged,1.0
VID01_s15_14859_crop,all,adjacent_samples,normal,reappear_same_class,1.0
VID01_s15_14859_crop,all,adjacent_samples,normal,reappear_same_gt,0.0
VID01_s15_14859_crop,all,adjacent_samples,normal,reappearance_rate,0.23076923076923078
VID01_s15_14859_crop,all,adjacent_samples,normal,seeded_regions,13.0
VID01_s15_14859_crop,all,adjacent_samples,normal,survival_backward,0.9846153846153847
VID01_s15_14859_crop,all,adjacent_samples,normal,survival_forward,0.967032967032967
VID01_s15_14859_crop,all,adjacent_samples,rgb,class_switch_rate,0.0
VID01_s15_14859_crop,all,adjacent_samples,rgb,fragmentation_ge2,0.0
VID01_s15_14859_crop,all,adjacent_samples,rgb,fragmentation_mean,1.0
VID01_s15_14859_crop,all,adjacent_samples,rgb,gt_tracks_matched,16.0
VID01_s15_14859_crop,all,adjacent_samples,rgb,id_switch_rate,0.01775147928994083
VID01_s15_14859_crop,all,adjacent_samples,rgb,matched_pairs,169.0
VID01_s15_14859_crop,all,adjacent_samples,rgb,reappear_events_judged,1.0
VID01_s15_14859_crop,all,adjacent_samples,rgb,reappear_same_class,1.0
VID01_s15_14859_crop,all,adjacent_samples,rgb,reappear_same_gt,0.0
VID01_s15_14859_crop,all,adjacent_samples,rgb,reappearance_rate,0.1875
VID01_s15_14859_crop,all,adjacent_samples,rgb,seeded_regions,16.0
VID01_s15_14859_crop,all,adjacent_samples,rgb,survival_backward,0.9458333333333333
VID01_s15_14859_crop,all,adjacent_samples,rgb,survival_forward,0.8928571428571428
VID01_s15_14859_crop,all,consecutive_annotated,depth,class_switch_rate,0.0
VID01_s15_14859_crop,all,consecutive_annotated,depth,fragmentation_ge2,0.0
VID01_s15_14859_crop,all,consecutive_annotated,depth,fragmentation_mean,1.0
VID01_s15_14859_crop,all,consecutive_annotated,depth,gt_tracks_matched,2.0
VID01_s15_14859_crop,all,consecutive_annotated,depth,id_switch_rate,0.0
VID01_s15_14859_crop,all,consecutive_annotated,depth,matched_pairs,41.0
VID01_s15_14859_crop,all,consecutive_annotated,depth,reappear_events_judged,0.0
VID01_s15_14859_crop,all,consecutive_annotated,depth,reappear_same_class,
VID01_s15_14859_crop,all,consecutive_annotated,depth,reappear_same_gt,
VID01_s15_14859_crop,all,consecutive_annotated,depth,reappearance_rate,0.0
VID01_s15_14859_crop,all,consecutive_annotated,depth,seeded_regions,3.0
VID01_s15_14859_crop,all,consecutive_annotated,depth,survival_backward,0.9777777777777779
VID01_s15_14859_crop,all,consecutive_annotated,depth,survival_forward,1.0
VID01_s15_14859_crop,all,consecutive_annotated,normal,class_switch_rate,0.0
VID01_s15_14859_crop,all,consecutive_annotated,normal,fragmentation_ge2,0.0
VID01_s15_14859_crop,all,consecutive_annotated,normal,fragmentation_mean,1.0
VID01_s15_14859_crop,all,consecutive_annotated,normal,gt_tracks_matched,13.0
VID01_s15_14859_crop,all,consecutive_annotated,normal,id_switch_rate,0.006060606060606061
VID01_s15_14859_crop,all,consecutive_annotated,normal,matched_pairs,165.0
VID01_s15_14859_crop,all,consecutive_annotated,normal,reappear_events_judged,1.0
VID01_s15_14859_crop,all,consecutive_annotated,normal,reappear_same_class,1.0
VID01_s15_14859_crop,all,consecutive_annotated,normal,reappear_same_gt,0.0
VID01_s15_14859_crop,all,consecutive_annotated,normal,reappearance_rate,0.23076923076923078
VID01_s15_14859_crop,all,consecutive_annotated,normal,seeded_regions,13.0
VID01_s15_14859_crop,all,consecutive_annotated,normal,survival_backward,0.9846153846153847
VID01_s15_14859_crop,all,consecutive_annotated,normal,survival_forward,0.967032967032967
VID01_s15_14859_crop,all,consecutive_annotated,rgb,class_switch_rate,0.0
VID01_s15_14859_crop,all,consecutive_annotated,rgb,fragmentation_ge2,0.0
VID01_s15_14859_crop,all,consecutive_annotated,rgb,fragmentation_mean,1.0
VID01_s15_14859_crop,all,consecutive_annotated,rgb,gt_tracks_matched,16.0
VID01_s15_14859_crop,all,consecutive_annotated,rgb,id_switch_rate,0.01775147928994083
VID01_s15_14859_crop,all,consecutive_annotated,rgb,matched_pairs,169.0
VID01_s15_14859_crop,all,consecutive_annotated,rgb,reappear_events_judged,1.0
VID01_s15_14859_crop,all,consecutive_annotated,rgb,reappear_same_class,1.0
VID01_s15_14859_crop,all,consecutive_annotated,rgb,reappear_same_gt,0.0
VID01_s15_14859_crop,all,consecutive_annotated,rgb,reappearance_rate,0.1875
VID01_s15_14859_crop,all,consecutive_annotated,rgb,seeded_regions,16.0
VID01_s15_14859_crop,all,consecutive_annotated,rgb,survival_backward,0.9458333333333333
VID01_s15_14859_crop,all,consecutive_annotated,rgb,survival_forward,0.8928571428571428
VID01_s15_14859_crop,frames_in_order,adjacent_samples,depth,class_switch_rate,0.0
VID01_s15_14859_crop,frames_in_order,adjacent_samples,depth,fragmentation_ge2,0.0
VID01_s15_14859_crop,frames_in_order,adjacent_samples,depth,fragmentation_mean,1.0
VID01_s15_14859_crop,frames_in_order,adjacent_samples,depth,gt_tracks_matched,2.0
VID01_s15_14859_crop,frames_in_order,adjacent_samples,depth,id_switch_rate,0.0
VID01_s15_14859_crop,frames_in_order,adjacent_samples,depth,matched_pairs,41.0
VID01_s15_14859_crop,frames_in_order,adjacent_samples,depth,reappear_events_judged,0.0
VID01_s15_14859_crop,frames_in_order,adjacent_samples,depth,reappear_same_class,
VID01_s15_14859_crop,frames_in_order,adjacent_samples,depth,reappear_same_gt,
VID01_s15_14859_crop,frames_in_order,adjacent_samples,depth,reappearance_rate,0.0
VID01_s15_14859_crop,frames_in_order,adjacent_samples,depth,seeded_regions,3.0
VID01_s15_14859_crop,frames_in_order,adjacent_samples,depth,survival_backward,0.9777777777777779
VID01_s15_14859_crop,frames_in_order,adjacent_samples,depth,survival_forward,1.0
VID01_s15_14859_crop,frames_in_order,adjacent_samples,normal,class_switch_rate,0.0
VID01_s15_14859_crop,frames_in_order,adjacent_samples,normal,fragmentation_ge2,0.0
VID01_s15_14859_crop,frames_in_order,adjacent_samples,normal,fragmentation_mean,1.0
VID01_s15_14859_crop,frames_in_order,adjacent_samples,normal,gt_tracks_matched,13.0
VID01_s15_14859_crop,frames_in_order,adjacent_samples,normal,id_switch_rate,0.006060606060606061
VID01_s15_14859_crop,frames_in_order,adjacent_samples,normal,matched_pairs,165.0
VID01_s15_14859_crop,frames_in_order,adjacent_samples,normal,reappear_events_judged,1.0
VID01_s15_14859_crop,frames_in_order,adjacent_samples,normal,reappear_same_class,1.0
VID01_s15_14859_crop,frames_in_order,adjacent_samples,normal,reappear_same_gt,0.0
VID01_s15_14859_crop,frames_in_order,adjacent_samples,normal,reappearance_rate,0.23076923076923078
VID01_s15_14859_crop,frames_in_order,adjacent_samples,normal,seeded_regions,13.0
VID01_s15_14859_crop,frames_in_order,adjacent_samples,normal,survival_backward,0.9846153846153847
VID01_s15_14859_crop,frames_in_order,adjacent_samples,normal,survival_forward,0.967032967032967
VID01_s15_14859_crop,frames_in_order,adjacent_samples,rgb,class_switch_rate,0.0
VID01_s15_14859_crop,frames_in_order,adjacent_samples,rgb,fragmentation_ge2,0.0
VID01_s15_14859_crop,frames_in_order,adjacent_samples,rgb,fragmentation_mean,1.0
VID01_s15_14859_crop,frames_in_order,adjacent_samples,rgb,gt_tracks_matched,16.0
VID01_s15_14859_crop,frames_in_order,adjacent_samples,rgb,id_switch_rate,0.01775147928994083
VID01_s15_14859_crop,frames_in_order,adjacent_samples,rgb,matched_pairs,169.0
VID01_s15_14859_crop,frames_in_order,adjacent_samples,rgb,reappear_events_judged,1.0
VID01_s15_14859_crop,frames_in_order,adjacent_samples,rgb,reappear_same_class,1.0
VID01_s15_14859_crop,frames_in_order,adjacent_samples,rgb,reappear_same_gt,0.0
VID01_s15_14859_crop,frames_in_order,adjacent_samples,rgb,reappearance_rate,0.1875
VID01_s15_14859_crop,frames_in_order,adjacent_samples,rgb,seeded_regions,16.0
VID01_s15_14859_crop,frames_in_order,adjacent_samples,rgb,survival_backward,0.9458333333333333
VID01_s15_14859_crop,frames_in_order,adjacent_samples,rgb,survival_forward,0.8928571428571428
VID01_s15_14859_crop,frames_in_order,consecutive_annotated,depth,class_switch_rate,0.0
VID01_s15_14859_crop,frames_in_order,consecutive_annotated,depth,fragmentation_ge2,0.0
VID01_s15_14859_crop,frames_in_order,consecutive_annotated,depth,fragmentation_mean,1.0
VID01_s15_14859_crop,frames_in_order,consecutive_annotated,depth,gt_tracks_matched,2.0
VID01_s15_14859_crop,frames_in_order,consecutive_annotated,depth,id_switch_rate,0.0
VID01_s15_14859_crop,frames_in_order,consecutive_annotated,depth,matched_pairs,41.0
VID01_s15_14859_crop,frames_in_order,consecutive_annotated,depth,reappear_events_judged,0.0
VID01_s15_14859_crop,frames_in_order,consecutive_annotated,depth,reappear_same_class,
VID01_s15_14859_crop,frames_in_order,consecutive_annotated,depth,reappear_same_gt,
VID01_s15_14859_crop,frames_in_order,consecutive_annotated,depth,reappearance_rate,0.0
VID01_s15_14859_crop,frames_in_order,consecutive_annotated,depth,seeded_regions,3.0
VID01_s15_14859_crop,frames_in_order,consecutive_annotated,depth,survival_backward,0.9777777777777779
VID01_s15_14859_crop,frames_in_order,consecutive_annotated,depth,survival_forward,1.0
VID01_s15_14859_crop,frames_in_order,consecutive_annotated,normal,class_switch_rate,0.0
VID01_s15_14859_crop,frames_in_order,consecutive_annotated,normal,fragmentation_ge2,0.0
VID01_s15_14859_crop,frames_in_order,consecutive_annotated,normal,fragmentation_mean,1.0
VID01_s15_14859_crop,frames_in_order,consecutive_annotated,normal,gt_tracks_matched,13.0
VID01_s15_14859_crop,frames_in_order,consecutive_annotated,normal,id_switch_rate,0.006060606060606061
VID01_s15_14859_crop,frames_in_order,consecutive_annotated,normal,matched_pairs,165.0
VID01_s15_14859_crop,frames_in_order,consecutive_annotated,normal,reappear_events_judged,1.0
VID01_s15_14859_crop,frames_in_order,consecutive_annotated,normal,reappear_same_class,1.0
VID01_s15_14859_crop,frames_in_order,consecutive_annotated,normal,reappear_same_gt,0.0
VID01_s15_14859_crop,frames_in_order,consecutive_annotated,normal,reappearance_rate,0.23076923076923078
VID01_s15_14859_crop,frames_in_order,consecutive_annotated,normal,seeded_regions,13.0
VID01_s15_14859_crop,frames_in_order,consecutive_annotated,normal,survival_backward,0.9846153846153847
VID01_s15_14859_crop,frames_in_order,consecutive_annotated,normal,survival_forward,0.967032967032967
VID01_s15_14859_crop,frames_in_order,consecutive_annotated,rgb,class_switch_rate,0.0
VID01_s15_14859_crop,frames_in_order,consecutive_annotated,rgb,fragmentation_ge2,0.0
VID01_s15_14859_crop,frames_in_order,consecutive_annotated,rgb,fragmentation_mean,1.0
VID01_s15_14859_crop,frames_in_order,consecutive_annotated,rgb,gt_tracks_matched,16.0
VID01_s15_14859_crop,frames_in_order,consecutive_annotated,rgb,id_switch_rate,0.01775147928994083
VID01_s15_14859_crop,frames_in_order,consecutive_annotated,rgb,matched_pairs,169.0
VID01_s15_14859_crop,frames_in_order,consecutive_annotated,rgb,reappear_events_judged,1.0
VID01_s15_14859_crop,frames_in_order,consecutive_annotated,rgb,reappear_same_class,1.0
VID01_s15_14859_crop,frames_in_order,consecutive_annotated,rgb,reappear_same_gt,0.0
VID01_s15_14859_crop,frames_in_order,consecutive_annotated,rgb,reappearance_rate,0.1875
VID01_s15_14859_crop,frames_in_order,consecutive_annotated,rgb,seeded_regions,16.0
VID01_s15_14859_crop,frames_in_order,consecutive_annotated,rgb,survival_backward,0.9458333333333333
VID01_s15_14859_crop,frames_in_order,consecutive_annotated,rgb,survival_forward,0.8928571428571428
VID01_s15_16345_crop,all,adjacent_samples,depth,class_switch_rate,0.0
VID01_s15_16345_crop,all,adjacent_samples,depth,fragmentation_ge2,0.0
VID01_s15_16345_crop,all,adjacent_samples,depth,fragmentation_mean,1.0
VID01_s15_16345_crop,all,adjacent_samples,depth,gt_tracks_matched,12.0
VID01_s15_16345_crop,all,adjacent_samples,depth,id_switch_rate,0.0
VID01_s15_16345_crop,all,adjacent_samples,depth,matched_pairs,49.0
VID01_s15_16345_crop,all,adjacent_samples,depth,reappear_events_judged,0.0
VID01_s15_16345_crop,all,adjacent_samples,depth,reappear_same_class,
VID01_s15_16345_crop,all,adjacent_samples,depth,reappear_same_gt,
VID01_s15_16345_crop,all,adjacent_samples,depth,reappearance_rate,0.09090909090909091
VID01_s15_16345_crop,all,adjacent_samples,depth,seeded_regions,11.0
VID01_s15_16345_crop,all,adjacent_samples,depth,survival_backward,0.9030303030303031
VID01_s15_16345_crop,all,adjacent_samples,depth,survival_forward,0.9935064935064936
VID01_s15_16345_crop,all,adjacent_samples,normal,class_switch_rate,0.0
VID01_s15_16345_crop,all,adjacent_samples,normal,fragmentation_ge2,0.0
VID01_s15_16345_crop,all,adjacent_samples,normal,fragmentation_mean,1.0
VID01_s15_16345_crop,all,adjacent_samples,normal,gt_tracks_matched,13.0
VID01_s15_16345_crop,all,adjacent_samples,normal,id_switch_rate,0.0
VID01_s15_16345_crop,all,adjacent_samples,normal,matched_pairs,49.0
VID01_s15_16345_crop,all,adjacent_samples,normal,reappear_events_judged,0.0
VID01_s15_16345_crop,all,adjacent_samples,normal,reappear_same_class,
VID01_s15_16345_crop,all,adjacent_samples,normal,reappear_same_gt,
VID01_s15_16345_crop,all,adjacent_samples,normal,reappearance_rate,0.3076923076923077
VID01_s15_16345_crop,all,adjacent_samples,normal,seeded_regions,13.0
VID01_s15_16345_crop,all,adjacent_samples,normal,survival_backward,0.8564102564102564
VID01_s15_16345_crop,all,adjacent_samples,normal,survival_forward,0.9340659340659341
VID01_s15_16345_crop,all,adjacent_samples,rgb,class_switch_rate,0.0
VID01_s15_16345_crop,all,adjacent_samples,rgb,fragmentation_ge2,0.046511627906976744
VID01_s15_16345_crop,all,adjacent_samples,rgb,fragmentation_mean,1.0465116279069768
VID01_s15_16345_crop,all,adjacent_samples,rgb,gt_tracks_matched,43.0
VID01_s15_16345_crop,all,adjacent_samples,rgb,id_switch_rate,0.09016393442622951
VID01_s15_16345_crop,all,adjacent_samples,rgb,matched_pairs,122.0
VID01_s15_16345_crop,all,adjacent_samples,rgb,reappear_events_judged,1.0
VID01_s15_16345_crop,all,adjacent_samples,rgb,reappear_same_class,1.0
VID01_s15_16345_crop,all,adjacent_samples,rgb,reappear_same_gt,0.0
VID01_s15_16345_crop,all,adjacent_samples,rgb,reappearance_rate,0.4722222222222222
VID01_s15_16345_crop,all,adjacent_samples,rgb,seeded_regions,36.0
VID01_s15_16345_crop,all,adjacent_samples,rgb,survival_backward,0.8129629629629629
VID01_s15_16345_crop,all,adjacent_samples,rgb,survival_forward,0.9087301587301586
VID01_s15_16345_crop,all,consecutive_annotated,depth,class_switch_rate,0.0
VID01_s15_16345_crop,all,consecutive_annotated,depth,fragmentation_ge2,0.0
VID01_s15_16345_crop,all,consecutive_annotated,depth,fragmentation_mean,1.0
VID01_s15_16345_crop,all,consecutive_annotated,depth,gt_tracks_matched,8.0
VID01_s15_16345_crop,all,consecutive_annotated,depth,id_switch_rate,0.0
VID01_s15_16345_crop,all,consecutive_annotated,depth,matched_pairs,52.0
VID01_s15_16345_crop,all,consecutive_annotated,depth,reappear_events_judged,0.0
VID01_s15_16345_crop,all,consecutive_annotated,depth,reappear_same_class,
VID01_s15_16345_crop,all,consecutive_annotated,depth,reappear_same_gt,
VID01_s15_16345_crop,all,consecutive_annotated,depth,reappearance_rate,0.09090909090909091
VID01_s15_16345_crop,all,consecutive_annotated,depth,seeded_regions,11.0
VID01_s15_16345_crop,all,consecutive_annotated,depth,survival_backward,0.9030303030303031
VID01_s15_16345_crop,all,consecutive_annotated,depth,survival_forward,0.9935064935064936
VID01_s15_16345_crop,all,consecutive_annotated,normal,class_switch_rate,0.0
VID01_s15_16345_crop,all,consecutive_annotated,normal,fragmentation_ge2,0.0
VID01_s15_16345_crop,all,consecutive_annotated,normal,fragmentation_mean,1.0
VID01_s15_16345_crop,all,consecutive_annotated,normal,gt_tracks_matched,10.0
VID01_s15_16345_crop,all,consecutive_annotated,normal,id_switch_rate,0.0
VID01_s15_16345_crop,all,consecutive_annotated,normal,matched_pairs,52.0
VID01_s15_16345_crop,all,consecutive_annotated,normal,reappear_events_judged,0.0
VID01_s15_16345_crop,all,consecutive_annotated,normal,reappear_same_class,
VID01_s15_16345_crop,all,consecutive_annotated,normal,reappear_same_gt,
VID01_s15_16345_crop,all,consecutive_annotated,normal,reappearance_rate,0.3076923076923077
VID01_s15_16345_crop,all,consecutive_annotated,normal,seeded_regions,13.0
VID01_s15_16345_crop,all,consecutive_annotated,normal,survival_backward,0.8564102564102564
VID01_s15_16345_crop,all,consecutive_annotated,normal,survival_forward,0.9340659340659341
VID01_s15_16345_crop,all,consecutive_annotated,rgb,class_switch_rate,0.0
VID01_s15_16345_crop,all,consecutive_annotated,rgb,fragmentation_ge2,0.08571428571428572
VID01_s15_16345_crop,all,consecutive_annotated,rgb,fragmentation_mean,1.0857142857142856
VID01_s15_16345_crop,all,consecutive_annotated,rgb,gt_tracks_matched,35.0
VID01_s15_16345_crop,all,consecutive_annotated,rgb,id_switch_rate,0.10077519379844961
VID01_s15_16345_crop,all,consecutive_annotated,rgb,matched_pairs,129.0
VID01_s15_16345_crop,all,consecutive_annotated,rgb,reappear_events_judged,1.0
VID01_s15_16345_crop,all,consecutive_annotated,rgb,reappear_same_class,1.0
VID01_s15_16345_crop,all,consecutive_annotated,rgb,reappear_same_gt,0.0
VID01_s15_16345_crop,all,consecutive_annotated,rgb,reappearance_rate,0.4722222222222222
VID01_s15_16345_crop,all,consecutive_annotated,rgb,seeded_regions,36.0
VID01_s15_16345_crop,all,consecutive_annotated,rgb,survival_backward,0.8129629629629629
VID01_s15_16345_crop,all,consecutive_annotated,rgb,survival_forward,0.9087301587301586
VID01_s15_16345_crop,frames_in_order,adjacent_samples,depth,class_switch_rate,0.0
VID01_s15_16345_crop,frames_in_order,adjacent_samples,depth,fragmentation_ge2,0.0
VID01_s15_16345_crop,frames_in_order,adjacent_samples,depth,fragmentation_mean,1.0
VID01_s15_16345_crop,frames_in_order,adjacent_samples,depth,gt_tracks_matched,12.0
VID01_s15_16345_crop,frames_in_order,adjacent_samples,depth,id_switch_rate,0.0
VID01_s15_16345_crop,frames_in_order,adjacent_samples,depth,matched_pairs,49.0
VID01_s15_16345_crop,frames_in_order,adjacent_samples,depth,reappear_events_judged,0.0
VID01_s15_16345_crop,frames_in_order,adjacent_samples,depth,reappear_same_class,
VID01_s15_16345_crop,frames_in_order,adjacent_samples,depth,reappear_same_gt,
VID01_s15_16345_crop,frames_in_order,adjacent_samples,depth,reappearance_rate,0.09090909090909091
VID01_s15_16345_crop,frames_in_order,adjacent_samples,depth,seeded_regions,11.0
VID01_s15_16345_crop,frames_in_order,adjacent_samples,depth,survival_backward,0.9030303030303031
VID01_s15_16345_crop,frames_in_order,adjacent_samples,depth,survival_forward,0.9935064935064936
VID01_s15_16345_crop,frames_in_order,adjacent_samples,normal,class_switch_rate,0.0
VID01_s15_16345_crop,frames_in_order,adjacent_samples,normal,fragmentation_ge2,0.0
VID01_s15_16345_crop,frames_in_order,adjacent_samples,normal,fragmentation_mean,1.0
VID01_s15_16345_crop,frames_in_order,adjacent_samples,normal,gt_tracks_matched,13.0
VID01_s15_16345_crop,frames_in_order,adjacent_samples,normal,id_switch_rate,0.0
VID01_s15_16345_crop,frames_in_order,adjacent_samples,normal,matched_pairs,49.0
VID01_s15_16345_crop,frames_in_order,adjacent_samples,normal,reappear_events_judged,0.0
VID01_s15_16345_crop,frames_in_order,adjacent_samples,normal,reappear_same_class,
VID01_s15_16345_crop,frames_in_order,adjacent_samples,normal,reappear_same_gt,
VID01_s15_16345_crop,frames_in_order,adjacent_samples,normal,reappearance_rate,0.3076923076923077
VID01_s15_16345_crop,frames_in_order,adjacent_samples,normal,seeded_regions,13.0
VID01_s15_16345_crop,frames_in_order,adjacent_samples,normal,survival_backward,0.8564102564102564
VID01_s15_16345_crop,frames_in_order,adjacent_samples,normal,survival_forward,0.9340659340659341
VID01_s15_16345_crop,frames_in_order,adjacent_samples,rgb,class_switch_rate,0.0
VID01_s15_16345_crop,frames_in_order,adjacent_samples,rgb,fragmentation_ge2,0.046511627906976744
VID01_s15_16345_crop,frames_in_order,adjacent_samples,rgb,fragmentation_mean,1.0465116279069768
VID01_s15_16345_crop,frames_in_order,adjacent_samples,rgb,gt_tracks_matched,43.0
VID01_s15_16345_crop,frames_in_order,adjacent_samples,rgb,id_switch_rate,0.09016393442622951
VID01_s15_16345_crop,frames_in_order,adjacent_samples,rgb,matched_pairs,122.0
VID01_s15_16345_crop,frames_in_order,adjacent_samples,rgb,reappear_events_judged,1.0
VID01_s15_16345_crop,frames_in_order,adjacent_samples,rgb,reappear_same_class,1.0
VID01_s15_16345_crop,frames_in_order,adjacent_samples,rgb,reappear_same_gt,0.0
VID01_s15_16345_crop,frames_in_order,adjacent_samples,rgb,reappearance_rate,0.4722222222222222
VID01_s15_16345_crop,frames_in_order,adjacent_samples,rgb,seeded_regions,36.0
VID01_s15_16345_crop,frames_in_order,adjacent_samples,rgb,survival_backward,0.8129629629629629
VID01_s15_16345_crop,frames_in_order,adjacent_samples,rgb,survival_forward,0.9087301587301586
VID01_s15_16345_crop,frames_in_order,consecutive_annotated,depth,class_switch_rate,0.0
VID01_s15_16345_crop,frames_in_order,consecutive_annotated,depth,fragmentation_ge2,0.0
VID01_s15_16345_crop,frames_in_order,consecutive_annotated,depth,fragmentation_mean,1.0
VID01_s15_16345_crop,frames_in_order,consecutive_annotated,depth,gt_tracks_matched,8.0
VID01_s15_16345_crop,frames_in_order,consecutive_annotated,depth,id_switch_rate,0.0
VID01_s15_16345_crop,frames_in_order,consecutive_annotated,depth,matched_pairs,52.0
VID01_s15_16345_crop,frames_in_order,consecutive_annotated,depth,reappear_events_judged,0.0
VID01_s15_16345_crop,frames_in_order,consecutive_annotated,depth,reappear_same_class,
VID01_s15_16345_crop,frames_in_order,consecutive_annotated,depth,reappear_same_gt,
VID01_s15_16345_crop,frames_in_order,consecutive_annotated,depth,reappearance_rate,0.09090909090909091
VID01_s15_16345_crop,frames_in_order,consecutive_annotated,depth,seeded_regions,11.0
VID01_s15_16345_crop,frames_in_order,consecutive_annotated,depth,survival_backward,0.9030303030303031
VID01_s15_16345_crop,frames_in_order,consecutive_annotated,depth,survival_forward,0.9935064935064936
VID01_s15_16345_crop,frames_in_order,consecutive_annotated,normal,class_switch_rate,0.0
VID01_s15_16345_crop,frames_in_order,consecutive_annotated,normal,fragmentation_ge2,0.0
VID01_s15_16345_crop,frames_in_order,consecutive_annotated,normal,fragmentation_mean,1.0
VID01_s15_16345_crop,frames_in_order,consecutive_annotated,normal,gt_tracks_matched,10.0
VID01_s15_16345_crop,frames_in_order,consecutive_annotated,normal,id_switch_rate,0.0
VID01_s15_16345_crop,frames_in_order,consecutive_annotated,normal,matched_pairs,52.0
VID01_s15_16345_crop,frames_in_order,consecutive_annotated,normal,reappear_events_judged,0.0
VID01_s15_16345_crop,frames_in_order,consecutive_annotated,normal,reappear_same_class,
VID01_s15_16345_crop,frames_in_order,consecutive_annotated,normal,reappear_same_gt,
VID01_s15_16345_crop,frames_in_order,consecutive_annotated,normal,reappearance_rate,0.3076923076923077
VID01_s15_16345_crop,frames_in_order,consecutive_annotated,normal,seeded_regions,13.0
VID01_s15_16345_crop,frames_in_order,consecutive_annotated,normal,survival_backward,0.8564102564102564
VID01_s15_16345_crop,frames_in_order,consecutive_annotated,normal,survival_forward,0.9340659340659341
VID01_s15_16345_crop,frames_in_order,consecutive_annotated,rgb,class_switch_rate,0.0
VID01_s15_16345_crop,frames_in_order,consecutive_annotated,rgb,fragmentation_ge2,0.08571428571428572
VID01_s15_16345_crop,frames_in_order,consecutive_annotated,rgb,fragmentation_mean,1.0857142857142856
VID01_s15_16345_crop,frames_in_order,consecutive_annotated,rgb,gt_tracks_matched,35.0
VID01_s15_16345_crop,frames_in_order,consecutive_annotated,rgb,id_switch_rate,0.10077519379844961
VID01_s15_16345_crop,frames_in_order,consecutive_annotated,rgb,matched_pairs,129.0
VID01_s15_16345_crop,frames_in_order,consecutive_annotated,rgb,reappear_events_judged,1.0
VID01_s15_16345_crop,frames_in_order,consecutive_annotated,rgb,reappear_same_class,1.0
VID01_s15_16345_crop,frames_in_order,consecutive_annotated,rgb,reappear_same_gt,0.0
VID01_s15_16345_crop,frames_in_order,consecutive_annotated,rgb,reappearance_rate,0.4722222222222222
VID01_s15_16345_crop,frames_in_order,consecutive_annotated,rgb,seeded_regions,36.0
VID01_s15_16345_crop,frames_in_order,consecutive_annotated,rgb,survival_backward,0.8129629629629629
VID01_s15_16345_crop,frames_in_order,consecutive_annotated,rgb,survival_forward,0.9087301587301586
VID01_s15_240_crop,all,adjacent_samples,depth,class_switch_rate,0.0
VID01_s15_240_crop,all,adjacent_samples,depth,fragmentation_ge2,0.0
VID01_s15_240_crop,all,adjacent_samples,depth,fragmentation_mean,1.0
VID01_s15_240_crop,all,adjacent_samples,depth,gt_tracks_matched,10.0
VID01_s15_240_crop,all,adjacent_samples,depth,id_switch_rate,0.02857142857142857
VID01_s15_240_crop,all,adjacent_samples,depth,matched_pairs,35.0
VID01_s15_240_crop,all,adjacent_samples,depth,reappear_events_judged,0.0
VID01_s15_240_crop,all,adjacent_samples,depth,reappear_same_class,
VID01_s15_240_crop,all,adjacent_samples,depth,reappear_same_gt,
VID01_s15_240_crop,all,adjacent_samples,depth,reappearance_rate,0.1111111111111111
VID01_s15_240_crop,all,adjacent_samples,depth,seeded_regions,9.0
VID01_s15_240_crop,all,adjacent_samples,depth,survival_backward,1.0
VID01_s15_240_crop,all,adjacent_samples,depth,survival_forward,0.9126984126984128
VID01_s15_240_crop,all,adjacent_samples,normal,class_switch_rate,0.0
VID01_s15_240_crop,all,adjacent_samples,normal,fragmentation_ge2,0.0
VID01_s15_240_crop,all,adjacent_samples,normal,fragmentation_mean,1.0
VID01_s15_240_crop,all,adjacent_samples,normal,gt_tracks_matched,18.0
VID01_s15_240_crop,all,adjacent_samples,normal,id_switch_rate,0.017241379310344827
VID01_s15_240_crop,all,adjacent_samples,normal,matched_pairs,58.0
VID01_s15_240_crop,all,adjacent_samples,normal,reappear_events_judged,0.0
VID01_s15_240_crop,all,adjacent_samples,normal,reappear_same_class,
VID01_s15_240_crop,all,adjacent_samples,normal,reappear_same_gt,
VID01_s15_240_crop,all,adjacent_samples,normal,reappearance_rate,0.09090909090909091
VID01_s15_240_crop,all,adjacent_samples,normal,seeded_regions,11.0
VID01_s15_240_crop,all,adjacent_samples,normal,survival_backward,1.0
VID01_s15_240_crop,all,adjacent_samples,normal,survival_forward,0.9415584415584416
VID01_s15_240_crop,all,adjacent_samples,rgb,class_switch_rate,0.0
VID01_s15_240_crop,all,adjacent_samples,rgb,fragmentation_ge2,0.0
VID01_s15_240_crop,all,adjacent_samples,rgb,fragmentation_mean,1.0
VID01_s15_240_crop,all,adjacent_samples,rgb,gt_tracks_matched,13.0
VID01_s15_240_crop,all,adjacent_samples,rgb,id_switch_rate,0.02631578947368421
VID01_s15_240_crop,all,adjacent_samples,rgb,matched_pairs,38.0
VID01_s15_240_crop,all,adjacent_samples,rgb,reappear_events_judged,0.0
VID01_s15_240_crop,all,adjacent_samples,rgb,reappear_same_class,
VID01_s15_240_crop,all,adjacent_samples,rgb,reappear_same_gt,
VID01_s15_240_crop,all,adjacent_samples,rgb,reappearance_rate,0.2727272727272727
VID01_s15_240_crop,all,adjacent_samples,rgb,seeded_regions,11.0
VID01_s15_240_crop,all,adjacent_samples,rgb,survival_backward,0.9575757575757575
VID01_s15_240_crop,all,adjacent_samples,rgb,survival_forward,0.922077922077922
VID01_s15_240_crop,all,consecutive_annotated,depth,class_switch_rate,0.0
VID01_s15_240_crop,all,consecutive_annotated,depth,fragmentation_ge2,0.0
VID01_s15_240_crop,all,consecutive_annotated,depth,fragmentation_mean,1.0
VID01_s15_240_crop,all,consecutive_annotated,depth,gt_tracks_matched,6.0
VID01_s15_240_crop,all,consecutive_annotated,depth,id_switch_rate,0.02564102564102564
VID01_s15_240_crop,all,consecutive_annotated,depth,matched_pairs,39.0
VID01_s15_240_crop,all,consecutive_annotated,depth,reappear_events_judged,0.0
VID01_s15_240_crop,all,consecutive_annotated,depth,reappear_same_class,
VID01_s15_240_crop,all,consecutive_annotated,depth,reappear_same_gt,
VID01_s15_240_crop,all,consecutive_annotated,depth,reappearance_rate,0.1111111111111111
VID01_s15_240_crop,all,consecutive_annotated,depth,seeded_regions,9.0
VID01_s15_240_crop,all,consecutive_annotated,depth,survival_backward,1.0
VID01_s15_240_crop,all,consecutive_annotated,depth,survival_forward,0.9126984126984128
VID01_s15_240_crop,all,consecutive_annotated,normal,class_switch_rate,0.0
VID01_s15_240_crop,all,consecutive_annotated,normal,fragmentation_ge2,0.1
VID01_s15_240_crop,all,consecutive_annotated,normal,fragmentation_mean,1.1
VID01_s15_240_crop,all,consecutive_annotated,normal,gt_tracks_matched,10.0
VID01_s15_240_crop,all,consecutive_annotated,normal,id_switch_rate,0.015625
VID01_s15_240_crop,all,consecutive_annotated,normal,matched_pairs,64.0
VID01_s15_240_crop,all,consecutive_annotated,normal,reappear_events_judged,0.0
VID01_s15_240_crop,all,consecutive_annotated,normal,reappear_same_class,
VID01_s15_240_crop,all,consecutive_annotated,normal,reappear_same_gt,
VID01_s15_240_crop,all,consecutive_annotated,normal,reappearance_rate,0.09090909090909091
VID01_s15_240_crop,all,consecutive_annotated,normal,seeded_regions,11.0
VID01_s15_240_crop,all,consecutive_annotated,normal,survival_backward,1.0
VID01_s15_240_crop,all,consecutive_annotated,normal,survival_forward,0.9415584415584416
VID01_s15_240_crop,all,consecutive_annotated,rgb,class_switch_rate,0.0
VID01_s15_240_crop,all,consecutive_annotated,rgb,fragmentation_ge2,0.0
VID01_s15_240_crop,all,consecutive_annotated,rgb,fragmentation_mean,1.0
VID01_s15_240_crop,all,consecutive_annotated,rgb,gt_tracks_matched,8.0
VID01_s15_240_crop,all,consecutive_annotated,rgb,id_switch_rate,0.023809523809523808
VID01_s15_240_crop,all,consecutive_annotated,rgb,matched_pairs,42.0
VID01_s15_240_crop,all,consecutive_annotated,rgb,reappear_events_judged,0.0
VID01_s15_240_crop,all,consecutive_annotated,rgb,reappear_same_class,
VID01_s15_240_crop,all,consecutive_annotated,rgb,reappear_same_gt,
VID01_s15_240_crop,all,consecutive_annotated,rgb,reappearance_rate,0.2727272727272727
VID01_s15_240_crop,all,consecutive_annotated,rgb,seeded_regions,11.0
VID01_s15_240_crop,all,consecutive_annotated,rgb,survival_backward,0.9575757575757575
VID01_s15_240_crop,all,consecutive_annotated,rgb,survival_forward,0.922077922077922
VID01_s15_240_crop,frames_in_order,adjacent_samples,depth,class_switch_rate,0.0
VID01_s15_240_crop,frames_in_order,adjacent_samples,depth,fragmentation_ge2,0.0
VID01_s15_240_crop,frames_in_order,adjacent_samples,depth,fragmentation_mean,1.0
VID01_s15_240_crop,frames_in_order,adjacent_samples,depth,gt_tracks_matched,10.0
VID01_s15_240_crop,frames_in_order,adjacent_samples,depth,id_switch_rate,0.02857142857142857
VID01_s15_240_crop,frames_in_order,adjacent_samples,depth,matched_pairs,35.0
VID01_s15_240_crop,frames_in_order,adjacent_samples,depth,reappear_events_judged,0.0
VID01_s15_240_crop,frames_in_order,adjacent_samples,depth,reappear_same_class,
VID01_s15_240_crop,frames_in_order,adjacent_samples,depth,reappear_same_gt,
VID01_s15_240_crop,frames_in_order,adjacent_samples,depth,reappearance_rate,0.1111111111111111
VID01_s15_240_crop,frames_in_order,adjacent_samples,depth,seeded_regions,9.0
VID01_s15_240_crop,frames_in_order,adjacent_samples,depth,survival_backward,1.0
VID01_s15_240_crop,frames_in_order,adjacent_samples,depth,survival_forward,0.9126984126984128
VID01_s15_240_crop,frames_in_order,adjacent_samples,normal,class_switch_rate,0.0
VID01_s15_240_crop,frames_in_order,adjacent_samples,normal,fragmentation_ge2,0.0
VID01_s15_240_crop,frames_in_order,adjacent_samples,normal,fragmentation_mean,1.0
VID01_s15_240_crop,frames_in_order,adjacent_samples,normal,gt_tracks_matched,18.0
VID01_s15_240_crop,frames_in_order,adjacent_samples,normal,id_switch_rate,0.017241379310344827
VID01_s15_240_crop,frames_in_order,adjacent_samples,normal,matched_pairs,58.0
VID01_s15_240_crop,frames_in_order,adjacent_samples,normal,reappear_events_judged,0.0
VID01_s15_240_crop,frames_in_order,adjacent_samples,normal,reappear_same_class,
VID01_s15_240_crop,frames_in_order,adjacent_samples,normal,reappear_same_gt,
VID01_s15_240_crop,frames_in_order,adjacent_samples,normal,reappearance_rate,0.09090909090909091
VID01_s15_240_crop,frames_in_order,adjacent_samples,normal,seeded_regions,11.0
VID01_s15_240_crop,frames_in_order,adjacent_samples,normal,survival_backward,1.0
VID01_s15_240_crop,frames_in_order,adjacent_samples,normal,survival_forward,0.9415584415584416
VID01_s15_240_crop,frames_in_order,adjacent_samples,rgb,class_switch_rate,0.0
VID01_s15_240_crop,frames_in_order,adjacent_samples,rgb,fragmentation_ge2,0.0
VID01_s15_240_crop,frames_in_order,adjacent_samples,rgb,fragmentation_mean,1.0
VID01_s15_240_crop,frames_in_order,adjacent_samples,rgb,gt_tracks_matched,13.0
VID01_s15_240_crop,frames_in_order,adjacent_samples,rgb,id_switch_rate,0.02631578947368421
VID01_s15_240_crop,frames_in_order,adjacent_samples,rgb,matched_pairs,38.0
VID01_s15_240_crop,frames_in_order,adjacent_samples,rgb,reappear_events_judged,0.0
VID01_s15_240_crop,frames_in_order,adjacent_samples,rgb,reappear_same_class,
VID01_s15_240_crop,frames_in_order,adjacent_samples,rgb,reappear_same_gt,
VID01_s15_240_crop,frames_in_order,adjacent_samples,rgb,reappearance_rate,0.2727272727272727
VID01_s15_240_crop,frames_in_order,adjacent_samples,rgb,seeded_regions,11.0
VID01_s15_240_crop,frames_in_order,adjacent_samples,rgb,survival_backward,0.9575757575757575
VID01_s15_240_crop,frames_in_order,adjacent_samples,rgb,survival_forward,0.922077922077922
VID01_s15_240_crop,frames_in_order,consecutive_annotated,depth,class_switch_rate,0.0
VID01_s15_240_crop,frames_in_order,consecutive_annotated,depth,fragmentation_ge2,0.0
VID01_s15_240_crop,frames_in_order,consecutive_annotated,depth,fragmentation_mean,1.0
VID01_s15_240_crop,frames_in_order,consecutive_annotated,depth,gt_tracks_matched,6.0
VID01_s15_240_crop,frames_in_order,consecutive_annotated,depth,id_switch_rate,0.02564102564102564
VID01_s15_240_crop,frames_in_order,consecutive_annotated,depth,matched_pairs,39.0
VID01_s15_240_crop,frames_in_order,consecutive_annotated,depth,reappear_events_judged,0.0
VID01_s15_240_crop,frames_in_order,consecutive_annotated,depth,reappear_same_class,
VID01_s15_240_crop,frames_in_order,consecutive_annotated,depth,reappear_same_gt,
VID01_s15_240_crop,frames_in_order,consecutive_annotated,depth,reappearance_rate,0.1111111111111111
VID01_s15_240_crop,frames_in_order,consecutive_annotated,depth,seeded_regions,9.0
VID01_s15_240_crop,frames_in_order,consecutive_annotated,depth,survival_backward,1.0
VID01_s15_240_crop,frames_in_order,consecutive_annotated,depth,survival_forward,0.9126984126984128
VID01_s15_240_crop,frames_in_order,consecutive_annotated,normal,class_switch_rate,0.0
VID01_s15_240_crop,frames_in_order,consecutive_annotated,normal,fragmentation_ge2,0.1
VID01_s15_240_crop,frames_in_order,consecutive_annotated,normal,fragmentation_mean,1.1
VID01_s15_240_crop,frames_in_order,consecutive_annotated,normal,gt_tracks_matched,10.0
VID01_s15_240_crop,frames_in_order,consecutive_annotated,normal,id_switch_rate,0.015625
VID01_s15_240_crop,frames_in_order,consecutive_annotated,normal,matched_pairs,64.0
VID01_s15_240_crop,frames_in_order,consecutive_annotated,normal,reappear_events_judged,0.0
VID01_s15_240_crop,frames_in_order,consecutive_annotated,normal,reappear_same_class,
VID01_s15_240_crop,frames_in_order,consecutive_annotated,normal,reappear_same_gt,
VID01_s15_240_crop,frames_in_order,consecutive_annotated,normal,reappearance_rate,0.09090909090909091
VID01_s15_240_crop,frames_in_order,consecutive_annotated,normal,seeded_regions,11.0
VID01_s15_240_crop,frames_in_order,consecutive_annotated,normal,survival_backward,1.0
VID01_s15_240_crop,frames_in_order,consecutive_annotated,normal,survival_forward,0.9415584415584416
VID01_s15_240_crop,frames_in_order,consecutive_annotated,rgb,class_switch_rate,0.0
VID01_s15_240_crop,frames_in_order,consecutive_annotated,rgb,fragmentation_ge2,0.0
VID01_s15_240_crop,frames_in_order,consecutive_annotated,rgb,fragmentation_mean,1.0
VID01_s15_240_crop,frames_in_order,consecutive_annotated,rgb,gt_tracks_matched,8.0
VID01_s15_240_crop,frames_in_order,consecutive_annotated,rgb,id_switch_rate,0.023809523809523808
VID01_s15_240_crop,frames_in_order,consecutive_annotated,rgb,matched_pairs,42.0
VID01_s15_240_crop,frames_in_order,consecutive_annotated,rgb,reappear_events_judged,0.0
VID01_s15_240_crop,frames_in_order,consecutive_annotated,rgb,reappear_same_class,
VID01_s15_240_crop,frames_in_order,consecutive_annotated,rgb,reappear_same_gt,
VID01_s15_240_crop,frames_in_order,consecutive_annotated,rgb,reappearance_rate,0.2727272727272727
VID01_s15_240_crop,frames_in_order,consecutive_annotated,rgb,seeded_regions,11.0
VID01_s15_240_crop,frames_in_order,consecutive_annotated,rgb,survival_backward,0.9575757575757575
VID01_s15_240_crop,frames_in_order,consecutive_annotated,rgb,survival_forward,0.922077922077922
VID01_s15_80_crop,all,adjacent_samples,depth,class_switch_rate,0.0
VID01_s15_80_crop,all,adjacent_samples,depth,fragmentation_ge2,0.07692307692307693
VID01_s15_80_crop,all,adjacent_samples,depth,fragmentation_mean,1.0769230769230769
VID01_s15_80_crop,all,adjacent_samples,depth,gt_tracks_matched,13.0
VID01_s15_80_crop,all,adjacent_samples,depth,id_switch_rate,0.02631578947368421
VID01_s15_80_crop,all,adjacent_samples,depth,matched_pairs,76.0
VID01_s15_80_crop,all,adjacent_samples,depth,reappear_events_judged,1.0
VID01_s15_80_crop,all,adjacent_samples,depth,reappear_same_class,1.0
VID01_s15_80_crop,all,adjacent_samples,depth,reappear_same_gt,0.0
VID01_s15_80_crop,all,adjacent_samples,depth,reappearance_rate,0.14285714285714285
VID01_s15_80_crop,all,adjacent_samples,depth,seeded_regions,7.0
VID01_s15_80_crop,all,adjacent_samples,depth,survival_backward,0.9428571428571428
VID01_s15_80_crop,all,adjacent_samples,depth,survival_forward,0.9693877551020408
VID01_s15_80_crop,all,adjacent_samples,normal,class_switch_rate,0.0
VID01_s15_80_crop,all,adjacent_samples,normal,fragmentation_ge2,0.043478260869565216
VID01_s15_80_crop,all,adjacent_samples,normal,fragmentation_mean,1.0434782608695652
VID01_s15_80_crop,all,adjacent_samples,normal,gt_tracks_matched,23.0
VID01_s15_80_crop,all,adjacent_samples,normal,id_switch_rate,0.015873015873015872
VID01_s15_80_crop,all,adjacent_samples,normal,matched_pairs,126.0
VID01_s15_80_crop,all,adjacent_samples,normal,reappear_events_judged,2.0
VID01_s15_80_crop,all,adjacent_samples,normal,reappear_same_class,1.0
VID01_s15_80_crop,all,adjacent_samples,normal,reappear_same_gt,0.0
VID01_s15_80_crop,all,adjacent_samples,normal,reappearance_rate,0.38461538461538464
VID01_s15_80_crop,all,adjacent_samples,normal,seeded_regions,13.0
VID01_s15_80_crop,all,adjacent_samples,normal,survival_backward,0.8512820512820513
VID01_s15_80_crop,all,adjacent_samples,normal,survival_forward,0.9725274725274725
VID01_s15_80_crop,all,adjacent_samples,rgb,class_switch_rate,0.0
VID01_s15_80_crop,all,adjacent_samples,rgb,fragmentation_ge2,0.07142857142857142
VID01_s15_80_crop,all,adjacent_samples,rgb,fragmentation_mean,1.0714285714285714
VID01_s15_80_crop,all,adjacent_samples,rgb,gt_tracks_matched,14.0
VID01_s15_80_crop,all,adjacent_samples,rgb,id_switch_rate,0.02666666666666667
VID01_s15_80_crop,all,adjacent_samples,rgb,matched_pairs,75.0
VID01_s15_80_crop,all,adjacent_samples,rgb,reappear_events_judged,1.0
VID01_s15_80_crop,all,adjacent_samples,rgb,reappear_same_class,1.0
VID01_s15_80_crop,all,adjacent_samples,rgb,reappear_same_gt,0.0
VID01_s15_80_crop,all,adjacent_samples,rgb,reappearance_rate,0.3076923076923077
VID01_s15_80_crop,all,adjacent_samples,rgb,seeded_regions,13.0
VID01_s15_80_crop,all,adjacent_samples,rgb,survival_backward,0.7435897435897437
VID01_s15_80_crop,all,adjacent_samples,rgb,survival_forward,0.967032967032967
VID01_s15_80_crop,all,consecutive_annotated,depth,class_switch_rate,0.0
VID01_s15_80_crop,all,consecutive_annotated,depth,fragmentation_ge2,0.125
VID01_s15_80_crop,all,consecutive_annotated,depth,fragmentation_mean,1.125
VID01_s15_80_crop,all,consecutive_annotated,depth,gt_tracks_matched,8.0
VID01_s15_80_crop,all,consecutive_annotated,depth,id_switch_rate,0.024691358024691357
VID01_s15_80_crop,all,consecutive_annotated,depth,matched_pairs,81.0
VID01_s15_80_crop,all,consecutive_annotated,depth,reappear_events_judged,1.0
VID01_s15_80_crop,all,consecutive_annotated,depth,reappear_same_class,1.0
VID01_s15_80_crop,all,consecutive_annotated,depth,reappear_same_gt,0.0
VID01_s15_80_crop,all,consecutive_annotated,depth,reappearance_rate,0.14285714285714285
VID01_s15_80_crop,all,consecutive_annotated,depth,seeded_regions,7.0
VID01_s15_80_crop,all,consecutive_annotated,depth,survival_backward,0.9428571428571428
VID01_s15_80_crop,all,consecutive_annotated,depth,survival_forward,0.9693877551020408
VID01_s15_80_crop,all,consecutive_annotated,normal,class_switch_rate,0.0
VID01_s15_80_crop,all,consecutive_annotated,normal,fragmentation_ge2,0.07142857142857142
VID01_s15_80_crop,all,consecutive_annotated,normal,fragmentation_mean,1.0714285714285714
VID01_s15_80_crop,all,consecutive_annotated,normal,gt_tracks_matched,14.0
VID01_s15_80_crop,all,consecutive_annotated,normal,id_switch_rate,0.014814814814814815
VID01_s15_80_crop,all,consecutive_annotated,normal,matched_pairs,135.0
VID01_s15_80_crop,all,consecutive_annotated,normal,reappear_events_judged,2.0
VID01_s15_80_crop,all,consecutive_annotated,normal,reappear_same_class,1.0
VID01_s15_80_crop,all,consecutive_annotated,normal,reappear_same_gt,0.0
VID01_s15_80_crop,all,consecutive_annotated,normal,reappearance_rate,0.38461538461538464
VID01_s15_80_crop,all,consecutive_annotated,normal,seeded_regions,13.0
VID01_s15_80_crop,all,consecutive_annotated,normal,survival_backward,0.8512820512820513
VID01_s15_80_crop,all,consecutive_annotated,normal,survival_forward,0.9725274725274725
VID01_s15_80_crop,all,consecutive_annotated,rgb,class_switch_rate,0.0
VID01_s15_80_crop,all,consecutive_annotated,rgb,fragmentation_ge2,0.1111111111111111
VID01_s15_80_crop,all,consecutive_annotated,rgb,fragmentation_mean,1.1111111111111112
VID01_s15_80_crop,all,consecutive_annotated,rgb,gt_tracks_matched,9.0
VID01_s15_80_crop,all,consecutive_annotated,rgb,id_switch_rate,0.02531645569620253
VID01_s15_80_crop,all,consecutive_annotated,rgb,matched_pairs,79.0
VID01_s15_80_crop,all,consecutive_annotated,rgb,reappear_events_judged,1.0
VID01_s15_80_crop,all,consecutive_annotated,rgb,reappear_same_class,1.0
VID01_s15_80_crop,all,consecutive_annotated,rgb,reappear_same_gt,0.0
VID01_s15_80_crop,all,consecutive_annotated,rgb,reappearance_rate,0.3076923076923077
VID01_s15_80_crop,all,consecutive_annotated,rgb,seeded_regions,13.0
VID01_s15_80_crop,all,consecutive_annotated,rgb,survival_backward,0.7435897435897437
VID01_s15_80_crop,all,consecutive_annotated,rgb,survival_forward,0.967032967032967
VID01_s15_80_crop,frames_in_order,adjacent_samples,depth,class_switch_rate,0.0
VID01_s15_80_crop,frames_in_order,adjacent_samples,depth,fragmentation_ge2,0.07692307692307693
VID01_s15_80_crop,frames_in_order,adjacent_samples,depth,fragmentation_mean,1.0769230769230769
VID01_s15_80_crop,frames_in_order,adjacent_samples,depth,gt_tracks_matched,13.0
VID01_s15_80_crop,frames_in_order,adjacent_samples,depth,id_switch_rate,0.02631578947368421
VID01_s15_80_crop,frames_in_order,adjacent_samples,depth,matched_pairs,76.0
VID01_s15_80_crop,frames_in_order,adjacent_samples,depth,reappear_events_judged,1.0
VID01_s15_80_crop,frames_in_order,adjacent_samples,depth,reappear_same_class,1.0
VID01_s15_80_crop,frames_in_order,adjacent_samples,depth,reappear_same_gt,0.0
VID01_s15_80_crop,frames_in_order,adjacent_samples,depth,reappearance_rate,0.14285714285714285
VID01_s15_80_crop,frames_in_order,adjacent_samples,depth,seeded_regions,7.0
VID01_s15_80_crop,frames_in_order,adjacent_samples,depth,survival_backward,0.9428571428571428
VID01_s15_80_crop,frames_in_order,adjacent_samples,depth,survival_forward,0.9693877551020408
VID01_s15_80_crop,frames_in_order,adjacent_samples,normal,class_switch_rate,0.0
VID01_s15_80_crop,frames_in_order,adjacent_samples,normal,fragmentation_ge2,0.043478260869565216
VID01_s15_80_crop,frames_in_order,adjacent_samples,normal,fragmentation_mean,1.0434782608695652
VID01_s15_80_crop,frames_in_order,adjacent_samples,normal,gt_tracks_matched,23.0
VID01_s15_80_crop,frames_in_order,adjacent_samples,normal,id_switch_rate,0.015873015873015872
VID01_s15_80_crop,frames_in_order,adjacent_samples,normal,matched_pairs,126.0
VID01_s15_80_crop,frames_in_order,adjacent_samples,normal,reappear_events_judged,2.0
VID01_s15_80_crop,frames_in_order,adjacent_samples,normal,reappear_same_class,1.0
VID01_s15_80_crop,frames_in_order,adjacent_samples,normal,reappear_same_gt,0.0
VID01_s15_80_crop,frames_in_order,adjacent_samples,normal,reappearance_rate,0.38461538461538464
VID01_s15_80_crop,frames_in_order,adjacent_samples,normal,seeded_regions,13.0
VID01_s15_80_crop,frames_in_order,adjacent_samples,normal,survival_backward,0.8512820512820513
VID01_s15_80_crop,frames_in_order,adjacent_samples,normal,survival_forward,0.9725274725274725
VID01_s15_80_crop,frames_in_order,adjacent_samples,rgb,class_switch_rate,0.0
VID01_s15_80_crop,frames_in_order,adjacent_samples,rgb,fragmentation_ge2,0.07142857142857142
VID01_s15_80_crop,frames_in_order,adjacent_samples,rgb,fragmentation_mean,1.0714285714285714
VID01_s15_80_crop,frames_in_order,adjacent_samples,rgb,gt_tracks_matched,14.0
VID01_s15_80_crop,frames_in_order,adjacent_samples,rgb,id_switch_rate,0.02666666666666667
VID01_s15_80_crop,frames_in_order,adjacent_samples,rgb,matched_pairs,75.0
VID01_s15_80_crop,frames_in_order,adjacent_samples,rgb,reappear_events_judged,1.0
VID01_s15_80_crop,frames_in_order,adjacent_samples,rgb,reappear_same_class,1.0
VID01_s15_80_crop,frames_in_order,adjacent_samples,rgb,reappear_same_gt,0.0
VID01_s15_80_crop,frames_in_order,adjacent_samples,rgb,reappearance_rate,0.3076923076923077
VID01_s15_80_crop,frames_in_order,adjacent_samples,rgb,seeded_regions,13.0
VID01_s15_80_crop,frames_in_order,adjacent_samples,rgb,survival_backward,0.7435897435897437
VID01_s15_80_crop,frames_in_order,adjacent_samples,rgb,survival_forward,0.967032967032967
VID01_s15_80_crop,frames_in_order,consecutive_annotated,depth,class_switch_rate,0.0
VID01_s15_80_crop,frames_in_order,consecutive_annotated,depth,fragmentation_ge2,0.125
VID01_s15_80_crop,frames_in_order,consecutive_annotated,depth,fragmentation_mean,1.125
VID01_s15_80_crop,frames_in_order,consecutive_annotated,depth,gt_tracks_matched,8.0
VID01_s15_80_crop,frames_in_order,consecutive_annotated,depth,id_switch_rate,0.024691358024691357
VID01_s15_80_crop,frames_in_order,consecutive_annotated,depth,matched_pairs,81.0
VID01_s15_80_crop,frames_in_order,consecutive_annotated,depth,reappear_events_judged,1.0
VID01_s15_80_crop,frames_in_order,consecutive_annotated,depth,reappear_same_class,1.0
VID01_s15_80_crop,frames_in_order,consecutive_annotated,depth,reappear_same_gt,0.0
VID01_s15_80_crop,frames_in_order,consecutive_annotated,depth,reappearance_rate,0.14285714285714285
VID01_s15_80_crop,frames_in_order,consecutive_annotated,depth,seeded_regions,7.0
VID01_s15_80_crop,frames_in_order,consecutive_annotated,depth,survival_backward,0.9428571428571428
VID01_s15_80_crop,frames_in_order,consecutive_annotated,depth,survival_forward,0.9693877551020408
VID01_s15_80_crop,frames_in_order,consecutive_annotated,normal,class_switch_rate,0.0
VID01_s15_80_crop,frames_in_order,consecutive_annotated,normal,fragmentation_ge2,0.07142857142857142
VID01_s15_80_crop,frames_in_order,consecutive_annotated,normal,fragmentation_mean,1.0714285714285714
VID01_s15_80_crop,frames_in_order,consecutive_annotated,normal,gt_tracks_matched,14.0
VID01_s15_80_crop,frames_in_order,consecutive_annotated,normal,id_switch_rate,0.014814814814814815
VID01_s15_80_crop,frames_in_order,consecutive_annotated,normal,matched_pairs,135.0
VID01_s15_80_crop,frames_in_order,consecutive_annotated,normal,reappear_events_judged,2.0
VID01_s15_80_crop,frames_in_order,consecutive_annotated,normal,reappear_same_class,1.0
VID01_s15_80_crop,frames_in_order,consecutive_annotated,normal,reappear_same_gt,0.0
VID01_s15_80_crop,frames_in_order,consecutive_annotated,normal,reappearance_rate,0.38461538461538464
VID01_s15_80_crop,frames_in_order,consecutive_annotated,normal,seeded_regions,13.0
VID01_s15_80_crop,frames_in_order,consecutive_annotated,normal,survival_backward,0.8512820512820513
VID01_s15_80_crop,frames_in_order,consecutive_annotated,normal,survival_forward,0.9725274725274725
VID01_s15_80_crop,frames_in_order,consecutive_annotated,rgb,class_switch_rate,0.0
VID01_s15_80_crop,frames_in_order,consecutive_annotated,rgb,fragmentation_ge2,0.1111111111111111
VID01_s15_80_crop,frames_in_order,consecutive_annotated,rgb,fragmentation_mean,1.1111111111111112
VID01_s15_80_crop,frames_in_order,consecutive_annotated,rgb,gt_tracks_matched,9.0
VID01_s15_80_crop,frames_in_order,consecutive_annotated,rgb,id_switch_rate,0.02531645569620253
VID01_s15_80_crop,frames_in_order,consecutive_annotated,rgb,matched_pairs,79.0
VID01_s15_80_crop,frames_in_order,consecutive_annotated,rgb,reappear_events_judged,1.0
VID01_s15_80_crop,frames_in_order,consecutive_annotated,rgb,reappear_same_class,1.0
VID01_s15_80_crop,frames_in_order,consecutive_annotated,rgb,reappear_same_gt,0.0
VID01_s15_80_crop,frames_in_order,consecutive_annotated,rgb,reappearance_rate,0.3076923076923077
VID01_s15_80_crop,frames_in_order,consecutive_annotated,rgb,seeded_regions,13.0
VID01_s15_80_crop,frames_in_order,consecutive_annotated,rgb,survival_backward,0.7435897435897437
VID01_s15_80_crop,frames_in_order,consecutive_annotated,rgb,survival_forward,0.967032967032967
VID09_s15_832_crop,all,adjacent_samples,depth,class_switch_rate,0.0
VID09_s15_832_crop,all,adjacent_samples,depth,fragmentation_ge2,0.0
VID09_s15_832_crop,all,adjacent_samples,depth,fragmentation_mean,1.0
VID09_s15_832_crop,all,adjacent_samples,depth,gt_tracks_matched,5.0
VID09_s15_832_crop,all,adjacent_samples,depth,id_switch_rate,0.0
VID09_s15_832_crop,all,adjacent_samples,depth,matched_pairs,66.0
VID09_s15_832_crop,all,adjacent_samples,depth,reappear_events_judged,0.0
VID09_s15_832_crop,all,adjacent_samples,depth,reappear_same_class,
VID09_s15_832_crop,all,adjacent_samples,depth,reappear_same_gt,
VID09_s15_832_crop,all,adjacent_samples,depth,reappearance_rate,0.14285714285714285
VID09_s15_832_crop,all,adjacent_samples,depth,seeded_regions,7.0
VID09_s15_832_crop,all,adjacent_samples,depth,survival_backward,1.0
VID09_s15_832_crop,all,adjacent_samples,depth,survival_forward,0.9183673469387755
VID09_s15_832_crop,all,adjacent_samples,normal,class_switch_rate,0.0
VID09_s15_832_crop,all,adjacent_samples,normal,fragmentation_ge2,0.0
VID09_s15_832_crop,all,adjacent_samples,normal,fragmentation_mean,1.0
VID09_s15_832_crop,all,adjacent_samples,normal,gt_tracks_matched,7.0
VID09_s15_832_crop,all,adjacent_samples,normal,id_switch_rate,0.0
VID09_s15_832_crop,all,adjacent_samples,normal,matched_pairs,71.0
VID09_s15_832_crop,all,adjacent_samples,normal,reappear_events_judged,0.0
VID09_s15_832_crop,all,adjacent_samples,normal,reappear_same_class,
VID09_s15_832_crop,all,adjacent_samples,normal,reappear_same_gt,
VID09_s15_832_crop,all,adjacent_samples,normal,reappearance_rate,0.42857142857142855
VID09_s15_832_crop,all,adjacent_samples,normal,seeded_regions,7.0
VID09_s15_832_crop,all,adjacent_samples,normal,survival_backward,0.9047619047619049
VID09_s15_832_crop,all,adjacent_samples,normal,survival_forward,0.7755102040816327
VID09_s15_832_crop,all,adjacent_samples,rgb,class_switch_rate,0.0
VID09_s15_832_crop,all,adjacent_samples,rgb,fragmentation_ge2,0.0
VID09_s15_832_crop,all,adjacent_samples,rgb,fragmentation_mean,1.0
VID09_s15_832_crop,all,adjacent_samples,rgb,gt_tracks_matched,6.0
VID09_s15_832_crop,all,adjacent_samples,rgb,id_switch_rate,0.0
VID09_s15_832_crop,all,adjacent_samples,rgb,matched_pairs,57.0
VID09_s15_832_crop,all,adjacent_samples,rgb,reappear_events_judged,0.0
VID09_s15_832_crop,all,adjacent_samples,rgb,reappear_same_class,
VID09_s15_832_crop,all,adjacent_samples,rgb,reappear_same_gt,
VID09_s15_832_crop,all,adjacent_samples,rgb,reappearance_rate,0.5454545454545454
VID09_s15_832_crop,all,adjacent_samples,rgb,seeded_regions,11.0
VID09_s15_832_crop,all,adjacent_samples,rgb,survival_backward,0.8727272727272727
VID09_s15_832_crop,all,adjacent_samples,rgb,survival_forward,0.6428571428571428
VID09_s15_832_crop,all,consecutive_annotated,depth,class_switch_rate,0.0
VID09_s15_832_crop,all,consecutive_annotated,depth,fragmentation_ge2,0.0
VID09_s15_832_crop,all,consecutive_annotated,depth,fragmentation_mean,1.0
VID09_s15_832_crop,all,consecutive_annotated,depth,gt_tracks_matched,5.0
VID09_s15_832_crop,all,consecutive_annotated,depth,id_switch_rate,0.0
VID09_s15_832_crop,all,consecutive_annotated,depth,matched_pairs,66.0
VID09_s15_832_crop,all,consecutive_annotated,depth,reappear_events_judged,0.0
VID09_s15_832_crop,all,consecutive_annotated,depth,reappear_same_class,
VID09_s15_832_crop,all,consecutive_annotated,depth,reappear_same_gt,
VID09_s15_832_crop,all,consecutive_annotated,depth,reappearance_rate,0.14285714285714285
VID09_s15_832_crop,all,consecutive_annotated,depth,seeded_regions,7.0
VID09_s15_832_crop,all,consecutive_annotated,depth,survival_backward,1.0
VID09_s15_832_crop,all,consecutive_annotated,depth,survival_forward,0.9183673469387755
VID09_s15_832_crop,all,consecutive_annotated,normal,class_switch_rate,0.0
VID09_s15_832_crop,all,consecutive_annotated,normal,fragmentation_ge2,0.0
VID09_s15_832_crop,all,consecutive_annotated,normal,fragmentation_mean,1.0
VID09_s15_832_crop,all,consecutive_annotated,normal,gt_tracks_matched,7.0
VID09_s15_832_crop,all,consecutive_annotated,normal,id_switch_rate,0.0
VID09_s15_832_crop,all,consecutive_annotated,normal,matched_pairs,71.0
VID09_s15_832_crop,all,consecutive_annotated,normal,reappear_events_judged,0.0
VID09_s15_832_crop,all,consecutive_annotated,normal,reappear_same_class,
VID09_s15_832_crop,all,consecutive_annotated,normal,reappear_same_gt,
VID09_s15_832_crop,all,consecutive_annotated,normal,reappearance_rate,0.42857142857142855
VID09_s15_832_crop,all,consecutive_annotated,normal,seeded_regions,7.0
VID09_s15_832_crop,all,consecutive_annotated,normal,survival_backward,0.9047619047619049
VID09_s15_832_crop,all,consecutive_annotated,normal,survival_forward,0.7755102040816327
VID09_s15_832_crop,all,consecutive_annotated,rgb,class_switch_rate,0.0
VID09_s15_832_crop,all,consecutive_annotated,rgb,fragmentation_ge2,0.0
VID09_s15_832_crop,all,consecutive_annotated,rgb,fragmentation_mean,1.0
VID09_s15_832_crop,all,consecutive_annotated,rgb,gt_tracks_matched,6.0
VID09_s15_832_crop,all,consecutive_annotated,rgb,id_switch_rate,0.0
VID09_s15_832_crop,all,consecutive_annotated,rgb,matched_pairs,57.0
VID09_s15_832_crop,all,consecutive_annotated,rgb,reappear_events_judged,0.0
VID09_s15_832_crop,all,consecutive_annotated,rgb,reappear_same_class,
VID09_s15_832_crop,all,consecutive_annotated,rgb,reappear_same_gt,
VID09_s15_832_crop,all,consecutive_annotated,rgb,reappearance_rate,0.5454545454545454
VID09_s15_832_crop,all,consecutive_annotated,rgb,seeded_regions,11.0
VID09_s15_832_crop,all,consecutive_annotated,rgb,survival_backward,0.8727272727272727
VID09_s15_832_crop,all,consecutive_annotated,rgb,survival_forward,0.6428571428571428
VID09_s15_832_crop,frames_in_order,adjacent_samples,depth,class_switch_rate,0.0
VID09_s15_832_crop,frames_in_order,adjacent_samples,depth,fragmentation_ge2,0.0
VID09_s15_832_crop,frames_in_order,adjacent_samples,depth,fragmentation_mean,1.0
VID09_s15_832_crop,frames_in_order,adjacent_samples,depth,gt_tracks_matched,5.0
VID09_s15_832_crop,frames_in_order,adjacent_samples,depth,id_switch_rate,0.0
VID09_s15_832_crop,frames_in_order,adjacent_samples,depth,matched_pairs,66.0
VID09_s15_832_crop,frames_in_order,adjacent_samples,depth,reappear_events_judged,0.0
VID09_s15_832_crop,frames_in_order,adjacent_samples,depth,reappear_same_class,
VID09_s15_832_crop,frames_in_order,adjacent_samples,depth,reappear_same_gt,
VID09_s15_832_crop,frames_in_order,adjacent_samples,depth,reappearance_rate,0.14285714285714285
VID09_s15_832_crop,frames_in_order,adjacent_samples,depth,seeded_regions,7.0
VID09_s15_832_crop,frames_in_order,adjacent_samples,depth,survival_backward,1.0
VID09_s15_832_crop,frames_in_order,adjacent_samples,depth,survival_forward,0.9183673469387755
VID09_s15_832_crop,frames_in_order,adjacent_samples,normal,class_switch_rate,0.0
VID09_s15_832_crop,frames_in_order,adjacent_samples,normal,fragmentation_ge2,0.0
VID09_s15_832_crop,frames_in_order,adjacent_samples,normal,fragmentation_mean,1.0
VID09_s15_832_crop,frames_in_order,adjacent_samples,normal,gt_tracks_matched,7.0
VID09_s15_832_crop,frames_in_order,adjacent_samples,normal,id_switch_rate,0.0
VID09_s15_832_crop,frames_in_order,adjacent_samples,normal,matched_pairs,71.0
VID09_s15_832_crop,frames_in_order,adjacent_samples,normal,reappear_events_judged,0.0
VID09_s15_832_crop,frames_in_order,adjacent_samples,normal,reappear_same_class,
VID09_s15_832_crop,frames_in_order,adjacent_samples,normal,reappear_same_gt,
VID09_s15_832_crop,frames_in_order,adjacent_samples,normal,reappearance_rate,0.42857142857142855
VID09_s15_832_crop,frames_in_order,adjacent_samples,normal,seeded_regions,7.0
VID09_s15_832_crop,frames_in_order,adjacent_samples,normal,survival_backward,0.9047619047619049
VID09_s15_832_crop,frames_in_order,adjacent_samples,normal,survival_forward,0.7755102040816327
VID09_s15_832_crop,frames_in_order,adjacent_samples,rgb,class_switch_rate,0.0
VID09_s15_832_crop,frames_in_order,adjacent_samples,rgb,fragmentation_ge2,0.0
VID09_s15_832_crop,frames_in_order,adjacent_samples,rgb,fragmentation_mean,1.0
VID09_s15_832_crop,frames_in_order,adjacent_samples,rgb,gt_tracks_matched,6.0
VID09_s15_832_crop,frames_in_order,adjacent_samples,rgb,id_switch_rate,0.0
VID09_s15_832_crop,frames_in_order,adjacent_samples,rgb,matched_pairs,57.0
VID09_s15_832_crop,frames_in_order,adjacent_samples,rgb,reappear_events_judged,0.0
VID09_s15_832_crop,frames_in_order,adjacent_samples,rgb,reappear_same_class,
VID09_s15_832_crop,frames_in_order,adjacent_samples,rgb,reappear_same_gt,
VID09_s15_832_crop,frames_in_order,adjacent_samples,rgb,reappearance_rate,0.5454545454545454
VID09_s15_832_crop,frames_in_order,adjacent_samples,rgb,seeded_regions,11.0
VID09_s15_832_crop,frames_in_order,adjacent_samples,rgb,survival_backward,0.8727272727272727
VID09_s15_832_crop,frames_in_order,adjacent_samples,rgb,survival_forward,0.6428571428571428
VID09_s15_832_crop,frames_in_order,consecutive_annotated,depth,class_switch_rate,0.0
VID09_s15_832_crop,frames_in_order,consecutive_annotated,depth,fragmentation_ge2,0.0
VID09_s15_832_crop,frames_in_order,consecutive_annotated,depth,fragmentation_mean,1.0
VID09_s15_832_crop,frames_in_order,consecutive_annotated,depth,gt_tracks_matched,5.0
VID09_s15_832_crop,frames_in_order,consecutive_annotated,depth,id_switch_rate,0.0
VID09_s15_832_crop,frames_in_order,consecutive_annotated,depth,matched_pairs,66.0
VID09_s15_832_crop,frames_in_order,consecutive_annotated,depth,reappear_events_judged,0.0
VID09_s15_832_crop,frames_in_order,consecutive_annotated,depth,reappear_same_class,
VID09_s15_832_crop,frames_in_order,consecutive_annotated,depth,reappear_same_gt,
VID09_s15_832_crop,frames_in_order,consecutive_annotated,depth,reappearance_rate,0.14285714285714285
VID09_s15_832_crop,frames_in_order,consecutive_annotated,depth,seeded_regions,7.0
VID09_s15_832_crop,frames_in_order,consecutive_annotated,depth,survival_backward,1.0
VID09_s15_832_crop,frames_in_order,consecutive_annotated,depth,survival_forward,0.9183673469387755
VID09_s15_832_crop,frames_in_order,consecutive_annotated,normal,class_switch_rate,0.0
VID09_s15_832_crop,frames_in_order,consecutive_annotated,normal,fragmentation_ge2,0.0
VID09_s15_832_crop,frames_in_order,consecutive_annotated,normal,fragmentation_mean,1.0
VID09_s15_832_crop,frames_in_order,consecutive_annotated,normal,gt_tracks_matched,7.0
VID09_s15_832_crop,frames_in_order,consecutive_annotated,normal,id_switch_rate,0.0
VID09_s15_832_crop,frames_in_order,consecutive_annotated,normal,matched_pairs,71.0
VID09_s15_832_crop,frames_in_order,consecutive_annotated,normal,reappear_events_judged,0.0
VID09_s15_832_crop,frames_in_order,consecutive_annotated,normal,reappear_same_class,
VID09_s15_832_crop,frames_in_order,consecutive_annotated,normal,reappear_same_gt,
VID09_s15_832_crop,frames_in_order,consecutive_annotated,normal,reappearance_rate,0.42857142857142855
VID09_s15_832_crop,frames_in_order,consecutive_annotated,normal,seeded_regions,7.0
VID09_s15_832_crop,frames_in_order,consecutive_annotated,normal,survival_backward,0.9047619047619049
VID09_s15_832_crop,frames_in_order,consecutive_annotated,normal,survival_forward,0.7755102040816327
VID09_s15_832_crop,frames_in_order,consecutive_annotated,rgb,class_switch_rate,0.0
VID09_s15_832_crop,frames_in_order,consecutive_annotated,rgb,fragmentation_ge2,0.0
VID09_s15_832_crop,frames_in_order,consecutive_annotated,rgb,fragmentation_mean,1.0
VID09_s15_832_crop,frames_in_order,consecutive_annotated,rgb,gt_tracks_matched,6.0
VID09_s15_832_crop,frames_in_order,consecutive_annotated,rgb,id_switch_rate,0.0
VID09_s15_832_crop,frames_in_order,consecutive_annotated,rgb,matched_pairs,57.0
VID09_s15_832_crop,frames_in_order,consecutive_annotated,rgb,reappear_events_judged,0.0
VID09_s15_832_crop,frames_in_order,consecutive_annotated,rgb,reappear_same_class,
VID09_s15_832_crop,frames_in_order,consecutive_annotated,rgb,reappear_same_gt,
VID09_s15_832_crop,frames_in_order,consecutive_annotated,rgb,reappearance_rate,0.5454545454545454
VID09_s15_832_crop,frames_in_order,consecutive_annotated,rgb,seeded_regions,11.0
VID09_s15_832_crop,frames_in_order,consecutive_annotated,rgb,survival_backward,0.8727272727272727
VID09_s15_832_crop,frames_in_order,consecutive_annotated,rgb,survival_forward,0.6428571428571428
VID12_s15_15750_crop,all,adjacent_samples,depth,class_switch_rate,0.0
VID12_s15_15750_crop,all,adjacent_samples,depth,fragmentation_ge2,0.0
VID12_s15_15750_crop,all,adjacent_samples,depth,fragmentation_mean,1.0
VID12_s15_15750_crop,all,adjacent_samples,depth,gt_tracks_matched,9.0
VID12_s15_15750_crop,all,adjacent_samples,depth,id_switch_rate,0.1282051282051282
VID12_s15_15750_crop,all,adjacent_samples,depth,matched_pairs,39.0
VID12_s15_15750_crop,all,adjacent_samples,depth,reappear_events_judged,0.0
VID12_s15_15750_crop,all,adjacent_samples,depth,reappear_same_class,
VID12_s15_15750_crop,all,adjacent_samples,depth,reappear_same_gt,
VID12_s15_15750_crop,all,adjacent_samples,depth,reappearance_rate,0.4
VID12_s15_15750_crop,all,adjacent_samples,depth,seeded_regions,10.0
VID12_s15_15750_crop,all,adjacent_samples,depth,survival_backward,0.76
VID12_s15_15750_crop,all,adjacent_samples,depth,survival_forward,0.9714285714285715
VID12_s15_15750_crop,all,adjacent_samples,normal,class_switch_rate,0.023255813953488372
VID12_s15_15750_crop,all,adjacent_samples,normal,fragmentation_ge2,0.0
VID12_s15_15750_crop,all,adjacent_samples,normal,fragmentation_mean,1.0
VID12_s15_15750_crop,all,adjacent_samples,normal,gt_tracks_matched,9.0
VID12_s15_15750_crop,all,adjacent_samples,normal,id_switch_rate,0.046511627906976744
VID12_s15_15750_crop,all,adjacent_samples,normal,matched_pairs,43.0
VID12_s15_15750_crop,all,adjacent_samples,normal,reappear_events_judged,0.0
VID12_s15_15750_crop,all,adjacent_samples,normal,reappear_same_class,
VID12_s15_15750_crop,all,adjacent_samples,normal,reappear_same_gt,
VID12_s15_15750_crop,all,adjacent_samples,normal,reappearance_rate,0.2
VID12_s15_15750_crop,all,adjacent_samples,normal,seeded_regions,10.0
VID12_s15_15750_crop,all,adjacent_samples,normal,survival_backward,0.7866666666666667
VID12_s15_15750_crop,all,adjacent_samples,normal,survival_forward,0.95
VID12_s15_15750_crop,all,adjacent_samples,rgb,class_switch_rate,0.0
VID12_s15_15750_crop,all,adjacent_samples,rgb,fragmentation_ge2,0.05
VID12_s15_15750_crop,all,adjacent_samples,rgb,fragmentation_mean,1.05
VID12_s15_15750_crop,all,adjacent_samples,rgb,gt_tracks_matched,20.0
VID12_s15_15750_crop,all,adjacent_samples,rgb,id_switch_rate,0.058823529411764705
VID12_s15_15750_crop,all,adjacent_samples,rgb,matched_pairs,85.0
VID12_s15_15750_crop,all,adjacent_samples,rgb,reappear_events_judged,0.0
VID12_s15_15750_crop,all,adjacent_samples,rgb,reappear_same_class,
VID12_s15_15750_crop,all,adjacent_samples,rgb,reappear_same_gt,
VID12_s15_15750_crop,all,adjacent_samples,rgb,reappearance_rate,0.41379310344827586
VID12_s15_15750_crop,all,adjacent_samples,rgb,seeded_regions,29.0
VID12_s15_15750_crop,all,adjacent_samples,rgb,survival_backward,0.8551724137931035
VID12_s15_15750_crop,all,adjacent_samples,rgb,survival_forward,0.9778325123152709
VID12_s15_15750_crop,all,consecutive_annotated,depth,class_switch_rate,0.0
VID12_s15_15750_crop,all,consecutive_annotated,depth,fragmentation_ge2,0.0
VID12_s15_15750_crop,all,consecutive_annotated,depth,fragmentation_mean,1.0
VID12_s15_15750_crop,all,consecutive_annotated,depth,gt_tracks_matched,9.0
VID12_s15_15750_crop,all,consecutive_annotated,depth,id_switch_rate,0.1282051282051282
VID12_s15_15750_crop,all,consecutive_annotated,depth,matched_pairs,39.0
VID12_s15_15750_crop,all,consecutive_annotated,depth,reappear_events_judged,0.0
VID12_s15_15750_crop,all,consecutive_annotated,depth,reappear_same_class,
VID12_s15_15750_crop,all,consecutive_annotated,depth,reappear_same_gt,
VID12_s15_15750_crop,all,consecutive_annotated,depth,reappearance_rate,0.4
VID12_s15_15750_crop,all,consecutive_annotated,depth,seeded_regions,10.0
VID12_s15_15750_crop,all,consecutive_annotated,depth,survival_backward,0.76
VID12_s15_15750_crop,all,consecutive_annotated,depth,survival_forward,0.9714285714285715
VID12_s15_15750_crop,all,consecutive_annotated,normal,class_switch_rate,0.023255813953488372
VID12_s15_15750_crop,all,consecutive_annotated,normal,fragmentation_ge2,0.0
VID12_s15_15750_crop,all,consecutive_annotated,normal,fragmentation_mean,1.0
VID12_s15_15750_crop,all,consecutive_annotated,normal,gt_tracks_matched,9.0
VID12_s15_15750_crop,all,consecutive_annotated,normal,id_switch_rate,0.046511627906976744
VID12_s15_15750_crop,all,consecutive_annotated,normal,matched_pairs,43.0
VID12_s15_15750_crop,all,consecutive_annotated,normal,reappear_events_judged,0.0
VID12_s15_15750_crop,all,consecutive_annotated,normal,reappear_same_class,
VID12_s15_15750_crop,all,consecutive_annotated,normal,reappear_same_gt,
VID12_s15_15750_crop,all,consecutive_annotated,normal,reappearance_rate,0.2
VID12_s15_15750_crop,all,consecutive_annotated,normal,seeded_regions,10.0
VID12_s15_15750_crop,all,consecutive_annotated,normal,survival_backward,0.7866666666666667
VID12_s15_15750_crop,all,consecutive_annotated,normal,survival_forward,0.95
VID12_s15_15750_crop,all,consecutive_annotated,rgb,class_switch_rate,0.0
VID12_s15_15750_crop,all,consecutive_annotated,rgb,fragmentation_ge2,0.05
VID12_s15_15750_crop,all,consecutive_annotated,rgb,fragmentation_mean,1.05
VID12_s15_15750_crop,all,consecutive_annotated,rgb,gt_tracks_matched,20.0
VID12_s15_15750_crop,all,consecutive_annotated,rgb,id_switch_rate,0.058823529411764705
VID12_s15_15750_crop,all,consecutive_annotated,rgb,matched_pairs,85.0
VID12_s15_15750_crop,all,consecutive_annotated,rgb,reappear_events_judged,0.0
VID12_s15_15750_crop,all,consecutive_annotated,rgb,reappear_same_class,
VID12_s15_15750_crop,all,consecutive_annotated,rgb,reappear_same_gt,
VID12_s15_15750_crop,all,consecutive_annotated,rgb,reappearance_rate,0.41379310344827586
VID12_s15_15750_crop,all,consecutive_annotated,rgb,seeded_regions,29.0
VID12_s15_15750_crop,all,consecutive_annotated,rgb,survival_backward,0.8551724137931035
VID12_s15_15750_crop,all,consecutive_annotated,rgb,survival_forward,0.9778325123152709
VID12_s15_15750_crop,frames_in_order,adjacent_samples,depth,class_switch_rate,0.0
VID12_s15_15750_crop,frames_in_order,adjacent_samples,depth,fragmentation_ge2,0.0
VID12_s15_15750_crop,frames_in_order,adjacent_samples,depth,fragmentation_mean,1.0
VID12_s15_15750_crop,frames_in_order,adjacent_samples,depth,gt_tracks_matched,9.0
VID12_s15_15750_crop,frames_in_order,adjacent_samples,depth,id_switch_rate,0.1282051282051282
VID12_s15_15750_crop,frames_in_order,adjacent_samples,depth,matched_pairs,39.0
VID12_s15_15750_crop,frames_in_order,adjacent_samples,depth,reappear_events_judged,0.0
VID12_s15_15750_crop,frames_in_order,adjacent_samples,depth,reappear_same_class,
VID12_s15_15750_crop,frames_in_order,adjacent_samples,depth,reappear_same_gt,
VID12_s15_15750_crop,frames_in_order,adjacent_samples,depth,reappearance_rate,0.4
VID12_s15_15750_crop,frames_in_order,adjacent_samples,depth,seeded_regions,10.0
VID12_s15_15750_crop,frames_in_order,adjacent_samples,depth,survival_backward,0.76
VID12_s15_15750_crop,frames_in_order,adjacent_samples,depth,survival_forward,0.9714285714285715
VID12_s15_15750_crop,frames_in_order,adjacent_samples,normal,class_switch_rate,0.023255813953488372
VID12_s15_15750_crop,frames_in_order,adjacent_samples,normal,fragmentation_ge2,0.0
VID12_s15_15750_crop,frames_in_order,adjacent_samples,normal,fragmentation_mean,1.0
VID12_s15_15750_crop,frames_in_order,adjacent_samples,normal,gt_tracks_matched,9.0
VID12_s15_15750_crop,frames_in_order,adjacent_samples,normal,id_switch_rate,0.046511627906976744
VID12_s15_15750_crop,frames_in_order,adjacent_samples,normal,matched_pairs,43.0
VID12_s15_15750_crop,frames_in_order,adjacent_samples,normal,reappear_events_judged,0.0
VID12_s15_15750_crop,frames_in_order,adjacent_samples,normal,reappear_same_class,
VID12_s15_15750_crop,frames_in_order,adjacent_samples,normal,reappear_same_gt,
VID12_s15_15750_crop,frames_in_order,adjacent_samples,normal,reappearance_rate,0.2
VID12_s15_15750_crop,frames_in_order,adjacent_samples,normal,seeded_regions,10.0
VID12_s15_15750_crop,frames_in_order,adjacent_samples,normal,survival_backward,0.7866666666666667
VID12_s15_15750_crop,frames_in_order,adjacent_samples,normal,survival_forward,0.95
VID12_s15_15750_crop,frames_in_order,adjacent_samples,rgb,class_switch_rate,0.0
VID12_s15_15750_crop,frames_in_order,adjacent_samples,rgb,fragmentation_ge2,0.05
VID12_s15_15750_crop,frames_in_order,adjacent_samples,rgb,fragmentation_mean,1.05
VID12_s15_15750_crop,frames_in_order,adjacent_samples,rgb,gt_tracks_matched,20.0
VID12_s15_15750_crop,frames_in_order,adjacent_samples,rgb,id_switch_rate,0.058823529411764705
VID12_s15_15750_crop,frames_in_order,adjacent_samples,rgb,matched_pairs,85.0
VID12_s15_15750_crop,frames_in_order,adjacent_samples,rgb,reappear_events_judged,0.0
VID12_s15_15750_crop,frames_in_order,adjacent_samples,rgb,reappear_same_class,
VID12_s15_15750_crop,frames_in_order,adjacent_samples,rgb,reappear_same_gt,
VID12_s15_15750_crop,frames_in_order,adjacent_samples,rgb,reappearance_rate,0.41379310344827586
VID12_s15_15750_crop,frames_in_order,adjacent_samples,rgb,seeded_regions,29.0
VID12_s15_15750_crop,frames_in_order,adjacent_samples,rgb,survival_backward,0.8551724137931035
VID12_s15_15750_crop,frames_in_order,adjacent_samples,rgb,survival_forward,0.9778325123152709
VID12_s15_15750_crop,frames_in_order,consecutive_annotated,depth,class_switch_rate,0.0
VID12_s15_15750_crop,frames_in_order,consecutive_annotated,depth,fragmentation_ge2,0.0
VID12_s15_15750_crop,frames_in_order,consecutive_annotated,depth,fragmentation_mean,1.0
VID12_s15_15750_crop,frames_in_order,consecutive_annotated,depth,gt_tracks_matched,9.0
VID12_s15_15750_crop,frames_in_order,consecutive_annotated,depth,id_switch_rate,0.1282051282051282
VID12_s15_15750_crop,frames_in_order,consecutive_annotated,depth,matched_pairs,39.0
VID12_s15_15750_crop,frames_in_order,consecutive_annotated,depth,reappear_events_judged,0.0
VID12_s15_15750_crop,frames_in_order,consecutive_annotated,depth,reappear_same_class,
VID12_s15_15750_crop,frames_in_order,consecutive_annotated,depth,reappear_same_gt,
VID12_s15_15750_crop,frames_in_order,consecutive_annotated,depth,reappearance_rate,0.4
VID12_s15_15750_crop,frames_in_order,consecutive_annotated,depth,seeded_regions,10.0
VID12_s15_15750_crop,frames_in_order,consecutive_annotated,depth,survival_backward,0.76
VID12_s15_15750_crop,frames_in_order,consecutive_annotated,depth,survival_forward,0.9714285714285715
VID12_s15_15750_crop,frames_in_order,consecutive_annotated,normal,class_switch_rate,0.023255813953488372
VID12_s15_15750_crop,frames_in_order,consecutive_annotated,normal,fragmentation_ge2,0.0
VID12_s15_15750_crop,frames_in_order,consecutive_annotated,normal,fragmentation_mean,1.0
VID12_s15_15750_crop,frames_in_order,consecutive_annotated,normal,gt_tracks_matched,9.0
VID12_s15_15750_crop,frames_in_order,consecutive_annotated,normal,id_switch_rate,0.046511627906976744
VID12_s15_15750_crop,frames_in_order,consecutive_annotated,normal,matched_pairs,43.0
VID12_s15_15750_crop,frames_in_order,consecutive_annotated,normal,reappear_events_judged,0.0
VID12_s15_15750_crop,frames_in_order,consecutive_annotated,normal,reappear_same_class,
VID12_s15_15750_crop,frames_in_order,consecutive_annotated,normal,reappear_same_gt,
VID12_s15_15750_crop,frames_in_order,consecutive_annotated,normal,reappearance_rate,0.2
VID12_s15_15750_crop,frames_in_order,consecutive_annotated,normal,seeded_regions,10.0
VID12_s15_15750_crop,frames_in_order,consecutive_annotated,normal,survival_backward,0.7866666666666667
VID12_s15_15750_crop,frames_in_order,consecutive_annotated,normal,survival_forward,0.95
VID12_s15_15750_crop,frames_in_order,consecutive_annotated,rgb,class_switch_rate,0.0
VID12_s15_15750_crop,frames_in_order,consecutive_annotated,rgb,fragmentation_ge2,0.05
VID12_s15_15750_crop,frames_in_order,consecutive_annotated,rgb,fragmentation_mean,1.05
VID12_s15_15750_crop,frames_in_order,consecutive_annotated,rgb,gt_tracks_matched,20.0
VID12_s15_15750_crop,frames_in_order,consecutive_annotated,rgb,id_switch_rate,0.058823529411764705
VID12_s15_15750_crop,frames_in_order,consecutive_annotated,rgb,matched_pairs,85.0
VID12_s15_15750_crop,frames_in_order,consecutive_annotated,rgb,reappear_events_judged,0.0
VID12_s15_15750_crop,frames_in_order,consecutive_annotated,rgb,reappear_same_class,
VID12_s15_15750_crop,frames_in_order,consecutive_annotated,rgb,reappear_same_gt,
VID12_s15_15750_crop,frames_in_order,consecutive_annotated,rgb,reappearance_rate,0.41379310344827586
VID12_s15_15750_crop,frames_in_order,consecutive_annotated,rgb,seeded_regions,29.0
VID12_s15_15750_crop,frames_in_order,consecutive_annotated,rgb,survival_backward,0.8551724137931035
VID12_s15_15750_crop,frames_in_order,consecutive_annotated,rgb,survival_forward,0.9778325123152709
VID12_s15_19500_crop,all,adjacent_samples,depth,class_switch_rate,0.05263157894736842
VID12_s15_19500_crop,all,adjacent_samples,depth,fragmentation_ge2,0.0625
VID12_s15_19500_crop,all,adjacent_samples,depth,fragmentation_mean,1.0625
VID12_s15_19500_crop,all,adjacent_samples,depth,gt_tracks_matched,16.0
VID12_s15_19500_crop,all,adjacent_samples,depth,id_switch_rate,0.10526315789473684
VID12_s15_19500_crop,all,adjacent_samples,depth,matched_pairs,38.0
VID12_s15_19500_crop,all,adjacent_samples,depth,reappear_events_judged,2.0
VID12_s15_19500_crop,all,adjacent_samples,depth,reappear_same_class,0.5
VID12_s15_19500_crop,all,adjacent_samples,depth,reappear_same_gt,0.0
VID12_s15_19500_crop,all,adjacent_samples,depth,reappearance_rate,0.3
VID12_s15_19500_crop,all,adjacent_samples,depth,seeded_regions,10.0
VID12_s15_19500_crop,all,adjacent_samples,depth,survival_backward,0.7533333333333333
VID12_s15_19500_crop,all,adjacent_samples,depth,survival_forward,0.9071428571428571
VID12_s15_19500_crop,all,adjacent_samples,normal,class_switch_rate,0.0
VID12_s15_19500_crop,all,adjacent_samples,normal,fragmentation_ge2,0.0
VID12_s15_19500_crop,all,adjacent_samples,normal,fragmentation_mean,1.0
VID12_s15_19500_crop,all,adjacent_samples,normal,gt_tracks_matched,12.0
VID12_s15_19500_crop,all,adjacent_samples,normal,id_switch_rate,0.017543859649122806
VID12_s15_19500_crop,all,adjacent_samples,normal,matched_pairs,57.0
VID12_s15_19500_crop,all,adjacent_samples,normal,reappear_events_judged,4.0
VID12_s15_19500_crop,all,adjacent_samples,normal,reappear_same_class,0.25
VID12_s15_19500_crop,all,adjacent_samples,normal,reappear_same_gt,0.0
VID12_s15_19500_crop,all,adjacent_samples,normal,reappearance_rate,0.3333333333333333
VID12_s15_19500_crop,all,adjacent_samples,normal,seeded_regions,6.0
VID12_s15_19500_crop,all,adjacent_samples,normal,survival_backward,0.9333333333333332
VID12_s15_19500_crop,all,adjacent_samples,normal,survival_forward,0.9404761904761906
VID12_s15_19500_crop,all,adjacent_samples,rgb,class_switch_rate,0.016260162601626018
VID12_s15_19500_crop,all,adjacent_samples,rgb,fragmentation_ge2,0.14814814814814814
VID12_s15_19500_crop,all,adjacent_samples,rgb,fragmentation_mean,1.1481481481481481
VID12_s15_19500_crop,all,adjacent_samples,rgb,gt_tracks_matched,27.0
VID12_s15_19500_crop,all,adjacent_samples,rgb,id_switch_rate,0.04065040650406504
VID12_s15_19500_crop,all,adjacent_samples,rgb,matched_pairs,123.0
VID12_s15_19500_crop,all,adjacent_samples,rgb,reappear_events_judged,2.0
VID12_s15_19500_crop,all,adjacent_samples,rgb,reappear_same_class,0.5
VID12_s15_19500_crop,all,adjacent_samples,rgb,reappear_same_gt,0.0
VID12_s15_19500_crop,all,adjacent_samples,rgb,reappearance_rate,0.5185185185185185
VID12_s15_19500_crop,all,adjacent_samples,rgb,seeded_regions,27.0
VID12_s15_19500_crop,all,adjacent_samples,rgb,survival_backward,0.7777777777777778
VID12_s15_19500_crop,all,adjacent_samples,rgb,survival_forward,0.8306878306878308
VID12_s15_19500_crop,all,consecutive_annotated,depth,class_switch_rate,0.05
VID12_s15_19500_crop,all,consecutive_annotated,depth,fragmentation_ge2,0.07142857142857142
VID12_s15_19500_crop,all,consecutive_annotated,depth,fragmentation_mean,1.0714285714285714
VID12_s15_19500_crop,all,consecutive_annotated,depth,gt_tracks_matched,14.0
VID12_s15_19500_crop,all,consecutive_annotated,depth,id_switch_rate,0.1
VID12_s15_19500_crop,all,consecutive_annotated,depth,matched_pairs,40.0
VID12_s15_19500_crop,all,consecutive_annotated,depth,reappear_events_judged,2.0
VID12_s15_19500_crop,all,consecutive_annotated,depth,reappear_same_class,0.5
VID12_s15_19500_crop,all,consecutive_annotated,depth,reappear_same_gt,0.0
VID12_s15_19500_crop,all,consecutive_annotated,depth,reappearance_rate,0.3
VID12_s15_19500_crop,all,consecutive_annotated,depth,seeded_regions,10.0
VID12_s15_19500_crop,all,consecutive_annotated,depth,survival_backward,0.7533333333333333
VID12_s15_19500_crop,all,consecutive_annotated,depth,survival_forward,0.9071428571428571
VID12_s15_19500_crop,all,consecutive_annotated,normal,class_switch_rate,0.0
VID12_s15_19500_crop,all,consecutive_annotated,normal,fragmentation_ge2,0.0
VID12_s15_19500_crop,all,consecutive_annotated,normal,fragmentation_mean,1.0
VID12_s15_19500_crop,all,consecutive_annotated,normal,gt_tracks_matched,10.0
VID12_s15_19500_crop,all,consecutive_annotated,normal,id_switch_rate,0.01694915254237288
VID12_s15_19500_crop,all,consecutive_annotated,normal,matched_pairs,59.0
VID12_s15_19500_crop,all,consecutive_annotated,normal,reappear_events_judged,4.0
VID12_s15_19500_crop,all,consecutive_annotated,normal,reappear_same_class,0.25
VID12_s15_19500_crop,all,consecutive_annotated,normal,reappear_same_gt,0.0
VID12_s15_19500_crop,all,consecutive_annotated,normal,reappearance_rate,0.3333333333333333
VID12_s15_19500_crop,all,consecutive_annotated,normal,seeded_regions,6.0
VID12_s15_19500_crop,all,consecutive_annotated,normal,survival_backward,0.9333333333333332
VID12_s15_19500_crop,all,consecutive_annotated,normal,survival_forward,0.9404761904761906
VID12_s15_19500_crop,all,consecutive_annotated,rgb,class_switch_rate,0.015625
VID12_s15_19500_crop,all,consecutive_annotated,rgb,fragmentation_ge2,0.17391304347826086
VID12_s15_19500_crop,all,consecutive_annotated,rgb,fragmentation_mean,1.173913043478261
VID12_s15_19500_crop,all,consecutive_annotated,rgb,gt_tracks_matched,23.0
VID12_s15_19500_crop,all,consecutive_annotated,rgb,id_switch_rate,0.046875
VID12_s15_19500_crop,all,consecutive_annotated,rgb,matched_pairs,128.0
VID12_s15_19500_crop,all,consecutive_annotated,rgb,reappear_events_judged,2.0
VID12_s15_19500_crop,all,consecutive_annotated,rgb,reappear_same_class,0.5
VID12_s15_19500_crop,all,consecutive_annotated,rgb,reappear_same_gt,0.0
VID12_s15_19500_crop,all,consecutive_annotated,rgb,reappearance_rate,0.5185185185185185
VID12_s15_19500_crop,all,consecutive_annotated,rgb,seeded_regions,27.0
VID12_s15_19500_crop,all,consecutive_annotated,rgb,survival_backward,0.7777777777777778
VID12_s15_19500_crop,all,consecutive_annotated,rgb,survival_forward,0.8306878306878308
VID12_s15_19500_crop,frames_in_order,adjacent_samples,depth,class_switch_rate,0.05263157894736842
VID12_s15_19500_crop,frames_in_order,adjacent_samples,depth,fragmentation_ge2,0.0625
VID12_s15_19500_crop,frames_in_order,adjacent_samples,depth,fragmentation_mean,1.0625
VID12_s15_19500_crop,frames_in_order,adjacent_samples,depth,gt_tracks_matched,16.0
VID12_s15_19500_crop,frames_in_order,adjacent_samples,depth,id_switch_rate,0.10526315789473684
VID12_s15_19500_crop,frames_in_order,adjacent_samples,depth,matched_pairs,38.0
VID12_s15_19500_crop,frames_in_order,adjacent_samples,depth,reappear_events_judged,2.0
VID12_s15_19500_crop,frames_in_order,adjacent_samples,depth,reappear_same_class,0.5
VID12_s15_19500_crop,frames_in_order,adjacent_samples,depth,reappear_same_gt,0.0
VID12_s15_19500_crop,frames_in_order,adjacent_samples,depth,reappearance_rate,0.3
VID12_s15_19500_crop,frames_in_order,adjacent_samples,depth,seeded_regions,10.0
VID12_s15_19500_crop,frames_in_order,adjacent_samples,depth,survival_backward,0.7533333333333333
VID12_s15_19500_crop,frames_in_order,adjacent_samples,depth,survival_forward,0.9071428571428571
VID12_s15_19500_crop,frames_in_order,adjacent_samples,normal,class_switch_rate,0.0
VID12_s15_19500_crop,frames_in_order,adjacent_samples,normal,fragmentation_ge2,0.0
VID12_s15_19500_crop,frames_in_order,adjacent_samples,normal,fragmentation_mean,1.0
VID12_s15_19500_crop,frames_in_order,adjacent_samples,normal,gt_tracks_matched,12.0
VID12_s15_19500_crop,frames_in_order,adjacent_samples,normal,id_switch_rate,0.017543859649122806
VID12_s15_19500_crop,frames_in_order,adjacent_samples,normal,matched_pairs,57.0
VID12_s15_19500_crop,frames_in_order,adjacent_samples,normal,reappear_events_judged,4.0
VID12_s15_19500_crop,frames_in_order,adjacent_samples,normal,reappear_same_class,0.25
VID12_s15_19500_crop,frames_in_order,adjacent_samples,normal,reappear_same_gt,0.0
VID12_s15_19500_crop,frames_in_order,adjacent_samples,normal,reappearance_rate,0.3333333333333333
VID12_s15_19500_crop,frames_in_order,adjacent_samples,normal,seeded_regions,6.0
VID12_s15_19500_crop,frames_in_order,adjacent_samples,normal,survival_backward,0.9333333333333332
VID12_s15_19500_crop,frames_in_order,adjacent_samples,normal,survival_forward,0.9404761904761906
VID12_s15_19500_crop,frames_in_order,adjacent_samples,rgb,class_switch_rate,0.016260162601626018
VID12_s15_19500_crop,frames_in_order,adjacent_samples,rgb,fragmentation_ge2,0.14814814814814814
VID12_s15_19500_crop,frames_in_order,adjacent_samples,rgb,fragmentation_mean,1.1481481481481481
VID12_s15_19500_crop,frames_in_order,adjacent_samples,rgb,gt_tracks_matched,27.0
VID12_s15_19500_crop,frames_in_order,adjacent_samples,rgb,id_switch_rate,0.04065040650406504
VID12_s15_19500_crop,frames_in_order,adjacent_samples,rgb,matched_pairs,123.0
VID12_s15_19500_crop,frames_in_order,adjacent_samples,rgb,reappear_events_judged,2.0
VID12_s15_19500_crop,frames_in_order,adjacent_samples,rgb,reappear_same_class,0.5
VID12_s15_19500_crop,frames_in_order,adjacent_samples,rgb,reappear_same_gt,0.0
VID12_s15_19500_crop,frames_in_order,adjacent_samples,rgb,reappearance_rate,0.5185185185185185
VID12_s15_19500_crop,frames_in_order,adjacent_samples,rgb,seeded_regions,27.0
VID12_s15_19500_crop,frames_in_order,adjacent_samples,rgb,survival_backward,0.7777777777777778
VID12_s15_19500_crop,frames_in_order,adjacent_samples,rgb,survival_forward,0.8306878306878308
VID12_s15_19500_crop,frames_in_order,consecutive_annotated,depth,class_switch_rate,0.05
VID12_s15_19500_crop,frames_in_order,consecutive_annotated,depth,fragmentation_ge2,0.07142857142857142
VID12_s15_19500_crop,frames_in_order,consecutive_annotated,depth,fragmentation_mean,1.0714285714285714
VID12_s15_19500_crop,frames_in_order,consecutive_annotated,depth,gt_tracks_matched,14.0
VID12_s15_19500_crop,frames_in_order,consecutive_annotated,depth,id_switch_rate,0.1
VID12_s15_19500_crop,frames_in_order,consecutive_annotated,depth,matched_pairs,40.0
VID12_s15_19500_crop,frames_in_order,consecutive_annotated,depth,reappear_events_judged,2.0
VID12_s15_19500_crop,frames_in_order,consecutive_annotated,depth,reappear_same_class,0.5
VID12_s15_19500_crop,frames_in_order,consecutive_annotated,depth,reappear_same_gt,0.0
VID12_s15_19500_crop,frames_in_order,consecutive_annotated,depth,reappearance_rate,0.3
VID12_s15_19500_crop,frames_in_order,consecutive_annotated,depth,seeded_regions,10.0
VID12_s15_19500_crop,frames_in_order,consecutive_annotated,depth,survival_backward,0.7533333333333333
VID12_s15_19500_crop,frames_in_order,consecutive_annotated,depth,survival_forward,0.9071428571428571
VID12_s15_19500_crop,frames_in_order,consecutive_annotated,normal,class_switch_rate,0.0
VID12_s15_19500_crop,frames_in_order,consecutive_annotated,normal,fragmentation_ge2,0.0
VID12_s15_19500_crop,frames_in_order,consecutive_annotated,normal,fragmentation_mean,1.0
VID12_s15_19500_crop,frames_in_order,consecutive_annotated,normal,gt_tracks_matched,10.0
VID12_s15_19500_crop,frames_in_order,consecutive_annotated,normal,id_switch_rate,0.01694915254237288
VID12_s15_19500_crop,frames_in_order,consecutive_annotated,normal,matched_pairs,59.0
VID12_s15_19500_crop,frames_in_order,consecutive_annotated,normal,reappear_events_judged,4.0
VID12_s15_19500_crop,frames_in_order,consecutive_annotated,normal,reappear_same_class,0.25
VID12_s15_19500_crop,frames_in_order,consecutive_annotated,normal,reappear_same_gt,0.0
VID12_s15_19500_crop,frames_in_order,consecutive_annotated,normal,reappearance_rate,0.3333333333333333
VID12_s15_19500_crop,frames_in_order,consecutive_annotated,normal,seeded_regions,6.0
VID12_s15_19500_crop,frames_in_order,consecutive_annotated,normal,survival_backward,0.9333333333333332
VID12_s15_19500_crop,frames_in_order,consecutive_annotated,normal,survival_forward,0.9404761904761906
VID12_s15_19500_crop,frames_in_order,consecutive_annotated,rgb,class_switch_rate,0.015625
VID12_s15_19500_crop,frames_in_order,consecutive_annotated,rgb,fragmentation_ge2,0.17391304347826086
VID12_s15_19500_crop,frames_in_order,consecutive_annotated,rgb,fragmentation_mean,1.173913043478261
VID12_s15_19500_crop,frames_in_order,consecutive_annotated,rgb,gt_tracks_matched,23.0
VID12_s15_19500_crop,frames_in_order,consecutive_annotated,rgb,id_switch_rate,0.046875
VID12_s15_19500_crop,frames_in_order,consecutive_annotated,rgb,matched_pairs,128.0
VID12_s15_19500_crop,frames_in_order,consecutive_annotated,rgb,reappear_events_judged,2.0
VID12_s15_19500_crop,frames_in_order,consecutive_annotated,rgb,reappear_same_class,0.5
VID12_s15_19500_crop,frames_in_order,consecutive_annotated,rgb,reappear_same_gt,0.0
VID12_s15_19500_crop,frames_in_order,consecutive_annotated,rgb,reappearance_rate,0.5185185185185185
VID12_s15_19500_crop,frames_in_order,consecutive_annotated,rgb,seeded_regions,27.0
VID12_s15_19500_crop,frames_in_order,consecutive_annotated,rgb,survival_backward,0.7777777777777778
VID12_s15_19500_crop,frames_in_order,consecutive_annotated,rgb,survival_forward,0.8306878306878308
VID12_s15_19900_crop,all,adjacent_samples,depth,class_switch_rate,0.0
VID12_s15_19900_crop,all,adjacent_samples,depth,fragmentation_ge2,0.1111111111111111
VID12_s15_19900_crop,all,adjacent_samples,depth,fragmentation_mean,1.1111111111111112
VID12_s15_19900_crop,all,adjacent_samples,depth,gt_tracks_matched,9.0
VID12_s15_19900_crop,all,adjacent_samples,depth,id_switch_rate,0.0
VID12_s15_19900_crop,all,adjacent_samples,depth,matched_pairs,43.0
VID12_s15_19900_crop,all,adjacent_samples,depth,reappear_events_judged,0.0
VID12_s15_19900_crop,all,adjacent_samples,depth,reappear_same_class,
VID12_s15_19900_crop,all,adjacent_samples,depth,reappear_same_gt,
VID12_s15_19900_crop,all,adjacent_samples,depth,reappearance_rate,0.3333333333333333
VID12_s15_19900_crop,all,adjacent_samples,depth,seeded_regions,9.0
VID12_s15_19900_crop,all,adjacent_samples,depth,survival_backward,0.9407407407407408
VID12_s15_19900_crop,all,adjacent_samples,depth,survival_forward,0.8571428571428572
VID12_s15_19900_crop,all,adjacent_samples,normal,class_switch_rate,0.0
VID12_s15_19900_crop,all,adjacent_samples,normal,fragmentation_ge2,0.0
VID12_s15_19900_crop,all,adjacent_samples,normal,fragmentation_mean,1.0
VID12_s15_19900_crop,all,adjacent_samples,normal,gt_tracks_matched,8.0
VID12_s15_19900_crop,all,adjacent_samples,normal,id_switch_rate,0.02564102564102564
VID12_s15_19900_crop,all,adjacent_samples,normal,matched_pairs,39.0
VID12_s15_19900_crop,all,adjacent_samples,normal,reappear_events_judged,0.0
VID12_s15_19900_crop,all,adjacent_samples,normal,reappear_same_class,
VID12_s15_19900_crop,all,adjacent_samples,normal,reappear_same_gt,
VID12_s15_19900_crop,all,adjacent_samples,normal,reappearance_rate,0.4
VID12_s15_19900_crop,all,adjacent_samples,normal,seeded_regions,10.0
VID12_s15_19900_crop,all,adjacent_samples,normal,survival_backward,0.8733333333333334
VID12_s15_19900_crop,all,adjacent_samples,normal,survival_forward,0.9357142857142857
VID12_s15_19900_crop,all,adjacent_samples,rgb,class_switch_rate,0.0
VID12_s15_19900_crop,all,adjacent_samples,rgb,fragmentation_ge2,0.14285714285714285
VID12_s15_19900_crop,all,adjacent_samples,rgb,fragmentation_mean,1.1428571428571428
VID12_s15_19900_crop,all,adjacent_samples,rgb,gt_tracks_matched,14.0
VID12_s15_19900_crop,all,adjacent_samples,rgb,id_switch_rate,0.015384615384615385
VID12_s15_19900_crop,all,adjacent_samples,rgb,matched_pairs,65.0
VID12_s15_19900_crop,all,adjacent_samples,rgb,reappear_events_judged,1.0
VID12_s15_19900_crop,all,adjacent_samples,rgb,reappear_same_class,0.0
VID12_s15_19900_crop,all,adjacent_samples,rgb,reappear_same_gt,0.0
VID12_s15_19900_crop,all,adjacent_samples,rgb,reappearance_rate,0.3076923076923077
VID12_s15_19900_crop,all,adjacent_samples,rgb,seeded_regions,26.0
VID12_s15_19900_crop,all,adjacent_samples,rgb,survival_backward,0.8871794871794871
VID12_s15_19900_crop,all,adjacent_samples,rgb,survival_forward,0.8763736263736264
VID12_s15_19900_crop,all,consecutive_annotated,depth,class_switch_rate,0.0
VID12_s15_19900_crop,all,consecutive_annotated,depth,fragmentation_ge2,0.1111111111111111
VID12_s15_19900_crop,all,consecutive_annotated,depth,fragmentation_mean,1.1111111111111112
VID12_s15_19900_crop,all,consecutive_annotated,depth,gt_tracks_matched,9.0
VID12_s15_19900_crop,all,consecutive_annotated,depth,id_switch_rate,0.0
VID12_s15_19900_crop,all,consecutive_annotated,depth,matched_pairs,43.0
VID12_s15_19900_crop,all,consecutive_annotated,depth,reappear_events_judged,0.0
VID12_s15_19900_crop,all,consecutive_annotated,depth,reappear_same_class,
VID12_s15_19900_crop,all,consecutive_annotated,depth,reappear_same_gt,
VID12_s15_19900_crop,all,consecutive_annotated,depth,reappearance_rate,0.3333333333333333
VID12_s15_19900_crop,all,consecutive_annotated,depth,seeded_regions,9.0
VID12_s15_19900_crop,all,consecutive_annotated,depth,survival_backward,0.9407407407407408
VID12_s15_19900_crop,all,consecutive_annotated,depth,survival_forward,0.8571428571428572
VID12_s15_19900_crop,all,consecutive_annotated,normal,class_switch_rate,0.0
VID12_s15_19900_crop,all,consecutive_annotated,normal,fragmentation_ge2,0.0
VID12_s15_19900_crop,all,consecutive_annotated,normal,fragmentation_mean,1.0
VID12_s15_19900_crop,all,consecutive_annotated,normal,gt_tracks_matched,8.0
VID12_s15_19900_crop,all,consecutive_annotated,normal,id_switch_rate,0.02564102564102564
VID12_s15_19900_crop,all,consecutive_annotated,normal,matched_pairs,39.0
VID12_s15_19900_crop,all,consecutive_annotated,normal,reappear_events_judged,0.0
VID12_s15_19900_crop,all,consecutive_annotated,normal,reappear_same_class,
VID12_s15_19900_crop,all,consecutive_annotated,normal,reappear_same_gt,
VID12_s15_19900_crop,all,consecutive_annotated,normal,reappearance_rate,0.4
VID12_s15_19900_crop,all,consecutive_annotated,normal,seeded_regions,10.0
VID12_s15_19900_crop,all,consecutive_annotated,normal,survival_backward,0.8733333333333334
VID12_s15_19900_crop,all,consecutive_annotated,normal,survival_forward,0.9357142857142857
VID12_s15_19900_crop,all,consecutive_annotated,rgb,class_switch_rate,0.0
VID12_s15_19900_crop,all,consecutive_annotated,rgb,fragmentation_ge2,0.14285714285714285
VID12_s15_19900_crop,all,consecutive_annotated,rgb,fragmentation_mean,1.1428571428571428
VID12_s15_19900_crop,all,consecutive_annotated,rgb,gt_tracks_matched,14.0
VID12_s15_19900_crop,all,consecutive_annotated,rgb,id_switch_rate,0.015384615384615385
VID12_s15_19900_crop,all,consecutive_annotated,rgb,matched_pairs,65.0
VID12_s15_19900_crop,all,consecutive_annotated,rgb,reappear_events_judged,1.0
VID12_s15_19900_crop,all,consecutive_annotated,rgb,reappear_same_class,0.0
VID12_s15_19900_crop,all,consecutive_annotated,rgb,reappear_same_gt,0.0
VID12_s15_19900_crop,all,consecutive_annotated,rgb,reappearance_rate,0.3076923076923077
VID12_s15_19900_crop,all,consecutive_annotated,rgb,seeded_regions,26.0
VID12_s15_19900_crop,all,consecutive_annotated,rgb,survival_backward,0.8871794871794871
VID12_s15_19900_crop,all,consecutive_annotated,rgb,survival_forward,0.8763736263736264
VID12_s15_19900_crop,frames_in_order,adjacent_samples,depth,class_switch_rate,0.0
VID12_s15_19900_crop,frames_in_order,adjacent_samples,depth,fragmentation_ge2,0.1111111111111111
VID12_s15_19900_crop,frames_in_order,adjacent_samples,depth,fragmentation_mean,1.1111111111111112
VID12_s15_19900_crop,frames_in_order,adjacent_samples,depth,gt_tracks_matched,9.0
VID12_s15_19900_crop,frames_in_order,adjacent_samples,depth,id_switch_rate,0.0
VID12_s15_19900_crop,frames_in_order,adjacent_samples,depth,matched_pairs,43.0
VID12_s15_19900_crop,frames_in_order,adjacent_samples,depth,reappear_events_judged,0.0
VID12_s15_19900_crop,frames_in_order,adjacent_samples,depth,reappear_same_class,
VID12_s15_19900_crop,frames_in_order,adjacent_samples,depth,reappear_same_gt,
VID12_s15_19900_crop,frames_in_order,adjacent_samples,depth,reappearance_rate,0.3333333333333333
VID12_s15_19900_crop,frames_in_order,adjacent_samples,depth,seeded_regions,9.0
VID12_s15_19900_crop,frames_in_order,adjacent_samples,depth,survival_backward,0.9407407407407408
VID12_s15_19900_crop,frames_in_order,adjacent_samples,depth,survival_forward,0.8571428571428572
VID12_s15_19900_crop,frames_in_order,adjacent_samples,normal,class_switch_rate,0.0
VID12_s15_19900_crop,frames_in_order,adjacent_samples,normal,fragmentation_ge2,0.0
VID12_s15_19900_crop,frames_in_order,adjacent_samples,normal,fragmentation_mean,1.0
VID12_s15_19900_crop,frames_in_order,adjacent_samples,normal,gt_tracks_matched,8.0
VID12_s15_19900_crop,frames_in_order,adjacent_samples,normal,id_switch_rate,0.02564102564102564
VID12_s15_19900_crop,frames_in_order,adjacent_samples,normal,matched_pairs,39.0
VID12_s15_19900_crop,frames_in_order,adjacent_samples,normal,reappear_events_judged,0.0
VID12_s15_19900_crop,frames_in_order,adjacent_samples,normal,reappear_same_class,
VID12_s15_19900_crop,frames_in_order,adjacent_samples,normal,reappear_same_gt,
VID12_s15_19900_crop,frames_in_order,adjacent_samples,normal,reappearance_rate,0.4
VID12_s15_19900_crop,frames_in_order,adjacent_samples,normal,seeded_regions,10.0
VID12_s15_19900_crop,frames_in_order,adjacent_samples,normal,survival_backward,0.8733333333333334
VID12_s15_19900_crop,frames_in_order,adjacent_samples,normal,survival_forward,0.9357142857142857
VID12_s15_19900_crop,frames_in_order,adjacent_samples,rgb,class_switch_rate,0.0
VID12_s15_19900_crop,frames_in_order,adjacent_samples,rgb,fragmentation_ge2,0.14285714285714285
VID12_s15_19900_crop,frames_in_order,adjacent_samples,rgb,fragmentation_mean,1.1428571428571428
VID12_s15_19900_crop,frames_in_order,adjacent_samples,rgb,gt_tracks_matched,14.0
VID12_s15_19900_crop,frames_in_order,adjacent_samples,rgb,id_switch_rate,0.015384615384615385
VID12_s15_19900_crop,frames_in_order,adjacent_samples,rgb,matched_pairs,65.0
VID12_s15_19900_crop,frames_in_order,adjacent_samples,rgb,reappear_events_judged,1.0
VID12_s15_19900_crop,frames_in_order,adjacent_samples,rgb,reappear_same_class,0.0
VID12_s15_19900_crop,frames_in_order,adjacent_samples,rgb,reappear_same_gt,0.0
VID12_s15_19900_crop,frames_in_order,adjacent_samples,rgb,reappearance_rate,0.3076923076923077
VID12_s15_19900_crop,frames_in_order,adjacent_samples,rgb,seeded_regions,26.0
VID12_s15_19900_crop,frames_in_order,adjacent_samples,rgb,survival_backward,0.8871794871794871
VID12_s15_19900_crop,frames_in_order,adjacent_samples,rgb,survival_forward,0.8763736263736264
VID12_s15_19900_crop,frames_in_order,consecutive_annotated,depth,class_switch_rate,0.0
VID12_s15_19900_crop,frames_in_order,consecutive_annotated,depth,fragmentation_ge2,0.1111111111111111
VID12_s15_19900_crop,frames_in_order,consecutive_annotated,depth,fragmentation_mean,1.1111111111111112
VID12_s15_19900_crop,frames_in_order,consecutive_annotated,depth,gt_tracks_matched,9.0
VID12_s15_19900_crop,frames_in_order,consecutive_annotated,depth,id_switch_rate,0.0
VID12_s15_19900_crop,frames_in_order,consecutive_annotated,depth,matched_pairs,43.0
VID12_s15_19900_crop,frames_in_order,consecutive_annotated,depth,reappear_events_judged,0.0
VID12_s15_19900_crop,frames_in_order,consecutive_annotated,depth,reappear_same_class,
VID12_s15_19900_crop,frames_in_order,consecutive_annotated,depth,reappear_same_gt,
VID12_s15_19900_crop,frames_in_order,consecutive_annotated,depth,reappearance_rate,0.3333333333333333
VID12_s15_19900_crop,frames_in_order,consecutive_annotated,depth,seeded_regions,9.0
VID12_s15_19900_crop,frames_in_order,consecutive_annotated,depth,survival_backward,0.9407407407407408
VID12_s15_19900_crop,frames_in_order,consecutive_annotated,depth,survival_forward,0.8571428571428572
VID12_s15_19900_crop,frames_in_order,consecutive_annotated,normal,class_switch_rate,0.0
VID12_s15_19900_crop,frames_in_order,consecutive_annotated,normal,fragmentation_ge2,0.0
VID12_s15_19900_crop,frames_in_order,consecutive_annotated,normal,fragmentation_mean,1.0
VID12_s15_19900_crop,frames_in_order,consecutive_annotated,normal,gt_tracks_matched,8.0
VID12_s15_19900_crop,frames_in_order,consecutive_annotated,normal,id_switch_rate,0.02564102564102564
VID12_s15_19900_crop,frames_in_order,consecutive_annotated,normal,matched_pairs,39.0
VID12_s15_19900_crop,frames_in_order,consecutive_annotated,normal,reappear_events_judged,0.0
VID12_s15_19900_crop,frames_in_order,consecutive_annotated,normal,reappear_same_class,
VID12_s15_19900_crop,frames_in_order,consecutive_annotated,normal,reappear_same_gt,
VID12_s15_19900_crop,frames_in_order,consecutive_annotated,normal,reappearance_rate,0.4
VID12_s15_19900_crop,frames_in_order,consecutive_annotated,normal,seeded_regions,10.0
VID12_s15_19900_crop,frames_in_order,consecutive_annotated,normal,survival_backward,0.8733333333333334
VID12_s15_19900_crop,frames_in_order,consecutive_annotated,normal,survival_forward,0.9357142857142857
VID12_s15_19900_crop,frames_in_order,consecutive_annotated,rgb,class_switch_rate,0.0
VID12_s15_19900_crop,frames_in_order,consecutive_annotated,rgb,fragmentation_ge2,0.14285714285714285
VID12_s15_19900_crop,frames_in_order,consecutive_annotated,rgb,fragmentation_mean,1.1428571428571428
VID12_s15_19900_crop,frames_in_order,consecutive_annotated,rgb,gt_tracks_matched,14.0
VID12_s15_19900_crop,frames_in_order,consecutive_annotated,rgb,id_switch_rate,0.015384615384615385
VID12_s15_19900_crop,frames_in_order,consecutive_annotated,rgb,matched_pairs,65.0
VID12_s15_19900_crop,frames_in_order,consecutive_annotated,rgb,reappear_events_judged,1.0
VID12_s15_19900_crop,frames_in_order,consecutive_annotated,rgb,reappear_same_class,0.0
VID12_s15_19900_crop,frames_in_order,consecutive_annotated,rgb,reappear_same_gt,0.0
VID12_s15_19900_crop,frames_in_order,consecutive_annotated,rgb,reappearance_rate,0.3076923076923077
VID12_s15_19900_crop,frames_in_order,consecutive_annotated,rgb,seeded_regions,26.0
VID12_s15_19900_crop,frames_in_order,consecutive_annotated,rgb,survival_backward,0.8871794871794871
VID12_s15_19900_crop,frames_in_order,consecutive_annotated,rgb,survival_forward,0.8763736263736264
VID17_s15_1563_crop,all,adjacent_samples,depth,class_switch_rate,0.02666666666666667
VID17_s15_1563_crop,all,adjacent_samples,depth,fragmentation_ge2,0.08333333333333333
VID17_s15_1563_crop,all,adjacent_samples,depth,fragmentation_mean,1.0833333333333333
VID17_s15_1563_crop,all,adjacent_samples,depth,gt_tracks_matched,24.0
VID17_s15_1563_crop,all,adjacent_samples,depth,id_switch_rate,0.10666666666666667
VID17_s15_1563_crop,all,adjacent_samples,depth,matched_pairs,75.0
VID17_s15_1563_crop,all,adjacent_samples,depth,reappear_events_judged,0.0
VID17_s15_1563_crop,all,adjacent_samples,depth,reappear_same_class,
VID17_s15_1563_crop,all,adjacent_samples,depth,reappear_same_gt,
VID17_s15_1563_crop,all,adjacent_samples,depth,reappearance_rate,0.3
VID17_s15_1563_crop,all,adjacent_samples,depth,seeded_regions,10.0
VID17_s15_1563_crop,all,adjacent_samples,depth,survival_backward,0.8933333333333333
VID17_s15_1563_crop,all,adjacent_samples,depth,survival_forward,0.55
VID17_s15_1563_crop,all,adjacent_samples,normal,class_switch_rate,0.0
VID17_s15_1563_crop,all,adjacent_samples,normal,fragmentation_ge2,0.037037037037037035
VID17_s15_1563_crop,all,adjacent_samples,normal,fragmentation_mean,1.037037037037037
VID17_s15_1563_crop,all,adjacent_samples,normal,gt_tracks_matched,27.0
VID17_s15_1563_crop,all,adjacent_samples,normal,id_switch_rate,0.06930693069306931
VID17_s15_1563_crop,all,adjacent_samples,normal,matched_pairs,101.0
VID17_s15_1563_crop,all,adjacent_samples,normal,reappear_events_judged,1.0
VID17_s15_1563_crop,all,adjacent_samples,normal,reappear_same_class,1.0
VID17_s15_1563_crop,all,adjacent_samples,normal,reappear_same_gt,1.0
VID17_s15_1563_crop,all,adjacent_samples,normal,reappearance_rate,0.2222222222222222
VID17_s15_1563_crop,all,adjacent_samples,normal,seeded_regions,9.0
VID17_s15_1563_crop,all,adjacent_samples,normal,survival_backward,0.9481481481481482
VID17_s15_1563_crop,all,adjacent_samples,normal,survival_forward,0.6507936507936507
VID17_s15_1563_crop,all,adjacent_samples,rgb,class_switch_rate,0.0
VID17_s15_1563_crop,all,adjacent_samples,rgb,fragmentation_ge2,0.0625
VID17_s15_1563_crop,all,adjacent_samples,rgb,fragmentation_mean,1.0625
VID17_s15_1563_crop,all,adjacent_samples,rgb,gt_tracks_matched,32.0
VID17_s15_1563_crop,all,adjacent_samples,rgb,id_switch_rate,0.06611570247933884
VID17_s15_1563_crop,all,adjacent_samples,rgb,matched_pairs,121.0
VID17_s15_1563_crop,all,adjacent_samples,rgb,reappear_events_judged,2.0
VID17_s15_1563_crop,all,adjacent_samples,rgb,reappear_same_class,0.5
VID17_s15_1563_crop,all,adjacent_samples,rgb,reappear_same_gt,0.0
VID17_s15_1563_crop,all,adjacent_samples,rgb,reappearance_rate,0.3333333333333333
VID17_s15_1563_crop,all,adjacent_samples,rgb,seeded_regions,12.0
VID17_s15_1563_crop,all,adjacent_samples,rgb,survival_backward,0.9388888888888888
VID17_s15_1563_crop,all,adjacent_samples,rgb,survival_forward,0.5952380952380952
VID17_s15_1563_crop,all,consecutive_annotated,depth,class_switch_rate,0.04878048780487805
VID17_s15_1563_crop,all,consecutive_annotated,depth,fragmentation_ge2,0.1111111111111111
VID17_s15_1563_crop,all,consecutive_annotated,depth,fragmentation_mean,1.1111111111111112
VID17_s15_1563_crop,all,consecutive_annotated,depth,gt_tracks_matched,18.0
VID17_s15_1563_crop,all,consecutive_annotated,depth,id_switch_rate,0.14634146341463414
VID17_s15_1563_crop,all,consecutive_annotated,depth,matched_pairs,82.0
VID17_s15_1563_crop,all,consecutive_annotated,depth,reappear_events_judged,0.0
VID17_s15_1563_crop,all,consecutive_annotated,depth,reappear_same_class,
VID17_s15_1563_crop,all,consecutive_annotated,depth,reappear_same_gt,
VID17_s15_1563_crop,all,consecutive_annotated,depth,reappearance_rate,0.3
VID17_s15_1563_crop,all,consecutive_annotated,depth,seeded_regions,10.0
VID17_s15_1563_crop,all,consecutive_annotated,depth,survival_backward,0.8933333333333333
VID17_s15_1563_crop,all,consecutive_annotated,depth,survival_forward,0.55
VID17_s15_1563_crop,all,consecutive_annotated,normal,class_switch_rate,0.0
VID17_s15_1563_crop,all,consecutive_annotated,normal,fragmentation_ge2,0.10526315789473684
VID17_s15_1563_crop,all,consecutive_annotated,normal,fragmentation_mean,1.105263157894737
VID17_s15_1563_crop,all,consecutive_annotated,normal,gt_tracks_matched,19.0
VID17_s15_1563_crop,all,consecutive_annotated,normal,id_switch_rate,0.0990990990990991
VID17_s15_1563_crop,all,consecutive_annotated,normal,matched_pairs,111.0
VID17_s15_1563_crop,all,consecutive_annotated,normal,reappear_events_judged,1.0
VID17_s15_1563_crop,all,consecutive_annotated,normal,reappear_same_class,1.0
VID17_s15_1563_crop,all,consecutive_annotated,normal,reappear_same_gt,1.0
VID17_s15_1563_crop,all,consecutive_annotated,normal,reappearance_rate,0.2222222222222222
VID17_s15_1563_crop,all,consecutive_annotated,normal,seeded_regions,9.0
VID17_s15_1563_crop,all,consecutive_annotated,normal,survival_backward,0.9481481481481482
VID17_s15_1563_crop,all,consecutive_annotated,normal,survival_forward,0.6507936507936507
VID17_s15_1563_crop,all,consecutive_annotated,rgb,class_switch_rate,0.007633587786259542
VID17_s15_1563_crop,all,consecutive_annotated,rgb,fragmentation_ge2,0.08695652173913043
VID17_s15_1563_crop,all,consecutive_annotated,rgb,fragmentation_mean,1.0869565217391304
VID17_s15_1563_crop,all,consecutive_annotated,rgb,gt_tracks_matched,23.0
VID17_s15_1563_crop,all,consecutive_annotated,rgb,id_switch_rate,0.08396946564885496
VID17_s15_1563_crop,all,consecutive_annotated,rgb,matched_pairs,131.0
VID17_s15_1563_crop,all,consecutive_annotated,rgb,reappear_events_judged,2.0
VID17_s15_1563_crop,all,consecutive_annotated,rgb,reappear_same_class,0.5
VID17_s15_1563_crop,all,consecutive_annotated,rgb,reappear_same_gt,0.5
VID17_s15_1563_crop,all,consecutive_annotated,rgb,reappearance_rate,0.3333333333333333
VID17_s15_1563_crop,all,consecutive_annotated,rgb,seeded_regions,12.0
VID17_s15_1563_crop,all,consecutive_annotated,rgb,survival_backward,0.9388888888888888
VID17_s15_1563_crop,all,consecutive_annotated,rgb,survival_forward,0.5952380952380952
VID18_s15_979_crop,all,adjacent_samples,depth,class_switch_rate,0.0196078431372549
VID18_s15_979_crop,all,adjacent_samples,depth,fragmentation_ge2,0.0
VID18_s15_979_crop,all,adjacent_samples,depth,fragmentation_mean,1.0
VID18_s15_979_crop,all,adjacent_samples,depth,gt_tracks_matched,14.0
VID18_s15_979_crop,all,adjacent_samples,depth,id_switch_rate,0.0392156862745098
VID18_s15_979_crop,all,adjacent_samples,depth,matched_pairs,51.0
VID18_s15_979_crop,all,adjacent_samples,depth,reappear_events_judged,0.0
VID18_s15_979_crop,all,adjacent_samples,depth,reappear_same_class,
VID18_s15_979_crop,all,adjacent_samples,depth,reappear_same_gt,
VID18_s15_979_crop,all,adjacent_samples,depth,reappearance_rate,0.0
VID18_s15_979_crop,all,adjacent_samples,depth,seeded_regions,7.0
VID18_s15_979_crop,all,adjacent_samples,depth,survival_backward,1.0
VID18_s15_979_crop,all,adjacent_samples,depth,survival_forward,1.0
VID18_s15_979_crop,all,adjacent_samples,normal,class_switch_rate,0.0
VID18_s15_979_crop,all,adjacent_samples,normal,fragmentation_ge2,0.047619047619047616
VID18_s15_979_crop,all,adjacent_samples,normal,fragmentation_mean,1.0476190476190477
VID18_s15_979_crop,all,adjacent_samples,normal,gt_tracks_matched,21.0
VID18_s15_979_crop,all,adjacent_samples,normal,id_switch_rate,0.014492753623188406
VID18_s15_979_crop,all,adjacent_samples,normal,matched_pairs,69.0
VID18_s15_979_crop,all,adjacent_samples,normal,reappear_events_judged,0.0
VID18_s15_979_crop,all,adjacent_samples,normal,reappear_same_class,
VID18_s15_979_crop,all,adjacent_samples,normal,reappear_same_gt,
VID18_s15_979_crop,all,adjacent_samples,normal,reappearance_rate,0.06666666666666667
VID18_s15_979_crop,all,adjacent_samples,normal,seeded_regions,15.0
VID18_s15_979_crop,all,adjacent_samples,normal,survival_backward,0.9422222222222222
VID18_s15_979_crop,all,adjacent_samples,normal,survival_forward,0.9380952380952381
VID18_s15_979_crop,all,adjacent_samples,rgb,class_switch_rate,0.0
VID18_s15_979_crop,all,adjacent_samples,rgb,fragmentation_ge2,0.1
VID18_s15_979_crop,all,adjacent_samples,rgb,fragmentation_mean,1.1
VID18_s15_979_crop,all,adjacent_samples,rgb,gt_tracks_matched,20.0
VID18_s15_979_crop,all,adjacent_samples,rgb,id_switch_rate,0.028985507246376812
VID18_s15_979_crop,all,adjacent_samples,rgb,matched_pairs,69.0
VID18_s15_979_crop,all,adjacent_samples,rgb,reappear_events_judged,0.0
VID18_s15_979_crop,all,adjacent_samples,rgb,reappear_same_class,
VID18_s15_979_crop,all,adjacent_samples,rgb,reappear_same_gt,
VID18_s15_979_crop,all,adjacent_samples,rgb,reappearance_rate,0.0
VID18_s15_979_crop,all,adjacent_samples,rgb,seeded_regions,17.0
VID18_s15_979_crop,all,adjacent_samples,rgb,survival_backward,1.0
VID18_s15_979_crop,all,adjacent_samples,rgb,survival_forward,1.0
VID18_s15_979_crop,all,consecutive_annotated,depth,class_switch_rate,0.017543859649122806
VID18_s15_979_crop,all,consecutive_annotated,depth,fragmentation_ge2,0.0
VID18_s15_979_crop,all,consecutive_annotated,depth,fragmentation_mean,1.0
VID18_s15_979_crop,all,consecutive_annotated,depth,gt_tracks_matched,8.0
VID18_s15_979_crop,all,consecutive_annotated,depth,id_switch_rate,0.03508771929824561
VID18_s15_979_crop,all,consecutive_annotated,depth,matched_pairs,57.0
VID18_s15_979_crop,all,consecutive_annotated,depth,reappear_events_judged,0.0
VID18_s15_979_crop,all,consecutive_annotated,depth,reappear_same_class,
VID18_s15_979_crop,all,consecutive_annotated,depth,reappear_same_gt,
VID18_s15_979_crop,all,consecutive_annotated,depth,reappearance_rate,0.0
VID18_s15_979_crop,all,consecutive_annotated,depth,seeded_regions,7.0
VID18_s15_979_crop,all,consecutive_annotated,depth,survival_backward,1.0
VID18_s15_979_crop,all,consecutive_annotated,depth,survival_forward,1.0
VID18_s15_979_crop,all,consecutive_annotated,normal,class_switch_rate,0.0
VID18_s15_979_crop,all,consecutive_annotated,normal,fragmentation_ge2,0.15384615384615385
VID18_s15_979_crop,all,consecutive_annotated,normal,fragmentation_mean,1.1538461538461537
VID18_s15_979_crop,all,consecutive_annotated,normal,gt_tracks_matched,13.0
VID18_s15_979_crop,all,consecutive_annotated,normal,id_switch_rate,0.013157894736842105
VID18_s15_979_crop,all,consecutive_annotated,normal,matched_pairs,76.0
VID18_s15_979_crop,all,consecutive_annotated,normal,reappear_events_judged,0.0
VID18_s15_979_crop,all,consecutive_annotated,normal,reappear_same_class,
VID18_s15_979_crop,all,consecutive_annotated,normal,reappear_same_gt,
VID18_s15_979_crop,all,consecutive_annotated,normal,reappearance_rate,0.06666666666666667
VID18_s15_979_crop,all,consecutive_annotated,normal,seeded_regions,15.0
VID18_s15_979_crop,all,consecutive_annotated,normal,survival_backward,0.9422222222222222
VID18_s15_979_crop,all,consecutive_annotated,normal,survival_forward,0.9380952380952381
VID18_s15_979_crop,all,consecutive_annotated,rgb,class_switch_rate,0.0
VID18_s15_979_crop,all,consecutive_annotated,rgb,fragmentation_ge2,0.25
VID18_s15_979_crop,all,consecutive_annotated,rgb,fragmentation_mean,1.25
VID18_s15_979_crop,all,consecutive_annotated,rgb,gt_tracks_matched,12.0
VID18_s15_979_crop,all,consecutive_annotated,rgb,id_switch_rate,0.02666666666666667
VID18_s15_979_crop,all,consecutive_annotated,rgb,matched_pairs,75.0
VID18_s15_979_crop,all,consecutive_annotated,rgb,reappear_events_judged,0.0
VID18_s15_979_crop,all,consecutive_annotated,rgb,reappear_same_class,
VID18_s15_979_crop,all,consecutive_annotated,rgb,reappear_same_gt,
VID18_s15_979_crop,all,consecutive_annotated,rgb,reappearance_rate,0.0
VID18_s15_979_crop,all,consecutive_annotated,rgb,seeded_regions,17.0
VID18_s15_979_crop,all,consecutive_annotated,rgb,survival_backward,1.0
VID18_s15_979_crop,all,consecutive_annotated,rgb,survival_forward,1.0
VID20_s15_3260_crop,all,adjacent_samples,depth,class_switch_rate,0.0
VID20_s15_3260_crop,all,adjacent_samples,depth,fragmentation_ge2,0.0
VID20_s15_3260_crop,all,adjacent_samples,depth,fragmentation_mean,1.0
VID20_s15_3260_crop,all,adjacent_samples,depth,gt_tracks_matched,8.0
VID20_s15_3260_crop,all,adjacent_samples,depth,id_switch_rate,0.0
VID20_s15_3260_crop,all,adjacent_samples,depth,matched_pairs,66.0
VID20_s15_3260_crop,all,adjacent_samples,depth,reappear_events_judged,1.0
VID20_s15_3260_crop,all,adjacent_samples,depth,reappear_same_class,1.0
VID20_s15_3260_crop,all,adjacent_samples,depth,reappear_same_gt,0.0
VID20_s15_3260_crop,all,adjacent_samples,depth,reappearance_rate,0.25
VID20_s15_3260_crop,all,adjacent_samples,depth,seeded_regions,8.0
VID20_s15_3260_crop,all,adjacent_samples,depth,survival_backward,0.95
VID20_s15_3260_crop,all,adjacent_samples,depth,survival_forward,0.9821428571428572
VID20_s15_3260_crop,all,adjacent_samples,normal,class_switch_rate,0.0
VID20_s15_3260_crop,all,adjacent_samples,normal,fragmentation_ge2,0.0
VID20_s15_3260_crop,all,adjacent_samples,normal,fragmentation_mean,1.0
VID20_s15_3260_crop,all,adjacent_samples,normal,gt_tracks_matched,9.0
VID20_s15_3260_crop,all,adjacent_samples,normal,id_switch_rate,0.0
VID20_s15_3260_crop,all,adjacent_samples,normal,matched_pairs,60.0
VID20_s15_3260_crop,all,adjacent_samples,normal,reappear_events_judged,1.0
VID20_s15_3260_crop,all,adjacent_samples,normal,reappear_same_class,1.0
VID20_s15_3260_crop,all,adjacent_samples,normal,reappear_same_gt,0.0
VID20_s15_3260_crop,all,adjacent_samples,normal,reappearance_rate,0.2222222222222222
VID20_s15_3260_crop,all,adjacent_samples,normal,seeded_regions,9.0
VID20_s15_3260_crop,all,adjacent_samples,normal,survival_backward,0.9037037037037037
VID20_s15_3260_crop,all,adjacent_samples,normal,survival_forward,0.8809523809523809
VID20_s15_3260_crop,all,adjacent_samples,rgb,class_switch_rate,0.0
VID20_s15_3260_crop,all,adjacent_samples,rgb,fragmentation_ge2,0.0
VID20_s15_3260_crop,all,adjacent_samples,rgb,fragmentation_mean,1.0
VID20_s15_3260_crop,all,adjacent_samples,rgb,gt_tracks_matched,13.0
VID20_s15_3260_crop,all,adjacent_samples,rgb,id_switch_rate,0.0
VID20_s15_3260_crop,all,adjacent_samples,rgb,matched_pairs,69.0
VID20_s15_3260_crop,all,adjacent_samples,rgb,reappear_events_judged,1.0
VID20_s15_3260_crop,all,adjacent_samples,rgb,reappear_same_class,1.0
VID20_s15_3260_crop,all,adjacent_samples,rgb,reappear_same_gt,0.0
VID20_s15_3260_crop,all,adjacent_samples,rgb,reappearance_rate,0.2222222222222222
VID20_s15_3260_crop,all,adjacent_samples,rgb,seeded_regions,18.0
VID20_s15_3260_crop,all,adjacent_samples,rgb,survival_backward,0.9481481481481482
VID20_s15_3260_crop,all,adjacent_samples,rgb,survival_forward,0.8928571428571428
VID20_s15_3260_crop,all,consecutive_annotated,depth,class_switch_rate,0.0
VID20_s15_3260_crop,all,consecutive_annotated,depth,fragmentation_ge2,0.0
VID20_s15_3260_crop,all,consecutive_annotated,depth,fragmentation_mean,1.0
VID20_s15_3260_crop,all,consecutive_annotated,depth,gt_tracks_matched,8.0
VID20_s15_3260_crop,all,consecutive_annotated,depth,id_switch_rate,0.0
VID20_s15_3260_crop,all,consecutive_annotated,depth,matched_pairs,66.0
VID20_s15_3260_crop,all,consecutive_annotated,depth,reappear_events_judged,1.0
VID20_s15_3260_crop,all,consecutive_annotated,depth,reappear_same_class,1.0
VID20_s15_3260_crop,all,consecutive_annotated,depth,reappear_same_gt,0.0
VID20_s15_3260_crop,all,consecutive_annotated,depth,reappearance_rate,0.25
VID20_s15_3260_crop,all,consecutive_annotated,depth,seeded_regions,8.0
VID20_s15_3260_crop,all,consecutive_annotated,depth,survival_backward,0.95
VID20_s15_3260_crop,all,consecutive_annotated,depth,survival_forward,0.9821428571428572
VID20_s15_3260_crop,all,consecutive_annotated,normal,class_switch_rate,0.0
VID20_s15_3260_crop,all,consecutive_annotated,normal,fragmentation_ge2,0.0
VID20_s15_3260_crop,all,consecutive_annotated,normal,fragmentation_mean,1.0
VID20_s15_3260_crop,all,consecutive_annotated,normal,gt_tracks_matched,9.0
VID20_s15_3260_crop,all,consecutive_annotated,normal,id_switch_rate,0.0
VID20_s15_3260_crop,all,consecutive_annotated,normal,matched_pairs,60.0
VID20_s15_3260_crop,all,consecutive_annotated,normal,reappear_events_judged,1.0
VID20_s15_3260_crop,all,consecutive_annotated,normal,reappear_same_class,1.0
VID20_s15_3260_crop,all,consecutive_annotated,normal,reappear_same_gt,0.0
VID20_s15_3260_crop,all,consecutive_annotated,normal,reappearance_rate,0.2222222222222222
VID20_s15_3260_crop,all,consecutive_annotated,normal,seeded_regions,9.0
VID20_s15_3260_crop,all,consecutive_annotated,normal,survival_backward,0.9037037037037037
VID20_s15_3260_crop,all,consecutive_annotated,normal,survival_forward,0.8809523809523809
VID20_s15_3260_crop,all,consecutive_annotated,rgb,class_switch_rate,0.0
VID20_s15_3260_crop,all,consecutive_annotated,rgb,fragmentation_ge2,0.0
VID20_s15_3260_crop,all,consecutive_annotated,rgb,fragmentation_mean,1.0
VID20_s15_3260_crop,all,consecutive_annotated,rgb,gt_tracks_matched,13.0
VID20_s15_3260_crop,all,consecutive_annotated,rgb,id_switch_rate,0.0
VID20_s15_3260_crop,all,consecutive_annotated,rgb,matched_pairs,69.0
VID20_s15_3260_crop,all,consecutive_annotated,rgb,reappear_events_judged,1.0
VID20_s15_3260_crop,all,consecutive_annotated,rgb,reappear_same_class,1.0
VID20_s15_3260_crop,all,consecutive_annotated,rgb,reappear_same_gt,0.0
VID20_s15_3260_crop,all,consecutive_annotated,rgb,reappearance_rate,0.2222222222222222
VID20_s15_3260_crop,all,consecutive_annotated,rgb,seeded_regions,18.0
VID20_s15_3260_crop,all,consecutive_annotated,rgb,survival_backward,0.9481481481481482
VID20_s15_3260_crop,all,consecutive_annotated,rgb,survival_forward,0.8928571428571428
VID20_s15_3260_crop,frames_in_order,adjacent_samples,depth,class_switch_rate,0.0
VID20_s15_3260_crop,frames_in_order,adjacent_samples,depth,fragmentation_ge2,0.0
VID20_s15_3260_crop,frames_in_order,adjacent_samples,depth,fragmentation_mean,1.0
VID20_s15_3260_crop,frames_in_order,adjacent_samples,depth,gt_tracks_matched,8.0
VID20_s15_3260_crop,frames_in_order,adjacent_samples,depth,id_switch_rate,0.0
VID20_s15_3260_crop,frames_in_order,adjacent_samples,depth,matched_pairs,66.0
VID20_s15_3260_crop,frames_in_order,adjacent_samples,depth,reappear_events_judged,1.0
VID20_s15_3260_crop,frames_in_order,adjacent_samples,depth,reappear_same_class,1.0
VID20_s15_3260_crop,frames_in_order,adjacent_samples,depth,reappear_same_gt,0.0
VID20_s15_3260_crop,frames_in_order,adjacent_samples,depth,reappearance_rate,0.25
VID20_s15_3260_crop,frames_in_order,adjacent_samples,depth,seeded_regions,8.0
VID20_s15_3260_crop,frames_in_order,adjacent_samples,depth,survival_backward,0.95
VID20_s15_3260_crop,frames_in_order,adjacent_samples,depth,survival_forward,0.9821428571428572
VID20_s15_3260_crop,frames_in_order,adjacent_samples,normal,class_switch_rate,0.0
VID20_s15_3260_crop,frames_in_order,adjacent_samples,normal,fragmentation_ge2,0.0
VID20_s15_3260_crop,frames_in_order,adjacent_samples,normal,fragmentation_mean,1.0
VID20_s15_3260_crop,frames_in_order,adjacent_samples,normal,gt_tracks_matched,9.0
VID20_s15_3260_crop,frames_in_order,adjacent_samples,normal,id_switch_rate,0.0
VID20_s15_3260_crop,frames_in_order,adjacent_samples,normal,matched_pairs,60.0
VID20_s15_3260_crop,frames_in_order,adjacent_samples,normal,reappear_events_judged,1.0
VID20_s15_3260_crop,frames_in_order,adjacent_samples,normal,reappear_same_class,1.0
VID20_s15_3260_crop,frames_in_order,adjacent_samples,normal,reappear_same_gt,0.0
VID20_s15_3260_crop,frames_in_order,adjacent_samples,normal,reappearance_rate,0.2222222222222222
VID20_s15_3260_crop,frames_in_order,adjacent_samples,normal,seeded_regions,9.0
VID20_s15_3260_crop,frames_in_order,adjacent_samples,normal,survival_backward,0.9037037037037037
VID20_s15_3260_crop,frames_in_order,adjacent_samples,normal,survival_forward,0.8809523809523809
VID20_s15_3260_crop,frames_in_order,adjacent_samples,rgb,class_switch_rate,0.0
VID20_s15_3260_crop,frames_in_order,adjacent_samples,rgb,fragmentation_ge2,0.0
VID20_s15_3260_crop,frames_in_order,adjacent_samples,rgb,fragmentation_mean,1.0
VID20_s15_3260_crop,frames_in_order,adjacent_samples,rgb,gt_tracks_matched,13.0
VID20_s15_3260_crop,frames_in_order,adjacent_samples,rgb,id_switch_rate,0.0
VID20_s15_3260_crop,frames_in_order,adjacent_samples,rgb,matched_pairs,69.0
VID20_s15_3260_crop,frames_in_order,adjacent_samples,rgb,reappear_events_judged,1.0
VID20_s15_3260_crop,frames_in_order,adjacent_samples,rgb,reappear_same_class,1.0
VID20_s15_3260_crop,frames_in_order,adjacent_samples,rgb,reappear_same_gt,0.0
VID20_s15_3260_crop,frames_in_order,adjacent_samples,rgb,reappearance_rate,0.2222222222222222
VID20_s15_3260_crop,frames_in_order,adjacent_samples,rgb,seeded_regions,18.0
VID20_s15_3260_crop,frames_in_order,adjacent_samples,rgb,survival_backward,0.9481481481481482
VID20_s15_3260_crop,frames_in_order,adjacent_samples,rgb,survival_forward,0.8928571428571428
VID20_s15_3260_crop,frames_in_order,consecutive_annotated,depth,class_switch_rate,0.0
VID20_s15_3260_crop,frames_in_order,consecutive_annotated,depth,fragmentation_ge2,0.0
VID20_s15_3260_crop,frames_in_order,consecutive_annotated,depth,fragmentation_mean,1.0
VID20_s15_3260_crop,frames_in_order,consecutive_annotated,depth,gt_tracks_matched,8.0
VID20_s15_3260_crop,frames_in_order,consecutive_annotated,depth,id_switch_rate,0.0
VID20_s15_3260_crop,frames_in_order,consecutive_annotated,depth,matched_pairs,66.0
VID20_s15_3260_crop,frames_in_order,consecutive_annotated,depth,reappear_events_judged,1.0
VID20_s15_3260_crop,frames_in_order,consecutive_annotated,depth,reappear_same_class,1.0
VID20_s15_3260_crop,frames_in_order,consecutive_annotated,depth,reappear_same_gt,0.0
VID20_s15_3260_crop,frames_in_order,consecutive_annotated,depth,reappearance_rate,0.25
VID20_s15_3260_crop,frames_in_order,consecutive_annotated,depth,seeded_regions,8.0
VID20_s15_3260_crop,frames_in_order,consecutive_annotated,depth,survival_backward,0.95
VID20_s15_3260_crop,frames_in_order,consecutive_annotated,depth,survival_forward,0.9821428571428572
VID20_s15_3260_crop,frames_in_order,consecutive_annotated,normal,class_switch_rate,0.0
VID20_s15_3260_crop,frames_in_order,consecutive_annotated,normal,fragmentation_ge2,0.0
VID20_s15_3260_crop,frames_in_order,consecutive_annotated,normal,fragmentation_mean,1.0
VID20_s15_3260_crop,frames_in_order,consecutive_annotated,normal,gt_tracks_matched,9.0
VID20_s15_3260_crop,frames_in_order,consecutive_annotated,normal,id_switch_rate,0.0
VID20_s15_3260_crop,frames_in_order,consecutive_annotated,normal,matched_pairs,60.0
VID20_s15_3260_crop,frames_in_order,consecutive_annotated,normal,reappear_events_judged,1.0
VID20_s15_3260_crop,frames_in_order,consecutive_annotated,normal,reappear_same_class,1.0
VID20_s15_3260_crop,frames_in_order,consecutive_annotated,normal,reappear_same_gt,0.0
VID20_s15_3260_crop,frames_in_order,consecutive_annotated,normal,reappearance_rate,0.2222222222222222
VID20_s15_3260_crop,frames_in_order,consecutive_annotated,normal,seeded_regions,9.0
VID20_s15_3260_crop,frames_in_order,consecutive_annotated,normal,survival_backward,0.9037037037037037
VID20_s15_3260_crop,frames_in_order,consecutive_annotated,normal,survival_forward,0.8809523809523809
VID20_s15_3260_crop,frames_in_order,consecutive_annotated,rgb,class_switch_rate,0.0
VID20_s15_3260_crop,frames_in_order,consecutive_annotated,rgb,fragmentation_ge2,0.0
VID20_s15_3260_crop,frames_in_order,consecutive_annotated,rgb,fragmentation_mean,1.0
VID20_s15_3260_crop,frames_in_order,consecutive_annotated,rgb,gt_tracks_matched,13.0
VID20_s15_3260_crop,frames_in_order,consecutive_annotated,rgb,id_switch_rate,0.0
VID20_s15_3260_crop,frames_in_order,consecutive_annotated,rgb,matched_pairs,69.0
VID20_s15_3260_crop,frames_in_order,consecutive_annotated,rgb,reappear_events_judged,1.0
VID20_s15_3260_crop,frames_in_order,consecutive_annotated,rgb,reappear_same_class,1.0
VID20_s15_3260_crop,frames_in_order,consecutive_annotated,rgb,reappear_same_gt,0.0
VID20_s15_3260_crop,frames_in_order,consecutive_annotated,rgb,reappearance_rate,0.2222222222222222
VID20_s15_3260_crop,frames_in_order,consecutive_annotated,rgb,seeded_regions,18.0
VID20_s15_3260_crop,frames_in_order,consecutive_annotated,rgb,survival_backward,0.9481481481481482
VID20_s15_3260_crop,frames_in_order,consecutive_annotated,rgb,survival_forward,0.8928571428571428
VID24_s15_0_crop,all,adjacent_samples,depth,class_switch_rate,0.0
VID24_s15_0_crop,all,adjacent_samples,depth,fragmentation_ge2,0.3333333333333333
VID24_s15_0_crop,all,adjacent_samples,depth,fragmentation_mean,1.3333333333333333
VID24_s15_0_crop,all,adjacent_samples,depth,gt_tracks_matched,6.0
VID24_s15_0_crop,all,adjacent_samples,depth,id_switch_rate,0.0
VID24_s15_0_crop,all,adjacent_samples,depth,matched_pairs,28.0
VID24_s15_0_crop,all,adjacent_samples,depth,reappear_events_judged,1.0
VID24_s15_0_crop,all,adjacent_samples,depth,reappear_same_class,1.0
VID24_s15_0_crop,all,adjacent_samples,depth,reappear_same_gt,0.0
VID24_s15_0_crop,all,adjacent_samples,depth,reappearance_rate,0.75
VID24_s15_0_crop,all,adjacent_samples,depth,seeded_regions,4.0
VID24_s15_0_crop,all,adjacent_samples,depth,survival_backward,1.0
VID24_s15_0_crop,all,adjacent_samples,depth,survival_forward,0.7321428571428572
VID24_s15_0_crop,all,adjacent_samples,normal,class_switch_rate,0.0
VID24_s15_0_crop,all,adjacent_samples,normal,fragmentation_ge2,0.3333333333333333
VID24_s15_0_crop,all,adjacent_samples,normal,fragmentation_mean,1.3333333333333333
VID24_s15_0_crop,all,adjacent_samples,normal,gt_tracks_matched,6.0
VID24_s15_0_crop,all,adjacent_samples,normal,id_switch_rate,0.0
VID24_s15_0_crop,all,adjacent_samples,normal,matched_pairs,46.0
VID24_s15_0_crop,all,adjacent_samples,normal,reappear_events_judged,0.0
VID24_s15_0_crop,all,adjacent_samples,normal,reappear_same_class,
VID24_s15_0_crop,all,adjacent_samples,normal,reappear_same_gt,
VID24_s15_0_crop,all,adjacent_samples,normal,reappearance_rate,0.7142857142857143
VID24_s15_0_crop,all,adjacent_samples,normal,seeded_regions,7.0
VID24_s15_0_crop,all,adjacent_samples,normal,survival_backward,0.8952380952380953
VID24_s15_0_crop,all,adjacent_samples,normal,survival_forward,0.6530612244897959
VID24_s15_0_crop,all,adjacent_samples,rgb,class_switch_rate,0.0
VID24_s15_0_crop,all,adjacent_samples,rgb,fragmentation_ge2,0.5
VID24_s15_0_crop,all,adjacent_samples,rgb,fragmentation_mean,1.5
VID24_s15_0_crop,all,adjacent_samples,rgb,gt_tracks_matched,6.0
VID24_s15_0_crop,all,adjacent_samples,rgb,id_switch_rate,0.0
VID24_s15_0_crop,all,adjacent_samples,rgb,matched_pairs,41.0
VID24_s15_0_crop,all,adjacent_samples,rgb,reappear_events_judged,2.0
VID24_s15_0_crop,all,adjacent_samples,rgb,reappear_same_class,1.0
VID24_s15_0_crop,all,adjacent_samples,rgb,reappear_same_gt,0.0
VID24_s15_0_crop,all,adjacent_samples,rgb,reappearance_rate,0.8
VID24_s15_0_crop,all,adjacent_samples,rgb,seeded_regions,15.0
VID24_s15_0_crop,all,adjacent_samples,rgb,survival_backward,0.8666666666666667
VID24_s15_0_crop,all,adjacent_samples,rgb,survival_forward,0.4333333333333333
VID24_s15_0_crop,all,consecutive_annotated,depth,class_switch_rate,0.0
VID24_s15_0_crop,all,consecutive_annotated,depth,fragmentation_ge2,0.5
VID24_s15_0_crop,all,consecutive_annotated,depth,fragmentation_mean,1.5
VID24_s15_0_crop,all,consecutive_annotated,depth,gt_tracks_matched,4.0
VID24_s15_0_crop,all,consecutive_annotated,depth,id_switch_rate,0.0
VID24_s15_0_crop,all,consecutive_annotated,depth,matched_pairs,29.0
VID24_s15_0_crop,all,consecutive_annotated,depth,reappear_events_judged,1.0
VID24_s15_0_crop,all,consecutive_annotated,depth,reappear_same_class,1.0
VID24_s15_0_crop,all,consecutive_annotated,depth,reappear_same_gt,1.0
VID24_s15_0_crop,all,consecutive_annotated,depth,reappearance_rate,0.75
VID24_s15_0_crop,all,consecutive_annotated,depth,seeded_regions,4.0
VID24_s15_0_crop,all,consecutive_annotated,depth,survival_backward,1.0
VID24_s15_0_crop,all,consecutive_annotated,depth,survival_forward,0.7321428571428572
VID24_s15_0_crop,all,consecutive_annotated,normal,class_switch_rate,0.0
VID24_s15_0_crop,all,consecutive_annotated,normal,fragmentation_ge2,0.5
VID24_s15_0_crop,all,consecutive_annotated,normal,fragmentation_mean,1.5
VID24_s15_0_crop,all,consecutive_annotated,normal,gt_tracks_matched,4.0
VID24_s15_0_crop,all,consecutive_annotated,normal,id_switch_rate,0.0
VID24_s15_0_crop,all,consecutive_annotated,normal,matched_pairs,47.0
VID24_s15_0_crop,all,consecutive_annotated,normal,reappear_events_judged,0.0
VID24_s15_0_crop,all,consecutive_annotated,normal,reappear_same_class,
VID24_s15_0_crop,all,consecutive_annotated,normal,reappear_same_gt,
VID24_s15_0_crop,all,consecutive_annotated,normal,reappearance_rate,0.7142857142857143
VID24_s15_0_crop,all,consecutive_annotated,normal,seeded_regions,7.0
VID24_s15_0_crop,all,consecutive_annotated,normal,survival_backward,0.8952380952380953
VID24_s15_0_crop,all,consecutive_annotated,normal,survival_forward,0.6530612244897959
VID24_s15_0_crop,all,consecutive_annotated,rgb,class_switch_rate,0.0
VID24_s15_0_crop,all,consecutive_annotated,rgb,fragmentation_ge2,0.5
VID24_s15_0_crop,all,consecutive_annotated,rgb,fragmentation_mean,1.5
VID24_s15_0_crop,all,consecutive_annotated,rgb,gt_tracks_matched,4.0
VID24_s15_0_crop,all,consecutive_annotated,rgb,id_switch_rate,0.0
VID24_s15_0_crop,all,consecutive_annotated,rgb,matched_pairs,42.0
VID24_s15_0_crop,all,consecutive_annotated,rgb,reappear_events_judged,2.0
VID24_s15_0_crop,all,consecutive_annotated,rgb,reappear_same_class,1.0
VID24_s15_0_crop,all,consecutive_annotated,rgb,reappear_same_gt,1.0
VID24_s15_0_crop,all,consecutive_annotated,rgb,reappearance_rate,0.8
VID24_s15_0_crop,all,consecutive_annotated,rgb,seeded_regions,15.0
VID24_s15_0_crop,all,consecutive_annotated,rgb,survival_backward,0.8666666666666667
VID24_s15_0_crop,all,consecutive_annotated,rgb,survival_forward,0.4333333333333333
VID24_s15_9596_crop,all,adjacent_samples,depth,class_switch_rate,0.0
VID24_s15_9596_crop,all,adjacent_samples,depth,fragmentation_ge2,0.0
VID24_s15_9596_crop,all,adjacent_samples,depth,fragmentation_mean,1.0
VID24_s15_9596_crop,all,adjacent_samples,depth,gt_tracks_matched,16.0
VID24_s15_9596_crop,all,adjacent_samples,depth,id_switch_rate,0.0625
VID24_s15_9596_crop,all,adjacent_samples,depth,matched_pairs,64.0
VID24_s15_9596_crop,all,adjacent_samples,depth,reappear_events_judged,0.0
VID24_s15_9596_crop,all,adjacent_samples,depth,reappear_same_class,
VID24_s15_9596_crop,all,adjacent_samples,depth,reappear_same_gt,
VID24_s15_9596_crop,all,adjacent_samples,depth,reappearance_rate,0.1111111111111111
VID24_s15_9596_crop,all,adjacent_samples,depth,seeded_regions,9.0
VID24_s15_9596_crop,all,adjacent_samples,depth,survival_backward,0.9555555555555555
VID24_s15_9596_crop,all,adjacent_samples,depth,survival_forward,0.7301587301587301
VID24_s15_9596_crop,all,adjacent_samples,normal,class_switch_rate,0.0
VID24_s15_9596_crop,all,adjacent_samples,normal,fragmentation_ge2,0.09090909090909091
VID24_s15_9596_crop,all,adjacent_samples,normal,fragmentation_mean,1.0909090909090908
VID24_s15_9596_crop,all,adjacent_samples,normal,gt_tracks_matched,22.0
VID24_s15_9596_crop,all,adjacent_samples,normal,id_switch_rate,0.04716981132075472
VID24_s15_9596_crop,all,adjacent_samples,normal,matched_pairs,106.0
VID24_s15_9596_crop,all,adjacent_samples,normal,reappear_events_judged,0.0
VID24_s15_9596_crop,all,adjacent_samples,normal,reappear_same_class,
VID24_s15_9596_crop,all,adjacent_samples,normal,reappear_same_gt,
VID24_s15_9596_crop,all,adjacent_samples,normal,reappearance_rate,0.1
VID24_s15_9596_crop,all,adjacent_samples,normal,seeded_regions,10.0
VID24_s15_9596_crop,all,adjacent_samples,normal,survival_backward,0.9800000000000001
VID24_s15_9596_crop,all,adjacent_samples,normal,survival_forward,0.9142857142857144
VID24_s15_9596_crop,all,adjacent_samples,rgb,class_switch_rate,0.0
VID24_s15_9596_crop,all,adjacent_samples,rgb,fragmentation_ge2,0.07142857142857142
VID24_s15_9596_crop,all,adjacent_samples,rgb,fragmentation_mean,1.0714285714285714
VID24_s15_9596_crop,all,adjacent_samples,rgb,gt_tracks_matched,28.0
VID24_s15_9596_crop,all,adjacent_samples,rgb,id_switch_rate,0.046511627906976744
VID24_s15_9596_crop,all,adjacent_samples,rgb,matched_pairs,129.0
VID24_s15_9596_crop,all,adjacent_samples,rgb,reappear_events_judged,0.0
VID24_s15_9596_crop,all,adjacent_samples,rgb,reappear_same_class,
VID24_s15_9596_crop,all,adjacent_samples,rgb,reappear_same_gt,
VID24_s15_9596_crop,all,adjacent_samples,rgb,reappearance_rate,0.42857142857142855
VID24_s15_9596_crop,all,adjacent_samples,rgb,seeded_regions,21.0
VID24_s15_9596_crop,all,adjacent_samples,rgb,survival_backward,0.8222222222222223
VID24_s15_9596_crop,all,adjacent_samples,rgb,survival_forward,0.7210884353741497
VID24_s15_9596_crop,all,consecutive_annotated,depth,class_switch_rate,0.0
VID24_s15_9596_crop,all,consecutive_annotated,depth,fragmentation_ge2,0.0
VID24_s15_9596_crop,all,consecutive_annotated,depth,fragmentation_mean,1.0
VID24_s15_9596_crop,all,consecutive_annotated,depth,gt_tracks_matched,14.0
VID24_s15_9596_crop,all,consecutive_annotated,depth,id_switch_rate,0.07462686567164178
VID24_s15_9596_crop,all,consecutive_annotated,depth,matched_pairs,67.0
VID24_s15_9596_crop,all,consecutive_annotated,depth,reappear_events_judged,0.0
VID24_s15_9596_crop,all,consecutive_annotated,depth,reappear_same_class,
VID24_s15_9596_crop,all,consecutive_annotated,depth,reappear_same_gt,
VID24_s15_9596_crop,all,consecutive_annotated,depth,reappearance_rate,0.1111111111111111
VID24_s15_9596_crop,all,consecutive_annotated,depth,seeded_regions,9.0
VID24_s15_9596_crop,all,consecutive_annotated,depth,survival_backward,0.9555555555555555
VID24_s15_9596_crop,all,consecutive_annotated,depth,survival_forward,0.7301587301587301
VID24_s15_9596_crop,all,consecutive_annotated,normal,class_switch_rate,0.0
VID24_s15_9596_crop,all,consecutive_annotated,normal,fragmentation_ge2,0.058823529411764705
VID24_s15_9596_crop,all,consecutive_annotated,normal,fragmentation_mean,1.0588235294117647
VID24_s15_9596_crop,all,consecutive_annotated,normal,gt_tracks_matched,17.0
VID24_s15_9596_crop,all,consecutive_annotated,normal,id_switch_rate,0.05454545454545454
VID24_s15_9596_crop,all,consecutive_annotated,normal,matched_pairs,110.0
VID24_s15_9596_crop,all,consecutive_annotated,normal,reappear_events_judged,0.0
VID24_s15_9596_crop,all,consecutive_annotated,normal,reappear_same_class,
VID24_s15_9596_crop,all,consecutive_annotated,normal,reappear_same_gt,
VID24_s15_9596_crop,all,consecutive_annotated,normal,reappearance_rate,0.1
VID24_s15_9596_crop,all,consecutive_annotated,normal,seeded_regions,10.0
VID24_s15_9596_crop,all,consecutive_annotated,normal,survival_backward,0.9800000000000001
VID24_s15_9596_crop,all,consecutive_annotated,normal,survival_forward,0.9142857142857144
VID24_s15_9596_crop,all,consecutive_annotated,rgb,class_switch_rate,0.0
VID24_s15_9596_crop,all,consecutive_annotated,rgb,fragmentation_ge2,0.09090909090909091
VID24_s15_9596_crop,all,consecutive_annotated,rgb,fragmentation_mean,1.0909090909090908
VID24_s15_9596_crop,all,consecutive_annotated,rgb,gt_tracks_matched,22.0
VID24_s15_9596_crop,all,consecutive_annotated,rgb,id_switch_rate,0.058823529411764705
VID24_s15_9596_crop,all,consecutive_annotated,rgb,matched_pairs,136.0
VID24_s15_9596_crop,all,consecutive_annotated,rgb,reappear_events_judged,0.0
VID24_s15_9596_crop,all,consecutive_annotated,rgb,reappear_same_class,
VID24_s15_9596_crop,all,consecutive_annotated,rgb,reappear_same_gt,
VID24_s15_9596_crop,all,consecutive_annotated,rgb,reappearance_rate,0.42857142857142855
VID24_s15_9596_crop,all,consecutive_annotated,rgb,seeded_regions,21.0
VID24_s15_9596_crop,all,consecutive_annotated,rgb,survival_backward,0.8222222222222223
VID24_s15_9596_crop,all,consecutive_annotated,rgb,survival_forward,0.7210884353741497
VID25_s15_162_crop,all,adjacent_samples,depth,class_switch_rate,0.0
VID25_s15_162_crop,all,adjacent_samples,depth,fragmentation_ge2,0.10526315789473684
VID25_s15_162_crop,all,adjacent_samples,depth,fragmentation_mean,1.1578947368421053
VID25_s15_162_crop,all,adjacent_samples,depth,gt_tracks_matched,19.0
VID25_s15_162_crop,all,adjacent_samples,depth,id_switch_rate,0.0975609756097561
VID25_s15_162_crop,all,adjacent_samples,depth,matched_pairs,82.0
VID25_s15_162_crop,all,adjacent_samples,depth,reappear_events_judged,0.0
VID25_s15_162_crop,all,adjacent_samples,depth,reappear_same_class,
VID25_s15_162_crop,all,adjacent_samples,depth,reappear_same_gt,
VID25_s15_162_crop,all,adjacent_samples,depth,reappearance_rate,0.5
VID25_s15_162_crop,all,adjacent_samples,depth,seeded_regions,10.0
VID25_s15_162_crop,all,adjacent_samples,depth,survival_backward,0.8266666666666668
VID25_s15_162_crop,all,adjacent_samples,depth,survival_forward,1.0
VID25_s15_162_crop,all,adjacent_samples,normal,class_switch_rate,0.0
VID25_s15_162_crop,all,adjacent_samples,normal,fragmentation_ge2,0.06896551724137931
VID25_s15_162_crop,all,adjacent_samples,normal,fragmentation_mean,1.0689655172413792
VID25_s15_162_crop,all,adjacent_samples,normal,gt_tracks_matched,29.0
VID25_s15_162_crop,all,adjacent_samples,normal,id_switch_rate,0.11029411764705882
VID25_s15_162_crop,all,adjacent_samples,normal,matched_pairs,136.0
VID25_s15_162_crop,all,adjacent_samples,normal,reappear_events_judged,0.0
VID25_s15_162_crop,all,adjacent_samples,normal,reappear_same_class,
VID25_s15_162_crop,all,adjacent_samples,normal,reappear_same_gt,
VID25_s15_162_crop,all,adjacent_samples,normal,reappearance_rate,0.3333333333333333
VID25_s15_162_crop,all,adjacent_samples,normal,seeded_regions,12.0
VID25_s15_162_crop,all,adjacent_samples,normal,survival_backward,0.8333333333333334
VID25_s15_162_crop,all,adjacent_samples,normal,survival_forward,0.9940476190476191
VID25_s15_162_crop,all,adjacent_samples,rgb,class_switch_rate,0.0
VID25_s15_162_crop,all,adjacent_samples,rgb,fragmentation_ge2,0.1
VID25_s15_162_crop,all,adjacent_samples,rgb,fragmentation_mean,1.1
VID25_s15_162_crop,all,adjacent_samples,rgb,gt_tracks_matched,30.0
VID25_s15_162_crop,all,adjacent_samples,rgb,id_switch_rate,0.08029197080291971
VID25_s15_162_crop,all,adjacent_samples,rgb,matched_pairs,137.0
VID25_s15_162_crop,all,adjacent_samples,rgb,reappear_events_judged,0.0
VID25_s15_162_crop,all,adjacent_samples,rgb,reappear_same_class,
VID25_s15_162_crop,all,adjacent_samples,rgb,reappear_same_gt,
VID25_s15_162_crop,all,adjacent_samples,rgb,reappearance_rate,0.2777777777777778
VID25_s15_162_crop,all,adjacent_samples,rgb,seeded_regions,18.0
VID25_s15_162_crop,all,adjacent_samples,rgb,survival_backward,0.8222222222222223
VID25_s15_162_crop,all,adjacent_samples,rgb,survival_forward,0.9960317460317462
VID25_s15_162_crop,all,consecutive_annotated,depth,class_switch_rate,0.0
VID25_s15_162_crop,all,consecutive_annotated,depth,fragmentation_ge2,0.2
VID25_s15_162_crop,all,consecutive_annotated,depth,fragmentation_mean,1.2666666666666666
VID25_s15_162_crop,all,consecutive_annotated,depth,gt_tracks_matched,15.0
VID25_s15_162_crop,all,consecutive_annotated,depth,id_switch_rate,0.11627906976744186
VID25_s15_162_crop,all,consecutive_annotated,depth,matched_pairs,86.0
VID25_s15_162_crop,all,consecutive_annotated,depth,reappear_events_judged,0.0
VID25_s15_162_crop,all,consecutive_annotated,depth,reappear_same_class,
VID25_s15_162_crop,all,consecutive_annotated,depth,reappear_same_gt,
VID25_s15_162_crop,all,consecutive_annotated,depth,reappearance_rate,0.5
VID25_s15_162_crop,all,consecutive_annotated,depth,seeded_regions,10.0
VID25_s15_162_crop,all,consecutive_annotated,depth,survival_backward,0.8266666666666668
VID25_s15_162_crop,all,consecutive_annotated,depth,survival_forward,1.0
VID25_s15_162_crop,all,consecutive_annotated,normal,class_switch_rate,0.0
VID25_s15_162_crop,all,consecutive_annotated,normal,fragmentation_ge2,0.14285714285714285
VID25_s15_162_crop,all,consecutive_annotated,normal,fragmentation_mean,1.1428571428571428
VID25_s15_162_crop,all,consecutive_annotated,normal,gt_tracks_matched,21.0
VID25_s15_162_crop,all,consecutive_annotated,normal,id_switch_rate,0.125
VID25_s15_162_crop,all,consecutive_annotated,normal,matched_pairs,144.0
VID25_s15_162_crop,all,consecutive_annotated,normal,reappear_events_judged,0.0
VID25_s15_162_crop,all,consecutive_annotated,normal,reappear_same_class,
VID25_s15_162_crop,all,consecutive_annotated,normal,reappear_same_gt,
VID25_s15_162_crop,all,consecutive_annotated,normal,reappearance_rate,0.3333333333333333
VID25_s15_162_crop,all,consecutive_annotated,normal,seeded_regions,12.0
VID25_s15_162_crop,all,consecutive_annotated,normal,survival_backward,0.8333333333333334
VID25_s15_162_crop,all,consecutive_annotated,normal,survival_forward,0.9940476190476191
VID25_s15_162_crop,all,consecutive_annotated,rgb,class_switch_rate,0.0
VID25_s15_162_crop,all,consecutive_annotated,rgb,fragmentation_ge2,0.13636363636363635
VID25_s15_162_crop,all,consecutive_annotated,rgb,fragmentation_mean,1.1363636363636365
VID25_s15_162_crop,all,consecutive_annotated,rgb,gt_tracks_matched,22.0
VID25_s15_162_crop,all,consecutive_annotated,rgb,id_switch_rate,0.07692307692307693
VID25_s15_162_crop,all,consecutive_annotated,rgb,matched_pairs,143.0
VID25_s15_162_crop,all,consecutive_annotated,rgb,reappear_events_judged,0.0
VID25_s15_162_crop,all,consecutive_annotated,rgb,reappear_same_class,
VID25_s15_162_crop,all,consecutive_annotated,rgb,reappear_same_gt,
VID25_s15_162_crop,all,consecutive_annotated,rgb,reappearance_rate,0.2777777777777778
VID25_s15_162_crop,all,consecutive_annotated,rgb,seeded_regions,18.0
VID25_s15_162_crop,all,consecutive_annotated,rgb,survival_backward,0.8222222222222223
VID25_s15_162_crop,all,consecutive_annotated,rgb,survival_forward,0.9960317460317462
VID25_s15_402_crop,all,adjacent_samples,depth,class_switch_rate,0.0
VID25_s15_402_crop,all,adjacent_samples,depth,fragmentation_ge2,0.2
VID25_s15_402_crop,all,adjacent_samples,depth,fragmentation_mean,1.2
VID25_s15_402_crop,all,adjacent_samples,depth,gt_tracks_matched,5.0
VID25_s15_402_crop,all,adjacent_samples,depth,id_switch_rate,0.03225806451612903
VID25_s15_402_crop,all,adjacent_samples,depth,matched_pairs,31.0
VID25_s15_402_crop,all,adjacent_samples,depth,reappear_events_judged,0.0
VID25_s15_402_crop,all,adjacent_samples,depth,reappear_same_class,
VID25_s15_402_crop,all,adjacent_samples,depth,reappear_same_gt,
VID25_s15_402_crop,all,adjacent_samples,depth,reappearance_rate,0.25
VID25_s15_402_crop,all,adjacent_samples,depth,seeded_regions,8.0
VID25_s15_402_crop,all,adjacent_samples,depth,survival_backward,0.975
VID25_s15_402_crop,all,adjacent_samples,depth,survival_forward,0.7410714285714286
VID25_s15_402_crop,all,adjacent_samples,normal,class_switch_rate,0.0
VID25_s15_402_crop,all,adjacent_samples,normal,fragmentation_ge2,0.0
VID25_s15_402_crop,all,adjacent_samples,normal,fragmentation_mean,1.0
VID25_s15_402_crop,all,adjacent_samples,normal,gt_tracks_matched,10.0
VID25_s15_402_crop,all,adjacent_samples,normal,id_switch_rate,0.07042253521126761
VID25_s15_402_crop,all,adjacent_samples,normal,matched_pairs,71.0
VID25_s15_402_crop,all,adjacent_samples,normal,reappear_events_judged,0.0
VID25_s15_402_crop,all,adjacent_samples,normal,reappear_same_class,
VID25_s15_402_crop,all,adjacent_samples,normal,reappear_same_gt,
VID25_s15_402_crop,all,adjacent_samples,normal,reappearance_rate,0.4166666666666667
VID25_s15_402_crop,all,adjacent_samples,normal,seeded_regions,12.0
VID25_s15_402_crop,all,adjacent_samples,normal,survival_backward,0.9833333333333334
VID25_s15_402_crop,all,adjacent_samples,normal,survival_forward,0.8571428571428572
VID25_s15_402_crop,all,adjacent_samples,rgb,class_switch_rate,0.0
VID25_s15_402_crop,all,adjacent_samples,rgb,fragmentation_ge2,0.07692307692307693
VID25_s15_402_crop,all,adjacent_samples,rgb,fragmentation_mean,1.0769230769230769
VID25_s15_402_crop,all,adjacent_samples,rgb,gt_tracks_matched,13.0
VID25_s15_402_crop,all,adjacent_samples,rgb,id_switch_rate,0.028169014084507043
VID25_s15_402_crop,all,adjacent_samples,rgb,matched_pairs,71.0
VID25_s15_402_crop,all,adjacent_samples,rgb,reappear_events_judged,0.0
VID25_s15_402_crop,all,adjacent_samples,rgb,reappear_same_class,
VID25_s15_402_crop,all,adjacent_samples,rgb,reappear_same_gt,
VID25_s15_402_crop,all,adjacent_samples,rgb,reappearance_rate,0.38095238095238093
VID25_s15_402_crop,all,adjacent_samples,rgb,seeded_regions,21.0
VID25_s15_402_crop,all,adjacent_samples,rgb,survival_backward,0.9587301587301587
VID25_s15_402_crop,all,adjacent_samples,rgb,survival_forward,0.7993197278911565
VID25_s15_402_crop,all,consecutive_annotated,depth,class_switch_rate,0.0
VID25_s15_402_crop,all,consecutive_annotated,depth,fragmentation_ge2,0.2
VID25_s15_402_crop,all,consecutive_annotated,depth,fragmentation_mean,1.2
VID25_s15_402_crop,all,consecutive_annotated,depth,gt_tracks_matched,5.0
VID25_s15_402_crop,all,consecutive_annotated,depth,id_switch_rate,0.03225806451612903
VID25_s15_402_crop,all,consecutive_annotated,depth,matched_pairs,31.0
VID25_s15_402_crop,all,consecutive_annotated,depth,reappear_events_judged,0.0
VID25_s15_402_crop,all,consecutive_annotated,depth,reappear_same_class,
VID25_s15_402_crop,all,consecutive_annotated,depth,reappear_same_gt,
VID25_s15_402_crop,all,consecutive_annotated,depth,reappearance_rate,0.25
VID25_s15_402_crop,all,consecutive_annotated,depth,seeded_regions,8.0
VID25_s15_402_crop,all,consecutive_annotated,depth,survival_backward,0.975
VID25_s15_402_crop,all,consecutive_annotated,depth,survival_forward,0.7410714285714286
VID25_s15_402_crop,all,consecutive_annotated,normal,class_switch_rate,0.0
VID25_s15_402_crop,all,consecutive_annotated,normal,fragmentation_ge2,0.0
VID25_s15_402_crop,all,consecutive_annotated,normal,fragmentation_mean,1.0
VID25_s15_402_crop,all,consecutive_annotated,normal,gt_tracks_matched,10.0
VID25_s15_402_crop,all,consecutive_annotated,normal,id_switch_rate,0.07042253521126761
VID25_s15_402_crop,all,consecutive_annotated,normal,matched_pairs,71.0
VID25_s15_402_crop,all,consecutive_annotated,normal,reappear_events_judged,0.0
VID25_s15_402_crop,all,consecutive_annotated,normal,reappear_same_class,
VID25_s15_402_crop,all,consecutive_annotated,normal,reappear_same_gt,
VID25_s15_402_crop,all,consecutive_annotated,normal,reappearance_rate,0.4166666666666667
VID25_s15_402_crop,all,consecutive_annotated,normal,seeded_regions,12.0
VID25_s15_402_crop,all,consecutive_annotated,normal,survival_backward,0.9833333333333334
VID25_s15_402_crop,all,consecutive_annotated,normal,survival_forward,0.8571428571428572
VID25_s15_402_crop,all,consecutive_annotated,rgb,class_switch_rate,0.0
VID25_s15_402_crop,all,consecutive_annotated,rgb,fragmentation_ge2,0.07692307692307693
VID25_s15_402_crop,all,consecutive_annotated,rgb,fragmentation_mean,1.0769230769230769
VID25_s15_402_crop,all,consecutive_annotated,rgb,gt_tracks_matched,13.0
VID25_s15_402_crop,all,consecutive_annotated,rgb,id_switch_rate,0.028169014084507043
VID25_s15_402_crop,all,consecutive_annotated,rgb,matched_pairs,71.0
VID25_s15_402_crop,all,consecutive_annotated,rgb,reappear_events_judged,0.0
VID25_s15_402_crop,all,consecutive_annotated,rgb,reappear_same_class,
VID25_s15_402_crop,all,consecutive_annotated,rgb,reappear_same_gt,
VID25_s15_402_crop,all,consecutive_annotated,rgb,reappearance_rate,0.38095238095238093
VID25_s15_402_crop,all,consecutive_annotated,rgb,seeded_regions,21.0
VID25_s15_402_crop,all,consecutive_annotated,rgb,survival_backward,0.9587301587301587
VID25_s15_402_crop,all,consecutive_annotated,rgb,survival_forward,0.7993197278911565
VID25_s15_402_crop,frames_in_order,adjacent_samples,depth,class_switch_rate,0.0
VID25_s15_402_crop,frames_in_order,adjacent_samples,depth,fragmentation_ge2,0.2
VID25_s15_402_crop,frames_in_order,adjacent_samples,depth,fragmentation_mean,1.2
VID25_s15_402_crop,frames_in_order,adjacent_samples,depth,gt_tracks_matched,5.0
VID25_s15_402_crop,frames_in_order,adjacent_samples,depth,id_switch_rate,0.03225806451612903
VID25_s15_402_crop,frames_in_order,adjacent_samples,depth,matched_pairs,31.0
VID25_s15_402_crop,frames_in_order,adjacent_samples,depth,reappear_events_judged,0.0
VID25_s15_402_crop,frames_in_order,adjacent_samples,depth,reappear_same_class,
VID25_s15_402_crop,frames_in_order,adjacent_samples,depth,reappear_same_gt,
VID25_s15_402_crop,frames_in_order,adjacent_samples,depth,reappearance_rate,0.25
VID25_s15_402_crop,frames_in_order,adjacent_samples,depth,seeded_regions,8.0
VID25_s15_402_crop,frames_in_order,adjacent_samples,depth,survival_backward,0.975
VID25_s15_402_crop,frames_in_order,adjacent_samples,depth,survival_forward,0.7410714285714286
VID25_s15_402_crop,frames_in_order,adjacent_samples,normal,class_switch_rate,0.0
VID25_s15_402_crop,frames_in_order,adjacent_samples,normal,fragmentation_ge2,0.0
VID25_s15_402_crop,frames_in_order,adjacent_samples,normal,fragmentation_mean,1.0
VID25_s15_402_crop,frames_in_order,adjacent_samples,normal,gt_tracks_matched,10.0
VID25_s15_402_crop,frames_in_order,adjacent_samples,normal,id_switch_rate,0.07042253521126761
VID25_s15_402_crop,frames_in_order,adjacent_samples,normal,matched_pairs,71.0
VID25_s15_402_crop,frames_in_order,adjacent_samples,normal,reappear_events_judged,0.0
VID25_s15_402_crop,frames_in_order,adjacent_samples,normal,reappear_same_class,
VID25_s15_402_crop,frames_in_order,adjacent_samples,normal,reappear_same_gt,
VID25_s15_402_crop,frames_in_order,adjacent_samples,normal,reappearance_rate,0.4166666666666667
VID25_s15_402_crop,frames_in_order,adjacent_samples,normal,seeded_regions,12.0
VID25_s15_402_crop,frames_in_order,adjacent_samples,normal,survival_backward,0.9833333333333334
VID25_s15_402_crop,frames_in_order,adjacent_samples,normal,survival_forward,0.8571428571428572
VID25_s15_402_crop,frames_in_order,adjacent_samples,rgb,class_switch_rate,0.0
VID25_s15_402_crop,frames_in_order,adjacent_samples,rgb,fragmentation_ge2,0.07692307692307693
VID25_s15_402_crop,frames_in_order,adjacent_samples,rgb,fragmentation_mean,1.0769230769230769
VID25_s15_402_crop,frames_in_order,adjacent_samples,rgb,gt_tracks_matched,13.0
VID25_s15_402_crop,frames_in_order,adjacent_samples,rgb,id_switch_rate,0.028169014084507043
VID25_s15_402_crop,frames_in_order,adjacent_samples,rgb,matched_pairs,71.0
VID25_s15_402_crop,frames_in_order,adjacent_samples,rgb,reappear_events_judged,0.0
VID25_s15_402_crop,frames_in_order,adjacent_samples,rgb,reappear_same_class,
VID25_s15_402_crop,frames_in_order,adjacent_samples,rgb,reappear_same_gt,
VID25_s15_402_crop,frames_in_order,adjacent_samples,rgb,reappearance_rate,0.38095238095238093
VID25_s15_402_crop,frames_in_order,adjacent_samples,rgb,seeded_regions,21.0
VID25_s15_402_crop,frames_in_order,adjacent_samples,rgb,survival_backward,0.9587301587301587
VID25_s15_402_crop,frames_in_order,adjacent_samples,rgb,survival_forward,0.7993197278911565
VID25_s15_402_crop,frames_in_order,consecutive_annotated,depth,class_switch_rate,0.0
VID25_s15_402_crop,frames_in_order,consecutive_annotated,depth,fragmentation_ge2,0.2
VID25_s15_402_crop,frames_in_order,consecutive_annotated,depth,fragmentation_mean,1.2
VID25_s15_402_crop,frames_in_order,consecutive_annotated,depth,gt_tracks_matched,5.0
VID25_s15_402_crop,frames_in_order,consecutive_annotated,depth,id_switch_rate,0.03225806451612903
VID25_s15_402_crop,frames_in_order,consecutive_annotated,depth,matched_pairs,31.0
VID25_s15_402_crop,frames_in_order,consecutive_annotated,depth,reappear_events_judged,0.0
VID25_s15_402_crop,frames_in_order,consecutive_annotated,depth,reappear_same_class,
VID25_s15_402_crop,frames_in_order,consecutive_annotated,depth,reappear_same_gt,
VID25_s15_402_crop,frames_in_order,consecutive_annotated,depth,reappearance_rate,0.25
VID25_s15_402_crop,frames_in_order,consecutive_annotated,depth,seeded_regions,8.0
VID25_s15_402_crop,frames_in_order,consecutive_annotated,depth,survival_backward,0.975
VID25_s15_402_crop,frames_in_order,consecutive_annotated,depth,survival_forward,0.7410714285714286
VID25_s15_402_crop,frames_in_order,consecutive_annotated,normal,class_switch_rate,0.0
VID25_s15_402_crop,frames_in_order,consecutive_annotated,normal,fragmentation_ge2,0.0
VID25_s15_402_crop,frames_in_order,consecutive_annotated,normal,fragmentation_mean,1.0
VID25_s15_402_crop,frames_in_order,consecutive_annotated,normal,gt_tracks_matched,10.0
VID25_s15_402_crop,frames_in_order,consecutive_annotated,normal,id_switch_rate,0.07042253521126761
VID25_s15_402_crop,frames_in_order,consecutive_annotated,normal,matched_pairs,71.0
VID25_s15_402_crop,frames_in_order,consecutive_annotated,normal,reappear_events_judged,0.0
VID25_s15_402_crop,frames_in_order,consecutive_annotated,normal,reappear_same_class,
VID25_s15_402_crop,frames_in_order,consecutive_annotated,normal,reappear_same_gt,
VID25_s15_402_crop,frames_in_order,consecutive_annotated,normal,reappearance_rate,0.4166666666666667
VID25_s15_402_crop,frames_in_order,consecutive_annotated,normal,seeded_regions,12.0
VID25_s15_402_crop,frames_in_order,consecutive_annotated,normal,survival_backward,0.9833333333333334
VID25_s15_402_crop,frames_in_order,consecutive_annotated,normal,survival_forward,0.8571428571428572
VID25_s15_402_crop,frames_in_order,consecutive_annotated,rgb,class_switch_rate,0.0
VID25_s15_402_crop,frames_in_order,consecutive_annotated,rgb,fragmentation_ge2,0.07692307692307693
VID25_s15_402_crop,frames_in_order,consecutive_annotated,rgb,fragmentation_mean,1.0769230769230769
VID25_s15_402_crop,frames_in_order,consecutive_annotated,rgb,gt_tracks_matched,13.0
VID25_s15_402_crop,frames_in_order,consecutive_annotated,rgb,id_switch_rate,0.028169014084507043
VID25_s15_402_crop,frames_in_order,consecutive_annotated,rgb,matched_pairs,71.0
VID25_s15_402_crop,frames_in_order,consecutive_annotated,rgb,reappear_events_judged,0.0
VID25_s15_402_crop,frames_in_order,consecutive_annotated,rgb,reappear_same_class,
VID25_s15_402_crop,frames_in_order,consecutive_annotated,rgb,reappear_same_gt,
VID25_s15_402_crop,frames_in_order,consecutive_annotated,rgb,reappearance_rate,0.38095238095238093
VID25_s15_402_crop,frames_in_order,consecutive_annotated,rgb,seeded_regions,21.0
VID25_s15_402_crop,frames_in_order,consecutive_annotated,rgb,survival_backward,0.9587301587301587
VID25_s15_402_crop,frames_in_order,consecutive_annotated,rgb,survival_forward,0.7993197278911565
VID26_s15_1855_crop,all,adjacent_samples,depth,class_switch_rate,0.0
VID26_s15_1855_crop,all,adjacent_samples,depth,fragmentation_ge2,0.0
VID26_s15_1855_crop,all,adjacent_samples,depth,fragmentation_mean,1.0
VID26_s15_1855_crop,all,adjacent_samples,depth,gt_tracks_matched,4.0
VID26_s15_1855_crop,all,adjacent_samples,depth,id_switch_rate,0.0
VID26_s15_1855_crop,all,adjacent_samples,depth,matched_pairs,16.0
VID26_s15_1855_crop,all,adjacent_samples,depth,reappear_events_judged,0.0
VID26_s15_1855_crop,all,adjacent_samples,depth,reappear_same_class,
VID26_s15_1855_crop,all,adjacent_samples,depth,reappear_same_gt,
VID26_s15_1855_crop,all,adjacent_samples,depth,reappearance_rate,0.3333333333333333
VID26_s15_1855_crop,all,adjacent_samples,depth,seeded_regions,3.0
VID26_s15_1855_crop,all,adjacent_samples,depth,survival_backward,0.9777777777777779
VID26_s15_1855_crop,all,adjacent_samples,depth,survival_forward,1.0
VID26_s15_1855_crop,all,adjacent_samples,normal,class_switch_rate,0.022727272727272728
VID26_s15_1855_crop,all,adjacent_samples,normal,fragmentation_ge2,0.0
VID26_s15_1855_crop,all,adjacent_samples,normal,fragmentation_mean,1.0
VID26_s15_1855_crop,all,adjacent_samples,normal,gt_tracks_matched,25.0
VID26_s15_1855_crop,all,adjacent_samples,normal,id_switch_rate,0.20454545454545456
VID26_s15_1855_crop,all,adjacent_samples,normal,matched_pairs,44.0
VID26_s15_1855_crop,all,adjacent_samples,normal,reappear_events_judged,1.0
VID26_s15_1855_crop,all,adjacent_samples,normal,reappear_same_class,1.0
VID26_s15_1855_crop,all,adjacent_samples,normal,reappear_same_gt,0.0
VID26_s15_1855_crop,all,adjacent_samples,normal,reappearance_rate,0.2857142857142857
VID26_s15_1855_crop,all,adjacent_samples,normal,seeded_regions,7.0
VID26_s15_1855_crop,all,adjacent_samples,normal,survival_backward,0.9238095238095239
VID26_s15_1855_crop,all,adjacent_samples,normal,survival_forward,0.979591836734694
VID26_s15_1855_crop,all,adjacent_samples,rgb,class_switch_rate,0.0
VID26_s15_1855_crop,all,adjacent_samples,rgb,fragmentation_ge2,0.04
VID26_s15_1855_crop,all,adjacent_samples,rgb,fragmentation_mean,1.04
VID26_s15_1855_crop,all,adjacent_samples,rgb,gt_tracks_matched,25.0
VID26_s15_1855_crop,all,adjacent_samples,rgb,id_switch_rate,0.07407407407407407
VID26_s15_1855_crop,all,adjacent_samples,rgb,matched_pairs,81.0
VID26_s15_1855_crop,all,adjacent_samples,rgb,reappear_events_judged,1.0
VID26_s15_1855_crop,all,adjacent_samples,rgb,reappear_same_class,1.0
VID26_s15_1855_crop,all,adjacent_samples,rgb,reappear_same_gt,0.0
VID26_s15_1855_crop,all,adjacent_samples,rgb,reappearance_rate,0.4444444444444444
VID26_s15_1855_crop,all,adjacent_samples,rgb,seeded_regions,18.0
VID26_s15_1855_crop,all,adjacent_samples,rgb,survival_backward,0.7000000000000001
VID26_s15_1855_crop,all,adjacent_samples,rgb,survival_forward,0.9841269841269842
VID26_s15_1855_crop,all,consecutive_annotated,depth,class_switch_rate,0.0
VID26_s15_1855_crop,all,consecutive_annotated,depth,fragmentation_ge2,0.3333333333333333
VID26_s15_1855_crop,all,consecutive_annotated,depth,fragmentation_mean,1.3333333333333333
VID26_s15_1855_crop,all,consecutive_annotated,depth,gt_tracks_matched,3.0
VID26_s15_1855_crop,all,consecutive_annotated,depth,id_switch_rate,0.0
VID26_s15_1855_crop,all,consecutive_annotated,depth,matched_pairs,16.0
VID26_s15_1855_crop,all,consecutive_annotated,depth,reappear_events_judged,0.0
VID26_s15_1855_crop,all,consecutive_annotated,depth,reappear_same_class,
VID26_s15_1855_crop,all,consecutive_annotated,depth,reappear_same_gt,
VID26_s15_1855_crop,all,consecutive_annotated,depth,reappearance_rate,0.3333333333333333
VID26_s15_1855_crop,all,consecutive_annotated,depth,seeded_regions,3.0
VID26_s15_1855_crop,all,consecutive_annotated,depth,survival_backward,0.9777777777777779
VID26_s15_1855_crop,all,consecutive_annotated,depth,survival_forward,1.0
VID26_s15_1855_crop,all,consecutive_annotated,normal,class_switch_rate,0.044444444444444446
VID26_s15_1855_crop,all,consecutive_annotated,normal,fragmentation_ge2,0.041666666666666664
VID26_s15_1855_crop,all,consecutive_annotated,normal,fragmentation_mean,1.0416666666666667
VID26_s15_1855_crop,all,consecutive_annotated,normal,gt_tracks_matched,24.0
VID26_s15_1855_crop,all,consecutive_annotated,normal,id_switch_rate,0.2222222222222222
VID26_s15_1855_crop,all,consecutive_annotated,normal,matched_pairs,45.0
VID26_s15_1855_crop,all,consecutive_annotated,normal,reappear_events_judged,1.0
VID26_s15_1855_crop,all,consecutive_annotated,normal,reappear_same_class,1.0
VID26_s15_1855_crop,all,consecutive_annotated,normal,reappear_same_gt,0.0
VID26_s15_1855_crop,all,consecutive_annotated,normal,reappearance_rate,0.2857142857142857
VID26_s15_1855_crop,all,consecutive_annotated,normal,seeded_regions,7.0
VID26_s15_1855_crop,all,consecutive_annotated,normal,survival_backward,0.9238095238095239
VID26_s15_1855_crop,all,consecutive_annotated,normal,survival_forward,0.979591836734694
VID26_s15_1855_crop,all,consecutive_annotated,rgb,class_switch_rate,0.0
VID26_s15_1855_crop,all,consecutive_annotated,rgb,fragmentation_ge2,0.08695652173913043
VID26_s15_1855_crop,all,consecutive_annotated,rgb,fragmentation_mean,1.0869565217391304
VID26_s15_1855_crop,all,consecutive_annotated,rgb,gt_tracks_matched,23.0
VID26_s15_1855_crop,all,consecutive_annotated,rgb,id_switch_rate,0.08536585365853659
VID26_s15_1855_crop,all,consecutive_annotated,rgb,matched_pairs,82.0
VID26_s15_1855_crop,all,consecutive_annotated,rgb,reappear_events_judged,1.0
VID26_s15_1855_crop,all,consecutive_annotated,rgb,reappear_same_class,1.0
VID26_s15_1855_crop,all,consecutive_annotated,rgb,reappear_same_gt,0.0
VID26_s15_1855_crop,all,consecutive_annotated,rgb,reappearance_rate,0.4444444444444444
VID26_s15_1855_crop,all,consecutive_annotated,rgb,seeded_regions,18.0
VID26_s15_1855_crop,all,consecutive_annotated,rgb,survival_backward,0.7000000000000001
VID26_s15_1855_crop,all,consecutive_annotated,rgb,survival_forward,0.9841269841269842
VID27_s15_160_crop,all,adjacent_samples,depth,class_switch_rate,0.0
VID27_s15_160_crop,all,adjacent_samples,depth,fragmentation_ge2,0.0
VID27_s15_160_crop,all,adjacent_samples,depth,fragmentation_mean,1.0
VID27_s15_160_crop,all,adjacent_samples,depth,gt_tracks_matched,9.0
VID27_s15_160_crop,all,adjacent_samples,depth,id_switch_rate,0.0
VID27_s15_160_crop,all,adjacent_samples,depth,matched_pairs,66.0
VID27_s15_160_crop,all,adjacent_samples,depth,reappear_events_judged,0.0
VID27_s15_160_crop,all,adjacent_samples,depth,reappear_same_class,
VID27_s15_160_crop,all,adjacent_samples,depth,reappear_same_gt,
VID27_s15_160_crop,all,adjacent_samples,depth,reappearance_rate,0.0
VID27_s15_160_crop,all,adjacent_samples,depth,seeded_regions,6.0
VID27_s15_160_crop,all,adjacent_samples,depth,survival_backward,1.0
VID27_s15_160_crop,all,adjacent_samples,depth,survival_forward,1.0
VID27_s15_160_crop,all,adjacent_samples,normal,class_switch_rate,0.0
VID27_s15_160_crop,all,adjacent_samples,normal,fragmentation_ge2,0.0
VID27_s15_160_crop,all,adjacent_samples,normal,fragmentation_mean,1.0
VID27_s15_160_crop,all,adjacent_samples,normal,gt_tracks_matched,12.0
VID27_s15_160_crop,all,adjacent_samples,normal,id_switch_rate,0.03125
VID27_s15_160_crop,all,adjacent_samples,normal,matched_pairs,64.0
VID27_s15_160_crop,all,adjacent_samples,normal,reappear_events_judged,0.0
VID27_s15_160_crop,all,adjacent_samples,normal,reappear_same_class,
VID27_s15_160_crop,all,adjacent_samples,normal,reappear_same_gt,
VID27_s15_160_crop,all,adjacent_samples,normal,reappearance_rate,0.1
VID27_s15_160_crop,all,adjacent_samples,normal,seeded_regions,10.0
VID27_s15_160_crop,all,adjacent_samples,normal,survival_backward,0.9533333333333334
VID27_s15_160_crop,all,adjacent_samples,normal,survival_forward,0.9928571428571429
VID27_s15_160_crop,all,adjacent_samples,rgb,class_switch_rate,0.0
VID27_s15_160_crop,all,adjacent_samples,rgb,fragmentation_ge2,0.0
VID27_s15_160_crop,all,adjacent_samples,rgb,fragmentation_mean,1.0
VID27_s15_160_crop,all,adjacent_samples,rgb,gt_tracks_matched,12.0
VID27_s15_160_crop,all,adjacent_samples,rgb,id_switch_rate,0.02197802197802198
VID27_s15_160_crop,all,adjacent_samples,rgb,matched_pairs,91.0
VID27_s15_160_crop,all,adjacent_samples,rgb,reappear_events_judged,0.0
VID27_s15_160_crop,all,adjacent_samples,rgb,reappear_same_class,
VID27_s15_160_crop,all,adjacent_samples,rgb,reappear_same_gt,
VID27_s15_160_crop,all,adjacent_samples,rgb,reappearance_rate,0.2857142857142857
VID27_s15_160_crop,all,adjacent_samples,rgb,seeded_regions,7.0
VID27_s15_160_crop,all,adjacent_samples,rgb,survival_backward,0.8571428571428571
VID27_s15_160_crop,all,adjacent_samples,rgb,survival_forward,0.9387755102040816
VID27_s15_160_crop,all,consecutive_annotated,depth,class_switch_rate,0.0
VID27_s15_160_crop,all,consecutive_annotated,depth,fragmentation_ge2,0.0
VID27_s15_160_crop,all,consecutive_annotated,depth,fragmentation_mean,1.0
VID27_s15_160_crop,all,consecutive_annotated,depth,gt_tracks_matched,5.0
VID27_s15_160_crop,all,consecutive_annotated,depth,id_switch_rate,0.0
VID27_s15_160_crop,all,consecutive_annotated,depth,matched_pairs,69.0
VID27_s15_160_crop,all,consecutive_annotated,depth,reappear_events_judged,0.0
VID27_s15_160_crop,all,consecutive_annotated,depth,reappear_same_class,
VID27_s15_160_crop,all,consecutive_annotated,depth,reappear_same_gt,
VID27_s15_160_crop,all,consecutive_annotated,depth,reappearance_rate,0.0
VID27_s15_160_crop,all,consecutive_annotated,depth,seeded_regions,6.0
VID27_s15_160_crop,all,consecutive_annotated,depth,survival_backward,1.0
VID27_s15_160_crop,all,consecutive_annotated,depth,survival_forward,1.0
VID27_s15_160_crop,all,consecutive_annotated,normal,class_switch_rate,0.0
VID27_s15_160_crop,all,consecutive_annotated,normal,fragmentation_ge2,0.0
VID27_s15_160_crop,all,consecutive_annotated,normal,fragmentation_mean,1.0
VID27_s15_160_crop,all,consecutive_annotated,normal,gt_tracks_matched,9.0
VID27_s15_160_crop,all,consecutive_annotated,normal,id_switch_rate,0.04477611940298507
VID27_s15_160_crop,all,consecutive_annotated,normal,matched_pairs,67.0
VID27_s15_160_crop,all,consecutive_annotated,normal,reappear_events_judged,0.0
VID27_s15_160_crop,all,consecutive_annotated,normal,reappear_same_class,
VID27_s15_160_crop,all,consecutive_annotated,normal,reappear_same_gt,
VID27_s15_160_crop,all,consecutive_annotated,normal,reappearance_rate,0.1
VID27_s15_160_crop,all,consecutive_annotated,normal,seeded_regions,10.0
VID27_s15_160_crop,all,consecutive_annotated,normal,survival_backward,0.9533333333333334
VID27_s15_160_crop,all,consecutive_annotated,normal,survival_forward,0.9928571428571429
VID27_s15_160_crop,all,consecutive_annotated,rgb,class_switch_rate,0.0
VID27_s15_160_crop,all,consecutive_annotated,rgb,fragmentation_ge2,0.0
VID27_s15_160_crop,all,consecutive_annotated,rgb,fragmentation_mean,1.0
VID27_s15_160_crop,all,consecutive_annotated,rgb,gt_tracks_matched,9.0
VID27_s15_160_crop,all,consecutive_annotated,rgb,id_switch_rate,0.031578947368421054
VID27_s15_160_crop,all,consecutive_annotated,rgb,matched_pairs,95.0
VID27_s15_160_crop,all,consecutive_annotated,rgb,reappear_events_judged,0.0
VID27_s15_160_crop,all,consecutive_annotated,rgb,reappear_same_class,
VID27_s15_160_crop,all,consecutive_annotated,rgb,reappear_same_gt,
VID27_s15_160_crop,all,consecutive_annotated,rgb,reappearance_rate,0.2857142857142857
VID27_s15_160_crop,all,consecutive_annotated,rgb,seeded_regions,7.0
VID27_s15_160_crop,all,consecutive_annotated,rgb,survival_backward,0.8571428571428571
VID27_s15_160_crop,all,consecutive_annotated,rgb,survival_forward,0.9387755102040816
VID27_s15_400_crop,all,adjacent_samples,depth,class_switch_rate,0.0
VID27_s15_400_crop,all,adjacent_samples,depth,fragmentation_ge2,0.0
VID27_s15_400_crop,all,adjacent_samples,depth,fragmentation_mean,1.0
VID27_s15_400_crop,all,adjacent_samples,depth,gt_tracks_matched,15.0
VID27_s15_400_crop,all,adjacent_samples,depth,id_switch_rate,0.029850746268656716
VID27_s15_400_crop,all,adjacent_samples,depth,matched_pairs,67.0
VID27_s15_400_crop,all,adjacent_samples,depth,reappear_events_judged,0.0
VID27_s15_400_crop,all,adjacent_samples,depth,reappear_same_class,
VID27_s15_400_crop,all,adjacent_samples,depth,reappear_same_gt,
VID27_s15_400_crop,all,adjacent_samples,depth,reappearance_rate,0.375
VID27_s15_400_crop,all,adjacent_samples,depth,seeded_regions,8.0
VID27_s15_400_crop,all,adjacent_samples,depth,survival_backward,0.7
VID27_s15_400_crop,all,adjacent_samples,depth,survival_forward,0.9285714285714286
VID27_s15_400_crop,all,adjacent_samples,normal,class_switch_rate,0.0
VID27_s15_400_crop,all,adjacent_samples,normal,fragmentation_ge2,0.0
VID27_s15_400_crop,all,adjacent_samples,normal,fragmentation_mean,1.0
VID27_s15_400_crop,all,adjacent_samples,normal,gt_tracks_matched,20.0
VID27_s15_400_crop,all,adjacent_samples,normal,id_switch_rate,0.017543859649122806
VID27_s15_400_crop,all,adjacent_samples,normal,matched_pairs,114.0
VID27_s15_400_crop,all,adjacent_samples,normal,reappear_events_judged,0.0
VID27_s15_400_crop,all,adjacent_samples,normal,reappear_same_class,
VID27_s15_400_crop,all,adjacent_samples,normal,reappear_same_gt,
VID27_s15_400_crop,all,adjacent_samples,normal,reappearance_rate,0.23076923076923078
VID27_s15_400_crop,all,adjacent_samples,normal,seeded_regions,13.0
VID27_s15_400_crop,all,adjacent_samples,normal,survival_backward,0.8102564102564104
VID27_s15_400_crop,all,adjacent_samples,normal,survival_forward,0.9175824175824177
VID27_s15_400_crop,all,adjacent_samples,rgb,class_switch_rate,0.0
VID27_s15_400_crop,all,adjacent_samples,rgb,fragmentation_ge2,0.0
VID27_s15_400_crop,all,adjacent_samples,rgb,fragmentation_mean,1.0
VID27_s15_400_crop,all,adjacent_samples,rgb,gt_tracks_matched,24.0
VID27_s15_400_crop,all,adjacent_samples,rgb,id_switch_rate,0.017857142857142856
VID27_s15_400_crop,all,adjacent_samples,rgb,matched_pairs,112.0
VID27_s15_400_crop,all,adjacent_samples,rgb,reappear_events_judged,0.0
VID27_s15_400_crop,all,adjacent_samples,rgb,reappear_same_class,
VID27_s15_400_crop,all,adjacent_samples,rgb,reappear_same_gt,
VID27_s15_400_crop,all,adjacent_samples,rgb,reappearance_rate,0.23529411764705882
VID27_s15_400_crop,all,adjacent_samples,rgb,seeded_regions,17.0
VID27_s15_400_crop,all,adjacent_samples,rgb,survival_backward,0.8117647058823529
VID27_s15_400_crop,all,adjacent_samples,rgb,survival_forward,0.8655462184873949
VID27_s15_400_crop,all,consecutive_annotated,depth,class_switch_rate,0.0
VID27_s15_400_crop,all,consecutive_annotated,depth,fragmentation_ge2,0.09090909090909091
VID27_s15_400_crop,all,consecutive_annotated,depth,fragmentation_mean,1.0909090909090908
VID27_s15_400_crop,all,consecutive_annotated,depth,gt_tracks_matched,11.0
VID27_s15_400_crop,all,consecutive_annotated,depth,id_switch_rate,0.05555555555555555
VID27_s15_400_crop,all,consecutive_annotated,depth,matched_pairs,72.0
VID27_s15_400_crop,all,consecutive_annotated,depth,reappear_events_judged,0.0
VID27_s15_400_crop,all,consecutive_annotated,depth,reappear_same_class,
VID27_s15_400_crop,all,consecutive_annotated,depth,reappear_same_gt,
VID27_s15_400_crop,all,consecutive_annotated,depth,reappearance_rate,0.375
VID27_s15_400_crop,all,consecutive_annotated,depth,seeded_regions,8.0
VID27_s15_400_crop,all,consecutive_annotated,depth,survival_backward,0.7
VID27_s15_400_crop,all,consecutive_annotated,depth,survival_forward,0.9285714285714286
VID27_s15_400_crop,all,consecutive_annotated,normal,class_switch_rate,0.0
VID27_s15_400_crop,all,consecutive_annotated,normal,fragmentation_ge2,0.06666666666666667
VID27_s15_400_crop,all,consecutive_annotated,normal,fragmentation_mean,1.0666666666666667
VID27_s15_400_crop,all,consecutive_annotated,normal,gt_tracks_matched,15.0
VID27_s15_400_crop,all,consecutive_annotated,normal,id_switch_rate,0.03333333333333333
VID27_s15_400_crop,all,consecutive_annotated,normal,matched_pairs,120.0
VID27_s15_400_crop,all,consecutive_annotated,normal,reappear_events_judged,0.0
VID27_s15_400_crop,all,consecutive_annotated,normal,reappear_same_class,
VID27_s15_400_crop,all,consecutive_annotated,normal,reappear_same_gt,
VID27_s15_400_crop,all,consecutive_annotated,normal,reappearance_rate,0.23076923076923078
VID27_s15_400_crop,all,consecutive_annotated,normal,seeded_regions,13.0
VID27_s15_400_crop,all,consecutive_annotated,normal,survival_backward,0.8102564102564104
VID27_s15_400_crop,all,consecutive_annotated,normal,survival_forward,0.9175824175824177
VID27_s15_400_crop,all,consecutive_annotated,rgb,class_switch_rate,0.0
VID27_s15_400_crop,all,consecutive_annotated,rgb,fragmentation_ge2,0.1111111111111111
VID27_s15_400_crop,all,consecutive_annotated,rgb,fragmentation_mean,1.1111111111111112
VID27_s15_400_crop,all,consecutive_annotated,rgb,gt_tracks_matched,18.0
VID27_s15_400_crop,all,consecutive_annotated,rgb,id_switch_rate,0.03389830508474576
VID27_s15_400_crop,all,consecutive_annotated,rgb,matched_pairs,118.0
VID27_s15_400_crop,all,consecutive_annotated,rgb,reappear_events_judged,0.0
VID27_s15_400_crop,all,consecutive_annotated,rgb,reappear_same_class,
VID27_s15_400_crop,all,consecutive_annotated,rgb,reappear_same_gt,
VID27_s15_400_crop,all,consecutive_annotated,rgb,reappearance_rate,0.23529411764705882
VID27_s15_400_crop,all,consecutive_annotated,rgb,seeded_regions,17.0
VID27_s15_400_crop,all,consecutive_annotated,rgb,survival_backward,0.8117647058823529
VID27_s15_400_crop,all,consecutive_annotated,rgb,survival_forward,0.8655462184873949
VID28_s15_0_crop,all,adjacent_samples,depth,class_switch_rate,0.0
VID28_s15_0_crop,all,adjacent_samples,depth,fragmentation_ge2,0.0
VID28_s15_0_crop,all,adjacent_samples,depth,fragmentation_mean,1.0
VID28_s15_0_crop,all,adjacent_samples,depth,gt_tracks_matched,6.0
VID28_s15_0_crop,all,adjacent_samples,depth,id_switch_rate,0.024390243902439025
VID28_s15_0_crop,all,adjacent_samples,depth,matched_pairs,41.0
VID28_s15_0_crop,all,adjacent_samples,depth,reappear_events_judged,0.0
VID28_s15_0_crop,all,adjacent_samples,depth,reappear_same_class,
VID28_s15_0_crop,all,adjacent_samples,depth,reappear_same_gt,
VID28_s15_0_crop,all,adjacent_samples,depth,reappearance_rate,0.5
VID28_s15_0_crop,all,adjacent_samples,depth,seeded_regions,4.0
VID28_s15_0_crop,all,adjacent_samples,depth,survival_backward,0.85
VID28_s15_0_crop,all,adjacent_samples,depth,survival_forward,1.0
VID28_s15_0_crop,all,adjacent_samples,normal,class_switch_rate,0.0
VID28_s15_0_crop,all,adjacent_samples,normal,fragmentation_ge2,0.2
VID28_s15_0_crop,all,adjacent_samples,normal,fragmentation_mean,1.2
VID28_s15_0_crop,all,adjacent_samples,normal,gt_tracks_matched,5.0
VID28_s15_0_crop,all,adjacent_samples,normal,id_switch_rate,0.0136986301369863
VID28_s15_0_crop,all,adjacent_samples,normal,matched_pairs,73.0
VID28_s15_0_crop,all,adjacent_samples,normal,reappear_events_judged,0.0
VID28_s15_0_crop,all,adjacent_samples,normal,reappear_same_class,
VID28_s15_0_crop,all,adjacent_samples,normal,reappear_same_gt,
VID28_s15_0_crop,all,adjacent_samples,normal,reappearance_rate,0.5714285714285714
VID28_s15_0_crop,all,adjacent_samples,normal,seeded_regions,7.0
VID28_s15_0_crop,all,adjacent_samples,normal,survival_backward,0.7904761904761904
VID28_s15_0_crop,all,adjacent_samples,normal,survival_forward,0.9183673469387755
VID28_s15_0_crop,all,adjacent_samples,rgb,class_switch_rate,0.04225352112676056
VID28_s15_0_crop,all,adjacent_samples,rgb,fragmentation_ge2,0.0
VID28_s15_0_crop,all,adjacent_samples,rgb,fragmentation_mean,1.0
VID28_s15_0_crop,all,adjacent_samples,rgb,gt_tracks_matched,16.0
VID28_s15_0_crop,all,adjacent_samples,rgb,id_switch_rate,0.08450704225352113
VID28_s15_0_crop,all,adjacent_samples,rgb,matched_pairs,71.0
VID28_s15_0_crop,all,adjacent_samples,rgb,reappear_events_judged,6.0
VID28_s15_0_crop,all,adjacent_samples,rgb,reappear_same_class,1.0
VID28_s15_0_crop,all,adjacent_samples,rgb,reappear_same_gt,0.16666666666666666
VID28_s15_0_crop,all,adjacent_samples,rgb,reappearance_rate,0.6818181818181818
VID28_s15_0_crop,all,adjacent_samples,rgb,seeded_regions,22.0
VID28_s15_0_crop,all,adjacent_samples,rgb,survival_backward,0.6757575757575758
VID28_s15_0_crop,all,adjacent_samples,rgb,survival_forward,0.7727272727272727
VID28_s15_0_crop,all,consecutive_annotated,depth,class_switch_rate,0.0
VID28_s15_0_crop,all,consecutive_annotated,depth,fragmentation_ge2,0.0
VID28_s15_0_crop,all,consecutive_annotated,depth,fragmentation_mean,1.0
VID28_s15_0_crop,all,consecutive_annotated,depth,gt_tracks_matched,6.0
VID28_s15_0_crop,all,consecutive_annotated,depth,id_switch_rate,0.024390243902439025
VID28_s15_0_crop,all,consecutive_annotated,depth,matched_pairs,41.0
VID28_s15_0_crop,all,consecutive_annotated,depth,reappear_events_judged,0.0
VID28_s15_0_crop,all,consecutive_annotated,depth,reappear_same_class,
VID28_s15_0_crop,all,consecutive_annotated,depth,reappear_same_gt,
VID28_s15_0_crop,all,consecutive_annotated,depth,reappearance_rate,0.5
VID28_s15_0_crop,all,consecutive_annotated,depth,seeded_regions,4.0
VID28_s15_0_crop,all,consecutive_annotated,depth,survival_backward,0.85
VID28_s15_0_crop,all,consecutive_annotated,depth,survival_forward,1.0
VID28_s15_0_crop,all,consecutive_annotated,normal,class_switch_rate,0.0
VID28_s15_0_crop,all,consecutive_annotated,normal,fragmentation_ge2,0.2
VID28_s15_0_crop,all,consecutive_annotated,normal,fragmentation_mean,1.2
VID28_s15_0_crop,all,consecutive_annotated,normal,gt_tracks_matched,5.0
VID28_s15_0_crop,all,consecutive_annotated,normal,id_switch_rate,0.0136986301369863
VID28_s15_0_crop,all,consecutive_annotated,normal,matched_pairs,73.0
VID28_s15_0_crop,all,consecutive_annotated,normal,reappear_events_judged,0.0
VID28_s15_0_crop,all,consecutive_annotated,normal,reappear_same_class,
VID28_s15_0_crop,all,consecutive_annotated,normal,reappear_same_gt,
VID28_s15_0_crop,all,consecutive_annotated,normal,reappearance_rate,0.5714285714285714
VID28_s15_0_crop,all,consecutive_annotated,normal,seeded_regions,7.0
VID28_s15_0_crop,all,consecutive_annotated,normal,survival_backward,0.7904761904761904
VID28_s15_0_crop,all,consecutive_annotated,normal,survival_forward,0.9183673469387755
VID28_s15_0_crop,all,consecutive_annotated,rgb,class_switch_rate,0.04225352112676056
VID28_s15_0_crop,all,consecutive_annotated,rgb,fragmentation_ge2,0.0
VID28_s15_0_crop,all,consecutive_annotated,rgb,fragmentation_mean,1.0
VID28_s15_0_crop,all,consecutive_annotated,rgb,gt_tracks_matched,16.0
VID28_s15_0_crop,all,consecutive_annotated,rgb,id_switch_rate,0.08450704225352113
VID28_s15_0_crop,all,consecutive_annotated,rgb,matched_pairs,71.0
VID28_s15_0_crop,all,consecutive_annotated,rgb,reappear_events_judged,6.0
VID28_s15_0_crop,all,consecutive_annotated,rgb,reappear_same_class,1.0
VID28_s15_0_crop,all,consecutive_annotated,rgb,reappear_same_gt,0.16666666666666666
VID28_s15_0_crop,all,consecutive_annotated,rgb,reappearance_rate,0.6818181818181818
VID28_s15_0_crop,all,consecutive_annotated,rgb,seeded_regions,22.0
VID28_s15_0_crop,all,consecutive_annotated,rgb,survival_backward,0.6757575757575758
VID28_s15_0_crop,all,consecutive_annotated,rgb,survival_forward,0.7727272727272727
VID28_s15_0_crop,frames_in_order,adjacent_samples,depth,class_switch_rate,0.0
VID28_s15_0_crop,frames_in_order,adjacent_samples,depth,fragmentation_ge2,0.0
VID28_s15_0_crop,frames_in_order,adjacent_samples,depth,fragmentation_mean,1.0
VID28_s15_0_crop,frames_in_order,adjacent_samples,depth,gt_tracks_matched,6.0
VID28_s15_0_crop,frames_in_order,adjacent_samples,depth,id_switch_rate,0.024390243902439025
VID28_s15_0_crop,frames_in_order,adjacent_samples,depth,matched_pairs,41.0
VID28_s15_0_crop,frames_in_order,adjacent_samples,depth,reappear_events_judged,0.0
VID28_s15_0_crop,frames_in_order,adjacent_samples,depth,reappear_same_class,
VID28_s15_0_crop,frames_in_order,adjacent_samples,depth,reappear_same_gt,
VID28_s15_0_crop,frames_in_order,adjacent_samples,depth,reappearance_rate,0.5
VID28_s15_0_crop,frames_in_order,adjacent_samples,depth,seeded_regions,4.0
VID28_s15_0_crop,frames_in_order,adjacent_samples,depth,survival_backward,0.85
VID28_s15_0_crop,frames_in_order,adjacent_samples,depth,survival_forward,1.0
VID28_s15_0_crop,frames_in_order,adjacent_samples,normal,class_switch_rate,0.0
VID28_s15_0_crop,frames_in_order,adjacent_samples,normal,fragmentation_ge2,0.2
VID28_s15_0_crop,frames_in_order,adjacent_samples,normal,fragmentation_mean,1.2
VID28_s15_0_crop,frames_in_order,adjacent_samples,normal,gt_tracks_matched,5.0
VID28_s15_0_crop,frames_in_order,adjacent_samples,normal,id_switch_rate,0.0136986301369863
VID28_s15_0_crop,frames_in_order,adjacent_samples,normal,matched_pairs,73.0
VID28_s15_0_crop,frames_in_order,adjacent_samples,normal,reappear_events_judged,0.0
VID28_s15_0_crop,frames_in_order,adjacent_samples,normal,reappear_same_class,
VID28_s15_0_crop,frames_in_order,adjacent_samples,normal,reappear_same_gt,
VID28_s15_0_crop,frames_in_order,adjacent_samples,normal,reappearance_rate,0.5714285714285714
VID28_s15_0_crop,frames_in_order,adjacent_samples,normal,seeded_regions,7.0
VID28_s15_0_crop,frames_in_order,adjacent_samples,normal,survival_backward,0.7904761904761904
VID28_s15_0_crop,frames_in_order,adjacent_samples,normal,survival_forward,0.9183673469387755
VID28_s15_0_crop,frames_in_order,adjacent_samples,rgb,class_switch_rate,0.04225352112676056
VID28_s15_0_crop,frames_in_order,adjacent_samples,rgb,fragmentation_ge2,0.0
VID28_s15_0_crop,frames_in_order,adjacent_samples,rgb,fragmentation_mean,1.0
VID28_s15_0_crop,frames_in_order,adjacent_samples,rgb,gt_tracks_matched,16.0
VID28_s15_0_crop,frames_in_order,adjacent_samples,rgb,id_switch_rate,0.08450704225352113
VID28_s15_0_crop,frames_in_order,adjacent_samples,rgb,matched_pairs,71.0
VID28_s15_0_crop,frames_in_order,adjacent_samples,rgb,reappear_events_judged,6.0
VID28_s15_0_crop,frames_in_order,adjacent_samples,rgb,reappear_same_class,1.0
VID28_s15_0_crop,frames_in_order,adjacent_samples,rgb,reappear_same_gt,0.16666666666666666
VID28_s15_0_crop,frames_in_order,adjacent_samples,rgb,reappearance_rate,0.6818181818181818
VID28_s15_0_crop,frames_in_order,adjacent_samples,rgb,seeded_regions,22.0
VID28_s15_0_crop,frames_in_order,adjacent_samples,rgb,survival_backward,0.6757575757575758
VID28_s15_0_crop,frames_in_order,adjacent_samples,rgb,survival_forward,0.7727272727272727
VID28_s15_0_crop,frames_in_order,consecutive_annotated,depth,class_switch_rate,0.0
VID28_s15_0_crop,frames_in_order,consecutive_annotated,depth,fragmentation_ge2,0.0
VID28_s15_0_crop,frames_in_order,consecutive_annotated,depth,fragmentation_mean,1.0
VID28_s15_0_crop,frames_in_order,consecutive_annotated,depth,gt_tracks_matched,6.0
VID28_s15_0_crop,frames_in_order,consecutive_annotated,depth,id_switch_rate,0.024390243902439025
VID28_s15_0_crop,frames_in_order,consecutive_annotated,depth,matched_pairs,41.0
VID28_s15_0_crop,frames_in_order,consecutive_annotated,depth,reappear_events_judged,0.0
VID28_s15_0_crop,frames_in_order,consecutive_annotated,depth,reappear_same_class,
VID28_s15_0_crop,frames_in_order,consecutive_annotated,depth,reappear_same_gt,
VID28_s15_0_crop,frames_in_order,consecutive_annotated,depth,reappearance_rate,0.5
VID28_s15_0_crop,frames_in_order,consecutive_annotated,depth,seeded_regions,4.0
VID28_s15_0_crop,frames_in_order,consecutive_annotated,depth,survival_backward,0.85
VID28_s15_0_crop,frames_in_order,consecutive_annotated,depth,survival_forward,1.0
VID28_s15_0_crop,frames_in_order,consecutive_annotated,normal,class_switch_rate,0.0
VID28_s15_0_crop,frames_in_order,consecutive_annotated,normal,fragmentation_ge2,0.2
VID28_s15_0_crop,frames_in_order,consecutive_annotated,normal,fragmentation_mean,1.2
VID28_s15_0_crop,frames_in_order,consecutive_annotated,normal,gt_tracks_matched,5.0
VID28_s15_0_crop,frames_in_order,consecutive_annotated,normal,id_switch_rate,0.0136986301369863
VID28_s15_0_crop,frames_in_order,consecutive_annotated,normal,matched_pairs,73.0
VID28_s15_0_crop,frames_in_order,consecutive_annotated,normal,reappear_events_judged,0.0
VID28_s15_0_crop,frames_in_order,consecutive_annotated,normal,reappear_same_class,
VID28_s15_0_crop,frames_in_order,consecutive_annotated,normal,reappear_same_gt,
VID28_s15_0_crop,frames_in_order,consecutive_annotated,normal,reappearance_rate,0.5714285714285714
VID28_s15_0_crop,frames_in_order,consecutive_annotated,normal,seeded_regions,7.0
VID28_s15_0_crop,frames_in_order,consecutive_annotated,normal,survival_backward,0.7904761904761904
VID28_s15_0_crop,frames_in_order,consecutive_annotated,normal,survival_forward,0.9183673469387755
VID28_s15_0_crop,frames_in_order,consecutive_annotated,rgb,class_switch_rate,0.04225352112676056
VID28_s15_0_crop,frames_in_order,consecutive_annotated,rgb,fragmentation_ge2,0.0
VID28_s15_0_crop,frames_in_order,consecutive_annotated,rgb,fragmentation_mean,1.0
VID28_s15_0_crop,frames_in_order,consecutive_annotated,rgb,gt_tracks_matched,16.0
VID28_s15_0_crop,frames_in_order,consecutive_annotated,rgb,id_switch_rate,0.08450704225352113
VID28_s15_0_crop,frames_in_order,consecutive_annotated,rgb,matched_pairs,71.0
VID28_s15_0_crop,frames_in_order,consecutive_annotated,rgb,reappear_events_judged,6.0
VID28_s15_0_crop,frames_in_order,consecutive_annotated,rgb,reappear_same_class,1.0
VID28_s15_0_crop,frames_in_order,consecutive_annotated,rgb,reappear_same_gt,0.16666666666666666
VID28_s15_0_crop,frames_in_order,consecutive_annotated,rgb,reappearance_rate,0.6818181818181818
VID28_s15_0_crop,frames_in_order,consecutive_annotated,rgb,seeded_regions,22.0
VID28_s15_0_crop,frames_in_order,consecutive_annotated,rgb,survival_backward,0.6757575757575758
VID28_s15_0_crop,frames_in_order,consecutive_annotated,rgb,survival_forward,0.7727272727272727
VID35_s15_780_crop,all,adjacent_samples,depth,class_switch_rate,0.0
VID35_s15_780_crop,all,adjacent_samples,depth,fragmentation_ge2,0.1111111111111111
VID35_s15_780_crop,all,adjacent_samples,depth,fragmentation_mean,1.1111111111111112
VID35_s15_780_crop,all,adjacent_samples,depth,gt_tracks_matched,9.0
VID35_s15_780_crop,all,adjacent_samples,depth,id_switch_rate,0.0
VID35_s15_780_crop,all,adjacent_samples,depth,matched_pairs,35.0
VID35_s15_780_crop,all,adjacent_samples,depth,reappear_events_judged,0.0
VID35_s15_780_crop,all,adjacent_samples,depth,reappear_same_class,
VID35_s15_780_crop,all,adjacent_samples,depth,reappear_same_gt,
VID35_s15_780_crop,all,adjacent_samples,depth,reappearance_rate,0.16666666666666666
VID35_s15_780_crop,all,adjacent_samples,depth,seeded_regions,6.0
VID35_s15_780_crop,all,adjacent_samples,depth,survival_backward,1.0
VID35_s15_780_crop,all,adjacent_samples,depth,survival_forward,0.9404761904761904
VID35_s15_780_crop,all,adjacent_samples,normal,class_switch_rate,0.041666666666666664
VID35_s15_780_crop,all,adjacent_samples,normal,fragmentation_ge2,0.11764705882352941
VID35_s15_780_crop,all,adjacent_samples,normal,fragmentation_mean,1.1176470588235294
VID35_s15_780_crop,all,adjacent_samples,normal,gt_tracks_matched,17.0
VID35_s15_780_crop,all,adjacent_samples,normal,id_switch_rate,0.0625
VID35_s15_780_crop,all,adjacent_samples,normal,matched_pairs,48.0
VID35_s15_780_crop,all,adjacent_samples,normal,reappear_events_judged,1.0
VID35_s15_780_crop,all,adjacent_samples,normal,reappear_same_class,1.0
VID35_s15_780_crop,all,adjacent_samples,normal,reappear_same_gt,0.0
VID35_s15_780_crop,all,adjacent_samples,normal,reappearance_rate,0.42857142857142855
VID35_s15_780_crop,all,adjacent_samples,normal,seeded_regions,7.0
VID35_s15_780_crop,all,adjacent_samples,normal,survival_backward,0.9047619047619048
VID35_s15_780_crop,all,adjacent_samples,normal,survival_forward,0.8673469387755102
VID35_s15_780_crop,all,adjacent_samples,rgb,class_switch_rate,0.0
VID35_s15_780_crop,all,adjacent_samples,rgb,fragmentation_ge2,0.05
VID35_s15_780_crop,all,adjacent_samples,rgb,fragmentation_mean,1.05
VID35_s15_780_crop,all,adjacent_samples,rgb,gt_tracks_matched,20.0
VID35_s15_780_crop,all,adjacent_samples,rgb,id_switch_rate,0.06153846153846154
VID35_s15_780_crop,all,adjacent_samples,rgb,matched_pairs,65.0
VID35_s15_780_crop,all,adjacent_samples,rgb,reappear_events_judged,0.0
VID35_s15_780_crop,all,adjacent_samples,rgb,reappear_same_class,
VID35_s15_780_crop,all,adjacent_samples,rgb,reappear_same_gt,
VID35_s15_780_crop,all,adjacent_samples,rgb,reappearance_rate,0.25
VID35_s15_780_crop,all,adjacent_samples,rgb,seeded_regions,12.0
VID35_s15_780_crop,all,adjacent_samples,rgb,survival_backward,0.8333333333333334
VID35_s15_780_crop,all,adjacent_samples,rgb,survival_forward,0.8809523809523809
VID35_s15_780_crop,all,consecutive_annotated,depth,class_switch_rate,0.0
VID35_s15_780_crop,all,consecutive_annotated,depth,fragmentation_ge2,0.3333333333333333
VID35_s15_780_crop,all,consecutive_annotated,depth,fragmentation_mean,1.3333333333333333
VID35_s15_780_crop,all,consecutive_annotated,depth,gt_tracks_matched,3.0
VID35_s15_780_crop,all,consecutive_annotated,depth,id_switch_rate,0.0
VID35_s15_780_crop,all,consecutive_annotated,depth,matched_pairs,40.0
VID35_s15_780_crop,all,consecutive_annotated,depth,reappear_events_judged,0.0
VID35_s15_780_crop,all,consecutive_annotated,depth,reappear_same_class,
VID35_s15_780_crop,all,consecutive_annotated,depth,reappear_same_gt,
VID35_s15_780_crop,all,consecutive_annotated,depth,reappearance_rate,0.16666666666666666
VID35_s15_780_crop,all,consecutive_annotated,depth,seeded_regions,6.0
VID35_s15_780_crop,all,consecutive_annotated,depth,survival_backward,1.0
VID35_s15_780_crop,all,consecutive_annotated,depth,survival_forward,0.9404761904761904
VID35_s15_780_crop,all,consecutive_annotated,normal,class_switch_rate,0.03571428571428571
VID35_s15_780_crop,all,consecutive_annotated,normal,fragmentation_ge2,0.1111111111111111
VID35_s15_780_crop,all,consecutive_annotated,normal,fragmentation_mean,1.1111111111111112
VID35_s15_780_crop,all,consecutive_annotated,normal,gt_tracks_matched,9.0
VID35_s15_780_crop,all,consecutive_annotated,normal,id_switch_rate,0.07142857142857142
VID35_s15_780_crop,all,consecutive_annotated,normal,matched_pairs,56.0
VID35_s15_780_crop,all,consecutive_annotated,normal,reappear_events_judged,1.0
VID35_s15_780_crop,all,consecutive_annotated,normal,reappear_same_class,1.0
VID35_s15_780_crop,all,consecutive_annotated,normal,reappear_same_gt,1.0
VID35_s15_780_crop,all,consecutive_annotated,normal,reappearance_rate,0.42857142857142855
VID35_s15_780_crop,all,consecutive_annotated,normal,seeded_regions,7.0
VID35_s15_780_crop,all,consecutive_annotated,normal,survival_backward,0.9047619047619048
VID35_s15_780_crop,all,consecutive_annotated,normal,survival_forward,0.8673469387755102
VID35_s15_780_crop,all,consecutive_annotated,rgb,class_switch_rate,0.0
VID35_s15_780_crop,all,consecutive_annotated,rgb,fragmentation_ge2,0.08333333333333333
VID35_s15_780_crop,all,consecutive_annotated,rgb,fragmentation_mean,1.0833333333333333
VID35_s15_780_crop,all,consecutive_annotated,rgb,gt_tracks_matched,12.0
VID35_s15_780_crop,all,consecutive_annotated,rgb,id_switch_rate,0.08108108108108109
VID35_s15_780_crop,all,consecutive_annotated,rgb,matched_pairs,74.0
VID35_s15_780_crop,all,consecutive_annotated,rgb,reappear_events_judged,0.0
VID35_s15_780_crop,all,consecutive_annotated,rgb,reappear_same_class,
VID35_s15_780_crop,all,consecutive_annotated,rgb,reappear_same_gt,
VID35_s15_780_crop,all,consecutive_annotated,rgb,reappearance_rate,0.25
VID35_s15_780_crop,all,consecutive_annotated,rgb,seeded_regions,12.0
VID35_s15_780_crop,all,consecutive_annotated,rgb,survival_backward,0.8333333333333334
VID35_s15_780_crop,all,consecutive_annotated,rgb,survival_forward,0.8809523809523809
VID35_s15_780_crop,frames_in_order,adjacent_samples,depth,class_switch_rate,0.0
VID35_s15_780_crop,frames_in_order,adjacent_samples,depth,fragmentation_ge2,0.1111111111111111
VID35_s15_780_crop,frames_in_order,adjacent_samples,depth,fragmentation_mean,1.1111111111111112
VID35_s15_780_crop,frames_in_order,adjacent_samples,depth,gt_tracks_matched,9.0
VID35_s15_780_crop,frames_in_order,adjacent_samples,depth,id_switch_rate,0.0
VID35_s15_780_crop,frames_in_order,adjacent_samples,depth,matched_pairs,35.0
VID35_s15_780_crop,frames_in_order,adjacent_samples,depth,reappear_events_judged,0.0
VID35_s15_780_crop,frames_in_order,adjacent_samples,depth,reappear_same_class,
VID35_s15_780_crop,frames_in_order,adjacent_samples,depth,reappear_same_gt,
VID35_s15_780_crop,frames_in_order,adjacent_samples,depth,reappearance_rate,0.16666666666666666
VID35_s15_780_crop,frames_in_order,adjacent_samples,depth,seeded_regions,6.0
VID35_s15_780_crop,frames_in_order,adjacent_samples,depth,survival_backward,1.0
VID35_s15_780_crop,frames_in_order,adjacent_samples,depth,survival_forward,0.9404761904761904
VID35_s15_780_crop,frames_in_order,adjacent_samples,normal,class_switch_rate,0.041666666666666664
VID35_s15_780_crop,frames_in_order,adjacent_samples,normal,fragmentation_ge2,0.11764705882352941
VID35_s15_780_crop,frames_in_order,adjacent_samples,normal,fragmentation_mean,1.1176470588235294
VID35_s15_780_crop,frames_in_order,adjacent_samples,normal,gt_tracks_matched,17.0
VID35_s15_780_crop,frames_in_order,adjacent_samples,normal,id_switch_rate,0.0625
VID35_s15_780_crop,frames_in_order,adjacent_samples,normal,matched_pairs,48.0
VID35_s15_780_crop,frames_in_order,adjacent_samples,normal,reappear_events_judged,1.0
VID35_s15_780_crop,frames_in_order,adjacent_samples,normal,reappear_same_class,1.0
VID35_s15_780_crop,frames_in_order,adjacent_samples,normal,reappear_same_gt,0.0
VID35_s15_780_crop,frames_in_order,adjacent_samples,normal,reappearance_rate,0.42857142857142855
VID35_s15_780_crop,frames_in_order,adjacent_samples,normal,seeded_regions,7.0
VID35_s15_780_crop,frames_in_order,adjacent_samples,normal,survival_backward,0.9047619047619048
VID35_s15_780_crop,frames_in_order,adjacent_samples,normal,survival_forward,0.8673469387755102
VID35_s15_780_crop,frames_in_order,adjacent_samples,rgb,class_switch_rate,0.0
VID35_s15_780_crop,frames_in_order,adjacent_samples,rgb,fragmentation_ge2,0.05
VID35_s15_780_crop,frames_in_order,adjacent_samples,rgb,fragmentation_mean,1.05
VID35_s15_780_crop,frames_in_order,adjacent_samples,rgb,gt_tracks_matched,20.0
VID35_s15_780_crop,frames_in_order,adjacent_samples,rgb,id_switch_rate,0.06153846153846154
VID35_s15_780_crop,frames_in_order,adjacent_samples,rgb,matched_pairs,65.0
VID35_s15_780_crop,frames_in_order,adjacent_samples,rgb,reappear_events_judged,0.0
VID35_s15_780_crop,frames_in_order,adjacent_samples,rgb,reappear_same_class,
VID35_s15_780_crop,frames_in_order,adjacent_samples,rgb,reappear_same_gt,
VID35_s15_780_crop,frames_in_order,adjacent_samples,rgb,reappearance_rate,0.25
VID35_s15_780_crop,frames_in_order,adjacent_samples,rgb,seeded_regions,12.0
VID35_s15_780_crop,frames_in_order,adjacent_samples,rgb,survival_backward,0.8333333333333334
VID35_s15_780_crop,frames_in_order,adjacent_samples,rgb,survival_forward,0.8809523809523809
VID35_s15_780_crop,frames_in_order,consecutive_annotated,depth,class_switch_rate,0.0
VID35_s15_780_crop,frames_in_order,consecutive_annotated,depth,fragmentation_ge2,0.3333333333333333
VID35_s15_780_crop,frames_in_order,consecutive_annotated,depth,fragmentation_mean,1.3333333333333333
VID35_s15_780_crop,frames_in_order,consecutive_annotated,depth,gt_tracks_matched,3.0
VID35_s15_780_crop,frames_in_order,consecutive_annotated,depth,id_switch_rate,0.0
VID35_s15_780_crop,frames_in_order,consecutive_annotated,depth,matched_pairs,40.0
VID35_s15_780_crop,frames_in_order,consecutive_annotated,depth,reappear_events_judged,0.0
VID35_s15_780_crop,frames_in_order,consecutive_annotated,depth,reappear_same_class,
VID35_s15_780_crop,frames_in_order,consecutive_annotated,depth,reappear_same_gt,
VID35_s15_780_crop,frames_in_order,consecutive_annotated,depth,reappearance_rate,0.16666666666666666
VID35_s15_780_crop,frames_in_order,consecutive_annotated,depth,seeded_regions,6.0
VID35_s15_780_crop,frames_in_order,consecutive_annotated,depth,survival_backward,1.0
VID35_s15_780_crop,frames_in_order,consecutive_annotated,depth,survival_forward,0.9404761904761904
VID35_s15_780_crop,frames_in_order,consecutive_annotated,normal,class_switch_rate,0.03571428571428571
VID35_s15_780_crop,frames_in_order,consecutive_annotated,normal,fragmentation_ge2,0.1111111111111111
VID35_s15_780_crop,frames_in_order,consecutive_annotated,normal,fragmentation_mean,1.1111111111111112
VID35_s15_780_crop,frames_in_order,consecutive_annotated,normal,gt_tracks_matched,9.0
VID35_s15_780_crop,frames_in_order,consecutive_annotated,normal,id_switch_rate,0.07142857142857142
VID35_s15_780_crop,frames_in_order,consecutive_annotated,normal,matched_pairs,56.0
VID35_s15_780_crop,frames_in_order,consecutive_annotated,normal,reappear_events_judged,1.0
VID35_s15_780_crop,frames_in_order,consecutive_annotated,normal,reappear_same_class,1.0
VID35_s15_780_crop,frames_in_order,consecutive_annotated,normal,reappear_same_gt,1.0
VID35_s15_780_crop,frames_in_order,consecutive_annotated,normal,reappearance_rate,0.42857142857142855
VID35_s15_780_crop,frames_in_order,consecutive_annotated,normal,seeded_regions,7.0
VID35_s15_780_crop,frames_in_order,consecutive_annotated,normal,survival_backward,0.9047619047619048
VID35_s15_780_crop,frames_in_order,consecutive_annotated,normal,survival_forward,0.8673469387755102
VID35_s15_780_crop,frames_in_order,consecutive_annotated,rgb,class_switch_rate,0.0
VID35_s15_780_crop,frames_in_order,consecutive_annotated,rgb,fragmentation_ge2,0.08333333333333333
VID35_s15_780_crop,frames_in_order,consecutive_annotated,rgb,fragmentation_mean,1.0833333333333333
VID35_s15_780_crop,frames_in_order,consecutive_annotated,rgb,gt_tracks_matched,12.0
VID35_s15_780_crop,frames_in_order,consecutive_annotated,rgb,id_switch_rate,0.08108108108108109
VID35_s15_780_crop,frames_in_order,consecutive_annotated,rgb,matched_pairs,74.0
VID35_s15_780_crop,frames_in_order,consecutive_annotated,rgb,reappear_events_judged,0.0
VID35_s15_780_crop,frames_in_order,consecutive_annotated,rgb,reappear_same_class,
VID35_s15_780_crop,frames_in_order,consecutive_annotated,rgb,reappear_same_gt,
VID35_s15_780_crop,frames_in_order,consecutive_annotated,rgb,reappearance_rate,0.25
VID35_s15_780_crop,frames_in_order,consecutive_annotated,rgb,seeded_regions,12.0
VID35_s15_780_crop,frames_in_order,consecutive_annotated,rgb,survival_backward,0.8333333333333334
VID35_s15_780_crop,frames_in_order,consecutive_annotated,rgb,survival_forward,0.8809523809523809
VID37_s15_528_crop,all,adjacent_samples,depth,class_switch_rate,0.0
VID37_s15_528_crop,all,adjacent_samples,depth,fragmentation_ge2,0.0
VID37_s15_528_crop,all,adjacent_samples,depth,fragmentation_mean,1.0
VID37_s15_528_crop,all,adjacent_samples,depth,gt_tracks_matched,5.0
VID37_s15_528_crop,all,adjacent_samples,depth,id_switch_rate,0.0
VID37_s15_528_crop,all,adjacent_samples,depth,matched_pairs,25.0
VID37_s15_528_crop,all,adjacent_samples,depth,reappear_events_judged,0.0
VID37_s15_528_crop,all,adjacent_samples,depth,reappear_same_class,
VID37_s15_528_crop,all,adjacent_samples,depth,reappear_same_gt,
VID37_s15_528_crop,all,adjacent_samples,depth,reappearance_rate,0.0
VID37_s15_528_crop,all,adjacent_samples,depth,seeded_regions,3.0
VID37_s15_528_crop,all,adjacent_samples,depth,survival_backward,0.9777777777777779
VID37_s15_528_crop,all,adjacent_samples,depth,survival_forward,1.0
VID37_s15_528_crop,all,adjacent_samples,normal,class_switch_rate,0.0
VID37_s15_528_crop,all,adjacent_samples,normal,fragmentation_ge2,0.25
VID37_s15_528_crop,all,adjacent_samples,normal,fragmentation_mean,1.25
VID37_s15_528_crop,all,adjacent_samples,normal,gt_tracks_matched,8.0
VID37_s15_528_crop,all,adjacent_samples,normal,id_switch_rate,0.0
VID37_s15_528_crop,all,adjacent_samples,normal,matched_pairs,33.0
VID37_s15_528_crop,all,adjacent_samples,normal,reappear_events_judged,0.0
VID37_s15_528_crop,all,adjacent_samples,normal,reappear_same_class,
VID37_s15_528_crop,all,adjacent_samples,normal,reappear_same_gt,
VID37_s15_528_crop,all,adjacent_samples,normal,reappearance_rate,0.2222222222222222
VID37_s15_528_crop,all,adjacent_samples,normal,seeded_regions,9.0
VID37_s15_528_crop,all,adjacent_samples,normal,survival_backward,0.911111111111111
VID37_s15_528_crop,all,adjacent_samples,normal,survival_forward,0.9920634920634921
VID37_s15_528_crop,all,adjacent_samples,rgb,class_switch_rate,0.0
VID37_s15_528_crop,all,adjacent_samples,rgb,fragmentation_ge2,0.09090909090909091
VID37_s15_528_crop,all,adjacent_samples,rgb,fragmentation_mean,1.1363636363636365
VID37_s15_528_crop,all,adjacent_samples,rgb,gt_tracks_matched,22.0
VID37_s15_528_crop,all,adjacent_samples,rgb,id_switch_rate,0.0967741935483871
VID37_s15_528_crop,all,adjacent_samples,rgb,matched_pairs,93.0
VID37_s15_528_crop,all,adjacent_samples,rgb,reappear_events_judged,0.0
VID37_s15_528_crop,all,adjacent_samples,rgb,reappear_same_class,
VID37_s15_528_crop,all,adjacent_samples,rgb,reappear_same_gt,
VID37_s15_528_crop,all,adjacent_samples,rgb,reappearance_rate,0.3125
VID37_s15_528_crop,all,adjacent_samples,rgb,seeded_regions,16.0
VID37_s15_528_crop,all,adjacent_samples,rgb,survival_backward,0.925
VID37_s15_528_crop,all,adjacent_samples,rgb,survival_forward,0.9375
VID37_s15_528_crop,all,consecutive_annotated,depth,class_switch_rate,0.0
VID37_s15_528_crop,all,consecutive_annotated,depth,fragmentation_ge2,0.0
VID37_s15_528_crop,all,consecutive_annotated,depth,fragmentation_mean,1.0
VID37_s15_528_crop,all,consecutive_annotated,depth,gt_tracks_matched,4.0
VID37_s15_528_crop,all,consecutive_annotated,depth,id_switch_rate,0.0
VID37_s15_528_crop,all,consecutive_annotated,depth,matched_pairs,26.0
VID37_s15_528_crop,all,consecutive_annotated,depth,reappear_events_judged,0.0
VID37_s15_528_crop,all,consecutive_annotated,depth,reappear_same_class,
VID37_s15_528_crop,all,consecutive_annotated,depth,reappear_same_gt,
VID37_s15_528_crop,all,consecutive_annotated,depth,reappearance_rate,0.0
VID37_s15_528_crop,all,consecutive_annotated,depth,seeded_regions,3.0
VID37_s15_528_crop,all,consecutive_annotated,depth,survival_backward,0.9777777777777779
VID37_s15_528_crop,all,consecutive_annotated,depth,survival_forward,1.0
VID37_s15_528_crop,all,consecutive_annotated,normal,class_switch_rate,0.0
VID37_s15_528_crop,all,consecutive_annotated,normal,fragmentation_ge2,0.16666666666666666
VID37_s15_528_crop,all,consecutive_annotated,normal,fragmentation_mean,1.1666666666666667
VID37_s15_528_crop,all,consecutive_annotated,normal,gt_tracks_matched,6.0
VID37_s15_528_crop,all,consecutive_annotated,normal,id_switch_rate,0.0
VID37_s15_528_crop,all,consecutive_annotated,normal,matched_pairs,34.0
VID37_s15_528_crop,all,consecutive_annotated,normal,reappear_events_judged,0.0
VID37_s15_528_crop,all,consecutive_annotated,normal,reappear_same_class,
VID37_s15_528_crop,all,consecutive_annotated,normal,reappear_same_gt,
VID37_s15_528_crop,all,consecutive_annotated,normal,reappearance_rate,0.2222222222222222
VID37_s15_528_crop,all,consecutive_annotated,normal,seeded_regions,9.0
VID37_s15_528_crop,all,consecutive_annotated,normal,survival_backward,0.911111111111111
VID37_s15_528_crop,all,consecutive_annotated,normal,survival_forward,0.9920634920634921
VID37_s15_528_crop,all,consecutive_annotated,rgb,class_switch_rate,0.0
VID37_s15_528_crop,all,consecutive_annotated,rgb,fragmentation_ge2,0.10526315789473684
VID37_s15_528_crop,all,consecutive_annotated,rgb,fragmentation_mean,1.1578947368421053
VID37_s15_528_crop,all,consecutive_annotated,rgb,gt_tracks_matched,19.0
VID37_s15_528_crop,all,consecutive_annotated,rgb,id_switch_rate,0.10309278350515463
VID37_s15_528_crop,all,consecutive_annotated,rgb,matched_pairs,97.0
VID37_s15_528_crop,all,consecutive_annotated,rgb,reappear_events_judged,0.0
VID37_s15_528_crop,all,consecutive_annotated,rgb,reappear_same_class,
VID37_s15_528_crop,all,consecutive_annotated,rgb,reappear_same_gt,
VID37_s15_528_crop,all,consecutive_annotated,rgb,reappearance_rate,0.3125
VID37_s15_528_crop,all,consecutive_annotated,rgb,seeded_regions,16.0
VID37_s15_528_crop,all,consecutive_annotated,rgb,survival_backward,0.925
VID37_s15_528_crop,all,consecutive_annotated,rgb,survival_forward,0.9375
VID43_s15_387_crop,all,adjacent_samples,depth,class_switch_rate,0.0
VID43_s15_387_crop,all,adjacent_samples,depth,fragmentation_ge2,0.058823529411764705
VID43_s15_387_crop,all,adjacent_samples,depth,fragmentation_mean,1.0588235294117647
VID43_s15_387_crop,all,adjacent_samples,depth,gt_tracks_matched,17.0
VID43_s15_387_crop,all,adjacent_samples,depth,id_switch_rate,0.02531645569620253
VID43_s15_387_crop,all,adjacent_samples,depth,matched_pairs,158.0
VID43_s15_387_crop,all,adjacent_samples,depth,reappear_events_judged,4.0
VID43_s15_387_crop,all,adjacent_samples,depth,reappear_same_class,1.0
VID43_s15_387_crop,all,adjacent_samples,depth,reappear_same_gt,0.0
VID43_s15_387_crop,all,adjacent_samples,depth,reappearance_rate,0.125
VID43_s15_387_crop,all,adjacent_samples,depth,seeded_regions,8.0
VID43_s15_387_crop,all,adjacent_samples,depth,survival_backward,0.9583333333333333
VID43_s15_387_crop,all,adjacent_samples,depth,survival_forward,0.7053571428571428
VID43_s15_387_crop,all,adjacent_samples,normal,class_switch_rate,0.0
VID43_s15_387_crop,all,adjacent_samples,normal,fragmentation_ge2,0.07692307692307693
VID43_s15_387_crop,all,adjacent_samples,normal,fragmentation_mean,1.0769230769230769
VID43_s15_387_crop,all,adjacent_samples,normal,gt_tracks_matched,13.0
VID43_s15_387_crop,all,adjacent_samples,normal,id_switch_rate,0.03428571428571429
VID43_s15_387_crop,all,adjacent_samples,normal,matched_pairs,175.0
VID43_s15_387_crop,all,adjacent_samples,normal,reappear_events_judged,0.0
VID43_s15_387_crop,all,adjacent_samples,normal,reappear_same_class,
VID43_s15_387_crop,all,adjacent_samples,normal,reappear_same_gt,
VID43_s15_387_crop,all,adjacent_samples,normal,reappearance_rate,0.0
VID43_s15_387_crop,all,adjacent_samples,normal,seeded_regions,9.0
VID43_s15_387_crop,all,adjacent_samples,normal,survival_backward,1.0
VID43_s15_387_crop,all,adjacent_samples,normal,survival_forward,0.6984126984126985
VID43_s15_387_crop,all,adjacent_samples,rgb,class_switch_rate,0.0
VID43_s15_387_crop,all,adjacent_samples,rgb,fragmentation_ge2,0.08333333333333333
VID43_s15_387_crop,all,adjacent_samples,rgb,fragmentation_mean,1.0833333333333333
VID43_s15_387_crop,all,adjacent_samples,rgb,gt_tracks_matched,12.0
VID43_s15_387_crop,all,adjacent_samples,rgb,id_switch_rate,0.028089887640449437
VID43_s15_387_crop,all,adjacent_samples,rgb,matched_pairs,178.0
VID43_s15_387_crop,all,adjacent_samples,rgb,reappear_events_judged,0.0
VID43_s15_387_crop,all,adjacent_samples,rgb,reappear_same_class,
VID43_s15_387_crop,all,adjacent_samples,rgb,reappear_same_gt,
VID43_s15_387_crop,all,adjacent_samples,rgb,reappearance_rate,0.05555555555555555
VID43_s15_387_crop,all,adjacent_samples,rgb,seeded_regions,18.0
VID43_s15_387_crop,all,adjacent_samples,rgb,survival_backward,0.9777777777777779
VID43_s15_387_crop,all,adjacent_samples,rgb,survival_forward,0.6428571428571429
VID43_s15_387_crop,all,consecutive_annotated,depth,class_switch_rate,0.0
VID43_s15_387_crop,all,consecutive_annotated,depth,fragmentation_ge2,0.058823529411764705
VID43_s15_387_crop,all,consecutive_annotated,depth,fragmentation_mean,1.0588235294117647
VID43_s15_387_crop,all,consecutive_annotated,depth,gt_tracks_matched,17.0
VID43_s15_387_crop,all,consecutive_annotated,depth,id_switch_rate,0.02531645569620253
VID43_s15_387_crop,all,consecutive_annotated,depth,matched_pairs,158.0
VID43_s15_387_crop,all,consecutive_annotated,depth,reappear_events_judged,4.0
VID43_s15_387_crop,all,consecutive_annotated,depth,reappear_same_class,1.0
VID43_s15_387_crop,all,consecutive_annotated,depth,reappear_same_gt,0.0
VID43_s15_387_crop,all,consecutive_annotated,depth,reappearance_rate,0.125
VID43_s15_387_crop,all,consecutive_annotated,depth,seeded_regions,8.0
VID43_s15_387_crop,all,consecutive_annotated,depth,survival_backward,0.9583333333333333
VID43_s15_387_crop,all,consecutive_annotated,depth,survival_forward,0.7053571428571428
VID43_s15_387_crop,all,consecutive_annotated,normal,class_switch_rate,0.0
VID43_s15_387_crop,all,consecutive_annotated,normal,fragmentation_ge2,0.07692307692307693
VID43_s15_387_crop,all,consecutive_annotated,normal,fragmentation_mean,1.0769230769230769
VID43_s15_387_crop,all,consecutive_annotated,normal,gt_tracks_matched,13.0
VID43_s15_387_crop,all,consecutive_annotated,normal,id_switch_rate,0.03428571428571429
VID43_s15_387_crop,all,consecutive_annotated,normal,matched_pairs,175.0
VID43_s15_387_crop,all,consecutive_annotated,normal,reappear_events_judged,0.0
VID43_s15_387_crop,all,consecutive_annotated,normal,reappear_same_class,
VID43_s15_387_crop,all,consecutive_annotated,normal,reappear_same_gt,
VID43_s15_387_crop,all,consecutive_annotated,normal,reappearance_rate,0.0
VID43_s15_387_crop,all,consecutive_annotated,normal,seeded_regions,9.0
VID43_s15_387_crop,all,consecutive_annotated,normal,survival_backward,1.0
VID43_s15_387_crop,all,consecutive_annotated,normal,survival_forward,0.6984126984126985
VID43_s15_387_crop,all,consecutive_annotated,rgb,class_switch_rate,0.0
VID43_s15_387_crop,all,consecutive_annotated,rgb,fragmentation_ge2,0.08333333333333333
VID43_s15_387_crop,all,consecutive_annotated,rgb,fragmentation_mean,1.0833333333333333
VID43_s15_387_crop,all,consecutive_annotated,rgb,gt_tracks_matched,12.0
VID43_s15_387_crop,all,consecutive_annotated,rgb,id_switch_rate,0.028089887640449437
VID43_s15_387_crop,all,consecutive_annotated,rgb,matched_pairs,178.0
VID43_s15_387_crop,all,consecutive_annotated,rgb,reappear_events_judged,0.0
VID43_s15_387_crop,all,consecutive_annotated,rgb,reappear_same_class,
VID43_s15_387_crop,all,consecutive_annotated,rgb,reappear_same_gt,
VID43_s15_387_crop,all,consecutive_annotated,rgb,reappearance_rate,0.05555555555555555
VID43_s15_387_crop,all,consecutive_annotated,rgb,seeded_regions,18.0
VID43_s15_387_crop,all,consecutive_annotated,rgb,survival_backward,0.9777777777777779
VID43_s15_387_crop,all,consecutive_annotated,rgb,survival_forward,0.6428571428571429
VID43_s15_387_crop,frames_in_order,adjacent_samples,depth,class_switch_rate,0.0
VID43_s15_387_crop,frames_in_order,adjacent_samples,depth,fragmentation_ge2,0.058823529411764705
VID43_s15_387_crop,frames_in_order,adjacent_samples,depth,fragmentation_mean,1.0588235294117647
VID43_s15_387_crop,frames_in_order,adjacent_samples,depth,gt_tracks_matched,17.0
VID43_s15_387_crop,frames_in_order,adjacent_samples,depth,id_switch_rate,0.02531645569620253
VID43_s15_387_crop,frames_in_order,adjacent_samples,depth,matched_pairs,158.0
VID43_s15_387_crop,frames_in_order,adjacent_samples,depth,reappear_events_judged,4.0
VID43_s15_387_crop,frames_in_order,adjacent_samples,depth,reappear_same_class,1.0
VID43_s15_387_crop,frames_in_order,adjacent_samples,depth,reappear_same_gt,0.0
VID43_s15_387_crop,frames_in_order,adjacent_samples,depth,reappearance_rate,0.125
VID43_s15_387_crop,frames_in_order,adjacent_samples,depth,seeded_regions,8.0
VID43_s15_387_crop,frames_in_order,adjacent_samples,depth,survival_backward,0.9583333333333333
VID43_s15_387_crop,frames_in_order,adjacent_samples,depth,survival_forward,0.7053571428571428
VID43_s15_387_crop,frames_in_order,adjacent_samples,normal,class_switch_rate,0.0
VID43_s15_387_crop,frames_in_order,adjacent_samples,normal,fragmentation_ge2,0.07692307692307693
VID43_s15_387_crop,frames_in_order,adjacent_samples,normal,fragmentation_mean,1.0769230769230769
VID43_s15_387_crop,frames_in_order,adjacent_samples,normal,gt_tracks_matched,13.0
VID43_s15_387_crop,frames_in_order,adjacent_samples,normal,id_switch_rate,0.03428571428571429
VID43_s15_387_crop,frames_in_order,adjacent_samples,normal,matched_pairs,175.0
VID43_s15_387_crop,frames_in_order,adjacent_samples,normal,reappear_events_judged,0.0
VID43_s15_387_crop,frames_in_order,adjacent_samples,normal,reappear_same_class,
VID43_s15_387_crop,frames_in_order,adjacent_samples,normal,reappear_same_gt,
VID43_s15_387_crop,frames_in_order,adjacent_samples,normal,reappearance_rate,0.0
VID43_s15_387_crop,frames_in_order,adjacent_samples,normal,seeded_regions,9.0
VID43_s15_387_crop,frames_in_order,adjacent_samples,normal,survival_backward,1.0
VID43_s15_387_crop,frames_in_order,adjacent_samples,normal,survival_forward,0.6984126984126985
VID43_s15_387_crop,frames_in_order,adjacent_samples,rgb,class_switch_rate,0.0
VID43_s15_387_crop,frames_in_order,adjacent_samples,rgb,fragmentation_ge2,0.08333333333333333
VID43_s15_387_crop,frames_in_order,adjacent_samples,rgb,fragmentation_mean,1.0833333333333333
VID43_s15_387_crop,frames_in_order,adjacent_samples,rgb,gt_tracks_matched,12.0
VID43_s15_387_crop,frames_in_order,adjacent_samples,rgb,id_switch_rate,0.028089887640449437
VID43_s15_387_crop,frames_in_order,adjacent_samples,rgb,matched_pairs,178.0
VID43_s15_387_crop,frames_in_order,adjacent_samples,rgb,reappear_events_judged,0.0
VID43_s15_387_crop,frames_in_order,adjacent_samples,rgb,reappear_same_class,
VID43_s15_387_crop,frames_in_order,adjacent_samples,rgb,reappear_same_gt,
VID43_s15_387_crop,frames_in_order,adjacent_samples,rgb,reappearance_rate,0.05555555555555555
VID43_s15_387_crop,frames_in_order,adjacent_samples,rgb,seeded_regions,18.0
VID43_s15_387_crop,frames_in_order,adjacent_samples,rgb,survival_backward,0.9777777777777779
VID43_s15_387_crop,frames_in_order,adjacent_samples,rgb,survival_forward,0.6428571428571429
VID43_s15_387_crop,frames_in_order,consecutive_annotated,depth,class_switch_rate,0.0
VID43_s15_387_crop,frames_in_order,consecutive_annotated,depth,fragmentation_ge2,0.058823529411764705
VID43_s15_387_crop,frames_in_order,consecutive_annotated,depth,fragmentation_mean,1.0588235294117647
VID43_s15_387_crop,frames_in_order,consecutive_annotated,depth,gt_tracks_matched,17.0
VID43_s15_387_crop,frames_in_order,consecutive_annotated,depth,id_switch_rate,0.02531645569620253
VID43_s15_387_crop,frames_in_order,consecutive_annotated,depth,matched_pairs,158.0
VID43_s15_387_crop,frames_in_order,consecutive_annotated,depth,reappear_events_judged,4.0
VID43_s15_387_crop,frames_in_order,consecutive_annotated,depth,reappear_same_class,1.0
VID43_s15_387_crop,frames_in_order,consecutive_annotated,depth,reappear_same_gt,0.0
VID43_s15_387_crop,frames_in_order,consecutive_annotated,depth,reappearance_rate,0.125
VID43_s15_387_crop,frames_in_order,consecutive_annotated,depth,seeded_regions,8.0
VID43_s15_387_crop,frames_in_order,consecutive_annotated,depth,survival_backward,0.9583333333333333
VID43_s15_387_crop,frames_in_order,consecutive_annotated,depth,survival_forward,0.7053571428571428
VID43_s15_387_crop,frames_in_order,consecutive_annotated,normal,class_switch_rate,0.0
VID43_s15_387_crop,frames_in_order,consecutive_annotated,normal,fragmentation_ge2,0.07692307692307693
VID43_s15_387_crop,frames_in_order,consecutive_annotated,normal,fragmentation_mean,1.0769230769230769
VID43_s15_387_crop,frames_in_order,consecutive_annotated,normal,gt_tracks_matched,13.0
VID43_s15_387_crop,frames_in_order,consecutive_annotated,normal,id_switch_rate,0.03428571428571429
VID43_s15_387_crop,frames_in_order,consecutive_annotated,normal,matched_pairs,175.0
VID43_s15_387_crop,frames_in_order,consecutive_annotated,normal,reappear_events_judged,0.0
VID43_s15_387_crop,frames_in_order,consecutive_annotated,normal,reappear_same_class,
VID43_s15_387_crop,frames_in_order,consecutive_annotated,normal,reappear_same_gt,
VID43_s15_387_crop,frames_in_order,consecutive_annotated,normal,reappearance_rate,0.0
VID43_s15_387_crop,frames_in_order,consecutive_annotated,normal,seeded_regions,9.0
VID43_s15_387_crop,frames_in_order,consecutive_annotated,normal,survival_backward,1.0
VID43_s15_387_crop,frames_in_order,consecutive_annotated,normal,survival_forward,0.6984126984126985
VID43_s15_387_crop,frames_in_order,consecutive_annotated,rgb,class_switch_rate,0.0
VID43_s15_387_crop,frames_in_order,consecutive_annotated,rgb,fragmentation_ge2,0.08333333333333333
VID43_s15_387_crop,frames_in_order,consecutive_annotated,rgb,fragmentation_mean,1.0833333333333333
VID43_s15_387_crop,frames_in_order,consecutive_annotated,rgb,gt_tracks_matched,12.0
VID43_s15_387_crop,frames_in_order,consecutive_annotated,rgb,id_switch_rate,0.028089887640449437
VID43_s15_387_crop,frames_in_order,consecutive_annotated,rgb,matched_pairs,178.0
VID43_s15_387_crop,frames_in_order,consecutive_annotated,rgb,reappear_events_judged,0.0
VID43_s15_387_crop,frames_in_order,consecutive_annotated,rgb,reappear_same_class,
VID43_s15_387_crop,frames_in_order,consecutive_annotated,rgb,reappear_same_gt,
VID43_s15_387_crop,frames_in_order,consecutive_annotated,rgb,reappearance_rate,0.05555555555555555
VID43_s15_387_crop,frames_in_order,consecutive_annotated,rgb,seeded_regions,18.0
VID43_s15_387_crop,frames_in_order,consecutive_annotated,rgb,survival_backward,0.9777777777777779
VID43_s15_387_crop,frames_in_order,consecutive_annotated,rgb,survival_forward,0.6428571428571429
VID43_s15_67_crop,all,adjacent_samples,depth,class_switch_rate,0.0
VID43_s15_67_crop,all,adjacent_samples,depth,fragmentation_ge2,0.08333333333333333
VID43_s15_67_crop,all,adjacent_samples,depth,fragmentation_mean,1.0833333333333333
VID43_s15_67_crop,all,adjacent_samples,depth,gt_tracks_matched,12.0
VID43_s15_67_crop,all,adjacent_samples,depth,id_switch_rate,0.011235955056179775
VID43_s15_67_crop,all,adjacent_samples,depth,matched_pairs,89.0
VID43_s15_67_crop,all,adjacent_samples,depth,reappear_events_judged,0.0
VID43_s15_67_crop,all,adjacent_samples,depth,reappear_same_class,
VID43_s15_67_crop,all,adjacent_samples,depth,reappear_same_gt,
VID43_s15_67_crop,all,adjacent_samples,depth,reappearance_rate,0.375
VID43_s15_67_crop,all,adjacent_samples,depth,seeded_regions,8.0
VID43_s15_67_crop,all,adjacent_samples,depth,survival_backward,0.7333333333333334
VID43_s15_67_crop,all,adjacent_samples,depth,survival_forward,0.9732142857142857
VID43_s15_67_crop,all,adjacent_samples,normal,class_switch_rate,0.010526315789473684
VID43_s15_67_crop,all,adjacent_samples,normal,fragmentation_ge2,0.06666666666666667
VID43_s15_67_crop,all,adjacent_samples,normal,fragmentation_mean,1.0666666666666667
VID43_s15_67_crop,all,adjacent_samples,normal,gt_tracks_matched,15.0
VID43_s15_67_crop,all,adjacent_samples,normal,id_switch_rate,0.031578947368421054
VID43_s15_67_crop,all,adjacent_samples,normal,matched_pairs,95.0
VID43_s15_67_crop,all,adjacent_samples,normal,reappear_events_judged,1.0
VID43_s15_67_crop,all,adjacent_samples,normal,reappear_same_class,1.0
VID43_s15_67_crop,all,adjacent_samples,normal,reappear_same_gt,0.0
VID43_s15_67_crop,all,adjacent_samples,normal,reappearance_rate,0.5
VID43_s15_67_crop,all,adjacent_samples,normal,seeded_regions,10.0
VID43_s15_67_crop,all,adjacent_samples,normal,survival_backward,0.6933333333333334
VID43_s15_67_crop,all,adjacent_samples,normal,survival_forward,0.9642857142857142
VID43_s15_67_crop,all,adjacent_samples,rgb,class_switch_rate,0.0
VID43_s15_67_crop,all,adjacent_samples,rgb,fragmentation_ge2,0.058823529411764705
VID43_s15_67_crop,all,adjacent_samples,rgb,fragmentation_mean,1.0588235294117647
VID43_s15_67_crop,all,adjacent_samples,rgb,gt_tracks_matched,17.0
VID43_s15_67_crop,all,adjacent_samples,rgb,id_switch_rate,0.02608695652173913
VID43_s15_67_crop,all,adjacent_samples,rgb,matched_pairs,115.0
VID43_s15_67_crop,all,adjacent_samples,rgb,reappear_events_judged,1.0
VID43_s15_67_crop,all,adjacent_samples,rgb,reappear_same_class,1.0
VID43_s15_67_crop,all,adjacent_samples,rgb,reappear_same_gt,0.0
VID43_s15_67_crop,all,adjacent_samples,rgb,reappearance_rate,0.4375
VID43_s15_67_crop,all,adjacent_samples,rgb,seeded_regions,16.0
VID43_s15_67_crop,all,adjacent_samples,rgb,survival_backward,0.8916666666666667
VID43_s15_67_crop,all,adjacent_samples,rgb,survival_forward,0.9241071428571428
VID43_s15_67_crop,all,consecutive_annotated,depth,class_switch_rate,0.0
VID43_s15_67_crop,all,consecutive_annotated,depth,fragmentation_ge2,0.1111111111111111
VID43_s15_67_crop,all,consecutive_annotated,depth,fragmentation_mean,1.1111111111111112
VID43_s15_67_crop,all,consecutive_annotated,depth,gt_tracks_matched,9.0
VID43_s15_67_crop,all,consecutive_annotated,depth,id_switch_rate,0.02197802197802198
VID43_s15_67_crop,all,consecutive_annotated,depth,matched_pairs,91.0
VID43_s15_67_crop,all,consecutive_annotated,depth,reappear_events_judged,0.0
VID43_s15_67_crop,all,consecutive_annotated,depth,reappear_same_class,
VID43_s15_67_crop,all,consecutive_annotated,depth,reappear_same_gt,
VID43_s15_67_crop,all,consecutive_annotated,depth,reappearance_rate,0.375
VID43_s15_67_crop,all,consecutive_annotated,depth,seeded_regions,8.0
VID43_s15_67_crop,all,consecutive_annotated,depth,survival_backward,0.7333333333333334
VID43_s15_67_crop,all,consecutive_annotated,depth,survival_forward,0.9732142857142857
VID43_s15_67_crop,all,consecutive_annotated,normal,class_switch_rate,0.020202020202020204
VID43_s15_67_crop,all,consecutive_annotated,normal,fragmentation_ge2,0.08333333333333333
VID43_s15_67_crop,all,consecutive_annotated,normal,fragmentation_mean,1.0833333333333333
VID43_s15_67_crop,all,consecutive_annotated,normal,gt_tracks_matched,12.0
VID43_s15_67_crop,all,consecutive_annotated,normal,id_switch_rate,0.050505050505050504
VID43_s15_67_crop,all,consecutive_annotated,normal,matched_pairs,99.0
VID43_s15_67_crop,all,consecutive_annotated,normal,reappear_events_judged,1.0
VID43_s15_67_crop,all,consecutive_annotated,normal,reappear_same_class,1.0
VID43_s15_67_crop,all,consecutive_annotated,normal,reappear_same_gt,0.0
VID43_s15_67_crop,all,consecutive_annotated,normal,reappearance_rate,0.5
VID43_s15_67_crop,all,consecutive_annotated,normal,seeded_regions,10.0
VID43_s15_67_crop,all,consecutive_annotated,normal,survival_backward,0.6933333333333334
VID43_s15_67_crop,all,consecutive_annotated,normal,survival_forward,0.9642857142857142
VID43_s15_67_crop,all,consecutive_annotated,rgb,class_switch_rate,0.0
VID43_s15_67_crop,all,consecutive_annotated,rgb,fragmentation_ge2,0.07142857142857142
VID43_s15_67_crop,all,consecutive_annotated,rgb,fragmentation_mean,1.0714285714285714
VID43_s15_67_crop,all,consecutive_annotated,rgb,gt_tracks_matched,14.0
VID43_s15_67_crop,all,consecutive_annotated,rgb,id_switch_rate,0.04201680672268908
VID43_s15_67_crop,all,consecutive_annotated,rgb,matched_pairs,119.0
VID43_s15_67_crop,all,consecutive_annotated,rgb,reappear_events_judged,1.0
VID43_s15_67_crop,all,consecutive_annotated,rgb,reappear_same_class,1.0
VID43_s15_67_crop,all,consecutive_annotated,rgb,reappear_same_gt,0.0
VID43_s15_67_crop,all,consecutive_annotated,rgb,reappearance_rate,0.4375
VID43_s15_67_crop,all,consecutive_annotated,rgb,seeded_regions,16.0
VID43_s15_67_crop,all,consecutive_annotated,rgb,survival_backward,0.8916666666666667
VID43_s15_67_crop,all,consecutive_annotated,rgb,survival_forward,0.9241071428571428
VID48_s15_561_crop,all,adjacent_samples,depth,class_switch_rate,0.0
VID48_s15_561_crop,all,adjacent_samples,depth,fragmentation_ge2,0.0
VID48_s15_561_crop,all,adjacent_samples,depth,fragmentation_mean,1.0
VID48_s15_561_crop,all,adjacent_samples,depth,gt_tracks_matched,7.0
VID48_s15_561_crop,all,adjacent_samples,depth,id_switch_rate,0.0
VID48_s15_561_crop,all,adjacent_samples,depth,matched_pairs,45.0
VID48_s15_561_crop,all,adjacent_samples,depth,reappear_events_judged,0.0
VID48_s15_561_crop,all,adjacent_samples,depth,reappear_same_class,
VID48_s15_561_crop,all,adjacent_samples,depth,reappear_same_gt,
VID48_s15_561_crop,all,adjacent_samples,depth,reappearance_rate,0.4
VID48_s15_561_crop,all,adjacent_samples,depth,seeded_regions,5.0
VID48_s15_561_crop,all,adjacent_samples,depth,survival_backward,0.8266666666666668
VID48_s15_561_crop,all,adjacent_samples,depth,survival_forward,0.8571428571428573
VID48_s15_561_crop,all,adjacent_samples,normal,class_switch_rate,0.0
VID48_s15_561_crop,all,adjacent_samples,normal,fragmentation_ge2,0.08333333333333333
VID48_s15_561_crop,all,adjacent_samples,normal,fragmentation_mean,1.0833333333333333
VID48_s15_561_crop,all,adjacent_samples,normal,gt_tracks_matched,12.0
VID48_s15_561_crop,all,adjacent_samples,normal,id_switch_rate,0.0
VID48_s15_561_crop,all,adjacent_samples,normal,matched_pairs,64.0
VID48_s15_561_crop,all,adjacent_samples,normal,reappear_events_judged,0.0
VID48_s15_561_crop,all,adjacent_samples,normal,reappear_same_class,
VID48_s15_561_crop,all,adjacent_samples,normal,reappear_same_gt,
VID48_s15_561_crop,all,adjacent_samples,normal,reappearance_rate,0.7272727272727273
VID48_s15_561_crop,all,adjacent_samples,normal,seeded_regions,11.0
VID48_s15_561_crop,all,adjacent_samples,normal,survival_backward,0.8363636363636363
VID48_s15_561_crop,all,adjacent_samples,normal,survival_forward,0.7727272727272727
VID48_s15_561_crop,all,adjacent_samples,rgb,class_switch_rate,0.0
VID48_s15_561_crop,all,adjacent_samples,rgb,fragmentation_ge2,0.06451612903225806
VID48_s15_561_crop,all,adjacent_samples,rgb,fragmentation_mean,1.064516129032258
VID48_s15_561_crop,all,adjacent_samples,rgb,gt_tracks_matched,31.0
VID48_s15_561_crop,all,adjacent_samples,rgb,id_switch_rate,0.08791208791208792
VID48_s15_561_crop,all,adjacent_samples,rgb,matched_pairs,91.0
VID48_s15_561_crop,all,adjacent_samples,rgb,reappear_events_judged,1.0
VID48_s15_561_crop,all,adjacent_samples,rgb,reappear_same_class,1.0
VID48_s15_561_crop,all,adjacent_samples,rgb,reappear_same_gt,0.0
VID48_s15_561_crop,all,adjacent_samples,rgb,reappearance_rate,0.7142857142857143
VID48_s15_561_crop,all,adjacent_samples,rgb,seeded_regions,21.0
VID48_s15_561_crop,all,adjacent_samples,rgb,survival_backward,0.8444444444444444
VID48_s15_561_crop,all,adjacent_samples,rgb,survival_forward,0.7857142857142857
VID48_s15_561_crop,all,consecutive_annotated,depth,class_switch_rate,0.0
VID48_s15_561_crop,all,consecutive_annotated,depth,fragmentation_ge2,0.0
VID48_s15_561_crop,all,consecutive_annotated,depth,fragmentation_mean,1.0
VID48_s15_561_crop,all,consecutive_annotated,depth,gt_tracks_matched,4.0
VID48_s15_561_crop,all,consecutive_annotated,depth,id_switch_rate,0.0
VID48_s15_561_crop,all,consecutive_annotated,depth,matched_pairs,48.0
VID48_s15_561_crop,all,consecutive_annotated,depth,reappear_events_judged,0.0
VID48_s15_561_crop,all,consecutive_annotated,depth,reappear_same_class,
VID48_s15_561_crop,all,consecutive_annotated,depth,reappear_same_gt,
VID48_s15_561_crop,all,consecutive_annotated,depth,reappearance_rate,0.4
VID48_s15_561_crop,all,consecutive_annotated,depth,seeded_regions,5.0
VID48_s15_561_crop,all,consecutive_annotated,depth,survival_backward,0.8266666666666668
VID48_s15_561_crop,all,consecutive_annotated,depth,survival_forward,0.8571428571428573
VID48_s15_561_crop,all,consecutive_annotated,normal,class_switch_rate,0.0
VID48_s15_561_crop,all,consecutive_annotated,normal,fragmentation_ge2,0.16666666666666666
VID48_s15_561_crop,all,consecutive_annotated,normal,fragmentation_mean,1.1666666666666667
VID48_s15_561_crop,all,consecutive_annotated,normal,gt_tracks_matched,6.0
VID48_s15_561_crop,all,consecutive_annotated,normal,id_switch_rate,0.0
VID48_s15_561_crop,all,consecutive_annotated,normal,matched_pairs,68.0
VID48_s15_561_crop,all,consecutive_annotated,normal,reappear_events_judged,0.0
VID48_s15_561_crop,all,consecutive_annotated,normal,reappear_same_class,
VID48_s15_561_crop,all,consecutive_annotated,normal,reappear_same_gt,
VID48_s15_561_crop,all,consecutive_annotated,normal,reappearance_rate,0.7272727272727273
VID48_s15_561_crop,all,consecutive_annotated,normal,seeded_regions,11.0
VID48_s15_561_crop,all,consecutive_annotated,normal,survival_backward,0.8363636363636363
VID48_s15_561_crop,all,consecutive_annotated,normal,survival_forward,0.7727272727272727
VID48_s15_561_crop,all,consecutive_annotated,rgb,class_switch_rate,0.0
VID48_s15_561_crop,all,consecutive_annotated,rgb,fragmentation_ge2,0.12
VID48_s15_561_crop,all,consecutive_annotated,rgb,fragmentation_mean,1.12
VID48_s15_561_crop,all,consecutive_annotated,rgb,gt_tracks_matched,25.0
VID48_s15_561_crop,all,consecutive_annotated,rgb,id_switch_rate,0.10309278350515463
VID48_s15_561_crop,all,consecutive_annotated,rgb,matched_pairs,97.0
VID48_s15_561_crop,all,consecutive_annotated,rgb,reappear_events_judged,1.0
VID48_s15_561_crop,all,consecutive_annotated,rgb,reappear_same_class,1.0
VID48_s15_561_crop,all,consecutive_annotated,rgb,reappear_same_gt,0.0
VID48_s15_561_crop,all,consecutive_annotated,rgb,reappearance_rate,0.7142857142857143
VID48_s15_561_crop,all,consecutive_annotated,rgb,seeded_regions,21.0
VID48_s15_561_crop,all,consecutive_annotated,rgb,survival_backward,0.8444444444444444
VID48_s15_561_crop,all,consecutive_annotated,rgb,survival_forward,0.7857142857142857
VID52_s15_2746_crop,all,adjacent_samples,depth,class_switch_rate,0.0
VID52_s15_2746_crop,all,adjacent_samples,depth,fragmentation_ge2,0.0
VID52_s15_2746_crop,all,adjacent_samples,depth,fragmentation_mean,1.0
VID52_s15_2746_crop,all,adjacent_samples,depth,gt_tracks_matched,18.0
VID52_s15_2746_crop,all,adjacent_samples,depth,id_switch_rate,0.19047619047619047
VID52_s15_2746_crop,all,adjacent_samples,depth,matched_pairs,63.0
VID52_s15_2746_crop,all,adjacent_samples,depth,reappear_events_judged,1.0
VID52_s15_2746_crop,all,adjacent_samples,depth,reappear_same_class,1.0
VID52_s15_2746_crop,all,adjacent_samples,depth,reappear_same_gt,0.0
VID52_s15_2746_crop,all,adjacent_samples,depth,reappearance_rate,0.25
VID52_s15_2746_crop,all,adjacent_samples,depth,seeded_regions,8.0
VID52_s15_2746_crop,all,adjacent_samples,depth,survival_backward,0.9583333333333334
VID52_s15_2746_crop,all,adjacent_samples,depth,survival_forward,0.875
VID52_s15_2746_crop,all,adjacent_samples,normal,class_switch_rate,0.0
VID52_s15_2746_crop,all,adjacent_samples,normal,fragmentation_ge2,0.1111111111111111
VID52_s15_2746_crop,all,adjacent_samples,normal,fragmentation_mean,1.1111111111111112
VID52_s15_2746_crop,all,adjacent_samples,normal,gt_tracks_matched,18.0
VID52_s15_2746_crop,all,adjacent_samples,normal,id_switch_rate,0.046296296296296294
VID52_s15_2746_crop,all,adjacent_samples,normal,matched_pairs,108.0
VID52_s15_2746_crop,all,adjacent_samples,normal,reappear_events_judged,0.0
VID52_s15_2746_crop,all,adjacent_samples,normal,reappear_same_class,
VID52_s15_2746_crop,all,adjacent_samples,normal,reappear_same_gt,
VID52_s15_2746_crop,all,adjacent_samples,normal,reappearance_rate,0.07692307692307693
VID52_s15_2746_crop,all,adjacent_samples,normal,seeded_regions,13.0
VID52_s15_2746_crop,all,adjacent_samples,normal,survival_backward,0.9743589743589745
VID52_s15_2746_crop,all,adjacent_samples,normal,survival_forward,0.9175824175824177
VID52_s15_2746_crop,all,adjacent_samples,rgb,class_switch_rate,0.0
VID52_s15_2746_crop,all,adjacent_samples,rgb,fragmentation_ge2,0.06060606060606061
VID52_s15_2746_crop,all,adjacent_samples,rgb,fragmentation_mean,1.0606060606060606
VID52_s15_2746_crop,all,adjacent_samples,rgb,gt_tracks_matched,33.0
VID52_s15_2746_crop,all,adjacent_samples,rgb,id_switch_rate,0.09696969696969697
VID52_s15_2746_crop,all,adjacent_samples,rgb,matched_pairs,165.0
VID52_s15_2746_crop,all,adjacent_samples,rgb,reappear_events_judged,1.0
VID52_s15_2746_crop,all,adjacent_samples,rgb,reappear_same_class,1.0
VID52_s15_2746_crop,all,adjacent_samples,rgb,reappear_same_gt,0.0
VID52_s15_2746_crop,all,adjacent_samples,rgb,reappearance_rate,0.23809523809523808
VID52_s15_2746_crop,all,adjacent_samples,rgb,seeded_regions,21.0
VID52_s15_2746_crop,all,adjacent_samples,rgb,survival_backward,0.9365079365079365
VID52_s15_2746_crop,all,adjacent_samples,rgb,survival_forward,0.8537414965986395
VID52_s15_2746_crop,all,consecutive_annotated,depth,class_switch_rate,0.0
VID52_s15_2746_crop,all,consecutive_annotated,depth,fragmentation_ge2,0.0
VID52_s15_2746_crop,all,consecutive_annotated,depth,fragmentation_mean,1.0
VID52_s15_2746_crop,all,consecutive_annotated,depth,gt_tracks_matched,18.0
VID52_s15_2746_crop,all,consecutive_annotated,depth,id_switch_rate,0.19047619047619047
VID52_s15_2746_crop,all,consecutive_annotated,depth,matched_pairs,63.0
VID52_s15_2746_crop,all,consecutive_annotated,depth,reappear_events_judged,1.0
VID52_s15_2746_crop,all,consecutive_annotated,depth,reappear_same_class,1.0
VID52_s15_2746_crop,all,consecutive_annotated,depth,reappear_same_gt,0.0
VID52_s15_2746_crop,all,consecutive_annotated,depth,reappearance_rate,0.25
VID52_s15_2746_crop,all,consecutive_annotated,depth,seeded_regions,8.0
VID52_s15_2746_crop,all,consecutive_annotated,depth,survival_backward,0.9583333333333334
VID52_s15_2746_crop,all,consecutive_annotated,depth,survival_forward,0.875
VID52_s15_2746_crop,all,consecutive_annotated,normal,class_switch_rate,0.0
VID52_s15_2746_crop,all,consecutive_annotated,normal,fragmentation_ge2,0.1111111111111111
VID52_s15_2746_crop,all,consecutive_annotated,normal,fragmentation_mean,1.1111111111111112
VID52_s15_2746_crop,all,consecutive_annotated,normal,gt_tracks_matched,18.0
VID52_s15_2746_crop,all,consecutive_annotated,normal,id_switch_rate,0.046296296296296294
VID52_s15_2746_crop,all,consecutive_annotated,normal,matched_pairs,108.0
VID52_s15_2746_crop,all,consecutive_annotated,normal,reappear_events_judged,0.0
VID52_s15_2746_crop,all,consecutive_annotated,normal,reappear_same_class,
VID52_s15_2746_crop,all,consecutive_annotated,normal,reappear_same_gt,
VID52_s15_2746_crop,all,consecutive_annotated,normal,reappearance_rate,0.07692307692307693
VID52_s15_2746_crop,all,consecutive_annotated,normal,seeded_regions,13.0
VID52_s15_2746_crop,all,consecutive_annotated,normal,survival_backward,0.9743589743589745
VID52_s15_2746_crop,all,consecutive_annotated,normal,survival_forward,0.9175824175824177
VID52_s15_2746_crop,all,consecutive_annotated,rgb,class_switch_rate,0.0
VID52_s15_2746_crop,all,consecutive_annotated,rgb,fragmentation_ge2,0.06060606060606061
VID52_s15_2746_crop,all,consecutive_annotated,rgb,fragmentation_mean,1.0606060606060606
VID52_s15_2746_crop,all,consecutive_annotated,rgb,gt_tracks_matched,33.0
VID52_s15_2746_crop,all,consecutive_annotated,rgb,id_switch_rate,0.09696969696969697
VID52_s15_2746_crop,all,consecutive_annotated,rgb,matched_pairs,165.0
VID52_s15_2746_crop,all,consecutive_annotated,rgb,reappear_events_judged,1.0
VID52_s15_2746_crop,all,consecutive_annotated,rgb,reappear_same_class,1.0
VID52_s15_2746_crop,all,consecutive_annotated,rgb,reappear_same_gt,0.0
VID52_s15_2746_crop,all,consecutive_annotated,rgb,reappearance_rate,0.23809523809523808
VID52_s15_2746_crop,all,consecutive_annotated,rgb,seeded_regions,21.0
VID52_s15_2746_crop,all,consecutive_annotated,rgb,survival_backward,0.9365079365079365
VID52_s15_2746_crop,all,consecutive_annotated,rgb,survival_forward,0.8537414965986395
VID52_s15_2746_crop,frames_in_order,adjacent_samples,depth,class_switch_rate,0.0
VID52_s15_2746_crop,frames_in_order,adjacent_samples,depth,fragmentation_ge2,0.0
VID52_s15_2746_crop,frames_in_order,adjacent_samples,depth,fragmentation_mean,1.0
VID52_s15_2746_crop,frames_in_order,adjacent_samples,depth,gt_tracks_matched,18.0
VID52_s15_2746_crop,frames_in_order,adjacent_samples,depth,id_switch_rate,0.19047619047619047
VID52_s15_2746_crop,frames_in_order,adjacent_samples,depth,matched_pairs,63.0
VID52_s15_2746_crop,frames_in_order,adjacent_samples,depth,reappear_events_judged,1.0
VID52_s15_2746_crop,frames_in_order,adjacent_samples,depth,reappear_same_class,1.0
VID52_s15_2746_crop,frames_in_order,adjacent_samples,depth,reappear_same_gt,0.0
VID52_s15_2746_crop,frames_in_order,adjacent_samples,depth,reappearance_rate,0.25
VID52_s15_2746_crop,frames_in_order,adjacent_samples,depth,seeded_regions,8.0
VID52_s15_2746_crop,frames_in_order,adjacent_samples,depth,survival_backward,0.9583333333333334
VID52_s15_2746_crop,frames_in_order,adjacent_samples,depth,survival_forward,0.875
VID52_s15_2746_crop,frames_in_order,adjacent_samples,normal,class_switch_rate,0.0
VID52_s15_2746_crop,frames_in_order,adjacent_samples,normal,fragmentation_ge2,0.1111111111111111
VID52_s15_2746_crop,frames_in_order,adjacent_samples,normal,fragmentation_mean,1.1111111111111112
VID52_s15_2746_crop,frames_in_order,adjacent_samples,normal,gt_tracks_matched,18.0
VID52_s15_2746_crop,frames_in_order,adjacent_samples,normal,id_switch_rate,0.046296296296296294
VID52_s15_2746_crop,frames_in_order,adjacent_samples,normal,matched_pairs,108.0
VID52_s15_2746_crop,frames_in_order,adjacent_samples,normal,reappear_events_judged,0.0
VID52_s15_2746_crop,frames_in_order,adjacent_samples,normal,reappear_same_class,
VID52_s15_2746_crop,frames_in_order,adjacent_samples,normal,reappear_same_gt,
VID52_s15_2746_crop,frames_in_order,adjacent_samples,normal,reappearance_rate,0.07692307692307693
VID52_s15_2746_crop,frames_in_order,adjacent_samples,normal,seeded_regions,13.0
VID52_s15_2746_crop,frames_in_order,adjacent_samples,normal,survival_backward,0.9743589743589745
VID52_s15_2746_crop,frames_in_order,adjacent_samples,normal,survival_forward,0.9175824175824177
VID52_s15_2746_crop,frames_in_order,adjacent_samples,rgb,class_switch_rate,0.0
VID52_s15_2746_crop,frames_in_order,adjacent_samples,rgb,fragmentation_ge2,0.06060606060606061
VID52_s15_2746_crop,frames_in_order,adjacent_samples,rgb,fragmentation_mean,1.0606060606060606
VID52_s15_2746_crop,frames_in_order,adjacent_samples,rgb,gt_tracks_matched,33.0
VID52_s15_2746_crop,frames_in_order,adjacent_samples,rgb,id_switch_rate,0.09696969696969697
VID52_s15_2746_crop,frames_in_order,adjacent_samples,rgb,matched_pairs,165.0
VID52_s15_2746_crop,frames_in_order,adjacent_samples,rgb,reappear_events_judged,1.0
VID52_s15_2746_crop,frames_in_order,adjacent_samples,rgb,reappear_same_class,1.0
VID52_s15_2746_crop,frames_in_order,adjacent_samples,rgb,reappear_same_gt,0.0
VID52_s15_2746_crop,frames_in_order,adjacent_samples,rgb,reappearance_rate,0.23809523809523808
VID52_s15_2746_crop,frames_in_order,adjacent_samples,rgb,seeded_regions,21.0
VID52_s15_2746_crop,frames_in_order,adjacent_samples,rgb,survival_backward,0.9365079365079365
VID52_s15_2746_crop,frames_in_order,adjacent_samples,rgb,survival_forward,0.8537414965986395
VID52_s15_2746_crop,frames_in_order,consecutive_annotated,depth,class_switch_rate,0.0
VID52_s15_2746_crop,frames_in_order,consecutive_annotated,depth,fragmentation_ge2,0.0
VID52_s15_2746_crop,frames_in_order,consecutive_annotated,depth,fragmentation_mean,1.0
VID52_s15_2746_crop,frames_in_order,consecutive_annotated,depth,gt_tracks_matched,18.0
VID52_s15_2746_crop,frames_in_order,consecutive_annotated,depth,id_switch_rate,0.19047619047619047
VID52_s15_2746_crop,frames_in_order,consecutive_annotated,depth,matched_pairs,63.0
VID52_s15_2746_crop,frames_in_order,consecutive_annotated,depth,reappear_events_judged,1.0
VID52_s15_2746_crop,frames_in_order,consecutive_annotated,depth,reappear_same_class,1.0
VID52_s15_2746_crop,frames_in_order,consecutive_annotated,depth,reappear_same_gt,0.0
VID52_s15_2746_crop,frames_in_order,consecutive_annotated,depth,reappearance_rate,0.25
VID52_s15_2746_crop,frames_in_order,consecutive_annotated,depth,seeded_regions,8.0
VID52_s15_2746_crop,frames_in_order,consecutive_annotated,depth,survival_backward,0.9583333333333334
VID52_s15_2746_crop,frames_in_order,consecutive_annotated,depth,survival_forward,0.875
VID52_s15_2746_crop,frames_in_order,consecutive_annotated,normal,class_switch_rate,0.0
VID52_s15_2746_crop,frames_in_order,consecutive_annotated,normal,fragmentation_ge2,0.1111111111111111
VID52_s15_2746_crop,frames_in_order,consecutive_annotated,normal,fragmentation_mean,1.1111111111111112
VID52_s15_2746_crop,frames_in_order,consecutive_annotated,normal,gt_tracks_matched,18.0
VID52_s15_2746_crop,frames_in_order,consecutive_annotated,normal,id_switch_rate,0.046296296296296294
VID52_s15_2746_crop,frames_in_order,consecutive_annotated,normal,matched_pairs,108.0
VID52_s15_2746_crop,frames_in_order,consecutive_annotated,normal,reappear_events_judged,0.0
VID52_s15_2746_crop,frames_in_order,consecutive_annotated,normal,reappear_same_class,
VID52_s15_2746_crop,frames_in_order,consecutive_annotated,normal,reappear_same_gt,
VID52_s15_2746_crop,frames_in_order,consecutive_annotated,normal,reappearance_rate,0.07692307692307693
VID52_s15_2746_crop,frames_in_order,consecutive_annotated,normal,seeded_regions,13.0
VID52_s15_2746_crop,frames_in_order,consecutive_annotated,normal,survival_backward,0.9743589743589745
VID52_s15_2746_crop,frames_in_order,consecutive_annotated,normal,survival_forward,0.9175824175824177
VID52_s15_2746_crop,frames_in_order,consecutive_annotated,rgb,class_switch_rate,0.0
VID52_s15_2746_crop,frames_in_order,consecutive_annotated,rgb,fragmentation_ge2,0.06060606060606061
VID52_s15_2746_crop,frames_in_order,consecutive_annotated,rgb,fragmentation_mean,1.0606060606060606
VID52_s15_2746_crop,frames_in_order,consecutive_annotated,rgb,gt_tracks_matched,33.0
VID52_s15_2746_crop,frames_in_order,consecutive_annotated,rgb,id_switch_rate,0.09696969696969697
VID52_s15_2746_crop,frames_in_order,consecutive_annotated,rgb,matched_pairs,165.0
VID52_s15_2746_crop,frames_in_order,consecutive_annotated,rgb,reappear_events_judged,1.0
VID52_s15_2746_crop,frames_in_order,consecutive_annotated,rgb,reappear_same_class,1.0
VID52_s15_2746_crop,frames_in_order,consecutive_annotated,rgb,reappear_same_gt,0.0
VID52_s15_2746_crop,frames_in_order,consecutive_annotated,rgb,reappearance_rate,0.23809523809523808
VID52_s15_2746_crop,frames_in_order,consecutive_annotated,rgb,seeded_regions,21.0
VID52_s15_2746_crop,frames_in_order,consecutive_annotated,rgb,survival_backward,0.9365079365079365
VID52_s15_2746_crop,frames_in_order,consecutive_annotated,rgb,survival_forward,0.8537414965986395
VID52_s15_80_crop,all,adjacent_samples,depth,class_switch_rate,0.0
VID52_s15_80_crop,all,adjacent_samples,depth,fragmentation_ge2,0.043478260869565216
VID52_s15_80_crop,all,adjacent_samples,depth,fragmentation_mean,1.0434782608695652
VID52_s15_80_crop,all,adjacent_samples,depth,gt_tracks_matched,23.0
VID52_s15_80_crop,all,adjacent_samples,depth,id_switch_rate,0.08917197452229299
VID52_s15_80_crop,all,adjacent_samples,depth,matched_pairs,157.0
VID52_s15_80_crop,all,adjacent_samples,depth,reappear_events_judged,0.0
VID52_s15_80_crop,all,adjacent_samples,depth,reappear_same_class,
VID52_s15_80_crop,all,adjacent_samples,depth,reappear_same_gt,
VID52_s15_80_crop,all,adjacent_samples,depth,reappearance_rate,0.2
VID52_s15_80_crop,all,adjacent_samples,depth,seeded_regions,10.0
VID52_s15_80_crop,all,adjacent_samples,depth,survival_backward,0.9800000000000001
VID52_s15_80_crop,all,adjacent_samples,depth,survival_forward,0.8857142857142858
VID52_s15_80_crop,all,adjacent_samples,normal,class_switch_rate,0.0
VID52_s15_80_crop,all,adjacent_samples,normal,fragmentation_ge2,0.08333333333333333
VID52_s15_80_crop,all,adjacent_samples,normal,fragmentation_mean,1.0833333333333333
VID52_s15_80_crop,all,adjacent_samples,normal,gt_tracks_matched,24.0
VID52_s15_80_crop,all,adjacent_samples,normal,id_switch_rate,0.07741935483870968
VID52_s15_80_crop,all,adjacent_samples,normal,matched_pairs,155.0
VID52_s15_80_crop,all,adjacent_samples,normal,reappear_events_judged,0.0
VID52_s15_80_crop,all,adjacent_samples,normal,reappear_same_class,
VID52_s15_80_crop,all,adjacent_samples,normal,reappear_same_gt,
VID52_s15_80_crop,all,adjacent_samples,normal,reappearance_rate,0.1
VID52_s15_80_crop,all,adjacent_samples,normal,seeded_regions,10.0
VID52_s15_80_crop,all,adjacent_samples,normal,survival_backward,0.9
VID52_s15_80_crop,all,adjacent_samples,normal,survival_forward,0.9285714285714285
VID52_s15_80_crop,all,adjacent_samples,rgb,class_switch_rate,0.0
VID52_s15_80_crop,all,adjacent_samples,rgb,fragmentation_ge2,0.08333333333333333
VID52_s15_80_crop,all,adjacent_samples,rgb,fragmentation_mean,1.0833333333333333
VID52_s15_80_crop,all,adjacent_samples,rgb,gt_tracks_matched,24.0
VID52_s15_80_crop,all,adjacent_samples,rgb,id_switch_rate,0.08433734939759036
VID52_s15_80_crop,all,adjacent_samples,rgb,matched_pairs,166.0
VID52_s15_80_crop,all,adjacent_samples,rgb,reappear_events_judged,0.0
VID52_s15_80_crop,all,adjacent_samples,rgb,reappear_same_class,
VID52_s15_80_crop,all,adjacent_samples,rgb,reappear_same_gt,
VID52_s15_80_crop,all,adjacent_samples,rgb,reappearance_rate,0.18181818181818182
VID52_s15_80_crop,all,adjacent_samples,rgb,seeded_regions,11.0
VID52_s15_80_crop,all,adjacent_samples,rgb,survival_backward,0.9272727272727272
VID52_s15_80_crop,all,adjacent_samples,rgb,survival_forward,0.9415584415584416
VID52_s15_80_crop,all,consecutive_annotated,depth,class_switch_rate,0.0
VID52_s15_80_crop,all,consecutive_annotated,depth,fragmentation_ge2,0.043478260869565216
VID52_s15_80_crop,all,consecutive_annotated,depth,fragmentation_mean,1.0434782608695652
VID52_s15_80_crop,all,consecutive_annotated,depth,gt_tracks_matched,23.0
VID52_s15_80_crop,all,consecutive_annotated,depth,id_switch_rate,0.08917197452229299
VID52_s15_80_crop,all,consecutive_annotated,depth,matched_pairs,157.0
VID52_s15_80_crop,all,consecutive_annotated,depth,reappear_events_judged,0.0
VID52_s15_80_crop,all,consecutive_annotated,depth,reappear_same_class,
VID52_s15_80_crop,all,consecutive_annotated,depth,reappear_same_gt,
VID52_s15_80_crop,all,consecutive_annotated,depth,reappearance_rate,0.2
VID52_s15_80_crop,all,consecutive_annotated,depth,seeded_regions,10.0
VID52_s15_80_crop,all,consecutive_annotated,depth,survival_backward,0.9800000000000001
VID52_s15_80_crop,all,consecutive_annotated,depth,survival_forward,0.8857142857142858
VID52_s15_80_crop,all,consecutive_annotated,normal,class_switch_rate,0.0
VID52_s15_80_crop,all,consecutive_annotated,normal,fragmentation_ge2,0.08333333333333333
VID52_s15_80_crop,all,consecutive_annotated,normal,fragmentation_mean,1.0833333333333333
VID52_s15_80_crop,all,consecutive_annotated,normal,gt_tracks_matched,24.0
VID52_s15_80_crop,all,consecutive_annotated,normal,id_switch_rate,0.07741935483870968
VID52_s15_80_crop,all,consecutive_annotated,normal,matched_pairs,155.0
VID52_s15_80_crop,all,consecutive_annotated,normal,reappear_events_judged,0.0
VID52_s15_80_crop,all,consecutive_annotated,normal,reappear_same_class,
VID52_s15_80_crop,all,consecutive_annotated,normal,reappear_same_gt,
VID52_s15_80_crop,all,consecutive_annotated,normal,reappearance_rate,0.1
VID52_s15_80_crop,all,consecutive_annotated,normal,seeded_regions,10.0
VID52_s15_80_crop,all,consecutive_annotated,normal,survival_backward,0.9
VID52_s15_80_crop,all,consecutive_annotated,normal,survival_forward,0.9285714285714285
VID52_s15_80_crop,all,consecutive_annotated,rgb,class_switch_rate,0.0
VID52_s15_80_crop,all,consecutive_annotated,rgb,fragmentation_ge2,0.08333333333333333
VID52_s15_80_crop,all,consecutive_annotated,rgb,fragmentation_mean,1.0833333333333333
VID52_s15_80_crop,all,consecutive_annotated,rgb,gt_tracks_matched,24.0
VID52_s15_80_crop,all,consecutive_annotated,rgb,id_switch_rate,0.08433734939759036
VID52_s15_80_crop,all,consecutive_annotated,rgb,matched_pairs,166.0
VID52_s15_80_crop,all,consecutive_annotated,rgb,reappear_events_judged,0.0
VID52_s15_80_crop,all,consecutive_annotated,rgb,reappear_same_class,
VID52_s15_80_crop,all,consecutive_annotated,rgb,reappear_same_gt,
VID52_s15_80_crop,all,consecutive_annotated,rgb,reappearance_rate,0.18181818181818182
VID52_s15_80_crop,all,consecutive_annotated,rgb,seeded_regions,11.0
VID52_s15_80_crop,all,consecutive_annotated,rgb,survival_backward,0.9272727272727272
VID52_s15_80_crop,all,consecutive_annotated,rgb,survival_forward,0.9415584415584416
VID52_s15_80_crop,frames_in_order,adjacent_samples,depth,class_switch_rate,0.0
VID52_s15_80_crop,frames_in_order,adjacent_samples,depth,fragmentation_ge2,0.043478260869565216
VID52_s15_80_crop,frames_in_order,adjacent_samples,depth,fragmentation_mean,1.0434782608695652
VID52_s15_80_crop,frames_in_order,adjacent_samples,depth,gt_tracks_matched,23.0
VID52_s15_80_crop,frames_in_order,adjacent_samples,depth,id_switch_rate,0.08917197452229299
VID52_s15_80_crop,frames_in_order,adjacent_samples,depth,matched_pairs,157.0
VID52_s15_80_crop,frames_in_order,adjacent_samples,depth,reappear_events_judged,0.0
VID52_s15_80_crop,frames_in_order,adjacent_samples,depth,reappear_same_class,
VID52_s15_80_crop,frames_in_order,adjacent_samples,depth,reappear_same_gt,
VID52_s15_80_crop,frames_in_order,adjacent_samples,depth,reappearance_rate,0.2
VID52_s15_80_crop,frames_in_order,adjacent_samples,depth,seeded_regions,10.0
VID52_s15_80_crop,frames_in_order,adjacent_samples,depth,survival_backward,0.9800000000000001
VID52_s15_80_crop,frames_in_order,adjacent_samples,depth,survival_forward,0.8857142857142858
VID52_s15_80_crop,frames_in_order,adjacent_samples,normal,class_switch_rate,0.0
VID52_s15_80_crop,frames_in_order,adjacent_samples,normal,fragmentation_ge2,0.08333333333333333
VID52_s15_80_crop,frames_in_order,adjacent_samples,normal,fragmentation_mean,1.0833333333333333
VID52_s15_80_crop,frames_in_order,adjacent_samples,normal,gt_tracks_matched,24.0
VID52_s15_80_crop,frames_in_order,adjacent_samples,normal,id_switch_rate,0.07741935483870968
VID52_s15_80_crop,frames_in_order,adjacent_samples,normal,matched_pairs,155.0
VID52_s15_80_crop,frames_in_order,adjacent_samples,normal,reappear_events_judged,0.0
VID52_s15_80_crop,frames_in_order,adjacent_samples,normal,reappear_same_class,
VID52_s15_80_crop,frames_in_order,adjacent_samples,normal,reappear_same_gt,
VID52_s15_80_crop,frames_in_order,adjacent_samples,normal,reappearance_rate,0.1
VID52_s15_80_crop,frames_in_order,adjacent_samples,normal,seeded_regions,10.0
VID52_s15_80_crop,frames_in_order,adjacent_samples,normal,survival_backward,0.9
VID52_s15_80_crop,frames_in_order,adjacent_samples,normal,survival_forward,0.9285714285714285
VID52_s15_80_crop,frames_in_order,adjacent_samples,rgb,class_switch_rate,0.0
VID52_s15_80_crop,frames_in_order,adjacent_samples,rgb,fragmentation_ge2,0.08333333333333333
VID52_s15_80_crop,frames_in_order,adjacent_samples,rgb,fragmentation_mean,1.0833333333333333
VID52_s15_80_crop,frames_in_order,adjacent_samples,rgb,gt_tracks_matched,24.0
VID52_s15_80_crop,frames_in_order,adjacent_samples,rgb,id_switch_rate,0.08433734939759036
VID52_s15_80_crop,frames_in_order,adjacent_samples,rgb,matched_pairs,166.0
VID52_s15_80_crop,frames_in_order,adjacent_samples,rgb,reappear_events_judged,0.0
VID52_s15_80_crop,frames_in_order,adjacent_samples,rgb,reappear_same_class,
VID52_s15_80_crop,frames_in_order,adjacent_samples,rgb,reappear_same_gt,
VID52_s15_80_crop,frames_in_order,adjacent_samples,rgb,reappearance_rate,0.18181818181818182
VID52_s15_80_crop,frames_in_order,adjacent_samples,rgb,seeded_regions,11.0
VID52_s15_80_crop,frames_in_order,adjacent_samples,rgb,survival_backward,0.9272727272727272
VID52_s15_80_crop,frames_in_order,adjacent_samples,rgb,survival_forward,0.9415584415584416
VID52_s15_80_crop,frames_in_order,consecutive_annotated,depth,class_switch_rate,0.0
VID52_s15_80_crop,frames_in_order,consecutive_annotated,depth,fragmentation_ge2,0.043478260869565216
VID52_s15_80_crop,frames_in_order,consecutive_annotated,depth,fragmentation_mean,1.0434782608695652
VID52_s15_80_crop,frames_in_order,consecutive_annotated,depth,gt_tracks_matched,23.0
VID52_s15_80_crop,frames_in_order,consecutive_annotated,depth,id_switch_rate,0.08917197452229299
VID52_s15_80_crop,frames_in_order,consecutive_annotated,depth,matched_pairs,157.0
VID52_s15_80_crop,frames_in_order,consecutive_annotated,depth,reappear_events_judged,0.0
VID52_s15_80_crop,frames_in_order,consecutive_annotated,depth,reappear_same_class,
VID52_s15_80_crop,frames_in_order,consecutive_annotated,depth,reappear_same_gt,
VID52_s15_80_crop,frames_in_order,consecutive_annotated,depth,reappearance_rate,0.2
VID52_s15_80_crop,frames_in_order,consecutive_annotated,depth,seeded_regions,10.0
VID52_s15_80_crop,frames_in_order,consecutive_annotated,depth,survival_backward,0.9800000000000001
VID52_s15_80_crop,frames_in_order,consecutive_annotated,depth,survival_forward,0.8857142857142858
VID52_s15_80_crop,frames_in_order,consecutive_annotated,normal,class_switch_rate,0.0
VID52_s15_80_crop,frames_in_order,consecutive_annotated,normal,fragmentation_ge2,0.08333333333333333
VID52_s15_80_crop,frames_in_order,consecutive_annotated,normal,fragmentation_mean,1.0833333333333333
VID52_s15_80_crop,frames_in_order,consecutive_annotated,normal,gt_tracks_matched,24.0
VID52_s15_80_crop,frames_in_order,consecutive_annotated,normal,id_switch_rate,0.07741935483870968
VID52_s15_80_crop,frames_in_order,consecutive_annotated,normal,matched_pairs,155.0
VID52_s15_80_crop,frames_in_order,consecutive_annotated,normal,reappear_events_judged,0.0
VID52_s15_80_crop,frames_in_order,consecutive_annotated,normal,reappear_same_class,
VID52_s15_80_crop,frames_in_order,consecutive_annotated,normal,reappear_same_gt,
VID52_s15_80_crop,frames_in_order,consecutive_annotated,normal,reappearance_rate,0.1
VID52_s15_80_crop,frames_in_order,consecutive_annotated,normal,seeded_regions,10.0
VID52_s15_80_crop,frames_in_order,consecutive_annotated,normal,survival_backward,0.9
VID52_s15_80_crop,frames_in_order,consecutive_annotated,normal,survival_forward,0.9285714285714285
VID52_s15_80_crop,frames_in_order,consecutive_annotated,rgb,class_switch_rate,0.0
VID52_s15_80_crop,frames_in_order,consecutive_annotated,rgb,fragmentation_ge2,0.08333333333333333
VID52_s15_80_crop,frames_in_order,consecutive_annotated,rgb,fragmentation_mean,1.0833333333333333
VID52_s15_80_crop,frames_in_order,consecutive_annotated,rgb,gt_tracks_matched,24.0
VID52_s15_80_crop,frames_in_order,consecutive_annotated,rgb,id_switch_rate,0.08433734939759036
VID52_s15_80_crop,frames_in_order,consecutive_annotated,rgb,matched_pairs,166.0
VID52_s15_80_crop,frames_in_order,consecutive_annotated,rgb,reappear_events_judged,0.0
VID52_s15_80_crop,frames_in_order,consecutive_annotated,rgb,reappear_same_class,
VID52_s15_80_crop,frames_in_order,consecutive_annotated,rgb,reappear_same_gt,
VID52_s15_80_crop,frames_in_order,consecutive_annotated,rgb,reappearance_rate,0.18181818181818182
VID52_s15_80_crop,frames_in_order,consecutive_annotated,rgb,seeded_regions,11.0
VID52_s15_80_crop,frames_in_order,consecutive_annotated,rgb,survival_backward,0.9272727272727272
VID52_s15_80_crop,frames_in_order,consecutive_annotated,rgb,survival_forward,0.9415584415584416
VID55_s15_508_crop,all,adjacent_samples,depth,class_switch_rate,0.034482758620689655
VID55_s15_508_crop,all,adjacent_samples,depth,fragmentation_ge2,0.0
VID55_s15_508_crop,all,adjacent_samples,depth,fragmentation_mean,1.0
VID55_s15_508_crop,all,adjacent_samples,depth,gt_tracks_matched,14.0
VID55_s15_508_crop,all,adjacent_samples,depth,id_switch_rate,0.05172413793103448
VID55_s15_508_crop,all,adjacent_samples,depth,matched_pairs,58.0
VID55_s15_508_crop,all,adjacent_samples,depth,reappear_events_judged,1.0
VID55_s15_508_crop,all,adjacent_samples,depth,reappear_same_class,1.0
VID55_s15_508_crop,all,adjacent_samples,depth,reappear_same_gt,0.0
VID55_s15_508_crop,all,adjacent_samples,depth,reappearance_rate,0.375
VID55_s15_508_crop,all,adjacent_samples,depth,seeded_regions,8.0
VID55_s15_508_crop,all,adjacent_samples,depth,survival_backward,0.9
VID55_s15_508_crop,all,adjacent_samples,depth,survival_forward,1.0
VID55_s15_508_crop,all,adjacent_samples,normal,class_switch_rate,0.010526315789473684
VID55_s15_508_crop,all,adjacent_samples,normal,fragmentation_ge2,0.0625
VID55_s15_508_crop,all,adjacent_samples,normal,fragmentation_mean,1.0625
VID55_s15_508_crop,all,adjacent_samples,normal,gt_tracks_matched,16.0
VID55_s15_508_crop,all,adjacent_samples,normal,id_switch_rate,0.010526315789473684
VID55_s15_508_crop,all,adjacent_samples,normal,matched_pairs,95.0
VID55_s15_508_crop,all,adjacent_samples,normal,reappear_events_judged,2.0
VID55_s15_508_crop,all,adjacent_samples,normal,reappear_same_class,1.0
VID55_s15_508_crop,all,adjacent_samples,normal,reappear_same_gt,0.0
VID55_s15_508_crop,all,adjacent_samples,normal,reappearance_rate,0.3888888888888889
VID55_s15_508_crop,all,adjacent_samples,normal,seeded_regions,18.0
VID55_s15_508_crop,all,adjacent_samples,normal,survival_backward,0.8592592592592593
VID55_s15_508_crop,all,adjacent_samples,normal,survival_forward,0.9642857142857143
VID55_s15_508_crop,all,adjacent_samples,rgb,class_switch_rate,0.009433962264150943
VID55_s15_508_crop,all,adjacent_samples,rgb,fragmentation_ge2,0.09523809523809523
VID55_s15_508_crop,all,adjacent_samples,rgb,fragmentation_mean,1.0952380952380953
VID55_s15_508_crop,all,adjacent_samples,rgb,gt_tracks_matched,21.0
VID55_s15_508_crop,all,adjacent_samples,rgb,id_switch_rate,0.018867924528301886
VID55_s15_508_crop,all,adjacent_samples,rgb,matched_pairs,106.0
VID55_s15_508_crop,all,adjacent_samples,rgb,reappear_events_judged,4.0
VID55_s15_508_crop,all,adjacent_samples,rgb,reappear_same_class,1.0
VID55_s15_508_crop,all,adjacent_samples,rgb,reappear_same_gt,0.0
VID55_s15_508_crop,all,adjacent_samples,rgb,reappearance_rate,0.5652173913043478
VID55_s15_508_crop,all,adjacent_samples,rgb,seeded_regions,23.0
VID55_s15_508_crop,all,adjacent_samples,rgb,survival_backward,0.8318840579710145
VID55_s15_508_crop,all,adjacent_samples,rgb,survival_forward,0.9937888198757764
VID55_s15_508_crop,all,consecutive_annotated,depth,class_switch_rate,0.034482758620689655
VID55_s15_508_crop,all,consecutive_annotated,depth,fragmentation_ge2,0.0
VID55_s15_508_crop,all,consecutive_annotated,depth,fragmentation_mean,1.0
VID55_s15_508_crop,all,consecutive_annotated,depth,gt_tracks_matched,14.0
VID55_s15_508_crop,all,consecutive_annotated,depth,id_switch_rate,0.05172413793103448
VID55_s15_508_crop,all,consecutive_annotated,depth,matched_pairs,58.0
VID55_s15_508_crop,all,consecutive_annotated,depth,reappear_events_judged,1.0
VID55_s15_508_crop,all,consecutive_annotated,depth,reappear_same_class,1.0
VID55_s15_508_crop,all,consecutive_annotated,depth,reappear_same_gt,0.0
VID55_s15_508_crop,all,consecutive_annotated,depth,reappearance_rate,0.375
VID55_s15_508_crop,all,consecutive_annotated,depth,seeded_regions,8.0
VID55_s15_508_crop,all,consecutive_annotated,depth,survival_backward,0.9
VID55_s15_508_crop,all,consecutive_annotated,depth,survival_forward,1.0
VID55_s15_508_crop,all,consecutive_annotated,normal,class_switch_rate,0.010526315789473684
VID55_s15_508_crop,all,consecutive_annotated,normal,fragmentation_ge2,0.0625
VID55_s15_508_crop,all,consecutive_annotated,normal,fragmentation_mean,1.0625
VID55_s15_508_crop,all,consecutive_annotated,normal,gt_tracks_matched,16.0
VID55_s15_508_crop,all,consecutive_annotated,normal,id_switch_rate,0.010526315789473684
VID55_s15_508_crop,all,consecutive_annotated,normal,matched_pairs,95.0
VID55_s15_508_crop,all,consecutive_annotated,normal,reappear_events_judged,2.0
VID55_s15_508_crop,all,consecutive_annotated,normal,reappear_same_class,1.0
VID55_s15_508_crop,all,consecutive_annotated,normal,reappear_same_gt,0.0
VID55_s15_508_crop,all,consecutive_annotated,normal,reappearance_rate,0.3888888888888889
VID55_s15_508_crop,all,consecutive_annotated,normal,seeded_regions,18.0
VID55_s15_508_crop,all,consecutive_annotated,normal,survival_backward,0.8592592592592593
VID55_s15_508_crop,all,consecutive_annotated,normal,survival_forward,0.9642857142857143
VID55_s15_508_crop,all,consecutive_annotated,rgb,class_switch_rate,0.009433962264150943
VID55_s15_508_crop,all,consecutive_annotated,rgb,fragmentation_ge2,0.09523809523809523
VID55_s15_508_crop,all,consecutive_annotated,rgb,fragmentation_mean,1.0952380952380953
VID55_s15_508_crop,all,consecutive_annotated,rgb,gt_tracks_matched,21.0
VID55_s15_508_crop,all,consecutive_annotated,rgb,id_switch_rate,0.018867924528301886
VID55_s15_508_crop,all,consecutive_annotated,rgb,matched_pairs,106.0
VID55_s15_508_crop,all,consecutive_annotated,rgb,reappear_events_judged,4.0
VID55_s15_508_crop,all,consecutive_annotated,rgb,reappear_same_class,1.0
VID55_s15_508_crop,all,consecutive_annotated,rgb,reappear_same_gt,0.0
VID55_s15_508_crop,all,consecutive_annotated,rgb,reappearance_rate,0.5652173913043478
VID55_s15_508_crop,all,consecutive_annotated,rgb,seeded_regions,23.0
VID55_s15_508_crop,all,consecutive_annotated,rgb,survival_backward,0.8318840579710145
VID55_s15_508_crop,all,consecutive_annotated,rgb,survival_forward,0.9937888198757764
VID55_s15_508_crop,frames_in_order,adjacent_samples,depth,class_switch_rate,0.034482758620689655
VID55_s15_508_crop,frames_in_order,adjacent_samples,depth,fragmentation_ge2,0.0
VID55_s15_508_crop,frames_in_order,adjacent_samples,depth,fragmentation_mean,1.0
VID55_s15_508_crop,frames_in_order,adjacent_samples,depth,gt_tracks_matched,14.0
VID55_s15_508_crop,frames_in_order,adjacent_samples,depth,id_switch_rate,0.05172413793103448
VID55_s15_508_crop,frames_in_order,adjacent_samples,depth,matched_pairs,58.0
VID55_s15_508_crop,frames_in_order,adjacent_samples,depth,reappear_events_judged,1.0
VID55_s15_508_crop,frames_in_order,adjacent_samples,depth,reappear_same_class,1.0
VID55_s15_508_crop,frames_in_order,adjacent_samples,depth,reappear_same_gt,0.0
VID55_s15_508_crop,frames_in_order,adjacent_samples,depth,reappearance_rate,0.375
VID55_s15_508_crop,frames_in_order,adjacent_samples,depth,seeded_regions,8.0
VID55_s15_508_crop,frames_in_order,adjacent_samples,depth,survival_backward,0.9
VID55_s15_508_crop,frames_in_order,adjacent_samples,depth,survival_forward,1.0
VID55_s15_508_crop,frames_in_order,adjacent_samples,normal,class_switch_rate,0.010526315789473684
VID55_s15_508_crop,frames_in_order,adjacent_samples,normal,fragmentation_ge2,0.0625
VID55_s15_508_crop,frames_in_order,adjacent_samples,normal,fragmentation_mean,1.0625
VID55_s15_508_crop,frames_in_order,adjacent_samples,normal,gt_tracks_matched,16.0
VID55_s15_508_crop,frames_in_order,adjacent_samples,normal,id_switch_rate,0.010526315789473684
VID55_s15_508_crop,frames_in_order,adjacent_samples,normal,matched_pairs,95.0
VID55_s15_508_crop,frames_in_order,adjacent_samples,normal,reappear_events_judged,2.0
VID55_s15_508_crop,frames_in_order,adjacent_samples,normal,reappear_same_class,1.0
VID55_s15_508_crop,frames_in_order,adjacent_samples,normal,reappear_same_gt,0.0
VID55_s15_508_crop,frames_in_order,adjacent_samples,normal,reappearance_rate,0.3888888888888889
VID55_s15_508_crop,frames_in_order,adjacent_samples,normal,seeded_regions,18.0
VID55_s15_508_crop,frames_in_order,adjacent_samples,normal,survival_backward,0.8592592592592593
VID55_s15_508_crop,frames_in_order,adjacent_samples,normal,survival_forward,0.9642857142857143
VID55_s15_508_crop,frames_in_order,adjacent_samples,rgb,class_switch_rate,0.009433962264150943
VID55_s15_508_crop,frames_in_order,adjacent_samples,rgb,fragmentation_ge2,0.09523809523809523
VID55_s15_508_crop,frames_in_order,adjacent_samples,rgb,fragmentation_mean,1.0952380952380953
VID55_s15_508_crop,frames_in_order,adjacent_samples,rgb,gt_tracks_matched,21.0
VID55_s15_508_crop,frames_in_order,adjacent_samples,rgb,id_switch_rate,0.018867924528301886
VID55_s15_508_crop,frames_in_order,adjacent_samples,rgb,matched_pairs,106.0
VID55_s15_508_crop,frames_in_order,adjacent_samples,rgb,reappear_events_judged,4.0
VID55_s15_508_crop,frames_in_order,adjacent_samples,rgb,reappear_same_class,1.0
VID55_s15_508_crop,frames_in_order,adjacent_samples,rgb,reappear_same_gt,0.0
VID55_s15_508_crop,frames_in_order,adjacent_samples,rgb,reappearance_rate,0.5652173913043478
VID55_s15_508_crop,frames_in_order,adjacent_samples,rgb,seeded_regions,23.0
VID55_s15_508_crop,frames_in_order,adjacent_samples,rgb,survival_backward,0.8318840579710145
VID55_s15_508_crop,frames_in_order,adjacent_samples,rgb,survival_forward,0.9937888198757764
VID55_s15_508_crop,frames_in_order,consecutive_annotated,depth,class_switch_rate,0.034482758620689655
VID55_s15_508_crop,frames_in_order,consecutive_annotated,depth,fragmentation_ge2,0.0
VID55_s15_508_crop,frames_in_order,consecutive_annotated,depth,fragmentation_mean,1.0
VID55_s15_508_crop,frames_in_order,consecutive_annotated,depth,gt_tracks_matched,14.0
VID55_s15_508_crop,frames_in_order,consecutive_annotated,depth,id_switch_rate,0.05172413793103448
VID55_s15_508_crop,frames_in_order,consecutive_annotated,depth,matched_pairs,58.0
VID55_s15_508_crop,frames_in_order,consecutive_annotated,depth,reappear_events_judged,1.0
VID55_s15_508_crop,frames_in_order,consecutive_annotated,depth,reappear_same_class,1.0
VID55_s15_508_crop,frames_in_order,consecutive_annotated,depth,reappear_same_gt,0.0
VID55_s15_508_crop,frames_in_order,consecutive_annotated,depth,reappearance_rate,0.375
VID55_s15_508_crop,frames_in_order,consecutive_annotated,depth,seeded_regions,8.0
VID55_s15_508_crop,frames_in_order,consecutive_annotated,depth,survival_backward,0.9
VID55_s15_508_crop,frames_in_order,consecutive_annotated,depth,survival_forward,1.0
VID55_s15_508_crop,frames_in_order,consecutive_annotated,normal,class_switch_rate,0.010526315789473684
VID55_s15_508_crop,frames_in_order,consecutive_annotated,normal,fragmentation_ge2,0.0625
VID55_s15_508_crop,frames_in_order,consecutive_annotated,normal,fragmentation_mean,1.0625
VID55_s15_508_crop,frames_in_order,consecutive_annotated,normal,gt_tracks_matched,16.0
VID55_s15_508_crop,frames_in_order,consecutive_annotated,normal,id_switch_rate,0.010526315789473684
VID55_s15_508_crop,frames_in_order,consecutive_annotated,normal,matched_pairs,95.0
VID55_s15_508_crop,frames_in_order,consecutive_annotated,normal,reappear_events_judged,2.0
VID55_s15_508_crop,frames_in_order,consecutive_annotated,normal,reappear_same_class,1.0
VID55_s15_508_crop,frames_in_order,consecutive_annotated,normal,reappear_same_gt,0.0
VID55_s15_508_crop,frames_in_order,consecutive_annotated,normal,reappearance_rate,0.3888888888888889
VID55_s15_508_crop,frames_in_order,consecutive_annotated,normal,seeded_regions,18.0
VID55_s15_508_crop,frames_in_order,consecutive_annotated,normal,survival_backward,0.8592592592592593
VID55_s15_508_crop,frames_in_order,consecutive_annotated,normal,survival_forward,0.9642857142857143
VID55_s15_508_crop,frames_in_order,consecutive_annotated,rgb,class_switch_rate,0.009433962264150943
VID55_s15_508_crop,frames_in_order,consecutive_annotated,rgb,fragmentation_ge2,0.09523809523809523
VID55_s15_508_crop,frames_in_order,consecutive_annotated,rgb,fragmentation_mean,1.0952380952380953
VID55_s15_508_crop,frames_in_order,consecutive_annotated,rgb,gt_tracks_matched,21.0
VID55_s15_508_crop,frames_in_order,consecutive_annotated,rgb,id_switch_rate,0.018867924528301886
VID55_s15_508_crop,frames_in_order,consecutive_annotated,rgb,matched_pairs,106.0
VID55_s15_508_crop,frames_in_order,consecutive_annotated,rgb,reappear_events_judged,4.0
VID55_s15_508_crop,frames_in_order,consecutive_annotated,rgb,reappear_same_class,1.0
VID55_s15_508_crop,frames_in_order,consecutive_annotated,rgb,reappear_same_gt,0.0
VID55_s15_508_crop,frames_in_order,consecutive_annotated,rgb,reappearance_rate,0.5652173913043478
VID55_s15_508_crop,frames_in_order,consecutive_annotated,rgb,seeded_regions,23.0
VID55_s15_508_crop,frames_in_order,consecutive_annotated,rgb,survival_backward,0.8318840579710145
VID55_s15_508_crop,frames_in_order,consecutive_annotated,rgb,survival_forward,0.9937888198757764
